time_s,amplitude_FS
0,0.20001220703125
0.000124750499001996,0.18475341796875
0.00024950099800399199,0.141510009765625
0.00037425149700598805,0.07684326171875
0.00049900199600798399,0.000640869140625
0.00062375249500998004,-0.07562255859375
0.00074850299401197609,-0.14031982421875
0.00087325349301397204,-0.1837158203125
0.00099800399201596798,-0.199188232421875
0.001122754491017964,-0.184478759765625
0.0012475049900199601,-0.141815185546875
0.0013722554890219561,-0.07769775390625
0.0014970059880239522,-0.001861572265625
0.001621756487025948,0.07415771484375
0.0017465069860279441,0.138885498046875
0.0018712574850299401,0.1824951171875
0.001996007984031936,0.198394775390625
0.0021207584830339322,0.1842041015625
0.0022455089820359281,0.142120361328125
0.0023702594810379243,0.078521728515625
0.0024950099800399202,0.00311279296875
0.002619760479041916,-0.072723388671875
0.0027445109780439123,-0.137451171875
0.0028692614770459081,-0.1812744140625
0.0029940119760479044,-0.19757080078125
0.0031187624750499002,-0.183929443359375
0.003243512974051896,-0.142425537109375
0.0033682634730538923,-0.079345703125
0.0034930139720558881,-0.00433349609375
0.0036177644710578844,0.0712890625
0.0037425149700598802,0.136016845703125
0.0038672654690618761,0.1800537109375
0.0039920159680638719,0.19677734375
0.0041167664670658686,0.18365478515625
0.0042415169660678645,0.1427001953125
0.0043662674650698603,0.080169677734375
0.0044910179640718561,0.00555419921875
0.004615768463073852,-0.069854736328125
0.0047405189620758487,-0.13458251953125
0.0048652694610778445,-0.1788330078125
0.0049900199600798403,-0.195953369140625
0.0051147704590818362,-0.183349609375
0.005239520958083832,-0.142974853515625
0.0053642714570858287,-0.080963134765625
0.0054890219560878245,-0.006744384765625
0.0056137724550898204,0.06842041015625
0.0057385229540918162,0.133148193359375
0.005863273453093812,0.1776123046875
0.0059880239520958087,0.19512939453125
0.0061127744510978046,0.18304443359375
0.0062375249500998004,0.14324951171875
0.0063622754491017963,0.081756591796875
0.0064870259481037921,0.0079345703125
0.0066117764471057888,-0.066986083984375
0.0067365269461077846,-0.1317138671875
0.0068612774451097805,-0.1763916015625
0.0069860279441117763,-0.194305419921875
0.0071107784431137721,-0.1827392578125
0.0072355289421157688,-0.14349365234375
0.0073602794411177647,-0.08251953125
0.0074850299401197605,-0.009124755859375
0.0076097804391217563,0.065582275390625
0.0077345309381237522,0.130279541015625
0.007859281437125748,0.1751708984375
0.0079840319361277438,0.1934814453125
0.0081087824351297397,0.18243408203125
0.0082335329341317372,0.14373779296875
0.0083582834331337331,0.08331298828125
0.0084830339321357289,0.010284423828125
0.0086077844311377247,-0.064178466796875
0.0087325349301397206,-0.128875732421875
0.0088572854291417164,-0.1739501953125
0.0089820359281437123,-0.192626953125
0.0091067864271457081,-0.182098388671875
0.0092315369261477039,-0.143951416015625
0.0093562874251496998,-0.08404541015625
0.0094810379241516973,-0.011474609375
0.0096057884231536932,0.06280517578125
0.009730538922155689,0.127471923828125
0.0098552894211576848,0.1727294921875
0.0099800399201596807,0.191802978515625
0.010104790419161677,0.1817626953125
0.010229540918163672,0.144195556640625
0.010354291417165668,0.084808349609375
0.010479041916167664,0.012603759765625
0.01060379241516966,-0.0614013671875
0.010728542914171657,-0.12603759765625
0.010853293413173653,-0.1715087890625
0.010978043912175649,-0.190948486328125
0.011102794411177645,-0.181427001953125
0.011227544910179641,-0.1444091796875
0.011352295409181637,-0.085540771484375
0.011477045908183632,-0.013763427734375
0.011601796407185628,0.060028076171875
0.011726546906187624,0.1246337890625
0.01185129740518962,0.1702880859375
0.011976047904191617,0.190093994140625
0.012100798403193613,0.181060791015625
0.012225548902195609,0.144622802734375
0.012350299401197605,0.086273193359375
0.012475049900199601,0.014892578125
0.012599800399201597,-0.05865478515625
0.012724550898203593,-0.12322998046875
0.012849301397205588,-0.169097900390625
0.012974051896207584,-0.18927001953125
0.01309880239520958,-0.18072509765625
0.013223552894211578,-0.144805908203125
0.013348303393213573,-0.08697509765625
0.013473053892215569,-0.016021728515625
0.013597804391217565,0.057281494140625
0.013722554890219561,0.121856689453125
0.013847305389221557,0.167877197265625
0.013972055888223553,0.18841552734375
0.014096806387225548,0.18035888671875
0.014221556886227544,0.144989013671875
0.01434630738522954,0.087677001953125
0.014471057884231538,0.01715087890625
0.014595808383233533,-0.055938720703125
0.014720558882235529,-0.120452880859375
0.014845309381237525,-0.166656494140625
0.014970059880239521,-0.187530517578125
0.015094810379241517,-0.17999267578125
0.015219560878243513,-0.145172119140625
0.015344311377245509,-0.08837890625
0.015469061876247504,-0.01824951171875
0.0155938123752495,0.054595947265625
0.015718562874251496,0.119049072265625
0.015843313373253492,0.165435791015625
0.015968063872255488,0.186676025390625
0.016092814371257484,0.17962646484375
0.016217564870259479,0.14532470703125
0.016342315369261479,0.08905029296875
0.016467065868263474,0.01934814453125
0.01659181636726547,-0.053253173828125
0.016716566866267466,-0.11767578125
0.016841317365269462,-0.164215087890625
0.016966067864271458,-0.185821533203125
0.017090818363273454,-0.179229736328125
0.017215568862275449,-0.145477294921875
0.017340319361277445,-0.0897216796875
0.017465069860279441,-0.020416259765625
0.017589820359281437,0.051910400390625
0.017714570858283433,0.116302490234375
0.017839321357285429,0.162994384765625
0.017964071856287425,0.1849365234375
0.01808882235528942,0.1788330078125
0.018213572854291416,0.1456298828125
0.018338323353293412,0.09039306640625
0.018463073852295408,0.021514892578125
0.018587824351297404,-0.050567626953125
0.0187125748502994,-0.11492919921875
0.018837325349301399,-0.161773681640625
0.018962075848303395,-0.18408203125
0.01908682634730539,-0.178436279296875
0.019211576846307386,-0.145782470703125
0.019336327345309382,-0.091033935546875
0.019461077844311378,-0.022552490234375
0.019585828343313374,0.04925537109375
0.01971057884231537,0.113555908203125
0.019835329341317365,0.16058349609375
0.019960079840319361,0.183197021484375
0.020084830339321357,0.17803955078125
0.020209580838323353,0.145904541015625
0.020334331337325349,0.0916748046875
0.020459081836327345,0.02362060546875
0.020583832335329341,-0.047943115234375
0.020708582834331336,-0.1121826171875
0.020833333333333332,-0.15936279296875
0.020958083832335328,-0.18231201171875
0.021082834331337324,-0.177642822265625
0.02120758483033932,-0.146026611328125
0.021332335329341319,-0.092315673828125
0.021457085828343315,-0.024658203125
0.021581836327345311,0.046661376953125
0.021706586826347306,0.11083984375
0.021831337325349302,0.15814208984375
0.021956087824351298,0.18145751953125
0.022080838323353294,0.177215576171875
0.02220558882235529,0.146148681640625
0.022330339321357286,0.092926025390625
0.022455089820359281,0.02569580078125
0.022579840319361277,-0.04534912109375
0.022704590818363273,-0.109466552734375
0.022829341317365269,-0.15692138671875
0.022954091816367265,-0.180572509765625
0.023078842315369261,-0.176788330078125
0.023203592814371257,-0.146240234375
0.023328343313373252,-0.09356689453125
0.023453093812375248,-0.0267333984375
0.023577844311377244,0.0440673828125
0.02370259481037924,0.108123779296875
0.023827345309381239,0.155731201171875
0.023952095808383235,0.1796875
0.024076846307385231,0.176361083984375
0.024201596806387227,0.146331787109375
0.024326347305389222,0.094146728515625
0.024451097804391218,0.027740478515625
0.024575848303393214,-0.04278564453125
0.02470059880239521,-0.106781005859375
0.024825349301397206,-0.154510498046875
0.024950099800399202,-0.17877197265625
0.025074850299401198,-0.175933837890625
0.025199600798403193,-0.14642333984375
0.025324351297405189,-0.094757080078125
0.025449101796407185,-0.02874755859375
0.025573852295409181,0.04150390625
0.025698602794411177,0.105438232421875
0.025823353293413173,0.153289794921875
0.025948103792415168,0.177886962890625
0.026072854291417164,0.175506591796875
0.02619760479041916,0.146484375
0.026322355289421159,0.0953369140625
0.026447105788423155,0.029754638671875
0.026571856287425151,-0.040252685546875
0.026696606786427147,-0.104095458984375
0.026821357285429143,-0.152099609375
0.026946107784431138,-0.177001953125
0.027070858283433134,-0.175048828125
0.02719560878243513,-0.146575927734375
0.027320359281437126,-0.09588623046875
0.027445109780439122,-0.03076171875
0.027569860279441118,0.03900146484375
0.027694610778443114,0.102752685546875
0.027819361277445109,0.15087890625
0.027944111776447105,0.17608642578125
0.028068862275449101,0.174591064453125
0.028193612774451097,0.146636962890625
0.028318363273453093,0.096466064453125
0.028443113772455089,0.03173828125
0.028567864271457084,-0.037750244140625
0.02869261477045908,-0.1014404296875
0.028817365269461079,-0.149688720703125
0.028942115768463075,-0.175201416015625
0.029066866267465071,-0.17413330078125
0.029191616766467067,-0.14666748046875
0.029316367265469063,-0.097015380859375
0.029441117764471059,-0.032684326171875
0.029565868263473054,0.0364990234375
0.02969061876247505,0.100128173828125
0.029815369261477046,0.148468017578125
0.029940119760479042,0.174285888671875
0.030064870259481038,0.173675537109375
0.030189620758483034,0.146728515625
0.03031437125748503,0.097564697265625
0.030439121756487025,0.033660888671875
0.030563872255489021,-0.0352783203125
0.030688622754491017,-0.098785400390625
0.030813373253493013,-0.14727783203125
0.030938123752495009,-0.17340087890625
0.031062874251497005,-0.173187255859375
0.031187624750499,-0.146759033203125
0.031312375249501,-0.09808349609375
0.031437125748502992,-0.03460693359375
0.031561876247504991,0.0340576171875
0.031686626746506984,0.09747314453125
0.031811377245508983,0.146087646484375
0.031936127744510975,0.1724853515625
0.032060878243512975,0.1727294921875
0.032185628742514967,0.14678955078125
0.032310379241516966,0.098602294921875
0.032435129740518959,0.035552978515625
0.032559880239520958,-0.0328369140625
0.032684630738522957,-0.09619140625
0.03280938123752495,-0.144866943359375
0.032934131736526949,-0.17156982421875
0.033058882235528941,-0.1722412109375
0.033183632734530941,-0.14678955078125
0.033308383233532933,-0.09912109375
0.033433133732534932,-0.0364990234375
0.033557884231536925,0.0316162109375
0.033682634730538924,0.094879150390625
0.033807385229540916,0.1436767578125
0.033932135728542916,0.170654296875
0.034056886227544908,0.1717529296875
0.034181636726546907,0.14678955078125
0.0343063872255489,0.099639892578125
0.034431137724550899,0.03741455078125
0.034555888223552891,-0.030426025390625
0.034680638722554891,-0.09356689453125
0.034805389221556883,-0.142486572265625
0.034930139720558882,-0.16973876953125
0.035054890219560882,-0.1712646484375
0.035179640718562874,-0.14678955078125
0.035304391217564873,-0.100128173828125
0.035429141716566866,-0.038330078125
0.035553892215568865,0.02923583984375
0.035678642714570857,0.09228515625
0.035803393213572857,0.14129638671875
0.035928143712574849,0.1688232421875
0.036052894211576848,0.170745849609375
0.036177644710578841,0.14678955078125
0.03630239520958084,0.100616455078125
0.036427145708582832,0.039215087890625
0.036551896207584832,-0.028045654296875
0.036676646706586824,-0.09100341796875
0.036801397205588823,-0.140106201171875
0.036926147704590816,-0.16790771484375
0.037050898203592815,-0.170257568359375
0.037175648702594807,-0.14678955078125
0.037300399201596807,-0.10107421875
0.037425149700598799,-0.040130615234375
0.037549900199600798,0.02685546875
0.037674650698602798,0.0897216796875
0.03779940119760479,0.138916015625
0.037924151696606789,0.1669921875
0.038048902195608782,0.16973876953125
0.038173652694610781,0.146759033203125
0.038298403193612773,0.1015625
0.038423153692614773,0.041015625
0.038547904191616765,-0.02569580078125
0.038672654690618764,-0.08843994140625
0.038797405189620757,-0.137725830078125
0.038922155688622756,-0.16607666015625
0.039046906187624748,-0.169219970703125
0.039171656686626748,-0.146728515625
0.03929640718562874,-0.102020263671875
0.039421157684630739,-0.0418701171875
0.039545908183632732,0.0245361328125
0.039670658682634731,0.087158203125
0.039795409181636723,0.13653564453125
0.039920159680638723,0.1651611328125
0.040044910179640722,0.168701171875
0.040169660678642714,0.146697998046875
0.040294411177644714,0.102447509765625
0.040419161676646706,0.042755126953125
0.040543912175648705,-0.02337646484375
0.040668662674650698,-0.085906982421875
0.040793413173652697,-0.135345458984375
0.040918163672654689,-0.164215087890625
0.041042914171656689,-0.168182373046875
0.041167664670658681,-0.146636962890625
0.04129241516966068,-0.1029052734375
0.041417165668662673,-0.043609619140625
0.041541916167664672,0.022247314453125
0.041666666666666664,0.08465576171875
0.041791417165668664,0.1341552734375
0.041916167664670656,0.163299560546875
0.042040918163672655,0.16766357421875
0.042165668662674648,0.146575927734375
0.042290419161676647,0.10333251953125
0.042415169660678639,0.044464111328125
0.042539920159680639,-0.021087646484375
0.042664670658682638,-0.083404541015625
0.04278942115768463,-0.13299560546875
0.04291417165668663,-0.162353515625
0.043038922155688622,-0.1671142578125
0.043163672654690621,-0.146514892578125
0.043288423153692614,-0.103759765625
0.043413173652694613,-0.0452880859375
0.043537924151696605,0.01995849609375
0.043662674650698605,0.0821533203125
0.043787425149700597,0.131805419921875
0.043912175648702596,0.16143798828125
0.044036926147704589,0.16656494140625
0.044161676646706588,0.146453857421875
0.04428642714570858,0.104156494140625
0.04441117764471058,0.046112060546875
0.044535928143712572,-0.01885986328125
0.044660678642714571,-0.080902099609375
0.044785429141716564,-0.130615234375
0.044910179640718563,-0.160491943359375
0.045034930139720562,-0.166015625
0.045159680638722555,-0.146392822265625
0.045284431137724554,-0.10455322265625
0.045409181636726546,-0.04693603515625
0.045533932135728546,0.017730712890625
0.045658682634730538,0.07965087890625
0.045783433133732537,0.12945556640625
0.04590818363273453,0.159576416015625
0.046032934131736529,0.16546630859375
0.046157684630738521,0.14630126953125
0.046282435129740521,0.104949951171875
0.046407185628742513,0.047760009765625
0.046531936127744512,-0.016632080078125
0.046656686626746505,-0.07843017578125
0.046781437125748504,-0.128265380859375
0.046906187624750496,-0.15863037109375
0.047030938123752496,-0.1649169921875
0.047155688622754488,-0.146209716796875
0.047280439121756487,-0.1053466796875
0.04740518962075848,-0.048553466796875
0.047529940119760479,0.015533447265625
0.047654690618762478,0.07720947265625
0.047779441117764471,0.127105712890625
0.04790419161676647,0.15771484375
0.048028942115768462,0.16436767578125
0.048153692614770462,0.146087646484375
0.048278443113772454,0.105712890625
0.048403193612774453,0.049346923828125
0.048527944111776446,-0.014434814453125
0.048652694610778445,-0.07598876953125
0.048777445109780437,-0.125946044921875
0.048902195608782437,-0.156768798828125
0.049026946107784429,-0.163787841796875
0.049151696606786428,-0.14599609375
0.049276447105788421,-0.1060791015625
0.04940119760479042,-0.050140380859375
0.049525948103792412,0.01336669921875
0.049650698602794412,0.07476806640625
0.049775449101796404,0.124786376953125
0.049900199600798403,0.15582275390625
0.050024950099800403,0.163238525390625
0.050149700598802395,0.1458740234375
0.050274451097804394,0.1064453125
0.050399201596806387,0.0509033203125
0.050523952095808386,-0.012298583984375
0.050648702594810378,-0.07354736328125
0.050773453093812378,-0.123626708984375
0.05089820359281437,-0.154876708984375
0.051022954091816369,-0.16265869140625
0.051147704590818362,-0.145751953125
0.051272455089820361,-0.106781005859375
0.051397205588822353,-0.051666259765625
0.051521956087824353,0.01123046875
0.051646706586826345,0.072357177734375
0.051771457085828344,0.1224365234375
0.051896207584830337,0.1539306640625
0.052020958083832336,0.162078857421875
0.052145708582834328,0.1456298828125
0.052270459081836328,0.107147216796875
0.05239520958083832,0.05242919921875
0.052519960079840319,-0.010162353515625
0.052644710578842319,-0.071136474609375
0.052769461077844311,-0.121307373046875
0.05289421157684631,-0.15301513671875
0.053018962075848303,-0.1614990234375
0.053143712574850302,-0.1455078125
0.053268463073852294,-0.107452392578125
0.053393213572854294,-0.053192138671875
0.053517964071856286,0.00909423828125
0.053642714570858285,0.0699462890625
0.053767465069860278,0.120147705078125
0.053892215568862277,0.152069091796875
0.054016966067864269,0.160919189453125
0.054141716566866269,0.145355224609375
0.054266467065868261,0.1077880859375
0.05439121756487026,0.053924560546875
0.054515968063872253,-0.008056640625
0.054640718562874252,-0.068756103515625
0.054765469061876244,-0.118988037109375
0.054890219560878244,-0.151123046875
0.055014970059880243,-0.160308837890625
0.055139720558882235,-0.14520263671875
0.055264471057884235,-0.10809326171875
0.055389221556886227,-0.054656982421875
0.055513972055888226,0.00701904296875
0.055638722554890219,0.067596435546875
0.055763473053892218,0.117828369140625
0.05588822355289421,0.150177001953125
0.05601297405189621,0.15972900390625
0.056137724550898202,0.145050048828125
0.056262475049900201,0.1083984375
0.056387225548902194,0.055389404296875
0.056511976047904193,-0.006011962890625
0.056636726546906185,-0.06640625
0.056761477045908185,-0.11669921875
0.056886227544910177,-0.14923095703125
0.057010978043912176,-0.15911865234375
0.057135728542914169,-0.1448974609375
0.057260479041916168,-0.10870361328125
0.05738522954091816,-0.05609130859375
0.05750998003992016,0.004974365234375
0.057634730538922159,0.06524658203125
0.057759481037924151,0.11553955078125
0.057884231536926151,0.148284912109375
0.058008982035928143,0.15850830078125
0.058133732534930142,0.14471435546875
0.058258483033932135,0.1090087890625
0.058383233532934134,0.056793212890625
0.058507984031936126,-0.00396728515625
0.058632734530938126,-0.064056396484375
0.058757485029940118,-0.114410400390625
0.058882235528942117,-0.1473388671875
0.05900698602794411,-0.157928466796875
0.059131736526946109,-0.14453125
0.059256487025948101,-0.109283447265625
0.059381237524950101,-0.0574951171875
0.059505988023952093,0.002960205078125
0.059630738522954092,0.062896728515625
0.059755489021956085,0.113250732421875
0.059880239520958084,0.146392822265625
0.060004990019960083,0.157318115234375
0.060129740518962076,0.14434814453125
0.060254491017964075,0.10955810546875
0.060379241516966067,0.05816650390625
0.060503992015968067,-0.001983642578125
0.060628742514970059,-0.061767578125
0.060753493013972058,-0.11212158203125
0.060878243512974051,-0.14544677734375
0.06100299401197605,-0.15667724609375
0.061127744510978042,-0.1441650390625
0.061252495009980042,-0.109832763671875
0.061377245508982034,-0.058868408203125
0.061501996007984033,0.0009765625
0.061626746506986026,0.06060791015625
0.061751497005988025,0.110992431640625
0.061876247504990017,0.144500732421875
0.062000998003992017,0.15606689453125
0.062125748502994009,0.14398193359375
0.062250499001996008,0.110076904296875
0.062375249500998001,0.05950927734375
0.0625,0
0.062624750499001999,-0.059478759765625
0.062749500998003999,-0.10986328125
0.062874251497005984,-0.1435546875
0.062999001996007983,-0.15545654296875
0.063123752495009983,-0.143768310546875
0.063248502994011982,-0.110321044921875
0.063373253493013967,-0.0601806640625
0.063498003992015967,-0.0009765625
0.063622754491017966,0.058319091796875
0.063747504990019965,0.108734130859375
0.063872255489021951,0.142608642578125
0.06399700598802395,0.154815673828125
0.064121756487025949,0.1435546875
0.064246506986027949,0.110565185546875
0.064371257485029934,0.06085205078125
0.064496007984031933,0.001922607421875
0.064620758483033933,-0.05718994140625
0.064745508982035932,-0.10760498046875
0.064870259481037917,-0.14166259765625
0.064995009980039917,-0.154205322265625
0.065119760479041916,-0.143341064453125
0.065244510978043915,-0.110809326171875
0.065369261477045915,-0.061492919921875
0.0654940119760479,-0.002899169921875
0.065618762475049899,0.056060791015625
0.065743512974051899,0.106475830078125
0.065868263473053898,0.140716552734375
0.065993013972055883,0.153564453125
0.066117764471057883,0.14312744140625
0.066242514970059882,0.11102294921875
0.066367265469061881,0.062103271484375
0.066492015968063867,0.00384521484375
0.066616766467065866,-0.054962158203125
0.066741516966067865,-0.105377197265625
0.066866267465069865,-0.139739990234375
0.06699101796407185,-0.152923583984375
0.067115768463073849,-0.142913818359375
0.067240518962075849,-0.111236572265625
0.067365269461077848,-0.062744140625
0.067490019960079833,-0.004791259765625
0.067614770459081833,0.0538330078125
0.067739520958083832,0.104248046875
0.067864271457085831,0.1387939453125
0.067989021956087831,0.15228271484375
0.068113772455089816,0.142669677734375
0.068238522954091815,0.1114501953125
0.068363273453093815,0.0633544921875
0.068488023952095814,0.005706787109375
0.068612774451097799,-0.052734375
0.068737524950099799,-0.103118896484375
0.068862275449101798,-0.137847900390625
0.068987025948103797,-0.151641845703125
0.069111776447105783,-0.142425537109375
0.069236526946107782,-0.111663818359375
0.069361277445109781,-0.06396484375
0.069486027944111781,-0.00665283203125
0.069610778443113766,0.0516357421875
0.069735528942115765,0.102020263671875
0.069860279441117765,0.13690185546875
0.069985029940119764,0.1510009765625
0.070109780439121763,0.142181396484375
0.070234530938123749,0.111846923828125
0.070359281437125748,0.0645751953125
0.070484031936127747,0.007568359375
0.070608782435129747,-0.050537109375
0.070733532934131732,-0.100921630859375
0.070858283433133731,-0.135955810546875
0.070983033932135731,-0.150360107421875
0.07110778443113773,-0.141937255859375
0.071232534930139715,-0.112030029296875
0.071357285429141715,-0.065155029296875
0.071482035928143714,-0.00848388671875
0.071606786427145713,0.0494384765625
0.071731536926147699,0.099822998046875
0.071856287425149698,0.135009765625
0.071981037924151697,0.149688720703125
0.072105788423153697,0.141693115234375
0.072230538922155682,0.112213134765625
0.072355289421157681,0.065765380859375
0.072480039920159681,0.009368896484375
0.07260479041916168,-0.048370361328125
0.072729540918163679,-0.098724365234375
0.072854291417165665,-0.134063720703125
0.072979041916167664,-0.1490478515625
0.073103792415169663,-0.14141845703125
0.073228542914171663,-0.11236572265625
0.073353293413173648,-0.06634521484375
0.073478043912175647,-0.010284423828125
0.073602794411177647,0.047271728515625
0.073727544910179646,0.097625732421875
0.073852295409181631,0.13311767578125
0.073977045908183631,0.14837646484375
0.07410179640718563,0.141143798828125
0.074226546906187629,0.112548828125
0.074351297405189615,0.06689453125
0.074476047904191614,0.01116943359375
0.074600798403193613,-0.04620361328125
0.074725548902195613,-0.096527099609375
0.074850299401197598,-0.132171630859375
0.074975049900199597,-0.147735595703125
0.075099800399201597,-0.140899658203125
0.075224550898203596,-0.112701416015625
0.075349301397205595,-0.067474365234375
0.075474051896207581,-0.012054443359375
0.07559880239520958,0.045135498046875
0.075723552894211579,0.095428466796875
0.075848303393213579,0.131195068359375
0.075973053892215564,0.147064208984375
0.076097804391217563,0.140594482421875
0.076222554890219563,0.11285400390625
0.076347305389221562,0.068023681640625
0.076472055888223547,0.012908935546875
0.076596806387225547,-0.044097900390625
0.076721556886227546,-0.0943603515625
0.076846307385229545,-0.1302490234375
0.076971057884231531,-0.146392822265625
0.07709580838323353,-0.14031982421875
0.077220558882235529,-0.11297607421875
0.077345309381237529,-0.06854248046875
0.077470059880239514,-0.0137939453125
0.077594810379241513,0.04302978515625
0.077719560878243513,0.09326171875
0.077844311377245512,0.129302978515625
0.077969061876247511,0.145721435546875
0.078093812375249497,0.140045166015625
0.078218562874251496,0.113128662109375
0.078343313373253495,0.069091796875
0.078468063872255495,0.0146484375
0.07859281437125748,-0.0419921875
0.078717564870259479,-0.092193603515625
0.078842315369261479,-0.12835693359375
0.078967065868263478,-0.145050048828125
0.079091816367265463,-0.139739990234375
0.079216566866267463,-0.113250732421875
0.079341317365269462,-0.069610595703125
0.079466067864271461,-0.015472412109375
0.079590818363273447,0.04095458984375
0.079715568862275446,0.091094970703125
0.079840319361277445,0.127410888671875
0.079965069860279445,0.144378662109375
0.080089820359281444,0.139434814453125
0.080214570858283429,0.113372802734375
0.080339321357285429,0.07012939453125
0.080464071856287428,0.016326904296875
0.080588822355289427,-0.0399169921875
0.080713572854291413,-0.09002685546875
0.080838323353293412,-0.12646484375
0.080963073852295411,-0.143707275390625
0.081087824351297411,-0.139129638671875
0.081212574850299396,-0.11346435546875
0.081337325349301395,-0.070648193359375
0.081462075848303395,-0.01715087890625
0.081586826347305394,0.03887939453125
0.081711576846307379,0.088958740234375
0.081836327345309379,0.125518798828125
0.081961077844311378,0.14300537109375
0.082085828343313377,0.138824462890625
0.082210578842315363,0.11358642578125
0.082335329341317362,0.0711669921875
0.082460079840319361,0.017974853515625
0.082584830339321361,-0.037841796875
0.08270958083832336,-0.087890625
0.082834331337325345,-0.12457275390625
0.082959081836327345,-0.142333984375
0.083083832335329344,-0.13848876953125
0.083208582834331343,-0.113677978515625
0.083333333333333329,-0.0716552734375
0.083458083832335328,-0.018798828125
0.083582834331337327,0.036834716796875
0.083707584830339327,0.08685302734375
0.083832335329341312,0.123626708984375
0.083957085828343311,0.14166259765625
0.084081836327345311,0.13818359375
0.08420658682634731,0.11376953125
0.084331337325349295,0.0721435546875
0.084456087824351295,0.019622802734375
0.084580838323353294,-0.03582763671875
0.084705588822355293,-0.085784912109375
0.084830339321357279,-0.1226806640625
0.084955089820359278,-0.140960693359375
0.085079840319361277,-0.137847900390625
0.085204590818363277,-0.113861083984375
0.085329341317365276,-0.0726318359375
0.085454091816367261,-0.020416259765625
0.085578842315369261,0.034820556640625
0.08570359281437126,0.084716796875
0.085828343313373259,0.121734619140625
0.085953093812375245,0.140289306640625
0.086077844311377244,0.13751220703125
0.086202594810379243,0.113922119140625
0.086327345309381243,0.073089599609375
0.086452095808383228,0.021209716796875
0.086576846307385227,-0.0338134765625
0.086701596806387227,-0.08367919921875
0.086826347305389226,-0.120819091796875
0.086951097804391211,-0.13958740234375
0.087075848303393211,-0.137176513671875
0.08720059880239521,-0.114013671875
0.087325349301397209,-0.07354736328125
0.087450099800399195,-0.022003173828125
0.087574850299401194,0.0328369140625
0.087699600798403193,0.0826416015625
0.087824351297405193,0.119873046875
0.087949101796407192,0.138885498046875
0.088073852295409177,0.1368408203125
0.088198602794411177,0.11407470703125
0.088323353293413176,0.074005126953125
0.088448103792415175,0.022796630859375
0.088572854291417161,-0.031829833984375
0.08869760479041916,-0.08160400390625
0.088822355289421159,-0.118927001953125
0.088947105788423159,-0.13818359375
0.089071856287425144,-0.136505126953125
0.089196606786427143,-0.114105224609375
0.089321357285429143,-0.074462890625
0.089446107784431142,-0.0235595703125
0.089570858283433127,0.030853271484375
0.089695608782435127,0.080535888671875
0.089820359281437126,0.11798095703125
0.089945109780439125,0.137481689453125
0.090069860279441125,0.136138916015625
0.09019461077844311,0.114166259765625
0.090319361277445109,0.074920654296875
0.090444111776447109,0.024322509765625
0.090568862275449108,-0.029876708984375
0.090693612774451093,-0.07952880859375
0.090818363273453093,-0.117034912109375
0.090943113772455092,-0.136810302734375
0.091067864271457091,-0.13580322265625
0.091192614770459077,-0.114227294921875
0.091317365269461076,-0.075347900390625
0.091442115768463075,-0.02508544921875
0.091566866267465075,0.028900146484375
0.09169161676646706,0.0784912109375
0.091816367265469059,0.116119384765625
0.091941117764471059,0.1361083984375
0.092065868263473058,0.13543701171875
0.092190618762475043,0.1142578125
0.092315369261477043,0.075775146484375
0.092440119760479042,0.025848388671875
0.092564870259481041,-0.0279541015625
0.092689620758483041,-0.07745361328125
0.092814371257485026,-0.11517333984375
0.092939121756487025,-0.1353759765625
0.093063872255489025,-0.13507080078125
0.093188622754491024,-0.114288330078125
0.093313373253493009,-0.076171875
0.093438123752495009,-0.026580810546875
0.093562874251497008,0.027008056640625
0.093687624750499007,0.076446533203125
0.093812375249500993,0.114227294921875
0.093937125748502992,0.134674072265625
0.094061876247504991,0.13470458984375
0.094186626746506991,0.114288330078125
0.094311377245508976,0.07659912109375
0.094436127744510975,0.027313232421875
0.094560878243512975,-0.026031494140625
0.094685628742514974,-0.075408935546875
0.094810379241516959,-0.113311767578125
0.094935129740518959,-0.13397216796875
0.095059880239520958,-0.13433837890625
0.095184630738522957,-0.11431884765625
0.095309381237524957,-0.076995849609375
0.095434131736526942,-0.028045654296875
0.095558882235528941,0.02508544921875
0.095683632734530941,0.07440185546875
0.09580838323353294,0.11236572265625
0.095933133732534925,0.133270263671875
0.096057884231536925,0.133941650390625
0.096182634730538924,0.11431884765625
0.096307385229540923,0.077392578125
0.096432135728542909,0.028778076171875
0.096556886227544908,-0.024169921875
0.096681636726546907,-0.073394775390625
0.096806387225548907,-0.111419677734375
0.096931137724550892,-0.132568359375
0.097055888223552891,-0.133575439453125
0.097180638722554891,-0.11431884765625
0.09730538922155689,-0.077789306640625
0.097430139720558875,-0.02947998046875
0.097554890219560875,0.023223876953125
0.097679640718562874,0.0723876953125
0.097804391217564873,0.110504150390625
0.097929141716566873,0.1318359375
0.098053892215568858,0.1331787109375
0.098178642714570857,0.11431884765625
0.098303393213572857,0.078155517578125
0.098428143712574856,0.030181884765625
0.098552894211576841,-0.022308349609375
0.098677644710578841,-0.071380615234375
0.09880239520958084,-0.109588623046875
0.098927145708582839,-0.131134033203125
0.099051896207584825,-0.132781982421875
0.099176646706586824,-0.11431884765625
0.099301397205588823,-0.07855224609375
0.099426147704590823,-0.0308837890625
0.099550898203592808,0.021392822265625
0.099675648702594807,0.07037353515625
0.099800399201596807,0.108642578125
0.099925149700598806,0.130401611328125
0.10004990019960081,0.13238525390625
0.10017465069860279,0.11431884765625
0.10029940119760479,0.07891845703125
0.10042415169660679,0.031585693359375
0.10054890219560879,-0.020477294921875
0.10067365269461077,-0.069366455078125
0.10079840319361277,-0.10772705078125
0.10092315369261477,-0.12969970703125
0.10104790419161677,-0.131988525390625
0.10117265469061876,-0.114288330078125
0.10129740518962076,-0.07928466796875
0.10142215568862276,-0.03228759765625
0.10154690618762476,0.019561767578125
0.10167165668662674,0.068389892578125
0.10179640718562874,0.106781005859375
0.10192115768463074,0.12896728515625
0.10204590818363274,0.131591796875
0.10217065868263472,0.1142578125
0.10229540918163672,0.079620361328125
0.10242015968063872,0.032958984375
0.10254491017964072,-0.018646240234375
0.10266966067864272,-0.0673828125
0.10279441117764471,-0.105865478515625
0.10291916167664671,-0.128265380859375
0.10304391217564871,-0.131195068359375
0.1031686626746507,-0.114227294921875
0.10329341317365269,-0.0799560546875
0.10341816367265469,-0.03363037109375
0.10354291417165669,0.01776123046875
0.10366766467065869,0.06640625
0.10379241516966067,0.104949951171875
0.10391716566866267,0.127532958984375
0.10404191616766467,0.130767822265625
0.10416666666666667,0.11419677734375
0.10429141716566866,0.080291748046875
0.10441616766467066,0.0343017578125
0.10454091816367266,-0.016876220703125
0.10466566866267465,-0.0654296875
0.10479041916167664,-0.104034423828125
0.10491516966067864,-0.126800537109375
0.10503992015968064,-0.13037109375
0.10516467065868264,-0.1141357421875
0.10528942115768464,-0.08062744140625
0.10541417165668662,-0.034942626953125
0.10553892215568862,0.0159912109375
0.10566367265469062,0.064453125
0.10578842315369262,0.103118896484375
0.10591317365269461,0.1260986328125
0.10603792415169661,0.12994384765625
0.1061626746506986,0.11407470703125
0.1062874251497006,0.080963134765625
0.10641217564870259,0.03558349609375
0.10653692614770459,-0.015106201171875
0.10666167664670659,-0.0634765625
0.10678642714570859,-0.102203369140625
0.10691117764471057,-0.1253662109375
0.10703592814371257,-0.1295166015625
0.10716067864271457,-0.114044189453125
0.10728542914171657,-0.081268310546875
0.10741017964071856,-0.0362548828125
0.10753493013972056,0.014251708984375
0.10765968063872255,0.062530517578125
0.10778443113772455,0.101287841796875
0.10790918163672655,0.1246337890625
0.10803393213572854,0.12908935546875
0.10815868263473054,0.11395263671875
0.10828343313373254,0.081573486328125
0.10840818363273454,0.036865234375
0.10853293413173652,-0.01336669921875
0.10865768463073852,-0.061553955078125
0.10878243512974052,-0.100372314453125
0.10890718562874252,-0.1239013671875
0.10903193612774451,-0.128662109375
0.1091566866267465,-0.1138916015625
0.1092814371257485,-0.081878662109375
0.1094061876247505,-0.037506103515625
0.10953093812375249,0.01251220703125
0.10965568862275449,0.06060791015625
0.10978043912175649,0.099456787109375
0.10990518962075849,0.1231689453125
0.11002994011976049,0.12823486328125
0.11015469061876247,0.11383056640625
0.11027944111776447,0.082183837890625
0.11040419161676647,0.038116455078125
0.11052894211576847,-0.01165771484375
0.11065369261477045,-0.059661865234375
0.11077844311377245,-0.098541259765625
0.11090319361277445,-0.122467041015625
0.11102794411177645,-0.127777099609375
0.11115269461077844,-0.113739013671875
0.11127744510978044,-0.082489013671875
0.11140219560878244,-0.038726806640625
0.11152694610778444,0.010833740234375
0.11165169660678642,0.058685302734375
0.11177644710578842,0.097625732421875
0.11190119760479042,0.121734619140625
0.11202594810379242,0.127349853515625
0.1121506986027944,0.1136474609375
0.1122754491017964,0.082763671875
0.1124001996007984,0.039337158203125
0.1125249500998004,-0.009979248046875
0.1126497005988024,-0.0577392578125
0.11277445109780439,-0.096710205078125
0.11289920159680639,-0.121002197265625
0.11302395209580839,-0.12689208984375
0.11314870259481039,-0.113555908203125
0.11327345309381237,-0.083038330078125
0.11339820359281437,-0.039947509765625
0.11352295409181637,0.0091552734375
0.11364770459081837,0.05682373046875
0.11377245508982035,0.0958251953125
0.11389720558882235,0.120269775390625
0.11402195608782435,0.12646484375
0.11414670658682635,0.11346435546875
0.11427145708582834,0.08331298828125
0.11439620758483034,0.04052734375
0.11452095808383234,-0.008331298828125
0.11464570858283434,-0.055877685546875
0.11477045908183632,-0.09490966796875
0.11489520958083832,-0.119537353515625
0.11501996007984032,-0.126007080078125
0.11514471057884232,-0.113372802734375
0.11526946107784432,-0.08355712890625
0.1153942115768463,-0.0411376953125
0.1155189620758483,0.00750732421875
0.1156437125748503,0.054931640625
0.1157684630738523,0.094024658203125
0.11589321357285429,0.118804931640625
0.11601796407185629,0.12554931640625
0.11614271457085829,0.113250732421875
0.11626746506986028,0.083831787109375
0.11639221556886227,0.041717529296875
0.11651696606786427,-0.006683349609375
0.11664171656686627,-0.05401611328125
0.11676646706586827,-0.093109130859375
0.11689121756487025,-0.118072509765625
0.11701596806387225,-0.125091552734375
0.11714071856287425,-0.1131591796875
0.11726546906187625,-0.084075927734375
0.11739021956087824,-0.042266845703125
0.11751497005988024,0.005889892578125
0.11763972055888224,0.0531005859375
0.11776447105788423,0.09222412109375
0.11788922155688623,0.1173095703125
0.11801397205588822,0.1246337890625
0.11813872255489022,0.113037109375
0.11826347305389222,0.084320068359375
0.11838822355289422,0.0428466796875
0.1185129740518962,-0.00506591796875
0.1186377245508982,-0.05218505859375
0.1187624750499002,-0.09130859375
0.1188872255489022,-0.1165771484375
0.11901197604790419,-0.1241455078125
0.11913672654690619,-0.1129150390625
0.11926147704590818,-0.08453369140625
0.11938622754491018,-0.04339599609375
0.11951097804391217,0.0042724609375
0.11963572854291417,0.05126953125
0.11976047904191617,0.090423583984375
0.11988522954091817,0.1158447265625
0.12000998003992017,0.123687744140625
0.12013473053892215,0.112762451171875
0.12025948103792415,0.08477783203125
0.12038423153692615,0.0439453125
0.12050898203592815,-0.00347900390625
0.12063373253493014,-0.05035400390625
0.12075848303393213,-0.08953857421875
0.12088323353293413,-0.1151123046875
0.12100798403193613,-0.12322998046875
0.12113273453093812,-0.112640380859375
0.12125748502994012,-0.084991455078125
0.12138223552894212,-0.04449462890625
0.12150698602794412,0.002685546875
0.1216317365269461,0.0494384765625
0.1217564870259481,0.088653564453125
0.1218812375249501,0.1143798828125
0.1220059880239521,0.12274169921875
0.12213073852295409,0.11248779296875
0.12225548902195608,0.085205078125
0.12238023952095808,0.0450439453125
0.12250499001996008,-0.001922607421875
0.12262974051896208,-0.048553466796875
0.12275449101796407,-0.0877685546875
0.12287924151696607,-0.1136474609375
0.12300399201596807,-0.122283935546875
0.12312874251497007,-0.11236572265625
0.12325349301397205,-0.085418701171875
0.12337824351297405,-0.045562744140625
0.12350299401197605,0.00115966796875
0.12362774451097805,0.047637939453125
0.12375249500998003,0.086883544921875
0.12387724550898203,0.1129150390625
0.12400199600798403,0.121795654296875
0.12412674650698603,0.112213134765625
0.12425149700598802,0.08563232421875
0.12437624750499002,0.046112060546875
0.12450099800399202,-0.0003662109375
0.12462574850299402,-0.0467529296875
0.124750499001996,-0.08599853515625
0.124875249500998,-0.112152099609375
0.125,-0.121307373046875
0.12512475049900199,-0.112060546875
0.125249500998004,-0.0858154296875
0.12537425149700598,-0.046600341796875
0.125499001996008,-0.0003662109375
0.12562375249500998,0.045867919921875
0.12574850299401197,0.085113525390625
0.12587325349301398,0.111419677734375
0.12599800399201597,0.120819091796875
0.12612275449101795,0.111907958984375
0.12624750499001997,0.086029052734375
0.12637225548902195,0.047119140625
0.12649700598802396,0.001129150390625
0.12662175648702595,-0.04498291015625
0.12674650698602793,-0.084228515625
0.12687125748502995,-0.110687255859375
0.12699600798403193,-0.120330810546875
0.12712075848303392,-0.111724853515625
0.12724550898203593,-0.086212158203125
0.12737025948103792,-0.047637939453125
0.12749500998003993,-0.00189208984375
0.12761976047904192,0.044097900390625
0.1277445109780439,0.0833740234375
0.12786926147704591,0.109954833984375
0.1279940119760479,0.119842529296875
0.12811876247504991,0.111572265625
0.1282435129740519,0.08636474609375
0.12836826347305388,0.048126220703125
0.1284930139720559,0.00262451171875
0.12861776447105788,-0.043243408203125
0.12874251497005987,-0.082489013671875
0.12886726546906188,-0.109222412109375
0.12899201596806387,-0.119354248046875
0.12911676646706588,-0.11138916015625
0.12924151696606787,-0.0865478515625
0.12936626746506985,-0.048614501953125
0.12949101796407186,-0.00335693359375
0.12961576846307385,0.0423583984375
0.12974051896207583,0.081634521484375
0.12986526946107785,0.10845947265625
0.12999001996007983,0.11883544921875
0.13011477045908185,0.1112060546875
0.13023952095808383,0.08673095703125
0.13036427145708582,0.049102783203125
0.13048902195608783,0.00408935546875
0.13061377245508982,-0.04150390625
0.13073852295409183,-0.08074951171875
0.13086327345309381,-0.10772705078125
0.1309880239520958,-0.11834716796875
0.13111277445109781,-0.11102294921875
0.1312375249500998,-0.086883544921875
0.13136227544910178,-0.049591064453125
0.1314870259481038,-0.00482177734375
0.13161177644710578,0.0406494140625
0.1317365269461078,0.07989501953125
0.13186127744510978,0.10699462890625
0.13198602794411177,0.11785888671875
0.13211077844311378,0.11083984375
0.13223552894211577,0.0870361328125
0.13236027944111775,0.050048828125
0.13248502994011976,0.005523681640625
0.13260978043912175,-0.039794921875
0.13273453093812376,-0.079010009765625
0.13285928143712575,-0.10626220703125
0.13298403193612773,-0.117340087890625
0.13310878243512975,-0.11065673828125
0.13323353293413173,-0.087188720703125
0.13335828343313375,-0.050537109375
0.13348303393213573,-0.006256103515625
0.13360778443113772,0.0389404296875
0.13373253493013973,0.078155517578125
0.13385728542914171,0.105499267578125
0.1339820359281437,0.116851806640625
0.13410678642714571,0.110443115234375
0.1342315369261477,0.087310791015625
0.13435628742514971,0.050994873046875
0.1344810379241517,0.0069580078125
0.13460578842315368,-0.0380859375
0.1347305389221557,-0.077301025390625
0.13485528942115768,-0.104766845703125
0.13498003992015967,-0.1163330078125
0.13510479041916168,-0.1102294921875
0.13522954091816367,-0.08746337890625
0.13535429141716568,-0.051422119140625
0.13547904191616766,-0.007659912109375
0.13560379241516965,0.0372314453125
0.13572854291417166,0.076446533203125
0.13585329341317365,0.104034423828125
0.13597804391217566,0.115814208984375
0.13610279441117765,0.11004638671875
0.13622754491017963,0.08758544921875
0.13635229540918165,0.0518798828125
0.13647704590818363,0.00836181640625
0.13660179640718562,-0.036407470703125
0.13672654690618763,-0.075592041015625
0.13685129740518961,-0.103302001953125
0.13697604790419163,-0.11529541015625
0.13710079840319361,-0.109832763671875
0.1372255489021956,-0.08770751953125
0.13735029940119761,-0.05230712890625
0.1374750499001996,-0.009033203125
0.13759980039920161,0.03558349609375
0.1377245508982036,0.074737548828125
0.13784930139720558,0.102569580078125
0.13797405189620759,0.114776611328125
0.13809880239520958,0.109619140625
0.13822355289421157,0.08782958984375
0.13834830339321358,0.052764892578125
0.13847305389221556,0.00970458984375
0.13859780439121758,-0.034759521484375
0.13872255489021956,-0.07391357421875
0.13884730538922155,-0.101806640625
0.13897205588822356,-0.1142578125
0.13909680638722555,-0.109405517578125
0.13922155688622753,-0.08795166015625
0.13934630738522955,-0.053192138671875
0.13947105788423153,-0.010406494140625
0.13959580838323354,0.033935546875
0.13972055888223553,0.07305908203125
0.13984530938123751,0.10107421875
0.13997005988023953,0.113739013671875
0.14009481037924151,0.109161376953125
0.14021956087824353,0.088043212890625
0.14034431137724551,0.0535888671875
0.1404690618762475,0.011077880859375
0.14059381237524951,-0.033111572265625
0.1407185628742515,-0.07220458984375
0.14084331337325348,-0.100341796875
0.14096806387225549,-0.11322021484375
0.14109281437125748,-0.10894775390625
0.14121756487025949,-0.088134765625
0.14134231536926148,-0.05401611328125
0.14146706586826346,-0.01171875
0.14159181636726548,0.03228759765625
0.14171656686626746,0.071380615234375
0.14184131736526945,0.099609375
0.14196606786427146,0.112701416015625
0.14209081836327345,0.10870361328125
0.14221556886227546,0.0882568359375
0.14234031936127745,0.054412841796875
0.14246506986027943,0.01239013671875
0.14258982035928144,-0.031494140625
0.14271457085828343,-0.070526123046875
0.14283932135728544,-0.098876953125
0.14296407185628743,-0.1121826171875
0.14308882235528941,-0.10845947265625
0.14321357285429143,-0.088348388671875
0.14333832335329341,-0.054840087890625
0.1434630738522954,-0.013031005859375
0.14358782435129741,0.030670166015625
0.1437125748502994,0.0697021484375
0.14383732534930141,0.098114013671875
0.14396207584830339,0.11163330078125
0.14408682634730538,0.108245849609375
0.14421157684630739,0.088409423828125
0.14433632734530938,0.05523681640625
0.14446107784431136,0.013702392578125
0.14458582834331338,-0.029876708984375
0.14471057884231536,-0.068878173828125
0.14483532934131738,-0.097381591796875
0.14496007984031936,-0.111114501953125
0.14508483033932135,-0.108001708984375
0.14520958083832336,-0.0885009765625
0.14533433133732535,-0.05560302734375
0.14545908183632736,-0.01434326171875
0.14558383233532934,0.029083251953125
0.14570858283433133,0.06805419921875
0.14583333333333334,0.096649169921875
0.14595808383233533,0.110595703125
0.14608283433133731,0.10772705078125
0.14620758483033933,0.08856201171875
0.14633233532934131,0.055999755859375
0.14645708582834333,0.01495361328125
0.14658183632734531,-0.028289794921875
0.1467065868263473,-0.067230224609375
0.14683133732534931,-0.095916748046875
0.14695608782435129,-0.11004638671875
0.14708083832335328,-0.10748291015625
0.14720558882235529,-0.088653564453125
0.14733033932135728,-0.056365966796875
0.14745508982035929,-0.015594482421875
0.14757984031936128,0.027496337890625
0.14770459081836326,0.06640625
0.14782934131736528,0.095184326171875
0.14795409181636726,0.109527587890625
0.14807884231536927,0.10723876953125
0.14820359281437126,0.088714599609375
0.14832834331337325,0.056732177734375
0.14845309381237526,0.016204833984375
0.14857784431137724,-0.0267333984375
0.14870259481037923,-0.065582275390625
0.14882734530938124,-0.094451904296875
0.14895209580838323,-0.108978271484375
0.14907684630738524,-0.106964111328125
0.14920159680638723,-0.0887451171875
0.14932634730538921,-0.057098388671875
0.14945109780439123,-0.016845703125
0.14957584830339321,0.02593994140625
0.1497005988023952,0.06475830078125
0.14982534930139721,0.093719482421875
0.14995009980039919,0.108428955078125
0.15007485029940121,0.106719970703125
0.15019960079840319,0.08880615234375
0.15032435129740518,0.057464599609375
0.15044910179640719,0.0174560546875
0.15057385229540918,-0.025177001953125
0.15069860279441119,-0.063934326171875
0.15082335329341318,-0.092987060546875
0.15094810379241516,-0.10791015625
0.15107285429141717,-0.1064453125
0.15119760479041916,-0.0888671875
0.15132235528942115,-0.057830810546875
0.15144710578842316,-0.018035888671875
0.15157185628742514,0.0244140625
0.15169660678642716,0.063140869140625
0.15182135728542914,0.092254638671875
0.15194610778443113,0.10736083984375
0.15207085828343314,0.106170654296875
0.15219560878243513,0.088897705078125
0.15232035928143711,0.05816650390625
0.15244510978043913,0.018646240234375
0.15256986027944111,-0.023651123046875
0.15269461077844312,-0.06231689453125
0.15281936127744511,-0.091522216796875
0.15294411177644709,-0.1068115234375
0.15306886227544911,-0.10589599609375
0.15319361277445109,-0.08892822265625
0.15331836327345311,-0.058502197265625
0.15344311377245509,-0.019256591796875
0.15356786427145708,0.02288818359375
0.15369261477045909,0.0615234375
0.15381736526946108,0.090789794921875
0.15394211576846306,0.10626220703125
0.15406686626746507,0.105621337890625
0.15419161676646706,0.088958740234375
0.15431636726546907,0.058837890625
0.15444111776447106,0.01983642578125
0.15456586826347304,-0.02215576171875
0.15469061876247506,-0.06072998046875
0.15481536926147704,-0.090057373046875
0.15494011976047903,-0.105712890625
0.15506487025948104,-0.1053466796875
0.15518962075848303,-0.0889892578125
0.15531437125748504,-0.059173583984375
0.15543912175648703,-0.020416259765625
0.15556387225548901,0.021392822265625
0.15568862275449102,0.0599365234375
0.15581337325349301,0.089324951171875
0.15593812375249502,0.10516357421875
0.15606287425149701,0.10504150390625
0.15618762475049899,0.089019775390625
0.15631237524950101,0.05950927734375
0.15643712574850299,0.02099609375
0.15656187624750498,-0.020660400390625
0.15668662674650699,-0.059112548828125
0.15681137724550898,-0.088592529296875
0.15693612774451099,-0.1046142578125
0.15706087824351297,-0.104766845703125
0.15718562874251496,-0.089019775390625
0.15731037924151697,-0.059814453125
0.15743512974051896,-0.021575927734375
0.15755988023952097,0.019927978515625
0.15768463073852296,0.058349609375
0.15780938123752494,0.087860107421875
0.15793413173652696,0.10406494140625
0.15805888223552894,0.104461669921875
0.15818363273453093,0.08905029296875
0.15830838323353294,0.06011962890625
0.15843313373253493,0.022125244140625
0.15855788423153694,-0.019195556640625
0.15868263473053892,-0.05755615234375
0.15880738522954091,-0.087158203125
0.15893213572854292,-0.103515625
0.15905688622754491,-0.104156494140625
0.15918163672654689,-0.08905029296875
0.15930638722554891,-0.0604248046875
0.15943113772455089,-0.022674560546875
0.15955588822355291,0.018463134765625
0.15968063872255489,0.0567626953125
0.15980538922155688,0.08642578125
0.15993013972055889,0.10296630859375
0.16005489021956087,0.1038818359375
0.16017964071856289,0.08905029296875
0.16030439121756487,0.06072998046875
0.16042914171656686,0.02325439453125
0.16055389221556887,-0.017730712890625
0.16067864271457086,-0.05596923828125
0.16080339321357284,-0.085693359375
0.16092814371257486,-0.1024169921875
0.16105289421157684,-0.10357666015625
0.16117764471057885,-0.08905029296875
0.16130239520958084,-0.06103515625
0.16142714570858283,-0.0238037109375
0.16155189620758484,0.016998291015625
0.16167664670658682,0.055206298828125
0.16180139720558881,0.0849609375
0.16192614770459082,0.101837158203125
0.16205089820359281,0.103271484375
0.16217564870259482,0.089019775390625
0.16230039920159681,0.061309814453125
0.16242514970059879,0.024322509765625
0.16254990019960081,-0.01629638671875
0.16267465069860279,-0.054412841796875
0.1627994011976048,-0.084259033203125
0.16292415169660679,-0.101287841796875
0.16304890219560877,-0.10296630859375
0.16317365269461079,-0.089019775390625
0.16329840319361277,-0.06158447265625
0.16342315369261476,-0.024871826171875
0.16354790419161677,0.015594482421875
0.16367265469061876,0.05364990234375
0.16379740518962077,0.083526611328125
0.16392215568862276,0.100738525390625
0.16404690618762474,0.102630615234375
0.16417165668662675,0.0889892578125
0.16429640718562874,0.061859130859375
0.16442115768463073,0.025390625
0.16454590818363274,-0.014892578125
0.16467065868263472,-0.052886962890625
0.16479540918163674,-0.08282470703125
0.16492015968063872,-0.10015869140625
0.16504491017964071,-0.102325439453125
0.16516966067864272,-0.088958740234375
0.16529441117764471,-0.0621337890625
0.16541916167664672,-0.02593994140625
0.16554391217564871,0.014190673828125
0.16566866267465069,0.052093505859375
0.1657934131736527,0.08209228515625
0.16591816367265469,0.099609375
0.16604291417165667,0.102020263671875
0.16616766467065869,0.08892822265625
0.16629241516966067,0.062408447265625
0.16641716566866269,0.026458740234375
0.16654191616766467,-0.01348876953125
0.16666666666666666,-0.05133056640625
0.16679141716566867,-0.08135986328125
0.16691616766467066,-0.099029541015625
0.16704091816367264,-0.1016845703125
0.16716566866267465,-0.088897705078125
0.16729041916167664,-0.06268310546875
0.16741516966067865,-0.026947021484375
0.16753992015968064,0.012786865234375
0.16766467065868262,0.050567626953125
0.16778942115768464,0.080657958984375
0.16791417165668662,0.098480224609375
0.16803892215568864,0.101348876953125
0.16816367265469062,0.0888671875
0.16828842315369261,0.06292724609375
0.16841317365269462,0.0274658203125
0.16853792415169661,-0.012115478515625
0.16866267465069859,-0.049835205078125
0.1687874251497006,-0.0799560546875
0.16891217564870259,-0.097930908203125
0.1690369261477046,-0.101043701171875
0.16916167664670659,-0.088836669921875
0.16928642714570857,-0.06317138671875
0.16941117764471059,-0.027984619140625
0.16953592814371257,0.011444091796875
0.16966067864271456,0.049072265625
0.16978542914171657,0.0792236328125
0.16991017964071856,0.09735107421875
0.17003493013972057,0.1007080078125
0.17015968063872255,0.088775634765625
0.17028443113772454,0.06341552734375
0.17040918163672655,0.028472900390625
0.17053393213572854,-0.010772705078125
0.17065868263473055,-0.048309326171875
0.17078343313373254,-0.078521728515625
0.17090818363273452,-0.096771240234375
0.17103293413173654,-0.100372314453125
0.17115768463073852,-0.0887451171875
0.17128243512974051,-0.06365966796875
0.17140718562874252,-0.028961181640625
0.17153193612774451,0.010101318359375
0.17165668662674652,0.047576904296875
0.1717814371257485,0.07781982421875
0.17190618762475049,0.096221923828125
0.1720309381237525,0.10003662109375
0.17215568862275449,0.08868408203125
0.17228043912175647,0.06390380859375
0.17240518962075849,0.029449462890625
0.17252994011976047,-0.009429931640625
0.17265469061876249,-0.04681396484375
0.17277944111776447,-0.07708740234375
0.17290419161676646,-0.09564208984375
0.17302894211576847,-0.099700927734375
0.17315369261477045,-0.088623046875
0.17327844311377247,-0.064117431640625
0.17340319361277445,-0.029937744140625
0.17352794411177644,0.008758544921875
0.17365269461077845,0.04608154296875
0.17377744510978044,0.076385498046875
0.17390219560878242,0.0950927734375
0.17402694610778444,0.099334716796875
0.17415169660678642,0.08856201171875
0.17427644710578843,0.0643310546875
0.17440119760479042,0.0303955078125
0.17452594810379241,-0.00811767578125
0.17465069860279442,-0.04534912109375
0.1747754491017964,-0.07568359375
0.17490019960079839,-0.094512939453125
0.1750249500998004,-0.0989990234375
0.17514970059880239,-0.088470458984375
0.1752744510978044,-0.0645751953125
0.17539920159680639,-0.0308837890625
0.17552395209580837,0.0074462890625
0.17564870259481039,0.04461669921875
0.17577345309381237,0.074981689453125
0.17589820359281438,0.09393310546875
0.17602295409181637,0.098663330078125
0.17614770459081835,0.088409423828125
0.17627245508982037,0.06475830078125
0.17639720558882235,0.031341552734375
0.17652195608782434,-0.006805419921875
0.17664670658682635,-0.04388427734375
0.17677145708582834,-0.07427978515625
0.17689620758483035,-0.0933837890625
0.17702095808383234,-0.098297119140625
0.17714570858283432,-0.08831787109375
0.17727045908183633,-0.064971923828125
0.17739520958083832,-0.03179931640625
0.17751996007984033,0.00616455078125
0.17764471057884232,0.04315185546875
0.1777694610778443,0.073577880859375
0.17789421157684632,0.092803955078125
0.1780189620758483,0.09796142578125
0.17814371257485029,0.0882568359375
0.1782684630738523,0.065185546875
0.17839321357285429,0.032257080078125
0.1785179640718563,-0.005523681640625
0.17864271457085829,-0.04241943359375
0.17876746506986027,-0.0728759765625
0.17889221556886228,-0.09222412109375
0.17901696606786427,-0.09759521484375
0.17914171656686625,-0.088165283203125
0.17926646706586827,-0.06536865234375
0.17939121756487025,-0.03271484375
0.17951596806387227,0.0048828125
0.17964071856287425,0.041717529296875
0.17976546906187624,0.072174072265625
0.17989021956087825,0.091644287109375
0.18001497005988024,0.09722900390625
0.18013972055888225,0.08807373046875
0.18026447105788423,0.065582275390625
0.18038922155688622,0.03314208984375
0.18051397205588823,-0.0042724609375
0.18063872255489022,-0.040985107421875
0.1807634730538922,-0.07147216796875
0.18088822355289422,-0.091094970703125
0.1810129740518962,-0.09686279296875
0.18113772455089822,-0.087982177734375
0.1812624750499002,-0.065765380859375
0.18138722554890219,-0.033599853515625
0.1815119760479042,0.003631591796875
0.18163672654690619,0.040283203125
0.18176147704590817,0.070770263671875
0.18188622754491018,0.09051513671875
0.18201097804391217,0.096527099609375
0.18213572854291418,0.087890625
0.18226047904191617,0.065948486328125
0.18238522954091815,0.034027099609375
0.18250998003992017,-0.003021240234375
0.18263473053892215,-0.039581298828125
0.18275948103792417,-0.070068359375
0.18288423153692615,-0.089935302734375
0.18300898203592814,-0.096160888671875
0.18313373253493015,-0.0877685546875
0.18325848303393213,-0.06610107421875
0.18338323353293412,-0.034454345703125
0.18350798403193613,0.002410888671875
0.18363273453093812,0.038848876953125
0.18375748502994013,0.06939697265625
0.18388223552894212,0.08935546875
0.1840069860279441,0.095794677734375
0.18413173652694612,0.087677001953125
0.1842564870259481,0.0662841796875
0.18438123752495009,0.034881591796875
0.1845059880239521,-0.001800537109375
0.18463073852295409,-0.03814697265625
0.1847554890219561,-0.068695068359375
0.18488023952095808,-0.088775634765625
0.18500499001996007,-0.09539794921875
0.18512974051896208,-0.087554931640625
0.18525449101796407,-0.066436767578125
0.18537924151696608,-0.0352783203125
0.18550399201596807,0.001190185546875
0.18562874251497005,0.037445068359375
0.18575349301397207,0.0679931640625
0.18587824351297405,0.088226318359375
0.18600299401197604,0.09503173828125
0.18612774451097805,0.087432861328125
0.18625249500998003,0.066619873046875
0.18637724550898205,0.03570556640625
0.18650199600798403,-0.000579833984375
0.18662674650698602,-0.036773681640625
0.18675149700598803,-0.06732177734375
0.18687624750499002,-0.087646484375
0.187000998003992,-0.09466552734375
0.18712574850299402,-0.08734130859375
0.187250499001996,-0.0667724609375
0.18737524950099801,-0.036102294921875
0.1875,0
0.18762475049900199,0.03607177734375
0.187749500998004,0.066619873046875
0.18787425149700598,0.087066650390625
0.187999001996008,0.09429931640625
0.18812375249500998,0.08721923828125
0.18824850299401197,0.066925048828125
0.18837325349301398,0.0364990234375
0.18849800399201597,0.000579833984375
0.18862275449101795,-0.035369873046875
0.18874750499001997,-0.065948486328125
0.18887225548902195,-0.08648681640625
0.18899700598802396,-0.093902587890625
0.18912175648702595,-0.087066650390625
0.18924650698602793,-0.067047119140625
0.18937125748502995,-0.036895751953125
0.18949600798403193,-0.001190185546875
0.18962075848303392,0.034698486328125
0.18974550898203593,0.065277099609375
0.18987025948103792,0.085906982421875
0.18999500998003993,0.093536376953125
0.19011976047904192,0.086944580078125
0.1902445109780439,0.06719970703125
0.19036926147704591,0.03729248046875
0.1904940119760479,0.00177001953125
0.19061876247504991,-0.03399658203125
0.1907435129740519,-0.0645751953125
0.19086826347305388,-0.0853271484375
0.1909930139720559,-0.0931396484375
0.19111776447105788,-0.086822509765625
0.19124251497005987,-0.067352294921875
0.19136726546906188,-0.037689208984375
0.19149201596806387,-0.0023193359375
0.19161676646706588,0.0333251953125
0.19174151696606787,0.06390380859375
0.19186626746506985,0.08477783203125
0.19199101796407186,0.092742919921875
0.19211576846307385,0.086669921875
0.19224051896207583,0.067474365234375
0.19236526946107785,0.038055419921875
0.19249001996007983,0.002899169921875
0.19261477045908185,-0.03265380859375
0.19273952095808383,-0.063232421875
0.19286427145708582,-0.084197998046875
0.19298902195608783,-0.092376708984375
0.19311377245508982,-0.0865478515625
0.19323852295409183,-0.067596435546875
0.19336327345309381,-0.038421630859375
0.1934880239520958,-0.00347900390625
0.19361277445109781,0.031982421875
0.1937375249500998,0.06256103515625
0.19386227544910178,0.0836181640625
0.1939870259481038,0.09197998046875
0.19411177644710578,0.086395263671875
0.1942365269461078,0.067718505859375
0.19436127744510978,0.038787841796875
0.19448602794411177,0.0040283203125
0.19461077844311378,-0.03131103515625
0.19473552894211577,-0.0618896484375
0.19486027944111775,-0.083038330078125
0.19498502994011976,-0.091583251953125
0.19510978043912175,-0.08624267578125
0.19523453093812376,-0.067840576171875
0.19535928143712575,-0.039154052734375
0.19548403193612773,-0.00457763671875
0.19560878243512975,0.0306396484375
0.19573353293413173,0.06121826171875
0.19585828343313375,0.08245849609375
0.19598303393213573,0.0911865234375
0.19610778443113772,0.086090087890625
0.19623253493013973,0.067962646484375
0.19635728542914171,0.039520263671875
0.1964820359281437,0.005126953125
0.19660678642714571,-0.029998779296875
0.1967315369261477,-0.060546875
0.19685628742514971,-0.081878662109375
0.1969810379241517,-0.090789794921875
0.19710578842315368,-0.0859375
0.1972305389221557,-0.06805419921875
0.19735528942115768,-0.039886474609375
0.19748003992015967,-0.00567626953125
0.19760479041916168,0.029327392578125
0.19772954091816367,0.05987548828125
0.19785429141716568,0.081298828125
0.19797904191616766,0.09039306640625
0.19810379241516965,0.085784912109375
0.19822854291417166,0.06817626953125
0.19835329341317365,0.04022216796875
0.19847804391217566,0.0062255859375
0.19860279441117765,-0.0286865234375
0.19872754491017963,-0.0592041015625
0.19885229540918165,-0.080718994140625
0.19897704590818363,-0.089996337890625
0.19910179640718562,-0.085601806640625
0.19922654690618763,-0.068267822265625
0.19935129740518961,-0.04058837890625
0.19947604790419163,-0.00677490234375
0.19960079840319361,0.02801513671875
0.1997255489021956,0.05853271484375
0.19985029940119761,0.080169677734375
0.1999750499001996,0.089599609375
0.20009980039920161,0.08544921875
0.2002245508982036,0.068359375
0.20034930139720558,0.040924072265625
0.20047405189620759,0.007293701171875
0.20059880239520958,-0.027374267578125
0.20072355289421157,-0.057891845703125
0.20084830339321358,-0.07958984375
0.20097305389221556,-0.089202880859375
0.20109780439121758,-0.085296630859375
0.20122255489021956,-0.068450927734375
0.20134730538922155,-0.041259765625
0.20147205588822356,-0.007843017578125
0.20159680638722555,0.0267333984375
0.20172155688622753,0.057220458984375
0.20184630738522955,0.079010009765625
0.20197105788423153,0.08880615234375
0.20209580838323354,0.085113525390625
0.20222055888223553,0.06854248046875
0.20234530938123751,0.041595458984375
0.20247005988023953,0.00836181640625
0.20259481037924151,-0.026092529296875
0.20271956087824353,-0.05657958984375
0.20284431137724551,-0.07843017578125
0.2029690618762475,-0.08837890625
0.20309381237524951,-0.084930419921875
0.2032185628742515,-0.068603515625
0.20334331337325348,-0.041900634765625
0.20346806387225549,-0.008880615234375
0.20359281437125748,0.02545166015625
0.20371756487025949,0.055908203125
0.20384231536926148,0.077850341796875
0.20396706586826346,0.087982177734375
0.20409181636726548,0.084747314453125
0.20421656686626746,0.068695068359375
0.20434131736526945,0.042236328125
0.20446606786427146,0.0093994140625
0.20459081836327345,-0.02484130859375
0.20471556886227546,-0.055267333984375
0.20484031936127745,-0.0772705078125
0.20496506986027943,-0.087554931640625
0.20508982035928144,-0.084564208984375
0.20521457085828343,-0.068756103515625
0.20533932135728544,-0.04254150390625
0.20546407185628743,-0.0098876953125
0.20558882235528941,0.024200439453125
0.20571357285429143,0.054595947265625
0.20583832335329341,0.07672119140625
0.2059630738522954,0.087158203125
0.20608782435129741,0.084381103515625
0.2062125748502994,0.068817138671875
0.20633732534930141,0.0428466796875
0.20646207584830339,0.010406494140625
0.20658682634730538,-0.023590087890625
0.20671157684630739,-0.053955078125
0.20683632734530938,-0.076141357421875
0.20696107784431136,-0.08673095703125
0.20708582834331338,-0.084197998046875
0.20721057884231536,-0.068878173828125
0.20733532934131738,-0.04315185546875
0.20746007984031936,-0.01092529296875
0.20758483033932135,0.02294921875
0.20770958083832336,0.053314208984375
0.20783433133732535,0.0755615234375
0.20795908183632736,0.086334228515625
0.20808383233532934,0.084014892578125
0.20820858283433133,0.068939208984375
0.20833333333333334,0.04345703125
0.20845808383233533,0.01141357421875
0.20858283433133731,-0.0223388671875
0.20870758483033933,-0.05267333984375
0.20883233532934131,-0.074981689453125
0.20895708582834333,-0.085906982421875
0.20908183632734531,-0.08380126953125
0.2092065868263473,-0.069000244140625
0.20933133732534931,-0.04376220703125
0.20945608782435129,-0.01190185546875
0.20958083832335328,0.021728515625
0.20970558882235529,0.052032470703125
0.20983033932135728,0.07440185546875
0.20995508982035929,0.08551025390625
0.21007984031936128,0.0836181640625
0.21020459081836326,0.069061279296875
0.21032934131736528,0.044036865234375
0.21045409181636726,0.01239013671875
0.21057884231536927,-0.0211181640625
0.21070359281437126,-0.0513916015625
0.21082834331337325,-0.0738525390625
0.21095309381237526,-0.0850830078125
0.21107784431137724,-0.083404541015625
0.21120259481037923,-0.069091796875
0.21132734530938124,-0.044342041015625
0.21145209580838323,-0.01287841796875
0.21157684630738524,0.0205078125
0.21170159680638723,0.050750732421875
0.21182634730538921,0.073272705078125
0.21195109780439123,0.08465576171875
0.21207584830339321,0.083221435546875
0.2122005988023952,0.06915283203125
0.21232534930139721,0.04461669921875
0.21245009980039919,0.013336181640625
0.21257485029940121,-0.0198974609375
0.21269960079840319,-0.05010986328125
0.21282435129740518,-0.07269287109375
0.21294910179640719,-0.084228515625
0.21307385229540918,-0.0830078125
0.21319860279441119,-0.069183349609375
0.21332335329341318,-0.044891357421875
0.21344810379241516,-0.013824462890625
0.21357285429141717,0.019317626953125
0.21369760479041916,0.04949951171875
0.21382235528942115,0.0721435546875
0.21394710578842316,0.083831787109375
0.21407185628742514,0.082794189453125
0.21419660678642716,0.0692138671875
0.21432135728542914,0.045166015625
0.21444610778443113,0.0142822265625
0.21457085828343314,-0.018707275390625
0.21469560878243513,-0.048858642578125
0.21482035928143711,-0.071563720703125
0.21494510978043913,-0.083404541015625
0.21506986027944111,-0.08258056640625
0.21519461077844312,-0.069244384765625
0.21531936127744511,-0.045440673828125
0.21544411177644709,-0.0147705078125
0.21556886227544911,0.01812744140625
0.21569361277445109,0.0482177734375
0.21581836327345311,0.07098388671875
0.21594311377245509,0.082977294921875
0.21606786427145708,0.082366943359375
0.21619261477045909,0.06927490234375
0.21631736526946108,0.045684814453125
0.21644211576846306,0.015228271484375
0.21656686626746507,-0.017547607421875
0.21669161676646706,-0.047607421875
0.21681636726546907,-0.0704345703125
0.21694111776447106,-0.082550048828125
0.21706586826347304,-0.0821533203125
0.21719061876247506,-0.069305419921875
0.21731536926147704,-0.04595947265625
0.21744011976047903,-0.01568603515625
0.21756487025948104,0.0169677734375
0.21768962075848303,0.046966552734375
0.21781437125748504,0.069854736328125
0.21793912175648703,0.082122802734375
0.21806387225548901,0.0819091796875
0.21818862275449102,0.069305419921875
0.21831337325349301,0.04620361328125
0.21843812375249502,0.01611328125
0.21856287425149701,-0.016387939453125
0.21868762475049899,-0.046356201171875
0.21881237524950101,-0.06927490234375
0.21893712574850299,-0.081695556640625
0.21906187624750498,-0.081695556640625
0.21918662674650699,-0.0693359375
0.21931137724550898,-0.04644775390625
0.21943612774451099,-0.016571044921875
0.21956087824351297,0.01580810546875
0.21968562874251496,0.045745849609375
0.21981037924151697,0.0687255859375
0.21993512974051896,0.081268310546875
0.22005988023952097,0.08148193359375
0.22018463073852296,0.0693359375
0.22030938123752494,0.04669189453125
0.22043413173652696,0.01702880859375
0.22055888223552894,-0.015228271484375
0.22068363273453093,-0.045135498046875
0.22080838323353294,-0.068145751953125
0.22093313373253493,-0.080841064453125
0.22105788423153694,-0.08123779296875
0.22118263473053892,-0.0693359375
0.22130738522954091,-0.04693603515625
0.22143213572854292,-0.0174560546875
0.22155688622754491,0.0146484375
0.22168163672654689,0.04449462890625
0.22180638722554891,0.067596435546875
0.22193113772455089,0.080413818359375
0.22205588822355291,0.081024169921875
0.22218063872255489,0.0693359375
0.22230538922155688,0.04718017578125
0.22243013972055889,0.01788330078125
0.22255489021956087,-0.01409912109375
0.22267964071856289,-0.04388427734375
0.22280439121756487,-0.0670166015625
0.22292914171656686,-0.0799560546875
0.22305389221556887,-0.080780029296875
0.22317864271457086,-0.0693359375
0.22330339321357284,-0.04742431640625
0.22342814371257486,-0.018310546875
0.22355289421157684,0.013519287109375
0.22367764471057885,0.043304443359375
0.22380239520958084,0.06646728515625
0.22392714570858283,0.07952880859375
0.22405189620758484,0.080535888671875
0.22417664670658682,0.0693359375
0.22430139720558881,0.047637939453125
0.22442614770459082,0.01873779296875
0.22455089820359281,-0.012969970703125
0.22467564870259482,-0.042694091796875
0.22480039920159681,-0.065887451171875
0.22492514970059879,-0.0791015625
0.22504990019960081,-0.080291748046875
0.22517465069860279,-0.0693359375
0.2252994011976048,-0.0478515625
0.22542415169660679,-0.0191650390625
0.22554890219560877,0.012420654296875
0.22567365269461079,0.042083740234375
0.22579840319361277,0.065338134765625
0.22592315369261476,0.07867431640625
0.22604790419161677,0.080047607421875
0.22617265469061876,0.069305419921875
0.22629740518962077,0.048065185546875
0.22642215568862276,0.019561767578125
0.22654690618762474,-0.011871337890625
0.22667165668662675,-0.041473388671875
0.22679640718562874,-0.064788818359375
0.22692115768463073,-0.078216552734375
0.22704590818363274,-0.079803466796875
0.22717065868263472,-0.069305419921875
0.22729540918163674,-0.04827880859375
0.22742015968063872,-0.019989013671875
0.22754491017964071,0.011322021484375
0.22766966067864272,0.0408935546875
0.22779441117764471,0.064208984375
0.22791916167664672,0.077789306640625
0.22804391217564871,0.079559326171875
0.22816866267465069,0.06927490234375
0.2282934131736527,0.048492431640625
0.22841816367265469,0.0203857421875
0.22854291417165667,-0.010772705078125
0.22866766467065869,-0.040283203125
0.22879241516966067,-0.06365966796875
0.22891716566866269,-0.077362060546875
0.22904191616766467,-0.079315185546875
0.22916666666666666,-0.069244384765625
0.22929141716566867,-0.0487060546875
0.22941616766467066,-0.02081298828125
0.22954091816367264,0.010223388671875
0.22966566866267465,0.039703369140625
0.22979041916167664,0.0631103515625
0.22991516966067865,0.076904296875
0.23003992015968064,0.079071044921875
0.23016467065868262,0.0692138671875
0.23028942115768464,0.048919677734375
0.23041417165668662,0.021209716796875
0.23053892215568864,-0.00970458984375
0.23066367265469062,-0.039093017578125
0.23078842315369261,-0.062530517578125
0.23091317365269462,-0.07647705078125
0.23103792415169661,-0.07879638671875
0.23116267465069859,-0.069183349609375
0.2312874251497006,-0.049102783203125
0.23141217564870259,-0.021575927734375
0.2315369261477046,0.0091552734375
0.23166167664670659,0.03851318359375
0.23178642714570857,0.061981201171875
0.23191117764471059,0.0760498046875
0.23203592814371257,0.07855224609375
0.23216067864271456,0.06915283203125
0.23228542914171657,0.049285888671875
0.23241017964071856,0.02197265625
0.23253493013972057,-0.008636474609375
0.23265968063872255,-0.037933349609375
0.23278443113772454,-0.061431884765625
0.23290918163672655,-0.075592041015625
0.23303393213572854,-0.07830810546875
0.23315868263473055,-0.069122314453125
0.23328343313373254,-0.04949951171875
0.23340818363273452,-0.022369384765625
0.23353293413173654,0.00811767578125
0.23365768463073852,0.037322998046875
0.23378243512974051,0.060882568359375
0.23390718562874252,0.075164794921875
0.23403193612774451,0.078033447265625
0.23415668662674652,0.069091796875
0.2342814371257485,0.0496826171875
0.23440618762475049,0.022735595703125
0.2345309381237525,-0.007598876953125
0.23465568862275449,-0.0367431640625
0.23478043912175647,-0.060333251953125
0.23490518962075849,-0.07470703125
0.23502994011976047,-0.0777587890625
0.23515469061876249,-0.06903076171875
0.23527944111776447,-0.049835205078125
0.23540419161676646,-0.02313232421875
0.23552894211576847,0.007080078125
0.23565369261477045,0.03619384765625
0.23577844311377247,0.05975341796875
0.23590319361277445,0.07427978515625
0.23602794411177644,0.0775146484375
0.23615269461077845,0.069000244140625
0.23627744510978044,0.050018310546875
0.23640219560878242,0.02349853515625
0.23652694610778444,-0.006561279296875
0.23665169660678642,-0.035614013671875
0.23677644710578843,-0.0592041015625
0.23690119760479042,-0.073822021484375
0.23702594810379241,-0.077239990234375
0.23715069860279442,-0.068939208984375
0.2372754491017964,-0.050201416015625
0.23740019960079839,-0.02386474609375
0.2375249500998004,0.00604248046875
0.23764970059880239,0.0350341796875
0.2377744510978044,0.05865478515625
0.23789920159680639,0.073394775390625
0.23802395209580837,0.07696533203125
0.23814870259481039,0.068878173828125
0.23827345309381237,0.05035400390625
0.23839820359281438,0.02423095703125
0.23852295409181637,-0.00555419921875
0.23864770459081835,-0.034454345703125
0.23877245508982037,-0.05810546875
0.23889720558882235,-0.07293701171875
0.23902195608782434,-0.076690673828125
0.23914670658682635,-0.068817138671875
0.23927145708582834,-0.050537109375
0.23939620758483035,-0.02459716796875
0.23952095808383234,0.005035400390625
0.23964570858283432,0.033905029296875
0.23977045908183633,0.05755615234375
0.23989520958083832,0.072509765625
0.24001996007984033,0.076416015625
0.24014471057884232,0.068756103515625
0.2402694610778443,0.050689697265625
0.24039421157684632,0.024932861328125
0.2405189620758483,-0.004547119140625
0.24064371257485029,-0.0333251953125
0.2407684630738523,-0.0570068359375
0.24089321357285429,-0.072052001953125
0.2410179640718563,-0.076141357421875
0.24114271457085829,-0.068695068359375
0.24126746506986027,-0.05084228515625
0.24139221556886228,-0.025299072265625
0.24151696606786427,0.004058837890625
0.24164171656686625,0.03277587890625
0.24176646706586827,0.056488037109375
0.24189121756487025,0.07159423828125
0.24201596806387227,0.07586669921875
0.24214071856287425,0.068634033203125
0.24226546906187624,0.050994873046875
0.24239021956087825,0.025634765625
0.24251497005988024,-0.003570556640625
0.24263972055888225,-0.032196044921875
0.24276447105788423,-0.055938720703125
0.24288922155688622,-0.0711669921875
0.24301397205588823,-0.075592041015625
0.24313872255489022,-0.06854248046875
0.2432634730538922,-0.0511474609375
0.24338822355289422,-0.0260009765625
0.2435129740518962,0.003082275390625
0.24363772455089822,0.031646728515625
0.2437624750499002,0.055389404296875
0.24388722554890219,0.070709228515625
0.2440119760479042,0.0753173828125
0.24413672654690619,0.0684814453125
0.24426147704590817,0.05126953125
0.24438622754491018,0.026336669921875
0.24451097804391217,-0.002593994140625
0.24463572854291418,-0.031097412109375
0.24476047904191617,-0.054840087890625
0.24488522954091815,-0.070281982421875
0.24500998003992017,-0.07501220703125
0.24513473053892215,-0.068389892578125
0.24525948103792417,-0.051422119140625
0.24538423153692615,-0.02667236328125
0.24550898203592814,0.002105712890625
0.24563373253493015,0.030548095703125
0.24575848303393213,0.0543212890625
0.24588323353293412,0.06982421875
0.24600798403193613,0.074737548828125
0.24613273453093812,0.068328857421875
0.24625748502994013,0.051544189453125
0.24638223552894212,0.0269775390625
0.2465069860279441,-0.00164794921875
0.24663173652694612,-0.029998779296875
0.2467564870259481,-0.05377197265625
0.24688123752495009,-0.069366455078125
0.2470059880239521,-0.074462890625
0.24713073852295409,-0.0682373046875
0.2472554890219561,-0.05169677734375
0.24738023952095808,-0.027313232421875
0.24750499001996007,0.00115966796875
0.24762974051896208,0.029449462890625
0.24775449101796407,0.05322265625
0.24787924151696608,0.068939208984375
0.24800399201596807,0.07415771484375
0.24812874251497005,0.068145751953125
0.24825349301397207,0.05181884765625
0.24837824351297405,0.02764892578125
0.24850299401197604,-0.000701904296875
0.24862774451097805,-0.028900146484375
0.24875249500998003,-0.052703857421875
0.24887724550898205,-0.0684814453125
0.24900199600798403,-0.073883056640625
0.24912674650698602,-0.06805419921875
0.24925149700598803,-0.05194091796875
0.24937624750499002,-0.0279541015625
0.249500998003992,0.000244140625
0.24962574850299402,0.028350830078125
0.249750499001996,0.052154541015625
0.24987524950099801,0.068023681640625
0.25,0.073577880859375
0.25012475049900201,0.067962646484375
0.25024950099800397,0.05206298828125
0.25037425149700598,0.02825927734375
0.250499001996008,0.000244140625
0.25062375249500995,-0.02783203125
0.25074850299401197,-0.0516357421875
0.25087325349301398,-0.067596435546875
0.25099800399201599,-0.073272705078125
0.25112275449101795,-0.06787109375
0.25124750499001997,-0.05218505859375
0.25137225548902198,-0.028594970703125
0.25149700598802394,-0.000701904296875
0.25162175648702595,0.02728271484375
0.25174650698602796,0.05108642578125
0.25187125748502992,0.067138671875
0.25199600798403193,0.072998046875
0.25212075848303395,0.067779541015625
0.2522455089820359,0.052276611328125
0.25237025948103792,0.028900146484375
0.25249500998003993,0.001129150390625
0.25261976047904194,-0.026763916015625
0.2527445109780439,-0.050567626953125
0.25286926147704591,-0.066680908203125
0.25299401197604793,-0.07269287109375
0.25311876247504989,-0.067657470703125
0.2532435129740519,-0.052398681640625
0.25336826347305391,-0.029205322265625
0.25349301397205587,-0.0015869140625
0.25361776447105788,0.026214599609375
0.2537425149700599,0.050048828125
0.25386726546906185,0.066253662109375
0.25399201596806387,0.0723876953125
0.25411676646706588,0.06756591796875
0.25424151696606784,0.052490234375
0.25436626746506985,0.02947998046875
0.25449101796407186,0.002044677734375
0.25461576846307388,-0.02569580078125
0.25474051896207583,-0.04949951171875
0.25486526946107785,-0.0657958984375
0.25499001996007986,-0.07208251953125
0.25511477045908182,-0.06744384765625
0.25523952095808383,-0.052581787109375
0.25536427145708585,-0.02978515625
0.2554890219560878,-0.002471923828125
0.25561377245508982,0.025177001953125
0.25573852295409183,0.048980712890625
0.25586327345309379,0.065338134765625
0.2559880239520958,0.07177734375
0.25611277445109781,0.067352294921875
0.25623752495009983,0.052703857421875
0.25636227544910178,0.03009033203125
0.2564870259481038,0.0029296875
0.25661177644710581,-0.024658203125
0.25673652694610777,-0.0484619140625
0.25686127744510978,-0.06488037109375
0.25698602794411179,-0.07147216796875
0.25711077844311375,-0.067230224609375
0.25723552894211577,-0.05279541015625
0.25736027944111778,-0.030364990234375
0.25748502994011974,-0.00335693359375
0.25760978043912175,0.024139404296875
0.25773453093812376,0.047943115234375
0.25785928143712578,0.064453125
0.25798403193612773,0.0711669921875
0.25810878243512975,0.067108154296875
0.25823353293413176,0.052886962890625
0.25835828343313372,0.0306396484375
0.25848303393213573,0.0037841796875
0.25860778443113774,-0.02362060546875
0.2587325349301397,-0.04742431640625
0.25885728542914171,-0.063995361328125
0.25898203592814373,-0.07086181640625
0.25910678642714569,-0.066986083984375
0.2592315369261477,-0.052947998046875
0.25935628742514971,-0.030914306640625
0.25948103792415167,-0.00421142578125
0.25960578842315368,0.023101806640625
0.2597305389221557,0.046875
0.25985528942115771,0.06353759765625
0.25998003992015967,0.070556640625
0.26010479041916168,0.066864013671875
0.26022954091816369,0.05303955078125
0.26035429141716565,0.03118896484375
0.26047904191616766,0.004638671875
0.26060379241516968,-0.0225830078125
0.26072854291417163,-0.046356201171875
0.26085329341317365,-0.0631103515625
0.26097804391217566,-0.07025146484375
0.26110279441117762,-0.066741943359375
0.26122754491017963,-0.053131103515625
0.26135229540918165,-0.031463623046875
0.26147704590818366,-0.00506591796875
0.26160179640718562,0.0220947265625
0.26172654690618763,0.045867919921875
0.26185129740518964,0.062652587890625
0.2619760479041916,0.0699462890625
0.26210079840319361,0.066619873046875
0.26222554890219563,0.053192138671875
0.26235029940119758,0.03173828125
0.2624750499001996,0.0054931640625
0.26259980039920161,-0.021575927734375
0.26272455089820357,-0.04534912109375
0.26284930139720558,-0.06219482421875
0.26297405189620759,-0.069610595703125
0.26309880239520961,-0.066497802734375
0.26322355289421157,-0.05328369140625
0.26334830339321358,-0.031982421875
0.26347305389221559,-0.005889892578125
0.26359780439121755,0.021087646484375
0.26372255489021956,0.044830322265625
0.26384730538922158,0.061767578125
0.26397205588822353,0.069305419921875
0.26409680638722555,0.06634521484375
0.26422155688622756,0.0533447265625
0.26434630738522952,0.032257080078125
0.26447105788423153,0.006317138671875
0.26459580838323354,-0.02056884765625
0.2647205588822355,-0.0443115234375
0.26484530938123751,-0.061309814453125
0.26497005988023953,-0.069000244140625
0.26509481037924154,-0.06622314453125
0.2652195608782435,-0.05340576171875
0.26534431137724551,-0.032501220703125
0.26546906187624753,-0.0067138671875
0.26559381237524948,0.02008056640625
0.2657185628742515,0.043792724609375
0.26584331337325351,0.06085205078125
0.26596806387225547,0.06866455078125
0.26609281437125748,0.066070556640625
0.26621756487025949,0.053466796875
0.26634231536926145,0.03277587890625
0.26646706586826346,0.007110595703125
0.26659181636726548,-0.01959228515625
0.26671656686626749,-0.043304443359375
0.26684131736526945,-0.0604248046875
0.26696606786427146,-0.068359375
0.26709081836327347,-0.065948486328125
0.26721556886227543,-0.05352783203125
0.26734031936127745,-0.03302001953125
0.26746506986027946,-0.00750732421875
0.26758982035928142,0.01910400390625
0.26771457085828343,0.04278564453125
0.26783932135728544,0.059967041015625
0.2679640718562874,0.068023681640625
0.26808882235528941,0.0657958984375
0.26821357285429143,0.0535888671875
0.26833832335329344,0.03326416015625
0.2684630738522954,0.007904052734375
0.26858782435129741,-0.01861572265625
0.26871257485029942,-0.042266845703125
0.26883732534930138,-0.05950927734375
0.26896207584830339,-0.067718505859375
0.26908682634730541,-0.065643310546875
0.26921157684630737,-0.053619384765625
0.26933632734530938,-0.03350830078125
0.26946107784431139,-0.00830078125
0.26958582834331335,0.01812744140625
0.26971057884231536,0.041778564453125
0.26983532934131738,0.05908203125
0.26996007984031933,0.0673828125
0.27008483033932135,0.06549072265625
0.27020958083832336,0.053680419921875
0.27033433133732537,0.033721923828125
0.27045908183632733,0.008697509765625
0.27058383233532934,-0.01763916015625
0.27070858283433136,-0.041259765625
0.27083333333333331,-0.058624267578125
0.27095808383233533,-0.06707763671875
0.27108283433133734,-0.065338134765625
0.2712075848303393,-0.0537109375
0.27133233532934131,-0.033966064453125
0.27145708582834333,-0.009063720703125
0.27158183632734528,0.01715087890625
0.2717065868263473,0.040771484375
0.27183133732534931,0.05816650390625
0.27195608782435132,0.066741943359375
0.27208083832335328,0.065185546875
0.27220558882235529,0.05377197265625
0.27233033932135731,0.0341796875
0.27245508982035926,0.00946044921875
0.27257984031936128,-0.016693115234375
0.27270459081836329,-0.040283203125
0.27282934131736525,-0.0577392578125
0.27295409181636726,-0.066436767578125
0.27307884231536927,-0.065032958984375
0.27320359281437123,-0.053802490234375
0.27332834331337325,-0.034423828125
0.27345309381237526,-0.00982666015625
0.27357784431137727,0.016204833984375
0.27370259481037923,0.039764404296875
0.27382734530938124,0.057281494140625
0.27395209580838326,0.06610107421875
0.27407684630738521,0.06488037109375
0.27420159680638723,0.0538330078125
0.27432634730538924,0.034637451171875
0.2744510978043912,0.010223388671875
0.27457584830339321,-0.0157470703125
0.27470059880239522,-0.039276123046875
0.27482534930139718,-0.056854248046875
0.27495009980039919,-0.065765380859375
0.27507485029940121,-0.064727783203125
0.27519960079840322,-0.053863525390625
0.27532435129740518,-0.03485107421875
0.27544910179640719,-0.010589599609375
0.27557385229540921,0.0152587890625
0.27569860279441116,0.038787841796875
0.27582335329341318,0.056396484375
0.27594810379241519,0.0654296875
0.27607285429141715,0.0645751953125
0.27619760479041916,0.05389404296875
0.27632235528942117,0.035064697265625
0.27644710578842313,0.010955810546875
0.27657185628742514,-0.014801025390625
0.27669660678642716,-0.038299560546875
0.27682135728542911,-0.055938720703125
0.27694610778443113,-0.06512451171875
0.27707085828343314,-0.06439208984375
0.27719560878243515,-0.053924560546875
0.27732035928143711,-0.0352783203125
0.27744510978043913,-0.011322021484375
0.27756986027944114,0.01434326171875
0.2776946107784431,0.037811279296875
0.27781936127744511,0.055511474609375
0.27794411177644712,0.064788818359375
0.27806886227544908,0.064239501953125
0.27819361277445109,0.053955078125
0.27831836327345311,0.035491943359375
0.27844311377245506,0.01165771484375
0.27856786427145708,-0.013885498046875
0.27869261477045909,-0.037322998046875
0.2788173652694611,-0.0550537109375
0.27894211576846306,-0.064453125
0.27906686626746507,-0.064056396484375
0.27919161676646709,-0.053955078125
0.27931636726546905,-0.035675048828125
0.27944111776447106,-0.01202392578125
0.27956586826347307,0.013427734375
0.27969061876247503,0.036834716796875
0.27981536926147704,0.05462646484375
0.27994011976047906,0.064117431640625
0.28006487025948101,0.06390380859375
0.28018962075848303,0.053985595703125
0.28031437125748504,0.035888671875
0.28043912175648705,0.01239013671875
0.28056387225548901,-0.012969970703125
0.28068862275449102,-0.036346435546875
0.28081337325349304,-0.054168701171875
0.28093812375249499,-0.06378173828125
0.28106287425149701,-0.063720703125
0.28118762475049902,-0.053985595703125
0.28131237524950098,-0.03607177734375
0.28143712574850299,-0.012725830078125
0.28156187624750501,0.01251220703125
0.28168662674650696,0.035858154296875
0.28181137724550898,0.053741455078125
0.28193612774451099,0.063446044921875
0.28206087824351295,0.06353759765625
0.28218562874251496,0.053985595703125
0.28231037924151697,0.036285400390625
0.28243512974051899,0.013092041015625
0.28255988023952094,-0.0120849609375
0.28268463073852296,-0.035369873046875
0.28280938123752497,-0.05328369140625
0.28293413173652693,-0.0631103515625
0.28305888223552894,-0.0633544921875
0.28318363273453095,-0.05401611328125
0.28330838323353291,-0.036468505859375
0.28343313373253493,-0.013427734375
0.28355788423153694,0.011627197265625
0.2836826347305389,0.034912109375
0.28380738522954091,0.0528564453125
0.28393213572854292,0.062774658203125
0.28405688622754494,0.06317138671875
0.28418163672654689,0.05401611328125
0.28430638722554891,0.036651611328125
0.28443113772455092,0.013763427734375
0.28455588822355288,-0.011199951171875
0.28468063872255489,-0.034423828125
0.2848053892215569,-0.05242919921875
0.28493013972055886,-0.06243896484375
0.28505489021956087,-0.06298828125
0.28517964071856289,-0.05401611328125
0.28530439121756485,-0.036834716796875
0.28542914171656686,-0.01409912109375
0.28555389221556887,0.0107421875
0.28567864271457089,0.033935546875
0.28580339321357284,0.051971435546875
0.28592814371257486,0.062103271484375
0.28605289421157687,0.06280517578125
0.28617764471057883,0.05401611328125
0.28630239520958084,0.037017822265625
0.28642714570858285,0.014434814453125
0.28655189620758481,-0.01031494140625
0.28667664670658682,-0.033477783203125
0.28680139720558884,-0.051544189453125
0.28692614770459079,-0.061767578125
0.28705089820359281,-0.0626220703125
0.28717564870259482,-0.053985595703125
0.28730039920159678,-0.037200927734375
0.28742514970059879,-0.0147705078125
0.28754990019960081,0.0098876953125
0.28767465069860282,0.03302001953125
0.28779940119760478,0.05108642578125
0.28792415169660679,0.061431884765625
0.2880489021956088,0.06243896484375
0.28817365269461076,0.053985595703125
0.28829840319361277,0.037353515625
0.28842315369261479,0.01507568359375
0.28854790419161674,-0.00946044921875
0.28867265469061876,-0.03253173828125
0.28879740518962077,-0.0506591796875
0.28892215568862273,-0.06109619140625
0.28904690618762474,-0.062255859375
0.28917165668662675,-0.053985595703125
0.28929640718562877,-0.03753662109375
0.28942115768463073,-0.015411376953125
0.28954590818363274,0.009033203125
0.28967065868263475,0.032073974609375
0.28979540918163671,0.05023193359375
0.28992015968063872,0.060760498046875
0.29004491017964074,0.06207275390625
0.29016966067864269,0.053955078125
0.29029441117764471,0.037689208984375
0.29041916167664672,0.015716552734375
0.29054391217564868,-0.00860595703125
0.29066866267465069,-0.0316162109375
0.2907934131736527,-0.0498046875
0.29091816367265472,-0.0604248046875
0.29104291417165667,-0.061859130859375
0.29116766467065869,-0.053955078125
0.2912924151696607,-0.037841796875
0.29141716566866266,-0.01605224609375
0.29154191616766467,0.0081787109375
0.29166666666666669,0.0311279296875
0.29179141716566864,0.049346923828125
0.29191616766467066,0.06005859375
0.29204091816367267,0.061676025390625
0.29216566866267463,0.053924560546875
0.29229041916167664,0.03802490234375
0.29241516966067865,0.016357421875
0.29253992015968067,-0.00775146484375
0.29266467065868262,-0.030670166015625
0.29278942115768464,-0.048919677734375
0.29291417165668665,-0.059722900390625
0.29303892215568861,-0.06146240234375
0.29316367265469062,-0.05389404296875
0.29328842315369263,-0.038177490234375
0.29341317365269459,-0.01666259765625
0.29353792415169661,0.007354736328125
0.29366267465069862,0.03021240234375
0.29378742514970058,0.048492431640625
0.29391217564870259,0.05938720703125
0.2940369261477046,0.061279296875
0.29416167664670656,0.053863525390625
0.29428642714570857,0.038330078125
0.29441117764471059,0.0169677734375
0.2945359281437126,-0.006927490234375
0.29466067864271456,-0.029754638671875
0.29478542914171657,-0.048065185546875
0.29491017964071858,-0.059051513671875
0.29503493013972054,-0.061065673828125
0.29515968063872255,-0.053863525390625
0.29528443113772457,-0.0384521484375
0.29540918163672653,-0.01727294921875
0.29553393213572854,0.00653076171875
0.29565868263473055,0.029296875
0.29578343313373251,0.047637939453125
0.29590818363273452,0.0587158203125
0.29603293413173654,0.060882568359375
0.29615768463073855,0.0538330078125
0.29628243512974051,0.038604736328125
0.29640718562874252,0.017578125
0.29653193612774453,-0.006103515625
0.29665668662674649,-0.028839111328125
0.2967814371257485,-0.04718017578125
0.29690618762475052,-0.058349609375
0.29703093812375247,-0.0606689453125
0.29715568862275449,-0.05377197265625
0.2972804391217565,-0.03875732421875
0.29740518962075846,-0.017852783203125
0.29752994011976047,0.005706787109375
0.29765469061876249,0.028411865234375
0.2977794411177645,0.0467529296875
0.29790419161676646,0.058013916015625
0.29802894211576847,0.060455322265625
0.29815369261477048,0.053741455078125
0.29827844311377244,0.03887939453125
0.29840319361277445,0.018157958984375
0.29852794411177647,-0.00531005859375
0.29865269461077842,-0.0279541015625
0.29877744510978044,-0.04632568359375
0.29890219560878245,-0.05767822265625
0.29902694610778441,-0.060272216796875
0.29915169660678642,-0.0537109375
0.29927644710578843,-0.039031982421875
0.29940119760479039,-0.0184326171875
0.29952594810379241,0.004913330078125
0.29965069860279442,0.027496337890625
0.29977544910179643,0.0458984375
0.29990019960079839,0.05731201171875
0.3000249500998004,0.06005859375
0.30014970059880242,0.053680419921875
0.30027445109780437,0.039154052734375
0.30039920159680639,0.01873779296875
0.3005239520958084,-0.0045166015625
0.30064870259481036,-0.027069091796875
0.30077345309381237,-0.04547119140625
0.30089820359281438,-0.056976318359375
0.30102295409181634,-0.059844970703125
0.30114770459081835,-0.053619384765625
0.30127245508982037,-0.039276123046875
0.30139720558882238,-0.019012451171875
0.30152195608782434,0.004119873046875
0.30164670658682635,0.026611328125
0.30177145708582837,0.0450439453125
0.30189620758483032,0.056640625
0.30202095808383234,0.05963134765625
0.30214570858283435,0.0535888671875
0.30227045908183631,0.039398193359375
0.30239520958083832,0.019287109375
0.30251996007984033,-0.00372314453125
0.30264471057884229,-0.02618408203125
0.3027694610778443,-0.04461669921875
0.30289421157684632,-0.0562744140625
0.30301896207584833,-0.059417724609375
0.30314371257485029,-0.05352783203125
0.3032684630738523,-0.039520263671875
0.30339321357285431,-0.019561767578125
0.30351796407185627,0.00335693359375
0.30364271457085829,0.025726318359375
0.3037674650698603,0.044189453125
0.30389221556886226,0.055938720703125
0.30401696606786427,0.0592041015625
0.30414171656686628,0.053466796875
0.30426646706586824,0.039642333984375
0.30439121756487025,0.01983642578125
0.30451596806387227,-0.002960205078125
0.30464071856287422,-0.025299072265625
0.30476546906187624,-0.04376220703125
0.30489021956087825,-0.05560302734375
0.30501497005988026,-0.058990478515625
0.30513972055888222,-0.05340576171875
0.30526447105788423,-0.039764404296875
0.30538922155688625,-0.020111083984375
0.30551397205588821,0.002593994140625
0.30563872255489022,0.024871826171875
0.30576347305389223,0.0433349609375
0.30588822355289419,0.05523681640625
0.3060129740518962,0.058746337890625
0.30613772455089822,0.053375244140625
0.30626247504990017,0.039886474609375
0.30638722554890219,0.0203857421875
0.3065119760479042,-0.002197265625
0.30663672654690621,-0.024444580078125
0.30676147704590817,-0.042938232421875
0.30688622754491018,-0.054901123046875
0.3070109780439122,-0.05853271484375
0.30713572854291415,-0.053314208984375
0.30726047904191617,-0.03997802734375
0.30738522954091818,-0.0206298828125
0.30750998003992014,0.0018310546875
0.30763473053892215,0.02398681640625
0.30775948103792417,0.042510986328125
0.30788423153692612,0.0545654296875
0.30800898203592814,0.058319091796875
0.30813373253493015,0.053253173828125
0.30825848303393216,0.04010009765625
0.30838323353293412,0.020904541015625
0.30850798403193613,-0.00146484375
0.30863273453093815,-0.0235595703125
0.3087574850299401,-0.042083740234375
0.30888223552894212,-0.05419921875
0.30900698602794413,-0.05810546875
0.30913173652694609,-0.05316162109375
0.3092564870259481,-0.040191650390625
0.30938123752495011,-0.021148681640625
0.30950598802395207,0.0010986328125
0.30963073852295409,0.02313232421875
0.3097554890219561,0.041656494140625
0.30988023952095806,0.053863525390625
0.31000499001996007,0.057861328125
0.31012974051896208,0.0531005859375
0.3102544910179641,0.040313720703125
0.31037924151696605,0.021392822265625
0.31050399201596807,-0.000732421875
0.31062874251497008,-0.022705078125
0.31075349301397204,-0.041259765625
0.31087824351297405,-0.053497314453125
0.31100299401197606,-0.057647705078125
0.31112774451097802,-0.05303955078125
0.31125249500998003,-0.0404052734375
0.31137724550898205,-0.021636962890625
0.31150199600798401,0.0003662109375
0.31162674650698602,0.022308349609375
0.31175149700598803,0.04083251953125
0.31187624750499005,0.05316162109375
0.312000998003992,0.057403564453125
0.31212574850299402,0.052978515625
0.31225049900199603,0.040496826171875
0.31237524950099799,0.02191162109375
0.3125,0
0.31262475049900201,-0.021881103515625
0.31274950099800397,-0.0404052734375
0.31287425149700598,-0.05279541015625
0.312999001996008,-0.05718994140625
0.31312375249500995,-0.052886962890625
0.31324850299401197,-0.04058837890625
0.31337325349301398,-0.02215576171875
0.31349800399201599,-0.0003662109375
0.31362275449101795,0.021453857421875
0.31374750499001997,0.040008544921875
0.31387225548902198,0.052459716796875
0.31399700598802394,0.05694580078125
0.31412175648702595,0.052825927734375
0.31424650698602796,0.040679931640625
0.31437125748502992,0.022369384765625
0.31449600798403193,0.000701904296875
0.31462075848303395,-0.021026611328125
0.3147455089820359,-0.039581298828125
0.31487025948103792,-0.0521240234375
0.31499500998003993,-0.056732177734375
0.31511976047904194,-0.052734375
0.3152445109780439,-0.040771484375
0.31536926147704591,-0.022613525390625
0.31549401197604793,-0.001068115234375
0.31561876247504989,0.0206298828125
0.3157435129740519,0.0391845703125
0.31586826347305391,0.0517578125
0.31599301397205587,0.056488037109375
0.31611776447105788,0.052642822265625
0.3162425149700599,0.04083251953125
0.31636726546906185,0.022857666015625
0.31649201596806387,0.00140380859375
0.31661676646706588,-0.02020263671875
0.31674151696606784,-0.03875732421875
0.31686626746506985,-0.051422119140625
0.31699101796407186,-0.056243896484375
0.31711576846307388,-0.052581787109375
0.31724051896207583,-0.040924072265625
0.31736526946107785,-0.0230712890625
0.31749001996007986,-0.00177001953125
0.31761477045908182,0.019805908203125
0.31773952095808383,0.038360595703125
0.31786427145708585,0.051055908203125
0.3179890219560878,0.0560302734375
0.31811377245508982,0.052490234375
0.31823852295409183,0.040985107421875
0.31836327345309379,0.0233154296875
0.3184880239520958,0.002105712890625
0.31861277445109781,-0.0194091796875
0.31873752495009983,-0.037933349609375
0.31886227544910178,-0.05072021484375
0.3189870259481038,-0.0557861328125
0.31911177644710581,-0.052398681640625
0.31923652694610777,-0.04107666015625
0.31936127744510978,-0.023529052734375
0.31948602794411179,-0.00244140625
0.31961077844311375,0.01898193359375
0.31973552894211577,0.03753662109375
0.31986027944111778,0.05035400390625
0.31998502994011974,0.0555419921875
0.32010978043912175,0.05230712890625
0.32023453093812376,0.0411376953125
0.32035928143712578,0.02374267578125
0.32048403193612773,0.002777099609375
0.32060878243512975,-0.018585205078125
0.32073353293413176,-0.037139892578125
0.32085828343313372,-0.050018310546875
0.32098303393213573,-0.0552978515625
0.32110778443113774,-0.052215576171875
0.3212325349301397,-0.04119873046875
0.32135728542914171,-0.02398681640625
0.32148203592814373,-0.00311279296875
0.32160678642714569,0.0181884765625
0.3217315369261477,0.036712646484375
0.32185628742514971,0.049652099609375
0.32198103792415167,0.055084228515625
0.32210578842315368,0.0521240234375
0.3222305389221557,0.041290283203125
0.32235528942115771,0.024200439453125
0.32248003992015967,0.003448486328125
0.32260479041916168,-0.017791748046875
0.32272954091816369,-0.03631591796875
0.32285429141716565,-0.04931640625
0.32297904191616766,-0.054840087890625
0.32310379241516968,-0.052032470703125
0.32322854291417163,-0.041351318359375
0.32335329341317365,-0.0244140625
0.32347804391217566,-0.0037841796875
0.32360279441117762,0.01739501953125
0.32372754491017963,0.035919189453125
0.32385229540918165,0.048980712890625
0.32397704590818366,0.054595947265625
0.32410179640718562,0.05194091796875
0.32422654690618763,0.041412353515625
0.32435129740518964,0.02459716796875
0.3244760479041916,0.004119873046875
0.32460079840319361,-0.016998291015625
0.32472554890219563,-0.0355224609375
0.32485029940119758,-0.048614501953125
0.3249750499001996,-0.054351806640625
0.32509980039920161,-0.05181884765625
0.32522455089820357,-0.041473388671875
0.32534930139720558,-0.024810791015625
0.32547405189620759,-0.004425048828125
0.32559880239520961,0.0166015625
0.32572355289421157,0.03509521484375
0.32584830339321358,0.04827880859375
0.32597305389221559,0.054107666015625
0.32609780439121755,0.051727294921875
0.32622255489021956,0.04150390625
0.32634730538922158,0.0250244140625
0.32647205588822353,0.0047607421875
0.32659680638722555,-0.016204833984375
0.32672155688622756,-0.034698486328125
0.32684630738522952,-0.04791259765625
0.32697105788423153,-0.053863525390625
0.32709580838323354,-0.0516357421875
0.3272205588822355,-0.04156494140625
0.32734530938123751,-0.02520751953125
0.32747005988023953,-0.00506591796875
0.32759481037924154,0.015838623046875
0.3277195608782435,0.0343017578125
0.32784431137724551,0.047576904296875
0.32796906187624753,0.053619384765625
0.32809381237524948,0.051513671875
0.3282185628742515,0.0416259765625
0.32834331337325351,0.025421142578125
0.32846806387225547,0.00537109375
0.32859281437125748,-0.01544189453125
0.32871756487025949,-0.033905029296875
0.32884231536926145,-0.047210693359375
0.32896706586826346,-0.053375244140625
0.32909181636726548,-0.0513916015625
0.32921656686626749,-0.041656494140625
0.32934131736526945,-0.025604248046875
0.32946606786427146,-0.005706787109375
0.32959081836327347,0.01507568359375
0.32971556886227543,0.03350830078125
0.32984031936127745,0.046875
0.32996506986027946,0.0531005859375
0.33008982035928142,0.051300048828125
0.33021457085828343,0.041717529296875
0.33033932135728544,0.02581787109375
0.3304640718562874,0.006011962890625
0.33058882235528941,-0.014678955078125
0.33071357285429143,-0.033111572265625
0.33083832335329344,-0.046539306640625
0.3309630738522954,-0.0528564453125
0.33108782435129741,-0.051177978515625
0.33121257485029942,-0.041748046875
0.33133732534930138,-0.0260009765625
0.33146207584830339,-0.006317138671875
0.33158682634730541,0.014312744140625
0.33171157684630737,0.03271484375
0.33183632734530938,0.046173095703125
0.33196107784431139,0.0526123046875
0.33208582834331335,0.051055908203125
0.33221057884231536,0.041778564453125
0.33233532934131738,0.02618408203125
0.33246007984031933,0.006622314453125
0.33258483033932135,-0.013916015625
0.33270958083832336,-0.0323486328125
0.33283433133732537,-0.04583740234375
0.33295908183632733,-0.0523681640625
0.33308383233532934,-0.05096435546875
0.33320858283433136,-0.04180908203125
0.33333333333333331,-0.0263671875
0.33345808383233533,-0.006927490234375
0.33358283433133734,0.0135498046875
0.3337075848303393,0.031951904296875
0.33383233532934131,0.04547119140625
0.33395708582834333,0.0521240234375
0.33408183632734528,0.05084228515625
0.3342065868263473,0.041839599609375
0.33433133732534931,0.02655029296875
0.33445608782435132,0.0072021484375
0.33458083832335328,-0.01318359375
0.33470558882235529,-0.03155517578125
0.33483033932135731,-0.045135498046875
0.33495508982035926,-0.051849365234375
0.33507984031936128,-0.05072021484375
0.33520459081836329,-0.0418701171875
0.33532934131736525,-0.026702880859375
0.33545409181636726,-0.00750732421875
0.33557884231536927,0.0128173828125
0.33570359281437123,0.031158447265625
0.33582834331337325,0.0447998046875
0.33595309381237526,0.051605224609375
0.33607784431137727,0.05059814453125
0.33620259481037923,0.041900634765625
0.33632734530938124,0.026885986328125
0.33645209580838326,0.0078125
0.33657684630738521,-0.012451171875
0.33670159680638723,-0.030792236328125
0.33682634730538924,-0.04443359375
0.3369510978043912,-0.051361083984375
0.33707584830339321,-0.05047607421875
0.33720059880239522,-0.04193115234375
0.33732534930139718,-0.027069091796875
0.33745009980039919,-0.008087158203125
0.33757485029940121,0.0120849609375
0.33769960079840322,0.0303955078125
0.33782435129740518,0.044097900390625
0.33794910179640719,0.05108642578125
0.33807385229540921,0.05035400390625
0.33819860279441116,0.041961669921875
0.33832335329341318,0.0272216796875
0.33844810379241519,0.008392333984375
0.33857285429141715,-0.01171875
0.33869760479041916,-0.030029296875
0.33882235528942117,-0.04376220703125
0.33894710578842313,-0.05084228515625
0.33907185628742514,-0.050201416015625
0.33919660678642716,-0.0419921875
0.33932135728542911,-0.02740478515625
0.33944610778443113,-0.0086669921875
0.33957085828343314,0.0113525390625
0.33969560878243515,0.029632568359375
0.33982035928143711,0.04339599609375
0.33994510978043913,0.050567626953125
0.34006986027944114,0.050079345703125
0.3401946107784431,0.0419921875
0.34031936127744511,0.027557373046875
0.34044411177644712,0.008941650390625
0.34056886227544908,-0.010986328125
0.34069361277445109,-0.029266357421875
0.34081836327345311,-0.043060302734375
0.34094311377245506,-0.050323486328125
0.34106786427145708,-0.049957275390625
0.34119261477045909,-0.042022705078125
0.3413173652694611,-0.0277099609375
0.34144211576846306,-0.00921630859375
0.34156686626746507,0.010650634765625
0.34169161676646709,0.02886962890625
0.34181636726546905,0.042724609375
0.34194111776447106,0.050079345703125
0.34206586826347307,0.049835205078125
0.34219061876247503,0.042022705078125
0.34231536926147704,0.027862548828125
0.34244011976047906,0.009521484375
0.34256487025948101,-0.010284423828125
0.34268962075848303,-0.02850341796875
0.34281437125748504,-0.0423583984375
0.34293912175648705,-0.0498046875
0.34306387225548901,-0.0496826171875
0.34318862275449102,-0.04205322265625
0.34331337325349304,-0.02801513671875
0.34343812375249499,-0.009765625
0.34356287425149701,0.009918212890625
0.34368762475049902,0.028106689453125
0.34381237524950098,0.042022705078125
0.34393712574850299,0.049560546875
0.34406187624750501,0.049560546875
0.34418662674650696,0.04205322265625
0.34431137724550898,0.028167724609375
0.34443612774451099,0.010040283203125
0.34456087824351295,-0.00958251953125
0.34468562874251496,-0.027740478515625
0.34481037924151697,-0.04168701171875
0.34493512974051899,-0.049285888671875
0.34505988023952094,-0.049407958984375
0.34518463073852296,-0.04205322265625
0.34530938123752497,-0.0283203125
0.34543413173652693,-0.01031494140625
0.34555888223552894,0.009246826171875
0.34568363273453095,0.027374267578125
0.34580838323353291,0.041351318359375
0.34593313373253493,0.04901123046875
0.34605788423153694,0.049285888671875
0.3461826347305389,0.04205322265625
0.34630738522954091,0.028472900390625
0.34643213572854292,0.010589599609375
0.34655688622754494,-0.008880615234375
0.34668163672654689,-0.027008056640625
0.34680638722554891,-0.040985107421875
0.34693113772455092,-0.04876708984375
0.34705588822355288,-0.04913330078125
0.34718063872255489,-0.04205322265625
0.3473053892215569,-0.02862548828125
0.34743013972055886,-0.010833740234375
0.34755489021956087,0.008544921875
0.34767964071856289,0.026611328125
0.34780439121756485,0.0406494140625
0.34792914171656686,0.048492431640625
0.34805389221556887,0.048980712890625
0.34817864271457089,0.04205322265625
0.34830339321357284,0.02874755859375
0.34842814371257486,0.0111083984375
0.34855289421157687,-0.008209228515625
0.34867764471057883,-0.0262451171875
0.34880239520958084,-0.040313720703125
0.34892714570858285,-0.048248291015625
0.34905189620758481,-0.048858642578125
0.34917664670658682,-0.04205322265625
0.34930139720558884,-0.028900146484375
0.34942614770459079,-0.0113525390625
0.34955089820359281,0.00787353515625
0.34967564870259482,0.02587890625
0.34980039920159678,0.03997802734375
0.34992514970059879,0.0479736328125
0.35004990019960081,0.0487060546875
0.35017465069860282,0.04205322265625
0.35029940119760478,0.029022216796875
0.35042415169660679,0.011627197265625
0.3505489021956088,-0.007537841796875
0.35067365269461076,-0.0255126953125
0.35079840319361277,-0.039642333984375
0.35092315369261479,-0.047698974609375
0.35104790419161674,-0.048553466796875
0.35117265469061876,-0.04205322265625
0.35129740518962077,-0.0291748046875
0.35142215568862273,-0.011871337890625
0.35154690618762474,0.0072021484375
0.35167165668662675,0.025146484375
0.35179640718562877,0.039276123046875
0.35192115768463073,0.047454833984375
0.35204590818363274,0.04840087890625
0.35217065868263475,0.042022705078125
0.35229540918163671,0.029296875
0.35242015968063872,0.012115478515625
0.35254491017964074,-0.006866455078125
0.35266966067864269,-0.0247802734375
0.35279441117764471,-0.0389404296875
0.35291916167664672,-0.04718017578125
0.35304391217564868,-0.048248291015625
0.35316866267465069,-0.042022705078125
0.3532934131736527,-0.0294189453125
0.35341816367265472,-0.012359619140625
0.35354291417165667,0.00653076171875
0.35366766467065869,0.024444580078125
0.3537924151696607,0.038604736328125
0.35391716566866266,0.046905517578125
0.35404191616766467,0.048095703125
0.35416666666666669,0.0419921875
0.35429141716566864,0.029541015625
0.35441616766467066,0.012603759765625
0.35454091816367267,-0.006195068359375
0.35466566866267463,-0.024078369140625
0.35479041916167664,-0.03826904296875
0.35491516966067865,-0.046661376953125
0.35503992015968067,-0.047943115234375
0.35516467065868262,-0.0419921875
0.35528942115768464,-0.0296630859375
0.35541417165668665,-0.012847900390625
0.35553892215568861,0.005889892578125
0.35566367265469062,0.023712158203125
0.35578842315369263,0.037933349609375
0.35591317365269459,0.04638671875
0.35603792415169661,0.04779052734375
0.35616267465069862,0.041961669921875
0.35628742514970058,0.02978515625
0.35641217564870259,0.013092041015625
0.3565369261477046,-0.00555419921875
0.35666167664670656,-0.023345947265625
0.35678642714570857,-0.03759765625
0.35691117764471059,-0.046112060546875
0.3570359281437126,-0.047637939453125
0.35716067864271456,-0.041961669921875
0.35728542914171657,-0.0299072265625
0.35741017964071858,-0.013336181640625
0.35753493013972054,0.0052490234375
0.35765968063872255,0.02301025390625
0.35778443113772457,0.037261962890625
0.35790918163672653,0.04583740234375
0.35803393213572854,0.0474853515625
0.35815868263473055,0.04193115234375
0.35828343313373251,0.030029296875
0.35840818363273452,0.013580322265625
0.35853293413173654,-0.004913330078125
0.35865768463073855,-0.02264404296875
0.35878243512974051,-0.03692626953125
0.35890718562874252,-0.04559326171875
0.35903193612774453,-0.047332763671875
0.35915668662674649,-0.041900634765625
0.3592814371257485,-0.030120849609375
0.35940618762475052,-0.0137939453125
0.35953093812375247,0.004608154296875
0.35965568862275449,0.022308349609375
0.3597804391217565,0.036590576171875
0.35990518962075846,0.045318603515625
0.36002994011976047,0.04718017578125
0.36015469061876249,0.0418701171875
0.3602794411177645,0.030242919921875
0.36040419161676646,0.0140380859375
0.36052894211576847,-0.004302978515625
0.36065369261477048,-0.021942138671875
0.36077844311377244,-0.0362548828125
0.36090319361277445,-0.0450439453125
0.36102794411177647,-0.0469970703125
0.36115269461077842,-0.041839599609375
0.36127744510978044,-0.03033447265625
0.36140219560878245,-0.014251708984375
0.36152694610778441,0.00396728515625
0.36165169660678642,0.0216064453125
0.36177644710578843,0.035919189453125
0.36190119760479039,0.044769287109375
0.36202594810379241,0.046844482421875
0.36215069860279442,0.04180908203125
0.36227544910179643,0.03045654296875
0.36240019960079839,0.01446533203125
0.3625249500998004,-0.003662109375
0.36264970059880242,-0.021240234375
0.36277445109780437,-0.03558349609375
0.36289920159680639,-0.044525146484375
0.3630239520958084,-0.04669189453125
0.36314870259481036,-0.041778564453125
0.36327345309381237,-0.030548095703125
0.36339820359281438,-0.01470947265625
0.36352295409181634,0.00335693359375
0.36364770459081835,0.020904541015625
0.36377245508982037,0.035247802734375
0.36389720558882238,0.04425048828125
0.36402195608782434,0.0465087890625
0.36414670658682635,0.041748046875
0.36427145708582837,0.0306396484375
0.36439620758483032,0.014923095703125
0.36452095808383234,-0.0030517578125
0.36464570858283435,-0.02056884765625
0.36477045908183631,-0.034912109375
0.36489520958083832,-0.043975830078125
0.36501996007984033,-0.046356201171875
0.36514471057884229,-0.041717529296875
0.3652694610778443,-0.030731201171875
0.36539421157684632,-0.01513671875
0.36551896207584833,0.00274658203125
0.36564371257485029,0.02020263671875
0.3657684630738523,0.034576416015625
0.36589321357285431,0.043701171875
0.36601796407185627,0.046173095703125
0.36614271457085829,0.041656494140625
0.3662674650698603,0.03082275390625
0.36639221556886226,0.015350341796875
0.36651696606786427,-0.002471923828125
0.36664171656686628,-0.019866943359375
0.36676646706586824,-0.03424072265625
0.36689121756487025,-0.043426513671875
0.36701596806387227,-0.0460205078125
0.36714071856287422,-0.0416259765625
0.36726546906187624,-0.030914306640625
0.36739021956087825,-0.01556396484375
0.36751497005988026,0.002166748046875
0.36763972055888222,0.01953125
0.36776447105788423,0.033935546875
0.36788922155688625,0.04315185546875
0.36801397205588821,0.04583740234375
0.36813872255489022,0.041595458984375
0.36826347305389223,0.031005859375
0.36838822355289419,0.0157470703125
0.3685129740518962,-0.001861572265625
0.36863772455089822,-0.019195556640625
0.36876247504990017,-0.033599853515625
0.36888722554890219,-0.042877197265625
0.3690119760479042,-0.045684814453125
0.36913672654690621,-0.041534423828125
0.36926147704590817,-0.031097412109375
0.36938622754491018,-0.015960693359375
0.3695109780439122,0.0015869140625
0.36963572854291415,0.01885986328125
0.36976047904191617,0.03326416015625
0.36988522954091818,0.042633056640625
0.37000998003992014,0.045501708984375
0.37013473053892215,0.041473388671875
0.37025948103792417,0.03118896484375
0.37038423153692612,0.01617431640625
0.37050898203592814,-0.00128173828125
0.37063373253493015,-0.018524169921875
0.37075848303393216,-0.032928466796875
0.37088323353293412,-0.0423583984375
0.37100798403193613,-0.045318603515625
0.37113273453093815,-0.04144287109375
0.3712574850299401,-0.031280517578125
0.37138223552894212,-0.016357421875
0.37150698602794413,0.001007080078125
0.37163173652694609,0.0181884765625
0.3717564870259481,0.032623291015625
0.37188123752495011,0.042083740234375
0.37200598802395207,0.045166015625
0.37213073852295409,0.0413818359375
0.3722554890219561,0.031341552734375
0.37238023952095806,0.016571044921875
0.37250499001996007,-0.000701904296875
0.37262974051896208,-0.017852783203125
0.3727544910179641,-0.03228759765625
0.37287924151696605,-0.04180908203125
0.37300399201596807,-0.04498291015625
0.37312874251497008,-0.04132080078125
0.37325349301397204,-0.03143310546875
0.37337824351297405,-0.016754150390625
0.37350299401197606,0.00042724609375
0.37362774451097802,0.01751708984375
0.37375249500998003,0.031951904296875
0.37387724550898205,0.041534423828125
0.37400199600798401,0.0447998046875
0.37412674650698602,0.041290283203125
0.37425149700598803,0.031494140625
0.37437624750499005,0.0169677734375
0.374500998003992,-0.000152587890625
0.37462574850299402,-0.0172119140625
0.37475049900199603,-0.031646728515625
0.37487524950099799,-0.041259765625
0.375,-0.04461669921875
0.37512475049900201,-0.041229248046875
0.37524950099800397,-0.031585693359375
0.37537425149700598,-0.01715087890625
0.375499001996008,-0.000152587890625
0.37562375249500995,0.016876220703125
0.37574850299401197,0.03131103515625
0.37587325349301398,0.040985107421875
0.37599800399201599,0.04443359375
0.37612275449101795,0.041168212890625
0.37624750499001997,0.031646728515625
0.37637225548902198,0.017333984375
0.37649700598802394,0.00042724609375
0.37662175648702595,-0.01654052734375
0.37674650698602796,-0.030975341796875
0.37687125748502992,-0.04071044921875
0.37699600798403193,-0.044281005859375
0.37712075848303395,-0.041107177734375
0.3772455089820359,-0.031707763671875
0.37737025948103792,-0.01751708984375
0.37749500998003993,-0.000701904296875
0.37761976047904194,0.0162353515625
0.3777445109780439,0.030670166015625
0.37786926147704591,0.040435791015625
0.37799401197604793,0.044097900390625
0.37811876247504989,0.041046142578125
0.3782435129740519,0.031768798828125
0.37836826347305391,0.0177001953125
0.37849301397205587,0.0009765625
0.37861776447105788,-0.015899658203125
0.3787425149700599,-0.03033447265625
0.37886726546906185,-0.0401611328125
0.37899201596806387,-0.043914794921875
0.37911676646706588,-0.040985107421875
0.37924151696606784,-0.031829833984375
0.37936626746506985,-0.01788330078125
0.37949101796407186,-0.001251220703125
0.37961576846307388,0.015594482421875
0.37974051896207583,0.030029296875
0.37986526946107785,0.0399169921875
0.37999001996007986,0.043731689453125
0.38011477045908182,0.040924072265625
0.38023952095808383,0.031890869140625
0.38036427145708585,0.01806640625
0.3804890219560878,0.001495361328125
0.38061377245508982,-0.0152587890625
0.38073852295409183,-0.029693603515625
0.38086327345309379,-0.039642333984375
0.3809880239520958,-0.043548583984375
0.38111277445109781,-0.04083251953125
0.38123752495009983,-0.031951904296875
0.38136227544910178,-0.01824951171875
0.3814870259481038,-0.00177001953125
0.38161177644710581,0.01495361328125
0.38173652694610777,0.029388427734375
0.38186127744510978,0.03936767578125
0.38198602794411179,0.043365478515625
0.38211077844311375,0.040771484375
0.38223552894211577,0.032012939453125
0.38236027944111778,0.018402099609375
0.38248502994011974,0.002044677734375
0.38260978043912175,-0.0146484375
0.38273453093812376,-0.029083251953125
0.38285928143712578,-0.039093017578125
0.38298403193612773,-0.043182373046875
0.38310878243512975,-0.04071044921875
0.38323353293413176,-0.032073974609375
0.38335828343313372,-0.018585205078125
0.38348303393213573,-0.002288818359375
0.38360778443113774,0.014312744140625
0.3837325349301397,0.02874755859375
0.38385728542914171,0.038818359375
0.38398203592814373,0.04296875
0.38410678642714569,0.040618896484375
0.3842315369261477,0.032135009765625
0.38435628742514971,0.018768310546875
0.38448103792415167,0.0025634765625
0.38460578842315368,-0.014007568359375
0.3847305389221557,-0.0284423828125
0.38485528942115771,-0.038543701171875
0.38498003992015967,-0.04278564453125
0.38510479041916168,-0.040557861328125
0.38522954091816369,-0.03216552734375
0.38535429141716565,-0.0189208984375
0.38547904191616766,-0.0028076171875
0.38560379241516968,0.013702392578125
0.38572854291417163,0.02813720703125
0.38585329341317365,0.03826904296875
0.38597804391217566,0.0426025390625
0.38610279441117762,0.04046630859375
0.38622754491017963,0.0322265625
0.38635229540918165,0.019073486328125
0.38647704590818366,0.003082275390625
0.38660179640718562,-0.013397216796875
0.38672654690618763,-0.027801513671875
0.38685129740518964,-0.037994384765625
0.3869760479041916,-0.04241943359375
0.38710079840319361,-0.0404052734375
0.38722554890219563,-0.032257080078125
0.38735029940119758,-0.019256591796875
0.3874750499001996,-0.003326416015625
0.38759980039920161,0.013092041015625
0.38772455089820357,0.027496337890625
0.38784930139720558,0.0377197265625
0.38797405189620759,0.042236328125
0.38809880239520961,0.040313720703125
0.38822355289421157,0.032318115234375
0.38834830339321358,0.0194091796875
0.38847305389221559,0.003570556640625
0.38859780439121755,-0.012786865234375
0.38872255489021956,-0.027191162109375
0.38884730538922158,-0.037445068359375
0.38897205588822353,-0.042022705078125
0.38909680638722555,-0.040252685546875
0.38922155688622756,-0.0323486328125
0.38934630738522952,-0.019561767578125
0.38947105788423153,-0.003814697265625
0.38959580838323354,0.012481689453125
0.3897205588822355,0.026885986328125
0.38984530938123751,0.03717041015625
0.38997005988023953,0.041839599609375
0.39009481037924154,0.0401611328125
0.3902195608782435,0.032379150390625
0.39034431137724551,0.01971435546875
0.39046906187624753,0.004058837890625
0.39059381237524948,-0.012176513671875
0.3907185628742515,-0.026580810546875
0.39084331337325351,-0.03692626953125
0.39096806387225547,-0.041656494140625
0.39109281437125748,-0.040069580078125
0.39121756487025949,-0.032440185546875
0.39134231536926145,-0.019866943359375
0.39146706586826346,-0.004302978515625
0.39159181636726548,0.011871337890625
0.39171656686626749,0.0262451171875
0.39184131736526945,0.036651611328125
0.39196606786427146,0.041473388671875
0.39209081836327347,0.03997802734375
0.39221556886227543,0.032470703125
0.39234031936127745,0.02001953125
0.39246506986027946,0.004547119140625
0.39258982035928142,-0.0115966796875
0.39271457085828343,-0.02593994140625
0.39283932135728544,-0.036376953125
0.3929640718562874,-0.041259765625
0.39308882235528941,-0.0399169921875
0.39321357285429143,-0.032501220703125
0.39333832335329344,-0.020172119140625
0.3934630738522954,-0.004791259765625
0.39358782435129741,0.01129150390625
0.39371257485029942,0.025634765625
0.39383732534930138,0.036102294921875
0.39396207584830339,0.04107666015625
0.39408682634730541,0.039825439453125
0.39421157684630737,0.03253173828125
0.39433632734530938,0.02032470703125
0.39446107784431139,0.005035400390625
0.39458582834331335,-0.010986328125
0.39471057884231536,-0.02532958984375
0.39483532934131738,-0.03582763671875
0.39496007984031933,-0.040863037109375
0.39508483033932135,-0.03973388671875
0.39520958083832336,-0.032562255859375
0.39533433133732537,-0.02044677734375
0.39545908183632733,-0.005279541015625
0.39558383233532934,0.010711669921875
0.39570858283433136,0.0250244140625
0.39583333333333331,0.035552978515625
0.39595808383233533,0.040679931640625
0.39608283433133734,0.039642333984375
0.3962075848303393,0.0325927734375
0.39633233532934131,0.020599365234375
0.39645708582834333,0.0054931640625
0.39658183632734528,-0.010406494140625
0.3967065868263473,-0.02471923828125
0.39683133732534931,-0.0352783203125
0.39695608782435132,-0.040496826171875
0.39708083832335328,-0.03955078125
0.39720558882235529,-0.032623291015625
0.39733033932135731,-0.020751953125
0.39745508982035926,-0.0057373046875
0.39757984031936128,0.0101318359375
0.39770459081836329,0.0244140625
0.39782934131736525,0.035003662109375
0.39795409181636726,0.040283203125
0.39807884231536927,0.039459228515625
0.39820359281437123,0.032623291015625
0.39832834331337325,0.0208740234375
0.39845309381237526,0.005950927734375
0.39857784431137727,-0.00982666015625
0.39870259481037923,-0.024139404296875
0.39882734530938124,-0.034759521484375
0.39895209580838326,-0.04010009765625
0.39907684630738521,-0.03936767578125
0.39920159680638723,-0.03265380859375
0.39932634730538924,-0.02099609375
0.3994510978043912,-0.006195068359375
0.39957584830339321,0.009552001953125
0.39970059880239522,0.023834228515625
0.39982534930139718,0.03448486328125
0.39995009980039919,0.039886474609375
0.40007485029940121,0.03924560546875
0.40019960079840322,0.032684326171875
0.40032435129740518,0.021148681640625
0.40044910179640719,0.00640869140625
0.40057385229540921,-0.00927734375
0.40069860279441116,-0.023529052734375
0.40082335329341318,-0.034210205078125
0.40094810379241519,-0.039703369140625
0.40107285429141715,-0.039154052734375
0.40119760479041916,-0.032684326171875
0.40132235528942117,-0.021270751953125
0.40144710578842313,-0.00665283203125
0.40157185628742514,0.00897216796875
0.40169660678642716,0.023223876953125
0.40182135728542911,0.033935546875
0.40194610778443113,0.03948974609375
0.40207085828343314,0.0390625
0.40219560878243515,0.03271484375
0.40232035928143711,0.021392822265625
0.40244510978043913,0.006866455078125
0.40256986027944114,-0.008697509765625
0.4026946107784431,-0.022918701171875
0.40281936127744511,-0.033660888671875
0.40294411177644712,-0.039306640625
0.40306886227544908,-0.038970947265625
0.40319361277445109,-0.03271484375
0.40331836327345311,-0.021514892578125
0.40344311377245506,-0.007080078125
0.40356786427145708,0.0084228515625
0.40369261477045909,0.02264404296875
0.4038173652694611,0.03338623046875
0.40394211576846306,0.039093017578125
0.40406686626746507,0.038848876953125
0.40419161676646709,0.03271484375
0.40431636726546905,0.021636962890625
0.40444111776447106,0.007293701171875
0.40456586826347307,-0.008148193359375
0.40469061876247503,-0.0223388671875
0.40481536926147704,-0.03314208984375
0.40494011976047906,-0.03887939453125
0.40506487025948101,-0.03875732421875
0.40518962075848303,-0.032745361328125
0.40531437125748504,-0.021759033203125
0.40543912175648705,-0.00750732421875
0.40556387225548901,0.00787353515625
0.40568862275449102,0.02203369140625
0.40581337325349304,0.032867431640625
0.40593812375249499,0.0386962890625
0.40606287425149701,0.03863525390625
0.40618762475049902,0.032745361328125
0.40631237524950098,0.021881103515625
0.40643712574850299,0.007720947265625
0.40656187624750501,-0.007598876953125
0.40668662674650696,-0.021759033203125
0.40681137724550898,-0.0325927734375
0.40693612774451099,-0.038482666015625
0.40706087824351295,-0.038543701171875
0.40718562874251496,-0.032745361328125
0.40731037924151697,-0.022003173828125
0.40743512974051899,-0.0079345703125
0.40755988023952094,0.00732421875
0.40768463073852296,0.021453857421875
0.40780938123752497,0.032318115234375
0.40793413173652693,0.03826904296875
0.40805888223552894,0.038421630859375
0.40818363273453095,0.032745361328125
0.40830838323353291,0.022125244140625
0.40843313373253493,0.008148193359375
0.40855788423153694,-0.007049560546875
0.4086826347305389,-0.02117919921875
0.40880738522954091,-0.032073974609375
0.40893213572854292,-0.0380859375
0.40905688622754494,-0.038330078125
0.40918163672654689,-0.032745361328125
0.40930638722554891,-0.022216796875
0.40943113772455092,-0.00836181640625
0.40955588822355288,0.00677490234375
0.40968063872255489,0.0208740234375
0.4098053892215569,0.03179931640625
0.40993013972055886,0.037872314453125
0.41005489021956087,0.0382080078125
0.41017964071856289,0.032745361328125
0.41030439121756485,0.0223388671875
0.41042914171656686,0.008544921875
0.41055389221556887,-0.00653076171875
0.41067864271457089,-0.020599365234375
0.41080339321357284,-0.031524658203125
0.41092814371257486,-0.03765869140625
0.41105289421157687,-0.0380859375
0.41117764471057883,-0.032745361328125
0.41130239520958084,-0.0224609375
0.41142714570858285,-0.008758544921875
0.41155189620758481,0.006256103515625
0.41167664670658682,0.020294189453125
0.41180139720558884,0.03125
0.41192614770459079,0.0374755859375
0.41205089820359281,0.037994384765625
0.41217564870259482,0.032745361328125
0.41230039920159678,0.022552490234375
0.41242514970059879,0.008941650390625
0.41254990019960081,-0.0059814453125
0.41267465069860282,-0.02001953125
0.41279940119760478,-0.031005859375
0.41292415169660679,-0.037261962890625
0.4130489021956088,-0.037872314453125
0.41317365269461076,-0.032745361328125
0.41329840319361277,-0.022674560546875
0.41342315369261479,-0.0091552734375
0.41354790419161674,0.0057373046875
0.41367265469061876,0.019744873046875
0.41379740518962077,0.030731201171875
0.41392215568862273,0.03704833984375
0.41404690618762474,0.037750244140625
0.41417165668662675,0.032745361328125
0.41429640718562877,0.02276611328125
0.41442115768463073,0.00933837890625
0.41454590818363274,-0.005462646484375
0.41467065868263475,-0.019439697265625
0.41479540918163671,-0.03045654296875
0.41492015968063872,-0.036834716796875
0.41504491017964074,-0.037628173828125
0.41516966067864269,-0.032745361328125
0.41529441117764471,-0.022857666015625
0.41541916167664672,-0.009552001953125
0.41554391217564868,0.005218505859375
0.41566866267465069,0.0191650390625
0.4157934131736527,0.03021240234375
0.41591816367265472,0.036651611328125
0.41604291417165667,0.03753662109375
0.41616766467065869,0.03271484375
0.4162924151696607,0.02294921875
0.41641716566866266,0.009735107421875
0.41654191616766467,-0.004974365234375
0.41666666666666669,-0.018890380859375
0.41679141716566864,-0.029937744140625
0.41691616766467066,-0.03643798828125
0.41704091816367267,-0.03741455078125
0.41716566866267463,-0.03271484375
0.41729041916167664,-0.023040771484375
0.41741516966067865,-0.009918212890625
0.41753992015968067,0.00469970703125
0.41766467065868262,0.01861572265625
0.41778942115768464,0.0296630859375
0.41791417165668665,0.036224365234375
0.41803892215568861,0.03729248046875
0.41816367265469062,0.032684326171875
0.41828842315369263,0.023162841796875
0.41841317365269459,0.010101318359375
0.41853792415169661,-0.00445556640625
0.41866267465069862,-0.018341064453125
0.41878742514970058,-0.0294189453125
0.41891217564870259,-0.0360107421875
0.4190369261477046,-0.03717041015625
0.41916167664670656,-0.032684326171875
0.41928642714570857,-0.02325439453125
0.41941117764471059,-0.010284423828125
0.4195359281437126,0.00421142578125
0.41966067864271456,0.01806640625
0.41978542914171657,0.029144287109375
0.41991017964071858,0.03582763671875
0.42003493013972054,0.03704833984375
0.42015968063872255,0.03265380859375
0.42028443113772457,0.023345947265625
0.42040918163672653,0.010467529296875
0.42053393213572854,-0.00396728515625
0.42065868263473055,-0.01776123046875
0.42078343313373251,-0.02886962890625
0.42090818363273452,-0.035614013671875
0.42103293413173654,-0.03692626953125
0.42115768463073855,-0.03265380859375
0.42128243512974051,-0.023406982421875
0.42140718562874252,-0.010650634765625
0.42153193612774453,0.00372314453125
0.42165668662674649,0.017486572265625
0.4217814371257485,0.02862548828125
0.42190618762475052,0.035400390625
0.42203093812375247,0.03680419921875
0.42215568862275449,0.032623291015625
0.4222804391217565,0.02349853515625
0.42240518962075846,0.010833740234375
0.42252994011976047,-0.00347900390625
0.42265469061876249,-0.0172119140625
0.4227794411177645,-0.028350830078125
0.42290419161676646,-0.035186767578125
0.42302894211576847,-0.03668212890625
0.42315369261477048,-0.0325927734375
0.42327844311377244,-0.023590087890625
0.42340319361277445,-0.011016845703125
0.42352794411177647,0.00323486328125
0.42365269461077842,0.0169677734375
0.42377744510978044,0.028106689453125
0.42390219560878245,0.03497314453125
0.42402694610778441,0.03656005859375
0.42415169660678642,0.032562255859375
0.42427644710578843,0.023681640625
0.42440119760479039,0.011199951171875
0.42452594810379241,-0.00299072265625
0.42465069860279442,-0.016693115234375
0.42477544910179643,-0.02783203125
0.42490019960079839,-0.034759521484375
0.4250249500998004,-0.036407470703125
0.42514970059880242,-0.032562255859375
0.42527445109780437,-0.02374267578125
0.42539920159680639,-0.0113525390625
0.4255239520958084,0.00274658203125
0.42564870259481036,0.01641845703125
0.42577345309381237,0.027587890625
0.42589820359281438,0.0345458984375
0.42602295409181634,0.036285400390625
0.42614770459081835,0.03253173828125
0.42627245508982037,0.023834228515625
0.42639720558882238,0.01153564453125
0.42652195608782434,-0.00250244140625
0.42664670658682635,-0.016143798828125
0.42677145708582837,-0.027313232421875
0.42689620758483032,-0.03436279296875
0.42702095808383234,-0.036163330078125
0.42714570858283435,-0.032501220703125
0.42727045908183631,-0.023895263671875
0.42739520958083832,-0.011688232421875
0.42751996007984033,0.00225830078125
0.42764471057884229,0.015869140625
0.4277694610778443,0.027069091796875
0.42789421157684632,0.034149169921875
0.42801896207584833,0.036041259765625
0.42814371257485029,0.032470703125
0.4282684630738523,0.02398681640625
0.42839321357285431,0.011871337890625
0.42851796407185627,-0.002044677734375
0.42864271457085829,-0.015594482421875
0.4287674650698603,-0.02679443359375
0.42889221556886226,-0.033935546875
0.42901696606786427,-0.035888671875
0.42914171656686628,-0.032440185546875
0.42926646706586824,-0.0240478515625
0.42939121756487025,-0.01202392578125
0.42951596806387227,0.001800537109375
0.42964071856287422,0.015350341796875
0.42976546906187624,0.02655029296875
0.42989021956087825,0.033721923828125
0.43001497005988026,0.0357666015625
0.43013972055888222,0.03240966796875
0.43026447105788423,0.02410888671875
0.43038922155688625,0.01220703125
0.43051397205588821,-0.001556396484375
0.43063872255489022,-0.01507568359375
0.43076347305389223,-0.02630615234375
0.43088822355289419,-0.03350830078125
0.4310129740518962,-0.03564453125
0.43113772455089822,-0.032379150390625
0.43126247504990017,-0.024200439453125
0.43138722554890219,-0.012359619140625
0.4315119760479042,0.0013427734375
0.43163672654690621,0.01483154296875
0.43176147704590817,0.026031494140625
0.43188622754491018,0.033294677734375
0.4320109780439122,0.035491943359375
0.43213572854291415,0.032318115234375
0.43226047904191617,0.024261474609375
0.43238522954091818,0.01251220703125
0.43250998003992014,-0.0010986328125
0.43263473053892215,-0.014556884765625
0.43275948103792417,-0.025787353515625
0.43288423153692612,-0.0330810546875
0.43300898203592814,-0.035369873046875
0.43313373253493015,-0.03228759765625
0.43325848303393216,-0.024322509765625
0.43338323353293412,-0.012664794921875
0.43350798403193613,0.000885009765625
0.43363273453093815,0.0142822265625
0.4337574850299401,0.0255126953125
0.43388223552894212,0.032867431640625
0.43400698602794413,0.035247802734375
0.43413173652694609,0.032257080078125
0.4342564870259481,0.024383544921875
0.43438123752495011,0.0128173828125
0.43450598802395207,-0.00067138671875
0.43463073852295409,-0.0140380859375
0.4347554890219561,-0.0252685546875
0.43488023952095806,-0.03265380859375
0.43500499001996007,-0.03509521484375
0.43512974051896208,-0.0322265625
0.4352544910179641,-0.024444580078125
0.43537924151696605,-0.012969970703125
0.43550399201596807,0.00042724609375
0.43562874251497008,0.0137939453125
0.43575349301397204,0.0250244140625
0.43587824351297405,0.032440185546875
0.43600299401197606,0.03497314453125
0.43612774451097802,0.03216552734375
0.43625249500998003,0.024505615234375
0.43637724550898205,0.01312255859375
0.43650199600798401,-0.000213623046875
0.43662674650698602,-0.013519287109375
0.43675149700598803,-0.024749755859375
0.43687624750499005,-0.0322265625
0.437000998003992,-0.034820556640625
0.43712574850299402,-0.032135009765625
0.43725049900199603,-0.024566650390625
0.43737524950099799,-0.013275146484375
0.4375,0
0.43762475049900201,0.013275146484375
0.43774950099800397,0.024505615234375
0.43787425149700598,0.03204345703125
0.437999001996008,0.034698486328125
0.43812375249500995,0.032073974609375
0.43824850299401197,0.024627685546875
0.43837325349301398,0.013427734375
0.43849800399201599,0.000213623046875
0.43862275449101795,-0.01300048828125
0.43874750499001997,-0.024261474609375
0.43887225548902198,-0.031829833984375
0.43899700598802394,-0.0345458984375
0.43912175648702595,-0.03204345703125
0.43924650698602796,-0.024658203125
0.43937125748502992,-0.013580322265625
0.43949600798403193,-0.00042724609375
0.43962075848303395,0.01275634765625
0.4397455089820359,0.024017333984375
0.43987025948103792,0.0316162109375
0.43999500998003993,0.034393310546875
0.44011976047904194,0.031982421875
0.4402445109780439,0.02471923828125
0.44036926147704591,0.01373291015625
0.44049401197604793,0.000640869140625
0.44061876247504989,-0.01251220703125
0.4407435129740519,-0.023773193359375
0.44086826347305391,-0.031402587890625
0.44099301397205587,-0.034271240234375
0.44111776447105788,-0.031951904296875
0.4412425149700599,-0.0247802734375
0.44136726546906185,-0.01385498046875
0.44149201596806387,-0.0008544921875
0.44161676646706588,0.01226806640625
0.44174151696606784,0.02349853515625
0.44186626746506985,0.03118896484375
0.44199101796407186,0.03411865234375
0.44211576846307388,0.031890869140625
0.44224051896207583,0.024810791015625
0.44236526946107785,0.014007568359375
0.44249001996007986,0.001068115234375
0.44261477045908182,-0.01202392578125
0.44273952095808383,-0.02325439453125
0.44286427145708585,-0.030975341796875
0.4429890219560878,-0.033966064453125
0.44311377245508982,-0.031829833984375
0.44323852295409183,-0.024871826171875
0.44336327345309379,-0.014129638671875
0.4434880239520958,-0.00128173828125
0.44361277445109781,0.01177978515625
0.44373752495009983,0.02301025390625
0.44386227544910178,0.03076171875
0.4439870259481038,0.033843994140625
0.44411177644710581,0.031768798828125
0.44423652694610777,0.02490234375
0.44436127744510978,0.0142822265625
0.44448602794411179,0.001495361328125
0.44461077844311375,-0.011505126953125
0.44473552894211577,-0.02276611328125
0.44486027944111778,-0.030548095703125
0.44498502994011974,-0.03369140625
0.44510978043912175,-0.03173828125
0.44523453093812376,-0.02496337890625
0.44535928143712578,-0.014404296875
0.44548403193612773,-0.001678466796875
0.44560878243512975,0.011260986328125
0.44573353293413176,0.02252197265625
0.44585828343313372,0.03033447265625
0.44598303393213573,0.033538818359375
0.44610778443113774,0.03167724609375
0.4462325349301397,0.024993896484375
0.44635728542914171,0.0145263671875
0.44648203592814373,0.00189208984375
0.44660678642714569,-0.01104736328125
0.4467315369261477,-0.02227783203125
0.44685628742514971,-0.030120849609375
0.44698103792415167,-0.033416748046875
0.44710578842315368,-0.0316162109375
0.4472305389221557,-0.0250244140625
0.44735528942115771,-0.014678955078125
0.44748003992015967,-0.002105712890625
0.44760479041916168,0.01080322265625
0.44772954091816369,0.02203369140625
0.44785429141716565,0.0299072265625
0.44797904191616766,0.03326416015625
0.44810379241516968,0.03155517578125
0.44822854291417163,0.02508544921875
0.44835329341317365,0.014801025390625
0.44847804391217566,0.002288818359375
0.44860279441117762,-0.01055908203125
0.44872754491017963,-0.02178955078125
0.44885229540918165,-0.029693603515625
0.44897704590818366,-0.033111572265625
0.44910179640718562,-0.031494140625
0.44922654690618763,-0.025115966796875
0.44935129740518964,-0.014923095703125
0.4494760479041916,-0.00250244140625
0.44960079840319361,0.01031494140625
0.44972554890219563,0.02154541015625
0.44985029940119758,0.02947998046875
0.4499750499001996,0.032958984375
0.45009980039920161,0.03143310546875
0.45022455089820357,0.025146484375
0.45034930139720558,0.015045166015625
0.45047405189620759,0.002685546875
0.45059880239520961,-0.01007080078125
0.45072355289421157,-0.02130126953125
0.45084830339321358,-0.029266357421875
0.45097305389221559,-0.032806396484375
0.45109780439121755,-0.0313720703125
0.45122255489021956,-0.025177001953125
0.45134730538922158,-0.015167236328125
0.45147205588822353,-0.00286865234375
0.45159680638722555,0.00982666015625
0.45172155688622756,0.02105712890625
0.45184630738522952,0.029052734375
0.45197105788423153,0.03265380859375
0.45209580838323354,0.03131103515625
0.4522205588822355,0.02520751953125
0.45234530938123751,0.015289306640625
0.45247005988023953,0.003082275390625
0.45259481037924154,-0.009613037109375
0.4527195608782435,-0.02081298828125
0.45284431137724551,-0.028839111328125
0.45296906187624753,-0.032501220703125
0.45309381237524948,-0.03125
0.4532185628742515,-0.025238037109375
0.45334331337325351,-0.015411376953125
0.45346806387225547,-0.003265380859375
0.45359281437125748,0.009368896484375
0.45371756487025949,0.02056884765625
0.45384231536926145,0.028656005859375
0.45396706586826346,0.032379150390625
0.45409181636726548,0.03118896484375
0.45421656686626749,0.0252685546875
0.45434131736526945,0.015533447265625
0.45446606786427146,0.003448486328125
0.45459081836327347,-0.009124755859375
0.45471556886227543,-0.02032470703125
0.45484031936127745,-0.0284423828125
0.45496506986027946,-0.0322265625
0.45508982035928142,-0.031097412109375
0.45521457085828343,-0.025299072265625
0.45533932135728544,-0.015655517578125
0.4554640718562874,-0.003631591796875
0.45558882235528941,0.0089111328125
0.45571357285429143,0.02008056640625
0.45583832335329344,0.028228759765625
0.4559630738522954,0.032073974609375
0.45608782435129741,0.031036376953125
0.45621257485029942,0.02532958984375
0.45633732534930138,0.015777587890625
0.45646207584830339,0.003814697265625
0.45658682634730541,-0.0086669921875
0.45671157684630737,-0.01983642578125
0.45683632734530938,-0.02801513671875
0.45696107784431139,-0.03192138671875
0.45708582834331335,-0.030975341796875
0.45721057884231536,-0.02532958984375
0.45733532934131738,-0.015869140625
0.45746007984031933,-0.0040283203125
0.45758483033932135,0.008453369140625
0.45770958083832336,0.019622802734375
0.45783433133732537,0.027801513671875
0.45795908183632733,0.031768798828125
0.45808383233532934,0.030914306640625
0.45820858283433136,0.025360107421875
0.45833333333333331,0.0159912109375
0.45845808383233533,0.00421142578125
0.45858283433133734,-0.008209228515625
0.4587075848303393,-0.019378662109375
0.45883233532934131,-0.027587890625
0.45895708582834333,-0.0316162109375
0.45908183632734528,-0.03082275390625
0.4592065868263473,-0.025390625
0.45933133732534931,-0.016082763671875
0.45945608782435132,-0.004364013671875
0.45958083832335328,0.00799560546875
0.45970558882235529,0.019134521484375
0.45983033932135731,0.027374267578125
0.45995508982035926,0.031463623046875
0.46007984031936128,0.03076171875
0.46020459081836329,0.025390625
0.46032934131736525,0.016204833984375
0.46045409181636726,0.004547119140625
0.46057884231536927,-0.007781982421875
0.46070359281437123,-0.0189208984375
0.46082834331337325,-0.02716064453125
0.46095309381237526,-0.03131103515625
0.46107784431137727,-0.03070068359375
0.46120259481037923,-0.025421142578125
0.46132734530938124,-0.01629638671875
0.46145209580838326,-0.004730224609375
0.46157684630738521,0.007537841796875
0.46170159680638723,0.0186767578125
0.46182634730538924,0.026947021484375
0.4619510978043912,0.031158447265625
0.46207584830339321,0.030609130859375
0.46220059880239522,0.02545166015625
0.46232534930139718,0.01641845703125
0.46245009980039919,0.004913330078125
0.46257485029940121,-0.00732421875
0.46269960079840322,-0.0184326171875
0.46282435129740518,-0.0267333984375
0.46294910179640719,-0.030975341796875
0.46307385229540921,-0.030548095703125
0.46319860279441116,-0.02545166015625
0.46332335329341318,-0.016510009765625
0.46344810379241519,-0.005096435546875
0.46357285429141715,0.007110595703125
0.46369760479041916,0.018218994140625
0.46382235528942117,0.02655029296875
0.46394710578842313,0.03082275390625
0.46407185628742514,0.03045654296875
0.46419660678642716,0.02545166015625
0.46432135728542911,0.0166015625
0.46444610778443113,0.0052490234375
0.46457085828343314,-0.00689697265625
0.46469560878243515,-0.017974853515625
0.46482035928143711,-0.026336669921875
0.46494510978043913,-0.030670166015625
0.46506986027944114,-0.030364990234375
0.4651946107784431,-0.025482177734375
0.46531936127744511,-0.0167236328125
0.46544411177644712,-0.00543212890625
0.46556886227544908,0.00665283203125
0.46569361277445109,0.017730712890625
0.46581836327345311,0.026123046875
0.46594311377245506,0.030517578125
0.46606786427145708,0.030303955078125
0.46619261477045909,0.025482177734375
0.4663173652694611,0.016815185546875
0.46644211576846306,0.005584716796875
0.46656686626746507,-0.006439208984375
0.46669161676646709,-0.01751708984375
0.46681636726546905,-0.025909423828125
0.46694111776447106,-0.030364990234375
0.46706586826347307,-0.03021240234375
0.46719061876247503,-0.025482177734375
0.46731536926147704,-0.01690673828125
0.46744011976047906,-0.005767822265625
0.46756487025948101,0.0062255859375
0.46768962075848303,0.01727294921875
0.46781437125748504,0.02569580078125
0.46793912175648705,0.03021240234375
0.46806387225548901,0.0301513671875
0.46818862275449102,0.0255126953125
0.46831337325349304,0.016998291015625
0.46843812375249499,0.00592041015625
0.46856287425149701,-0.006011962890625
0.46868762475049902,-0.017059326171875
0.46881237524950098,-0.025482177734375
0.46893712574850299,-0.030059814453125
0.46906187624750501,-0.030059814453125
0.46918662674650696,-0.0255126953125
0.46931137724550898,-0.01708984375
0.46943612774451099,-0.006103515625
0.46956087824351295,0.00579833984375
0.46968562874251496,0.016815185546875
0.46981037924151697,0.0252685546875
0.46993512974051899,0.0299072265625
0.47005988023952094,0.02996826171875
0.47018463073852296,0.0255126953125
0.47030938123752497,0.017181396484375
0.47043413173652693,0.006256103515625
0.47055888223552894,-0.005615234375
0.47068363273453095,-0.0166015625
0.47080838323353291,-0.02508544921875
0.47093313373253493,-0.02972412109375
0.47105788423153694,-0.029876708984375
0.4711826347305389,-0.0255126953125
0.47130738522954091,-0.01727294921875
0.47143213572854292,-0.00640869140625
0.47155688622754494,0.005401611328125
0.47168163672654689,0.016387939453125
0.47180638722554891,0.024871826171875
0.47193113772455092,0.029571533203125
0.47205588822355288,0.029815673828125
0.47218063872255489,0.0255126953125
0.4723053892215569,0.017364501953125
0.47243013972055886,0.006591796875
0.47255489021956087,-0.00518798828125
0.47267964071856289,-0.016143798828125
0.47280439121756485,-0.024658203125
0.47292914171656686,-0.0294189453125
0.47305389221556887,-0.02972412109375
0.47317864271457089,-0.0255126953125
0.47330339321357284,-0.0174560546875
0.47342814371257486,-0.006744384765625
0.47355289421157687,0.004974365234375
0.47367764471057883,0.01593017578125
0.47380239520958084,0.024444580078125
0.47392714570858285,0.029266357421875
0.47405189620758481,0.029632568359375
0.47417664670658682,0.0255126953125
0.47430139720558884,0.01751708984375
0.47442614770459079,0.00689697265625
0.47455089820359281,-0.0047607421875
0.47467564870259482,-0.015716552734375
0.47480039920159678,-0.02423095703125
0.47492514970059879,-0.02911376953125
0.47504990019960081,-0.029541015625
0.47517465069860282,-0.0255126953125
0.47529940119760478,-0.017608642578125
0.47542415169660679,-0.007049560546875
0.4755489021956088,0.00457763671875
0.47567365269461076,0.015472412109375
0.47579840319361277,0.0240478515625
0.47592315369261479,0.0289306640625
0.47604790419161674,0.029449462890625
0.47617265469061876,0.0255126953125
0.47629740518962077,0.0177001953125
0.47642215568862273,0.0072021484375
0.47654690618762474,-0.004364013671875
0.47667165668662675,-0.0152587890625
0.47679640718562877,-0.023834228515625
0.47692115768463073,-0.028778076171875
0.47704590818363274,-0.02935791015625
0.47717065868263475,-0.025482177734375
0.47729540918163671,-0.01776123046875
0.47742015968063872,-0.007354736328125
0.47754491017964074,0.004150390625
0.47766966067864269,0.015045166015625
0.47779441117764471,0.02362060546875
0.47791916167664672,0.02862548828125
0.47804391217564868,0.029266357421875
0.47816866267465069,0.025482177734375
0.4782934131736527,0.017852783203125
0.47841816367265472,0.00750732421875
0.47854291417165667,-0.00396728515625
0.47866766467065869,-0.01483154296875
0.4787924151696607,-0.023406982421875
0.47891716566866266,-0.0284423828125
0.47904191616766467,-0.0291748046875
0.47916666666666669,-0.025482177734375
0.47929141716566864,-0.017913818359375
0.47941616766467066,-0.007659912109375
0.47954091816367267,0.003753662109375
0.47966566866267463,0.01458740234375
0.47979041916167664,0.023223876953125
0.47991516966067865,0.028289794921875
0.48003992015968067,0.029083251953125
0.48016467065868262,0.025482177734375
0.48028942115768464,0.01800537109375
0.48041417165668665,0.0078125
0.48053892215568861,-0.003570556640625
0.48066367265469062,-0.014373779296875
0.48078842315369263,-0.02301025390625
0.48091317365269459,-0.02813720703125
0.48103792415169661,-0.02899169921875
0.48116267465069862,-0.02545166015625
0.48128742514970058,-0.01806640625
0.48141217564870259,-0.0079345703125
0.4815369261477046,0.003387451171875
0.48166167664670656,0.01416015625
0.48178642714570857,0.022796630859375
0.48191117764471059,0.027984619140625
0.4820359281437126,0.028900146484375
0.48216067864271456,0.02545166015625
0.48228542914171657,0.01812744140625
0.48241017964071858,0.008087158203125
0.48253493013972054,-0.003173828125
0.48265968063872255,-0.013946533203125
0.48278443113772457,-0.0225830078125
0.48290918163672653,-0.027801513671875
0.48303393213572854,-0.02880859375
0.48315868263473055,-0.025421142578125
0.48328343313373251,-0.018218994140625
0.48340818363273452,-0.00823974609375
0.48353293413173654,0.00299072265625
0.48365768463073855,0.01373291015625
0.48378243512974051,0.02239990234375
0.48390718562874252,0.02764892578125
0.48403193612774453,0.028717041015625
0.48415668662674649,0.025421142578125
0.4842814371257485,0.018280029296875
0.48440618762475052,0.00836181640625
0.48453093812375247,-0.0028076171875
0.48465568862275449,-0.013519287109375
0.4847804391217565,-0.022186279296875
0.48490518962075846,-0.027496337890625
0.48502994011976047,-0.02862548828125
0.48515469061876249,-0.025390625
0.4852794411177645,-0.018341064453125
0.48540419161676646,-0.008514404296875
0.48552894211576847,0.002593994140625
0.48565369261477048,0.0133056640625
0.48577844311377244,0.02197265625
0.48590319361277445,0.027313232421875
0.48602794411177647,0.02850341796875
0.48615269461077842,0.025390625
0.48627744510978044,0.018402099609375
0.48640219560878245,0.008636474609375
0.48652694610778441,-0.002410888671875
0.48665169660678642,-0.013092041015625
0.48677644710578843,-0.02178955078125
0.48690119760479039,-0.02716064453125
0.48702594810379241,-0.028411865234375
0.48715069860279442,-0.025360107421875
0.48727544910179643,-0.018463134765625
0.48740019960079839,-0.0087890625
0.4875249500998004,0.002227783203125
0.48764970059880242,0.01287841796875
0.48777445109780437,0.021575927734375
0.48789920159680639,0.027008056640625
0.4880239520958084,0.0283203125
0.48814870259481036,0.02532958984375
0.48827345309381237,0.018524169921875
0.48839820359281438,0.0089111328125
0.48852295409181634,-0.002044677734375
0.48864770459081835,-0.012664794921875
0.48877245508982037,-0.021392822265625
0.48889720558882238,-0.026824951171875
0.48902195608782434,-0.028228759765625
0.48914670658682635,-0.02532958984375
0.48927145708582837,-0.018585205078125
0.48939620758483032,-0.009033203125
0.48952095808383234,0.001861572265625
0.48964570858283435,0.012481689453125
0.48977045908183631,0.02117919921875
0.48989520958083832,0.02667236328125
0.49001996007984033,0.028106689453125
0.49014471057884229,0.025299072265625
0.4902694610778443,0.018646240234375
0.49039421157684632,0.009185791015625
0.49051896207584833,-0.001678466796875
0.49064371257485029,-0.01226806640625
0.4907684630738523,-0.020965576171875
0.49089321357285431,-0.026519775390625
0.49101796407185627,-0.02801513671875
0.49114271457085829,-0.0252685546875
0.4912674650698603,-0.018707275390625
0.49139221556886226,-0.009307861328125
0.49151696606786427,0.001495361328125
0.49164171656686628,0.012054443359375
0.49176646706586824,0.020782470703125
0.49189121756487025,0.026336669921875
0.49201596806387227,0.027923583984375
0.49214071856287422,0.025238037109375
0.49226546906187624,0.018768310546875
0.49239021956087825,0.009429931640625
0.49251497005988026,-0.001312255859375
0.49263972055888222,-0.0118408203125
0.49276447105788423,-0.02056884765625
0.49288922155688625,-0.02618408203125
0.49301397205588821,-0.027801513671875
0.49313872255489022,-0.02520751953125
0.49326347305389223,-0.018798828125
0.49338822355289419,-0.009552001953125
0.4935129740518962,0.001129150390625
0.49363772455089822,0.011627197265625
0.49376247504990017,0.0203857421875
0.49388722554890219,0.0260009765625
0.4940119760479042,0.0277099609375
0.49413672654690621,0.025177001953125
0.49426147704590817,0.01885986328125
0.49438622754491018,0.009674072265625
0.4945109780439122,-0.000946044921875
0.49463572854291415,-0.011444091796875
0.49476047904191617,-0.020172119140625
0.49488522954091818,-0.025848388671875
0.49500998003992014,-0.027587890625
0.49513473053892215,-0.025177001953125
0.49525948103792417,-0.0189208984375
0.49538423153692612,-0.009796142578125
0.49550898203592814,0.000762939453125
0.49563373253493015,0.01123046875
0.49575848303393216,0.019989013671875
0.49588323353293412,0.02569580078125
0.49600798403193613,0.027496337890625
0.49613273453093815,0.025146484375
0.4962574850299401,0.018951416015625
0.49638223552894212,0.009918212890625
0.49650698602794413,-0.0006103515625
0.49663173652694609,-0.01104736328125
0.4967564870259481,-0.019775390625
0.49688123752495011,-0.0255126953125
0.49700598802395207,-0.027374267578125
0.49713073852295409,-0.025115966796875
0.4972554890219561,-0.019012451171875
0.49738023952095806,-0.010040283203125
0.49750499001996007,0.00042724609375
0.49762974051896208,0.010833740234375
0.4977544910179641,0.01959228515625
0.49787924151696605,0.025360107421875
0.49800399201596807,0.02728271484375
0.49812874251497008,0.025054931640625
0.49825349301397204,0.019073486328125
0.49837824351297405,0.010162353515625
0.49850299401197606,-0.000244140625
0.49862774451097802,-0.0106201171875
0.49875249500998003,-0.019378662109375
0.49887724550898205,-0.025177001953125
0.49900199600798401,-0.02716064453125
0.49912674650698602,-0.0250244140625
0.49925149700598803,-0.01910400390625
0.49937624750499005,-0.010284423828125
0.499500998003992,9.1552734375e-05
0.49962574850299402,0.01043701171875
0.49975049900199603,0.019195556640625
0.49987524950099799,0.0250244140625
0.5,0.027069091796875
0.50012475049900196,0.024993896484375
0.50024950099800403,0.0191650390625
0.50037425149700598,0.010406494140625
0.50049900199600794,9.1552734375e-05
0.50062375249501001,-0.010223388671875
0.50074850299401197,-0.01898193359375
0.50087325349301393,-0.024871826171875
0.50099800399201599,-0.026947021484375
0.50112275449101795,-0.02496337890625
0.50124750499001991,-0.019195556640625
0.50137225548902198,-0.010528564453125
0.50149700598802394,-0.000244140625
0.50162175648702589,0.010040283203125
0.50174650698602796,0.018798828125
0.50187125748502992,0.024688720703125
0.50199600798403199,0.02685546875
0.50212075848303395,0.024932861328125
0.5022455089820359,0.01922607421875
0.50237025948103797,0.0106201171875
0.50249500998003993,0.00042724609375
0.50261976047904189,-0.00982666015625
0.50274451097804396,-0.01861572265625
0.50286926147704591,-0.0245361328125
0.50299401197604787,-0.0267333984375
0.50311876247504994,-0.02490234375
0.5032435129740519,-0.019287109375
0.50336826347305386,-0.0107421875
0.50349301397205593,-0.000579833984375
0.50361776447105788,0.0096435546875
0.50374251497005984,0.018402099609375
0.50386726546906191,0.02435302734375
0.50399201596806387,0.026641845703125
0.50411676646706582,0.02484130859375
0.50424151696606789,0.019317626953125
0.50436626746506985,0.0108642578125
0.50449101796407181,0.000762939453125
0.50461576846307388,-0.00946044921875
0.50474051896207583,-0.018218994140625
0.50486526946107779,-0.024200439453125
0.50499001996007986,-0.026519775390625
0.50511477045908182,-0.024810791015625
0.50523952095808389,-0.01934814453125
0.50536427145708585,-0.010955810546875
0.5054890219560878,-0.00091552734375
0.50561377245508987,0.009246826171875
0.50573852295409183,0.01800537109375
0.50586327345309379,0.0240478515625
0.50598802395209586,0.026397705078125
0.50611277445109781,0.0247802734375
0.50623752495009977,0.019378662109375
0.50636227544910184,0.011077880859375
0.5064870259481038,0.001068115234375
0.50661177644710575,-0.009063720703125
0.50673652694610782,-0.017822265625
0.50686127744510978,-0.02386474609375
0.50698602794411174,-0.02630615234375
0.50711077844311381,-0.02471923828125
0.50723552894211577,-0.0194091796875
0.50736027944111772,-0.01116943359375
0.50748502994011979,-0.001220703125
0.50760978043912175,0.008880615234375
0.50773453093812371,0.01763916015625
0.50785928143712578,0.023712158203125
0.50798403193612773,0.02618408203125
0.50810878243512969,0.024688720703125
0.50823353293413176,0.019439697265625
0.50835828343313372,0.011260986328125
0.50848303393213568,0.00140380859375
0.50860778443113774,-0.008697509765625
0.5087325349301397,-0.0174560546875
0.50885728542914177,-0.023529052734375
0.50898203592814373,-0.02606201171875
0.50910678642714569,-0.024658203125
0.50923153692614775,-0.01947021484375
0.50935628742514971,-0.011383056640625
0.50948103792415167,-0.001556396484375
0.50960578842315374,0.00848388671875
0.5097305389221557,0.017242431640625
0.50985528942115765,0.02337646484375
0.50998003992015972,0.025970458984375
0.51010479041916168,0.02459716796875
0.51022954091816364,0.019500732421875
0.51035429141716571,0.011474609375
0.51047904191616766,0.001708984375
0.51060379241516962,-0.00830078125
0.51072854291417169,-0.017059326171875
0.51085329341317365,-0.023223876953125
0.51097804391217561,-0.025848388671875
0.51110279441117767,-0.024566650390625
0.51122754491017963,-0.01953125
0.51135229540918159,-0.011566162109375
0.51147704590818366,-0.001861572265625
0.51160179640718562,0.00811767578125
0.51172654690618757,0.016876220703125
0.51185129740518964,0.023040771484375
0.5119760479041916,0.025726318359375
0.51210079840319356,0.024505615234375
0.51222554890219563,0.019561767578125
0.51235029940119758,0.011688232421875
0.51247504990019965,0.00201416015625
0.51259980039920161,-0.0079345703125
0.51272455089820357,-0.016693115234375
0.51284930139720564,-0.02288818359375
0.51297405189620759,-0.025604248046875
0.51309880239520955,-0.024444580078125
0.51322355289421162,-0.01959228515625
0.51334830339321358,-0.01177978515625
0.51347305389221554,-0.002166748046875
0.5135978043912176,0.00775146484375
0.51372255489021956,0.0164794921875
0.51384730538922152,0.022705078125
0.51397205588822359,0.025482177734375
0.51409680638722555,0.0244140625
0.5142215568862275,0.019622802734375
0.51434630738522957,0.011871337890625
0.51447105788423153,0.0023193359375
0.51459580838323349,-0.007568359375
0.51472055888223556,-0.01629638671875
0.51484530938123751,-0.022552490234375
0.51497005988023947,-0.025390625
0.51509481037924154,-0.02435302734375
0.5152195608782435,-0.0196533203125
0.51534431137724546,-0.011962890625
0.51546906187624753,-0.002471923828125
0.51559381237524948,0.00738525390625
0.51571856287425155,0.01611328125
0.51584331337325351,0.02239990234375
0.51596806387225547,0.0252685546875
0.51609281437125754,0.024322509765625
0.51621756487025949,0.019683837890625
0.51634231536926145,0.012054443359375
0.51646706586826352,0.00262451171875
0.51659181636726548,-0.0072021484375
0.51671656686626743,-0.01593017578125
0.5168413173652695,-0.022216796875
0.51696606786427146,-0.025146484375
0.51709081836327342,-0.024261474609375
0.51721556886227549,-0.019683837890625
0.51734031936127745,-0.01214599609375
0.5174650698602794,-0.002777099609375
0.51758982035928147,0.00701904296875
0.51771457085828343,0.0157470703125
0.51783932135728539,0.022064208984375
0.51796407185628746,0.0250244140625
0.51808882235528941,0.024200439453125
0.51821357285429137,0.01971435546875
0.51833832335329344,0.012237548828125
0.5184630738522954,0.002899169921875
0.51858782435129736,-0.0068359375
0.51871257485029942,-0.01556396484375
0.51883732534930138,-0.021881103515625
0.51896207584830334,-0.02490234375
0.51908682634730541,-0.024139404296875
0.51921157684630737,-0.01971435546875
0.51933632734530943,-0.0123291015625
0.51946107784431139,-0.0030517578125
0.51958582834331335,0.00665283203125
0.51971057884231542,0.015380859375
0.51983532934131738,0.021728515625
0.51996007984031933,0.0247802734375
0.5200848303393214,0.02410888671875
0.52020958083832336,0.019744873046875
0.52033433133732532,0.012420654296875
0.52045908183632739,0.003204345703125
0.52058383233532934,-0.006500244140625
0.5207085828343313,-0.01519775390625
0.52083333333333337,-0.021575927734375
0.52095808383233533,-0.024688720703125
0.52108283433133729,-0.0240478515625
0.52120758483033935,-0.019775390625
0.52133233532934131,-0.012481689453125
0.52145708582834327,-0.003326416015625
0.52158183632734534,0.006317138671875
0.5217065868263473,0.014984130859375
0.52183133732534925,0.021392822265625
0.52195608782435132,0.024566650390625
0.52208083832335328,0.02398681640625
0.52220558882235524,0.019775390625
0.52233033932135731,0.0125732421875
0.52245508982035926,0.00347900390625
0.52257984031936133,-0.006134033203125
0.52270459081836329,-0.014801025390625
0.52282934131736525,-0.021240234375
0.52295409181636732,-0.024444580078125
0.52307884231536927,-0.02392578125
0.52320359281437123,-0.019805908203125
0.5233283433133733,-0.012664794921875
0.52345309381237526,-0.003631591796875
0.52357784431137722,0.005950927734375
0.52370259481037928,0.014617919921875
0.52382734530938124,0.021087646484375
0.5239520958083832,0.024322509765625
0.52407684630738527,0.02386474609375
0.52420159680638723,0.019805908203125
0.52432634730538918,0.01275634765625
0.52445109780439125,0.003753662109375
0.52457584830339321,-0.00579833984375
0.52470059880239517,-0.01446533203125
0.52482534930139724,-0.020904541015625
0.52495009980039919,-0.024200439453125
0.52507485029940115,-0.0238037109375
0.52519960079840322,-0.019805908203125
0.52532435129740518,-0.0128173828125
0.52544910179640714,-0.00390625
0.52557385229540921,0.005615234375
0.52569860279441116,0.0142822265625
0.52582335329341312,0.020751953125
0.52594810379241519,0.024078369140625
0.52607285429141715,0.02374267578125
0.52619760479041922,0.01983642578125
0.52632235528942117,0.012908935546875
0.52644710578842313,0.0040283203125
0.5265718562874252,-0.005462646484375
0.52669660678642716,-0.01409912109375
0.52682135728542911,-0.02056884765625
0.52694610778443118,-0.023956298828125
0.52707085828343314,-0.023681640625
0.5271956087824351,-0.01983642578125
0.52732035928143717,-0.012969970703125
0.52744510978043913,-0.004150390625
0.52756986027944108,0.005279541015625
0.52769461077844315,0.013916015625
0.52781936127744511,0.020416259765625
0.52794411177644707,0.023834228515625
0.52806886227544914,0.02362060546875
0.52819361277445109,0.01983642578125
0.52831836327345305,0.0130615234375
0.52844311377245512,0.004302978515625
0.52856786427145708,-0.005096435546875
0.52869261477045904,-0.01373291015625
0.5288173652694611,-0.020263671875
0.52894211576846306,-0.023712158203125
0.52906686626746502,-0.0235595703125
0.52919161676646709,-0.01983642578125
0.52931636726546905,-0.01312255859375
0.529441117764471,-0.004425048828125
0.52956586826347307,0.00494384765625
0.52969061876247503,0.0135498046875
0.5298153692614771,0.02008056640625
0.52994011976047906,0.023590087890625
0.53006487025948101,0.02349853515625
0.53018962075848308,0.019866943359375
0.53031437125748504,0.013214111328125
0.530439121756487,0.004547119140625
0.53056387225548907,-0.0047607421875
0.53068862275449102,-0.01336669921875
0.53081337325349298,-0.019927978515625
0.53093812375249505,-0.023468017578125
0.53106287425149701,-0.0234375
0.53118762475049897,-0.019866943359375
0.53131237524950103,-0.013275146484375
0.53143712574850299,-0.004669189453125
0.53156187624750495,0.004608154296875
0.53168662674650702,0.01318359375
0.53181137724550898,0.019775390625
0.53193612774451093,0.023345947265625
0.532060878243513,0.02337646484375
0.53218562874251496,0.019866943359375
0.53231037924151692,0.013336181640625
0.53243512974051899,0.00482177734375
0.53255988023952094,-0.00445556640625
0.5326846307385229,-0.013031005859375
0.53280938123752497,-0.01959228515625
0.53293413173652693,-0.023223876953125
0.533058882235529,-0.0233154296875
0.53318363273453095,-0.019866943359375
0.53330838323353291,-0.013427734375
0.53343313373253498,-0.00494384765625
0.53355788423153694,0.0042724609375
0.5336826347305389,0.012847900390625
0.53380738522954096,0.019439697265625
0.53393213572854292,0.023101806640625
0.53405688622754488,0.02325439453125
0.53418163672654695,0.019866943359375
0.53430638722554891,0.01348876953125
0.53443113772455086,0.00506591796875
0.53455588822355293,-0.004119873046875
0.53468063872255489,-0.012664794921875
0.53480538922155685,-0.019287109375
0.53493013972055892,-0.022979736328125
0.53505489021956087,-0.023162841796875
0.53517964071856283,-0.019866943359375
0.5353043912175649,-0.0135498046875
0.53542914171656686,-0.00518798828125
0.53555389221556882,0.00396728515625
0.53567864271457089,0.012481689453125
0.53580339321357284,0.019134521484375
0.5359281437125748,0.022857666015625
0.53605289421157687,0.023101806640625
0.53617764471057883,0.019866943359375
0.53630239520958078,0.01361083984375
0.53642714570858285,0.00531005859375
0.53655189620758481,-0.0037841796875
0.53667664670658688,-0.0123291015625
0.53680139720558884,-0.018951416015625
0.53692614770459079,-0.022735595703125
0.53705089820359286,-0.023040771484375
0.53717564870259482,-0.019866943359375
0.53730039920159678,-0.013671875
0.53742514970059885,-0.00543212890625
0.53754990019960081,0.003631591796875
0.53767465069860276,0.01214599609375
0.53779940119760483,0.018798828125
0.53792415169660679,0.022613525390625
0.53804890219560875,0.022979736328125
0.53817365269461082,0.019866943359375
0.53829840319361277,0.01373291015625
0.53842315369261473,0.00555419921875
0.5385479041916168,-0.00347900390625
0.53867265469061876,-0.011962890625
0.53879740518962072,-0.018646240234375
0.53892215568862278,-0.0224609375
0.53904690618762474,-0.02288818359375
0.5391716566866267,-0.019866943359375
0.53929640718562877,-0.0137939453125
0.53942115768463073,-0.00567626953125
0.53954590818363268,0.003326416015625
0.53967065868263475,0.011810302734375
0.53979540918163671,0.018463134765625
0.53992015968063867,0.0223388671875
0.54004491017964074,0.0228271484375
0.54016966067864269,0.019866943359375
0.54029441117764476,0.01385498046875
0.54041916167664672,0.00579833984375
0.54054391217564868,-0.003173828125
0.54066866267465075,-0.011627197265625
0.5407934131736527,-0.018310546875
0.54091816367265466,-0.022216796875
0.54104291417165673,-0.02276611328125
0.54116766467065869,-0.01983642578125
0.54129241516966065,-0.013916015625
0.54141716566866271,-0.005889892578125
0.54154191616766467,0.003021240234375
0.54166666666666663,0.011444091796875
0.5417914171656687,0.018157958984375
0.54191616766467066,0.0220947265625
0.54204091816367261,0.022674560546875
0.54216566866267468,0.01983642578125
0.54229041916167664,0.01397705078125
0.5424151696606786,0.006011962890625
0.54253992015968067,-0.00286865234375
0.54266467065868262,-0.01129150390625
0.54278942115768458,-0.01800537109375
0.54291417165668665,-0.02197265625
0.54303892215568861,-0.022613525390625
0.54316367265469057,-0.01983642578125
0.54328842315369263,-0.0140380859375
0.54341317365269459,-0.006134033203125
0.54353792415169666,0.002716064453125
0.54366267465069862,0.0111083984375
0.54378742514970058,0.017852783203125
0.54391217564870264,0.0218505859375
0.5440369261477046,0.022552490234375
0.54416167664670656,0.019805908203125
0.54428642714570863,0.01409912109375
0.54441117764471059,0.006256103515625
0.54453592814371254,-0.0025634765625
0.54466067864271461,-0.010955810546875
0.54478542914171657,-0.017669677734375
0.54491017964071853,-0.021728515625
0.5450349301397206,-0.0224609375
0.54515968063872255,-0.019805908203125
0.54528443113772451,-0.01416015625
0.54540918163672658,-0.00634765625
0.54553393213572854,0.002410888671875
0.5456586826347305,0.010772705078125
0.54578343313373257,0.01751708984375
0.54590818363273452,0.0216064453125
0.54603293413173648,0.02239990234375
0.54615768463073855,0.019805908203125
0.54628243512974051,0.014190673828125
0.54640718562874246,0.0064697265625
0.54653193612774453,-0.00225830078125
0.54665668662674649,-0.0106201171875
0.54678143712574845,-0.017364501953125
0.54690618762475052,-0.021484375
0.54703093812375247,-0.022308349609375
0.54715568862275454,-0.019775390625
0.5472804391217565,-0.014251708984375
0.54740518962075846,-0.006561279296875
0.54752994011976053,0.002105712890625
0.54765469061876249,0.01043701171875
0.54777944111776444,0.0172119140625
0.54790419161676651,0.021331787109375
0.54802894211576847,0.022247314453125
0.54815369261477043,0.019775390625
0.5482784431137725,0.014312744140625
0.54840319361277445,0.006683349609375
0.54852794411177641,-0.001953125
0.54865269461077848,-0.010284423828125
0.54877744510978044,-0.017059326171875
0.5489021956087824,-0.021209716796875
0.54902694610778446,-0.02215576171875
0.54915169660678642,-0.019744873046875
0.54927644710578838,-0.01434326171875
0.54940119760479045,-0.00677490234375
0.54952594810379241,0.001800537109375
0.54965069860279436,0.0101318359375
0.54977544910179643,0.016876220703125
0.54990019960079839,0.021087646484375
0.55002495009980035,0.0220947265625
0.55014970059880242,0.019744873046875
0.55027445109780437,0.014404296875
0.55039920159680644,0.00689697265625
0.5505239520958084,-0.00164794921875
0.55064870259481036,-0.00994873046875
0.55077345309381243,-0.0167236328125
0.55089820359281438,-0.020965576171875
0.55102295409181634,-0.022003173828125
0.55114770459081841,-0.01971435546875
0.55127245508982037,-0.01446533203125
0.55139720558882233,-0.006988525390625
0.55152195608782439,0.00152587890625
0.55164670658682635,0.009796142578125
0.55177145708582831,0.016571044921875
0.55189620758483038,0.020843505859375
0.55202095808383234,0.021942138671875
0.55214570858283429,0.01971435546875
0.55227045908183636,0.014495849609375
0.55239520958083832,0.007110595703125
0.55251996007984028,-0.001373291015625
0.55264471057884235,-0.0096435546875
0.5527694610778443,-0.01641845703125
0.55289421157684626,-0.020721435546875
0.55301896207584833,-0.0218505859375
0.55314371257485029,-0.019683837890625
0.55326846307385225,-0.014556884765625
0.55339321357285431,-0.0072021484375
0.55351796407185627,0.001220703125
0.55364271457085823,0.00946044921875
0.5537674650698603,0.016265869140625
0.55389221556886226,0.02056884765625
0.55401696606786432,0.02178955078125
0.55414171656686628,0.019683837890625
0.55426646706586824,0.01458740234375
0.55439121756487031,0.007293701171875
0.55451596806387227,-0.0010986328125
0.55464071856287422,-0.009307861328125
0.55476546906187629,-0.01611328125
0.55489021956087825,-0.02044677734375
0.55501497005988021,-0.021697998046875
0.55513972055888228,-0.0196533203125
0.55526447105788423,-0.014617919921875
0.55538922155688619,-0.00738525390625
0.55551397205588826,0.000946044921875
0.55563872255489022,0.0091552734375
0.55576347305389218,0.015960693359375
0.55588822355289425,0.02032470703125
0.5560129740518962,0.0216064453125
0.55613772455089816,0.019622802734375
0.55626247504990023,0.014678955078125
0.55638722554890219,0.00750732421875
0.55651197604790414,-0.000823974609375
0.55663672654690621,-0.00897216796875
0.55676147704590817,-0.015777587890625
0.55688622754491013,-0.02020263671875
0.5570109780439122,-0.02154541015625
0.55713572854291415,-0.019622802734375
0.55726047904191611,-0.01470947265625
0.55738522954091818,-0.007598876953125
0.55750998003992014,0.00067138671875
0.55763473053892221,0.008819580078125
0.55775948103792417,0.015625
0.55788423153692612,0.02008056640625
0.55800898203592819,0.021453857421875
0.55813373253493015,0.01959228515625
0.55825848303393211,0.014739990234375
0.55838323353293418,0.0076904296875
0.55850798403193613,-0.00054931640625
0.55863273453093809,-0.0086669921875
0.55875748502994016,-0.015472412109375
0.55888223552894212,-0.019927978515625
0.55900698602794407,-0.0213623046875
0.55913173652694614,-0.019561767578125
0.5592564870259481,-0.014801025390625
0.55938123752495006,-0.007781982421875
0.55950598802395213,0.000396728515625
0.55963073852295409,0.008514404296875
0.55975548902195604,0.01531982421875
0.55988023952095811,0.019805908203125
0.56000499001996007,0.02130126953125
0.56012974051896203,0.01953125
0.5602544910179641,0.01483154296875
0.56037924151696605,0.00787353515625
0.56050399201596801,-0.000274658203125
0.56062874251497008,-0.00836181640625
0.56075349301397204,-0.015167236328125
0.56087824351297411,-0.019683837890625
0.56100299401197606,-0.021209716796875
0.56112774451097802,-0.019500732421875
0.56125249500998009,-0.014862060546875
0.56137724550898205,-0.007965087890625
0.56150199600798401,0.0001220703125
0.56162674650698607,0.008209228515625
0.56175149700598803,0.0150146484375
0.56187624750498999,0.019561767578125
0.56200099800399206,0.0211181640625
0.56212574850299402,0.01947021484375
0.56225049900199597,0.014892578125
0.56237524950099804,0.008056640625
0.5625,0
0.56262475049900196,-0.008056640625
0.56274950099800403,-0.014862060546875
0.56287425149700598,-0.019439697265625
0.56299900199600794,-0.021026611328125
0.56312375249501001,-0.01947021484375
0.56324850299401197,-0.014923095703125
0.56337325349301393,-0.008148193359375
0.56349800399201599,-0.0001220703125
0.56362275449101795,0.007904052734375
0.56374750499001991,0.01470947265625
0.56387225548902198,0.019287109375
0.56399700598802394,0.020965576171875
0.56412175648702589,0.019439697265625
0.56424650698602796,0.01495361328125
0.56437125748502992,0.00823974609375
0.56449600798403199,0.000274658203125
0.56462075848303395,-0.00775146484375
0.5647455089820359,-0.014556884765625
0.56487025948103797,-0.0191650390625
0.56499500998003993,-0.0208740234375
0.56511976047904189,-0.0194091796875
0.56524451097804396,-0.014984130859375
0.56536926147704591,-0.008331298828125
0.56549401197604787,-0.000396728515625
0.56561876247504994,0.007598876953125
0.5657435129740519,0.014404296875
0.56586826347305386,0.01904296875
0.56599301397205593,0.020782470703125
0.56611776447105788,0.019378662109375
0.56624251497005984,0.0150146484375
0.56636726546906191,0.008392333984375
0.56649201596806387,0.000518798828125
0.56661676646706582,-0.0074462890625
0.56674151696606789,-0.014251708984375
0.56686626746506985,-0.0189208984375
0.56699101796407181,-0.02069091796875
0.56711576846307388,-0.01934814453125
0.56724051896207583,-0.015045166015625
0.56736526946107779,-0.00848388671875
0.56749001996007986,-0.000640869140625
0.56761477045908182,0.007293701171875
0.56773952095808389,0.01409912109375
0.56786427145708585,0.018798828125
0.5679890219560878,0.020599365234375
0.56811377245508987,0.019317626953125
0.56823852295409183,0.01507568359375
0.56836327345309379,0.008575439453125
0.56848802395209586,0.000762939453125
0.56861277445109781,-0.00714111328125
0.56873752495009977,-0.013946533203125
0.56886227544910184,-0.018646240234375
0.5689870259481038,-0.0205078125
0.56911177644710575,-0.019287109375
0.56923652694610782,-0.015106201171875
0.56936127744510978,-0.0086669921875
0.56948602794411174,-0.000885009765625
0.56961077844311381,0.006988525390625
0.56973552894211577,0.0137939453125
0.56986027944111772,0.018524169921875
0.56998502994011979,0.02044677734375
0.57010978043912175,0.019256591796875
0.57023453093812371,0.01513671875
0.57035928143712578,0.00872802734375
0.57048403193612773,0.00103759765625
0.57060878243512969,-0.0068359375
0.57073353293413176,-0.013671875
0.57085828343313372,-0.018402099609375
0.57098303393213568,-0.020355224609375
0.57110778443113774,-0.019195556640625
0.5712325349301397,-0.015167236328125
0.57135728542914177,-0.008819580078125
0.57148203592814373,-0.00115966796875
0.57160678642714569,0.006683349609375
0.57173153692614775,0.013519287109375
0.57185628742514971,0.018280029296875
0.57198103792415167,0.020263671875
0.57210578842315374,0.0191650390625
0.5722305389221557,0.01519775390625
0.57235528942115765,0.0089111328125
0.57248003992015972,0.00128173828125
0.57260479041916168,-0.00653076171875
0.57272954091816364,-0.01336669921875
0.57285429141716571,-0.01812744140625
0.57297904191616766,-0.020172119140625
0.57310379241516962,-0.019134521484375
0.57322854291417169,-0.01519775390625
0.57335329341317365,-0.00897216796875
0.57347804391217561,-0.00140380859375
0.57360279441117767,0.00640869140625
0.57372754491017963,0.013214111328125
0.57385229540918159,0.01800537109375
0.57397704590818366,0.02008056640625
0.57410179640718562,0.01910400390625
0.57422654690618757,0.015228271484375
0.57435129740518964,0.009063720703125
0.5744760479041916,0.001495361328125
0.57460079840319356,-0.006256103515625
0.57472554890219563,-0.0130615234375
0.57485029940119758,-0.01788330078125
0.57497504990019965,-0.019989013671875
0.57509980039920161,-0.019073486328125
0.57522455089820357,-0.0152587890625
0.57534930139720564,-0.009124755859375
0.57547405189620759,-0.001617431640625
0.57559880239520955,0.006103515625
0.57572355289421162,0.012908935546875
0.57584830339321358,0.01776123046875
0.57597305389221554,0.0198974609375
0.5760978043912176,0.01904296875
0.57622255489021956,0.0152587890625
0.57634730538922152,0.00921630859375
0.57647205588822359,0.001739501953125
0.57659680638722555,-0.0059814453125
0.5767215568862275,-0.01275634765625
0.57684630738522957,-0.01763916015625
0.57697105788423153,-0.019805908203125
0.57709580838323349,-0.01898193359375
0.57722055888223556,-0.015289306640625
0.57734530938123751,-0.00927734375
0.57747005988023947,-0.001861572265625
0.57759481037924154,0.005828857421875
0.5777195608782435,0.01263427734375
0.57784431137724546,0.017486572265625
0.57796906187624753,0.01971435546875
0.57809381237524948,0.018951416015625
0.57821856287425155,0.01531982421875
0.57834331337325351,0.00933837890625
0.57846806387225547,0.001983642578125
0.57859281437125754,-0.00567626953125
0.57871756487025949,-0.012481689453125
0.57884231536926145,-0.017364501953125
0.57896706586826352,-0.019622802734375
0.57909181636726548,-0.0189208984375
0.57921656686626743,-0.01531982421875
0.5793413173652695,-0.009429931640625
0.57946606786427146,-0.002105712890625
0.57959081836327342,0.00555419921875
0.57971556886227549,0.0123291015625
0.57984031936127745,0.017242431640625
0.5799650698602794,0.01953125
0.58008982035928147,0.01885986328125
0.58021457085828343,0.015350341796875
0.58033932135728539,0.009490966796875
0.58046407185628746,0.002197265625
0.58058882235528941,-0.005401611328125
0.58071357285429137,-0.012176513671875
0.58083832335329344,-0.017120361328125
0.5809630738522954,-0.019439697265625
0.58108782435129736,-0.018829345703125
0.58121257485029942,-0.015350341796875
0.58133732534930138,-0.009552001953125
0.58146207584830334,-0.0023193359375
0.58158682634730541,0.0052490234375
0.58171157684630737,0.012054443359375
0.58183632734530943,0.016998291015625
0.58196107784431139,0.01934814453125
0.58208582834331335,0.018798828125
0.58221057884231542,0.015380859375
0.58233532934131738,0.0096435546875
0.58246007984031933,0.00244140625
0.5825848303393214,-0.005126953125
0.58270958083832336,-0.01190185546875
0.58283433133732532,-0.016845703125
0.58295908183632739,-0.019256591796875
0.58308383233532934,-0.01873779296875
0.5832085828343313,-0.015380859375
0.58333333333333337,-0.00970458984375
0.58345808383233533,-0.002532958984375
0.58358283433133729,0.004974365234375
0.58370758483033935,0.011749267578125
0.58383233532934131,0.0167236328125
0.58395708582834327,0.0191650390625
0.58408183632734534,0.018707275390625
0.5842065868263473,0.015411376953125
0.58433133732534925,0.009765625
0.58445608782435132,0.002655029296875
0.58458083832335328,-0.004852294921875
0.58470558882235524,-0.0115966796875
0.58483033932135731,-0.0166015625
0.58495508982035926,-0.019073486328125
0.58507984031936133,-0.018646240234375
0.58520459081836329,-0.015411376953125
0.58532934131736525,-0.00982666015625
0.58545409181636732,-0.002777099609375
0.58557884231536927,0.00469970703125
0.58570359281437123,0.011474609375
0.5858283433133733,0.0164794921875
0.58595309381237526,0.01898193359375
0.58607784431137722,0.01861572265625
0.58620259481037928,0.015411376953125
0.58632734530938124,0.0098876953125
0.5864520958083832,0.00286865234375
0.58657684630738527,-0.00457763671875
0.58670159680638723,-0.011322021484375
0.58682634730538918,-0.016357421875
0.58695109780439125,-0.018890380859375
0.58707584830339321,-0.0185546875
0.58720059880239517,-0.01544189453125
0.58732534930139724,-0.00994873046875
0.58745009980039919,-0.00299072265625
0.58757485029940115,0.00445556640625
0.58769960079840322,0.01116943359375
0.58782435129740518,0.0162353515625
0.58794910179640714,0.018798828125
0.58807385229540921,0.018524169921875
0.58819860279441116,0.01544189453125
0.58832335329341312,0.010009765625
0.58844810379241519,0.003082275390625
0.58857285429141715,-0.004302978515625
0.58869760479041922,-0.01104736328125
0.58882235528942117,-0.016082763671875
0.58894710578842313,-0.018707275390625
0.5890718562874252,-0.018463134765625
0.58919660678642716,-0.01544189453125
0.58932135728542911,-0.01007080078125
0.58944610778443118,-0.003173828125
0.58957085828343314,0.004180908203125
0.5896956087824351,0.010894775390625
0.58982035928143717,0.015960693359375
0.58994510978043913,0.01861572265625
0.59006986027944108,0.0184326171875
0.59019461077844315,0.01544189453125
0.59031936127744511,0.0101318359375
0.59044411177644707,0.0032958984375
0.59056886227544914,-0.004058837890625
0.59069361277445109,-0.010772705078125
0.59081836327345305,-0.015838623046875
0.59094311377245512,-0.018524169921875
0.59106786427145708,-0.01837158203125
0.59119261477045904,-0.01544189453125
0.5913173652694611,-0.01019287109375
0.59144211576846306,-0.003387451171875
0.59156686626746502,0.00390625
0.59169161676646709,0.0106201171875
0.59181636726546905,0.015716552734375
0.591941117764471,0.0184326171875
0.59206586826347307,0.018341064453125
0.59219061876247503,0.015472412109375
0.5923153692614771,0.01025390625
0.59244011976047906,0.003509521484375
0.59256487025948101,-0.0037841796875
0.59268962075848308,-0.010467529296875
0.59281437125748504,-0.015594482421875
0.592939121756487,-0.018310546875
0.59306387225548907,-0.018280029296875
0.59318862275449102,-0.015472412109375
0.59331337325349298,-0.01031494140625
0.59343812375249505,-0.00360107421875
0.59356287425149701,0.003662109375
0.59368762475049897,0.010345458984375
0.59381237524950103,0.015472412109375
0.59393712574850299,0.018218994140625
0.59406187624750495,0.018218994140625
0.59418662674650702,0.015472412109375
0.59431137724550898,0.0103759765625
0.59443612774451093,0.003692626953125
0.594560878243513,-0.0035400390625
0.59468562874251496,-0.01019287109375
0.59481037924151692,-0.01531982421875
0.59493512974051899,-0.01812744140625
0.59505988023952094,-0.0181884765625
0.5951846307385229,-0.015472412109375
0.59530938123752497,-0.010406494140625
0.59543413173652693,-0.0037841796875
0.595558882235529,0.003387451171875
0.59568363273453095,0.01007080078125
0.59580838323353291,0.01519775390625
0.59593313373253498,0.018035888671875
0.59605788423153694,0.01812744140625
0.5961826347305389,0.015472412109375
0.59630738522954096,0.010467529296875
0.59643213572854292,0.00390625
0.59655688622754488,-0.003265380859375
0.59668163672654695,-0.009918212890625
0.59680638722554891,-0.01507568359375
0.59693113772455086,-0.0179443359375
0.59705588822355293,-0.01806640625
0.59718063872255489,-0.015472412109375
0.59730538922155685,-0.010528564453125
0.59743013972055892,-0.003997802734375
0.59755489021956087,0.003143310546875
0.59767964071856283,0.009796142578125
0.5978043912175649,0.01495361328125
0.59792914171656686,0.017852783203125
0.59805389221556882,0.018035888671875
0.59817864271457089,0.015472412109375
0.59830339321357284,0.010589599609375
0.5984281437125748,0.00408935546875
0.59855289421157687,-0.003021240234375
0.59867764471057883,-0.009674072265625
0.59880239520958078,-0.01483154296875
0.59892714570858285,-0.01776123046875
0.59905189620758481,-0.017974853515625
0.59917664670658688,-0.015472412109375
0.59930139720558884,-0.0106201171875
0.59942614770459079,-0.004180908203125
0.59955089820359286,0.002899169921875
0.59967564870259482,0.009521484375
0.59980039920159678,0.01470947265625
0.59992514970059885,0.01763916015625
0.60004990019960081,0.017913818359375
0.60017465069860276,0.015472412109375
0.60029940119760483,0.01068115234375
0.60042415169660679,0.0042724609375
0.60054890219560875,-0.002777099609375
0.60067365269461082,-0.0093994140625
0.60079840319361277,-0.01458740234375
0.60092315369261473,-0.017547607421875
0.6010479041916168,-0.017852783203125
0.60117265469061876,-0.015472412109375
0.60129740518962072,-0.0107421875
0.60142215568862278,-0.004364013671875
0.60154690618762474,0.002655029296875
0.6016716566866267,0.009246826171875
0.60179640718562877,0.01446533203125
0.60192115768463073,0.0174560546875
0.60204590818363268,0.017822265625
0.60217065868263475,0.015472412109375
0.60229540918163671,0.010772705078125
0.60242015968063867,0.00445556640625
0.60254491017964074,-0.002532958984375
0.60266966067864269,-0.009124755859375
0.60279441117764476,-0.014312744140625
0.60291916167664672,-0.017364501953125
0.60304391217564868,-0.01776123046875
0.60316866267465075,-0.015472412109375
0.6032934131736527,-0.010833740234375
0.60341816367265466,-0.004547119140625
0.60354291417165673,0.002410888671875
0.60366766467065869,0.009002685546875
0.60379241516966065,0.014190673828125
0.60391716566866271,0.01727294921875
0.60404191616766467,0.0177001953125
0.60416666666666663,0.01544189453125
0.6042914171656687,0.0108642578125
0.60441616766467066,0.004638671875
0.60454091816367261,-0.002288818359375
0.60466566866267468,-0.00885009765625
0.60479041916167664,-0.014068603515625
0.6049151696606786,-0.01715087890625
0.60503992015968067,-0.01763916015625
0.60516467065868262,-0.01544189453125
0.60528942115768458,-0.01092529296875
0.60541417165668665,-0.004730224609375
0.60553892215568861,0.002166748046875
0.60566367265469057,0.00872802734375
0.60578842315369263,0.013946533203125
0.60591317365269459,0.017059326171875
0.60603792415169666,0.017578125
0.60616267465069862,0.01544189453125
0.60628742514970058,0.010955810546875
0.60641217564870264,0.00482177734375
0.6065369261477046,-0.002044677734375
0.60666167664670656,-0.00860595703125
0.60678642714570863,-0.013824462890625
0.60691117764471059,-0.0169677734375
0.60703592814371254,-0.01751708984375
0.60716067864271461,-0.01544189453125
0.60728542914171657,-0.010986328125
0.60741017964071853,-0.004913330078125
0.6075349301397206,0.001922607421875
0.60765968063872255,0.008453369140625
0.60778443113772451,0.013702392578125
0.60790918163672658,0.016876220703125
0.60803393213572854,0.0174560546875
0.6081586826347305,0.015411376953125
0.60828343313373257,0.01104736328125
0.60840818363273452,0.0050048828125
0.60853293413173648,-0.001800537109375
0.60865768463073855,-0.008331298828125
0.60878243512974051,-0.013580322265625
0.60890718562874246,-0.01678466796875
0.60903193612774453,-0.017425537109375
0.60915668662674649,-0.015411376953125
0.60928143712574845,-0.011077880859375
0.60940618762475052,-0.00506591796875
0.60953093812375247,0.001708984375
0.60965568862275454,0.008209228515625
0.6097804391217565,0.013458251953125
0.60990518962075846,0.01666259765625
0.61002994011976053,0.017364501953125
0.61015469061876249,0.015411376953125
0.61027944111776444,0.0111083984375
0.61040419161676651,0.005157470703125
0.61052894211576847,-0.0015869140625
0.61065369261477043,-0.008087158203125
0.6107784431137725,-0.013336181640625
0.61090319361277445,-0.016571044921875
0.61102794411177641,-0.017303466796875
0.61115269461077848,-0.015380859375
0.61127744510978044,-0.01116943359375
0.6114021956087824,-0.0052490234375
0.61152694610778446,0.00146484375
0.61165169660678642,0.0079345703125
0.61177644710578838,0.013214111328125
0.61190119760479045,0.0164794921875
0.61202594810379241,0.017242431640625
0.61215069860279436,0.015380859375
0.61227544910179643,0.011199951171875
0.61240019960079839,0.00531005859375
0.61252495009980035,-0.0013427734375
0.61264970059880242,-0.0078125
0.61277445109780437,-0.013092041015625
0.61289920159680644,-0.016387939453125
0.6130239520958084,-0.017181396484375
0.61314870259481036,-0.015380859375
0.61327345309381243,-0.01123046875
0.61339820359281438,-0.005401611328125
0.61352295409181634,0.001251220703125
0.61364770459081841,0.0076904296875
0.61377245508982037,0.012969970703125
0.61389720558882233,0.016265869140625
0.61402195608782439,0.017120361328125
0.61414670658682635,0.015350341796875
0.61427145708582831,0.011260986328125
0.61439620758483038,0.0054931640625
0.61452095808383234,-0.001129150390625
0.61464570858283429,-0.007568359375
0.61477045908183636,-0.012847900390625
0.61489520958083832,-0.01617431640625
0.61501996007984028,-0.017059326171875
0.61514471057884235,-0.015350341796875
0.6152694610778443,-0.011322021484375
0.61539421157684626,-0.00555419921875
0.61551896207584833,0.001007080078125
0.61564371257485029,0.0074462890625
0.61576846307385225,0.012725830078125
0.61589321357285431,0.016082763671875
0.61601796407185627,0.016998291015625
0.61614271457085823,0.01531982421875
0.6162674650698603,0.0113525390625
0.61639221556886226,0.005645751953125
0.61651696606786432,-0.00091552734375
0.61664171656686628,-0.00732421875
0.61676646706586824,-0.012603759765625
0.61689121756487031,-0.0159912109375
0.61701596806387227,-0.016937255859375
0.61714071856287422,-0.01531982421875
0.61726546906187629,-0.011383056640625
0.61739021956087825,-0.005706787109375
0.61751497005988021,0.00079345703125
0.61763972055888228,0.007171630859375
0.61776447105788423,0.012481689453125
0.61788922155688619,0.015869140625
0.61801397205588826,0.016876220703125
0.61813872255489022,0.015289306640625
0.61826347305389218,0.01141357421875
0.61838822355289425,0.00579833984375
0.6185129740518962,-0.00067138671875
0.61863772455089816,-0.007049560546875
0.61876247504990023,-0.012359619140625
0.61888722554890219,-0.015777587890625
0.61901197604790414,-0.016815185546875
0.61913672654690621,-0.015289306640625
0.61926147704590817,-0.011444091796875
0.61938622754491013,-0.005859375
0.6195109780439122,0.000579833984375
0.61963572854291415,0.006927490234375
0.61976047904191611,0.012237548828125
0.61988522954091818,0.01568603515625
0.62000998003992014,0.016754150390625
0.62013473053892221,0.0152587890625
0.62025948103792417,0.011474609375
0.62038423153692612,0.005950927734375
0.62050898203592819,-0.000457763671875
0.62063373253493015,-0.006805419921875
0.62075848303393211,-0.012115478515625
0.62088323353293418,-0.01556396484375
0.62100798403193613,-0.01666259765625
0.62113273453093809,-0.0152587890625
0.62125748502994016,-0.011505126953125
0.62138223552894212,-0.006011962890625
0.62150698602794407,0.0003662109375
0.62163173652694614,0.006683349609375
0.6217564870259481,0.011993408203125
0.62188123752495006,0.015472412109375
0.62200598802395213,0.0166015625
0.62213073852295409,0.015228271484375
0.62225548902195604,0.01153564453125
0.62238023952095811,0.006103515625
0.62250499001996007,-0.000274658203125
0.62262974051896203,-0.006561279296875
0.6227544910179641,-0.011871337890625
0.62287924151696605,-0.015380859375
0.62300399201596801,-0.01654052734375
0.62312874251497008,-0.01519775390625
0.62325349301397204,-0.011566162109375
0.62337824351297411,-0.00616455078125
0.62350299401197606,0.000152587890625
0.62362774451097802,0.006439208984375
0.62375249500998009,0.011749267578125
0.62387724550898205,0.015289306640625
0.62400199600798401,0.0164794921875
0.62412674650698607,0.01519775390625
0.62425149700598803,0.0115966796875
0.62437624750498999,0.0062255859375
0.62450099800399206,-6.103515625e-05
0.62462574850299402,-0.006317138671875
0.62475049900199597,-0.011627197265625
0.62487524950099804,-0.015167236328125
0.625,-0.01641845703125
0.62512475049900196,-0.015167236328125
0.62524950099800403,-0.011627197265625
0.62537425149700598,-0.006317138671875
0.62549900199600794,-6.103515625e-05
0.62562375249501001,0.006195068359375
0.62574850299401197,0.011505126953125
0.62587325349301393,0.01507568359375
0.62599800399201599,0.016357421875
0.62612275449101795,0.01513671875
0.62624750499001991,0.011627197265625
0.62637225548902198,0.006378173828125
0.62649700598802394,0.000152587890625
0.62662175648702589,-0.006072998046875
0.62674650698602796,-0.01141357421875
0.62687125748502992,-0.014984130859375
0.62699600798403199,-0.01629638671875
0.62712075848303395,-0.015106201171875
0.6272455089820359,-0.01165771484375
0.62737025948103797,-0.006439208984375
0.62749500998003993,-0.000244140625
0.62761976047904189,0.0059814453125
0.62774451097804396,0.01129150390625
0.62786926147704591,0.014892578125
0.62799401197604787,0.016204833984375
0.62811876247504994,0.015106201171875
0.6282435129740519,0.011688232421875
0.62836826347305386,0.006500244140625
0.62849301397205593,0.0003662109375
0.62861776447105788,-0.005859375
0.62874251497005984,-0.01116943359375
0.62886726546906191,-0.0147705078125
0.62899201596806387,-0.016143798828125
0.62911676646706582,-0.01507568359375
0.62924151696606789,-0.01171875
0.62936626746506985,-0.006591796875
0.62949101796407181,-0.000457763671875
0.62961576846307388,0.0057373046875
0.62974051896207583,0.01104736328125
0.62986526946107779,0.014678955078125
0.62999001996007986,0.016082763671875
0.63011477045908182,0.015045166015625
0.63023952095808389,0.011749267578125
0.63036427145708585,0.00665283203125
0.6304890219560878,0.00054931640625
0.63061377245508987,-0.005615234375
0.63073852295409183,-0.01092529296875
0.63086327345309379,-0.01458740234375
0.63098802395209586,-0.016021728515625
0.63111277445109781,-0.0150146484375
0.63123752495009977,-0.011749267578125
0.63136227544910184,-0.0067138671875
0.6314870259481038,-0.000640869140625
0.63161177644710575,0.0054931640625
0.63173652694610782,0.01080322265625
0.63186127744510978,0.01446533203125
0.63198602794411174,0.015960693359375
0.63211077844311381,0.0150146484375
0.63223552894211577,0.01177978515625
0.63236027944111772,0.00677490234375
0.63248502994011979,0.000762939453125
0.63260978043912175,-0.00537109375
0.63273453093812371,-0.01068115234375
0.63285928143712578,-0.014373779296875
0.63298403193612773,-0.015869140625
0.63310878243512969,-0.014984130859375
0.63323353293413176,-0.011810302734375
0.63335828343313372,-0.0068359375
0.63348303393213568,-0.0008544921875
0.63360778443113774,0.005279541015625
0.6337325349301397,0.010589599609375
0.63385728542914177,0.0142822265625
0.63398203592814373,0.01580810546875
0.63410678642714569,0.01495361328125
0.63423153692614775,0.011810302734375
0.63435628742514971,0.00689697265625
0.63448103792415167,0.000946044921875
0.63460578842315374,-0.005157470703125
0.6347305389221557,-0.010467529296875
0.63485528942115765,-0.014190673828125
0.63498003992015972,-0.0157470703125
0.63510479041916168,-0.014923095703125
0.63522954091816364,-0.0118408203125
0.63535429141716571,-0.0069580078125
0.63547904191616766,-0.00103759765625
0.63560379241516962,0.005035400390625
0.63572854291417169,0.010345458984375
0.63585329341317365,0.014068603515625
0.63597804391217561,0.01568603515625
0.63610279441117767,0.014892578125
0.63622754491017963,0.0118408203125
0.63635229540918159,0.00701904296875
0.63647704590818366,0.001129150390625
0.63660179640718562,-0.004913330078125
0.63672654690618757,-0.010223388671875
0.63685129740518964,-0.01397705078125
0.6369760479041916,-0.015594482421875
0.63710079840319356,-0.014862060546875
0.63722554890219563,-0.011871337890625
0.63735029940119758,-0.007080078125
0.63747504990019965,-0.001220703125
0.63759980039920161,0.00482177734375
0.63772455089820357,0.010101318359375
0.63784930139720564,0.013885498046875
0.63797405189620759,0.015533447265625
0.63809880239520955,0.01483154296875
0.63822355289421162,0.011871337890625
0.63834830339321358,0.00714111328125
0.63847305389221554,0.001312255859375
0.6385978043912176,-0.00469970703125
0.63872255489021956,-0.010009765625
0.63884730538922152,-0.0137939453125
0.63897205588822359,-0.015472412109375
0.63909680638722555,-0.014801025390625
0.6392215568862275,-0.01190185546875
0.63934630738522957,-0.0072021484375
0.63947105788423153,-0.00140380859375
0.63959580838323349,0.00457763671875
0.63972055888223556,0.0098876953125
0.63984530938123751,0.013671875
0.63997005988023947,0.015380859375
0.64009481037924154,0.0147705078125
0.6402195608782435,0.01190185546875
0.64034431137724546,0.00726318359375
0.64046906187624753,0.001495361328125
0.64059381237524948,-0.004486083984375
0.64071856287425155,-0.009765625
0.64084331337325351,-0.013580322265625
0.64096806387225547,-0.01531982421875
0.64109281437125754,-0.014739990234375
0.64121756487025949,-0.011932373046875
0.64134231536926145,-0.00732421875
0.64146706586826352,-0.0015869140625
0.64159181636726548,0.004364013671875
0.64171656686626743,0.009674072265625
0.6418413173652695,0.01348876953125
0.64196606786427146,0.0152587890625
0.64209081836327342,0.01470947265625
0.64221556886227549,0.011932373046875
0.64234031936127745,0.007354736328125
0.6424650698602794,0.001678466796875
0.64258982035928147,-0.0042724609375
0.64271457085828343,-0.009552001953125
0.64283932135728539,-0.01336669921875
0.64296407185628746,-0.015167236328125
0.64308882235528941,-0.014678955078125
0.64321357285429137,-0.011962890625
0.64333832335329344,-0.007415771484375
0.6434630738522954,-0.00177001953125
0.64358782435129736,0.004150390625
0.64371257485029942,0.009429931640625
0.64383732534930138,0.013275146484375
0.64396207584830334,0.015106201171875
0.64408682634730541,0.0146484375
0.64421157684630737,0.011962890625
0.64433632734530943,0.007476806640625
0.64446107784431139,0.001861572265625
0.64458582834331335,-0.004058837890625
0.64471057884231542,-0.009307861328125
0.64483532934131738,-0.01318359375
0.64496007984031933,-0.015045166015625
0.6450848303393214,-0.014617919921875
0.64520958083832336,-0.011962890625
0.64533433133732532,-0.007537841796875
0.64545908183632739,-0.001953125
0.64558383233532934,0.003936767578125
0.6457085828343313,0.00921630859375
0.64583333333333337,0.013092041015625
0.64595808383233533,0.01495361328125
0.64608283433133729,0.01458740234375
0.64620758483033935,0.011993408203125
0.64633233532934131,0.007568359375
0.64645708582834327,0.00201416015625
0.64658183632734534,-0.003814697265625
0.6467065868263473,-0.00909423828125
0.64683133732534925,-0.012969970703125
0.64695608782435132,-0.014892578125
0.64708083832335328,-0.014556884765625
0.64720558882235524,-0.011993408203125
0.64733033932135731,-0.00762939453125
0.64745508982035926,-0.002105712890625
0.64757984031936133,0.00372314453125
0.64770459081836329,0.00897216796875
0.64782934131736525,0.01287841796875
0.64795409181636732,0.01483154296875
0.64807884231536927,0.0145263671875
0.64820359281437123,0.011993408203125
0.6483283433133733,0.0076904296875
0.64845309381237526,0.002197265625
0.64857784431137722,-0.003631591796875
0.64870259481037928,-0.008880615234375
0.64882734530938124,-0.012786865234375
0.6489520958083832,-0.014739990234375
0.64907684630738527,-0.01446533203125
0.64920159680638723,-0.01202392578125
0.64932634730538918,-0.007720947265625
0.64945109780439125,-0.002288818359375
0.64957584830339321,0.003509521484375
0.64970059880239517,0.008758544921875
0.64982534930139724,0.0126953125
0.64995009980039919,0.014678955078125
0.65007485029940115,0.014434814453125
0.65019960079840322,0.01202392578125
0.65032435129740518,0.007781982421875
0.65044910179640714,0.002349853515625
0.65057385229540921,-0.00341796875
0.65069860279441116,-0.0086669921875
0.65082335329341312,-0.0125732421875
0.65094810379241519,-0.01458740234375
0.65107285429141715,-0.014404296875
0.65119760479041922,-0.01202392578125
0.65132235528942117,-0.0078125
0.65144710578842313,-0.00244140625
0.6515718562874252,0.0032958984375
0.65169660678642716,0.008544921875
0.65182135728542911,0.012481689453125
0.65194610778443118,0.0145263671875
0.65207085828343314,0.014373779296875
0.6521956087824351,0.01202392578125
0.65232035928143717,0.00787353515625
0.65244510978043913,0.002532958984375
0.65256986027944108,-0.003204345703125
0.65269461077844315,-0.0084228515625
0.65281936127744511,-0.01239013671875
0.65294411177644707,-0.01446533203125
0.65306886227544914,-0.01434326171875
0.65319361277445109,-0.01202392578125
0.65331836327345305,-0.007904052734375
0.65344311377245512,-0.002593994140625
0.65356786427145708,0.00311279296875
0.65369261477045904,0.008331298828125
0.6538173652694611,0.012298583984375
0.65394211576846306,0.014373779296875
0.65406686626746502,0.0142822265625
0.65419161676646709,0.012054443359375
0.65431636726546905,0.007965087890625
0.654441117764471,0.002685546875
0.65456586826347307,-0.00299072265625
0.65469061876247503,-0.008209228515625
0.6548153692614771,-0.012176513671875
0.65494011976047906,-0.014312744140625
0.65506487025948101,-0.014251708984375
0.65518962075848308,-0.012054443359375
0.65531437125748504,-0.00799560546875
0.655439121756487,-0.002777099609375
0.65556387225548907,0.002899169921875
0.65568862275449102,0.00811767578125
0.65581337325349298,0.0120849609375
0.65593812375249505,0.01422119140625
0.65606287425149701,0.01422119140625
0.65618762475049897,0.012054443359375
0.65631237524950103,0.008056640625
0.65643712574850299,0.002838134765625
0.65656187624750495,-0.0028076171875
0.65668662674650702,-0.00799560546875
0.65681137724550898,-0.011993408203125
0.65693612774451093,-0.01416015625
0.657060878243513,-0.014190673828125
0.65718562874251496,-0.012054443359375
0.65731037924151692,-0.008087158203125
0.65743512974051899,-0.0029296875
0.65755988023952094,0.002685546875
0.6576846307385229,0.007904052734375
0.65780938123752497,0.01190185546875
0.65793413173652693,0.014068603515625
0.658058882235529,0.014129638671875
0.65818363273453095,0.012054443359375
0.65830838323353291,0.008148193359375
0.65843313373253498,0.00299072265625
0.65855788423153694,-0.002593994140625
0.6586826347305389,-0.007781982421875
0.65880738522954096,-0.01177978515625
0.65893213572854292,-0.014007568359375
0.65905688622754488,-0.01409912109375
0.65918163672654695,-0.012054443359375
0.65930638722554891,-0.0081787109375
0.65943113772455086,-0.003082275390625
0.65955588822355293,0.00250244140625
0.65968063872255489,0.0076904296875
0.65980538922155685,0.011688232421875
0.65993013972055892,0.013946533203125
0.66005489021956087,0.014068603515625
0.66017964071856283,0.012054443359375
0.6603043912175649,0.008209228515625
0.66042914171656686,0.003143310546875
0.66055389221556882,-0.002410888671875
0.66067864271457089,-0.007568359375
0.66080339321357284,-0.0115966796875
0.6609281437125748,-0.01385498046875
0.66105289421157687,-0.014007568359375
0.66117764471057883,-0.012054443359375
0.66130239520958078,-0.008270263671875
0.66142714570858285,-0.00323486328125
0.66155189620758481,0.002288818359375
0.66167664670658688,0.007476806640625
0.66180139720558884,0.011505126953125
0.66192614770459079,0.0137939453125
0.66205089820359286,0.01397705078125
0.66217564870259482,0.012054443359375
0.66230039920159678,0.00830078125
0.66242514970059885,0.0032958984375
0.66254990019960081,-0.002197265625
0.66267465069860276,-0.007354736328125
0.66279940119760483,-0.01141357421875
0.66292415169660679,-0.013702392578125
0.66304890219560875,-0.013946533203125
0.66317365269461082,-0.012054443359375
0.66329840319361277,-0.008331298828125
0.66342315369261473,-0.00335693359375
0.6635479041916168,0.002105712890625
0.66367265469061876,0.00726318359375
0.66379740518962072,0.01129150390625
0.66392215568862278,0.013641357421875
0.66404690618762474,0.013885498046875
0.6641716566866267,0.012054443359375
0.66429640718562877,0.00836181640625
0.66442115768463073,0.003448486328125
0.66454590818363268,-0.00201416015625
0.66467065868263475,-0.00714111328125
0.66479540918163671,-0.011199951171875
0.66492015968063867,-0.0135498046875
0.66504491017964074,-0.01385498046875
0.66516966067864269,-0.012054443359375
0.66529441117764476,-0.0084228515625
0.66541916167664672,-0.003509521484375
0.66554391217564868,0.001922607421875
0.66566866267465075,0.007049560546875
0.6657934131736527,0.0111083984375
0.66591816367265466,0.01348876953125
0.66604291417165673,0.0137939453125
0.66616766467065869,0.01202392578125
0.66629241516966065,0.008453369140625
0.66641716566866271,0.003570556640625
0.66654191616766467,-0.0018310546875
0.66666666666666663,-0.0069580078125
0.6667914171656687,-0.011016845703125
0.66691616766467066,-0.013397216796875
0.66704091816367261,-0.013763427734375
0.66716566866267468,-0.01202392578125
0.66729041916167664,-0.00848388671875
0.6674151696606786,-0.003662109375
0.66753992015968067,0.001739501953125
0.66766467065868262,0.0068359375
0.66778942115768458,0.01092529296875
0.66791417165668665,0.013336181640625
0.66803892215568861,0.013702392578125
0.66816367265469057,0.01202392578125
0.66828842315369263,0.008514404296875
0.66841317365269459,0.00372314453125
0.66853792415169666,-0.00164794921875
0.66866267465069862,-0.006744384765625
0.66878742514970058,-0.010833740234375
0.66891217564870264,-0.01324462890625
0.6690369261477046,-0.013671875
0.66916167664670656,-0.01202392578125
0.66928642714570863,-0.008544921875
0.66941117764471059,-0.0037841796875
0.66953592814371254,0.001556396484375
0.66966067864271461,0.00665283203125
0.66978542914171657,0.010711669921875
0.66991017964071853,0.01318359375
0.6700349301397206,0.013641357421875
0.67015968063872255,0.01202392578125
0.67028443113772451,0.008575439453125
0.67040918163672658,0.00384521484375
0.67053393213572854,-0.00146484375
0.6706586826347305,-0.00653076171875
0.67078343313373257,-0.0106201171875
0.67090818363273452,-0.013092041015625
0.67103293413173648,-0.013580322265625
0.67115768463073855,-0.011993408203125
0.67128243512974051,-0.00860595703125
0.67140718562874246,-0.00390625
0.67153193612774453,0.001373291015625
0.67165668662674649,0.006439208984375
0.67178143712574845,0.010528564453125
0.67190618762475052,0.013031005859375
0.67203093812375247,0.0135498046875
0.67215568862275454,0.011993408203125
0.6722804391217565,0.008636474609375
0.67240518962075846,0.003997802734375
0.67252994011976053,-0.00128173828125
0.67265469061876249,-0.00634765625
0.67277944111776444,-0.01043701171875
0.67290419161676651,-0.012939453125
0.67302894211576847,-0.01348876953125
0.67315369261477043,-0.011993408203125
0.6732784431137725,-0.0086669921875
0.67340319361277445,-0.004058837890625
0.67352794411177641,0.001190185546875
0.67365269461077848,0.0062255859375
0.67377744510978044,0.010345458984375
0.6739021956087824,0.01287841796875
0.67402694610778446,0.013458251953125
0.67415169660678642,0.011993408203125
0.67427644710578838,0.008697509765625
0.67440119760479045,0.004119873046875
0.67452594810379241,-0.0010986328125
0.67465069860279436,-0.006134033203125
0.67477544910179643,-0.01025390625
0.67490019960079839,-0.012786865234375
0.67502495009980035,-0.013397216796875
0.67514970059880242,-0.011962890625
0.67527445109780437,-0.00872802734375
0.67539920159680644,-0.004180908203125
0.6755239520958084,0.001007080078125
0.67564870259481036,0.00604248046875
0.67577345309381243,0.0101318359375
0.67589820359281438,0.012725830078125
0.67602295409181634,0.013336181640625
0.67614770459081841,0.011962890625
0.67627245508982037,0.008758544921875
0.67639720558882233,0.004241943359375
0.67652195608782439,-0.00091552734375
0.67664670658682635,-0.005950927734375
0.67677145708582831,-0.010040283203125
0.67689620758483038,-0.01263427734375
0.67702095808383234,-0.0133056640625
0.67714570858283429,-0.011962890625
0.67727045908183636,-0.0087890625
0.67739520958083832,-0.004302978515625
0.67751996007984028,0.000823974609375
0.67764471057884235,0.005828857421875
0.6777694610778443,0.00994873046875
0.67789421157684626,0.0125732421875
0.67801896207584833,0.01324462890625
0.67814371257485029,0.011932373046875
0.67826846307385225,0.008819580078125
0.67839321357285431,0.004364013671875
0.67851796407185627,-0.000732421875
0.67864271457085823,-0.0057373046875
0.6787674650698603,-0.009857177734375
0.67889221556886226,-0.012481689453125
0.67901696606786432,-0.013214111328125
0.67914171656686628,-0.011932373046875
0.67926646706586824,-0.00885009765625
0.67939121756487031,-0.004425048828125
0.67951596806387227,0.00067138671875
0.67964071856287422,0.005645751953125
0.67976546906187629,0.009765625
0.67989021956087825,0.01239013671875
0.68001497005988021,0.013153076171875
0.68013972055888228,0.011932373046875
0.68026447105788423,0.008880615234375
0.68038922155688619,0.004486083984375
0.68051397205588826,-0.000579833984375
0.68063872255489022,-0.00555419921875
0.68076347305389218,-0.009674072265625
0.68088822355289425,-0.0123291015625
0.6810129740518962,-0.01312255859375
0.68113772455089816,-0.01190185546875
0.68126247504990023,-0.0089111328125
0.68138722554890219,-0.004547119140625
0.68151197604790414,0.00048828125
0.68163672654690621,0.005462646484375
0.68176147704590817,0.00958251953125
0.68188622754491013,0.012237548828125
0.6820109780439122,0.0130615234375
0.68213572854291415,0.01190185546875
0.68226047904191611,0.0089111328125
0.68238522954091818,0.004608154296875
0.68250998003992014,-0.000396728515625
0.68263473053892221,-0.005340576171875
0.68275948103792417,-0.009490966796875
0.68288423153692612,-0.012176513671875
0.68300898203592819,-0.01300048828125
0.68313373253493015,-0.011871337890625
0.68325848303393211,-0.008941650390625
0.68338323353293418,-0.004669189453125
0.68350798403193613,0.000335693359375
0.68363273453093809,0.0052490234375
0.68375748502994016,0.0093994140625
0.68388223552894212,0.0120849609375
0.68400698602794407,0.012969970703125
0.68413173652694614,0.011871337890625
0.6842564870259481,0.00897216796875
0.68438123752495006,0.004730224609375
0.68450598802395213,-0.000244140625
0.68463073852295409,-0.005157470703125
0.68475548902195604,-0.009307861328125
0.68488023952095811,-0.01202392578125
0.68500499001996007,-0.012908935546875
0.68512974051896203,-0.0118408203125
0.6852544910179641,-0.009002685546875
0.68537924151696605,-0.0047607421875
0.68550399201596801,0.000152587890625
0.68562874251497008,0.00506591796875
0.68575349301397204,0.00921630859375
0.68587824351297411,0.011932373046875
0.68600299401197606,0.012847900390625
0.68612774451097802,0.0118408203125
0.68625249500998009,0.009002685546875
0.68637724550898205,0.00482177734375
0.68650199600798401,-9.1552734375e-05
0.68662674650698607,-0.004974365234375
0.68675149700598803,-0.009124755859375
0.68687624750498999,-0.011871337890625
0.68700099800399206,-0.0128173828125
0.68712574850299402,-0.011810302734375
0.68725049900199597,-0.009033203125
0.68737524950099804,-0.0048828125
0.6875,0
0.68762475049900196,0.0048828125
0.68774950099800403,0.009002685546875
0.68787425149700598,0.01177978515625
0.68799900199600794,0.01275634765625
0.68812375249501001,0.011810302734375
0.68824850299401197,0.009063720703125
0.68837325349301393,0.00494384765625
0.68849800399201599,9.1552734375e-05
0.68862275449101795,-0.004791259765625
0.68874750499001991,-0.0089111328125
0.68887225548902198,-0.01171875
0.68899700598802394,-0.0126953125
0.68912175648702589,-0.01177978515625
0.68924650698602796,-0.009063720703125
0.68937125748502992,-0.0050048828125
0.68949600798403199,-0.000152587890625
0.68962075848303395,0.00469970703125
0.6897455089820359,0.008819580078125
0.68987025948103797,0.011627197265625
0.68999500998003993,0.012664794921875
0.69011976047904189,0.01177978515625
0.69024451097804396,0.00909423828125
0.69036926147704591,0.005035400390625
0.69049401197604787,0.000244140625
0.69061876247504994,-0.004608154296875
0.6907435129740519,-0.00872802734375
0.69086826347305386,-0.01153564453125
0.69099301397205593,-0.012603759765625
0.69111776447105788,-0.011749267578125
0.69124251497005984,-0.009124755859375
0.69136726546906191,-0.005096435546875
0.69149201596806387,-0.00030517578125
0.69161676646706582,0.0045166015625
0.69174151696606789,0.008636474609375
0.69186626746506985,0.011474609375
0.69199101796407181,0.012542724609375
0.69211576846307388,0.01171875
0.69224051896207583,0.009124755859375
0.69236526946107779,0.005157470703125
0.69249001996007986,0.000396728515625
0.69261477045908182,-0.004425048828125
0.69273952095808389,-0.008544921875
0.69286427145708585,-0.011383056640625
0.6929890219560878,-0.01251220703125
0.69311377245508987,-0.01171875
0.69323852295409183,-0.0091552734375
0.69336327345309379,-0.00518798828125
0.69348802395209586,-0.000457763671875
0.69361277445109781,0.00433349609375
0.69373752495009977,0.008453369140625
0.69386227544910184,0.011322021484375
0.6939870259481038,0.012451171875
0.69411177644710575,0.011688232421875
0.69423652694610782,0.0091552734375
0.69436127744510978,0.0052490234375
0.69448602794411174,0.00054931640625
0.69461077844311381,-0.004241943359375
0.69473552894211577,-0.00836181640625
0.69486027944111772,-0.01123046875
0.69498502994011979,-0.01239013671875
0.69510978043912175,-0.01165771484375
0.69523453093812371,-0.009185791015625
0.69535928143712578,-0.00531005859375
0.69548403193612773,-0.0006103515625
0.69560878243512969,0.004150390625
0.69573353293413176,0.008270263671875
0.69585828343313372,0.01116943359375
0.69598303393213568,0.0123291015625
0.69610778443113774,0.01165771484375
0.6962325349301397,0.009185791015625
0.69635728542914177,0.005340576171875
0.69648203592814373,0.000701904296875
0.69660678642714569,-0.004058837890625
0.69673153692614775,-0.0081787109375
0.69685628742514971,-0.011077880859375
0.69698103792415167,-0.012298583984375
0.69710578842315374,-0.011627197265625
0.6972305389221557,-0.00921630859375
0.69735528942115765,-0.005401611328125
0.69748003992015972,-0.000762939453125
0.69760479041916168,0.00396728515625
0.69772954091816364,0.00811767578125
0.69785429141716571,0.011016845703125
0.69797904191616766,0.012237548828125
0.69810379241516962,0.0115966796875
0.69822854291417169,0.00921630859375
0.69835329341317365,0.00543212890625
0.69847804391217561,0.0008544921875
0.69860279441117767,-0.003875732421875
0.69872754491017963,-0.008026123046875
0.69885229540918159,-0.01092529296875
0.69897704590818366,-0.012176513671875
0.69910179640718562,-0.0115966796875
0.69922654690618757,-0.009246826171875
0.69935129740518964,-0.0054931640625
0.6994760479041916,-0.00091552734375
0.69960079840319356,0.0037841796875
0.69972554890219563,0.0079345703125
0.69985029940119758,0.010833740234375
0.69997504990019965,0.012115478515625
0.70009980039920161,0.011566162109375
0.70022455089820357,0.009246826171875
0.70034930139720564,0.005523681640625
0.70047405189620759,0.0009765625
0.70059880239520955,-0.003692626953125
0.70072355289421162,-0.007843017578125
0.70084830339321358,-0.010772705078125
0.70097305389221554,-0.0120849609375
0.7010978043912176,-0.01153564453125
0.70122255489021956,-0.00927734375
0.70134730538922152,-0.005584716796875
0.70147205588822359,-0.001068115234375
0.70159680638722555,0.003631591796875
0.7017215568862275,0.00775146484375
0.70184630738522957,0.01068115234375
0.70197105788423153,0.01202392578125
0.70209580838323349,0.011505126953125
0.70222055888223556,0.00927734375
0.70234530938123751,0.005615234375
0.70247005988023947,0.001129150390625
0.70259481037924154,-0.0035400390625
0.7027195608782435,-0.007659912109375
0.70284431137724546,-0.0106201171875
0.70296906187624753,-0.011962890625
0.70309381237524948,-0.011505126953125
0.70321856287425155,-0.00927734375
0.70334331337325351,-0.00567626953125
0.70346806387225547,-0.001190185546875
0.70359281437125754,0.003448486328125
0.70371756487025949,0.007568359375
0.70384231536926145,0.010528564453125
0.70396706586826352,0.01190185546875
0.70409181636726548,0.011474609375
0.70421656686626743,0.009307861328125
0.7043413173652695,0.005706787109375
0.70446606786427146,0.00128173828125
0.70459081836327342,-0.00335693359375
0.70471556886227549,-0.007476806640625
0.70484031936127745,-0.010467529296875
0.7049650698602794,-0.0118408203125
0.70508982035928147,-0.011444091796875
0.70521457085828343,-0.009307861328125
0.70533932135728539,-0.005767822265625
0.70546407185628746,-0.0013427734375
0.70558882235528941,0.003265380859375
0.70571357285429137,0.00738525390625
0.70583832335329344,0.0103759765625
0.7059630738522954,0.011810302734375
0.70608782435129736,0.01141357421875
0.70621257485029942,0.009307861328125
0.70633732534930138,0.00579833984375
0.70646207584830334,0.00140380859375
0.70658682634730541,-0.003204345703125
0.70671157684630737,-0.007293701171875
0.70683632734530943,-0.01031494140625
0.70696107784431139,-0.011749267578125
0.70708582834331335,-0.011383056640625
0.70721057884231542,-0.00933837890625
0.70733532934131738,-0.005828857421875
0.70746007984031933,-0.00146484375
0.7075848303393214,0.00311279296875
0.70770958083832336,0.0072021484375
0.70783433133732532,0.010223388671875
0.70795908183632739,0.011688232421875
0.70808383233532934,0.011383056640625
0.7082085828343313,0.00933837890625
0.70833333333333337,0.005889892578125
0.70845808383233533,0.001556396484375
0.70858283433133729,-0.003021240234375
0.70870758483033935,-0.00714111328125
0.70883233532934131,-0.010162353515625
0.70895708582834327,-0.011627197265625
0.70908183632734534,-0.0113525390625
0.7092065868263473,-0.00933837890625
0.70933133732534925,-0.00592041015625
0.70945608782435132,-0.001617431640625
0.70958083832335328,0.0029296875
0.70970558882235524,0.007049560546875
0.70983033932135731,0.01007080078125
0.70995508982035926,0.011566162109375
0.71007984031936133,0.011322021484375
0.71020459081836329,0.00933837890625
0.71032934131736525,0.005950927734375
0.71045409181636732,0.001678466796875
0.71057884231536927,-0.00286865234375
0.71070359281437123,-0.0069580078125
0.7108283433133733,-0.009979248046875
0.71095309381237526,-0.011505126953125
0.71107784431137722,-0.01129150390625
0.71120259481037928,-0.00933837890625
0.71132734530938124,-0.006011962890625
0.7114520958083832,-0.001739501953125
0.71157684630738527,0.002777099609375
0.71170159680638723,0.006866455078125
0.71182634730538918,0.009918212890625
0.71195109780439125,0.011444091796875
0.71207584830339321,0.011260986328125
0.71220059880239517,0.009368896484375
0.71232534930139724,0.00604248046875
0.71245009980039919,0.001800537109375
0.71257485029940115,-0.002685546875
0.71269960079840322,-0.00677490234375
0.71282435129740518,-0.00982666015625
0.71294910179640714,-0.01141357421875
0.71307385229540921,-0.01123046875
0.71319860279441116,-0.009368896484375
0.71332335329341312,-0.006072998046875
0.71344810379241519,-0.001861572265625
0.71357285429141715,0.00262451171875
0.71369760479041922,0.006683349609375
0.71382235528942117,0.009765625
0.71394710578842313,0.0113525390625
0.7140718562874252,0.011199951171875
0.71419660678642716,0.009368896484375
0.71432135728542911,0.006103515625
0.71444610778443118,0.001922607421875
0.71457085828343314,-0.002532958984375
0.7146956087824351,-0.006622314453125
0.71482035928143717,-0.009674072265625
0.71494510978043913,-0.01129150390625
0.71506986027944108,-0.01116943359375
0.71519461077844315,-0.009368896484375
0.71531936127744511,-0.006134033203125
0.71544411177644707,-0.001983642578125
0.71556886227544914,0.00244140625
0.71569361277445109,0.00653076171875
0.71581836327345305,0.009613037109375
0.71594311377245512,0.01123046875
0.71606786427145708,0.011138916015625
0.71619261477045904,0.009368896484375
0.7163173652694611,0.006195068359375
0.71644211576846306,0.002044677734375
0.71656686626746502,-0.00238037109375
0.71669161676646709,-0.006439208984375
0.71681636726546905,-0.009521484375
0.716941117764471,-0.01116943359375
0.71706586826347307,-0.0111083984375
0.71719061876247503,-0.009368896484375
0.7173153692614771,-0.0062255859375
0.71744011976047906,-0.00213623046875
0.71756487025948101,0.002288818359375
0.71768962075848308,0.00634765625
0.71781437125748504,0.00946044921875
0.717939121756487,0.0111083984375
0.71806387225548907,0.011077880859375
0.71818862275449102,0.009368896484375
0.71831337325349298,0.006256103515625
0.71843812375249505,0.002197265625
0.71856287425149701,-0.002227783203125
0.71868762475049897,-0.00628662109375
0.71881237524950103,-0.009368896484375
0.71893712574850299,-0.01104736328125
0.71906187624750495,-0.01104736328125
0.71918662674650702,-0.009368896484375
0.71931137724550898,-0.00628662109375
0.71943612774451093,-0.002227783203125
0.719560878243513,0.00213623046875
0.71968562874251496,0.006195068359375
0.71981037924151692,0.009307861328125
0.71993512974051899,0.010986328125
0.72005988023952094,0.011016845703125
0.7201846307385229,0.009368896484375
0.72030938123752497,0.006317138671875
0.72043413173652693,0.002288818359375
0.720558882235529,-0.0020751953125
0.72068363273453095,-0.006103515625
0.72080838323353291,-0.00921630859375
0.72093313373253498,-0.01092529296875
0.72105788423153694,-0.010986328125
0.7211826347305389,-0.0093994140625
0.72130738522954096,-0.00634765625
0.72143213572854292,-0.002349853515625
0.72155688622754488,0.001983642578125
0.72168163672654695,0.006011962890625
0.72180638722554891,0.0091552734375
0.72193113772455086,0.010894775390625
0.72205588822355293,0.010955810546875
0.72218063872255489,0.0093994140625
0.72230538922155685,0.006378173828125
0.72243013972055892,0.002410888671875
0.72255489021956087,-0.00189208984375
0.72267964071856283,-0.005950927734375
0.7228043912175649,-0.009063720703125
0.72292914171656686,-0.010833740234375
0.72305389221556882,-0.01092529296875
0.72317864271457089,-0.0093994140625
0.72330339321357284,-0.00640869140625
0.7234281437125748,-0.002471923828125
0.72355289421157687,0.0018310546875
0.72367764471057883,0.005859375
0.72380239520958078,0.009002685546875
0.72392714570858285,0.010772705078125
0.72405189620758481,0.010894775390625
0.72417664670658688,0.009368896484375
0.72430139720558884,0.006439208984375
0.72442614770459079,0.002532958984375
0.72455089820359286,-0.00177001953125
0.72467564870259482,-0.005767822265625
0.72480039920159678,-0.0089111328125
0.72492514970059885,-0.010711669921875
0.72504990019960081,-0.0108642578125
0.72517465069860276,-0.009368896484375
0.72529940119760483,-0.0064697265625
0.72542415169660679,-0.002593994140625
0.72554890219560875,0.001678466796875
0.72567365269461082,0.005706787109375
0.72579840319361277,0.00885009765625
0.72592315369261473,0.010650634765625
0.7260479041916168,0.010833740234375
0.72617265469061876,0.009368896484375
0.72629740518962072,0.006500244140625
0.72642215568862278,0.002655029296875
0.72654690618762474,-0.001617431640625
0.7266716566866267,-0.005615234375
0.72679640718562877,-0.008758544921875
0.72692115768463073,-0.010589599609375
0.72704590818363268,-0.01080322265625
0.72717065868263475,-0.009368896484375
0.72729540918163671,-0.00653076171875
0.72742015968063867,-0.002716064453125
0.72754491017964074,0.00152587890625
0.72766966067864269,0.005523681640625
0.72779441117764476,0.008697509765625
0.72791916167664672,0.010528564453125
0.72804391217564868,0.010772705078125
0.72816866267465075,0.009368896484375
0.7282934131736527,0.006561279296875
0.72841816367265466,0.00274658203125
0.72854291417165673,-0.00146484375
0.72866766467065869,-0.005462646484375
0.72879241516966065,-0.00860595703125
0.72891716566866271,-0.010467529296875
0.72904191616766467,-0.0107421875
0.72916666666666663,-0.009368896484375
0.7292914171656687,-0.006591796875
0.72941616766467066,-0.0028076171875
0.72954091816367261,0.001373291015625
0.72966566866267468,0.00537109375
0.72979041916167664,0.008544921875
0.7299151696606786,0.010406494140625
0.73003992015968067,0.010711669921875
0.73016467065868262,0.009368896484375
0.73028942115768458,0.006622314453125
0.73041417165668665,0.00286865234375
0.73053892215568861,-0.001312255859375
0.73066367265469057,-0.005279541015625
0.73078842315369263,-0.008453369140625
0.73091317365269459,-0.010345458984375
0.73103792415169666,-0.01068115234375
0.73116267465069862,-0.009368896484375
0.73128742514970058,-0.00665283203125
0.73141217564870264,-0.0029296875
0.7315369261477046,0.001251220703125
0.73166167664670656,0.005218505859375
0.73178642714570863,0.008392333984375
0.73191117764471059,0.010284423828125
0.73203592814371254,0.0106201171875
0.73216067864271461,0.009368896484375
0.73228542914171657,0.006683349609375
0.73241017964071853,0.002960205078125
0.7325349301397206,-0.00115966796875
0.73265968063872255,-0.005126953125
0.73278443113772451,-0.00830078125
0.73290918163672658,-0.010223388671875
0.73303393213572854,-0.010589599609375
0.7331586826347305,-0.009368896484375
0.73328343313373257,-0.006683349609375
0.73340818363273452,-0.003021240234375
0.73353293413173648,0.0010986328125
0.73365768463073855,0.00506591796875
0.73378243512974051,0.00823974609375
0.73390718562874246,0.010162353515625
0.73403193612774453,0.01055908203125
0.73415668662674649,0.00933837890625
0.73428143712574845,0.0067138671875
0.73440618762475052,0.003082275390625
0.73453093812375247,-0.00103759765625
0.73465568862275454,-0.004974365234375
0.7347804391217565,-0.008148193359375
0.73490518962075846,-0.010101318359375
0.73502994011976053,-0.010528564453125
0.73515469061876249,-0.00933837890625
0.73527944111776444,-0.006744384765625
0.73540419161676651,-0.003143310546875
0.73552894211576847,0.000946044921875
0.73565369261477043,0.0048828125
0.7357784431137725,0.008087158203125
0.73590319361277445,0.010040283203125
0.73602794411177641,0.010498046875
0.73615269461077848,0.00933837890625
0.73627744510978044,0.00677490234375
0.7364021956087824,0.003173828125
0.73652694610778446,-0.000885009765625
0.73665169660678642,-0.00482177734375
0.73677644710578838,-0.008026123046875
0.73690119760479045,-0.009979248046875
0.73702594810379241,-0.010467529296875
0.73715069860279436,-0.00933837890625
0.73727544910179643,-0.006805419921875
0.73740019960079839,-0.00323486328125
0.73752495009980035,0.000823974609375
0.73764970059880242,0.004730224609375
0.73777445109780437,0.0079345703125
0.73789920159680644,0.009918212890625
0.7380239520958084,0.010406494140625
0.73814870259481036,0.009307861328125
0.73827345309381243,0.006805419921875
0.73839820359281438,0.003265380859375
0.73852295409181634,-0.000762939453125
0.73864770459081841,-0.004669189453125
0.73877245508982037,-0.00787353515625
0.73889720558882233,-0.009857177734375
0.73902195608782439,-0.0103759765625
0.73914670658682635,-0.009307861328125
0.73927145708582831,-0.0068359375
0.73939620758483038,-0.003326416015625
0.73952095808383234,0.00067138671875
0.73964570858283429,0.00457763671875
0.73977045908183636,0.007781982421875
0.73989520958083832,0.009796142578125
0.74001996007984028,0.010345458984375
0.74014471057884235,0.009307861328125
0.7402694610778443,0.006866455078125
0.74039421157684626,0.003387451171875
0.74051896207584833,-0.0006103515625
0.74064371257485029,-0.0045166015625
0.74076846307385225,-0.007720947265625
0.74089321357285431,-0.009765625
0.74101796407185627,-0.01031494140625
0.74114271457085823,-0.009307861328125
0.7412674650698603,-0.006866455078125
0.74139221556886226,-0.00341796875
0.74151696606786432,0.00054931640625
0.74164171656686628,0.004425048828125
0.74176646706586824,0.00762939453125
0.74189121756487031,0.00970458984375
0.74201596806387227,0.01025390625
0.74214071856287422,0.00927734375
0.74226546906187629,0.00689697265625
0.74239021956087825,0.00347900390625
0.74251497005988021,-0.00048828125
0.74263972055888228,-0.004364013671875
0.74276447105788423,-0.007568359375
0.74288922155688619,-0.0096435546875
0.74301397205588826,-0.010223388671875
0.74313872255489022,-0.00927734375
0.74326347305389218,-0.006927490234375
0.74338822355289425,-0.003509521484375
0.7435129740518962,0.00042724609375
0.74363772455089816,0.0042724609375
0.74376247504990023,0.00750732421875
0.74388722554890219,0.00958251953125
0.74401197604790414,0.01019287109375
0.74413672654690621,0.00927734375
0.74426147704590817,0.006927490234375
0.74438622754491013,0.003570556640625
0.7445109780439122,-0.0003662109375
0.74463572854291415,-0.00421142578125
0.74476047904191611,-0.007415771484375
0.74488522954091818,-0.009521484375
0.74500998003992014,-0.010162353515625
0.74513473053892221,-0.009246826171875
0.74525948103792417,-0.0069580078125
0.74538423153692612,-0.00360107421875
0.74550898203592819,0.000274658203125
0.74563373253493015,0.004119873046875
0.74575848303393211,0.007354736328125
0.74588323353293418,0.00946044921875
0.74600798403193613,0.010101318359375
0.74613273453093809,0.009246826171875
0.74625748502994016,0.006988525390625
0.74638223552894212,0.003662109375
0.74650698602794407,-0.000213623046875
0.74663173652694614,-0.004058837890625
0.7467564870259481,-0.00726318359375
0.74688123752495006,-0.0093994140625
0.74700598802395213,-0.01007080078125
0.74713073852295409,-0.009246826171875
0.74725548902195604,-0.006988525390625
0.74738023952095811,-0.003692626953125
0.74750499001996007,0.000152587890625
0.74762974051896203,0.003997802734375
0.7477544910179641,0.0072021484375
0.74787924151696605,0.00933837890625
0.74800399201596801,0.010040283203125
0.74812874251497008,0.00921630859375
0.74825349301397204,0.00701904296875
0.74837824351297411,0.003753662109375
0.74850299401197606,-9.1552734375e-05
0.74862774451097802,-0.00390625
0.74875249500998009,-0.00714111328125
0.74887724550898205,-0.00927734375
0.74900199600798401,-0.010009765625
0.74912674650698607,-0.00921630859375
0.74925149700598803,-0.00701904296875
0.74937624750498999,-0.0037841796875
0.74950099800399206,3.0517578125e-05
0.74962574850299402,0.00384521484375
0.74975049900199597,0.007049560546875
0.74987524950099804,0.00921630859375
0.75,0.00994873046875
0.75012475049900196,0.009185791015625
0.75024950099800403,0.007049560546875
0.75037425149700598,0.003814697265625
0.75049900199600794,3.0517578125e-05
0.75062375249501001,-0.003753662109375
0.75074850299401197,-0.006988525390625
0.75087325349301393,-0.0091552734375
0.75099800399201599,-0.009918212890625
0.75112275449101795,-0.009185791015625
0.75124750499001991,-0.007049560546875
0.75137225548902198,-0.003875732421875
0.75149700598802394,-9.1552734375e-05
0.75162175648702589,0.003692626953125
0.75174650698602796,0.006927490234375
0.75187125748502992,0.00909423828125
0.75199600798403199,0.0098876953125
0.75212075848303395,0.009185791015625
0.7522455089820359,0.007080078125
0.75237025948103797,0.00390625
0.75249500998003993,0.000152587890625
0.75261976047904189,-0.003631591796875
0.75274451097804396,-0.0068359375
0.75286926147704591,-0.009033203125
0.75299401197604787,-0.00982666015625
0.75311876247504994,-0.0091552734375
0.7532435129740519,-0.007080078125
0.75336826347305386,-0.003936767578125
0.75349301397205593,-0.000213623046875
0.75361776447105788,0.0035400390625
0.75374251497005984,0.00677490234375
0.75386726546906191,0.00897216796875
0.75399201596806387,0.009796142578125
0.75411676646706582,0.0091552734375
0.75424151696606789,0.007110595703125
0.75436626746506985,0.003997802734375
0.75449101796407181,0.000274658203125
0.75461576846307388,-0.00347900390625
0.75474051896207583,-0.0067138671875
0.75486526946107779,-0.0089111328125
0.75499001996007986,-0.009765625
0.75511477045908182,-0.009124755859375
0.75523952095808389,-0.007110595703125
0.75536427145708585,-0.0040283203125
0.7554890219560878,-0.000335693359375
0.75561377245508987,0.00341796875
0.75573852295409183,0.006622314453125
0.75586327345309379,0.00885009765625
0.75598802395209586,0.00970458984375
0.75611277445109781,0.009124755859375
0.75623752495009977,0.00714111328125
0.75636227544910184,0.004058837890625
0.7564870259481038,0.000396728515625
0.75661177644710575,-0.003326416015625
0.75673652694610782,-0.006561279296875
0.75686127744510978,-0.0087890625
0.75698602794411174,-0.009674072265625
0.75711077844311381,-0.00909423828125
0.75723552894211577,-0.00714111328125
0.75736027944111772,-0.004119873046875
0.75748502994011979,-0.000457763671875
0.75760978043912175,0.003265380859375
0.75773453093812371,0.006500244140625
0.75785928143712578,0.00872802734375
0.75798403193612773,0.0096435546875
0.75810878243512969,0.00909423828125
0.75823353293413176,0.00714111328125
0.75835828343313372,0.004150390625
0.75848303393213568,0.000518798828125
0.75860778443113774,-0.003204345703125
0.7587325349301397,-0.00640869140625
0.75885728542914177,-0.0086669921875
0.75898203592814373,-0.00958251953125
0.75910678642714569,-0.009063720703125
0.75923153692614775,-0.007171630859375
0.75935628742514971,-0.004180908203125
0.75948103792415167,-0.000579833984375
0.75960578842315374,0.00311279296875
0.7597305389221557,0.00634765625
0.75985528942115765,0.00860595703125
0.75998003992015972,0.009552001953125
0.76010479041916168,0.009063720703125
0.76022954091816364,0.007171630859375
0.76035429141716571,0.00421142578125
0.76047904191616766,0.000640869140625
0.76060379241516962,-0.0030517578125
0.76072854291417169,-0.00628662109375
0.76085329341317365,-0.008544921875
0.76097804391217561,-0.009521484375
0.76110279441117767,-0.009033203125
0.76122754491017963,-0.0072021484375
0.76135229540918159,-0.0042724609375
0.76147704590818366,-0.00067138671875
0.76160179640718562,0.00299072265625
0.76172654690618757,0.006195068359375
0.76185129740518964,0.00848388671875
0.7619760479041916,0.00946044921875
0.76210079840319356,0.009002685546875
0.76222554890219563,0.0072021484375
0.76235029940119758,0.004302978515625
0.76247504990019965,0.000732421875
0.76259980039920161,-0.0029296875
0.76272455089820357,-0.006134033203125
0.76284930139720564,-0.0084228515625
0.76297405189620759,-0.009429931640625
0.76309880239520955,-0.009002685546875
0.76322355289421162,-0.0072021484375
0.76334830339321358,-0.00433349609375
0.76347305389221554,-0.00079345703125
0.7635978043912176,0.002838134765625
0.76372255489021956,0.006072998046875
0.76384730538922152,0.00836181640625
0.76397205588822359,0.009368896484375
0.76409680638722555,0.00897216796875
0.7642215568862275,0.007232666015625
0.76434630738522957,0.004364013671875
0.76447105788423153,0.0008544921875
0.76459580838323349,-0.002777099609375
0.76472055888223556,-0.006011962890625
0.76484530938123751,-0.00830078125
0.76497005988023947,-0.00933837890625
0.76509481037924154,-0.00897216796875
0.7652195608782435,-0.007232666015625
0.76534431137724546,-0.00439453125
0.76546906187624753,-0.00091552734375
0.76559381237524948,0.002716064453125
0.76571856287425155,0.00592041015625
0.76584331337325351,0.00823974609375
0.76596806387225547,0.009307861328125
0.76609281437125754,0.008941650390625
0.76621756487025949,0.007232666015625
0.76634231536926145,0.004425048828125
0.76646706586826352,0.0009765625
0.76659181636726548,-0.002655029296875
0.76671656686626743,-0.005859375
0.7668413173652695,-0.0081787109375
0.76696606786427146,-0.009246826171875
0.76709081836327342,-0.0089111328125
0.76721556886227549,-0.007232666015625
0.76734031936127745,-0.00445556640625
0.7674650698602794,-0.001007080078125
0.76758982035928147,0.002593994140625
0.76771457085828343,0.00579833984375
0.76783932135728539,0.00811767578125
0.76796407185628746,0.00921630859375
0.76808882235528941,0.0089111328125
0.76821357285429137,0.00726318359375
0.76833832335329344,0.004486083984375
0.7684630738522954,0.001068115234375
0.76858782435129736,-0.002532958984375
0.76871257485029942,-0.005706787109375
0.76883732534930138,-0.008056640625
0.76896207584830334,-0.0091552734375
0.76908682634730541,-0.008880615234375
0.76921157684630737,-0.00726318359375
0.76933632734530943,-0.004547119140625
0.76946107784431139,-0.001129150390625
0.76958582834331335,0.00244140625
0.76971057884231542,0.005645751953125
0.76983532934131738,0.00799560546875
0.76996007984031933,0.009124755859375
0.7700848303393214,0.00885009765625
0.77020958083832336,0.00726318359375
0.77033433133732532,0.00457763671875
0.77045908183632739,0.001190185546875
0.77058383233532934,-0.00238037109375
0.7707085828343313,-0.005584716796875
0.77083333333333337,-0.0079345703125
0.77095808383233533,-0.009063720703125
0.77108283433133729,-0.00885009765625
0.77120758483033935,-0.00726318359375
0.77133233532934131,-0.004608154296875
0.77145708582834327,-0.001220703125
0.77158183632734534,0.0023193359375
0.7717065868263473,0.005523681640625
0.77183133732534925,0.00787353515625
0.77195608782435132,0.009033203125
0.77208083832335328,0.008819580078125
0.77220558882235524,0.00726318359375
0.77233033932135731,0.004638671875
0.77245508982035926,0.00128173828125
0.77257984031936133,-0.00225830078125
0.77270459081836329,-0.005462646484375
0.77282934131736525,-0.0078125
0.77295409181636732,-0.009002685546875
0.77307884231536927,-0.0087890625
0.77320359281437123,-0.007293701171875
0.7733283433133733,-0.004669189453125
0.77345309381237526,-0.0013427734375
0.77357784431137722,0.002197265625
0.77370259481037928,0.00537109375
0.77382734530938124,0.00775146484375
0.7739520958083832,0.008941650390625
0.77407684630738527,0.0087890625
0.77420159680638723,0.007293701171875
0.77432634730538918,0.00469970703125
0.77445109780439125,0.001373291015625
0.77457584830339321,-0.00213623046875
0.77470059880239517,-0.00531005859375
0.77482534930139724,-0.0076904296875
0.77495009980039919,-0.0089111328125
0.77507485029940115,-0.008758544921875
0.77519960079840322,-0.007293701171875
0.77532435129740518,-0.004730224609375
0.77544910179640714,-0.001434326171875
0.77557385229540921,0.0020751953125
0.77569860279441116,0.0052490234375
0.77582335329341312,0.00762939453125
0.77594810379241519,0.00885009765625
0.77607285429141715,0.00872802734375
0.77619760479041922,0.007293701171875
0.77632235528942117,0.0047607421875
0.77644710578842313,0.001495361328125
0.7765718562874252,-0.00201416015625
0.77669660678642716,-0.00518798828125
0.77682135728542911,-0.007568359375
0.77694610778443118,-0.008819580078125
0.77707085828343314,-0.00872802734375
0.7771956087824351,-0.007293701171875
0.77732035928143717,-0.0047607421875
0.77744510978043913,-0.00152587890625
0.77756986027944108,0.001953125
0.77769461077844315,0.005126953125
0.77781936127744511,0.00750732421875
0.77794411177644707,0.008758544921875
0.77806886227544914,0.008697509765625
0.77819361277445109,0.007293701171875
0.77831836327345305,0.004791259765625
0.77844311377245512,0.0015869140625
0.77856786427145708,-0.00189208984375
0.77869261477045904,-0.005035400390625
0.7788173652694611,-0.0074462890625
0.77894211576846306,-0.00872802734375
0.77906686626746502,-0.0086669921875
0.77919161676646709,-0.007293701171875
0.77931636726546905,-0.00482177734375
0.779441117764471,-0.001617431640625
0.77956586826347307,0.0018310546875
0.77969061876247503,0.004974365234375
0.7798153692614771,0.00738525390625
0.77994011976047906,0.0086669921875
0.78006487025948101,0.008636474609375
0.78018962075848308,0.007293701171875
0.78031437125748504,0.004852294921875
0.780439121756487,0.001678466796875
0.78056387225548907,-0.00177001953125
0.78068862275449102,-0.004913330078125
0.78081337325349298,-0.00732421875
0.78093812375249505,-0.008636474609375
0.78106287425149701,-0.008636474609375
0.78118762475049897,-0.007293701171875
0.78131237524950103,-0.0048828125
0.78143712574850299,-0.001708984375
0.78156187624750495,0.001708984375
0.78168662674650702,0.004852294921875
0.78181137724550898,0.00726318359375
0.78193612774451093,0.008575439453125
0.782060878243513,0.00860595703125
0.78218562874251496,0.007293701171875
0.78231037924151692,0.004913330078125
0.78243512974051899,0.00177001953125
0.78255988023952094,-0.00164794921875
0.7826846307385229,-0.004791259765625
0.78280938123752497,-0.0072021484375
0.78293413173652693,-0.008544921875
0.783058882235529,-0.008575439453125
0.78318363273453095,-0.007293701171875
0.78330838323353291,-0.00494384765625
0.78343313373253498,-0.0018310546875
0.78355788423153694,0.0015869140625
0.7836826347305389,0.004730224609375
0.78380738522954096,0.00714111328125
0.78393213572854292,0.00848388671875
0.78405688622754488,0.008544921875
0.78418163672654695,0.007293701171875
0.78430638722554891,0.004974365234375
0.78443113772455086,0.001861572265625
0.78455588822355293,-0.00152587890625
0.78468063872255489,-0.004669189453125
0.78480538922155685,-0.007080078125
0.78493013972055892,-0.008453369140625
0.78505489021956087,-0.008514404296875
0.78517964071856283,-0.007293701171875
0.7853043912175649,-0.004974365234375
0.78542914171656686,-0.001922607421875
0.78555389221556882,0.00146484375
0.78567864271457089,0.004608154296875
0.78580339321357284,0.007049560546875
0.7859281437125748,0.008392333984375
0.78605289421157687,0.008514404296875
0.78617764471057883,0.007293701171875
0.78630239520958078,0.0050048828125
0.78642714570858285,0.001953125
0.78655189620758481,-0.00140380859375
0.78667664670658688,-0.0045166015625
0.78680139720558884,-0.006988525390625
0.78692614770459079,-0.00836181640625
0.78705089820359286,-0.00848388671875
0.78717564870259482,-0.007293701171875
0.78730039920159678,-0.005035400390625
0.78742514970059885,-0.001983642578125
0.78754990019960081,0.0013427734375
0.78767465069860276,0.00445556640625
0.78779940119760483,0.006927490234375
0.78792415169660679,0.00830078125
0.78804890219560875,0.008453369140625
0.78817365269461082,0.007293701171875
0.78829840319361277,0.00506591796875
0.78842315369261473,0.002044677734375
0.7885479041916168,-0.00128173828125
0.78867265469061876,-0.00439453125
0.78879740518962072,-0.006866455078125
0.78892215568862278,-0.008270263671875
0.78904690618762474,-0.0084228515625
0.7891716566866267,-0.007293701171875
0.78929640718562877,-0.00506591796875
0.78942115768463073,-0.0020751953125
0.78954590818363268,0.001220703125
0.78967065868263475,0.00433349609375
0.78979540918163671,0.006805419921875
0.78992015968063867,0.008209228515625
0.79004491017964074,0.008392333984375
0.79016966067864269,0.007293701171875
0.79029441117764476,0.005096435546875
0.79041916167664672,0.00213623046875
0.79054391217564868,-0.00115966796875
0.79066866267465075,-0.0042724609375
0.7907934131736527,-0.006744384765625
0.79091816367265466,-0.0081787109375
0.79104291417165673,-0.00836181640625
0.79116766467065869,-0.007293701171875
0.79129241516966065,-0.005126953125
0.79141716566866271,-0.002166748046875
0.79154191616766467,0.0010986328125
0.79166666666666663,0.00421142578125
0.7917914171656687,0.006683349609375
0.79191616766467066,0.00811767578125
0.79204091816367261,0.00836181640625
0.79216566866267468,0.007293701171875
0.79229041916167664,0.005157470703125
0.7924151696606786,0.002227783203125
0.79253992015968067,-0.00103759765625
0.79266467065868262,-0.004150390625
0.79278942115768458,-0.006622314453125
0.79291417165668665,-0.008087158203125
0.79303892215568861,-0.008331298828125
0.79316367265469057,-0.007293701171875
0.79328842315369263,-0.005157470703125
0.79341317365269459,-0.00225830078125
0.79353792415169666,0.001007080078125
0.79366267465069862,0.00408935546875
0.79378742514970058,0.006561279296875
0.79391217564870264,0.008026123046875
0.7940369261477046,0.00830078125
0.79416167664670656,0.007293701171875
0.79428642714570863,0.00518798828125
0.79441117764471059,0.002288818359375
0.79453592814371254,-0.000946044921875
0.79466067864271461,-0.0040283203125
0.79478542914171657,-0.006500244140625
0.79491017964071853,-0.00799560546875
0.7950349301397206,-0.008270263671875
0.79515968063872255,-0.007293701171875
0.79528443113772451,-0.005218505859375
0.79540918163672658,-0.002349853515625
0.79553393213572854,0.000885009765625
0.7956586826347305,0.00396728515625
0.79578343313373257,0.006439208984375
0.79590818363273452,0.0079345703125
0.79603293413173648,0.00823974609375
0.79615768463073855,0.007293701171875
0.79628243512974051,0.005218505859375
0.79640718562874246,0.00238037109375
0.79653193612774453,-0.000823974609375
0.79665668662674649,-0.00390625
0.79678143712574845,-0.006378173828125
0.79690618762475052,-0.007904052734375
0.79703093812375247,-0.008209228515625
0.79715568862275454,-0.007293701171875
0.7972804391217565,-0.0052490234375
0.79740518962075846,-0.002410888671875
0.79752994011976053,0.000762939453125
0.79765469061876249,0.00384521484375
0.79777944111776444,0.006317138671875
0.79790419161676651,0.007843017578125
0.79802894211576847,0.0081787109375
0.79815369261477043,0.00726318359375
0.7982784431137725,0.0052490234375
0.79840319361277445,0.002471923828125
0.79852794411177641,-0.000732421875
0.79865269461077848,-0.0037841796875
0.79877744510978044,-0.006256103515625
0.7989021956087824,-0.0078125
0.79902694610778446,-0.008148193359375
0.79915169660678642,-0.00726318359375
0.79927644710578838,-0.005279541015625
0.79940119760479045,-0.00250244140625
0.79952594810379241,0.00067138671875
0.79965069860279436,0.00372314453125
0.79977544910179643,0.0062255859375
0.79990019960079839,0.00775146484375
0.80002495009980035,0.00811767578125
0.80014970059880242,0.00726318359375
0.80027445109780437,0.00531005859375
0.80039920159680644,0.002532958984375
0.8005239520958084,-0.0006103515625
0.80064870259481036,-0.003662109375
0.80077345309381243,-0.00616455078125
0.80089820359281438,-0.007720947265625
0.80102295409181634,-0.008087158203125
0.80114770459081841,-0.00726318359375
0.80127245508982037,-0.00531005859375
0.80139720558882233,-0.0025634765625
0.80152195608782439,0.00054931640625
0.80164670658682635,0.00360107421875
0.80177145708582831,0.006103515625
0.80189620758483038,0.007659912109375
0.80202095808383234,0.008056640625
0.80214570858283429,0.00726318359375
0.80227045908183636,0.005340576171875
0.80239520958083832,0.00262451171875
0.80251996007984028,-0.000518798828125
0.80264471057884235,-0.0035400390625
0.8027694610778443,-0.00604248046875
0.80289421157684626,-0.00762939453125
0.80301896207584833,-0.008026123046875
0.80314371257485029,-0.007232666015625
0.80326846307385225,-0.005340576171875
0.80339321357285431,-0.002655029296875
0.80351796407185627,0.000457763671875
0.80364271457085823,0.00347900390625
0.8037674650698603,0.0059814453125
0.80389221556886226,0.007568359375
0.80401696606786432,0.008026123046875
0.80414171656686628,0.007232666015625
0.80426646706586824,0.00537109375
0.80439121756487031,0.002685546875
0.80451596806387227,-0.000396728515625
0.80464071856287422,-0.00341796875
0.80476546906187629,-0.00592041015625
0.80489021956087825,-0.007537841796875
0.80501497005988021,-0.00799560546875
0.80513972055888228,-0.007232666015625
0.80526447105788423,-0.00537109375
0.80538922155688619,-0.002716064453125
0.80551397205588826,0.000335693359375
0.80563872255489022,0.00335693359375
0.80576347305389218,0.005859375
0.80588822355289425,0.007476806640625
0.8060129740518962,0.007965087890625
0.80613772455089816,0.007232666015625
0.80626247504990023,0.005401611328125
0.80638722554890219,0.00274658203125
0.80651197604790414,-0.00030517578125
0.80663672654690621,-0.0032958984375
0.80676147704590817,-0.00579833984375
0.80688622754491013,-0.007415771484375
0.8070109780439122,-0.0079345703125
0.80713572854291415,-0.0072021484375
0.80726047904191611,-0.005401611328125
0.80738522954091818,-0.0028076171875
0.80750998003992014,0.000244140625
0.80763473053892221,0.00323486328125
0.80775948103792417,0.0057373046875
0.80788423153692612,0.00738525390625
0.80800898203592819,0.007904052734375
0.80813373253493015,0.0072021484375
0.80825848303393211,0.00543212890625
0.80838323353293418,0.002838134765625
0.80850798403193613,-0.00018310546875
0.80863273453093809,-0.003204345703125
0.80875748502994016,-0.005706787109375
0.80888223552894212,-0.00732421875
0.80900698602794407,-0.00787353515625
0.80913173652694614,-0.0072021484375
0.8092564870259481,-0.00543212890625
0.80938123752495006,-0.00286865234375
0.80950598802395213,0.000152587890625
0.80963073852295409,0.003143310546875
0.80975548902195604,0.005645751953125
0.80988023952095811,0.007293701171875
0.81000499001996007,0.007843017578125
0.81012974051896203,0.0072021484375
0.8102544910179641,0.005462646484375
0.81037924151696605,0.002899169921875
0.81050399201596801,-9.1552734375e-05
0.81062874251497008,-0.003082275390625
0.81075349301397204,-0.005584716796875
0.81087824351297411,-0.007232666015625
0.81100299401197606,-0.0078125
0.81112774451097802,-0.007171630859375
0.81125249500998009,-0.005462646484375
0.81137724550898205,-0.0029296875
0.81150199600798401,6.103515625e-05
0.81162674650698607,0.003021240234375
0.81175149700598803,0.005523681640625
0.81187624750498999,0.0072021484375
0.81200099800399206,0.007781982421875
0.81212574850299402,0.007171630859375
0.81225049900199597,0.0054931640625
0.81237524950099804,0.002960205078125
0.8125,0
0.81262475049900196,-0.002960205078125
0.81274950099800403,-0.005462646484375
0.81287425149700598,-0.00714111328125
0.81299900199600794,-0.00775146484375
0.81312375249501001,-0.007171630859375
0.81324850299401197,-0.0054931640625
0.81337325349301393,-0.00299072265625
0.81349800399201599,-6.103515625e-05
0.81362275449101795,0.002899169921875
0.81374750499001991,0.005401611328125
0.81387225548902198,0.007110595703125
0.81399700598802394,0.007720947265625
0.81412175648702589,0.00714111328125
0.81424650698602796,0.0054931640625
0.81437125748502992,0.003021240234375
0.81449600798403199,9.1552734375e-05
0.81462075848303395,-0.002838134765625
0.8147455089820359,-0.00537109375
0.81487025948103797,-0.007049560546875
0.81499500998003993,-0.0076904296875
0.81511976047904189,-0.00714111328125
0.81524451097804396,-0.005523681640625
0.81536926147704591,-0.0030517578125
0.81549401197604787,-0.000152587890625
0.81561876247504994,0.002777099609375
0.8157435129740519,0.00531005859375
0.81586826347305386,0.00701904296875
0.81599301397205593,0.007659912109375
0.81611776447105788,0.00714111328125
0.81624251497005984,0.005523681640625
0.81636726546906191,0.003082275390625
0.81649201596806387,0.00018310546875
0.81661676646706582,-0.00274658203125
0.81674151696606789,-0.0052490234375
0.81686626746506985,-0.0069580078125
0.81699101796407181,-0.007598876953125
0.81711576846307388,-0.007110595703125
0.81724051896207583,-0.005523681640625
0.81736526946107779,-0.00311279296875
0.81749001996007986,-0.000244140625
0.81761477045908182,0.002685546875
0.81773952095808389,0.00518798828125
0.81786427145708585,0.00689697265625
0.8179890219560878,0.007568359375
0.81811377245508987,0.007110595703125
0.81823852295409183,0.00555419921875
0.81836327345309379,0.003143310546875
0.81848802395209586,0.000274658203125
0.81861277445109781,-0.00262451171875
0.81873752495009977,-0.005126953125
0.81886227544910184,-0.006866455078125
0.8189870259481038,-0.007537841796875
0.81911177644710575,-0.007080078125
0.81923652694610782,-0.00555419921875
0.81936127744510978,-0.003173828125
0.81948602794411174,-0.000335693359375
0.81961077844311381,0.0025634765625
0.81973552894211577,0.00506591796875
0.81986027944111772,0.006805419921875
0.81998502994011979,0.00750732421875
0.82010978043912175,0.007080078125
0.82023453093812371,0.00555419921875
0.82035928143712578,0.003204345703125
0.82048403193612773,0.0003662109375
0.82060878243512969,-0.00250244140625
0.82073353293413176,-0.005035400390625
0.82085828343313372,-0.00677490234375
0.82098303393213568,-0.007476806640625
0.82110778443113774,-0.007080078125
0.8212325349301397,-0.005584716796875
0.82135728542914177,-0.00323486328125
0.82148203592814373,-0.00042724609375
0.82160678642714569,0.002471923828125
0.82173153692614775,0.004974365234375
0.82185628742514971,0.0067138671875
0.82198103792415167,0.0074462890625
0.82210578842315374,0.007049560546875
0.8222305389221557,0.005584716796875
0.82235528942115765,0.003265380859375
0.82248003992015972,0.000457763671875
0.82260479041916168,-0.002410888671875
0.82272954091816364,-0.004913330078125
0.82285429141716571,-0.006683349609375
0.82297904191616766,-0.007415771484375
0.82310379241516962,-0.007049560546875
0.82322854291417169,-0.005584716796875
0.82335329341317365,-0.0032958984375
0.82347804391217561,-0.000518798828125
0.82360279441117767,0.002349853515625
0.82372754491017963,0.004852294921875
0.82385229540918159,0.006622314453125
0.82397704590818366,0.00738525390625
0.82410179640718562,0.00701904296875
0.82422654690618757,0.005615234375
0.82435129740518964,0.003326416015625
0.8244760479041916,0.00054931640625
0.82460079840319356,-0.002288818359375
0.82472554890219563,-0.004791259765625
0.82485029940119758,-0.006591796875
0.82497504990019965,-0.007354736328125
0.82509980039920161,-0.00701904296875
0.82522455089820357,-0.005615234375
0.82534930139720564,-0.00335693359375
0.82547405189620759,-0.0006103515625
0.82559880239520955,0.00225830078125
0.82572355289421162,0.0047607421875
0.82584830339321358,0.00653076171875
0.82597305389221554,0.00732421875
0.8260978043912176,0.006988525390625
0.82622255489021956,0.005615234375
0.82634730538922152,0.003387451171875
0.82647205588822359,0.000640869140625
0.82659680638722555,-0.002197265625
0.8267215568862275,-0.00469970703125
0.82684630738522957,-0.006500244140625
0.82697105788423153,-0.007293701171875
0.82709580838323349,-0.006988525390625
0.82722055888223556,-0.005615234375
0.82734530938123751,-0.00341796875
0.82747005988023947,-0.00067138671875
0.82759481037924154,0.00213623046875
0.8277195608782435,0.004638671875
0.82784431137724546,0.006439208984375
0.82796906187624753,0.00726318359375
0.82809381237524948,0.0069580078125
0.82821856287425155,0.005645751953125
0.82834331337325351,0.003448486328125
0.82846806387225547,0.000732421875
0.82859281437125754,-0.0020751953125
0.82871756487025949,-0.00457763671875
0.82884231536926145,-0.006378173828125
0.82896706586826352,-0.007232666015625
0.82909181636726548,-0.0069580078125
0.82921656686626743,-0.005645751953125
0.8293413173652695,-0.00347900390625
0.82946606786427146,-0.000762939453125
0.82959081836327342,0.002044677734375
0.82971556886227549,0.004547119140625
0.82984031936127745,0.00634765625
0.8299650698602794,0.0072021484375
0.83008982035928147,0.006927490234375
0.83021457085828343,0.005645751953125
0.83033932135728539,0.00347900390625
0.83046407185628746,0.000823974609375
0.83058882235528941,-0.001983642578125
0.83071357285429137,-0.004486083984375
0.83083832335329344,-0.00628662109375
0.8309630738522954,-0.00714111328125
0.83108782435129736,-0.006927490234375
0.83121257485029942,-0.005645751953125
0.83133732534930138,-0.003509521484375
0.83146207584830334,-0.0008544921875
0.83158682634730541,0.001922607421875
0.83171157684630737,0.004425048828125
0.83183632734530943,0.006256103515625
0.83196107784431139,0.007110595703125
0.83208582834331335,0.00689697265625
0.83221057884231542,0.005645751953125
0.83233532934131738,0.0035400390625
0.83246007984031933,0.000885009765625
0.8325848303393214,-0.00189208984375
0.83270958083832336,-0.004364013671875
0.83283433133732532,-0.006195068359375
0.83295908183632739,-0.007080078125
0.83308383233532934,-0.00689697265625
0.8332085828343313,-0.005645751953125
0.83333333333333337,-0.003570556640625
0.83345808383233533,-0.000946044921875
0.83358283433133729,0.0018310546875
0.83370758483033935,0.00433349609375
0.83383233532934131,0.00616455078125
0.83395708582834327,0.007049560546875
0.83408183632734534,0.006866455078125
0.8342065868263473,0.00567626953125
0.83433133732534925,0.00360107421875
0.83445608782435132,0.0009765625
0.83458083832335328,-0.00177001953125
0.83470558882235524,-0.0042724609375
0.83483033932135731,-0.006103515625
0.83495508982035926,-0.00701904296875
0.83507984031936133,-0.006866455078125
0.83520459081836329,-0.00567626953125
0.83532934131736525,-0.00360107421875
0.83545409181636732,-0.001007080078125
0.83557884231536927,0.001739501953125
0.83570359281437123,0.00421142578125
0.8358283433133733,0.006072998046875
0.83595309381237526,0.006988525390625
0.83607784431137722,0.0068359375
0.83620259481037928,0.00567626953125
0.83632734530938124,0.003631591796875
0.8364520958083832,0.001068115234375
0.83657684630738527,-0.001678466796875
0.83670159680638723,-0.004180908203125
0.83682634730538918,-0.006011962890625
0.83695109780439125,-0.0069580078125
0.83707584830339321,-0.0068359375
0.83720059880239517,-0.00567626953125
0.83732534930139724,-0.003662109375
0.83745009980039919,-0.0010986328125
0.83757485029940115,0.00164794921875
0.83769960079840322,0.004119873046875
0.83782435129740518,0.0059814453125
0.83794910179640714,0.006927490234375
0.83807385229540921,0.006805419921875
0.83819860279441116,0.00567626953125
0.83832335329341312,0.003692626953125
0.83844810379241519,0.001129150390625
0.83857285429141715,-0.0015869140625
0.83869760479041922,-0.004058837890625
0.83882235528942117,-0.00592041015625
0.83894710578842313,-0.006866455078125
0.8390718562874252,-0.006805419921875
0.83919660678642716,-0.00567626953125
0.83932135728542911,-0.003692626953125
0.83944610778443118,-0.00115966796875
0.83957085828343314,0.00152587890625
0.8396956087824351,0.003997802734375
0.83982035928143717,0.005859375
0.83994510978043913,0.0068359375
0.84006986027944108,0.00677490234375
0.84019461077844315,0.00567626953125
0.84031936127744511,0.00372314453125
0.84044411177644707,0.001220703125
0.84056886227544914,-0.001495361328125
0.84069361277445109,-0.00396728515625
0.84081836327345305,-0.005828857421875
0.84094311377245512,-0.006805419921875
0.84106786427145708,-0.00677490234375
0.84119261477045904,-0.00567626953125
0.8413173652694611,-0.003753662109375
0.84144211576846306,-0.001251220703125
0.84156686626746502,0.001434326171875
0.84169161676646709,0.00390625
0.84181636726546905,0.005767822265625
0.841941117764471,0.00677490234375
0.84206586826347307,0.006744384765625
0.84219061876247503,0.00567626953125
0.8423153692614771,0.0037841796875
0.84244011976047906,0.00128173828125
0.84256487025948101,-0.00140380859375
0.84268962075848308,-0.00384521484375
0.84281437125748504,-0.0057373046875
0.842939121756487,-0.006744384765625
0.84306387225548907,-0.0067138671875
0.84318862275449102,-0.00567626953125
0.84331337325349298,-0.0037841796875
0.84343812375249505,-0.001312255859375
0.84356287425149701,0.0013427734375
0.84368762475049897,0.003814697265625
0.84381237524950103,0.00567626953125
0.84393712574850299,0.0067138671875
0.84406187624750495,0.0067138671875
0.84418662674650702,0.00567626953125
0.84431137724550898,0.003814697265625
0.84443612774451093,0.001373291015625
0.844560878243513,-0.00128173828125
0.84468562874251496,-0.003753662109375
0.84481037924151692,-0.005645751953125
0.84493512974051899,-0.006683349609375
0.84505988023952094,-0.006683349609375
0.8451846307385229,-0.005706787109375
0.84530938123752497,-0.00384521484375
0.84543413173652693,-0.00140380859375
0.845558882235529,0.001251220703125
0.84568363273453095,0.003692626953125
0.84580838323353291,0.005584716796875
0.84593313373253498,0.006622314453125
0.84605788423153694,0.006683349609375
0.8461826347305389,0.005706787109375
0.84630738522954096,0.00384521484375
0.84643213572854292,0.001434326171875
0.84655688622754488,-0.001190185546875
0.84668163672654695,-0.003662109375
0.84680638722554891,-0.00555419921875
0.84693113772455086,-0.006591796875
0.84705588822355293,-0.00665283203125
0.84718063872255489,-0.005706787109375
0.84730538922155685,-0.003875732421875
0.84743013972055892,-0.00146484375
0.84755489021956087,0.00115966796875
0.84767964071856283,0.00360107421875
0.8478043912175649,0.0054931640625
0.84792914171656686,0.006561279296875
0.84805389221556882,0.006622314453125
0.84817864271457089,0.005706787109375
0.84830339321357284,0.00390625
0.8484281437125748,0.001495361328125
0.84855289421157687,-0.0010986328125
0.84867764471057883,-0.0035400390625
0.84880239520958078,-0.005462646484375
0.84892714570858285,-0.00653076171875
0.84905189620758481,-0.006622314453125
0.84917664670658688,-0.005706787109375
0.84930139720558884,-0.00390625
0.84942614770459079,-0.00152587890625
0.84955089820359286,0.001068115234375
0.84967564870259482,0.003509521484375
0.84980039920159678,0.005401611328125
0.84992514970059885,0.006500244140625
0.85004990019960081,0.006591796875
0.85017465069860276,0.00567626953125
0.85029940119760483,0.003936767578125
0.85042415169660679,0.0015869140625
0.85054890219560875,-0.001007080078125
0.85067365269461082,-0.003448486328125
0.85079840319361277,-0.00537109375
0.85092315369261473,-0.0064697265625
0.8510479041916168,-0.006561279296875
0.85117265469061876,-0.00567626953125
0.85129740518962072,-0.003936767578125
0.85142215568862278,-0.001617431640625
0.85154690618762474,0.0009765625
0.8516716566866267,0.00341796875
0.85179640718562877,0.00531005859375
0.85192115768463073,0.00640869140625
0.85204590818363268,0.006561279296875
0.85217065868263475,0.00567626953125
0.85229540918163671,0.00396728515625
0.85242015968063867,0.00164794921875
0.85254491017964074,-0.00091552734375
0.85266966067864269,-0.00335693359375
0.85279441117764476,-0.005279541015625
0.85291916167664672,-0.006378173828125
0.85304391217564868,-0.00653076171875
0.85316866267465075,-0.00567626953125
0.8532934131736527,-0.00396728515625
0.85341816367265466,-0.001678466796875
0.85354291417165673,0.000885009765625
0.85366766467065869,0.0032958984375
0.85379241516966065,0.005218505859375
0.85391716566866271,0.00634765625
0.85404191616766467,0.006500244140625
0.85416666666666663,0.00567626953125
0.8542914171656687,0.003997802734375
0.85441616766467066,0.001708984375
0.85454091816367261,-0.0008544921875
0.85466566866267468,-0.003265380859375
0.85479041916167664,-0.00518798828125
0.8549151696606786,-0.006317138671875
0.85503992015968067,-0.006500244140625
0.85516467065868262,-0.00567626953125
0.85528942115768458,-0.0040283203125
0.85541417165668665,-0.001739501953125
0.85553892215568861,0.00079345703125
0.85566367265469057,0.003204345703125
0.85578842315369263,0.005126953125
0.85591317365269459,0.00628662109375
0.85603792415169666,0.0064697265625
0.85616267465069862,0.00567626953125
0.85628742514970058,0.0040283203125
0.85641217564870264,0.00177001953125
0.8565369261477046,-0.000762939453125
0.85666167664670656,-0.003173828125
0.85678642714570863,-0.005096435546875
0.85691117764471059,-0.006256103515625
0.85703592814371254,-0.006439208984375
0.85716067864271461,-0.00567626953125
0.85728542914171657,-0.004058837890625
0.85741017964071853,-0.001800537109375
0.8575349301397206,0.000701904296875
0.85765968063872255,0.00311279296875
0.85778443113772451,0.005035400390625
0.85790918163672658,0.006195068359375
0.85803393213572854,0.006439208984375
0.8581586826347305,0.00567626953125
0.85828343313373257,0.004058837890625
0.85840818363273452,0.0018310546875
0.85853293413173648,-0.00067138671875
0.85865768463073855,-0.0030517578125
0.85878243512974051,-0.0050048828125
0.85890718562874246,-0.00616455078125
0.85903193612774453,-0.00640869140625
0.85915668662674649,-0.00567626953125
0.85928143712574845,-0.00408935546875
0.85940618762475052,-0.001861572265625
0.85953093812375247,0.0006103515625
0.85965568862275454,0.003021240234375
0.8597804391217565,0.00494384765625
0.85990518962075846,0.006134033203125
0.86002994011976053,0.006378173828125
0.86015469061876249,0.00567626953125
0.86027944111776444,0.00408935546875
0.86040419161676651,0.00189208984375
0.86052894211576847,-0.000579833984375
0.86065369261477043,-0.002960205078125
0.8607784431137725,-0.004913330078125
0.86090319361277445,-0.006103515625
0.86102794411177641,-0.00634765625
0.86115269461077848,-0.00567626953125
0.86127744510978044,-0.004119873046875
0.8614021956087824,-0.001922607421875
0.86152694610778446,0.00054931640625
0.86165169660678642,0.0029296875
0.86177644710578838,0.004852294921875
0.86190119760479045,0.006072998046875
0.86202594810379241,0.00634765625
0.86215069860279436,0.005645751953125
0.86227544910179643,0.004119873046875
0.86240019960079839,0.001953125
0.86252495009980035,-0.00048828125
0.86264970059880242,-0.00286865234375
0.86277445109780437,-0.00482177734375
0.86289920159680644,-0.006011962890625
0.8630239520958084,-0.006317138671875
0.86314870259481036,-0.005645751953125
0.86327345309381243,-0.004119873046875
0.86339820359281438,-0.001983642578125
0.86352295409181634,0.000457763671875
0.86364770459081841,0.002838134765625
0.86377245508982037,0.0047607421875
0.86389720558882233,0.0059814453125
0.86402195608782439,0.00628662109375
0.86414670658682635,0.005645751953125
0.86427145708582831,0.004150390625
0.86439620758483038,0.00201416015625
0.86452095808383234,-0.00042724609375
0.86464570858283429,-0.002777099609375
0.86477045908183636,-0.004730224609375
0.86489520958083832,-0.005950927734375
0.86501996007984028,-0.00628662109375
0.86514471057884235,-0.005645751953125
0.8652694610778443,-0.004150390625
0.86539421157684626,-0.002044677734375
0.86551896207584833,0.0003662109375
0.86564371257485029,0.00274658203125
0.86576846307385225,0.004669189453125
0.86589321357285431,0.00592041015625
0.86601796407185627,0.006256103515625
0.86614271457085823,0.005645751953125
0.8662674650698603,0.004180908203125
0.86639221556886226,0.0020751953125
0.86651696606786432,-0.000335693359375
0.86664171656686628,-0.002685546875
0.86676646706586824,-0.004638671875
0.86689121756487031,-0.005889892578125
0.86701596806387227,-0.0062255859375
0.86714071856287422,-0.005645751953125
0.86726546906187629,-0.004180908203125
0.86739021956087825,-0.002105712890625
0.86751497005988021,0.00030517578125
0.86763972055888228,0.002655029296875
0.86776447105788423,0.00457763671875
0.86788922155688619,0.005828857421875
0.86801397205588826,0.006195068359375
0.86813872255489022,0.005615234375
0.86826347305389218,0.00421142578125
0.86838822355289425,0.00213623046875
0.8685129740518962,-0.000244140625
0.86863772455089816,-0.002593994140625
0.86876247504990023,-0.004547119140625
0.86888722554890219,-0.00579833984375
0.86901197604790414,-0.006195068359375
0.86913672654690621,-0.005615234375
0.86926147704590817,-0.00421142578125
0.86938622754491013,-0.002166748046875
0.8695109780439122,0.000213623046875
0.86963572854291415,0.0025634765625
0.86976047904191611,0.0045166015625
0.86988522954091818,0.005767822265625
0.87000998003992014,0.00616455078125
0.87013473053892221,0.005615234375
0.87025948103792417,0.00421142578125
0.87038423153692612,0.002197265625
0.87050898203592819,-0.00018310546875
0.87063373253493015,-0.00250244140625
0.87075848303393211,-0.00445556640625
0.87088323353293418,-0.0057373046875
0.87100798403193613,-0.006134033203125
0.87113273453093809,-0.005615234375
0.87125748502994016,-0.004241943359375
0.87138223552894212,-0.002227783203125
0.87150698602794407,0.0001220703125
0.87163173652694614,0.002471923828125
0.8717564870259481,0.004425048828125
0.87188123752495006,0.005706787109375
0.87200598802395213,0.006103515625
0.87213073852295409,0.005615234375
0.87225548902195604,0.004241943359375
0.87238023952095811,0.002227783203125
0.87250499001996007,-9.1552734375e-05
0.87262974051896203,-0.002410888671875
0.8727544910179641,-0.004364013671875
0.87287924151696605,-0.005645751953125
0.87300399201596801,-0.006072998046875
0.87312874251497008,-0.005584716796875
0.87325349301397204,-0.004241943359375
0.87337824351297411,-0.00225830078125
0.87350299401197606,6.103515625e-05
0.87362774451097802,0.00238037109375
0.87375249500998009,0.00433349609375
0.87387724550898205,0.005615234375
0.87400199600798401,0.006072998046875
0.87412674650698607,0.005584716796875
0.87425149700598803,0.0042724609375
0.87437624750498999,0.002288818359375
0.87450099800399206,-3.0517578125e-05
0.87462574850299402,-0.0023193359375
0.87475049900199597,-0.0042724609375
0.87487524950099804,-0.005584716796875
0.875,-0.00604248046875
0.87512475049900196,-0.005584716796875
0.87524950099800403,-0.0042724609375
0.87537425149700598,-0.0023193359375
0.87549900199600794,-3.0517578125e-05
0.87562375249501001,0.002288818359375
0.87574850299401197,0.004241943359375
0.87587325349301393,0.00555419921875
0.87599800399201599,0.006011962890625
0.87612275449101795,0.005584716796875
0.87624750499001991,0.0042724609375
0.87637225548902198,0.002349853515625
0.87649700598802394,6.103515625e-05
0.87662175648702589,-0.002227783203125
0.87674650698602796,-0.004180908203125
0.87687125748502992,-0.005523681640625
0.87699600798403199,-0.0059814453125
0.87712075848303395,-0.00555419921875
0.8772455089820359,-0.004302978515625
0.87737025948103797,-0.00238037109375
0.87749500998003993,-9.1552734375e-05
0.87761976047904189,0.002197265625
0.87774451097804396,0.004150390625
0.87786926147704591,0.005462646484375
0.87799401197604787,0.0059814453125
0.87811876247504994,0.00555419921875
0.8782435129740519,0.004302978515625
0.87836826347305386,0.002410888671875
0.87849301397205593,0.0001220703125
0.87861776447105788,-0.002166748046875
0.87874251497005984,-0.004119873046875
0.87886726546906191,-0.00543212890625
0.87899201596806387,-0.005950927734375
0.87911676646706582,-0.00555419921875
0.87924151696606789,-0.004302978515625
0.87936626746506985,-0.002410888671875
0.87949101796407181,-0.000152587890625
0.87961576846307388,0.002105712890625
0.87974051896207583,0.004058837890625
0.87986526946107779,0.005401611328125
0.87999001996007986,0.00592041015625
0.88011477045908182,0.005523681640625
0.88023952095808389,0.004302978515625
0.88036427145708585,0.00244140625
0.8804890219560878,0.000213623046875
0.88061377245508987,-0.0020751953125
0.88073852295409183,-0.0040283203125
0.88086327345309379,-0.00537109375
0.88098802395209586,-0.005889892578125
0.88111277445109781,-0.005523681640625
0.88123752495009977,-0.00433349609375
0.88136227544910184,-0.002471923828125
0.8814870259481038,-0.000244140625
0.88161177644710575,0.00201416015625
0.88173652694610782,0.00396728515625
0.88186127744510978,0.005340576171875
0.88198602794411174,0.005859375
0.88211077844311381,0.005523681640625
0.88223552894211577,0.00433349609375
0.88236027944111772,0.00250244140625
0.88248502994011979,0.000274658203125
0.88260978043912175,-0.001983642578125
0.88273453093812371,-0.003936767578125
0.88285928143712578,-0.005279541015625
0.88298403193612773,-0.005828857421875
0.88310878243512969,-0.005523681640625
0.88323353293413176,-0.00433349609375
0.88335828343313372,-0.00250244140625
0.88348303393213568,-0.00030517578125
0.88360778443113774,0.001953125
0.8837325349301397,0.00390625
0.88385728542914177,0.0052490234375
0.88398203592814373,0.005828857421875
0.88410678642714569,0.0054931640625
0.88423153692614775,0.00433349609375
0.88435628742514971,0.002532958984375
0.88448103792415167,0.000335693359375
0.88460578842315374,-0.00189208984375
0.8847305389221557,-0.00384521484375
0.88485528942115765,-0.005218505859375
0.88498003992015972,-0.00579833984375
0.88510479041916168,-0.0054931640625
0.88522954091816364,-0.004364013671875
0.88535429141716571,-0.0025634765625
0.88547904191616766,-0.0003662109375
0.88560379241516962,0.001861572265625
0.88572854291417169,0.003814697265625
0.88585329341317365,0.00518798828125
0.88597804391217561,0.005767822265625
0.88610279441117767,0.0054931640625
0.88622754491017963,0.004364013671875
0.88635229540918159,0.002593994140625
0.88647704590818366,0.00042724609375
0.88660179640718562,-0.001800537109375
0.88672654690618757,-0.003753662109375
0.88685129740518964,-0.005157470703125
0.8869760479041916,-0.0057373046875
0.88710079840319356,-0.005462646484375
0.88722554890219563,-0.004364013671875
0.88735029940119758,-0.002593994140625
0.88747504990019965,-0.000457763671875
0.88759980039920161,0.00177001953125
0.88772455089820357,0.00372314453125
0.88784930139720564,0.005096435546875
0.88797405189620759,0.005706787109375
0.88809880239520955,0.005462646484375
0.88822355289421162,0.004364013671875
0.88834830339321358,0.00262451171875
0.88847305389221554,0.00048828125
0.8885978043912176,-0.001739501953125
0.88872255489021956,-0.003692626953125
0.88884730538922152,-0.00506591796875
0.88897205588822359,-0.00567626953125
0.88909680638722555,-0.00543212890625
0.8892215568862275,-0.004364013671875
0.88934630738522957,-0.002655029296875
0.88947105788423153,-0.000518798828125
0.88959580838323349,0.001678466796875
0.88972055888223556,0.003631591796875
0.88984530938123751,0.005035400390625
0.88997005988023947,0.00567626953125
0.89009481037924154,0.00543212890625
0.8902195608782435,0.00439453125
0.89034431137724546,0.002655029296875
0.89046906187624753,0.00054931640625
0.89059381237524948,-0.00164794921875
0.89071856287425155,-0.00360107421875
0.89084331337325351,-0.0050048828125
0.89096806387225547,-0.005645751953125
0.89109281437125754,-0.00543212890625
0.89121756487025949,-0.00439453125
0.89134231536926145,-0.002685546875
0.89146706586826352,-0.000579833984375
0.89159181636726548,0.001617431640625
0.89171656686626743,0.0035400390625
0.8918413173652695,0.00494384765625
0.89196606786427146,0.005615234375
0.89209081836327342,0.005401611328125
0.89221556886227549,0.00439453125
0.89234031936127745,0.002716064453125
0.8924650698602794,0.0006103515625
0.89258982035928147,-0.001556396484375
0.89271457085828343,-0.003509521484375
0.89283932135728539,-0.004913330078125
0.89296407185628746,-0.005584716796875
0.89308882235528941,-0.005401611328125
0.89321357285429137,-0.00439453125
0.89333832335329344,-0.002716064453125
0.8934630738522954,-0.000640869140625
0.89358782435129736,0.00152587890625
0.89371257485029942,0.00347900390625
0.89383732534930138,0.0048828125
0.89396207584830334,0.00555419921875
0.89408682634730541,0.005401611328125
0.89421157684630737,0.00439453125
0.89433632734530943,0.00274658203125
0.89446107784431139,0.00067138671875
0.89458582834331335,-0.001495361328125
0.89471057884231542,-0.00341796875
0.89483532934131738,-0.004852294921875
0.89496007984031933,-0.005523681640625
0.8950848303393214,-0.00537109375
0.89520958083832336,-0.00439453125
0.89533433133732532,-0.002777099609375
0.89545908183632739,-0.000701904296875
0.89558383233532934,0.001434326171875
0.8957085828343313,0.003387451171875
0.89583333333333337,0.00482177734375
0.89595808383233533,0.0054931640625
0.89608283433133729,0.00537109375
0.89620758483033935,0.00439453125
0.89633233532934131,0.002777099609375
0.89645708582834327,0.000732421875
0.89658183632734534,-0.00140380859375
0.8967065868263473,-0.00335693359375
0.89683133732534925,-0.0047607421875
0.89695608782435132,-0.0054931640625
0.89708083832335328,-0.005340576171875
0.89720558882235524,-0.004425048828125
0.89733033932135731,-0.0028076171875
0.89745508982035926,-0.000762939453125
0.89757984031936133,0.001373291015625
0.89770459081836329,0.0032958984375
0.89782934131736525,0.004730224609375
0.89795409181636732,0.005462646484375
0.89807884231536927,0.005340576171875
0.89820359281437123,0.004425048828125
0.8983283433133733,0.002838134765625
0.89845309381237526,0.00079345703125
0.89857784431137722,-0.0013427734375
0.89870259481037928,-0.003265380859375
0.89882734530938124,-0.00469970703125
0.8989520958083832,-0.00543212890625
0.89907684630738527,-0.005340576171875
0.89920159680638723,-0.004425048828125
0.89932634730538918,-0.002838134765625
0.89945109780439125,-0.000823974609375
0.89957584830339321,0.00128173828125
0.89970059880239517,0.00323486328125
0.89982534930139724,0.004669189453125
0.89995009980039919,0.005401611328125
0.90007485029940115,0.00531005859375
0.90019960079840322,0.004425048828125
0.90032435129740518,0.00286865234375
0.90044910179640714,0.0008544921875
0.90057385229540921,-0.001251220703125
0.90069860279441116,-0.003173828125
0.90082335329341312,-0.004638671875
0.90094810379241519,-0.00537109375
0.90107285429141715,-0.00531005859375
0.90119760479041922,-0.004425048828125
0.90132235528942117,-0.00286865234375
0.90144710578842313,-0.000885009765625
0.9015718562874252,0.001220703125
0.90169660678642716,0.003143310546875
0.90182135728542911,0.004608154296875
0.90194610778443118,0.005340576171875
0.90207085828343314,0.005279541015625
0.9021956087824351,0.004425048828125
0.90232035928143717,0.002899169921875
0.90244510978043913,0.00091552734375
0.90256986027944108,-0.001190185546875
0.90269461077844315,-0.00311279296875
0.90281936127744511,-0.004547119140625
0.90294411177644707,-0.00531005859375
0.90306886227544914,-0.005279541015625
0.90319361277445109,-0.004425048828125
0.90331836327345305,-0.002899169921875
0.90344311377245512,-0.000946044921875
0.90356786427145708,0.001129150390625
0.90369261477045904,0.0030517578125
0.9038173652694611,0.0045166015625
0.90394211576846306,0.005279541015625
0.90406686626746502,0.0052490234375
0.90419161676646709,0.004425048828125
0.90431636726546905,0.0029296875
0.904441117764471,0.0009765625
0.90456586826347307,-0.0010986328125
0.90469061876247503,-0.003021240234375
0.9048153692614771,-0.004486083984375
0.90494011976047906,-0.0052490234375
0.90506487025948101,-0.0052490234375
0.90518962075848308,-0.004425048828125
0.90531437125748504,-0.002960205078125
0.905439121756487,-0.001007080078125
0.90556387225548907,0.001068115234375
0.90568862275449102,0.00299072265625
0.90581337325349298,0.00445556640625
0.90593812375249505,0.0052490234375
0.90606287425149701,0.005218505859375
0.90618762475049897,0.004425048828125
0.90631237524950103,0.002960205078125
0.90643712574850299,0.00103759765625
0.90656187624750495,-0.00103759765625
0.90668662674650702,-0.0029296875
0.90681137724550898,-0.004425048828125
0.90693612774451093,-0.005218505859375
0.907060878243513,-0.005218505859375
0.90718562874251496,-0.004425048828125
0.90731037924151692,-0.00299072265625
0.90743512974051899,-0.001068115234375
0.90755988023952094,0.0009765625
0.9076846307385229,0.002899169921875
0.90780938123752497,0.004364013671875
0.90793413173652693,0.00518798828125
0.908058882235529,0.00518798828125
0.90818363273453095,0.004425048828125
0.90830838323353291,0.00299072265625
0.90843313373253498,0.0010986328125
0.90855788423153694,-0.000946044921875
0.9086826347305389,-0.00286865234375
0.90880738522954096,-0.00433349609375
0.90893213572854292,-0.005157470703125
0.90905688622754488,-0.00518798828125
0.90918163672654695,-0.004425048828125
0.90930638722554891,-0.003021240234375
0.90943113772455086,-0.001129150390625
0.90955588822355293,0.00091552734375
0.90968063872255489,0.002838134765625
0.90980538922155685,0.004302978515625
0.90993013972055892,0.005126953125
0.91005489021956087,0.005157470703125
0.91017964071856283,0.004425048828125
0.9103043912175649,0.003021240234375
0.91042914171656686,0.00115966796875
0.91055389221556882,-0.000885009765625
0.91067864271457089,-0.002777099609375
0.91080339321357284,-0.0042724609375
0.9109281437125748,-0.005096435546875
0.91105289421157687,-0.005157470703125
0.91117764471057883,-0.004425048828125
0.91130239520958078,-0.0030517578125
0.91142714570858285,-0.001190185546875
0.91155189620758481,0.0008544921875
0.91167664670658688,0.00274658203125
0.91180139720558884,0.004241943359375
0.91192614770459079,0.00506591796875
0.91205089820359286,0.005126953125
0.91217564870259482,0.004425048828125
0.91230039920159678,0.0030517578125
0.91242514970059885,0.001220703125
0.91254990019960081,-0.000823974609375
0.91267465069860276,-0.002716064453125
0.91279940119760483,-0.004180908203125
0.91292415169660679,-0.005035400390625
0.91304890219560875,-0.005126953125
0.91317365269461082,-0.004425048828125
0.91329840319361277,-0.0030517578125
0.91342315369261473,-0.001251220703125
0.9135479041916168,0.000762939453125
0.91367265469061876,0.002685546875
0.91379740518962072,0.004150390625
0.91392215568862278,0.0050048828125
0.91404690618762474,0.005096435546875
0.9141716566866267,0.004425048828125
0.91429640718562877,0.003082275390625
0.91442115768463073,0.001251220703125
0.91454590818363268,-0.000732421875
0.91467065868263475,-0.00262451171875
0.91479540918163671,-0.004119873046875
0.91492015968063867,-0.004974365234375
0.91504491017964074,-0.005096435546875
0.91516966067864269,-0.004425048828125
0.91529441117764476,-0.003082275390625
0.91541916167664672,-0.00128173828125
0.91554391217564868,0.000701904296875
0.91566866267465075,0.002593994140625
0.9157934131736527,0.00408935546875
0.91591816367265466,0.00494384765625
0.91604291417165673,0.00506591796875
0.91616766467065869,0.004425048828125
0.91629241516966065,0.00311279296875
0.91641716566866271,0.001312255859375
0.91654191616766467,-0.00067138671875
0.91666666666666663,-0.0025634765625
0.9167914171656687,-0.004058837890625
0.91691616766467066,-0.00494384765625
0.91704091816367261,-0.00506591796875
0.91716566866267468,-0.004425048828125
0.91729041916167664,-0.00311279296875
0.9174151696606786,-0.0013427734375
0.91753992015968067,0.000640869140625
0.91766467065868262,0.002532958984375
0.91778942115768458,0.0040283203125
0.91791417165668665,0.004913330078125
0.91803892215568861,0.005035400390625
0.91816367265469057,0.004425048828125
0.91828842315369263,0.003143310546875
0.91841317365269459,0.001373291015625
0.91853792415169666,-0.0006103515625
0.91866267465069862,-0.002471923828125
0.91878742514970058,-0.00396728515625
0.91891217564870264,-0.0048828125
0.9190369261477046,-0.005035400390625
0.91916167664670656,-0.004425048828125
0.91928642714570863,-0.003143310546875
0.91941117764471059,-0.00140380859375
0.91953592814371254,0.000579833984375
0.91966067864271461,0.00244140625
0.91978542914171657,0.003936767578125
0.91991017964071853,0.004852294921875
0.9200349301397206,0.0050048828125
0.92015968063872255,0.004425048828125
0.92028443113772451,0.003143310546875
0.92040918163672658,0.00140380859375
0.92053393213572854,-0.00054931640625
0.9206586826347305,-0.002410888671875
0.92078343313373257,-0.00390625
0.92090818363273452,-0.00482177734375
0.92103293413173648,-0.0050048828125
0.92115768463073855,-0.004425048828125
0.92128243512974051,-0.003173828125
0.92140718562874246,-0.001434326171875
0.92153193612774453,0.00048828125
0.92165668662674649,0.00238037109375
0.92178143712574845,0.003875732421875
0.92190618762475052,0.004791259765625
0.92203093812375247,0.004974365234375
0.92215568862275454,0.004425048828125
0.9222804391217565,0.003173828125
0.92240518962075846,0.00146484375
0.92252994011976053,-0.000457763671875
0.92265469061876249,-0.0023193359375
0.92277944111776444,-0.00384521484375
0.92290419161676651,-0.0047607421875
0.92302894211576847,-0.004974365234375
0.92315369261477043,-0.004425048828125
0.9232784431137725,-0.003204345703125
0.92340319361277445,-0.001495361328125
0.92352794411177641,0.00042724609375
0.92365269461077848,0.002288818359375
0.92377744510978044,0.003814697265625
0.9239021956087824,0.004730224609375
0.92402694610778446,0.00494384765625
0.92415169660678642,0.00439453125
0.92427644710578838,0.003204345703125
0.92440119760479045,0.00152587890625
0.92452594810379241,-0.000396728515625
0.92465069860279436,-0.00225830078125
0.92477544910179643,-0.003753662109375
0.92490019960079839,-0.00469970703125
0.92502495009980035,-0.00494384765625
0.92514970059880242,-0.00439453125
0.92527445109780437,-0.003204345703125
0.92539920159680644,-0.00152587890625
0.9255239520958084,0.0003662109375
0.92564870259481036,0.002227783203125
0.92577345309381243,0.00372314453125
0.92589820359281438,0.004669189453125
0.92602295409181634,0.004913330078125
0.92614770459081841,0.00439453125
0.92627245508982037,0.00323486328125
0.92639720558882233,0.001556396484375
0.92652195608782439,-0.000335693359375
0.92664670658682635,-0.002197265625
0.92677145708582831,-0.003692626953125
0.92689620758483038,-0.004638671875
0.92702095808383234,-0.0048828125
0.92714570858283429,-0.00439453125
0.92727045908183636,-0.00323486328125
0.92739520958083832,-0.0015869140625
0.92751996007984028,0.00030517578125
0.92764471057884235,0.00213623046875
0.9277694610778443,0.003662109375
0.92789421157684626,0.004608154296875
0.92801896207584833,0.0048828125
0.92814371257485029,0.00439453125
0.92826846307385225,0.00323486328125
0.92839321357285431,0.001617431640625
0.92851796407185627,-0.000274658203125
0.92864271457085823,-0.002105712890625
0.9287674650698603,-0.003631591796875
0.92889221556886226,-0.00457763671875
0.92901696606786432,-0.004852294921875
0.92914171656686628,-0.00439453125
0.92926646706586824,-0.003265380859375
0.92939121756487031,-0.001617431640625
0.92951596806387227,0.000244140625
0.92964071856287422,0.0020751953125
0.92976546906187629,0.00360107421875
0.92989021956087825,0.00457763671875
0.93001497005988021,0.004852294921875
0.93013972055888228,0.00439453125
0.93026447105788423,0.003265380859375
0.93038922155688619,0.00164794921875
0.93051397205588826,-0.000213623046875
0.93063872255489022,-0.002044677734375
0.93076347305389218,-0.003570556640625
0.93088822355289425,-0.004547119140625
0.9310129740518962,-0.00482177734375
0.93113772455089816,-0.00439453125
0.93126247504990023,-0.003265380859375
0.93138722554890219,-0.001678466796875
0.93151197604790414,0.00018310546875
0.93163672654690621,0.00201416015625
0.93176147704590817,0.003509521484375
0.93188622754491013,0.0045166015625
0.9320109780439122,0.004791259765625
0.93213572854291415,0.004364013671875
0.93226047904191611,0.0032958984375
0.93238522954091818,0.001678466796875
0.93250998003992014,-0.000152587890625
0.93263473053892221,-0.001983642578125
0.93275948103792417,-0.00347900390625
0.93288423153692612,-0.004486083984375
0.93300898203592819,-0.004791259765625
0.93313373253493015,-0.004364013671875
0.93325848303393211,-0.0032958984375
0.93338323353293418,-0.001708984375
0.93350798403193613,0.0001220703125
0.93363273453093809,0.001922607421875
0.93375748502994016,0.003448486328125
0.93388223552894212,0.00445556640625
0.93400698602794407,0.0047607421875
0.93413173652694614,0.004364013671875
0.9342564870259481,0.0032958984375
0.93438123752495006,0.001739501953125
0.93450598802395213,-9.1552734375e-05
0.93463073852295409,-0.00189208984375
0.93475548902195604,-0.00341796875
0.93488023952095811,-0.004425048828125
0.93500499001996007,-0.0047607421875
0.93512974051896203,-0.004364013671875
0.9352544910179641,-0.0032958984375
0.93537924151696605,-0.00177001953125
0.93550399201596801,6.103515625e-05
0.93562874251497008,0.001861572265625
0.93575349301397204,0.003387451171875
0.93587824351297411,0.00439453125
0.93600299401197606,0.004730224609375
0.93612774451097802,0.004364013671875
0.93625249500998009,0.003326416015625
0.93637724550898205,0.00177001953125
0.93650199600798401,-3.0517578125e-05
0.93662674650698607,-0.0018310546875
0.93675149700598803,-0.00335693359375
0.93687624750498999,-0.004364013671875
0.93700099800399206,-0.00469970703125
0.93712574850299402,-0.00433349609375
0.93725049900199597,-0.003326416015625
0.93737524950099804,-0.001800537109375
0.9375,0
0.93762475049900196,0.001800537109375
0.93774950099800403,0.003326416015625
0.93787425149700598,0.00433349609375
0.93799900199600794,0.00469970703125
0.93812375249501001,0.00433349609375
0.93824850299401197,0.003326416015625
0.93837325349301393,0.0018310546875
0.93849800399201599,3.0517578125e-05
0.93862275449101795,-0.00177001953125
0.93874750499001991,-0.0032958984375
0.93887225548902198,-0.004302978515625
0.93899700598802394,-0.004669189453125
0.93912175648702589,-0.00433349609375
0.93924650698602796,-0.003326416015625
0.93937125748502992,-0.0018310546875
0.93949600798403199,-6.103515625e-05
0.93962075848303395,0.001739501953125
0.9397455089820359,0.00323486328125
0.93987025948103797,0.0042724609375
0.93999500998003993,0.004669189453125
0.94011976047904189,0.00433349609375
0.94024451097804396,0.00335693359375
0.94036926147704591,0.001861572265625
0.94049401197604787,9.1552734375e-05
0.94061876247504994,-0.001678466796875
0.9407435129740519,-0.003204345703125
0.94086826347305386,-0.004241943359375
0.94099301397205593,-0.004638671875
0.94111776447105788,-0.00433349609375
0.94124251497005984,-0.00335693359375
0.94136726546906191,-0.001861572265625
0.94149201596806387,-0.0001220703125
0.94161676646706582,0.00164794921875
0.94174151696606789,0.003173828125
0.94186626746506985,0.00421142578125
0.94199101796407181,0.004608154296875
0.94211576846307388,0.004302978515625
0.94224051896207583,0.00335693359375
0.94236526946107779,0.00189208984375
0.94249001996007986,0.000152587890625
0.94261477045908182,-0.001617431640625
0.94273952095808389,-0.003143310546875
0.94286427145708585,-0.004180908203125
0.9429890219560878,-0.004608154296875
0.94311377245508987,-0.004302978515625
0.94323852295409183,-0.00335693359375
0.94336327345309379,-0.001922607421875
0.94348802395209586,-0.00018310546875
0.94361277445109781,0.0015869140625
0.94373752495009977,0.00311279296875
0.94386227544910184,0.004150390625
0.9439870259481038,0.00457763671875
0.94411177644710575,0.004302978515625
0.94423652694610782,0.00335693359375
0.94436127744510978,0.001922607421875
0.94448602794411174,0.000213623046875
0.94461077844311381,-0.001556396484375
0.94473552894211577,-0.003082275390625
0.94486027944111772,-0.004119873046875
0.94498502994011979,-0.004547119140625
0.94510978043912175,-0.004302978515625
0.94523453093812371,-0.003387451171875
0.94535928143712578,-0.001953125
0.94548403193612773,-0.000213623046875
0.94560878243512969,0.00152587890625
0.94573353293413176,0.0030517578125
0.94585828343313372,0.004119873046875
0.94598303393213568,0.004547119140625
0.94610778443113774,0.0042724609375
0.9462325349301397,0.003387451171875
0.94635728542914177,0.001953125
0.94648203592814373,0.000244140625
0.94660678642714569,-0.001495361328125
0.94673153692614775,-0.003021240234375
0.94685628742514971,-0.00408935546875
0.94698103792415167,-0.0045166015625
0.94710578842315374,-0.0042724609375
0.9472305389221557,-0.003387451171875
0.94735528942115765,-0.001983642578125
0.94748003992015972,-0.000274658203125
0.94760479041916168,0.00146484375
0.94772954091816364,0.00299072265625
0.94785429141716571,0.004058837890625
0.94797904191616766,0.004486083984375
0.94810379241516962,0.0042724609375
0.94822854291417169,0.003387451171875
0.94835329341317365,0.00201416015625
0.94847804391217561,0.00030517578125
0.94860279441117767,-0.001434326171875
0.94872754491017963,-0.002960205078125
0.94885229540918159,-0.0040283203125
0.94897704590818366,-0.004486083984375
0.94910179640718562,-0.0042724609375
0.94922654690618757,-0.003387451171875
0.94935129740518964,-0.00201416015625
0.9494760479041916,-0.000335693359375
0.94960079840319356,0.00140380859375
0.94972554890219563,0.0029296875
0.94985029940119758,0.003997802734375
0.94997504990019965,0.00445556640625
0.95009980039920161,0.004241943359375
0.95022455089820357,0.00341796875
0.95034930139720564,0.002044677734375
0.95047405189620759,0.0003662109375
0.95059880239520955,-0.001373291015625
0.95072355289421162,-0.00286865234375
0.95084830339321358,-0.00396728515625
0.95097305389221554,-0.00445556640625
0.9510978043912176,-0.004241943359375
0.95122255489021956,-0.00341796875
0.95134730538922152,-0.002044677734375
0.95147205588822359,-0.000396728515625
0.95159680638722555,0.0013427734375
0.9517215568862275,0.002838134765625
0.95184630738522957,0.003936767578125
0.95197105788423153,0.004425048828125
0.95209580838323349,0.004241943359375
0.95222055888223556,0.00341796875
0.95234530938123751,0.0020751953125
0.95247005988023947,0.00042724609375
0.95259481037924154,-0.001312255859375
0.9527195608782435,-0.0028076171875
0.95284431137724546,-0.00390625
0.95296906187624753,-0.00439453125
0.95309381237524948,-0.004241943359375
0.95321856287425155,-0.00341796875
0.95334331337325351,-0.0020751953125
0.95346806387225547,-0.00042724609375
0.95359281437125754,0.00128173828125
0.95371756487025949,0.002777099609375
0.95384231536926145,0.003875732421875
0.95396706586826352,0.00439453125
0.95409181636726548,0.00421142578125
0.95421656686626743,0.00341796875
0.9543413173652695,0.002105712890625
0.95446606786427146,0.000457763671875
0.95459081836327342,-0.001251220703125
0.95471556886227549,-0.00274658203125
0.95484031936127745,-0.00384521484375
0.9549650698602794,-0.004364013671875
0.95508982035928147,-0.00421142578125
0.95521457085828343,-0.00341796875
0.95533932135728539,-0.002105712890625
0.95546407185628746,-0.00048828125
0.95558882235528941,0.001190185546875
0.95571357285429137,0.002716064453125
0.95583832335329344,0.003814697265625
0.9559630738522954,0.00433349609375
0.95608782435129736,0.00421142578125
0.95621257485029942,0.00341796875
0.95633732534930138,0.00213623046875
0.95646207584830334,0.000518798828125
0.95658682634730541,-0.00115966796875
0.95671157684630737,-0.002685546875
0.95683632734530943,-0.0037841796875
0.95696107784431139,-0.00433349609375
0.95708582834331335,-0.004180908203125
0.95721057884231542,-0.00341796875
0.95733532934131738,-0.00213623046875
0.95746007984031933,-0.00054931640625
0.9575848303393214,0.001129150390625
0.95770958083832336,0.002655029296875
0.95783433133732532,0.003753662109375
0.95795908183632739,0.004302978515625
0.95808383233532934,0.004180908203125
0.9582085828343313,0.00341796875
0.95833333333333337,0.002166748046875
0.95845808383233533,0.000579833984375
0.95858283433133729,-0.0010986328125
0.95870758483033935,-0.00262451171875
0.95883233532934131,-0.00372314453125
0.95895708582834327,-0.0042724609375
0.95908183632734534,-0.004180908203125
0.9592065868263473,-0.003448486328125
0.95933133732534925,-0.002166748046875
0.95945608782435132,-0.000579833984375
0.95958083832335328,0.001068115234375
0.95970558882235524,0.002593994140625
0.95983033932135731,0.003692626953125
0.95995508982035926,0.004241943359375
0.96007984031936133,0.004150390625
0.96020459081836329,0.003448486328125
0.96032934131736525,0.002197265625
0.96045409181636732,0.0006103515625
0.96057884231536927,-0.00103759765625
0.96070359281437123,-0.0025634765625
0.9608283433133733,-0.003662109375
0.96095309381237526,-0.004241943359375
0.96107784431137722,-0.004150390625
0.96120259481037928,-0.003448486328125
0.96132734530938124,-0.002197265625
0.9614520958083832,-0.000640869140625
0.96157684630738527,0.001007080078125
0.96170159680638723,0.002532958984375
0.96182634730538918,0.003662109375
0.96195109780439125,0.00421142578125
0.96207584830339321,0.004150390625
0.96220059880239517,0.003448486328125
0.96232534930139724,0.002227783203125
0.96245009980039919,0.00067138671875
0.96257485029940115,-0.0009765625
0.96269960079840322,-0.00250244140625
0.96282435129740518,-0.003631591796875
0.96294910179640714,-0.004180908203125
0.96307385229540921,-0.004119873046875
0.96319860279441116,-0.003448486328125
0.96332335329341312,-0.002227783203125
0.96344810379241519,-0.000701904296875
0.96357285429141715,0.0009765625
0.96369760479041922,0.002471923828125
0.96382235528942117,0.00360107421875
0.96394710578842313,0.004180908203125
0.9640718562874252,0.004119873046875
0.96419660678642716,0.003448486328125
0.96432135728542911,0.00225830078125
0.96444610778443118,0.000701904296875
0.96457085828343314,-0.000946044921875
0.9646956087824351,-0.00244140625
0.96482035928143717,-0.003570556640625
0.96494510978043913,-0.004150390625
0.96506986027944108,-0.004119873046875
0.96519461077844315,-0.003448486328125
0.96531936127744511,-0.00225830078125
0.96544411177644707,-0.000732421875
0.96556886227544914,0.00091552734375
0.96569361277445109,0.002410888671875
0.96581836327345305,0.0035400390625
0.96594311377245512,0.004119873046875
0.96606786427145708,0.00408935546875
0.96619261477045904,0.003448486328125
0.9663173652694611,0.002288818359375
0.96644211576846306,0.000762939453125
0.96656686626746502,-0.000885009765625
0.96669161676646709,-0.00238037109375
0.96681636726546905,-0.003509521484375
0.966941117764471,-0.004119873046875
0.96706586826347307,-0.00408935546875
0.96719061876247503,-0.003448486328125
0.9673153692614771,-0.002288818359375
0.96744011976047906,-0.00079345703125
0.96756487025948101,0.0008544921875
0.96768962075848308,0.002349853515625
0.96781437125748504,0.00347900390625
0.967939121756487,0.00408935546875
0.96806387225548907,0.00408935546875
0.96818862275449102,0.003448486328125
0.96831337325349298,0.002288818359375
0.96843812375249505,0.00079345703125
0.96856287425149701,-0.000823974609375
0.96868762475049897,-0.0023193359375
0.96881237524950103,-0.003448486328125
0.96893712574850299,-0.004058837890625
0.96906187624750495,-0.004058837890625
0.96918662674650702,-0.003448486328125
0.96931137724550898,-0.0023193359375
0.96943612774451093,-0.000823974609375
0.969560878243513,0.00079345703125
0.96968562874251496,0.002288818359375
0.96981037924151692,0.00341796875
0.96993512974051899,0.004058837890625
0.97005988023952094,0.004058837890625
0.9701846307385229,0.003448486328125
0.97030938123752497,0.0023193359375
0.97043413173652693,0.0008544921875
0.970558882235529,-0.000762939453125
0.97068363273453095,-0.00225830078125
0.97080838323353291,-0.003387451171875
0.97093313373253498,-0.0040283203125
0.97105788423153694,-0.004058837890625
0.9711826347305389,-0.003448486328125
0.97130738522954096,-0.002349853515625
0.97143213572854292,-0.0008544921875
0.97155688622754488,0.000732421875
0.97168163672654695,0.002227783203125
0.97180638722554891,0.00335693359375
0.97193113772455086,0.003997802734375
0.97205588822355293,0.0040283203125
0.97218063872255489,0.003448486328125
0.97230538922155685,0.002349853515625
0.97243013972055892,0.000885009765625
0.97255489021956087,-0.000701904296875
0.97267964071856283,-0.002197265625
0.9728043912175649,-0.003326416015625
0.97292914171656686,-0.00396728515625
0.97305389221556882,-0.0040283203125
0.97317864271457089,-0.003448486328125
0.97330339321357284,-0.002349853515625
0.9734281437125748,-0.00091552734375
0.97355289421157687,0.00067138671875
0.97367764471057883,0.002166748046875
0.97380239520958078,0.0032958984375
0.97392714570858285,0.00396728515625
0.97405189620758481,0.003997802734375
0.97417664670658688,0.003448486328125
0.97430139720558884,0.00238037109375
0.97442614770459079,0.000946044921875
0.97455089820359286,-0.000640869140625
0.97467564870259482,-0.00213623046875
0.97480039920159678,-0.0032958984375
0.97492514970059885,-0.003936767578125
0.97504990019960081,-0.003997802734375
0.97517465069860276,-0.003448486328125
0.97529940119760483,-0.00238037109375
0.97542415169660679,-0.000946044921875
0.97554890219560875,0.0006103515625
0.97567365269461082,0.002105712890625
0.97579840319361277,0.003265380859375
0.97592315369261473,0.00390625
0.9760479041916168,0.003997802734375
0.97617265469061876,0.003448486328125
0.97629740518962072,0.00238037109375
0.97642215568862278,0.0009765625
0.97654690618762474,-0.000579833984375
0.9766716566866267,-0.0020751953125
0.97679640718562877,-0.00323486328125
0.97692115768463073,-0.00390625
0.97704590818363268,-0.00396728515625
0.97717065868263475,-0.003448486328125
0.97729540918163671,-0.002410888671875
0.97742015968063867,-0.001007080078125
0.97754491017964074,0.00054931640625
0.97766966067864269,0.002044677734375
0.97779441117764476,0.003204345703125
0.97791916167664672,0.003875732421875
0.97804391217564868,0.00396728515625
0.97816866267465075,0.003448486328125
0.9782934131736527,0.002410888671875
0.97841816367265466,0.001007080078125
0.97854291417165673,-0.00054931640625
0.97866766467065869,-0.00201416015625
0.97879241516966065,-0.003173828125
0.97891716566866271,-0.00384521484375
0.97904191616766467,-0.003936767578125
0.97916666666666663,-0.003448486328125
0.9792914171656687,-0.002410888671875
0.97941616766467066,-0.00103759765625
0.97954091816367261,0.000518798828125
0.97966566866267468,0.001983642578125
0.97979041916167664,0.003143310546875
0.9799151696606786,0.003814697265625
0.98003992015968067,0.003936767578125
0.98016467065868262,0.003448486328125
0.98028942115768458,0.00244140625
0.98041417165668665,0.001068115234375
0.98053892215568861,-0.00048828125
0.98066367265469057,-0.001953125
0.98078842315369263,-0.00311279296875
0.98091317365269459,-0.003814697265625
0.98103792415169666,-0.003936767578125
0.98116267465069862,-0.003448486328125
0.98128742514970058,-0.00244140625
0.98141217564870264,-0.001068115234375
0.9815369261477046,0.000457763671875
0.98166167664670656,0.001922607421875
0.98178642714570863,0.003082275390625
0.98191117764471059,0.0037841796875
0.98203592814371254,0.00390625
0.98216067864271461,0.003448486328125
0.98228542914171657,0.00244140625
0.98241017964071853,0.0010986328125
0.9825349301397206,-0.00042724609375
0.98265968063872255,-0.00189208984375
0.98278443113772451,-0.0030517578125
0.98290918163672658,-0.003753662109375
0.98303393213572854,-0.00390625
0.9831586826347305,-0.003448486328125
0.98328343313373257,-0.002471923828125
0.98340818363273452,-0.0010986328125
0.98353293413173648,0.000396728515625
0.98365768463073855,0.001861572265625
0.98378243512974051,0.003021240234375
0.98390718562874246,0.003753662109375
0.98403193612774453,0.003875732421875
0.98415668662674649,0.003448486328125
0.98428143712574845,0.002471923828125
0.98440618762475052,0.001129150390625
0.98453093812375247,-0.0003662109375
0.98465568862275454,-0.0018310546875
0.9847804391217565,-0.00299072265625
0.98490518962075846,-0.00372314453125
0.98502994011976053,-0.003875732421875
0.98515469061876249,-0.003448486328125
0.98527944111776444,-0.002471923828125
0.98540419161676651,-0.00115966796875
0.98552894211576847,0.0003662109375
0.98565369261477043,0.001800537109375
0.9857784431137725,0.00299072265625
0.98590319361277445,0.003692626953125
0.98602794411177641,0.00384521484375
0.98615269461077848,0.003448486328125
0.98627744510978044,0.00250244140625
0.9864021956087824,0.00115966796875
0.98652694610778446,-0.000335693359375
0.98665169660678642,-0.00177001953125
0.98677644710578838,-0.002960205078125
0.98690119760479045,-0.003662109375
0.98702594810379241,-0.00384521484375
0.98715069860279436,-0.00341796875
0.98727544910179643,-0.00250244140625
0.98740019960079839,-0.001190185546875
0.98752495009980035,0.00030517578125
0.98764970059880242,0.001739501953125
0.98777445109780437,0.0029296875
0.98789920159680644,0.003662109375
0.9880239520958084,0.00384521484375
0.98814870259481036,0.00341796875
0.98827345309381243,0.00250244140625
0.98839820359281438,0.001220703125
0.98852295409181634,-0.000274658203125
0.98864770459081841,-0.001708984375
0.98877245508982037,-0.002899169921875
0.98889720558882233,-0.003631591796875
0.98902195608782439,-0.003814697265625
0.98914670658682635,-0.00341796875
0.98927145708582831,-0.00250244140625
0.98939620758483038,-0.001220703125
0.98952095808383234,0.000244140625
0.98964570858283429,0.001678466796875
0.98977045908183636,0.00286865234375
0.98989520958083832,0.00360107421875
0.99001996007984028,0.003814697265625
0.99014471057884235,0.00341796875
0.9902694610778443,0.002532958984375
0.99039421157684626,0.001251220703125
0.99051896207584833,-0.000213623046875
0.99064371257485029,-0.00164794921875
0.99076846307385225,-0.002838134765625
0.99089321357285431,-0.00360107421875
0.99101796407185627,-0.0037841796875
0.99114271457085823,-0.00341796875
0.9912674650698603,-0.002532958984375
0.99139221556886226,-0.001251220703125
0.99151696606786432,0.000213623046875
0.99164171656686628,0.001617431640625
0.99176646706586824,0.0028076171875
0.99189121756487031,0.003570556640625
0.99201596806387227,0.0037841796875
0.99214071856287422,0.00341796875
0.99226546906187629,0.002532958984375
0.99239021956087825,0.00128173828125
0.99251497005988021,-0.00018310546875
0.99263972055888228,-0.001617431640625
0.99276447105788423,-0.002777099609375
0.99288922155688619,-0.0035400390625
0.99301397205588826,-0.003753662109375
0.99313872255489022,-0.00341796875
0.99326347305389218,-0.002532958984375
0.99338822355289425,-0.00128173828125
0.9935129740518962,0.000152587890625
0.99363772455089816,0.0015869140625
0.99376247504990023,0.00274658203125
0.99388722554890219,0.003509521484375
0.99401197604790414,0.003753662109375
0.99413672654690621,0.00341796875
0.99426147704590817,0.0025634765625
0.99438622754491013,0.001312255859375
0.9945109780439122,-0.0001220703125
0.99463572854291415,-0.001556396484375
0.99476047904191611,-0.002716064453125
0.99488522954091818,-0.003509521484375
0.99500998003992014,-0.00372314453125
0.99513473053892221,-0.00341796875
0.99525948103792417,-0.0025634765625
0.99538423153692612,-0.001312255859375
0.99550898203592819,9.1552734375e-05
0.99563373253493015,0.00152587890625
0.99575848303393211,0.002716064453125
0.99588323353293418,0.00347900390625
0.99600798403193613,0.00372314453125
0.99613273453093809,0.003387451171875
0.99625748502994016,0.0025634765625
0.99638223552894212,0.0013427734375
0.99650698602794407,-9.1552734375e-05
0.99663173652694614,-0.001495361328125
0.9967564870259481,-0.002685546875
0.99688123752495006,-0.003448486328125
0.99700598802395213,-0.003692626953125
0.99713073852295409,-0.003387451171875
0.99725548902195604,-0.0025634765625
0.99738023952095811,-0.001373291015625
0.99750499001996007,6.103515625e-05
0.99762974051896203,0.00146484375
0.9977544910179641,0.002655029296875
0.99787924151696605,0.00341796875
0.99800399201596801,0.003692626953125
0.99812874251497008,0.003387451171875
0.99825349301397204,0.002593994140625
0.99837824351297411,0.001373291015625
0.99850299401197606,-3.0517578125e-05
0.99862774451097802,-0.001434326171875
0.99875249500998009,-0.00262451171875
0.99887724550898205,-0.00341796875
0.99900199600798401,-0.003692626953125
0.99912674650698607,-0.003387451171875
0.99925149700598803,-0.002593994140625
0.99937624750498999,-0.00140380859375
0.99950099800399206,0
0.99962574850299402,0.00140380859375
0.99975049900199597,0.002593994140625
0.99987524950099804,0.003387451171875
1,0.003662109375
1.0001247504990021,0.003387451171875
1.0002495009980039,0.002593994140625
1.000374251497006,0.00140380859375
1.0004990019960081,0
1.0006237524950099,-0.001373291015625
1.000748502994012,-0.0025634765625
1.000873253493014,-0.00335693359375
1.0009980039920159,-0.003662109375
1.001122754491018,-0.003387451171875
1.00124750499002,-0.002593994140625
1.0013722554890219,-0.001434326171875
1.0014970059880239,-3.0517578125e-05
1.001621756487026,0.001373291015625
1.0017465069860279,0.002532958984375
1.0018712574850299,0.00335693359375
1.001996007984032,0.003631591796875
1.0021207584830338,0.003387451171875
1.0022455089820359,0.002593994140625
1.002370259481038,0.001434326171875
1.0024950099800398,6.103515625e-05
1.0026197604790419,-0.0013427734375
1.002744510978044,-0.00250244140625
1.0028692614770458,-0.003326416015625
1.0029940119760479,-0.003631591796875
1.0031187624750499,-0.00335693359375
1.0032435129740518,-0.002593994140625
1.0033682634730539,-0.00146484375
1.0034930139720559,-9.1552734375e-05
1.003617764471058,0.001312255859375
1.0037425149700598,0.00250244140625
1.0038672654690619,0.0032958984375
1.003992015968064,0.00360107421875
1.0041167664670658,0.00335693359375
1.0042415169660679,0.00262451171875
1.00436626746507,0.00146484375
1.0044910179640718,9.1552734375e-05
1.0046157684630739,-0.00128173828125
1.0047405189620759,-0.002471923828125
1.0048652694610778,-0.003265380859375
1.0049900199600799,-0.00360107421875
1.0051147704590819,-0.00335693359375
1.0052395209580838,-0.00262451171875
1.0053642714570858,-0.001495361328125
1.0054890219560879,-0.0001220703125
1.0056137724550898,0.001251220703125
1.0057385229540918,0.00244140625
1.0058632734530939,0.003265380859375
1.0059880239520957,0.003570556640625
1.0061127744510978,0.00335693359375
1.0062375249500999,0.00262451171875
1.0063622754491017,0.001495361328125
1.0064870259481038,0.000152587890625
1.0066117764471059,-0.001220703125
1.0067365269461077,-0.002410888671875
1.0068612774451098,-0.00323486328125
1.0069860279441119,-0.003570556640625
1.0071107784431137,-0.00335693359375
1.0072355289421158,-0.00262451171875
1.0073602794411178,-0.00152587890625
1.0074850299401197,-0.000152587890625
1.0076097804391217,0.001190185546875
1.0077345309381238,0.00238037109375
1.0078592814371257,0.003204345703125
1.0079840319361277,0.0035400390625
1.0081087824351298,0.003326416015625
1.0082335329341316,0.00262451171875
1.0083582834331337,0.00152587890625
1.0084830339321358,0.00018310546875
1.0086077844311376,-0.001190185546875
1.0087325349301397,-0.002349853515625
1.0088572854291418,-0.003173828125
1.0089820359281436,-0.0035400390625
1.0091067864271457,-0.003326416015625
1.0092315369261478,-0.00262451171875
1.0093562874251496,-0.00152587890625
1.0094810379241517,-0.000213623046875
1.0096057884231537,0.00115966796875
1.0097305389221556,0.0023193359375
1.0098552894211577,0.003173828125
1.0099800399201597,0.003509521484375
1.0101047904191616,0.003326416015625
1.0102295409181636,0.002655029296875
1.0103542914171657,0.001556396484375
1.0104790419161678,0.000244140625
1.0106037924151696,-0.001129150390625
1.0107285429141717,-0.0023193359375
1.0108532934131738,-0.003143310546875
1.0109780439121756,-0.003509521484375
1.0111027944111777,-0.003326416015625
1.0112275449101797,-0.002655029296875
1.0113522954091816,-0.001556396484375
1.0114770459081837,-0.000244140625
1.0116017964071857,0.0010986328125
1.0117265469061876,0.002288818359375
1.0118512974051896,0.00311279296875
1.0119760479041917,0.00347900390625
1.0121007984031936,0.003326416015625
1.0122255489021956,0.002655029296875
1.0123502994011977,0.0015869140625
1.0124750499001995,0.000274658203125
1.0125998003992016,-0.001068115234375
1.0127245508982037,-0.00225830078125
1.0128493013972055,-0.003082275390625
1.0129740518962076,-0.00347900390625
1.0130988023952097,-0.0032958984375
1.0132235528942115,-0.002655029296875
1.0133483033932136,-0.0015869140625
1.0134730538922156,-0.00030517578125
1.0135978043912175,0.00103759765625
1.0137225548902196,0.002227783203125
1.0138473053892216,0.003082275390625
1.0139720558882235,0.003448486328125
1.0140968063872255,0.0032958984375
1.0142215568862276,0.002655029296875
1.0143463073852295,0.001617431640625
1.0144710578842315,0.00030517578125
1.0145958083832336,-0.00103759765625
1.0147205588822354,-0.002197265625
1.0148453093812375,-0.0030517578125
1.0149700598802396,-0.003448486328125
1.0150948103792414,-0.0032958984375
1.0152195608782435,-0.002655029296875
1.0153443113772456,-0.001617431640625
1.0154690618762474,-0.000335693359375
1.0155938123752495,0.001007080078125
1.0157185628742516,0.002166748046875
1.0158433133732534,0.003021240234375
1.0159680638722555,0.00341796875
1.0160928143712575,0.0032958984375
1.0162175648702594,0.002655029296875
1.0163423153692615,0.001617431640625
1.0164670658682635,0.0003662109375
1.0165918163672654,-0.0009765625
1.0167165668662674,-0.002166748046875
1.0168413173652695,-0.003021240234375
1.0169660678642714,-0.00341796875
1.0170908183632734,-0.0032958984375
1.0172155688622755,-0.002655029296875
1.0173403193612773,-0.00164794921875
1.0174650698602794,-0.0003662109375
1.0175898203592815,0.000946044921875
1.0177145708582835,0.00213623046875
1.0178393213572854,0.00299072265625
1.0179640718562875,0.003387451171875
1.0180888223552895,0.003265380859375
1.0182135728542914,0.002655029296875
1.0183383233532934,0.00164794921875
1.0184630738522955,0.000396728515625
1.0185878243512974,-0.00091552734375
1.0187125748502994,-0.002105712890625
1.0188373253493015,-0.002960205078125
1.0189620758483033,-0.00335693359375
1.0190868263473054,-0.003265380859375
1.0192115768463075,-0.002655029296875
1.0193363273453093,-0.001678466796875
1.0194610778443114,-0.00042724609375
1.0195858283433135,0.00091552734375
1.0197105788423153,0.0020751953125
1.0198353293413174,0.0029296875
1.0199600798403194,0.00335693359375
1.0200848303393213,0.003265380859375
1.0202095808383234,0.002685546875
1.0203343313373254,0.001678466796875
1.0204590818363273,0.00042724609375
1.0205838323353293,-0.000885009765625
1.0207085828343314,-0.002044677734375
1.0208333333333333,-0.0029296875
1.0209580838323353,-0.003326416015625
1.0210828343313374,-0.003265380859375
1.0212075848303392,-0.002685546875
1.0213323353293413,-0.001678466796875
1.0214570858283434,-0.000457763671875
1.0215818363273452,0.0008544921875
1.0217065868263473,0.002044677734375
1.0218313373253494,0.002899169921875
1.0219560878243512,0.003326416015625
1.0220808383233533,0.00323486328125
1.0222055888223553,0.002685546875
1.0223303393213572,0.001708984375
1.0224550898203593,0.000457763671875
1.0225798403193613,-0.000823974609375
1.0227045908183632,-0.00201416015625
1.0228293413173652,-0.00286865234375
1.0229540918163673,-0.0032958984375
1.0230788423153692,-0.00323486328125
1.0232035928143712,-0.002685546875
1.0233283433133733,-0.001708984375
1.0234530938123751,-0.00048828125
1.0235778443113772,0.00079345703125
1.0237025948103793,0.001983642578125
1.0238273453093811,0.002838134765625
1.0239520958083832,0.0032958984375
1.0240768463073853,0.00323486328125
1.0242015968063871,0.002685546875
1.0243263473053892,0.001739501953125
1.0244510978043913,0.000518798828125
1.0245758483033933,-0.00079345703125
1.0247005988023952,-0.001953125
1.0248253493013972,-0.002838134765625
1.0249500998003993,-0.003265380859375
1.0250748502994012,-0.00323486328125
1.0251996007984032,-0.002685546875
1.0253243512974053,-0.001739501953125
1.0254491017964071,-0.000518798828125
1.0255738522954092,0.000762939453125
1.0256986027944113,0.001922607421875
1.0258233532934131,0.0028076171875
1.0259481037924152,0.003265380859375
1.0260728542914173,0.003204345703125
1.0261976047904191,0.002685546875
1.0263223552894212,0.001739501953125
1.0264471057884232,0.00054931640625
1.0265718562874251,-0.000732421875
1.0266966067864272,-0.00189208984375
1.0268213572854292,-0.002777099609375
1.0269461077844311,-0.00323486328125
1.0270708582834331,-0.003204345703125
1.0271956087824352,-0.002685546875
1.0273203592814371,-0.00177001953125
1.0274451097804391,-0.00054931640625
1.0275698602794412,0.000701904296875
1.027694610778443,0.00189208984375
1.0278193612774451,0.002777099609375
1.0279441117764472,0.00323486328125
1.028068862275449,0.003204345703125
1.0281936127744511,0.002685546875
1.0283183632734532,0.00177001953125
1.028443113772455,0.000579833984375
1.0285678642714571,-0.000701904296875
1.0286926147704591,-0.001861572265625
1.028817365269461,-0.00274658203125
1.0289421157684631,-0.003204345703125
1.0290668662674651,-0.003204345703125
1.029191616766467,-0.002685546875
1.029316367265469,-0.00177001953125
1.0294411177644711,-0.0006103515625
1.029565868263473,0.00067138671875
1.029690618762475,0.0018310546875
1.0298153692614771,0.002716064453125
1.0299401197604789,0.003204345703125
1.030064870259481,0.003173828125
1.0301896207584831,0.002685546875
1.0303143712574849,0.001800537109375
1.030439121756487,0.0006103515625
1.0305638722554891,-0.000640869140625
1.0306886227544909,-0.001800537109375
1.030813373253493,-0.002685546875
1.0309381237524951,-0.003173828125
1.0310628742514969,-0.003173828125
1.031187624750499,-0.002685546875
1.031312375249501,-0.001800537109375
1.0314371257485031,-0.000640869140625
1.0315618762475049,0.0006103515625
1.031686626746507,0.001800537109375
1.0318113772455091,0.002685546875
1.0319361277445109,0.003173828125
1.032060878243513,0.003173828125
1.0321856287425151,0.002685546875
1.0323103792415169,0.001800537109375
1.032435129740519,0.000640869140625
1.0325598802395211,-0.0006103515625
1.0326846307385229,-0.00177001953125
1.032809381237525,-0.002655029296875
1.032934131736527,-0.003143310546875
1.0330588822355289,-0.003143310546875
1.033183632734531,-0.002685546875
1.033308383233533,-0.001800537109375
1.0334331337325349,-0.00067138671875
1.0335578842315369,0.000579833984375
1.033682634730539,0.001739501953125
1.0338073852295409,0.00262451171875
1.0339321357285429,0.00311279296875
1.034056886227545,0.003143310546875
1.0341816367265468,0.002685546875
1.0343063872255489,0.0018310546875
1.034431137724551,0.00067138671875
1.0345558882235528,-0.00054931640625
1.0346806387225549,-0.001708984375
1.034805389221557,-0.00262451171875
1.0349301397205588,-0.00311279296875
1.0350548902195609,-0.003143310546875
1.0351796407185629,-0.002685546875
1.0353043912175648,-0.0018310546875
1.0354291417165669,-0.000701904296875
1.0355538922155689,0.00054931640625
1.0356786427145708,0.001678466796875
1.0358033932135728,0.002593994140625
1.0359281437125749,0.003082275390625
1.0360528942115768,0.00311279296875
1.0361776447105788,0.002685546875
1.0363023952095809,0.0018310546875
1.0364271457085827,0.000732421875
1.0365518962075848,-0.000518798828125
1.0366766467065869,-0.001678466796875
1.0368013972055887,-0.0025634765625
1.0369261477045908,-0.003082275390625
1.0370508982035929,-0.00311279296875
1.0371756487025947,-0.002685546875
1.0373003992015968,-0.001861572265625
1.0374251497005988,-0.000732421875
1.0375499001996007,0.00048828125
1.0376746506986028,0.00164794921875
1.0377994011976048,0.002532958984375
1.0379241516966067,0.0030517578125
1.0380489021956087,0.00311279296875
1.0381736526946108,0.002685546875
1.0382984031936129,0.001861572265625
1.0384231536926147,0.000762939453125
1.0385479041916168,-0.000457763671875
1.0386726546906189,-0.001617431640625
1.0387974051896207,-0.002532958984375
1.0389221556886228,-0.0030517578125
1.0390469061876249,-0.00311279296875
1.0391716566866267,-0.002685546875
1.0392964071856288,-0.001861572265625
1.0394211576846308,-0.000762939453125
1.0395459081836327,0.000457763671875
1.0396706586826348,0.0015869140625
1.0397954091816368,0.00250244140625
1.0399201596806387,0.003021240234375
1.0400449101796407,0.003082275390625
1.0401696606786428,0.002685546875
1.0402944111776447,0.001861572265625
1.0404191616766467,0.00079345703125
1.0405439121756488,-0.00042724609375
1.0406686626746506,-0.0015869140625
1.0407934131736527,-0.002471923828125
1.0409181636726548,-0.003021240234375
1.0410429141716566,-0.003082275390625
1.0411676646706587,-0.002685546875
1.0412924151696608,-0.00189208984375
1.0414171656686626,-0.00079345703125
1.0415419161676647,0.000396728515625
1.0416666666666667,0.001556396484375
1.0417914171656686,0.002471923828125
1.0419161676646707,0.00299072265625
1.0420409181636727,0.003082275390625
1.0421656686626746,0.002685546875
1.0422904191616766,0.00189208984375
1.0424151696606787,0.000823974609375
1.0425399201596806,-0.000396728515625
1.0426646706586826,-0.00152587890625
1.0427894211576847,-0.00244140625
1.0429141716566865,-0.002960205078125
1.0430389221556886,-0.0030517578125
1.0431636726546907,-0.002685546875
1.0432884231536925,-0.00189208984375
1.0434131736526946,-0.000823974609375
1.0435379241516967,0.0003662109375
1.0436626746506985,0.001495361328125
1.0437874251497006,0.002410888671875
1.0439121756487026,0.002960205078125
1.0440369261477045,0.0030517578125
1.0441616766467066,0.002685546875
1.0442864271457086,0.001922607421875
1.0444111776447105,0.0008544921875
1.0445359281437125,-0.000335693359375
1.0446606786427146,-0.001495361328125
1.0447854291417165,-0.00238037109375
1.0449101796407185,-0.0029296875
1.0450349301397206,-0.0030517578125
1.0451596806387227,-0.002685546875
1.0452844311377245,-0.001922607421875
1.0454091816367266,-0.0008544921875
1.0455339321357286,0.000335693359375
1.0456586826347305,0.00146484375
1.0457834331337326,0.00238037109375
1.0459081836327346,0.0029296875
1.0460329341317365,0.003021240234375
1.0461576846307385,0.002685546875
1.0462824351297406,0.001922607421875
1.0464071856287425,0.000885009765625
1.0465319361277445,-0.00030517578125
1.0466566866267466,-0.001434326171875
1.0467814371257484,-0.002349853515625
1.0469061876247505,-0.002899169921875
1.0470309381237526,-0.003021240234375
1.0471556886227544,-0.002685546875
1.0472804391217565,-0.001922607421875
1.0474051896207586,-0.000885009765625
1.0475299401197604,0.000274658203125
1.0476546906187625,0.00140380859375
1.0477794411177646,0.0023193359375
1.0479041916167664,0.002899169921875
1.0480289421157685,0.003021240234375
1.0481536926147705,0.002685546875
1.0482784431137724,0.001922607421875
1.0484031936127745,0.00091552734375
1.0485279441117765,-0.000274658203125
1.0486526946107784,-0.00140380859375
1.0487774451097804,-0.0023193359375
1.0489021956087825,-0.00286865234375
1.0490269461077844,-0.00299072265625
1.0491516966067864,-0.002685546875
1.0492764471057885,-0.001953125
1.0494011976047903,-0.00091552734375
1.0495259481037924,0.000244140625
1.0496506986027945,0.001373291015625
1.0497754491017963,0.002288818359375
1.0499001996007984,0.00286865234375
1.0500249500998005,0.00299072265625
1.0501497005988023,0.002685546875
1.0502744510978044,0.001953125
1.0503992015968064,0.000946044921875
1.0505239520958083,-0.000213623046875
1.0506487025948104,-0.0013427734375
1.0507734530938124,-0.00225830078125
1.0508982035928143,-0.002838134765625
1.0510229540918163,-0.00299072265625
1.0511477045908184,-0.002655029296875
1.0512724550898203,-0.001953125
1.0513972055888223,-0.000946044921875
1.0515219560878244,0.000213623046875
1.0516467065868262,0.001312255859375
1.0517714570858283,0.002227783203125
1.0518962075848304,0.0028076171875
1.0520209580838322,0.002960205078125
1.0521457085828343,0.002655029296875
1.0522704590818364,0.001953125
1.0523952095808384,0.000946044921875
1.0525199600798403,-0.00018310546875
1.0526447105788423,-0.001312255859375
1.0527694610778444,-0.002227783203125
1.0528942115768463,-0.0028076171875
1.0530189620758483,-0.002960205078125
1.0531437125748504,-0.002655029296875
1.0532684630738522,-0.001953125
1.0533932135728543,-0.0009765625
1.0535179640718564,0.000152587890625
1.0536427145708582,0.00128173828125
1.0537674650698603,0.002197265625
1.0538922155688624,0.002777099609375
1.0540169660678642,0.002960205078125
1.0541417165668663,0.002655029296875
1.0542664670658684,0.001983642578125
1.0543912175648702,0.0009765625
1.0545159680638723,-0.000152587890625
1.0546407185628743,-0.001251220703125
1.0547654690618762,-0.002166748046875
1.0548902195608783,-0.002777099609375
1.0550149700598803,-0.0029296875
1.0551397205588822,-0.002655029296875
1.0552644710578842,-0.001983642578125
1.0553892215568863,-0.001007080078125
1.0555139720558881,0.0001220703125
1.0556387225548902,0.001251220703125
1.0557634730538923,0.002166748046875
1.0558882235528941,0.00274658203125
1.0560129740518962,0.0029296875
1.0561377245508983,0.002655029296875
1.0562624750499001,0.001983642578125
1.0563872255489022,0.001007080078125
1.0565119760479043,-0.0001220703125
1.0566367265469061,-0.001220703125
1.0567614770459082,-0.00213623046875
1.0568862275449102,-0.00274658203125
1.0570109780439121,-0.0029296875
1.0571357285429142,-0.002655029296875
1.0572604790419162,-0.001983642578125
1.0573852295409181,-0.00103759765625
1.0575099800399201,9.1552734375e-05
1.0576347305389222,0.001190185546875
1.0577594810379241,0.002105712890625
1.0578842315369261,0.002716064453125
1.0580089820359282,0.002899169921875
1.05813373253493,0.002655029296875
1.0582584830339321,0.001983642578125
1.0583832335329342,0.00103759765625
1.058507984031936,-6.103515625e-05
1.0586327345309381,-0.00115966796875
1.0587574850299402,-0.002105712890625
1.058882235528942,-0.002685546875
1.0590069860279441,-0.002899169921875
1.0591317365269461,-0.002655029296875
1.0592564870259482,-0.00201416015625
1.0593812375249501,-0.001068115234375
1.0595059880239521,6.103515625e-05
1.0596307385229542,0.00115966796875
1.059755489021956,0.0020751953125
1.0598802395209581,0.002685546875
1.0600049900199602,0.00286865234375
1.060129740518962,0.002655029296875
1.0602544910179641,0.00201416015625
1.0603792415169662,0.001068115234375
1.060503992015968,-3.0517578125e-05
1.0606287425149701,-0.001129150390625
1.0607534930139721,-0.002044677734375
1.060878243512974,-0.002655029296875
1.0610029940119761,-0.00286865234375
1.0611277445109781,-0.002655029296875
1.06125249500998,-0.00201416015625
1.061377245508982,-0.001068115234375
1.0615019960079841,3.0517578125e-05
1.061626746506986,0.0010986328125
1.061751497005988,0.002044677734375
1.0618762475049901,0.002655029296875
1.0620009980039919,0.00286865234375
1.062125748502994,0.00262451171875
1.0622504990019961,0.00201416015625
1.0623752495009979,0.0010986328125
1.0625,0
1.0626247504990021,-0.0010986328125
1.0627495009980039,-0.00201416015625
1.062874251497006,-0.00262451171875
1.0629990019960081,-0.002838134765625
1.0631237524950099,-0.00262451171875
1.063248502994012,-0.00201416015625
1.063373253493014,-0.0010986328125
1.0634980039920159,-3.0517578125e-05
1.063622754491018,0.001068115234375
1.06374750499002,0.001983642578125
1.0638722554890219,0.00262451171875
1.0639970059880239,0.002838134765625
1.064121756487026,0.00262451171875
1.0642465069860279,0.00201416015625
1.0643712574850299,0.001129150390625
1.064496007984032,3.0517578125e-05
1.0646207584830338,-0.00103759765625
1.0647455089820359,-0.001983642578125
1.064870259481038,-0.002593994140625
1.0649950099800398,-0.002838134765625
1.0651197604790419,-0.00262451171875
1.065244510978044,-0.00201416015625
1.0653692614770458,-0.001129150390625
1.0654940119760479,-6.103515625e-05
1.0656187624750499,0.00103759765625
1.0657435129740518,0.001953125
1.0658682634730539,0.0025634765625
1.0659930139720559,0.0028076171875
1.066117764471058,0.00262451171875
1.0662425149700598,0.002044677734375
1.0663672654690619,0.001129150390625
1.066492015968064,6.103515625e-05
1.0666167664670658,-0.001007080078125
1.0667415169660679,-0.001922607421875
1.06686626746507,-0.0025634765625
1.0669910179640718,-0.0028076171875
1.0671157684630739,-0.00262451171875
1.0672405189620759,-0.002044677734375
1.0673652694610778,-0.00115966796875
1.0674900199600799,-9.1552734375e-05
1.0676147704590819,0.0009765625
1.0677395209580838,0.001922607421875
1.0678642714570858,0.002532958984375
1.0679890219560879,0.002777099609375
1.0681137724550898,0.00262451171875
1.0682385229540918,0.002044677734375
1.0683632734530939,0.00115966796875
1.0684880239520957,9.1552734375e-05
1.0686127744510978,-0.0009765625
1.0687375249500999,-0.00189208984375
1.0688622754491017,-0.002532958984375
1.0689870259481038,-0.002777099609375
1.0691117764471059,-0.002593994140625
1.0692365269461077,-0.002044677734375
1.0693612774451098,-0.00115966796875
1.0694860279441119,-0.0001220703125
1.0696107784431137,0.000946044921875
1.0697355289421158,0.001861572265625
1.0698602794411178,0.00250244140625
1.0699850299401197,0.002777099609375
1.0701097804391217,0.002593994140625
1.0702345309381238,0.002044677734375
1.0703592814371257,0.001190185546875
1.0704840319361277,0.000152587890625
1.0706087824351298,-0.00091552734375
1.0707335329341316,-0.001861572265625
1.0708582834331337,-0.00250244140625
1.0709830339321358,-0.00274658203125
1.0711077844311376,-0.002593994140625
1.0712325349301397,-0.002044677734375
1.0713572854291418,-0.001190185546875
1.0714820359281436,-0.000152587890625
1.0716067864271457,0.00091552734375
1.0717315369261478,0.0018310546875
1.0718562874251496,0.002471923828125
1.0719810379241517,0.00274658203125
1.0721057884231537,0.002593994140625
1.0722305389221556,0.002044677734375
1.0723552894211577,0.001190185546875
1.0724800399201597,0.00018310546875
1.0726047904191616,-0.000885009765625
1.0727295409181636,-0.001800537109375
1.0728542914171657,-0.00244140625
1.0729790419161678,-0.002716064453125
1.0731037924151696,-0.002593994140625
1.0732285429141717,-0.002044677734375
1.0733532934131738,-0.001220703125
1.0734780439121756,-0.00018310546875
1.0736027944111777,0.0008544921875
1.0737275449101797,0.001800537109375
1.0738522954091816,0.00244140625
1.0739770459081837,0.002716064453125
1.0741017964071857,0.002593994140625
1.0742265469061876,0.0020751953125
1.0743512974051896,0.001220703125
1.0744760479041917,0.000213623046875
1.0746007984031936,-0.0008544921875
1.0747255489021956,-0.00177001953125
1.0748502994011977,-0.002410888671875
1.0749750499001995,-0.002716064453125
1.0750998003992016,-0.002593994140625
1.0752245508982037,-0.0020751953125
1.0753493013972055,-0.001220703125
1.0754740518962076,-0.000213623046875
1.0755988023952097,0.000823974609375
1.0757235528942115,0.001739501953125
1.0758483033932136,0.002410888671875
1.0759730538922156,0.002685546875
1.0760978043912175,0.0025634765625
1.0762225548902196,0.0020751953125
1.0763473053892216,0.001251220703125
1.0764720558882235,0.000244140625
1.0765968063872255,-0.00079345703125
1.0767215568862276,-0.001739501953125
1.0768463073852295,-0.00238037109375
1.0769710578842315,-0.002685546875
1.0770958083832336,-0.0025634765625
1.0772205588822354,-0.0020751953125
1.0773453093812375,-0.001251220703125
1.0774700598802396,-0.000244140625
1.0775948103792414,0.00079345703125
1.0777195608782435,0.001708984375
1.0778443113772456,0.00238037109375
1.0779690618762474,0.002655029296875
1.0780938123752495,0.0025634765625
1.0782185628742516,0.0020751953125
1.0783433133732534,0.001251220703125
1.0784680638722555,0.000274658203125
1.0785928143712575,-0.000762939453125
1.0787175648702594,-0.001678466796875
1.0788423153692615,-0.002349853515625
1.0789670658682635,-0.002655029296875
1.0790918163672654,-0.0025634765625
1.0792165668662674,-0.0020751953125
1.0793413173652695,-0.00128173828125
1.0794660678642714,-0.000274658203125
1.0795908183632734,0.000762939453125
1.0797155688622755,0.001678466796875
1.0798403193612773,0.0023193359375
1.0799650698602794,0.002655029296875
1.0800898203592815,0.0025634765625
1.0802145708582835,0.0020751953125
1.0803393213572854,0.00128173828125
1.0804640718562875,0.00030517578125
1.0805888223552895,-0.000732421875
1.0807135728542914,-0.00164794921875
1.0808383233532934,-0.0023193359375
1.0809630738522955,-0.00262451171875
1.0810878243512974,-0.0025634765625
1.0812125748502994,-0.0020751953125
1.0813373253493015,-0.00128173828125
1.0814620758483033,-0.00030517578125
1.0815868263473054,0.000701904296875
1.0817115768463075,0.001617431640625
1.0818363273453093,0.002288818359375
1.0819610778443114,0.00262451171875
1.0820858283433135,0.002532958984375
1.0822105788423153,0.0020751953125
1.0823353293413174,0.001312255859375
1.0824600798403194,0.000335693359375
1.0825848303393213,-0.000701904296875
1.0827095808383234,-0.001617431640625
1.0828343313373254,-0.002288818359375
1.0829590818363273,-0.002593994140625
1.0830838323353293,-0.002532958984375
1.0832085828343314,-0.0020751953125
1.0833333333333333,-0.001312255859375
1.0834580838323353,-0.000335693359375
1.0835828343313374,0.00067138671875
1.0837075848303392,0.0015869140625
1.0838323353293413,0.00225830078125
1.0839570858283434,0.002593994140625
1.0840818363273452,0.002532958984375
1.0842065868263473,0.0020751953125
1.0843313373253494,0.001312255859375
1.0844560878243512,0.0003662109375
1.0845808383233533,-0.00067138671875
1.0847055888223553,-0.001556396484375
1.0848303393213572,-0.00225830078125
1.0849550898203593,-0.002593994140625
1.0850798403193613,-0.002532958984375
1.0852045908183632,-0.0020751953125
1.0853293413173652,-0.0013427734375
1.0854540918163673,-0.0003662109375
1.0855788423153692,0.000640869140625
1.0857035928143712,0.001556396484375
1.0858283433133733,0.002227783203125
1.0859530938123751,0.0025634765625
1.0860778443113772,0.002532958984375
1.0862025948103793,0.0020751953125
1.0863273453093811,0.0013427734375
1.0864520958083832,0.000396728515625
1.0865768463073853,-0.0006103515625
1.0867015968063871,-0.00152587890625
1.0868263473053892,-0.002227783203125
1.0869510978043913,-0.0025634765625
1.0870758483033933,-0.00250244140625
1.0872005988023952,-0.0020751953125
1.0873253493013972,-0.0013427734375
1.0874500998003993,-0.000396728515625
1.0875748502994012,0.0006103515625
1.0876996007984032,0.00152587890625
1.0878243512974053,0.002197265625
1.0879491017964071,0.002532958984375
1.0880738522954092,0.00250244140625
1.0881986027944113,0.0020751953125
1.0883233532934131,0.0013427734375
1.0884481037924152,0.00042724609375
1.0885728542914173,-0.000579833984375
1.0886976047904191,-0.001495361328125
1.0888223552894212,-0.002166748046875
1.0889471057884232,-0.002532958984375
1.0890718562874251,-0.00250244140625
1.0891966067864272,-0.0020751953125
1.0893213572854292,-0.001373291015625
1.0894461077844311,-0.00042724609375
1.0895708582834331,0.000579833984375
1.0896956087824352,0.00146484375
1.0898203592814371,0.002166748046875
1.0899451097804391,0.002532958984375
1.0900698602794412,0.00250244140625
1.090194610778443,0.002105712890625
1.0903193612774451,0.001373291015625
1.0904441117764472,0.000457763671875
1.090568862275449,-0.00054931640625
1.0906936127744511,-0.00146484375
1.0908183632734532,-0.00213623046875
1.090943113772455,-0.00250244140625
1.0910678642714571,-0.002471923828125
1.0911926147704591,-0.002105712890625
1.091317365269461,-0.001373291015625
1.0914421157684631,-0.000457763671875
1.0915668662674651,0.000518798828125
1.091691616766467,0.001434326171875
1.091816367265469,0.00213623046875
1.0919411177644711,0.00250244140625
1.092065868263473,0.002471923828125
1.092190618762475,0.002105712890625
1.0923153692614771,0.001373291015625
1.0924401197604789,0.00048828125
1.092564870259481,-0.000518798828125
1.0926896207584831,-0.00140380859375
1.0928143712574849,-0.002105712890625
1.092939121756487,-0.002471923828125
1.0930638722554891,-0.002471923828125
1.0931886227544909,-0.002105712890625
1.093313373253493,-0.00140380859375
1.0934381237524951,-0.00048828125
1.0935628742514969,0.00048828125
1.093687624750499,0.00140380859375
1.093812375249501,0.002105712890625
1.0939371257485031,0.002471923828125
1.0940618762475049,0.002471923828125
1.094186626746507,0.002105712890625
1.0943113772455091,0.00140380859375
1.0944361277445109,0.00048828125
1.094560878243513,-0.00048828125
1.0946856287425151,-0.001373291015625
1.0948103792415169,-0.0020751953125
1.094935129740519,-0.00244140625
1.0950598802395211,-0.002471923828125
1.0951846307385229,-0.002105712890625
1.095309381237525,-0.00140380859375
1.095434131736527,-0.000518798828125
1.0955588822355289,0.000457763671875
1.095683632734531,0.001373291015625
1.095808383233533,0.002044677734375
1.0959331337325349,0.00244140625
1.0960578842315369,0.00244140625
1.096182634730539,0.002105712890625
1.0963073852295409,0.00140380859375
1.0964321357285429,0.000518798828125
1.096556886227545,-0.000457763671875
1.0966816367265468,-0.0013427734375
1.0968063872255489,-0.002044677734375
1.096931137724551,-0.00244140625
1.0970558882235528,-0.00244140625
1.0971806387225549,-0.002105712890625
1.097305389221557,-0.001434326171875
1.0974301397205588,-0.00054931640625
1.0975548902195609,0.00042724609375
1.0976796407185629,0.001312255859375
1.0978043912175648,0.00201416015625
1.0979291417165669,0.002410888671875
1.0980538922155689,0.00244140625
1.0981786427145708,0.002105712890625
1.0983033932135728,0.001434326171875
1.0984281437125749,0.00054931640625
1.0985528942115768,-0.000396728515625
1.0986776447105788,-0.001312255859375
1.0988023952095809,-0.00201416015625
1.0989271457085827,-0.002410888671875
1.0990518962075848,-0.00244140625
1.0991766467065869,-0.002105712890625
1.0993013972055887,-0.001434326171875
1.0994261477045908,-0.000579833984375
1.0995508982035929,0.000396728515625
1.0996756487025947,0.00128173828125
1.0998003992015968,0.001983642578125
1.0999251497005988,0.00238037109375
1.1000499001996007,0.002410888671875
1.1001746506986028,0.002105712890625
1.1002994011976048,0.001434326171875
1.1004241516966067,0.000579833984375
1.1005489021956087,-0.0003662109375
1.1006736526946108,-0.00128173828125
1.1007984031936129,-0.001983642578125
1.1009231536926147,-0.00238037109375
1.1010479041916168,-0.002410888671875
1.1011726546906189,-0.002105712890625
1.1012974051896207,-0.00146484375
1.1014221556886228,-0.000579833984375
1.1015469061876249,0.0003662109375
1.1016716566866267,0.001251220703125
1.1017964071856288,0.001953125
1.1019211576846308,0.002349853515625
1.1020459081836327,0.002410888671875
1.1021706586826348,0.002105712890625
1.1022954091816368,0.00146484375
1.1024201596806387,0.0006103515625
1.1025449101796407,-0.000335693359375
1.1026696606786428,-0.001220703125
1.1027944111776447,-0.001953125
1.1029191616766467,-0.002349853515625
1.1030439121756488,-0.002410888671875
1.1031686626746506,-0.002105712890625
1.1032934131736527,-0.00146484375
1.1034181636726548,-0.0006103515625
1.1035429141716566,0.000335693359375
1.1036676646706587,0.001220703125
1.1037924151696608,0.001922607421875
1.1039171656686626,0.002349853515625
1.1040419161676647,0.00238037109375
1.1041666666666667,0.002105712890625
1.1042914171656686,0.00146484375
1.1044161676646707,0.000640869140625
1.1045409181636727,-0.00030517578125
1.1046656686626746,-0.001190185546875
1.1047904191616766,-0.00189208984375
1.1049151696606787,-0.0023193359375
1.1050399201596806,-0.00238037109375
1.1051646706586826,-0.002105712890625
1.1052894211576847,-0.00146484375
1.1054141716566865,-0.000640869140625
1.1055389221556886,0.00030517578125
1.1056636726546907,0.001190185546875
1.1057884231536925,0.00189208984375
1.1059131736526946,0.0023193359375
1.1060379241516967,0.00238037109375
1.1061626746506985,0.0020751953125
1.1062874251497006,0.001495361328125
1.1064121756487026,0.000640869140625
1.1065369261477045,-0.000274658203125
1.1066616766467066,-0.00115966796875
1.1067864271457086,-0.001861572265625
1.1069111776447105,-0.002288818359375
1.1070359281437125,-0.00238037109375
1.1071606786427146,-0.0020751953125
1.1072854291417165,-0.001495361328125
1.1074101796407185,-0.00067138671875
1.1075349301397206,0.000274658203125
1.1076596806387227,0.00115966796875
1.1077844311377245,0.001861572265625
1.1079091816367266,0.002288818359375
1.1080339321357286,0.002349853515625
1.1081586826347305,0.0020751953125
1.1082834331337326,0.001495361328125
1.1084081836327346,0.00067138671875
1.1085329341317365,-0.000244140625
1.1086576846307385,-0.001129150390625
1.1087824351297406,-0.0018310546875
1.1089071856287425,-0.00225830078125
1.1090319361277445,-0.002349853515625
1.1091566866267466,-0.0020751953125
1.1092814371257484,-0.001495361328125
1.1094061876247505,-0.000701904296875
1.1095309381237526,0.000244140625
1.1096556886227544,0.0010986328125
1.1097804391217565,0.0018310546875
1.1099051896207586,0.00225830078125
1.1100299401197604,0.002349853515625
1.1101546906187625,0.0020751953125
1.1102794411177646,0.001495361328125
1.1104041916167664,0.000701904296875
1.1105289421157685,-0.000213623046875
1.1106536926147705,-0.0010986328125
1.1107784431137724,-0.001800537109375
1.1109031936127745,-0.002227783203125
1.1110279441117765,-0.002349853515625
1.1111526946107784,-0.0020751953125
1.1112774451097804,-0.001495361328125
1.1114021956087825,-0.000701904296875
1.1115269461077844,0.00018310546875
1.1116516966067864,0.001068115234375
1.1117764471057885,0.001800537109375
1.1119011976047903,0.002227783203125
1.1120259481037924,0.0023193359375
1.1121506986027945,0.0020751953125
1.1122754491017963,0.00152587890625
1.1124001996007984,0.000732421875
1.1125249500998005,-0.00018310546875
1.1126497005988023,-0.001068115234375
1.1127744510978044,-0.00177001953125
1.1128992015968064,-0.002227783203125
1.1130239520958083,-0.0023193359375
1.1131487025948104,-0.0020751953125
1.1132734530938124,-0.00152587890625
1.1133982035928143,-0.000732421875
1.1135229540918163,0.000152587890625
1.1136477045908184,0.00103759765625
1.1137724550898203,0.00177001953125
1.1138972055888223,0.002197265625
1.1140219560878244,0.0023193359375
1.1141467065868262,0.0020751953125
1.1142714570858283,0.00152587890625
1.1143962075848304,0.000732421875
1.1145209580838322,-0.000152587890625
1.1146457085828343,-0.00103759765625
1.1147704590818364,-0.001739501953125
1.1148952095808384,-0.002197265625
1.1150199600798403,-0.0023193359375
1.1151447105788423,-0.0020751953125
1.1152694610778444,-0.00152587890625
1.1153942115768463,-0.000762939453125
1.1155189620758483,0.000152587890625
1.1156437125748504,0.001007080078125
1.1157684630738522,0.001708984375
1.1158932135728543,0.002166748046875
1.1160179640718564,0.002288818359375
1.1161427145708582,0.0020751953125
1.1162674650698603,0.00152587890625
1.1163922155688624,0.000762939453125
1.1165169660678642,-0.0001220703125
1.1166417165668663,-0.0009765625
1.1167664670658684,-0.001708984375
1.1168912175648702,-0.002166748046875
1.1170159680638723,-0.002288818359375
1.1171407185628743,-0.0020751953125
1.1172654690618762,-0.00152587890625
1.1173902195608783,-0.000762939453125
1.1175149700598803,0.0001220703125
1.1176397205588822,0.0009765625
1.1177644710578842,0.001678466796875
1.1178892215568863,0.00213623046875
1.1180139720558881,0.002288818359375
1.1181387225548902,0.0020751953125
1.1182634730538923,0.001556396484375
1.1183882235528941,0.00079345703125
1.1185129740518962,-9.1552734375e-05
1.1186377245508983,-0.000946044921875
1.1187624750499001,-0.001678466796875
1.1188872255489022,-0.00213623046875
1.1190119760479043,-0.002288818359375
1.1191367265469061,-0.0020751953125
1.1192614770459082,-0.001556396484375
1.1193862275449102,-0.00079345703125
1.1195109780439121,9.1552734375e-05
1.1196357285429142,0.000946044921875
1.1197604790419162,0.00164794921875
1.1198852295409181,0.00213623046875
1.1200099800399201,0.00225830078125
1.1201347305389222,0.0020751953125
1.1202594810379241,0.001556396484375
1.1203842315369261,0.00079345703125
1.1205089820359282,-6.103515625e-05
1.12063373253493,-0.00091552734375
1.1207584830339321,-0.00164794921875
1.1208832335329342,-0.002105712890625
1.121007984031936,-0.00225830078125
1.1211327345309381,-0.0020751953125
1.1212574850299402,-0.001556396484375
1.121382235528942,-0.000823974609375
1.1215069860279441,6.103515625e-05
1.1216317365269461,0.00091552734375
1.1217564870259482,0.001617431640625
1.1218812375249501,0.002105712890625
1.1220059880239521,0.00225830078125
1.1221307385229542,0.0020751953125
1.122255489021956,0.001556396484375
1.1223802395209581,0.000823974609375
1.1225049900199602,-3.0517578125e-05
1.122629740518962,-0.000885009765625
1.1227544910179641,-0.001617431640625
1.1228792415169662,-0.0020751953125
1.123003992015968,-0.002227783203125
1.1231287425149701,-0.002044677734375
1.1232534930139721,-0.001556396484375
1.123378243512974,-0.000823974609375
1.1235029940119761,3.0517578125e-05
1.1236277445109781,0.000885009765625
1.12375249500998,0.0015869140625
1.123877245508982,0.0020751953125
1.1240019960079841,0.002227783203125
1.124126746506986,0.002044677734375
1.124251497005988,0.001556396484375
1.1243762475049901,0.0008544921875
1.1245009980039919,0
1.124625748502994,-0.0008544921875
1.1247504990019961,-0.0015869140625
1.1248752495009979,-0.002044677734375
1.125,-0.002227783203125
1.1251247504990021,-0.002044677734375
1.1252495009980039,-0.0015869140625
1.125374251497006,-0.0008544921875
1.1254990019960081,0
1.1256237524950099,0.0008544921875
1.125748502994012,0.001556396484375
1.125873253493014,0.002044677734375
1.1259980039920159,0.002227783203125
1.126122754491018,0.002044677734375
1.12624750499002,0.0015869140625
1.1263722554890219,0.0008544921875
1.1264970059880239,3.0517578125e-05
1.126621756487026,-0.000823974609375
1.1267465069860279,-0.001556396484375
1.1268712574850299,-0.00201416015625
1.126996007984032,-0.002197265625
1.1271207584830338,-0.002044677734375
1.1272455089820359,-0.0015869140625
1.127370259481038,-0.000885009765625
1.1274950099800398,-3.0517578125e-05
1.1276197604790419,0.00079345703125
1.127744510978044,0.00152587890625
1.1278692614770458,0.00201416015625
1.1279940119760479,0.002197265625
1.1281187624750499,0.002044677734375
1.1282435129740518,0.0015869140625
1.1283682634730539,0.000885009765625
1.1284930139720559,6.103515625e-05
1.128617764471058,-0.00079345703125
1.1287425149700598,-0.00152587890625
1.1288672654690619,-0.00201416015625
1.128992015968064,-0.002197265625
1.1291167664670658,-0.002044677734375
1.1292415169660679,-0.0015869140625
1.12936626746507,-0.000885009765625
1.1294910179640718,-6.103515625e-05
1.1296157684630739,0.000762939453125
1.1297405189620759,0.001495361328125
1.1298652694610778,0.001983642578125
1.1299900199600799,0.002166748046875
1.1301147704590819,0.002044677734375
1.1302395209580838,0.0015869140625
1.1303642714570858,0.000885009765625
1.1304890219560879,6.103515625e-05
1.1306137724550898,-0.000762939453125
1.1307385229540918,-0.00146484375
1.1308632734530939,-0.001983642578125
1.1309880239520957,-0.002166748046875
1.1311127744510978,-0.002044677734375
1.1312375249500999,-0.0015869140625
1.1313622754491017,-0.00091552734375
1.1314870259481038,-9.1552734375e-05
1.1316117764471059,0.000732421875
1.1317365269461077,0.00146484375
1.1318612774451098,0.001953125
1.1319860279441119,0.002166748046875
1.1321107784431137,0.002044677734375
1.1322355289421158,0.0015869140625
1.1323602794411178,0.00091552734375
1.1324850299401197,9.1552734375e-05
1.1326097804391217,-0.000732421875
1.1327345309381238,-0.001434326171875
1.1328592814371257,-0.001953125
1.1329840319361277,-0.00213623046875
1.1331087824351298,-0.00201416015625
1.1332335329341316,-0.0015869140625
1.1333582834331337,-0.00091552734375
1.1334830339321358,-0.0001220703125
1.1336077844311376,0.000701904296875
1.1337325349301397,0.001434326171875
1.1338572854291418,0.001922607421875
1.1339820359281436,0.00213623046875
1.1341067864271457,0.00201416015625
1.1342315369261478,0.0015869140625
1.1343562874251496,0.000946044921875
1.1344810379241517,0.0001220703125
1.1346057884231537,-0.000701904296875
1.1347305389221556,-0.00140380859375
1.1348552894211577,-0.001922607421875
1.1349800399201597,-0.00213623046875
1.1351047904191616,-0.00201416015625
1.1352295409181636,-0.0015869140625
1.1353542914171657,-0.000946044921875
1.1354790419161678,-0.000152587890625
1.1356037924151696,0.00067138671875
1.1357285429141717,0.00140380859375
1.1358532934131738,0.00189208984375
1.1359780439121756,0.00213623046875
1.1361027944111777,0.00201416015625
1.1362275449101797,0.001617431640625
1.1363522954091816,0.000946044921875
1.1364770459081837,0.000152587890625
1.1366017964071857,-0.00067138671875
1.1367265469061876,-0.001373291015625
1.1368512974051896,-0.00189208984375
1.1369760479041917,-0.002105712890625
1.1371007984031936,-0.00201416015625
1.1372255489021956,-0.001617431640625
1.1373502994011977,-0.000946044921875
1.1374750499001995,-0.000152587890625
1.1375998003992016,0.000640869140625
1.1377245508982037,0.001373291015625
1.1378493013972055,0.00189208984375
1.1379740518962076,0.002105712890625
1.1380988023952097,0.00201416015625
1.1382235528942115,0.001617431640625
1.1383483033932136,0.0009765625
1.1384730538922156,0.00018310546875
1.1385978043912175,-0.000640869140625
1.1387225548902196,-0.0013427734375
1.1388473053892216,-0.001861572265625
1.1389720558882235,-0.002105712890625
1.1390968063872255,-0.00201416015625
1.1392215568862276,-0.001617431640625
1.1393463073852295,-0.0009765625
1.1394710578842315,-0.00018310546875
1.1395958083832336,0.0006103515625
1.1397205588822354,0.0013427734375
1.1398453093812375,0.001861572265625
1.1399700598802396,0.0020751953125
1.1400948103792414,0.00201416015625
1.1402195608782435,0.001617431640625
1.1403443113772456,0.0009765625
1.1404690618762474,0.000213623046875
1.1405938123752495,-0.0006103515625
1.1407185628742516,-0.001312255859375
1.1408433133732534,-0.0018310546875
1.1409680638722555,-0.0020751953125
1.1410928143712575,-0.001983642578125
1.1412175648702594,-0.001617431640625
1.1413423153692615,-0.0009765625
1.1414670658682635,-0.000213623046875
1.1415918163672654,0.000579833984375
1.1417165668662674,0.001312255859375
1.1418413173652695,0.0018310546875
1.1419660678642714,0.0020751953125
1.1420908183632734,0.001983642578125
1.1422155688622755,0.001617431640625
1.1423403193612773,0.001007080078125
1.1424650698602794,0.000213623046875
1.1425898203592815,-0.000579833984375
1.1427145708582835,-0.00128173828125
1.1428393213572854,-0.001800537109375
1.1429640718562875,-0.002044677734375
1.1430888223552895,-0.001983642578125
1.1432135728542914,-0.001617431640625
1.1433383233532934,-0.001007080078125
1.1434630738522955,-0.000244140625
1.1435878243512974,0.00054931640625
1.1437125748502994,0.00128173828125
1.1438373253493015,0.001800537109375
1.1439620758483033,0.002044677734375
1.1440868263473054,0.001983642578125
1.1442115768463075,0.001617431640625
1.1443363273453093,0.001007080078125
1.1444610778443114,0.000244140625
1.1445858283433135,-0.00054931640625
1.1447105788423153,-0.001251220703125
1.1448353293413174,-0.00177001953125
1.1449600798403194,-0.002044677734375
1.1450848303393213,-0.001983642578125
1.1452095808383234,-0.001617431640625
1.1453343313373254,-0.001007080078125
1.1454590818363273,-0.000274658203125
1.1455838323353293,0.000518798828125
1.1457085828343314,0.001251220703125
1.1458333333333333,0.00177001953125
1.1459580838323353,0.00201416015625
1.1460828343313374,0.001983642578125
1.1462075848303392,0.001617431640625
1.1463323353293413,0.00103759765625
1.1464570858283434,0.000274658203125
1.1465818363273452,-0.000518798828125
1.1467065868263473,-0.001220703125
1.1468313373253494,-0.00177001953125
1.1469560878243512,-0.00201416015625
1.1470808383233533,-0.001983642578125
1.1472055888223553,-0.001617431640625
1.1473303393213572,-0.00103759765625
1.1474550898203593,-0.000274658203125
1.1475798403193613,0.000518798828125
1.1477045908183632,0.001220703125
1.1478293413173652,0.001739501953125
1.1479540918163673,0.00201416015625
1.1480788423153692,0.001953125
1.1482035928143712,0.001617431640625
1.1483283433133733,0.00103759765625
1.1484530938123751,0.00030517578125
1.1485778443113772,-0.00048828125
1.1487025948103793,-0.001190185546875
1.1488273453093811,-0.001739501953125
1.1489520958083832,-0.001983642578125
1.1490768463073853,-0.001953125
1.1492015968063871,-0.001617431640625
1.1493263473053892,-0.00103759765625
1.1494510978043913,-0.00030517578125
1.1495758483033933,0.00048828125
1.1497005988023952,0.001190185546875
1.1498253493013972,0.001708984375
1.1499500998003993,0.001983642578125
1.1500748502994012,0.001953125
1.1501996007984032,0.001617431640625
1.1503243512974053,0.00103759765625
1.1504491017964071,0.00030517578125
1.1505738522954092,-0.000457763671875
1.1506986027944113,-0.00115966796875
1.1508233532934131,-0.001708984375
1.1509481037924152,-0.001983642578125
1.1510728542914173,-0.001953125
1.1511976047904191,-0.001617431640625
1.1513223552894212,-0.001068115234375
1.1514471057884232,-0.000335693359375
1.1515718562874251,0.000457763671875
1.1516966067864272,0.00115966796875
1.1518213572854292,0.001678466796875
1.1519461077844311,0.001953125
1.1520708582834331,0.001953125
1.1521956087824352,0.001617431640625
1.1523203592814371,0.001068115234375
1.1524451097804391,0.000335693359375
1.1525698602794412,-0.00042724609375
1.152694610778443,-0.001129150390625
1.1528193612774451,-0.001678466796875
1.1529441117764472,-0.001953125
1.153068862275449,-0.001953125
1.1531936127744511,-0.001617431640625
1.1533183632734532,-0.001068115234375
1.153443113772455,-0.0003662109375
1.1535678642714571,0.00042724609375
1.1536926147704591,0.001129150390625
1.153817365269461,0.00164794921875
1.1539421157684631,0.001953125
1.1540668662674651,0.001922607421875
1.154191616766467,0.001617431640625
1.154316367265469,0.001068115234375
1.1544411177644711,0.0003662109375
1.154565868263473,-0.000396728515625
1.154690618762475,-0.0010986328125
1.1548153692614771,-0.00164794921875
1.1549401197604789,-0.001922607421875
1.155064870259481,-0.001922607421875
1.1551896207584831,-0.001617431640625
1.1553143712574849,-0.0010986328125
1.155439121756487,-0.0003662109375
1.1555638722554891,0.000396728515625
1.1556886227544909,0.0010986328125
1.155813373253493,0.00164794921875
1.1559381237524951,0.001922607421875
1.1560628742514969,0.001922607421875
1.156187624750499,0.001617431640625
1.156312375249501,0.0010986328125
1.1564371257485031,0.000396728515625
1.1565618762475049,-0.0003662109375
1.156686626746507,-0.001068115234375
1.1568113772455091,-0.001617431640625
1.1569361277445109,-0.001922607421875
1.157060878243513,-0.001922607421875
1.1571856287425151,-0.001617431640625
1.1573103792415169,-0.0010986328125
1.157435129740519,-0.000396728515625
1.1575598802395211,0.0003662109375
1.1576846307385229,0.001068115234375
1.157809381237525,0.001617431640625
1.157934131736527,0.00189208984375
1.1580588822355289,0.001922607421875
1.158183632734531,0.001617431640625
1.158308383233533,0.0010986328125
1.1584331337325349,0.000396728515625
1.1585578842315369,-0.0003662109375
1.158682634730539,-0.001068115234375
1.1588073852295409,-0.0015869140625
1.1589321357285429,-0.00189208984375
1.159056886227545,-0.001922607421875
1.1591816367265468,-0.001617431640625
1.1593063872255489,-0.0010986328125
1.159431137724551,-0.00042724609375
1.1595558882235528,0.000335693359375
1.1596806387225549,0.00103759765625
1.159805389221557,0.0015869140625
1.1599301397205588,0.00189208984375
1.1600548902195609,0.00189208984375
1.1601796407185629,0.001617431640625
1.1603043912175648,0.0010986328125
1.1604291417165669,0.00042724609375
1.1605538922155689,-0.000335693359375
1.1606786427145708,-0.00103759765625
1.1608033932135728,-0.001556396484375
1.1609281437125749,-0.001861572265625
1.1610528942115768,-0.00189208984375
1.1611776447105788,-0.001617431640625
1.1613023952095809,-0.001129150390625
1.1614271457085827,-0.00042724609375
1.1615518962075848,0.00030517578125
1.1616766467065869,0.001007080078125
1.1618013972055887,0.001556396484375
1.1619261477045908,0.001861572265625
1.1620508982035929,0.00189208984375
1.1621756487025947,0.001617431640625
1.1623003992015968,0.001129150390625
1.1624251497005988,0.000457763671875
1.1625499001996007,-0.00030517578125
1.1626746506986028,-0.001007080078125
1.1627994011976048,-0.001556396484375
1.1629241516966067,-0.001861572265625
1.1630489021956087,-0.00189208984375
1.1631736526946108,-0.001617431640625
1.1632984031936129,-0.001129150390625
1.1634231536926147,-0.000457763671875
1.1635479041916168,0.000274658203125
1.1636726546906189,0.0009765625
1.1637974051896207,0.00152587890625
1.1639221556886228,0.0018310546875
1.1640469061876249,0.00189208984375
1.1641716566866267,0.001617431640625
1.1642964071856288,0.001129150390625
1.1644211576846308,0.000457763671875
1.1645459081836327,-0.000274658203125
1.1646706586826348,-0.0009765625
1.1647954091816368,-0.00152587890625
1.1649201596806387,-0.0018310546875
1.1650449101796407,-0.001861572265625
1.1651696606786428,-0.001617431640625
1.1652944111776447,-0.001129150390625
1.1654191616766467,-0.00048828125
1.1655439121756488,0.000274658203125
1.1656686626746506,0.000946044921875
1.1657934131736527,0.001495361328125
1.1659181636726548,0.0018310546875
1.1660429141716566,0.001861572265625
1.1661676646706587,0.001617431640625
1.1662924151696608,0.001129150390625
1.1664171656686626,0.00048828125
1.1665419161676647,-0.000244140625
1.1666666666666667,-0.000946044921875
1.1667914171656686,-0.001495361328125
1.1669161676646707,-0.001800537109375
1.1670409181636727,-0.001861572265625
1.1671656686626746,-0.001617431640625
1.1672904191616766,-0.00115966796875
1.1674151696606787,-0.00048828125
1.1675399201596806,0.000244140625
1.1676646706586826,0.00091552734375
1.1677894211576847,0.00146484375
1.1679141716566865,0.001800537109375
1.1680389221556886,0.001861572265625
1.1681636726546907,0.001617431640625
1.1682884231536925,0.00115966796875
1.1684131736526946,0.00048828125
1.1685379241516967,-0.000213623046875
1.1686626746506985,-0.00091552734375
1.1687874251497006,-0.00146484375
1.1689121756487026,-0.001800537109375
1.1690369261477045,-0.001861572265625
1.1691616766467066,-0.001617431640625
1.1692864271457086,-0.00115966796875
1.1694111776447105,-0.000518798828125
1.1695359281437125,0.000213623046875
1.1696606786427146,0.000885009765625
1.1697854291417165,0.00146484375
1.1699101796407185,0.00177001953125
1.1700349301397206,0.0018310546875
1.1701596806387227,0.001617431640625
1.1702844311377245,0.00115966796875
1.1704091816367266,0.000518798828125
1.1705339321357286,-0.00018310546875
1.1706586826347305,-0.000885009765625
1.1707834331337326,-0.001434326171875
1.1709081836327346,-0.00177001953125
1.1710329341317365,-0.0018310546875
1.1711576846307385,-0.001617431640625
1.1712824351297406,-0.00115966796875
1.1714071856287425,-0.000518798828125
1.1715319361277445,0.00018310546875
1.1716566866267466,0.000885009765625
1.1717814371257484,0.001434326171875
1.1719061876247505,0.00177001953125
1.1720309381237526,0.0018310546875
1.1721556886227544,0.001617431640625
1.1722804391217565,0.00115966796875
1.1724051896207586,0.00054931640625
1.1725299401197604,-0.00018310546875
1.1726546906187625,-0.0008544921875
1.1727794411177646,-0.00140380859375
1.1729041916167664,-0.001739501953125
1.1730289421157685,-0.0018310546875
1.1731536926147705,-0.001617431640625
1.1732784431137724,-0.00115966796875
1.1734031936127745,-0.00054931640625
1.1735279441117765,0.000152587890625
1.1736526946107784,0.0008544921875
1.1737774451097804,0.00140380859375
1.1739021956087825,0.001739501953125
1.1740269461077844,0.0018310546875
1.1741516966067864,0.001617431640625
1.1742764471057885,0.001190185546875
1.1744011976047903,0.00054931640625
1.1745259481037924,-0.000152587890625
1.1746506986027945,-0.000823974609375
1.1747754491017963,-0.001373291015625
1.1749001996007984,-0.001739501953125
1.1750249500998005,-0.001800537109375
1.1751497005988023,-0.001617431640625
1.1752744510978044,-0.001190185546875
1.1753992015968064,-0.000579833984375
1.1755239520958083,0.0001220703125
1.1756487025948104,0.000823974609375
1.1757734530938124,0.001373291015625
1.1758982035928143,0.001708984375
1.1760229540918163,0.001800537109375
1.1761477045908184,0.001617431640625
1.1762724550898203,0.001190185546875
1.1763972055888223,0.000579833984375
1.1765219560878244,-0.0001220703125
1.1766467065868262,-0.00079345703125
1.1767714570858283,-0.001373291015625
1.1768962075848304,-0.001708984375
1.1770209580838322,-0.001800537109375
1.1771457085828343,-0.001617431640625
1.1772704590818364,-0.001190185546875
1.1773952095808384,-0.000579833984375
1.1775199600798403,0.0001220703125
1.1776447105788423,0.00079345703125
1.1777694610778444,0.0013427734375
1.1778942115768463,0.001708984375
1.1780189620758483,0.001800537109375
1.1781437125748504,0.001617431640625
1.1782684630738522,0.001190185546875
1.1783932135728543,0.000579833984375
1.1785179640718564,-9.1552734375e-05
1.1786427145708582,-0.000762939453125
1.1787674650698603,-0.0013427734375
1.1788922155688624,-0.001678466796875
1.1790169660678642,-0.001800537109375
1.1791417165668663,-0.001617431640625
1.1792664670658684,-0.001190185546875
1.1793912175648702,-0.0006103515625
1.1795159680638723,9.1552734375e-05
1.1796407185628743,0.000762939453125
1.1797654690618762,0.001312255859375
1.1798902195608783,0.001678466796875
1.1800149700598803,0.00177001953125
1.1801397205588822,0.001617431640625
1.1802644710578842,0.001190185546875
1.1803892215568863,0.0006103515625
1.1805139720558881,-9.1552734375e-05
1.1806387225548902,-0.000762939453125
1.1807634730538923,-0.001312255859375
1.1808882235528941,-0.001678466796875
1.1810129740518962,-0.00177001953125
1.1811377245508983,-0.001617431640625
1.1812624750499001,-0.001190185546875
1.1813872255489022,-0.0006103515625
1.1815119760479043,6.103515625e-05
1.1816367265469061,0.000732421875
1.1817614770459082,0.00128173828125
1.1818862275449102,0.00164794921875
1.1820109780439121,0.00177001953125
1.1821357285429142,0.001617431640625
1.1822604790419162,0.001220703125
1.1823852295409181,0.0006103515625
1.1825099800399201,-6.103515625e-05
1.1826347305389222,-0.000732421875
1.1827594810379241,-0.00128173828125
1.1828842315369261,-0.00164794921875
1.1830089820359282,-0.00177001953125
1.18313373253493,-0.001617431640625
1.1832584830339321,-0.001220703125
1.1833832335329342,-0.000640869140625
1.183507984031936,3.0517578125e-05
1.1836327345309381,0.000701904296875
1.1837574850299402,0.00128173828125
1.183882235528942,0.00164794921875
1.1840069860279441,0.001739501953125
1.1841317365269461,0.001617431640625
1.1842564870259482,0.001220703125
1.1843812375249501,0.000640869140625
1.1845059880239521,-3.0517578125e-05
1.1846307385229542,-0.000701904296875
1.184755489021956,-0.001251220703125
1.1848802395209581,-0.001617431640625
1.1850049900199602,-0.001739501953125
1.185129740518962,-0.001617431640625
1.1852544910179641,-0.001220703125
1.1853792415169662,-0.000640869140625
1.185503992015968,3.0517578125e-05
1.1856287425149701,0.00067138671875
1.1857534930139721,0.001251220703125
1.185878243512974,0.001617431640625
1.1860029940119761,0.001739501953125
1.1861277445109781,0.0015869140625
1.18625249500998,0.001220703125
1.186377245508982,0.000640869140625
1.1865019960079841,0
1.186626746506986,-0.00067138671875
1.186751497005988,-0.001220703125
1.1868762475049901,-0.001617431640625
1.1870009980039919,-0.001739501953125
1.187125748502994,-0.0015869140625
1.1872504990019961,-0.001220703125
1.1873752495009979,-0.00067138671875
1.1875,0
1.1876247504990021,0.00067138671875
1.1877495009980039,0.001220703125
1.187874251497006,0.0015869140625
1.1879990019960081,0.001739501953125
1.1881237524950099,0.0015869140625
1.188248502994012,0.001220703125
1.188373253493014,0.00067138671875
1.1884980039920159,0
1.188622754491018,-0.000640869140625
1.18874750499002,-0.001220703125
1.1888722554890219,-0.0015869140625
1.1889970059880239,-0.001708984375
1.189121756487026,-0.0015869140625
1.1892465069860279,-0.001220703125
1.1893712574850299,-0.00067138671875
1.189496007984032,-3.0517578125e-05
1.1896207584830338,0.000640869140625
1.1897455089820359,0.001190185546875
1.189870259481038,0.0015869140625
1.1899950099800398,0.001708984375
1.1901197604790419,0.0015869140625
1.190244510978044,0.001220703125
1.1903692614770458,0.00067138671875
1.1904940119760479,3.0517578125e-05
1.1906187624750499,-0.0006103515625
1.1907435129740518,-0.001190185546875
1.1908682634730539,-0.001556396484375
1.1909930139720559,-0.001708984375
1.191117764471058,-0.0015869140625
1.1912425149700598,-0.001220703125
1.1913672654690619,-0.000701904296875
1.191492015968064,-3.0517578125e-05
1.1916167664670658,0.0006103515625
1.1917415169660679,0.00115966796875
1.19186626746507,0.001556396484375
1.1919910179640718,0.001708984375
1.1921157684630739,0.0015869140625
1.1922405189620759,0.001220703125
1.1923652694610778,0.000701904296875
1.1924900199600799,6.103515625e-05
1.1926147704590819,-0.0006103515625
1.1927395209580838,-0.00115966796875
1.1928642714570858,-0.001556396484375
1.1929890219560879,-0.001678466796875
1.1931137724550898,-0.0015869140625
1.1932385229540918,-0.001251220703125
1.1933632734530939,-0.000701904296875
1.1934880239520957,-6.103515625e-05
1.1936127744510978,0.000579833984375
1.1937375249500999,0.00115966796875
1.1938622754491017,0.00152587890625
1.1939870259481038,0.001678466796875
1.1941117764471059,0.0015869140625
1.1942365269461077,0.001251220703125
1.1943612774451098,0.000701904296875
1.1944860279441119,6.103515625e-05
1.1946107784431137,-0.000579833984375
1.1947355289421158,-0.001129150390625
1.1948602794411178,-0.00152587890625
1.1949850299401197,-0.001678466796875
1.1951097804391217,-0.0015869140625
1.1952345309381238,-0.001251220703125
1.1953592814371257,-0.000732421875
1.1954840319361277,-9.1552734375e-05
1.1956087824351298,0.00054931640625
1.1957335329341316,0.001129150390625
1.1958582834331337,0.001495361328125
1.1959830339321358,0.001678466796875
1.1961077844311376,0.0015869140625
1.1962325349301397,0.001251220703125
1.1963572854291418,0.000732421875
1.1964820359281436,9.1552734375e-05
1.1966067864271457,-0.00054931640625
1.1967315369261478,-0.0010986328125
1.1968562874251496,-0.001495361328125
1.1969810379241517,-0.00164794921875
1.1971057884231537,-0.0015869140625
1.1972305389221556,-0.001251220703125
1.1973552894211577,-0.000732421875
1.1974800399201597,-9.1552734375e-05
1.1976047904191616,0.00054931640625
1.1977295409181636,0.0010986328125
1.1978542914171657,0.001495361328125
1.1979790419161678,0.00164794921875
1.1981037924151696,0.001556396484375
1.1982285429141717,0.001251220703125
1.1983532934131738,0.000732421875
1.1984780439121756,0.0001220703125
1.1986027944111777,-0.000518798828125
1.1987275449101797,-0.0010986328125
1.1988522954091816,-0.00146484375
1.1989770459081837,-0.00164794921875
1.1991017964071857,-0.001556396484375
1.1992265469061876,-0.001251220703125
1.1993512974051896,-0.000732421875
1.1994760479041917,-0.0001220703125
1.1996007984031936,0.000518798828125
1.1997255489021956,0.001068115234375
1.1998502994011977,0.00146484375
1.1999750499001995,0.00164794921875
1.2000998003992016,0.001556396484375
1.2002245508982037,0.001251220703125
1.2003493013972055,0.000762939453125
1.2004740518962076,0.0001220703125
1.2005988023952097,-0.00048828125
1.2007235528942115,-0.001068115234375
1.2008483033932136,-0.00146484375
1.2009730538922156,-0.00164794921875
1.2010978043912175,-0.001556396484375
1.2012225548902196,-0.001251220703125
1.2013473053892216,-0.000762939453125
1.2014720558882235,-0.000152587890625
1.2015968063872255,0.00048828125
1.2017215568862276,0.00103759765625
1.2018463073852295,0.001434326171875
1.2019710578842315,0.001617431640625
1.2020958083832336,0.001556396484375
1.2022205588822354,0.001251220703125
1.2023453093812375,0.000762939453125
1.2024700598802396,0.000152587890625
1.2025948103792414,-0.00048828125
1.2027195608782435,-0.00103759765625
1.2028443113772456,-0.001434326171875
1.2029690618762474,-0.001617431640625
1.2030938123752495,-0.001556396484375
1.2032185628742516,-0.001251220703125
1.2033433133732534,-0.000762939453125
1.2034680638722555,-0.000152587890625
1.2035928143712575,0.000457763671875
1.2037175648702594,0.00103759765625
1.2038423153692615,0.001434326171875
1.2039670658682635,0.001617431640625
1.2040918163672654,0.001556396484375
1.2042165668662674,0.001251220703125
1.2043413173652695,0.000762939453125
1.2044660678642714,0.00018310546875
1.2045908183632734,-0.000457763671875
1.2047155688622755,-0.001007080078125
1.2048403193612773,-0.00140380859375
1.2049650698602794,-0.001617431640625
1.2050898203592815,-0.001556396484375
1.2052145708582835,-0.001251220703125
1.2053393213572854,-0.00079345703125
1.2054640718562875,-0.00018310546875
1.2055888223552895,0.000457763671875
1.2057135728542914,0.001007080078125
1.2058383233532934,0.00140380859375
1.2059630738522955,0.0015869140625
1.2060878243512974,0.001556396484375
1.2062125748502994,0.001251220703125
1.2063373253493015,0.00079345703125
1.2064620758483033,0.00018310546875
1.2065868263473054,-0.00042724609375
1.2067115768463075,-0.0009765625
1.2068363273453093,-0.00140380859375
1.2069610778443114,-0.0015869140625
1.2070858283433135,-0.001556396484375
1.2072105788423153,-0.001251220703125
1.2073353293413174,-0.00079345703125
1.2074600798403194,-0.000213623046875
1.2075848303393213,0.00042724609375
1.2077095808383234,0.0009765625
1.2078343313373254,0.001373291015625
1.2079590818363273,0.0015869140625
1.2080838323353293,0.00152587890625
1.2082085828343314,0.001251220703125
1.2083333333333333,0.00079345703125
1.2084580838323353,0.000213623046875
1.2085828343313374,-0.000396728515625
1.2087075848303392,-0.0009765625
1.2088323353293413,-0.001373291015625
1.2089570858283434,-0.0015869140625
1.2090818363273452,-0.00152587890625
1.2092065868263473,-0.001251220703125
1.2093313373253494,-0.00079345703125
1.2094560878243512,-0.000213623046875
1.2095808383233533,0.000396728515625
1.2097055888223553,0.000946044921875
1.2098303393213572,0.001373291015625
1.2099550898203593,0.001556396484375
1.2100798403193613,0.00152587890625
1.2102045908183632,0.001251220703125
1.2103293413173652,0.00079345703125
1.2104540918163673,0.000213623046875
1.2105788423153692,-0.000396728515625
1.2107035928143712,-0.000946044921875
1.2108283433133733,-0.0013427734375
1.2109530938123751,-0.001556396484375
1.2110778443113772,-0.00152587890625
1.2112025948103793,-0.001251220703125
1.2113273453093811,-0.000823974609375
1.2114520958083832,-0.000244140625
1.2115768463073853,0.0003662109375
1.2117015968063871,0.00091552734375
1.2118263473053892,0.0013427734375
1.2119510978043913,0.001556396484375
1.2120758483033933,0.00152587890625
1.2122005988023952,0.001251220703125
1.2123253493013972,0.000823974609375
1.2124500998003993,0.000244140625
1.2125748502994012,-0.0003662109375
1.2126996007984032,-0.00091552734375
1.2128243512974053,-0.0013427734375
1.2129491017964071,-0.001556396484375
1.2130738522954092,-0.00152587890625
1.2131986027944113,-0.00128173828125
1.2133233532934131,-0.000823974609375
1.2134481037924152,-0.000244140625
1.2135728542914173,0.0003662109375
1.2136976047904191,0.00091552734375
1.2138223552894212,0.001312255859375
1.2139471057884232,0.00152587890625
1.2140718562874251,0.00152587890625
1.2141966067864272,0.00128173828125
1.2143213572854292,0.000823974609375
1.2144461077844311,0.000274658203125
1.2145708582834331,-0.000335693359375
1.2146956087824352,-0.000885009765625
1.2148203592814371,-0.001312255859375
1.2149451097804391,-0.00152587890625
1.2150698602794412,-0.00152587890625
1.215194610778443,-0.00128173828125
1.2153193612774451,-0.000823974609375
1.2154441117764472,-0.000274658203125
1.215568862275449,0.000335693359375
1.2156936127744511,0.000885009765625
1.2158183632734532,0.001312255859375
1.215943113772455,0.00152587890625
1.2160678642714571,0.001495361328125
1.2161926147704591,0.00128173828125
1.216317365269461,0.000823974609375
1.2164421157684631,0.000274658203125
1.2165668662674651,-0.000335693359375
1.216691616766467,-0.000885009765625
1.216816367265469,-0.00128173828125
1.2169411177644711,-0.00152587890625
1.217065868263473,-0.001495361328125
1.217190618762475,-0.00128173828125
1.2173153692614771,-0.0008544921875
1.2174401197604789,-0.000274658203125
1.217564870259481,0.00030517578125
1.2176896207584831,0.0008544921875
1.2178143712574849,0.00128173828125
1.217939121756487,0.001495361328125
1.2180638722554891,0.001495361328125
1.2181886227544909,0.00128173828125
1.218313373253493,0.0008544921875
1.2184381237524951,0.00030517578125
1.2185628742514969,-0.00030517578125
1.218687624750499,-0.0008544921875
1.218812375249501,-0.00128173828125
1.2189371257485031,-0.001495361328125
1.2190618762475049,-0.001495361328125
1.219186626746507,-0.00128173828125
1.2193113772455091,-0.0008544921875
1.2194361277445109,-0.00030517578125
1.219560878243513,0.000274658203125
1.2196856287425151,0.000823974609375
1.2198103792415169,0.001251220703125
1.219935129740519,0.001495361328125
1.2200598802395211,0.001495361328125
1.2201846307385229,0.00128173828125
1.220309381237525,0.0008544921875
1.220434131736527,0.00030517578125
1.2205588822355289,-0.000274658203125
1.220683632734531,-0.000823974609375
1.220808383233533,-0.001251220703125
1.2209331337325349,-0.001495361328125
1.2210578842315369,-0.001495361328125
1.221182634730539,-0.00128173828125
1.2213073852295409,-0.0008544921875
1.2214321357285429,-0.00030517578125
1.221556886227545,0.000274658203125
1.2216816367265468,0.000823974609375
1.2218063872255489,0.001251220703125
1.221931137724551,0.00146484375
1.2220558882235528,0.001495361328125
1.2221806387225549,0.00128173828125
1.222305389221557,0.0008544921875
1.2224301397205588,0.000335693359375
1.2225548902195609,-0.000244140625
1.2226796407185629,-0.00079345703125
1.2228043912175648,-0.001220703125
1.2229291417165669,-0.00146484375
1.2230538922155689,-0.00146484375
1.2231786427145708,-0.00128173828125
1.2233033932135728,-0.0008544921875
1.2234281437125749,-0.000335693359375
1.2235528942115768,0.000244140625
1.2236776447105788,0.00079345703125
1.2238023952095809,0.001220703125
1.2239271457085827,0.00146484375
1.2240518962075848,0.00146484375
1.2241766467065869,0.00128173828125
1.2243013972055887,0.000885009765625
1.2244261477045908,0.000335693359375
1.2245508982035929,-0.000244140625
1.2246756487025947,-0.00079345703125
1.2248003992015968,-0.001220703125
1.2249251497005988,-0.001434326171875
1.2250499001996007,-0.00146484375
1.2251746506986028,-0.00128173828125
1.2252994011976048,-0.000885009765625
1.2254241516966067,-0.000335693359375
1.2255489021956087,0.000213623046875
1.2256736526946108,0.000762939453125
1.2257984031936129,0.001190185546875
1.2259231536926147,0.001434326171875
1.2260479041916168,0.00146484375
1.2261726546906189,0.00128173828125
1.2262974051896207,0.000885009765625
1.2264221556886228,0.0003662109375
1.2265469061876249,-0.000213623046875
1.2266716566866267,-0.000762939453125
1.2267964071856288,-0.001190185546875
1.2269211576846308,-0.001434326171875
1.2270459081836327,-0.00146484375
1.2271706586826348,-0.00128173828125
1.2272954091816368,-0.000885009765625
1.2274201596806387,-0.0003662109375
1.2275449101796407,0.000213623046875
1.2276696606786428,0.000762939453125
1.2277944111776447,0.001190185546875
1.2279191616766467,0.001434326171875
1.2280439121756488,0.00146484375
1.2281686626746506,0.00128173828125
1.2282934131736527,0.000885009765625
1.2284181636726548,0.0003662109375
1.2285429141716566,-0.00018310546875
1.2286676646706587,-0.000732421875
1.2287924151696608,-0.00115966796875
1.2289171656686626,-0.00140380859375
1.2290419161676647,-0.00146484375
1.2291666666666667,-0.00128173828125
1.2292914171656686,-0.000885009765625
1.2294161676646707,-0.0003662109375
1.2295409181636727,0.00018310546875
1.2296656686626746,0.000732421875
1.2297904191616766,0.00115966796875
1.2299151696606787,0.00140380859375
1.2300399201596806,0.001434326171875
1.2301646706586826,0.00128173828125
1.2302894211576847,0.000885009765625
1.2304141716566865,0.000396728515625
1.2305389221556886,-0.00018310546875
1.2306636726546907,-0.000701904296875
1.2307884231536925,-0.00115966796875
1.2309131736526946,-0.00140380859375
1.2310379241516967,-0.001434326171875
1.2311626746506985,-0.00128173828125
1.2312874251497006,-0.000885009765625
1.2314121756487026,-0.000396728515625
1.2315369261477045,0.00018310546875
1.2316616766467066,0.000701904296875
1.2317864271457086,0.001129150390625
1.2319111776447105,0.00140380859375
1.2320359281437125,0.001434326171875
1.2321606786427146,0.00128173828125
1.2322854291417165,0.00091552734375
1.2324101796407185,0.000396728515625
1.2325349301397206,-0.000152587890625
1.2326596806387227,-0.000701904296875
1.2327844311377245,-0.001129150390625
1.2329091816367266,-0.001373291015625
1.2330339321357286,-0.001434326171875
1.2331586826347305,-0.001251220703125
1.2332834331337326,-0.00091552734375
1.2334081836327346,-0.000396728515625
1.2335329341317365,0.000152587890625
1.2336576846307385,0.00067138671875
1.2337824351297406,0.001129150390625
1.2339071856287425,0.001373291015625
1.2340319361277445,0.001434326171875
1.2341566866267466,0.001251220703125
1.2342814371257484,0.00091552734375
1.2344061876247505,0.00042724609375
1.2345309381237526,-0.000152587890625
1.2346556886227544,-0.00067138671875
1.2347804391217565,-0.0010986328125
1.2349051896207586,-0.001373291015625
1.2350299401197604,-0.001434326171875
1.2351546906187625,-0.001251220703125
1.2352794411177646,-0.00091552734375
1.2354041916167664,-0.00042724609375
1.2355289421157685,0.0001220703125
1.2356536926147705,0.00067138671875
1.2357784431137724,0.0010986328125
1.2359031936127745,0.001373291015625
1.2360279441117765,0.001434326171875
1.2361526946107784,0.001251220703125
1.2362774451097804,0.00091552734375
1.2364021956087825,0.00042724609375
1.2365269461077844,-0.0001220703125
1.2366516966067864,-0.000640869140625
1.2367764471057885,-0.0010986328125
1.2369011976047903,-0.0013427734375
1.2370259481037924,-0.00140380859375
1.2371506986027945,-0.001251220703125
1.2372754491017963,-0.00091552734375
1.2374001996007984,-0.00042724609375
1.2375249500998005,0.0001220703125
1.2376497005988023,0.000640869140625
1.2377744510978044,0.001068115234375
1.2378992015968064,0.0013427734375
1.2380239520958083,0.00140380859375
1.2381487025948104,0.001251220703125
1.2382734530938124,0.00091552734375
1.2383982035928143,0.000457763671875
1.2385229540918163,-9.1552734375e-05
1.2386477045908184,-0.000640869140625
1.2387724550898203,-0.001068115234375
1.2388972055888223,-0.0013427734375
1.2390219560878244,-0.00140380859375
1.2391467065868262,-0.001251220703125
1.2392714570858283,-0.00091552734375
1.2393962075848304,-0.000457763671875
1.2395209580838322,9.1552734375e-05
1.2396457085828343,0.0006103515625
1.2397704590818364,0.001068115234375
1.2398952095808384,0.0013427734375
1.2400199600798403,0.00140380859375
1.2401447105788423,0.001251220703125
1.2402694610778444,0.00091552734375
1.2403942115768463,0.000457763671875
1.2405189620758483,-9.1552734375e-05
1.2406437125748504,-0.0006103515625
1.2407684630738522,-0.00103759765625
1.2408932135728543,-0.001312255859375
1.2410179640718564,-0.00140380859375
1.2411427145708582,-0.001251220703125
1.2412674650698603,-0.000946044921875
1.2413922155688624,-0.000457763671875
1.2415169660678642,6.103515625e-05
1.2416417165668663,0.0006103515625
1.2417664670658684,0.00103759765625
1.2418912175648702,0.001312255859375
1.2420159680638723,0.00140380859375
1.2421407185628743,0.001251220703125
1.2422654690618762,0.000946044921875
1.2423902195608783,0.000457763671875
1.2425149700598803,-6.103515625e-05
1.2426397205588822,-0.000579833984375
1.2427644710578842,-0.00103759765625
1.2428892215568863,-0.001312255859375
1.2430139720558881,-0.001373291015625
1.2431387225548902,-0.001251220703125
1.2432634730538923,-0.000946044921875
1.2433882235528941,-0.00048828125
1.2435129740518962,6.103515625e-05
1.2436377245508983,0.000579833984375
1.2437624750499001,0.001007080078125
1.2438872255489022,0.00128173828125
1.2440119760479043,0.001373291015625
1.2441367265469061,0.001251220703125
1.2442614770459082,0.000946044921875
1.2443862275449102,0.00048828125
1.2445109780439121,-6.103515625e-05
1.2446357285429142,-0.000579833984375
1.2447604790419162,-0.001007080078125
1.2448852295409181,-0.00128173828125
1.2450099800399201,-0.001373291015625
1.2451347305389222,-0.001251220703125
1.2452594810379241,-0.000946044921875
1.2453842315369261,-0.00048828125
1.2455089820359282,3.0517578125e-05
1.24563373253493,0.00054931640625
1.2457584830339321,0.001007080078125
1.2458832335329342,0.00128173828125
1.246007984031936,0.001373291015625
1.2461327345309381,0.001251220703125
1.2462574850299402,0.000946044921875
1.246382235528942,0.00048828125
1.2465069860279441,-3.0517578125e-05
1.2466317365269461,-0.00054931640625
1.2467564870259482,-0.0009765625
1.2468812375249501,-0.00128173828125
1.2470059880239521,-0.001373291015625
1.2471307385229542,-0.001251220703125
1.247255489021956,-0.000946044921875
1.2473802395209581,-0.00048828125
1.2475049900199602,3.0517578125e-05
1.247629740518962,0.00054931640625
1.2477544910179641,0.0009765625
1.2478792415169662,0.001251220703125
1.248003992015968,0.001373291015625
1.2481287425149701,0.001251220703125
1.2482534930139721,0.000946044921875
1.248378243512974,0.000518798828125
1.2485029940119761,0
1.2486277445109781,-0.000518798828125
1.24875249500998,-0.0009765625
1.248877245508982,-0.001251220703125
1.2490019960079841,-0.0013427734375
1.249126746506986,-0.001251220703125
1.249251497005988,-0.000946044921875
1.2493762475049901,-0.000518798828125
1.2495009980039919,0
1.249625748502994,0.000518798828125
1.2497504990019961,0.000946044921875
1.2498752495009979,0.001251220703125
1.25,0.0013427734375
1.2501247504990021,0.001251220703125
1.2502495009980039,0.000946044921875
1.250374251497006,0.000518798828125
1.2504990019960081,0
1.2506237524950099,-0.000518798828125
1.250748502994012,-0.000946044921875
1.250873253493014,-0.001251220703125
1.2509980039920159,-0.0013427734375
1.251122754491018,-0.001251220703125
1.25124750499002,-0.000946044921875
1.2513722554890219,-0.000518798828125
1.2514970059880239,0
1.251621756487026,0.00048828125
1.2517465069860279,0.000946044921875
1.2518712574850299,0.001220703125
1.251996007984032,0.0013427734375
1.2521207584830338,0.001251220703125
1.2522455089820359,0.000946044921875
1.252370259481038,0.000518798828125
1.2524950099800398,3.0517578125e-05
1.2526197604790419,-0.00048828125
1.252744510978044,-0.00091552734375
1.2528692614770458,-0.001220703125
1.2529940119760479,-0.0013427734375
1.2531187624750499,-0.001251220703125
1.2532435129740518,-0.000946044921875
1.2533682634730539,-0.00054931640625
1.2534930139720559,-3.0517578125e-05
1.253617764471058,0.00048828125
1.2537425149700598,0.00091552734375
1.2538672654690619,0.001220703125
1.253992015968064,0.001312255859375
1.2541167664670658,0.001251220703125
1.2542415169660679,0.0009765625
1.25436626746507,0.00054931640625
1.2544910179640718,3.0517578125e-05
1.2546157684630739,-0.000457763671875
1.2547405189620759,-0.00091552734375
1.2548652694610778,-0.001190185546875
1.2549900199600799,-0.001312255859375
1.2551147704590819,-0.001220703125
1.2552395209580838,-0.0009765625
1.2553642714570858,-0.00054931640625
1.2554890219560879,-3.0517578125e-05
1.2556137724550898,0.000457763671875
1.2557385229540918,0.000885009765625
1.2558632734530939,0.001190185546875
1.2559880239520957,0.001312255859375
1.2561127744510978,0.001220703125
1.2562375249500999,0.0009765625
1.2563622754491017,0.00054931640625
1.2564870259481038,6.103515625e-05
1.2566117764471059,-0.000457763671875
1.2567365269461077,-0.000885009765625
1.2568612774451098,-0.001190185546875
1.2569860279441119,-0.001312255859375
1.2571107784431137,-0.001220703125
1.2572355289421158,-0.0009765625
1.2573602794411178,-0.00054931640625
1.2574850299401197,-6.103515625e-05
1.2576097804391217,0.00042724609375
1.2577345309381238,0.000885009765625
1.2578592814371257,0.001190185546875
1.2579840319361277,0.001312255859375
1.2581087824351298,0.001220703125
1.2582335329341316,0.0009765625
1.2583582834331337,0.00054931640625
1.2584830339321358,6.103515625e-05
1.2586077844311376,-0.00042724609375
1.2587325349301397,-0.0008544921875
1.2588572854291418,-0.00115966796875
1.2589820359281436,-0.001312255859375
1.2591067864271457,-0.001220703125
1.2592315369261478,-0.0009765625
1.2593562874251496,-0.000579833984375
1.2594810379241517,-9.1552734375e-05
1.2596057884231537,0.00042724609375
1.2597305389221556,0.0008544921875
1.2598552894211577,0.00115966796875
1.2599800399201597,0.00128173828125
1.2601047904191616,0.001220703125
1.2602295409181636,0.0009765625
1.2603542914171657,0.000579833984375
1.2604790419161678,9.1552734375e-05
1.2606037924151696,-0.00042724609375
1.2607285429141717,-0.0008544921875
1.2608532934131738,-0.00115966796875
1.2609780439121756,-0.00128173828125
1.2611027944111777,-0.001220703125
1.2612275449101797,-0.0009765625
1.2613522954091816,-0.000579833984375
1.2614770459081837,-9.1552734375e-05
1.2616017964071857,0.000396728515625
1.2617265469061876,0.0008544921875
1.2618512974051896,0.00115966796875
1.2619760479041917,0.00128173828125
1.2621007984031936,0.001220703125
1.2622255489021956,0.0009765625
1.2623502994011977,0.000579833984375
1.2624750499001995,9.1552734375e-05
1.2625998003992016,-0.000396728515625
1.2627245508982037,-0.000823974609375
1.2628493013972055,-0.001129150390625
1.2629740518962076,-0.00128173828125
1.2630988023952097,-0.001220703125
1.2632235528942115,-0.0009765625
1.2633483033932136,-0.000579833984375
1.2634730538922156,-0.0001220703125
1.2635978043912175,0.000396728515625
1.2637225548902196,0.000823974609375
1.2638473053892216,0.001129150390625
1.2639720558882235,0.00128173828125
1.2640968063872255,0.001220703125
1.2642215568862276,0.0009765625
1.2643463073852295,0.000579833984375
1.2644710578842315,0.0001220703125
1.2645958083832336,-0.0003662109375
1.2647205588822354,-0.000823974609375
1.2648453093812375,-0.001129150390625
1.2649700598802396,-0.001251220703125
1.2650948103792414,-0.001220703125
1.2652195608782435,-0.0009765625
1.2653443113772456,-0.0006103515625
1.2654690618762474,-0.0001220703125
1.2655938123752495,0.0003662109375
1.2657185628742516,0.00079345703125
1.2658433133732534,0.001129150390625
1.2659680638722555,0.001251220703125
1.2660928143712575,0.001220703125
1.2662175648702594,0.0009765625
1.2663423153692615,0.0006103515625
1.2664670658682635,0.0001220703125
1.2665918163672654,-0.0003662109375
1.2667165668662674,-0.00079345703125
1.2668413173652695,-0.0010986328125
1.2669660678642714,-0.001251220703125
1.2670908183632734,-0.001220703125
1.2672155688622755,-0.0009765625
1.2673403193612773,-0.0006103515625
1.2674650698602794,-0.000152587890625
1.2675898203592815,0.000335693359375
1.2677145708582835,0.00079345703125
1.2678393213572854,0.0010986328125
1.2679640718562875,0.001251220703125
1.2680888223552895,0.001190185546875
1.2682135728542914,0.0009765625
1.2683383233532934,0.0006103515625
1.2684630738522955,0.000152587890625
1.2685878243512974,-0.000335693359375
1.2687125748502994,-0.000762939453125
1.2688373253493015,-0.0010986328125
1.2689620758483033,-0.001251220703125
1.2690868263473054,-0.001190185546875
1.2692115768463075,-0.0009765625
1.2693363273453093,-0.0006103515625
1.2694610778443114,-0.000152587890625
1.2695858283433135,0.000335693359375
1.2697105788423153,0.000762939453125
1.2698353293413174,0.001068115234375
1.2699600798403194,0.001220703125
1.2700848303393213,0.001190185546875
1.2702095808383234,0.0009765625
1.2703343313373254,0.0006103515625
1.2704590818363273,0.000152587890625
1.2705838323353293,-0.000335693359375
1.2707085828343314,-0.000762939453125
1.2708333333333333,-0.001068115234375
1.2709580838323353,-0.001220703125
1.2710828343313374,-0.001190185546875
1.2712075848303392,-0.0009765625
1.2713323353293413,-0.0006103515625
1.2714570858283434,-0.000152587890625
1.2715818363273452,0.00030517578125
1.2717065868263473,0.000732421875
1.2718313373253494,0.001068115234375
1.2719560878243512,0.001220703125
1.2720808383233533,0.001190185546875
1.2722055888223553,0.0009765625
1.2723303393213572,0.000640869140625
1.2724550898203593,0.00018310546875
1.2725798403193613,-0.00030517578125
1.2727045908183632,-0.000732421875
1.2728293413173652,-0.001068115234375
1.2729540918163673,-0.001220703125
1.2730788423153692,-0.001190185546875
1.2732035928143712,-0.0009765625
1.2733283433133733,-0.000640869140625
1.2734530938123751,-0.00018310546875
1.2735778443113772,0.00030517578125
1.2737025948103793,0.000732421875
1.2738273453093811,0.00103759765625
1.2739520958083832,0.001220703125
1.2740768463073853,0.001190185546875
1.2742015968063871,0.0009765625
1.2743263473053892,0.000640869140625
1.2744510978043913,0.00018310546875
1.2745758483033933,-0.000274658203125
1.2747005988023952,-0.000732421875
1.2748253493013972,-0.00103759765625
1.2749500998003993,-0.001190185546875
1.2750748502994012,-0.001190185546875
1.2751996007984032,-0.0009765625
1.2753243512974053,-0.000640869140625
1.2754491017964071,-0.00018310546875
1.2755738522954092,0.000274658203125
1.2756986027944113,0.000701904296875
1.2758233532934131,0.00103759765625
1.2759481037924152,0.001190185546875
1.2760728542914173,0.001190185546875
1.2761976047904191,0.0009765625
1.2763223552894212,0.000640869140625
1.2764471057884232,0.000213623046875
1.2765718562874251,-0.000274658203125
1.2766966067864272,-0.000701904296875
1.2768213572854292,-0.00103759765625
1.2769461077844311,-0.001190185546875
1.2770708582834331,-0.001190185546875
1.2771956087824352,-0.0009765625
1.2773203592814371,-0.000640869140625
1.2774451097804391,-0.000213623046875
1.2775698602794412,0.000274658203125
1.277694610778443,0.000701904296875
1.2778193612774451,0.001007080078125
1.2779441117764472,0.001190185546875
1.278068862275449,0.001190185546875
1.2781936127744511,0.0009765625
1.2783183632734532,0.000640869140625
1.278443113772455,0.000213623046875
1.2785678642714571,-0.000244140625
1.2786926147704591,-0.00067138671875
1.278817365269461,-0.001007080078125
1.2789421157684631,-0.001190185546875
1.2790668662674651,-0.00115966796875
1.279191616766467,-0.0009765625
1.279316367265469,-0.000640869140625
1.2794411177644711,-0.000213623046875
1.279565868263473,0.000244140625
1.279690618762475,0.00067138671875
1.2798153692614771,0.001007080078125
1.2799401197604789,0.00115966796875
1.280064870259481,0.00115966796875
1.2801896207584831,0.0009765625
1.2803143712574849,0.00067138671875
1.280439121756487,0.000213623046875
1.2805638722554891,-0.000244140625
1.2806886227544909,-0.00067138671875
1.280813373253493,-0.001007080078125
1.2809381237524951,-0.00115966796875
1.2810628742514969,-0.00115966796875
1.281187624750499,-0.0009765625
1.281312375249501,-0.00067138671875
1.2814371257485031,-0.000244140625
1.2815618762475049,0.000244140625
1.281686626746507,0.00067138671875
1.2818113772455091,0.0009765625
1.2819361277445109,0.00115966796875
1.282060878243513,0.00115966796875
1.2821856287425151,0.0009765625
1.2823103792415169,0.00067138671875
1.282435129740519,0.000244140625
1.2825598802395211,-0.000213623046875
1.2826846307385229,-0.000640869140625
1.282809381237525,-0.0009765625
1.282934131736527,-0.00115966796875
1.2830588822355289,-0.00115966796875
1.283183632734531,-0.0009765625
1.283308383233533,-0.00067138671875
1.2834331337325349,-0.000244140625
1.2835578842315369,0.000213623046875
1.283682634730539,0.000640869140625
1.2838073852295409,0.0009765625
1.2839321357285429,0.00115966796875
1.284056886227545,0.00115966796875
1.2841816367265468,0.0009765625
1.2843063872255489,0.00067138671875
1.284431137724551,0.000244140625
1.2845558882235528,-0.000213623046875
1.2846806387225549,-0.000640869140625
1.284805389221557,-0.000946044921875
1.2849301397205588,-0.001129150390625
1.2850548902195609,-0.00115966796875
1.2851796407185629,-0.0009765625
1.2853043912175648,-0.00067138671875
1.2854291417165669,-0.000244140625
1.2855538922155689,0.00018310546875
1.2856786427145708,0.0006103515625
1.2858033932135728,0.000946044921875
1.2859281437125749,0.001129150390625
1.2860528942115768,0.00115966796875
1.2861776447105788,0.0009765625
1.2863023952095809,0.00067138671875
1.2864271457085827,0.000274658203125
1.2865518962075848,-0.00018310546875
1.2866766467065869,-0.0006103515625
1.2868013972055887,-0.000946044921875
1.2869261477045908,-0.001129150390625
1.2870508982035929,-0.00115966796875
1.2871756487025947,-0.0009765625
1.2873003992015968,-0.00067138671875
1.2874251497005988,-0.000274658203125
1.2875499001996007,0.00018310546875
1.2876746506986028,0.0006103515625
1.2877994011976048,0.000946044921875
1.2879241516966067,0.001129150390625
1.2880489021956087,0.001129150390625
1.2881736526946108,0.0009765625
1.2882984031936129,0.00067138671875
1.2884231536926147,0.000274658203125
1.2885479041916168,-0.00018310546875
1.2886726546906189,-0.0006103515625
1.2887974051896207,-0.00091552734375
1.2889221556886228,-0.001129150390625
1.2890469061876249,-0.001129150390625
1.2891716566866267,-0.0009765625
1.2892964071856288,-0.000701904296875
1.2894211576846308,-0.000274658203125
1.2895459081836327,0.000152587890625
1.2896706586826348,0.000579833984375
1.2897954091816368,0.00091552734375
1.2899201596806387,0.0010986328125
1.2900449101796407,0.001129150390625
1.2901696606786428,0.0009765625
1.2902944111776447,0.000701904296875
1.2904191616766467,0.000274658203125
1.2905439121756488,-0.000152587890625
1.2906686626746506,-0.000579833984375
1.2907934131736527,-0.00091552734375
1.2909181636726548,-0.0010986328125
1.2910429141716566,-0.001129150390625
1.2911676646706587,-0.0009765625
1.2912924151696608,-0.000701904296875
1.2914171656686626,-0.00030517578125
1.2915419161676647,0.000152587890625
1.2916666666666667,0.000579833984375
1.2917914171656686,0.00091552734375
1.2919161676646707,0.0010986328125
1.2920409181636727,0.001129150390625
1.2921656686626746,0.0009765625
1.2922904191616766,0.000701904296875
1.2924151696606787,0.00030517578125
1.2925399201596806,-0.000152587890625
1.2926646706586826,-0.00054931640625
1.2927894211576847,-0.000885009765625
1.2929141716566865,-0.0010986328125
1.2930389221556886,-0.001129150390625
1.2931636726546907,-0.0009765625
1.2932884231536925,-0.000701904296875
1.2934131736526946,-0.00030517578125
1.2935379241516967,0.0001220703125
1.2936626746506985,0.00054931640625
1.2937874251497006,0.000885009765625
1.2939121756487026,0.0010986328125
1.2940369261477045,0.001129150390625
1.2941616766467066,0.0009765625
1.2942864271457086,0.000701904296875
1.2944111776447105,0.00030517578125
1.2945359281437125,-0.0001220703125
1.2946606786427146,-0.00054931640625
1.2947854291417165,-0.000885009765625
1.2949101796407185,-0.001068115234375
1.2950349301397206,-0.001129150390625
1.2951596806387227,-0.0009765625
1.2952844311377245,-0.000701904296875
1.2954091816367266,-0.00030517578125
1.2955339321357286,0.0001220703125
1.2956586826347305,0.00054931640625
1.2957834331337326,0.000885009765625
1.2959081836327346,0.001068115234375
1.2960329341317365,0.001129150390625
1.2961576846307385,0.0009765625
1.2962824351297406,0.000701904296875
1.2964071856287425,0.000335693359375
1.2965319361277445,-0.0001220703125
1.2966566866267466,-0.000518798828125
1.2967814371257484,-0.0008544921875
1.2969061876247505,-0.001068115234375
1.2970309381237526,-0.0010986328125
1.2971556886227544,-0.0009765625
1.2972804391217565,-0.000701904296875
1.2974051896207586,-0.000335693359375
1.2975299401197604,9.1552734375e-05
1.2976546906187625,0.000518798828125
1.2977794411177646,0.0008544921875
1.2979041916167664,0.001068115234375
1.2980289421157685,0.0010986328125
1.2981536926147705,0.0009765625
1.2982784431137724,0.000701904296875
1.2984031936127745,0.000335693359375
1.2985279441117765,-9.1552734375e-05
1.2986526946107784,-0.000518798828125
1.2987774451097804,-0.0008544921875
1.2989021956087825,-0.001068115234375
1.2990269461077844,-0.0010986328125
1.2991516966067864,-0.0009765625
1.2992764471057885,-0.000701904296875
1.2994011976047903,-0.000335693359375
1.2995259481037924,9.1552734375e-05
1.2996506986027945,0.000518798828125
1.2997754491017963,0.0008544921875
1.2999001996007984,0.00103759765625
1.3000249500998005,0.0010986328125
1.3001497005988023,0.0009765625
1.3002744510978044,0.000732421875
1.3003992015968064,0.000335693359375
1.3005239520958083,-9.1552734375e-05
1.3006487025948104,-0.00048828125
1.3007734530938124,-0.000823974609375
1.3008982035928143,-0.00103759765625
1.3010229540918163,-0.0010986328125
1.3011477045908184,-0.0009765625
1.3012724550898203,-0.000732421875
1.3013972055888223,-0.000335693359375
1.3015219560878244,6.103515625e-05
1.3016467065868262,0.00048828125
1.3017714570858283,0.000823974609375
1.3018962075848304,0.00103759765625
1.3020209580838322,0.0010986328125
1.3021457085828343,0.0009765625
1.3022704590818364,0.000732421875
1.3023952095808384,0.0003662109375
1.3025199600798403,-6.103515625e-05
1.3026447105788423,-0.00048828125
1.3027694610778444,-0.000823974609375
1.3028942115768463,-0.00103759765625
1.3030189620758483,-0.0010986328125
1.3031437125748504,-0.0009765625
1.3032684630738522,-0.000732421875
1.3033932135728543,-0.0003662109375
1.3035179640718564,6.103515625e-05
1.3036427145708582,0.000457763671875
1.3037674650698603,0.000823974609375
1.3038922155688624,0.00103759765625
1.3040169660678642,0.0010986328125
1.3041417165668663,0.0009765625
1.3042664670658684,0.000732421875
1.3043912175648702,0.0003662109375
1.3045159680638723,-6.103515625e-05
1.3046407185628743,-0.000457763671875
1.3047654690618762,-0.00079345703125
1.3048902195608783,-0.001007080078125
1.3050149700598803,-0.001068115234375
1.3051397205588822,-0.0009765625
1.3052644710578842,-0.000732421875
1.3053892215568863,-0.0003662109375
1.3055139720558881,6.103515625e-05
1.3056387225548902,0.000457763671875
1.3057634730538923,0.00079345703125
1.3058882235528941,0.001007080078125
1.3060129740518962,0.001068115234375
1.3061377245508983,0.0009765625
1.3062624750499001,0.000732421875
1.3063872255489022,0.0003662109375
1.3065119760479043,-3.0517578125e-05
1.3066367265469061,-0.000457763671875
1.3067614770459082,-0.00079345703125
1.3068862275449102,-0.001007080078125
1.3070109780439121,-0.001068115234375
1.3071357285429142,-0.0009765625
1.3072604790419162,-0.000732421875
1.3073852295409181,-0.0003662109375
1.3075099800399201,3.0517578125e-05
1.3076347305389222,0.00042724609375
1.3077594810379241,0.00079345703125
1.3078842315369261,0.001007080078125
1.3080089820359282,0.001068115234375
1.30813373253493,0.0009765625
1.3082584830339321,0.000732421875
1.3083832335329342,0.000396728515625
1.308507984031936,-3.0517578125e-05
1.3086327345309381,-0.00042724609375
1.3087574850299402,-0.000762939453125
1.308882235528942,-0.001007080078125
1.3090069860279441,-0.001068115234375
1.3091317365269461,-0.0009765625
1.3092564870259482,-0.000732421875
1.3093812375249501,-0.000396728515625
1.3095059880239521,3.0517578125e-05
1.3096307385229542,0.00042724609375
1.309755489021956,0.000762939453125
1.3098802395209581,0.0009765625
1.3100049900199602,0.001068115234375
1.310129740518962,0.0009765625
1.3102544910179641,0.000732421875
1.3103792415169662,0.000396728515625
1.310503992015968,0
1.3106287425149701,-0.00042724609375
1.3107534930139721,-0.000762939453125
1.310878243512974,-0.0009765625
1.3110029940119761,-0.001068115234375
1.3111277445109781,-0.0009765625
1.31125249500998,-0.000732421875
1.311377245508982,-0.000396728515625
1.3115019960079841,0
1.311626746506986,0.000396728515625
1.311751497005988,0.000762939453125
1.3118762475049901,0.0009765625
1.3120009980039919,0.00103759765625
1.312125748502994,0.0009765625
1.3122504990019961,0.000732421875
1.3123752495009979,0.000396728515625
1.3125,0
1.3126247504990021,-0.000396728515625
1.3127495009980039,-0.000732421875
1.312874251497006,-0.0009765625
1.3129990019960081,-0.00103759765625
1.3131237524950099,-0.0009765625
1.313248502994012,-0.000732421875
1.313373253493014,-0.000396728515625
1.3134980039920159,0
1.313622754491018,0.000396728515625
1.31374750499002,0.000732421875
1.3138722554890219,0.000946044921875
1.3139970059880239,0.00103759765625
1.314121756487026,0.0009765625
1.3142465069860279,0.000732421875
1.3143712574850299,0.000396728515625
1.314496007984032,0
1.3146207584830338,-0.000396728515625
1.3147455089820359,-0.000732421875
1.314870259481038,-0.000946044921875
1.3149950099800398,-0.00103759765625
1.3151197604790419,-0.0009765625
1.315244510978044,-0.000732421875
1.3153692614770458,-0.00042724609375
1.3154940119760479,-3.0517578125e-05
1.3156187624750499,0.0003662109375
1.3157435129740518,0.000732421875
1.3158682634730539,0.000946044921875
1.3159930139720559,0.00103759765625
1.316117764471058,0.0009765625
1.3162425149700598,0.000762939453125
1.3163672654690619,0.00042724609375
1.316492015968064,3.0517578125e-05
1.3166167664670658,-0.0003662109375
1.3167415169660679,-0.000701904296875
1.31686626746507,-0.000946044921875
1.3169910179640718,-0.00103759765625
1.3171157684630739,-0.0009765625
1.3172405189620759,-0.000762939453125
1.3173652694610778,-0.00042724609375
1.3174900199600799,-3.0517578125e-05
1.3176147704590819,0.0003662109375
1.3177395209580838,0.000701904296875
1.3178642714570858,0.000946044921875
1.3179890219560879,0.00103759765625
1.3181137724550898,0.0009765625
1.3182385229540918,0.000762939453125
1.3183632734530939,0.00042724609375
1.3184880239520957,3.0517578125e-05
1.3186127744510978,-0.0003662109375
1.3187375249500999,-0.000701904296875
1.3188622754491017,-0.00091552734375
1.3189870259481038,-0.001007080078125
1.3191117764471059,-0.000946044921875
1.3192365269461077,-0.000762939453125
1.3193612774451098,-0.00042724609375
1.3194860279441119,-3.0517578125e-05
1.3196107784431137,0.000335693359375
1.3197355289421158,0.000701904296875
1.3198602794411178,0.00091552734375
1.3199850299401197,0.001007080078125
1.3201097804391217,0.000946044921875
1.3202345309381238,0.000762939453125
1.3203592814371257,0.00042724609375
1.3204840319361277,6.103515625e-05
1.3206087824351298,-0.000335693359375
1.3207335329341316,-0.00067138671875
1.3208582834331337,-0.00091552734375
1.3209830339321358,-0.001007080078125
1.3211077844311376,-0.000946044921875
1.3212325349301397,-0.000762939453125
1.3213572854291418,-0.00042724609375
1.3214820359281436,-6.103515625e-05
1.3216067864271457,0.000335693359375
1.3217315369261478,0.00067138671875
1.3218562874251496,0.00091552734375
1.3219810379241517,0.001007080078125
1.3221057884231537,0.000946044921875
1.3222305389221556,0.000762939453125
1.3223552894211577,0.000457763671875
1.3224800399201597,6.103515625e-05
1.3226047904191616,-0.000335693359375
1.3227295409181636,-0.00067138671875
1.3228542914171657,-0.00091552734375
1.3229790419161678,-0.001007080078125
1.3231037924151696,-0.000946044921875
1.3232285429141717,-0.000762939453125
1.3233532934131738,-0.000457763671875
1.3234780439121756,-6.103515625e-05
1.3236027944111777,0.00030517578125
1.3237275449101797,0.00067138671875
1.3238522954091816,0.000885009765625
1.3239770459081837,0.001007080078125
1.3241017964071857,0.000946044921875
1.3242265469061876,0.000762939453125
1.3243512974051896,0.000457763671875
1.3244760479041917,6.103515625e-05
1.3246007984031936,-0.00030517578125
1.3247255489021956,-0.000640869140625
1.3248502994011977,-0.000885009765625
1.3249750499001995,-0.001007080078125
1.3250998003992016,-0.000946044921875
1.3252245508982037,-0.000762939453125
1.3253493013972055,-0.000457763671875
1.3254740518962076,-9.1552734375e-05
1.3255988023952097,0.00030517578125
1.3257235528942115,0.000640869140625
1.3258483033932136,0.000885009765625
1.3259730538922156,0.0009765625
1.3260978043912175,0.000946044921875
1.3262225548902196,0.000762939453125
1.3263473053892216,0.000457763671875
1.3264720558882235,9.1552734375e-05
1.3265968063872255,-0.00030517578125
1.3267215568862276,-0.000640869140625
1.3268463073852295,-0.000885009765625
1.3269710578842315,-0.0009765625
1.3270958083832336,-0.000946044921875
1.3272205588822354,-0.000762939453125
1.3273453093812375,-0.000457763671875
1.3274700598802396,-9.1552734375e-05
1.3275948103792414,0.00030517578125
1.3277195608782435,0.000640869140625
1.3278443113772456,0.000885009765625
1.3279690618762474,0.0009765625
1.3280938123752495,0.000946044921875
1.3282185628742516,0.000762939453125
1.3283433133732534,0.000457763671875
1.3284680638722555,9.1552734375e-05
1.3285928143712575,-0.000274658203125
1.3287175648702594,-0.0006103515625
1.3288423153692615,-0.0008544921875
1.3289670658682635,-0.0009765625
1.3290918163672654,-0.000946044921875
1.3292165668662674,-0.000762939453125
1.3293413173652695,-0.000457763671875
1.3294660678642714,-9.1552734375e-05
1.3295908183632734,0.000274658203125
1.3297155688622755,0.0006103515625
1.3298403193612773,0.0008544921875
1.3299650698602794,0.0009765625
1.3300898203592815,0.000946044921875
1.3302145708582835,0.000762939453125
1.3303393213572854,0.000457763671875
1.3304640718562875,0.0001220703125
1.3305888223552895,-0.000274658203125
1.3307135728542914,-0.0006103515625
1.3308383233532934,-0.0008544921875
1.3309630738522955,-0.0009765625
1.3310878243512974,-0.000946044921875
1.3312125748502994,-0.000762939453125
1.3313373253493015,-0.00048828125
1.3314620758483033,-0.0001220703125
1.3315868263473054,0.000274658203125
1.3317115768463075,0.0006103515625
1.3318363273453093,0.0008544921875
1.3319610778443114,0.0009765625
1.3320858283433135,0.000946044921875
1.3322105788423153,0.000762939453125
1.3323353293413174,0.00048828125
1.3324600798403194,0.0001220703125
1.3325848303393213,-0.000244140625
1.3327095808383234,-0.000579833984375
1.3328343313373254,-0.0008544921875
1.3329590818363273,-0.000946044921875
1.3330838323353293,-0.000946044921875
1.3332085828343314,-0.000762939453125
1.3333333333333333,-0.00048828125
1.3334580838323353,-0.0001220703125
1.3335828343313374,0.000244140625
1.3337075848303392,0.000579833984375
1.3338323353293413,0.000823974609375
1.3339570858283434,0.000946044921875
1.3340818363273452,0.000946044921875
1.3342065868263473,0.000762939453125
1.3343313373253494,0.00048828125
1.3344560878243512,0.0001220703125
1.3345808383233533,-0.000244140625
1.3347055888223553,-0.000579833984375
1.3348303393213572,-0.000823974609375
1.3349550898203593,-0.000946044921875
1.3350798403193613,-0.00091552734375
1.3352045908183632,-0.000762939453125
1.3353293413173652,-0.00048828125
1.3354540918163673,-0.000152587890625
1.3355788423153692,0.000244140625
1.3357035928143712,0.000579833984375
1.3358283433133733,0.000823974609375
1.3359530938123751,0.000946044921875
1.3360778443113772,0.00091552734375
1.3362025948103793,0.000762939453125
1.3363273453093811,0.00048828125
1.3364520958083832,0.000152587890625
1.3365768463073853,-0.000213623046875
1.3367015968063871,-0.00054931640625
1.3368263473053892,-0.000823974609375
1.3369510978043913,-0.000946044921875
1.3370758483033933,-0.00091552734375
1.3372005988023952,-0.000762939453125
1.3373253493013972,-0.00048828125
1.3374500998003993,-0.000152587890625
1.3375748502994012,0.000213623046875
1.3376996007984032,0.00054931640625
1.3378243512974053,0.00079345703125
1.3379491017964071,0.000946044921875
1.3380738522954092,0.00091552734375
1.3381986027944113,0.000762939453125
1.3383233532934131,0.00048828125
1.3384481037924152,0.000152587890625
1.3385728542914173,-0.000213623046875
1.3386976047904191,-0.00054931640625
1.3388223552894212,-0.00079345703125
1.3389471057884232,-0.000946044921875
1.3390718562874251,-0.00091552734375
1.3391966067864272,-0.000762939453125
1.3393213572854292,-0.00048828125
1.3394461077844311,-0.000152587890625
1.3395708582834331,0.000213623046875
1.3396956087824352,0.00054931640625
1.3398203592814371,0.00079345703125
1.3399451097804391,0.00091552734375
1.3400698602794412,0.00091552734375
1.340194610778443,0.000762939453125
1.3403193612774451,0.000518798828125
1.3404441117764472,0.000152587890625
1.340568862275449,-0.000213623046875
1.3406936127744511,-0.00054931640625
1.3408183632734532,-0.00079345703125
1.340943113772455,-0.00091552734375
1.3410678642714571,-0.00091552734375
1.3411926147704591,-0.000762939453125
1.341317365269461,-0.000518798828125
1.3414421157684631,-0.00018310546875
1.3415668662674651,0.00018310546875
1.341691616766467,0.000518798828125
1.341816367265469,0.00079345703125
1.3419411177644711,0.00091552734375
1.342065868263473,0.00091552734375
1.342190618762475,0.000762939453125
1.3423153692614771,0.000518798828125
1.3424401197604789,0.00018310546875
1.342564870259481,-0.00018310546875
1.3426896207584831,-0.000518798828125
1.3428143712574849,-0.000762939453125
1.342939121756487,-0.00091552734375
1.3430638722554891,-0.00091552734375
1.3431886227544909,-0.000762939453125
1.343313373253493,-0.000518798828125
1.3434381237524951,-0.00018310546875
1.3435628742514969,0.00018310546875
1.343687624750499,0.000518798828125
1.343812375249501,0.000762939453125
1.3439371257485031,0.00091552734375
1.3440618762475049,0.00091552734375
1.344186626746507,0.000762939453125
1.3443113772455091,0.000518798828125
1.3444361277445109,0.00018310546875
1.344560878243513,-0.00018310546875
1.3446856287425151,-0.000518798828125
1.3448103792415169,-0.000762939453125
1.344935129740519,-0.00091552734375
1.3450598802395211,-0.00091552734375
1.3451846307385229,-0.000762939453125
1.345309381237525,-0.000518798828125
1.345434131736527,-0.00018310546875
1.3455588822355289,0.00018310546875
1.345683632734531,0.00048828125
1.345808383233533,0.000762939453125
1.3459331337325349,0.000885009765625
1.3460578842315369,0.00091552734375
1.346182634730539,0.000762939453125
1.3463073852295409,0.000518798828125
1.3464321357285429,0.00018310546875
1.346556886227545,-0.000152587890625
1.3466816367265468,-0.00048828125
1.3468063872255489,-0.000762939453125
1.346931137724551,-0.000885009765625
1.3470558882235528,-0.000885009765625
1.3471806387225549,-0.000762939453125
1.347305389221557,-0.000518798828125
1.3474301397205588,-0.000213623046875
1.3475548902195609,0.000152587890625
1.3476796407185629,0.00048828125
1.3478043912175648,0.000732421875
1.3479291417165669,0.000885009765625
1.3480538922155689,0.000885009765625
1.3481786427145708,0.000762939453125
1.3483033932135728,0.000518798828125
1.3484281437125749,0.000213623046875
1.3485528942115768,-0.000152587890625
1.3486776447105788,-0.00048828125
1.3488023952095809,-0.000732421875
1.3489271457085827,-0.000885009765625
1.3490518962075848,-0.000885009765625
1.3491766467065869,-0.000762939453125
1.3493013972055887,-0.000518798828125
1.3494261477045908,-0.000213623046875
1.3495508982035929,0.000152587890625
1.3496756487025947,0.00048828125
1.3498003992015968,0.000732421875
1.3499251497005988,0.000885009765625
1.3500499001996007,0.000885009765625
1.3501746506986028,0.000762939453125
1.3502994011976048,0.000518798828125
1.3504241516966067,0.000213623046875
1.3505489021956087,-0.000152587890625
1.3506736526946108,-0.000457763671875
1.3507984031936129,-0.000732421875
1.3509231536926147,-0.000885009765625
1.3510479041916168,-0.000885009765625
1.3511726546906189,-0.000762939453125
1.3512974051896207,-0.00054931640625
1.3514221556886228,-0.000213623046875
1.3515469061876249,0.0001220703125
1.3516716566866267,0.000457763671875
1.3517964071856288,0.000732421875
1.3519211576846308,0.0008544921875
1.3520459081836327,0.000885009765625
1.3521706586826348,0.000762939453125
1.3522954091816368,0.00054931640625
1.3524201596806387,0.000213623046875
1.3525449101796407,-0.0001220703125
1.3526696606786428,-0.000457763671875
1.3527944111776447,-0.000701904296875
1.3529191616766467,-0.0008544921875
1.3530439121756488,-0.000885009765625
1.3531686626746506,-0.000762939453125
1.3532934131736527,-0.00054931640625
1.3534181636726548,-0.000213623046875
1.3535429141716566,0.0001220703125
1.3536676646706587,0.000457763671875
1.3537924151696608,0.000701904296875
1.3539171656686626,0.0008544921875
1.3540419161676647,0.000885009765625
1.3541666666666667,0.000762939453125
1.3542914171656686,0.00054931640625
1.3544161676646707,0.000244140625
1.3545409181636727,-0.0001220703125
1.3546656686626746,-0.00042724609375
1.3547904191616766,-0.000701904296875
1.3549151696606787,-0.0008544921875
1.3550399201596806,-0.000885009765625
1.3551646706586826,-0.000762939453125
1.3552894211576847,-0.00054931640625
1.3554141716566865,-0.000244140625
1.3555389221556886,0.0001220703125
1.3556636726546907,0.00042724609375
1.3557884231536925,0.000701904296875
1.3559131736526946,0.0008544921875
1.3560379241516967,0.000885009765625
1.3561626746506985,0.000762939453125
1.3562874251497006,0.00054931640625
1.3564121756487026,0.000244140625
1.3565369261477045,-9.1552734375e-05
1.3566616766467066,-0.00042724609375
1.3567864271457086,-0.000701904296875
1.3569111776447105,-0.0008544921875
1.3570359281437125,-0.000885009765625
1.3571606786427146,-0.000762939453125
1.3572854291417165,-0.00054931640625
1.3574101796407185,-0.000244140625
1.3575349301397206,9.1552734375e-05
1.3576596806387227,0.00042724609375
1.3577844311377245,0.00067138671875
1.3579091816367266,0.0008544921875
1.3580339321357286,0.000885009765625
1.3581586826347305,0.000762939453125
1.3582834331337326,0.00054931640625
1.3584081836327346,0.000244140625
1.3585329341317365,-9.1552734375e-05
1.3586576846307385,-0.00042724609375
1.3587824351297406,-0.00067138671875
1.3589071856287425,-0.000823974609375
1.3590319361277445,-0.0008544921875
1.3591566866267466,-0.000762939453125
1.3592814371257484,-0.00054931640625
1.3594061876247505,-0.000244140625
1.3595309381237526,9.1552734375e-05
1.3596556886227544,0.000396728515625
1.3597804391217565,0.00067138671875
1.3599051896207586,0.000823974609375
1.3600299401197604,0.0008544921875
1.3601546906187625,0.000762939453125
1.3602794411177646,0.00054931640625
1.3604041916167664,0.000244140625
1.3605289421157685,-9.1552734375e-05
1.3606536926147705,-0.000396728515625
1.3607784431137724,-0.00067138671875
1.3609031936127745,-0.000823974609375
1.3610279441117765,-0.0008544921875
1.3611526946107784,-0.000762939453125
1.3612774451097804,-0.00054931640625
1.3614021956087825,-0.000274658203125
1.3615269461077844,6.103515625e-05
1.3616516966067864,0.000396728515625
1.3617764471057885,0.00067138671875
1.3619011976047903,0.000823974609375
1.3620259481037924,0.0008544921875
1.3621506986027945,0.000762939453125
1.3622754491017963,0.00054931640625
1.3624001996007984,0.000274658203125
1.3625249500998005,-6.103515625e-05
1.3626497005988023,-0.000396728515625
1.3627744510978044,-0.000640869140625
1.3628992015968064,-0.000823974609375
1.3630239520958083,-0.0008544921875
1.3631487025948104,-0.000762939453125
1.3632734530938124,-0.00054931640625
1.3633982035928143,-0.000274658203125
1.3635229540918163,6.103515625e-05
1.3636477045908184,0.000396728515625
1.3637724550898203,0.000640869140625
1.3638972055888223,0.000823974609375
1.3640219560878244,0.0008544921875
1.3641467065868262,0.000762939453125
1.3642714570858283,0.00054931640625
1.3643962075848304,0.000274658203125
1.3645209580838322,-6.103515625e-05
1.3646457085828343,-0.0003662109375
1.3647704590818364,-0.000640869140625
1.3648952095808384,-0.00079345703125
1.3650199600798403,-0.0008544921875
1.3651447105788423,-0.000762939453125
1.3652694610778444,-0.00054931640625
1.3653942115768463,-0.000274658203125
1.3655189620758483,6.103515625e-05
1.3656437125748504,0.0003662109375
1.3657684630738522,0.000640869140625
1.3658932135728543,0.00079345703125
1.3660179640718564,0.0008544921875
1.3661427145708582,0.000762939453125
1.3662674650698603,0.000579833984375
1.3663922155688624,0.000274658203125
1.3665169660678642,-3.0517578125e-05
1.3666417165668663,-0.0003662109375
1.3667664670658684,-0.000640869140625
1.3668912175648702,-0.00079345703125
1.3670159680638723,-0.0008544921875
1.3671407185628743,-0.000762939453125
1.3672654690618762,-0.000579833984375
1.3673902195608783,-0.000274658203125
1.3675149700598803,3.0517578125e-05
1.3676397205588822,0.0003662109375
1.3677644710578842,0.0006103515625
1.3678892215568863,0.00079345703125
1.3680139720558881,0.0008544921875
1.3681387225548902,0.000762939453125
1.3682634730538923,0.000579833984375
1.3683882235528941,0.000274658203125
1.3685129740518962,-3.0517578125e-05
1.3686377245508983,-0.0003662109375
1.3687624750499001,-0.0006103515625
1.3688872255489022,-0.00079345703125
1.3690119760479043,-0.000823974609375
1.3691367265469061,-0.000762939453125
1.3692614770459082,-0.000579833984375
1.3693862275449102,-0.00030517578125
1.3695109780439121,3.0517578125e-05
1.3696357285429142,0.000335693359375
1.3697604790419162,0.0006103515625
1.3698852295409181,0.00079345703125
1.3700099800399201,0.000823974609375
1.3701347305389222,0.000762939453125
1.3702594810379241,0.000579833984375
1.3703842315369261,0.00030517578125
1.3705089820359282,-3.0517578125e-05
1.37063373253493,-0.000335693359375
1.3707584830339321,-0.0006103515625
1.3708832335329342,-0.000762939453125
1.371007984031936,-0.000823974609375
1.3711327345309381,-0.000762939453125
1.3712574850299402,-0.000579833984375
1.371382235528942,-0.00030517578125
1.3715069860279441,3.0517578125e-05
1.3716317365269461,0.000335693359375
1.3717564870259482,0.0006103515625
1.3718812375249501,0.000762939453125
1.3720059880239521,0.000823974609375
1.3721307385229542,0.000762939453125
1.372255489021956,0.000579833984375
1.3723802395209581,0.00030517578125
1.3725049900199602,0
1.372629740518962,-0.000335693359375
1.3727544910179641,-0.000579833984375
1.3728792415169662,-0.000762939453125
1.373003992015968,-0.000823974609375
1.3731287425149701,-0.000762939453125
1.3732534930139721,-0.000579833984375
1.373378243512974,-0.00030517578125
1.3735029940119761,0
1.3736277445109781,0.000335693359375
1.37375249500998,0.000579833984375
1.373877245508982,0.000762939453125
1.3740019960079841,0.000823974609375
1.374126746506986,0.000762939453125
1.374251497005988,0.000579833984375
1.3743762475049901,0.00030517578125
1.3745009980039919,0
1.374625748502994,-0.00030517578125
1.3747504990019961,-0.000579833984375
1.3748752495009979,-0.000762939453125
1.375,-0.000823974609375
1.3751247504990021,-0.000762939453125
1.3752495009980039,-0.000579833984375
1.375374251497006,-0.00030517578125
1.3754990019960081,0
1.3756237524950099,0.00030517578125
1.375748502994012,0.000579833984375
1.375873253493014,0.000762939453125
1.3759980039920159,0.000823974609375
1.376122754491018,0.000762939453125
1.37624750499002,0.000579833984375
1.3763722554890219,0.00030517578125
1.3764970059880239,0
1.376621756487026,-0.00030517578125
1.3767465069860279,-0.000579833984375
1.3768712574850299,-0.000732421875
1.376996007984032,-0.000823974609375
1.3771207584830338,-0.000762939453125
1.3772455089820359,-0.000579833984375
1.377370259481038,-0.000335693359375
1.3774950099800398,0
1.3776197604790419,0.00030517578125
1.377744510978044,0.00054931640625
1.3778692614770458,0.000732421875
1.3779940119760479,0.00079345703125
1.3781187624750499,0.000762939453125
1.3782435129740518,0.000579833984375
1.3783682634730539,0.000335693359375
1.3784930139720559,3.0517578125e-05
1.378617764471058,-0.00030517578125
1.3787425149700598,-0.00054931640625
1.3788672654690619,-0.000732421875
1.378992015968064,-0.00079345703125
1.3791167664670658,-0.000762939453125
1.3792415169660679,-0.000579833984375
1.37936626746507,-0.000335693359375
1.3794910179640718,-3.0517578125e-05
1.3796157684630739,0.000274658203125
1.3797405189620759,0.00054931640625
1.3798652694610778,0.000732421875
1.3799900199600799,0.00079345703125
1.3801147704590819,0.000762939453125
1.3802395209580838,0.000579833984375
1.3803642714570858,0.000335693359375
1.3804890219560879,3.0517578125e-05
1.3806137724550898,-0.000274658203125
1.3807385229540918,-0.00054931640625
1.3808632734530939,-0.000732421875
1.3809880239520957,-0.00079345703125
1.3811127744510978,-0.000762939453125
1.3812375249500999,-0.000579833984375
1.3813622754491017,-0.000335693359375
1.3814870259481038,-3.0517578125e-05
1.3816117764471059,0.000274658203125
1.3817365269461077,0.00054931640625
1.3818612774451098,0.000732421875
1.3819860279441119,0.00079345703125
1.3821107784431137,0.000732421875
1.3822355289421158,0.000579833984375
1.3823602794411178,0.000335693359375
1.3824850299401197,3.0517578125e-05
1.3826097804391217,-0.000274658203125
1.3827345309381238,-0.000518798828125
1.3828592814371257,-0.000701904296875
1.3829840319361277,-0.00079345703125
1.3831087824351298,-0.000732421875
1.3832335329341316,-0.000579833984375
1.3833582834331337,-0.000335693359375
1.3834830339321358,-3.0517578125e-05
1.3836077844311376,0.000274658203125
1.3837325349301397,0.000518798828125
1.3838572854291418,0.000701904296875
1.3839820359281436,0.00079345703125
1.3841067864271457,0.000732421875
1.3842315369261478,0.000579833984375
1.3843562874251496,0.000335693359375
1.3844810379241517,6.103515625e-05
1.3846057884231537,-0.000244140625
1.3847305389221556,-0.000518798828125
1.3848552894211577,-0.000701904296875
1.3849800399201597,-0.00079345703125
1.3851047904191616,-0.000732421875
1.3852295409181636,-0.000579833984375
1.3853542914171657,-0.000335693359375
1.3854790419161678,-6.103515625e-05
1.3856037924151696,0.000244140625
1.3857285429141717,0.000518798828125
1.3858532934131738,0.000701904296875
1.3859780439121756,0.00079345703125
1.3861027944111777,0.000732421875
1.3862275449101797,0.000579833984375
1.3863522954091816,0.000335693359375
1.3864770459081837,6.103515625e-05
1.3866017964071857,-0.000244140625
1.3867265469061876,-0.000518798828125
1.3868512974051896,-0.000701904296875
1.3869760479041917,-0.000762939453125
1.3871007984031936,-0.000732421875
1.3872255489021956,-0.000579833984375
1.3873502994011977,-0.0003662109375
1.3874750499001995,-6.103515625e-05
1.3875998003992016,0.000244140625
1.3877245508982037,0.000518798828125
1.3878493013972055,0.000701904296875
1.3879740518962076,0.000762939453125
1.3880988023952097,0.000732421875
1.3882235528942115,0.000579833984375
1.3883483033932136,0.0003662109375
1.3884730538922156,6.103515625e-05
1.3885978043912175,-0.000244140625
1.3887225548902196,-0.00048828125
1.3888473053892216,-0.00067138671875
1.3889720558882235,-0.000762939453125
1.3890968063872255,-0.000732421875
1.3892215568862276,-0.000579833984375
1.3893463073852295,-0.0003662109375
1.3894710578842315,-6.103515625e-05
1.3895958083832336,0.000213623046875
1.3897205588822354,0.00048828125
1.3898453093812375,0.00067138671875
1.3899700598802396,0.000762939453125
1.3900948103792414,0.000732421875
1.3902195608782435,0.000579833984375
1.3903443113772456,0.0003662109375
1.3904690618762474,6.103515625e-05
1.3905938123752495,-0.000213623046875
1.3907185628742516,-0.00048828125
1.3908433133732534,-0.00067138671875
1.3909680638722555,-0.000762939453125
1.3910928143712575,-0.000732421875
1.3912175648702594,-0.000579833984375
1.3913423153692615,-0.0003662109375
1.3914670658682635,-9.1552734375e-05
1.3915918163672654,0.000213623046875
1.3917165668662674,0.00048828125
1.3918413173652695,0.00067138671875
1.3919660678642714,0.000762939453125
1.3920908183632734,0.000732421875
1.3922155688622755,0.000579833984375
1.3923403193612773,0.0003662109375
1.3924650698602794,9.1552734375e-05
1.3925898203592815,-0.000213623046875
1.3927145708582835,-0.00048828125
1.3928393213572854,-0.00067138671875
1.3929640718562875,-0.000762939453125
1.3930888223552895,-0.000732421875
1.3932135728542914,-0.0006103515625
1.3933383233532934,-0.0003662109375
1.3934630738522955,-9.1552734375e-05
1.3935878243512974,0.000213623046875
1.3937125748502994,0.000457763671875
1.3938373253493015,0.00067138671875
1.3939620758483033,0.000762939453125
1.3940868263473054,0.000732421875
1.3942115768463075,0.0006103515625
1.3943363273453093,0.0003662109375
1.3944610778443114,9.1552734375e-05
1.3945858283433135,-0.000213623046875
1.3947105788423153,-0.000457763671875
1.3948353293413174,-0.00067138671875
1.3949600798403194,-0.000762939453125
1.3950848303393213,-0.000732421875
1.3952095808383234,-0.0006103515625
1.3953343313373254,-0.0003662109375
1.3954590818363273,-9.1552734375e-05
1.3955838323353293,0.00018310546875
1.3957085828343314,0.000457763671875
1.3958333333333333,0.000640869140625
1.3959580838323353,0.000732421875
1.3960828343313374,0.000732421875
1.3962075848303392,0.0006103515625
1.3963323353293413,0.0003662109375
1.3964570858283434,9.1552734375e-05
1.3965818363273452,-0.00018310546875
1.3967065868263473,-0.000457763671875
1.3968313373253494,-0.000640869140625
1.3969560878243512,-0.000732421875
1.3970808383233533,-0.000732421875
1.3972055888223553,-0.0006103515625
1.3973303393213572,-0.0003662109375
1.3974550898203593,-9.1552734375e-05
1.3975798403193613,0.00018310546875
1.3977045908183632,0.000457763671875
1.3978293413173652,0.000640869140625
1.3979540918163673,0.000732421875
1.3980788423153692,0.000732421875
1.3982035928143712,0.0006103515625
1.3983283433133733,0.000396728515625
1.3984530938123751,0.0001220703125
1.3985778443113772,-0.00018310546875
1.3987025948103793,-0.00042724609375
1.3988273453093811,-0.000640869140625
1.3989520958083832,-0.000732421875
1.3990768463073853,-0.000732421875
1.3992015968063871,-0.0006103515625
1.3993263473053892,-0.000396728515625
1.3994510978043913,-0.0001220703125
1.3995758483033933,0.00018310546875
1.3997005988023952,0.00042724609375
1.3998253493013972,0.000640869140625
1.3999500998003993,0.000732421875
1.4000748502994012,0.000732421875
1.4001996007984032,0.0006103515625
1.4003243512974053,0.000396728515625
1.4004491017964071,0.0001220703125
1.4005738522954092,-0.00018310546875
1.4006986027944113,-0.00042724609375
1.4008233532934131,-0.000640869140625
1.4009481037924152,-0.000732421875
1.4010728542914173,-0.000732421875
1.4011976047904191,-0.0006103515625
1.4013223552894212,-0.000396728515625
1.4014471057884232,-0.0001220703125
1.4015718562874251,0.000152587890625
1.4016966067864272,0.00042724609375
1.4018213572854292,0.0006103515625
1.4019461077844311,0.000732421875
1.4020708582834331,0.000701904296875
1.4021956087824352,0.0006103515625
1.4023203592814371,0.000396728515625
1.4024451097804391,0.0001220703125
1.4025698602794412,-0.000152587890625
1.402694610778443,-0.00042724609375
1.4028193612774451,-0.0006103515625
1.4029441117764472,-0.000732421875
1.403068862275449,-0.000701904296875
1.4031936127744511,-0.0006103515625
1.4033183632734532,-0.000396728515625
1.403443113772455,-0.0001220703125
1.4035678642714571,0.000152587890625
1.4036926147704591,0.00042724609375
1.403817365269461,0.0006103515625
1.4039421157684631,0.000701904296875
1.4040668662674651,0.000701904296875
1.404191616766467,0.0006103515625
1.404316367265469,0.000396728515625
1.4044411177644711,0.0001220703125
1.404565868263473,-0.000152587890625
1.404690618762475,-0.000396728515625
1.4048153692614771,-0.0006103515625
1.4049401197604789,-0.000701904296875
1.405064870259481,-0.000701904296875
1.4051896207584831,-0.0006103515625
1.4053143712574849,-0.000396728515625
1.405439121756487,-0.000152587890625
1.4055638722554891,0.000152587890625
1.4056886227544909,0.000396728515625
1.405813373253493,0.0006103515625
1.4059381237524951,0.000701904296875
1.4060628742514969,0.000701904296875
1.406187624750499,0.0006103515625
1.406312375249501,0.000396728515625
1.4064371257485031,0.000152587890625
1.4065618762475049,-0.000152587890625
1.406686626746507,-0.000396728515625
1.4068113772455091,-0.0006103515625
1.4069361277445109,-0.000701904296875
1.407060878243513,-0.000701904296875
1.4071856287425151,-0.0006103515625
1.4073103792415169,-0.000396728515625
1.407435129740519,-0.000152587890625
1.4075598802395211,0.0001220703125
1.4076846307385229,0.000396728515625
1.407809381237525,0.000579833984375
1.407934131736527,0.000701904296875
1.4080588822355289,0.000701904296875
1.408183632734531,0.0006103515625
1.408308383233533,0.000396728515625
1.4084331337325349,0.000152587890625
1.4085578842315369,-0.0001220703125
1.408682634730539,-0.000396728515625
1.4088073852295409,-0.000579833984375
1.4089321357285429,-0.000701904296875
1.409056886227545,-0.000701904296875
1.4091816367265468,-0.0006103515625
1.4093063872255489,-0.000396728515625
1.409431137724551,-0.000152587890625
1.4095558882235528,0.0001220703125
1.4096806387225549,0.000396728515625
1.409805389221557,0.000579833984375
1.4099301397205588,0.000701904296875
1.4100548902195609,0.000701904296875
1.4101796407185629,0.0006103515625
1.4103043912175648,0.000396728515625
1.4104291417165669,0.000152587890625
1.4105538922155689,-0.0001220703125
1.4106786427145708,-0.0003662109375
1.4108033932135728,-0.000579833984375
1.4109281437125749,-0.000701904296875
1.4110528942115768,-0.000701904296875
1.4111776447105788,-0.0006103515625
1.4113023952095809,-0.000396728515625
1.4114271457085827,-0.000152587890625
1.4115518962075848,0.0001220703125
1.4116766467065869,0.0003662109375
1.4118013972055887,0.000579833984375
1.4119261477045908,0.00067138671875
1.4120508982035929,0.000701904296875
1.4121756487025947,0.0006103515625
1.4123003992015968,0.00042724609375
1.4124251497005988,0.000152587890625
1.4125499001996007,-0.0001220703125
1.4126746506986028,-0.0003662109375
1.4127994011976048,-0.000579833984375
1.4129241516966067,-0.00067138671875
1.4130489021956087,-0.000701904296875
1.4131736526946108,-0.0006103515625
1.4132984031936129,-0.00042724609375
1.4134231536926147,-0.000152587890625
1.4135479041916168,9.1552734375e-05
1.4136726546906189,0.0003662109375
1.4137974051896207,0.00054931640625
1.4139221556886228,0.00067138671875
1.4140469061876249,0.000701904296875
1.4141716566866267,0.0006103515625
1.4142964071856288,0.00042724609375
1.4144211576846308,0.00018310546875
1.4145459081836327,-9.1552734375e-05
1.4146706586826348,-0.0003662109375
1.4147954091816368,-0.00054931640625
1.4149201596806387,-0.00067138671875
1.4150449101796407,-0.000701904296875
1.4151696606786428,-0.0006103515625
1.4152944111776447,-0.00042724609375
1.4154191616766467,-0.00018310546875
1.4155439121756488,9.1552734375e-05
1.4156686626746506,0.0003662109375
1.4157934131736527,0.00054931640625
1.4159181636726548,0.00067138671875
1.4160429141716566,0.000701904296875
1.4161676646706587,0.0006103515625
1.4162924151696608,0.00042724609375
1.4164171656686626,0.00018310546875
1.4165419161676647,-9.1552734375e-05
1.4166666666666667,-0.000335693359375
1.4167914171656686,-0.00054931640625
1.4169161676646707,-0.00067138671875
1.4170409181636727,-0.00067138671875
1.4171656686626746,-0.0006103515625
1.4172904191616766,-0.00042724609375
1.4174151696606787,-0.00018310546875
1.4175399201596806,9.1552734375e-05
1.4176646706586826,0.000335693359375
1.4177894211576847,0.00054931640625
1.4179141716566865,0.00067138671875
1.4180389221556886,0.00067138671875
1.4181636726546907,0.0006103515625
1.4182884231536925,0.00042724609375
1.4184131736526946,0.00018310546875
1.4185379241516967,-9.1552734375e-05
1.4186626746506985,-0.000335693359375
1.4187874251497006,-0.00054931640625
1.4189121756487026,-0.00067138671875
1.4190369261477045,-0.00067138671875
1.4191616766467066,-0.0006103515625
1.4192864271457086,-0.00042724609375
1.4194111776447105,-0.00018310546875
1.4195359281437125,9.1552734375e-05
1.4196606786427146,0.000335693359375
1.4197854291417165,0.000518798828125
1.4199101796407185,0.000640869140625
1.4200349301397206,0.00067138671875
1.4201596806387227,0.0006103515625
1.4202844311377245,0.00042724609375
1.4204091816367266,0.00018310546875
1.4205339321357286,-6.103515625e-05
1.4206586826347305,-0.000335693359375
1.4207834331337326,-0.000518798828125
1.4209081836327346,-0.000640869140625
1.4210329341317365,-0.00067138671875
1.4211576846307385,-0.0006103515625
1.4212824351297406,-0.00042724609375
1.4214071856287425,-0.00018310546875
1.4215319361277445,6.103515625e-05
1.4216566866267466,0.000335693359375
1.4217814371257484,0.000518798828125
1.4219061876247505,0.000640869140625
1.4220309381237526,0.00067138671875
1.4221556886227544,0.0006103515625
1.4222804391217565,0.00042724609375
1.4224051896207586,0.000213623046875
1.4225299401197604,-6.103515625e-05
1.4226546906187625,-0.00030517578125
1.4227794411177646,-0.000518798828125
1.4229041916167664,-0.000640869140625
1.4230289421157685,-0.00067138671875
1.4231536926147705,-0.0006103515625
1.4232784431137724,-0.00042724609375
1.4234031936127745,-0.000213623046875
1.4235279441117765,6.103515625e-05
1.4236526946107784,0.00030517578125
1.4237774451097804,0.000518798828125
1.4239021956087825,0.000640869140625
1.4240269461077844,0.00067138671875
1.4241516966067864,0.0006103515625
1.4242764471057885,0.00042724609375
1.4244011976047903,0.000213623046875
1.4245259481037924,-6.103515625e-05
1.4246506986027945,-0.00030517578125
1.4247754491017963,-0.000518798828125
1.4249001996007984,-0.000640869140625
1.4250249500998005,-0.00067138671875
1.4251497005988023,-0.0006103515625
1.4252744510978044,-0.00042724609375
1.4253992015968064,-0.000213623046875
1.4255239520958083,6.103515625e-05
1.4256487025948104,0.00030517578125
1.4257734530938124,0.000518798828125
1.4258982035928143,0.000640869140625
1.4260229540918163,0.00067138671875
1.4261477045908184,0.0006103515625
1.4262724550898203,0.00042724609375
1.4263972055888223,0.000213623046875
1.4265219560878244,-6.103515625e-05
1.4266467065868262,-0.00030517578125
1.4267714570858283,-0.00048828125
1.4268962075848304,-0.000640869140625
1.4270209580838322,-0.00067138671875
1.4271457085828343,-0.0006103515625
1.4272704590818364,-0.00042724609375
1.4273952095808384,-0.000213623046875
1.4275199600798403,3.0517578125e-05
1.4276447105788423,0.00030517578125
1.4277694610778444,0.00048828125
1.4278942115768463,0.0006103515625
1.4280189620758483,0.00067138671875
1.4281437125748504,0.000579833984375
1.4282684630738522,0.00042724609375
1.4283932135728543,0.000213623046875
1.4285179640718564,-3.0517578125e-05
1.4286427145708582,-0.000274658203125
1.4287674650698603,-0.00048828125
1.4288922155688624,-0.0006103515625
1.4290169660678642,-0.00067138671875
1.4291417165668663,-0.000579833984375
1.4292664670658684,-0.00042724609375
1.4293912175648702,-0.000213623046875
1.4295159680638723,3.0517578125e-05
1.4296407185628743,0.000274658203125
1.4297654690618762,0.00048828125
1.4298902195608783,0.0006103515625
1.4300149700598803,0.000640869140625
1.4301397205588822,0.000579833984375
1.4302644710578842,0.00042724609375
1.4303892215568863,0.000213623046875
1.4305139720558881,-3.0517578125e-05
1.4306387225548902,-0.000274658203125
1.4307634730538923,-0.00048828125
1.4308882235528941,-0.0006103515625
1.4310129740518962,-0.000640869140625
1.4311377245508983,-0.000579833984375
1.4312624750499001,-0.000457763671875
1.4313872255489022,-0.000213623046875
1.4315119760479043,3.0517578125e-05
1.4316367265469061,0.000274658203125
1.4317614770459082,0.00048828125
1.4318862275449102,0.0006103515625
1.4320109780439121,0.000640869140625
1.4321357285429142,0.000579833984375
1.4322604790419162,0.000457763671875
1.4323852295409181,0.000244140625
1.4325099800399201,-3.0517578125e-05
1.4326347305389222,-0.000274658203125
1.4327594810379241,-0.000457763671875
1.4328842315369261,-0.0006103515625
1.4330089820359282,-0.000640869140625
1.43313373253493,-0.000579833984375
1.4332584830339321,-0.000457763671875
1.4333832335329342,-0.000244140625
1.433507984031936,3.0517578125e-05
1.4336327345309381,0.000274658203125
1.4337574850299402,0.000457763671875
1.433882235528942,0.0006103515625
1.4340069860279441,0.000640869140625
1.4341317365269461,0.000579833984375
1.4342564870259482,0.000457763671875
1.4343812375249501,0.000244140625
1.4345059880239521,0
1.4346307385229542,-0.000244140625
1.434755489021956,-0.000457763671875
1.4348802395209581,-0.0006103515625
1.4350049900199602,-0.000640869140625
1.435129740518962,-0.000579833984375
1.4352544910179641,-0.000457763671875
1.4353792415169662,-0.000244140625
1.435503992015968,0
1.4356287425149701,0.000244140625
1.4357534930139721,0.000457763671875
1.435878243512974,0.000579833984375
1.4360029940119761,0.000640869140625
1.4361277445109781,0.000579833984375
1.43625249500998,0.000457763671875
1.436377245508982,0.000244140625
1.4365019960079841,0
1.436626746506986,-0.000244140625
1.436751497005988,-0.000457763671875
1.4368762475049901,-0.000579833984375
1.4370009980039919,-0.000640869140625
1.437125748502994,-0.000579833984375
1.4372504990019961,-0.000457763671875
1.4373752495009979,-0.000244140625
1.4375,0
1.4376247504990021,0.000244140625
1.4377495009980039,0.000457763671875
1.437874251497006,0.000579833984375
1.4379990019960081,0.000640869140625
1.4381237524950099,0.000579833984375
1.438248502994012,0.000457763671875
1.438373253493014,0.000244140625
1.4384980039920159,0
1.438622754491018,-0.000244140625
1.43874750499002,-0.000457763671875
1.4388722554890219,-0.000579833984375
1.4389970059880239,-0.000640869140625
1.439121756487026,-0.000579833984375
1.4392465069860279,-0.000457763671875
1.4393712574850299,-0.000244140625
1.439496007984032,0
1.4396207584830338,0.000244140625
1.4397455089820359,0.00042724609375
1.439870259481038,0.000579833984375
1.4399950099800398,0.000640869140625
1.4401197604790419,0.000579833984375
1.440244510978044,0.000457763671875
1.4403692614770458,0.000244140625
1.4404940119760479,0
1.4406187624750499,-0.000244140625
1.4407435129740518,-0.00042724609375
1.4408682634730539,-0.000579833984375
1.4409930139720559,-0.000640869140625
1.441117764471058,-0.000579833984375
1.4412425149700598,-0.000457763671875
1.4413672654690619,-0.000244140625
1.441492015968064,-3.0517578125e-05
1.4416167664670658,0.000213623046875
1.4417415169660679,0.00042724609375
1.44186626746507,0.000579833984375
1.4419910179640718,0.0006103515625
1.4421157684630739,0.000579833984375
1.4422405189620759,0.000457763671875
1.4423652694610778,0.000244140625
1.4424900199600799,3.0517578125e-05
1.4426147704590819,-0.000213623046875
1.4427395209580838,-0.00042724609375
1.4428642714570858,-0.000579833984375
1.4429890219560879,-0.0006103515625
1.4431137724550898,-0.000579833984375
1.4432385229540918,-0.000457763671875
1.4433632734530939,-0.000244140625
1.4434880239520957,-3.0517578125e-05
1.4436127744510978,0.000213623046875
1.4437375249500999,0.00042724609375
1.4438622754491017,0.00054931640625
1.4439870259481038,0.0006103515625
1.4441117764471059,0.000579833984375
1.4442365269461077,0.000457763671875
1.4443612774451098,0.000274658203125
1.4444860279441119,3.0517578125e-05
1.4446107784431137,-0.000213623046875
1.4447355289421158,-0.00042724609375
1.4448602794411178,-0.00054931640625
1.4449850299401197,-0.0006103515625
1.4451097804391217,-0.000579833984375
1.4452345309381238,-0.000457763671875
1.4453592814371257,-0.000274658203125
1.4454840319361277,-3.0517578125e-05
1.4456087824351298,0.000213623046875
1.4457335329341316,0.00042724609375
1.4458582834331337,0.00054931640625
1.4459830339321358,0.0006103515625
1.4461077844311376,0.000579833984375
1.4462325349301397,0.000457763671875
1.4463572854291418,0.000274658203125
1.4464820359281436,3.0517578125e-05
1.4466067864271457,-0.000213623046875
1.4467315369261478,-0.000396728515625
1.4468562874251496,-0.00054931640625
1.4469810379241517,-0.0006103515625
1.4471057884231537,-0.000579833984375
1.4472305389221556,-0.000457763671875
1.4473552894211577,-0.000274658203125
1.4474800399201597,-3.0517578125e-05
1.4476047904191616,0.00018310546875
1.4477295409181636,0.000396728515625
1.4478542914171657,0.00054931640625
1.4479790419161678,0.0006103515625
1.4481037924151696,0.000579833984375
1.4482285429141717,0.000457763671875
1.4483532934131738,0.000274658203125
1.4484780439121756,3.0517578125e-05
1.4486027944111777,-0.00018310546875
1.4487275449101797,-0.000396728515625
1.4488522954091816,-0.00054931640625
1.4489770459081837,-0.0006103515625
1.4491017964071857,-0.000579833984375
1.4492265469061876,-0.000457763671875
1.4493512974051896,-0.000274658203125
1.4494760479041917,-3.0517578125e-05
1.4496007984031936,0.00018310546875
1.4497255489021956,0.000396728515625
1.4498502994011977,0.00054931640625
1.4499750499001995,0.0006103515625
1.4500998003992016,0.000579833984375
1.4502245508982037,0.000457763671875
1.4503493013972055,0.000274658203125
1.4504740518962076,6.103515625e-05
1.4505988023952097,-0.00018310546875
1.4507235528942115,-0.000396728515625
1.4508483033932136,-0.00054931640625
1.4509730538922156,-0.0006103515625
1.4510978043912175,-0.000579833984375
1.4512225548902196,-0.000457763671875
1.4513473053892216,-0.000274658203125
1.4514720558882235,-6.103515625e-05
1.4515968063872255,0.00018310546875
1.4517215568862276,0.000396728515625
1.4518463073852295,0.000518798828125
1.4519710578842315,0.0006103515625
1.4520958083832336,0.000579833984375
1.4522205588822354,0.000457763671875
1.4523453093812375,0.000274658203125
1.4524700598802396,6.103515625e-05
1.4525948103792414,-0.00018310546875
1.4527195608782435,-0.0003662109375
1.4528443113772456,-0.000518798828125
1.4529690618762474,-0.0006103515625
1.4530938123752495,-0.000579833984375
1.4532185628742516,-0.000457763671875
1.4533433133732534,-0.000274658203125
1.4534680638722555,-6.103515625e-05
1.4535928143712575,0.00018310546875
1.4537175648702594,0.0003662109375
1.4538423153692615,0.000518798828125
1.4539670658682635,0.000579833984375
1.4540918163672654,0.000579833984375
1.4542165668662674,0.000457763671875
1.4543413173652695,0.000274658203125
1.4544660678642714,6.103515625e-05
1.4545908183632734,-0.000152587890625
1.4547155688622755,-0.0003662109375
1.4548403193612773,-0.000518798828125
1.4549650698602794,-0.000579833984375
1.4550898203592815,-0.000579833984375
1.4552145708582835,-0.000457763671875
1.4553393213572854,-0.000274658203125
1.4554640718562875,-6.103515625e-05
1.4555888223552895,0.000152587890625
1.4557135728542914,0.0003662109375
1.4558383233532934,0.000518798828125
1.4559630738522955,0.000579833984375
1.4560878243512974,0.000579833984375
1.4562125748502994,0.000457763671875
1.4563373253493015,0.000274658203125
1.4564620758483033,6.103515625e-05
1.4565868263473054,-0.000152587890625
1.4567115768463075,-0.0003662109375
1.4568363273453093,-0.000518798828125
1.4569610778443114,-0.000579833984375
1.4570858283433135,-0.000579833984375
1.4572105788423153,-0.000457763671875
1.4573353293413174,-0.00030517578125
1.4574600798403194,-6.103515625e-05
1.4575848303393213,0.000152587890625
1.4577095808383234,0.0003662109375
1.4578343313373254,0.000518798828125
1.4579590818363273,0.000579833984375
1.4580838323353293,0.000579833984375
1.4582085828343314,0.000457763671875
1.4583333333333333,0.00030517578125
1.4584580838323353,9.1552734375e-05
1.4585828343313374,-0.000152587890625
1.4587075848303392,-0.0003662109375
1.4588323353293413,-0.000518798828125
1.4589570858283434,-0.000579833984375
1.4590818363273452,-0.000579833984375
1.4592065868263473,-0.000457763671875
1.4593313373253494,-0.00030517578125
1.4594560878243512,-9.1552734375e-05
1.4595808383233533,0.000152587890625
1.4597055888223553,0.000335693359375
1.4598303393213572,0.00048828125
1.4599550898203593,0.000579833984375
1.4600798403193613,0.00054931640625
1.4602045908183632,0.000457763671875
1.4603293413173652,0.00030517578125
1.4604540918163673,9.1552734375e-05
1.4605788423153692,-0.000152587890625
1.4607035928143712,-0.000335693359375
1.4608283433133733,-0.00048828125
1.4609530938123751,-0.000579833984375
1.4610778443113772,-0.00054931640625
1.4612025948103793,-0.000457763671875
1.4613273453093811,-0.00030517578125
1.4614520958083832,-9.1552734375e-05
1.4615768463073853,0.000152587890625
1.4617015968063871,0.000335693359375
1.4618263473053892,0.00048828125
1.4619510978043913,0.000579833984375
1.4620758483033933,0.00054931640625
1.4622005988023952,0.000457763671875
1.4623253493013972,0.00030517578125
1.4624500998003993,9.1552734375e-05
1.4625748502994012,-0.0001220703125
1.4626996007984032,-0.000335693359375
1.4628243512974053,-0.00048828125
1.4629491017964071,-0.000579833984375
1.4630738522954092,-0.00054931640625
1.4631986027944113,-0.000457763671875
1.4633233532934131,-0.00030517578125
1.4634481037924152,-9.1552734375e-05
1.4635728542914173,0.0001220703125
1.4636976047904191,0.000335693359375
1.4638223552894212,0.00048828125
1.4639471057884232,0.000579833984375
1.4640718562874251,0.00054931640625
1.4641966067864272,0.000457763671875
1.4643213572854292,0.00030517578125
1.4644461077844311,9.1552734375e-05
1.4645708582834331,-0.0001220703125
1.4646956087824352,-0.000335693359375
1.4648203592814371,-0.00048828125
1.4649451097804391,-0.00054931640625
1.4650698602794412,-0.00054931640625
1.465194610778443,-0.000457763671875
1.4653193612774451,-0.00030517578125
1.4654441117764472,-9.1552734375e-05
1.465568862275449,0.0001220703125
1.4656936127744511,0.000335693359375
1.4658183632734532,0.00048828125
1.465943113772455,0.00054931640625
1.4660678642714571,0.00054931640625
1.4661926147704591,0.000457763671875
1.466317365269461,0.00030517578125
1.4664421157684631,9.1552734375e-05
1.4665668662674651,-0.0001220703125
1.466691616766467,-0.000335693359375
1.466816367265469,-0.00048828125
1.4669411177644711,-0.00054931640625
1.467065868263473,-0.00054931640625
1.467190618762475,-0.000457763671875
1.4673153692614771,-0.00030517578125
1.4674401197604789,-9.1552734375e-05
1.467564870259481,0.0001220703125
1.4676896207584831,0.00030517578125
1.4678143712574849,0.000457763671875
1.467939121756487,0.00054931640625
1.4680638722554891,0.00054931640625
1.4681886227544909,0.000457763671875
1.468313373253493,0.00030517578125
1.4684381237524951,0.0001220703125
1.4685628742514969,-0.0001220703125
1.468687624750499,-0.00030517578125
1.468812375249501,-0.000457763671875
1.4689371257485031,-0.00054931640625
1.4690618762475049,-0.00054931640625
1.469186626746507,-0.000457763671875
1.4693113772455091,-0.00030517578125
1.4694361277445109,-0.0001220703125
1.469560878243513,9.1552734375e-05
1.4696856287425151,0.00030517578125
1.4698103792415169,0.000457763671875
1.469935129740519,0.00054931640625
1.4700598802395211,0.00054931640625
1.4701846307385229,0.000457763671875
1.470309381237525,0.00030517578125
1.470434131736527,0.0001220703125
1.4705588822355289,-9.1552734375e-05
1.470683632734531,-0.00030517578125
1.470808383233533,-0.000457763671875
1.4709331337325349,-0.00054931640625
1.4710578842315369,-0.00054931640625
1.471182634730539,-0.000457763671875
1.4713073852295409,-0.00030517578125
1.4714321357285429,-0.0001220703125
1.471556886227545,9.1552734375e-05
1.4716816367265468,0.00030517578125
1.4718063872255489,0.000457763671875
1.471931137724551,0.00054931640625
1.4720558882235528,0.00054931640625
1.4721806387225549,0.000457763671875
1.472305389221557,0.00030517578125
1.4724301397205588,0.0001220703125
1.4725548902195609,-9.1552734375e-05
1.4726796407185629,-0.00030517578125
1.4728043912175648,-0.000457763671875
1.4729291417165669,-0.00054931640625
1.4730538922155689,-0.00054931640625
1.4731786427145708,-0.000457763671875
1.4733033932135728,-0.00030517578125
1.4734281437125749,-0.0001220703125
1.4735528942115768,9.1552734375e-05
1.4736776447105788,0.00030517578125
1.4738023952095809,0.000457763671875
1.4739271457085827,0.00054931640625
1.4740518962075848,0.00054931640625
1.4741766467065869,0.000457763671875
1.4743013972055887,0.000335693359375
1.4744261477045908,0.0001220703125
1.4745508982035929,-9.1552734375e-05
1.4746756487025947,-0.000274658203125
1.4748003992015968,-0.000457763671875
1.4749251497005988,-0.000518798828125
1.4750499001996007,-0.00054931640625
1.4751746506986028,-0.000457763671875
1.4752994011976048,-0.000335693359375
1.4754241516966067,-0.0001220703125
1.4755489021956087,9.1552734375e-05
1.4756736526946108,0.000274658203125
1.4757984031936129,0.00042724609375
1.4759231536926147,0.000518798828125
1.4760479041916168,0.00054931640625
1.4761726546906189,0.000457763671875
1.4762974051896207,0.000335693359375
1.4764221556886228,0.0001220703125
1.4765469061876249,-9.1552734375e-05
1.4766716566866267,-0.000274658203125
1.4767964071856288,-0.00042724609375
1.4769211576846308,-0.000518798828125
1.4770459081836327,-0.00054931640625
1.4771706586826348,-0.000457763671875
1.4772954091816368,-0.000335693359375
1.4774201596806387,-0.0001220703125
1.4775449101796407,6.103515625e-05
1.4776696606786428,0.000274658203125
1.4777944111776447,0.00042724609375
1.4779191616766467,0.000518798828125
1.4780439121756488,0.00054931640625
1.4781686626746506,0.000457763671875
1.4782934131736527,0.000335693359375
1.4784181636726548,0.000152587890625
1.4785429141716566,-6.103515625e-05
1.4786676646706587,-0.000274658203125
1.4787924151696608,-0.00042724609375
1.4789171656686626,-0.000518798828125
1.4790419161676647,-0.00054931640625
1.4791666666666667,-0.000457763671875
1.4792914171656686,-0.000335693359375
1.4794161676646707,-0.000152587890625
1.4795409181636727,6.103515625e-05
1.4796656686626746,0.000274658203125
1.4797904191616766,0.00042724609375
1.4799151696606787,0.000518798828125
1.4800399201596806,0.000518798828125
1.4801646706586826,0.000457763671875
1.4802894211576847,0.000335693359375
1.4804141716566865,0.000152587890625
1.4805389221556886,-6.103515625e-05
1.4806636726546907,-0.000274658203125
1.4807884231536925,-0.00042724609375
1.4809131736526946,-0.000518798828125
1.4810379241516967,-0.000518798828125
1.4811626746506985,-0.000457763671875
1.4812874251497006,-0.000335693359375
1.4814121756487026,-0.000152587890625
1.4815369261477045,6.103515625e-05
1.4816616766467066,0.000274658203125
1.4817864271457086,0.00042724609375
1.4819111776447105,0.000518798828125
1.4820359281437125,0.000518798828125
1.4821606786427146,0.000457763671875
1.4822854291417165,0.000335693359375
1.4824101796407185,0.000152587890625
1.4825349301397206,-6.103515625e-05
1.4826596806387227,-0.000244140625
1.4827844311377245,-0.00042724609375
1.4829091816367266,-0.000518798828125
1.4830339321357286,-0.000518798828125
1.4831586826347305,-0.000457763671875
1.4832834331337326,-0.000335693359375
1.4834081836327346,-0.000152587890625
1.4835329341317365,6.103515625e-05
1.4836576846307385,0.000244140625
1.4837824351297406,0.000396728515625
1.4839071856287425,0.000518798828125
1.4840319361277445,0.000518798828125
1.4841566866267466,0.000457763671875
1.4842814371257484,0.000335693359375
1.4844061876247505,0.000152587890625
1.4845309381237526,-6.103515625e-05
1.4846556886227544,-0.000244140625
1.4847804391217565,-0.000396728515625
1.4849051896207586,-0.00048828125
1.4850299401197604,-0.000518798828125
1.4851546906187625,-0.000457763671875
1.4852794411177646,-0.000335693359375
1.4854041916167664,-0.000152587890625
1.4855289421157685,6.103515625e-05
1.4856536926147705,0.000244140625
1.4857784431137724,0.000396728515625
1.4859031936127745,0.00048828125
1.4860279441117765,0.000518798828125
1.4861526946107784,0.000457763671875
1.4862774451097804,0.000335693359375
1.4864021956087825,0.000152587890625
1.4865269461077844,-3.0517578125e-05
1.4866516966067864,-0.000244140625
1.4867764471057885,-0.000396728515625
1.4869011976047903,-0.00048828125
1.4870259481037924,-0.000518798828125
1.4871506986027945,-0.000457763671875
1.4872754491017963,-0.000335693359375
1.4874001996007984,-0.000152587890625
1.4875249500998005,3.0517578125e-05
1.4876497005988023,0.000244140625
1.4877744510978044,0.000396728515625
1.4878992015968064,0.00048828125
1.4880239520958083,0.000518798828125
1.4881487025948104,0.000457763671875
1.4882734530938124,0.000335693359375
1.4883982035928143,0.000152587890625
1.4885229540918163,-3.0517578125e-05
1.4886477045908184,-0.000244140625
1.4887724550898203,-0.000396728515625
1.4888972055888223,-0.00048828125
1.4890219560878244,-0.000518798828125
1.4891467065868262,-0.000457763671875
1.4892714570858283,-0.000335693359375
1.4893962075848304,-0.000152587890625
1.4895209580838322,3.0517578125e-05
1.4896457085828343,0.000213623046875
1.4897704590818364,0.000396728515625
1.4898952095808384,0.00048828125
1.4900199600798403,0.000518798828125
1.4901447105788423,0.000457763671875
1.4902694610778444,0.000335693359375
1.4903942115768463,0.00018310546875
1.4905189620758483,-3.0517578125e-05
1.4906437125748504,-0.000213623046875
1.4907684630738522,-0.000396728515625
1.4908932135728543,-0.00048828125
1.4910179640718564,-0.000518798828125
1.4911427145708582,-0.000457763671875
1.4912674650698603,-0.000335693359375
1.4913922155688624,-0.00018310546875
1.4915169660678642,3.0517578125e-05
1.4916417165668663,0.000213623046875
1.4917664670658684,0.0003662109375
1.4918912175648702,0.00048828125
1.4920159680638723,0.000518798828125
1.4921407185628743,0.000457763671875
1.4922654690618762,0.000335693359375
1.4923902195608783,0.00018310546875
1.4925149700598803,-3.0517578125e-05
1.4926397205588822,-0.000213623046875
1.4927644710578842,-0.0003662109375
1.4928892215568863,-0.00048828125
1.4930139720558881,-0.000518798828125
1.4931387225548902,-0.000457763671875
1.4932634730538923,-0.000335693359375
1.4933882235528941,-0.00018310546875
1.4935129740518962,3.0517578125e-05
1.4936377245508983,0.000213623046875
1.4937624750499001,0.0003662109375
1.4938872255489022,0.00048828125
1.4940119760479043,0.000518798828125
1.4941367265469061,0.000457763671875
1.4942614770459082,0.000335693359375
1.4943862275449102,0.00018310546875
1.4945109780439121,-3.0517578125e-05
1.4946357285429142,-0.000213623046875
1.4947604790419162,-0.0003662109375
1.4948852295409181,-0.00048828125
1.4950099800399201,-0.000518798828125
1.4951347305389222,-0.000457763671875
1.4952594810379241,-0.000335693359375
1.4953842315369261,-0.00018310546875
1.4955089820359282,0
1.49563373253493,0.000213623046875
1.4957584830339321,0.0003662109375
1.4958832335329342,0.000457763671875
1.496007984031936,0.000518798828125
1.4961327345309381,0.000457763671875
1.4962574850299402,0.000335693359375
1.496382235528942,0.00018310546875
1.4965069860279441,0
1.4966317365269461,-0.000213623046875
1.4967564870259482,-0.0003662109375
1.4968812375249501,-0.000457763671875
1.4970059880239521,-0.00048828125
1.4971307385229542,-0.000457763671875
1.497255489021956,-0.000335693359375
1.4973802395209581,-0.00018310546875
1.4975049900199602,0
1.497629740518962,0.000213623046875
1.4977544910179641,0.0003662109375
1.4978792415169662,0.000457763671875
1.498003992015968,0.00048828125
1.4981287425149701,0.000457763671875
1.4982534930139721,0.000335693359375
1.498378243512974,0.00018310546875
1.4985029940119761,0
1.4986277445109781,-0.00018310546875
1.49875249500998,-0.0003662109375
1.498877245508982,-0.000457763671875
1.4990019960079841,-0.00048828125
1.499126746506986,-0.000457763671875
1.499251497005988,-0.000335693359375
1.4993762475049901,-0.00018310546875
1.4995009980039919,0
1.499625748502994,0.00018310546875
1.4997504990019961,0.0003662109375
1.4998752495009979,0.000457763671875
1.5,0.00048828125
1.5001247504990021,0.000457763671875
1.5002495009980039,0.000335693359375
1.500374251497006,0.00018310546875
1.5004990019960081,0
1.5006237524950099,-0.00018310546875
1.500748502994012,-0.000335693359375
1.500873253493014,-0.000457763671875
1.5009980039920159,-0.00048828125
1.501122754491018,-0.000457763671875
1.50124750499002,-0.0003662109375
1.5013722554890219,-0.00018310546875
1.5014970059880239,0
1.501621756487026,0.00018310546875
1.5017465069860279,0.000335693359375
1.5018712574850299,0.000457763671875
1.501996007984032,0.00048828125
1.5021207584830338,0.000457763671875
1.5022455089820359,0.0003662109375
1.502370259481038,0.00018310546875
1.5024950099800398,0
1.5026197604790419,-0.00018310546875
1.502744510978044,-0.000335693359375
1.5028692614770458,-0.000457763671875
1.5029940119760479,-0.00048828125
1.5031187624750499,-0.000457763671875
1.5032435129740518,-0.0003662109375
1.5033682634730539,-0.00018310546875
1.5034930139720559,0
1.503617764471058,0.00018310546875
1.5037425149700598,0.000335693359375
1.5038672654690619,0.000457763671875
1.503992015968064,0.00048828125
1.5041167664670658,0.000457763671875
1.5042415169660679,0.0003662109375
1.50436626746507,0.000213623046875
1.5044910179640718,0
1.5046157684630739,-0.00018310546875
1.5047405189620759,-0.000335693359375
1.5048652694610778,-0.000457763671875
1.5049900199600799,-0.00048828125
1.5051147704590819,-0.000457763671875
1.5052395209580838,-0.0003662109375
1.5053642714570858,-0.000213623046875
1.5054890219560879,-3.0517578125e-05
1.5056137724550898,0.00018310546875
1.5057385229540918,0.000335693359375
1.5058632734530939,0.00042724609375
1.5059880239520957,0.00048828125
1.5061127744510978,0.000457763671875
1.5062375249500999,0.0003662109375
1.5063622754491017,0.000213623046875
1.5064870259481038,3.0517578125e-05
1.5066117764471059,-0.000152587890625
1.5067365269461077,-0.000335693359375
1.5068612774451098,-0.00042724609375
1.5069860279441119,-0.00048828125
1.5071107784431137,-0.000457763671875
1.5072355289421158,-0.0003662109375
1.5073602794411178,-0.000213623046875
1.5074850299401197,-3.0517578125e-05
1.5076097804391217,0.000152587890625
1.5077345309381238,0.000335693359375
1.5078592814371257,0.00042724609375
1.5079840319361277,0.00048828125
1.5081087824351298,0.000457763671875
1.5082335329341316,0.0003662109375
1.5083582834331337,0.000213623046875
1.5084830339321358,3.0517578125e-05
1.5086077844311376,-0.000152587890625
1.5087325349301397,-0.00030517578125
1.5088572854291418,-0.00042724609375
1.5089820359281436,-0.00048828125
1.5091067864271457,-0.000457763671875
1.5092315369261478,-0.0003662109375
1.5093562874251496,-0.000213623046875
1.5094810379241517,-3.0517578125e-05
1.5096057884231537,0.000152587890625
1.5097305389221556,0.00030517578125
1.5098552894211577,0.00042724609375
1.5099800399201597,0.00048828125
1.5101047904191616,0.000457763671875
1.5102295409181636,0.0003662109375
1.5103542914171657,0.000213623046875
1.5104790419161678,3.0517578125e-05
1.5106037924151696,-0.000152587890625
1.5107285429141717,-0.00030517578125
1.5108532934131738,-0.00042724609375
1.5109780439121756,-0.00048828125
1.5111027944111777,-0.000457763671875
1.5112275449101797,-0.0003662109375
1.5113522954091816,-0.000213623046875
1.5114770459081837,-3.0517578125e-05
1.5116017964071857,0.000152587890625
1.5117265469061876,0.00030517578125
1.5118512974051896,0.00042724609375
1.5119760479041917,0.000457763671875
1.5121007984031936,0.000457763671875
1.5122255489021956,0.0003662109375
1.5123502994011977,0.000213623046875
1.5124750499001995,3.0517578125e-05
1.5125998003992016,-0.000152587890625
1.5127245508982037,-0.00030517578125
1.5128493013972055,-0.00042724609375
1.5129740518962076,-0.000457763671875
1.5130988023952097,-0.000457763671875
1.5132235528942115,-0.0003662109375
1.5133483033932136,-0.000213623046875
1.5134730538922156,-3.0517578125e-05
1.5135978043912175,0.000152587890625
1.5137225548902196,0.00030517578125
1.5138473053892216,0.00042724609375
1.5139720558882235,0.000457763671875
1.5140968063872255,0.000457763671875
1.5142215568862276,0.0003662109375
1.5143463073852295,0.000213623046875
1.5144710578842315,3.0517578125e-05
1.5145958083832336,-0.000152587890625
1.5147205588822354,-0.00030517578125
1.5148453093812375,-0.00042724609375
1.5149700598802396,-0.000457763671875
1.5150948103792414,-0.000457763671875
1.5152195608782435,-0.0003662109375
1.5153443113772456,-0.000213623046875
1.5154690618762474,-3.0517578125e-05
1.5155938123752495,0.0001220703125
1.5157185628742516,0.00030517578125
1.5158433133732534,0.000396728515625
1.5159680638722555,0.000457763671875
1.5160928143712575,0.000457763671875
1.5162175648702594,0.0003662109375
1.5163423153692615,0.000213623046875
1.5164670658682635,6.103515625e-05
1.5165918163672654,-0.0001220703125
1.5167165668662674,-0.00030517578125
1.5168413173652695,-0.000396728515625
1.5169660678642714,-0.000457763671875
1.5170908183632734,-0.000457763671875
1.5172155688622755,-0.0003662109375
1.5173403193612773,-0.000213623046875
1.5174650698602794,-6.103515625e-05
1.5175898203592815,0.0001220703125
1.5177145708582835,0.000274658203125
1.5178393213572854,0.000396728515625
1.5179640718562875,0.000457763671875
1.5180888223552895,0.000457763671875
1.5182135728542914,0.0003662109375
1.5183383233532934,0.000213623046875
1.5184630738522955,6.103515625e-05
1.5185878243512974,-0.0001220703125
1.5187125748502994,-0.000274658203125
1.5188373253493015,-0.000396728515625
1.5189620758483033,-0.000457763671875
1.5190868263473054,-0.00042724609375
1.5192115768463075,-0.0003662109375
1.5193363273453093,-0.000213623046875
1.5194610778443114,-6.103515625e-05
1.5195858283433135,0.0001220703125
1.5197105788423153,0.000274658203125
1.5198353293413174,0.000396728515625
1.5199600798403194,0.000457763671875
1.5200848303393213,0.00042724609375
1.5202095808383234,0.0003662109375
1.5203343313373254,0.000213623046875
1.5204590818363273,6.103515625e-05
1.5205838323353293,-0.0001220703125
1.5207085828343314,-0.000274658203125
1.5208333333333333,-0.000396728515625
1.5209580838323353,-0.000457763671875
1.5210828343313374,-0.00042724609375
1.5212075848303392,-0.0003662109375
1.5213323353293413,-0.000213623046875
1.5214570858283434,-6.103515625e-05
1.5215818363273452,0.0001220703125
1.5217065868263473,0.000274658203125
1.5218313373253494,0.000396728515625
1.5219560878243512,0.000457763671875
1.5220808383233533,0.00042724609375
1.5222055888223553,0.0003662109375
1.5223303393213572,0.000244140625
1.5224550898203593,6.103515625e-05
1.5225798403193613,-0.0001220703125
1.5227045908183632,-0.000274658203125
1.5228293413173652,-0.000396728515625
1.5229540918163673,-0.000457763671875
1.5230788423153692,-0.00042724609375
1.5232035928143712,-0.0003662109375
1.5233283433133733,-0.000244140625
1.5234530938123751,-6.103515625e-05
1.5235778443113772,0.0001220703125
1.5237025948103793,0.000274658203125
1.5238273453093811,0.000396728515625
1.5239520958083832,0.000457763671875
1.5240768463073853,0.00042724609375
1.5242015968063871,0.0003662109375
1.5243263473053892,0.000244140625
1.5244510978043913,6.103515625e-05
1.5245758483033933,-9.1552734375e-05
1.5247005988023952,-0.000274658203125
1.5248253493013972,-0.000396728515625
1.5249500998003993,-0.000457763671875
1.5250748502994012,-0.00042724609375
1.5251996007984032,-0.0003662109375
1.5253243512974053,-0.000244140625
1.5254491017964071,-6.103515625e-05
1.5255738522954092,9.1552734375e-05
1.5256986027944113,0.000274658203125
1.5258233532934131,0.0003662109375
1.5259481037924152,0.00042724609375
1.5260728542914173,0.00042724609375
1.5261976047904191,0.0003662109375
1.5263223552894212,0.000244140625
1.5264471057884232,6.103515625e-05
1.5265718562874251,-9.1552734375e-05
1.5266966067864272,-0.000244140625
1.5268213572854292,-0.0003662109375
1.5269461077844311,-0.00042724609375
1.5270708582834331,-0.00042724609375
1.5271956087824352,-0.0003662109375
1.5273203592814371,-0.000244140625
1.5274451097804391,-6.103515625e-05
1.5275698602794412,9.1552734375e-05
1.527694610778443,0.000244140625
1.5278193612774451,0.0003662109375
1.5279441117764472,0.00042724609375
1.528068862275449,0.00042724609375
1.5281936127744511,0.0003662109375
1.5283183632734532,0.000244140625
1.528443113772455,9.1552734375e-05
1.5285678642714571,-9.1552734375e-05
1.5286926147704591,-0.000244140625
1.528817365269461,-0.0003662109375
1.5289421157684631,-0.00042724609375
1.5290668662674651,-0.00042724609375
1.529191616766467,-0.0003662109375
1.529316367265469,-0.000244140625
1.5294411177644711,-9.1552734375e-05
1.529565868263473,9.1552734375e-05
1.529690618762475,0.000244140625
1.5298153692614771,0.0003662109375
1.5299401197604789,0.00042724609375
1.530064870259481,0.00042724609375
1.5301896207584831,0.0003662109375
1.5303143712574849,0.000244140625
1.530439121756487,9.1552734375e-05
1.5305638722554891,-9.1552734375e-05
1.5306886227544909,-0.000244140625
1.530813373253493,-0.0003662109375
1.5309381237524951,-0.00042724609375
1.5310628742514969,-0.00042724609375
1.531187624750499,-0.0003662109375
1.531312375249501,-0.000244140625
1.5314371257485031,-9.1552734375e-05
1.5315618762475049,9.1552734375e-05
1.531686626746507,0.000244140625
1.5318113772455091,0.0003662109375
1.5319361277445109,0.00042724609375
1.532060878243513,0.00042724609375
1.5321856287425151,0.0003662109375
1.5323103792415169,0.000244140625
1.532435129740519,9.1552734375e-05
1.5325598802395211,-9.1552734375e-05
1.5326846307385229,-0.000244140625
1.532809381237525,-0.0003662109375
1.532934131736527,-0.00042724609375
1.5330588822355289,-0.00042724609375
1.533183632734531,-0.0003662109375
1.533308383233533,-0.000244140625
1.5334331337325349,-9.1552734375e-05
1.5335578842315369,9.1552734375e-05
1.533682634730539,0.000244140625
1.5338073852295409,0.0003662109375
1.5339321357285429,0.00042724609375
1.534056886227545,0.00042724609375
1.5341816367265468,0.0003662109375
1.5343063872255489,0.000244140625
1.534431137724551,9.1552734375e-05
1.5345558882235528,-6.103515625e-05
1.5346806387225549,-0.000244140625
1.534805389221557,-0.0003662109375
1.5349301397205588,-0.00042724609375
1.5350548902195609,-0.00042724609375
1.5351796407185629,-0.0003662109375
1.5353043912175648,-0.000244140625
1.5354291417165669,-9.1552734375e-05
1.5355538922155689,6.103515625e-05
1.5356786427145708,0.000213623046875
1.5358033932135728,0.000335693359375
1.5359281437125749,0.00042724609375
1.5360528942115768,0.00042724609375
1.5361776447105788,0.0003662109375
1.5363023952095809,0.000244140625
1.5364271457085827,9.1552734375e-05
1.5365518962075848,-6.103515625e-05
1.5366766467065869,-0.000213623046875
1.5368013972055887,-0.000335693359375
1.5369261477045908,-0.00042724609375
1.5370508982035929,-0.00042724609375
1.5371756487025947,-0.0003662109375
1.5373003992015968,-0.000244140625
1.5374251497005988,-9.1552734375e-05
1.5375499001996007,6.103515625e-05
1.5376746506986028,0.000213623046875
1.5377994011976048,0.000335693359375
1.5379241516966067,0.00042724609375
1.5380489021956087,0.00042724609375
1.5381736526946108,0.0003662109375
1.5382984031936129,0.000244140625
1.5384231536926147,9.1552734375e-05
1.5385479041916168,-6.103515625e-05
1.5386726546906189,-0.000213623046875
1.5387974051896207,-0.000335693359375
1.5389221556886228,-0.000396728515625
1.5390469061876249,-0.00042724609375
1.5391716566866267,-0.0003662109375
1.5392964071856288,-0.000244140625
1.5394211576846308,-9.1552734375e-05
1.5395459081836327,6.103515625e-05
1.5396706586826348,0.000213623046875
1.5397954091816368,0.000335693359375
1.5399201596806387,0.000396728515625
1.5400449101796407,0.00042724609375
1.5401696606786428,0.0003662109375
1.5402944111776447,0.000244140625
1.5404191616766467,9.1552734375e-05
1.5405439121756488,-6.103515625e-05
1.5406686626746506,-0.000213623046875
1.5407934131736527,-0.000335693359375
1.5409181636726548,-0.000396728515625
1.5410429141716566,-0.00042724609375
1.5411676646706587,-0.0003662109375
1.5412924151696608,-0.000244140625
1.5414171656686626,-0.0001220703125
1.5415419161676647,6.103515625e-05
1.5416666666666667,0.000213623046875
1.5417914171656686,0.000335693359375
1.5419161676646707,0.000396728515625
1.5420409181636727,0.00042724609375
1.5421656686626746,0.0003662109375
1.5422904191616766,0.000244140625
1.5424151696606787,0.0001220703125
1.5425399201596806,-6.103515625e-05
1.5426646706586826,-0.000213623046875
1.5427894211576847,-0.000335693359375
1.5429141716566865,-0.000396728515625
1.5430389221556886,-0.00042724609375
1.5431636726546907,-0.0003662109375
1.5432884231536925,-0.000244140625
1.5434131736526946,-0.0001220703125
1.5435379241516967,6.103515625e-05
1.5436626746506985,0.000213623046875
1.5437874251497006,0.000335693359375
1.5439121756487026,0.000396728515625
1.5440369261477045,0.00042724609375
1.5441616766467066,0.0003662109375
1.5442864271457086,0.000244140625
1.5444111776447105,0.0001220703125
1.5445359281437125,-6.103515625e-05
1.5446606786427146,-0.000213623046875
1.5447854291417165,-0.000335693359375
1.5449101796407185,-0.000396728515625
1.5450349301397206,-0.000396728515625
1.5451596806387227,-0.0003662109375
1.5452844311377245,-0.000244140625
1.5454091816367266,-0.0001220703125
1.5455339321357286,3.0517578125e-05
1.5456586826347305,0.00018310546875
1.5457834331337326,0.000335693359375
1.5459081836327346,0.000396728515625
1.5460329341317365,0.000396728515625
1.5461576846307385,0.0003662109375
1.5462824351297406,0.000274658203125
1.5464071856287425,0.0001220703125
1.5465319361277445,-3.0517578125e-05
1.5466566866267466,-0.00018310546875
1.5467814371257484,-0.00030517578125
1.5469061876247505,-0.000396728515625
1.5470309381237526,-0.000396728515625
1.5471556886227544,-0.0003662109375
1.5472804391217565,-0.000274658203125
1.5474051896207586,-0.0001220703125
1.5475299401197604,3.0517578125e-05
1.5476546906187625,0.00018310546875
1.5477794411177646,0.00030517578125
1.5479041916167664,0.000396728515625
1.5480289421157685,0.000396728515625
1.5481536926147705,0.0003662109375
1.5482784431137724,0.000274658203125
1.5484031936127745,0.0001220703125
1.5485279441117765,-3.0517578125e-05
1.5486526946107784,-0.00018310546875
1.5487774451097804,-0.00030517578125
1.5489021956087825,-0.000396728515625
1.5490269461077844,-0.000396728515625
1.5491516966067864,-0.0003662109375
1.5492764471057885,-0.000274658203125
1.5494011976047903,-0.0001220703125
1.5495259481037924,3.0517578125e-05
1.5496506986027945,0.00018310546875
1.5497754491017963,0.00030517578125
1.5499001996007984,0.000396728515625
1.5500249500998005,0.000396728515625
1.5501497005988023,0.0003662109375
1.5502744510978044,0.000274658203125
1.5503992015968064,0.0001220703125
1.5505239520958083,-3.0517578125e-05
1.5506487025948104,-0.00018310546875
1.5507734530938124,-0.00030517578125
1.5508982035928143,-0.000396728515625
1.5510229540918163,-0.000396728515625
1.5511477045908184,-0.0003662109375
1.5512724550898203,-0.000274658203125
1.5513972055888223,-0.0001220703125
1.5515219560878244,3.0517578125e-05
1.5516467065868262,0.00018310546875
1.5517714570858283,0.00030517578125
1.5518962075848304,0.000396728515625
1.5520209580838322,0.000396728515625
1.5521457085828343,0.0003662109375
1.5522704590818364,0.000274658203125
1.5523952095808384,0.0001220703125
1.5525199600798403,-3.0517578125e-05
1.5526447105788423,-0.00018310546875
1.5527694610778444,-0.00030517578125
1.5528942115768463,-0.0003662109375
1.5530189620758483,-0.000396728515625
1.5531437125748504,-0.0003662109375
1.5532684630738522,-0.000274658203125
1.5533932135728543,-0.0001220703125
1.5535179640718564,3.0517578125e-05
1.5536427145708582,0.00018310546875
1.5537674650698603,0.00030517578125
1.5538922155688624,0.0003662109375
1.5540169660678642,0.000396728515625
1.5541417165668663,0.0003662109375
1.5542664670658684,0.000274658203125
1.5543912175648702,0.0001220703125
1.5545159680638723,-3.0517578125e-05
1.5546407185628743,-0.00018310546875
1.5547654690618762,-0.00030517578125
1.5548902195608783,-0.0003662109375
1.5550149700598803,-0.000396728515625
1.5551397205588822,-0.0003662109375
1.5552644710578842,-0.000274658203125
1.5553892215568863,-0.0001220703125
1.5555139720558881,3.0517578125e-05
1.5556387225548902,0.000152587890625
1.5557634730538923,0.00030517578125
1.5558882235528941,0.0003662109375
1.5560129740518962,0.000396728515625
1.5561377245508983,0.0003662109375
1.5562624750499001,0.000274658203125
1.5563872255489022,0.0001220703125
1.5565119760479043,0
1.5566367265469061,-0.000152587890625
1.5567614770459082,-0.000274658203125
1.5568862275449102,-0.0003662109375
1.5570109780439121,-0.000396728515625
1.5571357285429142,-0.0003662109375
1.5572604790419162,-0.000274658203125
1.5573852295409181,-0.000152587890625
1.5575099800399201,0
1.5576347305389222,0.000152587890625
1.5577594810379241,0.000274658203125
1.5578842315369261,0.0003662109375
1.5580089820359282,0.000396728515625
1.55813373253493,0.0003662109375
1.5582584830339321,0.000274658203125
1.5583832335329342,0.000152587890625
1.558507984031936,0
1.5586327345309381,-0.000152587890625
1.5587574850299402,-0.000274658203125
1.558882235528942,-0.0003662109375
1.5590069860279441,-0.000396728515625
1.5591317365269461,-0.0003662109375
1.5592564870259482,-0.000274658203125
1.5593812375249501,-0.000152587890625
1.5595059880239521,0
1.5596307385229542,0.000152587890625
1.559755489021956,0.000274658203125
1.5598802395209581,0.0003662109375
1.5600049900199602,0.000396728515625
1.560129740518962,0.0003662109375
1.5602544910179641,0.000274658203125
1.5603792415169662,0.000152587890625
1.560503992015968,0
1.5606287425149701,-0.000152587890625
1.5607534930139721,-0.000274658203125
1.560878243512974,-0.0003662109375
1.5610029940119761,-0.000396728515625
1.5611277445109781,-0.0003662109375
1.56125249500998,-0.000274658203125
1.561377245508982,-0.000152587890625
1.5615019960079841,0
1.561626746506986,0.000152587890625
1.561751497005988,0.000274658203125
1.5618762475049901,0.0003662109375
1.5620009980039919,0.000396728515625
1.562125748502994,0.0003662109375
1.5622504990019961,0.000274658203125
1.5623752495009979,0.000152587890625
1.5625,0
1.5626247504990021,-0.000152587890625
1.5627495009980039,-0.000274658203125
1.562874251497006,-0.0003662109375
1.5629990019960081,-0.000396728515625
1.5631237524950099,-0.0003662109375
1.563248502994012,-0.000274658203125
1.563373253493014,-0.000152587890625
1.5634980039920159,0
1.563622754491018,0.000152587890625
1.56374750499002,0.000274658203125
1.5638722554890219,0.0003662109375
1.5639970059880239,0.000396728515625
1.564121756487026,0.0003662109375
1.5642465069860279,0.000274658203125
1.5643712574850299,0.000152587890625
1.564496007984032,0
1.5646207584830338,-0.000152587890625
1.5647455089820359,-0.000274658203125
1.564870259481038,-0.0003662109375
1.5649950099800398,-0.000396728515625
1.5651197604790419,-0.0003662109375
1.565244510978044,-0.000274658203125
1.5653692614770458,-0.000152587890625
1.5654940119760479,0
1.5656187624750499,0.000152587890625
1.5657435129740518,0.000274658203125
1.5658682634730539,0.000335693359375
1.5659930139720559,0.0003662109375
1.566117764471058,0.0003662109375
1.5662425149700598,0.000274658203125
1.5663672654690619,0.000152587890625
1.566492015968064,0
1.5666167664670658,-0.0001220703125
1.5667415169660679,-0.000274658203125
1.56686626746507,-0.000335693359375
1.5669910179640718,-0.0003662109375
1.5671157684630739,-0.0003662109375
1.5672405189620759,-0.000274658203125
1.5673652694610778,-0.000152587890625
1.5674900199600799,0
1.5676147704590819,0.0001220703125
1.5677395209580838,0.000244140625
1.5678642714570858,0.000335693359375
1.5679890219560879,0.0003662109375
1.5681137724550898,0.0003662109375
1.5682385229540918,0.000274658203125
1.5683632734530939,0.000152587890625
1.5684880239520957,0
1.5686127744510978,-0.0001220703125
1.5687375249500999,-0.000244140625
1.5688622754491017,-0.000335693359375
1.5689870259481038,-0.0003662109375
1.5691117764471059,-0.0003662109375
1.5692365269461077,-0.000274658203125
1.5693612774451098,-0.000152587890625
1.5694860279441119,-3.0517578125e-05
1.5696107784431137,0.0001220703125
1.5697355289421158,0.000244140625
1.5698602794411178,0.000335693359375
1.5699850299401197,0.0003662109375
1.5701097804391217,0.0003662109375
1.5702345309381238,0.000274658203125
1.5703592814371257,0.000152587890625
1.5704840319361277,3.0517578125e-05
1.5706087824351298,-0.0001220703125
1.5707335329341316,-0.000244140625
1.5708582834331337,-0.000335693359375
1.5709830339321358,-0.0003662109375
1.5711077844311376,-0.0003662109375
1.5712325349301397,-0.000274658203125
1.5713572854291418,-0.000152587890625
1.5714820359281436,-3.0517578125e-05
1.5716067864271457,0.0001220703125
1.5717315369261478,0.000244140625
1.5718562874251496,0.000335693359375
1.5719810379241517,0.0003662109375
1.5721057884231537,0.0003662109375
1.5722305389221556,0.000274658203125
1.5723552894211577,0.000152587890625
1.5724800399201597,3.0517578125e-05
1.5726047904191616,-0.0001220703125
1.5727295409181636,-0.000244140625
1.5728542914171657,-0.000335693359375
1.5729790419161678,-0.0003662109375
1.5731037924151696,-0.000335693359375
1.5732285429141717,-0.000274658203125
1.5733532934131738,-0.000152587890625
1.5734780439121756,-3.0517578125e-05
1.5736027944111777,0.0001220703125
1.5737275449101797,0.000244140625
1.5738522954091816,0.000335693359375
1.5739770459081837,0.0003662109375
1.5741017964071857,0.000335693359375
1.5742265469061876,0.000274658203125
1.5743512974051896,0.000152587890625
1.5744760479041917,3.0517578125e-05
1.5746007984031936,-0.0001220703125
1.5747255489021956,-0.000244140625
1.5748502994011977,-0.000335693359375
1.5749750499001995,-0.0003662109375
1.5750998003992016,-0.000335693359375
1.5752245508982037,-0.000274658203125
1.5753493013972055,-0.000152587890625
1.5754740518962076,-3.0517578125e-05
1.5755988023952097,0.0001220703125
1.5757235528942115,0.000244140625
1.5758483033932136,0.000335693359375
1.5759730538922156,0.0003662109375
1.5760978043912175,0.000335693359375
1.5762225548902196,0.000274658203125
1.5763473053892216,0.00018310546875
1.5764720558882235,3.0517578125e-05
1.5765968063872255,-0.0001220703125
1.5767215568862276,-0.000244140625
1.5768463073852295,-0.000335693359375
1.5769710578842315,-0.0003662109375
1.5770958083832336,-0.000335693359375
1.5772205588822354,-0.000274658203125
1.5773453093812375,-0.00018310546875
1.5774700598802396,-3.0517578125e-05
1.5775948103792414,9.1552734375e-05
1.5777195608782435,0.000244140625
1.5778443113772456,0.000335693359375
1.5779690618762474,0.0003662109375
1.5780938123752495,0.000335693359375
1.5782185628742516,0.000274658203125
1.5783433133732534,0.00018310546875
1.5784680638722555,3.0517578125e-05
1.5785928143712575,-9.1552734375e-05
1.5787175648702594,-0.000213623046875
1.5788423153692615,-0.00030517578125
1.5789670658682635,-0.0003662109375
1.5790918163672654,-0.000335693359375
1.5792165668662674,-0.000274658203125
1.5793413173652695,-0.00018310546875
1.5794660678642714,-3.0517578125e-05
1.5795908183632734,9.1552734375e-05
1.5797155688622755,0.000213623046875
1.5798403193612773,0.00030517578125
1.5799650698602794,0.0003662109375
1.5800898203592815,0.000335693359375
1.5802145708582835,0.000274658203125
1.5803393213572854,0.00018310546875
1.5804640718562875,3.0517578125e-05
1.5805888223552895,-9.1552734375e-05
1.5807135728542914,-0.000213623046875
1.5808383233532934,-0.00030517578125
1.5809630738522955,-0.0003662109375
1.5810878243512974,-0.000335693359375
1.5812125748502994,-0.000274658203125
1.5813373253493015,-0.00018310546875
1.5814620758483033,-3.0517578125e-05
1.5815868263473054,9.1552734375e-05
1.5817115768463075,0.000213623046875
1.5818363273453093,0.00030517578125
1.5819610778443114,0.0003662109375
1.5820858283433135,0.000335693359375
1.5822105788423153,0.000274658203125
1.5823353293413174,0.00018310546875
1.5824600798403194,3.0517578125e-05
1.5825848303393213,-9.1552734375e-05
1.5827095808383234,-0.000213623046875
1.5828343313373254,-0.00030517578125
1.5829590818363273,-0.0003662109375
1.5830838323353293,-0.000335693359375
1.5832085828343314,-0.000274658203125
1.5833333333333333,-0.00018310546875
1.5834580838323353,-6.103515625e-05
1.5835828343313374,9.1552734375e-05
1.5837075848303392,0.000213623046875
1.5838323353293413,0.00030517578125
1.5839570858283434,0.0003662109375
1.5840818363273452,0.000335693359375
1.5842065868263473,0.000274658203125
1.5843313373253494,0.00018310546875
1.5844560878243512,6.103515625e-05
1.5845808383233533,-9.1552734375e-05
1.5847055888223553,-0.000213623046875
1.5848303393213572,-0.00030517578125
1.5849550898203593,-0.000335693359375
1.5850798403193613,-0.000335693359375
1.5852045908183632,-0.000274658203125
1.5853293413173652,-0.00018310546875
1.5854540918163673,-6.103515625e-05
1.5855788423153692,9.1552734375e-05
1.5857035928143712,0.000213623046875
1.5858283433133733,0.00030517578125
1.5859530938123751,0.000335693359375
1.5860778443113772,0.000335693359375
1.5862025948103793,0.000274658203125
1.5863273453093811,0.00018310546875
1.5864520958083832,6.103515625e-05
1.5865768463073853,-9.1552734375e-05
1.5867015968063871,-0.000213623046875
1.5868263473053892,-0.00030517578125
1.5869510978043913,-0.000335693359375
1.5870758483033933,-0.000335693359375
1.5872005988023952,-0.000274658203125
1.5873253493013972,-0.00018310546875
1.5874500998003993,-6.103515625e-05
1.5875748502994012,9.1552734375e-05
1.5876996007984032,0.000213623046875
1.5878243512974053,0.00030517578125
1.5879491017964071,0.000335693359375
1.5880738522954092,0.000335693359375
1.5881986027944113,0.000274658203125
1.5883233532934131,0.00018310546875
1.5884481037924152,6.103515625e-05
1.5885728542914173,-9.1552734375e-05
1.5886976047904191,-0.000213623046875
1.5888223552894212,-0.00030517578125
1.5889471057884232,-0.000335693359375
1.5890718562874251,-0.000335693359375
1.5891966067864272,-0.000274658203125
1.5893213572854292,-0.00018310546875
1.5894461077844311,-6.103515625e-05
1.5895708582834331,9.1552734375e-05
1.5896956087824352,0.000213623046875
1.5898203592814371,0.00030517578125
1.5899451097804391,0.000335693359375
1.5900698602794412,0.000335693359375
1.590194610778443,0.000274658203125
1.5903193612774451,0.00018310546875
1.5904441117764472,6.103515625e-05
1.590568862275449,-6.103515625e-05
1.5906936127744511,-0.00018310546875
1.5908183632734532,-0.00030517578125
1.590943113772455,-0.000335693359375
1.5910678642714571,-0.000335693359375
1.5911926147704591,-0.000274658203125
1.591317365269461,-0.00018310546875
1.5914421157684631,-6.103515625e-05
1.5915668662674651,6.103515625e-05
1.591691616766467,0.00018310546875
1.591816367265469,0.000274658203125
1.5919411177644711,0.000335693359375
1.592065868263473,0.000335693359375
1.592190618762475,0.000274658203125
1.5923153692614771,0.00018310546875
1.5924401197604789,6.103515625e-05
1.592564870259481,-6.103515625e-05
1.5926896207584831,-0.00018310546875
1.5928143712574849,-0.000274658203125
1.592939121756487,-0.000335693359375
1.5930638722554891,-0.000335693359375
1.5931886227544909,-0.000274658203125
1.593313373253493,-0.00018310546875
1.5934381237524951,-6.103515625e-05
1.5935628742514969,6.103515625e-05
1.593687624750499,0.00018310546875
1.593812375249501,0.000274658203125
1.5939371257485031,0.000335693359375
1.5940618762475049,0.000335693359375
1.594186626746507,0.000274658203125
1.5943113772455091,0.00018310546875
1.5944361277445109,6.103515625e-05
1.594560878243513,-6.103515625e-05
1.5946856287425151,-0.00018310546875
1.5948103792415169,-0.000274658203125
1.594935129740519,-0.000335693359375
1.5950598802395211,-0.000335693359375
1.5951846307385229,-0.000274658203125
1.595309381237525,-0.00018310546875
1.595434131736527,-6.103515625e-05
1.5955588822355289,6.103515625e-05
1.595683632734531,0.00018310546875
1.595808383233533,0.000274658203125
1.5959331337325349,0.000335693359375
1.5960578842315369,0.000335693359375
1.596182634730539,0.000274658203125
1.5963073852295409,0.00018310546875
1.5964321357285429,6.103515625e-05
1.596556886227545,-6.103515625e-05
1.5966816367265468,-0.00018310546875
1.5968063872255489,-0.000274658203125
1.596931137724551,-0.000335693359375
1.5970558882235528,-0.000335693359375
1.5971806387225549,-0.000274658203125
1.597305389221557,-0.00018310546875
1.5974301397205588,-6.103515625e-05
1.5975548902195609,6.103515625e-05
1.5976796407185629,0.00018310546875
1.5978043912175648,0.000274658203125
1.5979291417165669,0.000335693359375
1.5980538922155689,0.000335693359375
1.5981786427145708,0.000274658203125
1.5983033932135728,0.00018310546875
1.5984281437125749,6.103515625e-05
1.5985528942115768,-6.103515625e-05
1.5986776447105788,-0.00018310546875
1.5988023952095809,-0.000274658203125
1.5989271457085827,-0.000335693359375
1.5990518962075848,-0.000335693359375
1.5991766467065869,-0.000274658203125
1.5993013972055887,-0.00018310546875
1.5994261477045908,-9.1552734375e-05
1.5995508982035929,6.103515625e-05
1.5996756487025947,0.00018310546875
1.5998003992015968,0.000274658203125
1.5999251497005988,0.000335693359375
1.6000499001996007,0.000335693359375
1.6001746506986028,0.000274658203125
1.6002994011976048,0.00018310546875
1.6004241516966067,9.1552734375e-05
1.6005489021956087,-6.103515625e-05
1.6006736526946108,-0.00018310546875
1.6007984031936129,-0.000274658203125
1.6009231536926147,-0.000335693359375
1.6010479041916168,-0.000335693359375
1.6011726546906189,-0.000274658203125
1.6012974051896207,-0.00018310546875
1.6014221556886228,-9.1552734375e-05
1.6015469061876249,6.103515625e-05
1.6016716566866267,0.00018310546875
1.6017964071856288,0.000274658203125
1.6019211576846308,0.00030517578125
1.6020459081836327,0.000335693359375
1.6021706586826348,0.000274658203125
1.6022954091816368,0.00018310546875
1.6024201596806387,9.1552734375e-05
1.6025449101796407,-6.103515625e-05
1.6026696606786428,-0.000152587890625
1.6027944111776447,-0.000274658203125
1.6029191616766467,-0.00030517578125
1.6030439121756488,-0.000335693359375
1.6031686626746506,-0.000274658203125
1.6032934131736527,-0.00018310546875
1.6034181636726548,-9.1552734375e-05
1.6035429141716566,3.0517578125e-05
1.6036676646706587,0.000152587890625
1.6037924151696608,0.000274658203125
1.6039171656686626,0.00030517578125
1.6040419161676647,0.000335693359375
1.6041666666666667,0.000274658203125
1.6042914171656686,0.000213623046875
1.6044161676646707,9.1552734375e-05
1.6045409181636727,-3.0517578125e-05
1.6046656686626746,-0.000152587890625
1.6047904191616766,-0.000244140625
1.6049151696606787,-0.00030517578125
1.6050399201596806,-0.000335693359375
1.6051646706586826,-0.000274658203125
1.6052894211576847,-0.000213623046875
1.6054141716566865,-9.1552734375e-05
1.6055389221556886,3.0517578125e-05
1.6056636726546907,0.000152587890625
1.6057884231536925,0.000244140625
1.6059131736526946,0.00030517578125
1.6060379241516967,0.000335693359375
1.6061626746506985,0.000274658203125
1.6062874251497006,0.000213623046875
1.6064121756487026,9.1552734375e-05
1.6065369261477045,-3.0517578125e-05
1.6066616766467066,-0.000152587890625
1.6067864271457086,-0.000244140625
1.6069111776447105,-0.00030517578125
1.6070359281437125,-0.000335693359375
1.6071606786427146,-0.000274658203125
1.6072854291417165,-0.000213623046875
1.6074101796407185,-9.1552734375e-05
1.6075349301397206,3.0517578125e-05
1.6076596806387227,0.000152587890625
1.6077844311377245,0.000244140625
1.6079091816367266,0.00030517578125
1.6080339321357286,0.00030517578125
1.6081586826347305,0.000274658203125
1.6082834331337326,0.000213623046875
1.6084081836327346,9.1552734375e-05
1.6085329341317365,-3.0517578125e-05
1.6086576846307385,-0.000152587890625
1.6087824351297406,-0.000244140625
1.6089071856287425,-0.00030517578125
1.6090319361277445,-0.00030517578125
1.6091566866267466,-0.000274658203125
1.6092814371257484,-0.000213623046875
1.6094061876247505,-9.1552734375e-05
1.6095309381237526,3.0517578125e-05
1.6096556886227544,0.000152587890625
1.6097804391217565,0.000244140625
1.6099051896207586,0.00030517578125
1.6100299401197604,0.00030517578125
1.6101546906187625,0.000274658203125
1.6102794411177646,0.000213623046875
1.6104041916167664,9.1552734375e-05
1.6105289421157685,-3.0517578125e-05
1.6106536926147705,-0.000152587890625
1.6107784431137724,-0.000244140625
1.6109031936127745,-0.00030517578125
1.6110279441117765,-0.00030517578125
1.6111526946107784,-0.000274658203125
1.6112774451097804,-0.000213623046875
1.6114021956087825,-9.1552734375e-05
1.6115269461077844,3.0517578125e-05
1.6116516966067864,0.000152587890625
1.6117764471057885,0.000244140625
1.6119011976047903,0.00030517578125
1.6120259481037924,0.00030517578125
1.6121506986027945,0.000274658203125
1.6122754491017963,0.000213623046875
1.6124001996007984,9.1552734375e-05
1.6125249500998005,-3.0517578125e-05
1.6126497005988023,-0.000152587890625
1.6127744510978044,-0.000244140625
1.6128992015968064,-0.00030517578125
1.6130239520958083,-0.00030517578125
1.6131487025948104,-0.000274658203125
1.6132734530938124,-0.000213623046875
1.6133982035928143,-9.1552734375e-05
1.6135229540918163,3.0517578125e-05
1.6136477045908184,0.000152587890625
1.6137724550898203,0.000244140625
1.6138972055888223,0.00030517578125
1.6140219560878244,0.00030517578125
1.6141467065868262,0.000274658203125
1.6142714570858283,0.000213623046875
1.6143962075848304,9.1552734375e-05
1.6145209580838322,-3.0517578125e-05
1.6146457085828343,-0.000152587890625
1.6147704590818364,-0.000244140625
1.6148952095808384,-0.00030517578125
1.6150199600798403,-0.00030517578125
1.6151447105788423,-0.000274658203125
1.6152694610778444,-0.000213623046875
1.6153942115768463,-9.1552734375e-05
1.6155189620758483,3.0517578125e-05
1.6156437125748504,0.0001220703125
1.6157684630738522,0.000244140625
1.6158932135728543,0.00030517578125
1.6160179640718564,0.00030517578125
1.6161427145708582,0.000274658203125
1.6162674650698603,0.000213623046875
1.6163922155688624,9.1552734375e-05
1.6165169660678642,-3.0517578125e-05
1.6166417165668663,-0.0001220703125
1.6167664670658684,-0.000244140625
1.6168912175648702,-0.00030517578125
1.6170159680638723,-0.00030517578125
1.6171407185628743,-0.000274658203125
1.6172654690618762,-0.000213623046875
1.6173902195608783,-9.1552734375e-05
1.6175149700598803,0
1.6176397205588822,0.0001220703125
1.6177644710578842,0.000213623046875
1.6178892215568863,0.00030517578125
1.6180139720558881,0.00030517578125
1.6181387225548902,0.000274658203125
1.6182634730538923,0.000213623046875
1.6183882235528941,9.1552734375e-05
1.6185129740518962,0
1.6186377245508983,-0.0001220703125
1.6187624750499001,-0.000213623046875
1.6188872255489022,-0.000274658203125
1.6190119760479043,-0.00030517578125
1.6191367265469061,-0.000274658203125
1.6192614770459082,-0.000213623046875
1.6193862275449102,-0.0001220703125
1.6195109780439121,0
1.6196357285429142,0.0001220703125
1.6197604790419162,0.000213623046875
1.6198852295409181,0.000274658203125
1.6200099800399201,0.00030517578125
1.6201347305389222,0.000274658203125
1.6202594810379241,0.000213623046875
1.6203842315369261,0.0001220703125
1.6205089820359282,0
1.62063373253493,-0.0001220703125
1.6207584830339321,-0.000213623046875
1.6208832335329342,-0.000274658203125
1.621007984031936,-0.00030517578125
1.6211327345309381,-0.000274658203125
1.6212574850299402,-0.000213623046875
1.621382235528942,-0.0001220703125
1.6215069860279441,0
1.6216317365269461,0.0001220703125
1.6217564870259482,0.000213623046875
1.6218812375249501,0.000274658203125
1.6220059880239521,0.00030517578125
1.6221307385229542,0.000274658203125
1.622255489021956,0.000213623046875
1.6223802395209581,0.0001220703125
1.6225049900199602,0
1.622629740518962,-0.0001220703125
1.6227544910179641,-0.000213623046875
1.6228792415169662,-0.000274658203125
1.623003992015968,-0.00030517578125
1.6231287425149701,-0.000274658203125
1.6232534930139721,-0.000213623046875
1.623378243512974,-0.0001220703125
1.6235029940119761,0
1.6236277445109781,0.0001220703125
1.62375249500998,0.000213623046875
1.623877245508982,0.000274658203125
1.6240019960079841,0.00030517578125
1.624126746506986,0.000274658203125
1.624251497005988,0.000213623046875
1.6243762475049901,0.0001220703125
1.6245009980039919,0
1.624625748502994,-0.0001220703125
1.6247504990019961,-0.000213623046875
1.6248752495009979,-0.000274658203125
1.625,-0.00030517578125
1.6251247504990021,-0.000274658203125
1.6252495009980039,-0.000213623046875
1.625374251497006,-0.0001220703125
1.6254990019960081,0
1.6256237524950099,0.0001220703125
1.625748502994012,0.000213623046875
1.625873253493014,0.000274658203125
1.6259980039920159,0.00030517578125
1.626122754491018,0.000274658203125
1.62624750499002,0.000213623046875
1.6263722554890219,0.0001220703125
1.6264970059880239,0
1.626621756487026,-0.0001220703125
1.6267465069860279,-0.000213623046875
1.6268712574850299,-0.000274658203125
1.626996007984032,-0.00030517578125
1.6271207584830338,-0.000274658203125
1.6272455089820359,-0.000213623046875
1.627370259481038,-0.0001220703125
1.6274950099800398,0
1.6276197604790419,0.0001220703125
1.627744510978044,0.000213623046875
1.6278692614770458,0.000274658203125
1.6279940119760479,0.00030517578125
1.6281187624750499,0.000274658203125
1.6282435129740518,0.000213623046875
1.6283682634730539,0.0001220703125
1.6284930139720559,0
1.628617764471058,-0.0001220703125
1.6287425149700598,-0.000213623046875
1.6288672654690619,-0.000274658203125
1.628992015968064,-0.00030517578125
1.6291167664670658,-0.000274658203125
1.6292415169660679,-0.000213623046875
1.62936626746507,-0.0001220703125
1.6294910179640718,0
1.6296157684630739,9.1552734375e-05
1.6297405189620759,0.000213623046875
1.6298652694610778,0.000274658203125
1.6299900199600799,0.00030517578125
1.6301147704590819,0.000274658203125
1.6302395209580838,0.000213623046875
1.6303642714570858,0.0001220703125
1.6304890219560879,0
1.6306137724550898,-9.1552734375e-05
1.6307385229540918,-0.000213623046875
1.6308632734530939,-0.000274658203125
1.6309880239520957,-0.00030517578125
1.6311127744510978,-0.000274658203125
1.6312375249500999,-0.000213623046875
1.6313622754491017,-0.0001220703125
1.6314870259481038,0
1.6316117764471059,9.1552734375e-05
1.6317365269461077,0.00018310546875
1.6318612774451098,0.000274658203125
1.6319860279441119,0.00030517578125
1.6321107784431137,0.000274658203125
1.6322355289421158,0.000213623046875
1.6323602794411178,0.0001220703125
1.6324850299401197,0
1.6326097804391217,-9.1552734375e-05
1.6327345309381238,-0.00018310546875
1.6328592814371257,-0.000274658203125
1.6329840319361277,-0.00030517578125
1.6331087824351298,-0.000274658203125
1.6332335329341316,-0.000213623046875
1.6333582834331337,-0.0001220703125
1.6334830339321358,-3.0517578125e-05
1.6336077844311376,9.1552734375e-05
1.6337325349301397,0.00018310546875
1.6338572854291418,0.000274658203125
1.6339820359281436,0.000274658203125
1.6341067864271457,0.000274658203125
1.6342315369261478,0.000213623046875
1.6343562874251496,0.0001220703125
1.6344810379241517,3.0517578125e-05
1.6346057884231537,-9.1552734375e-05
1.6347305389221556,-0.00018310546875
1.6348552894211577,-0.000274658203125
1.6349800399201597,-0.000274658203125
1.6351047904191616,-0.000274658203125
1.6352295409181636,-0.000213623046875
1.6353542914171657,-0.0001220703125
1.6354790419161678,-3.0517578125e-05
1.6356037924151696,9.1552734375e-05
1.6357285429141717,0.00018310546875
1.6358532934131738,0.000244140625
1.6359780439121756,0.000274658203125
1.6361027944111777,0.000274658203125
1.6362275449101797,0.000213623046875
1.6363522954091816,0.0001220703125
1.6364770459081837,3.0517578125e-05
1.6366017964071857,-9.1552734375e-05
1.6367265469061876,-0.00018310546875
1.6368512974051896,-0.000244140625
1.6369760479041917,-0.000274658203125
1.6371007984031936,-0.000274658203125
1.6372255489021956,-0.000213623046875
1.6373502994011977,-0.0001220703125
1.6374750499001995,-3.0517578125e-05
1.6375998003992016,9.1552734375e-05
1.6377245508982037,0.00018310546875
1.6378493013972055,0.000244140625
1.6379740518962076,0.000274658203125
1.6380988023952097,0.000274658203125
1.6382235528942115,0.000213623046875
1.6383483033932136,0.0001220703125
1.6384730538922156,3.0517578125e-05
1.6385978043912175,-9.1552734375e-05
1.6387225548902196,-0.00018310546875
1.6388473053892216,-0.000244140625
1.6389720558882235,-0.000274658203125
1.6390968063872255,-0.000274658203125
1.6392215568862276,-0.000213623046875
1.6393463073852295,-0.0001220703125
1.6394710578842315,-3.0517578125e-05
1.6395958083832336,9.1552734375e-05
1.6397205588822354,0.00018310546875
1.6398453093812375,0.000244140625
1.6399700598802396,0.000274658203125
1.6400948103792414,0.000274658203125
1.6402195608782435,0.000213623046875
1.6403443113772456,0.0001220703125
1.6404690618762474,3.0517578125e-05
1.6405938123752495,-9.1552734375e-05
1.6407185628742516,-0.00018310546875
1.6408433133732534,-0.000244140625
1.6409680638722555,-0.000274658203125
1.6410928143712575,-0.000274658203125
1.6412175648702594,-0.000213623046875
1.6413423153692615,-0.0001220703125
1.6414670658682635,-3.0517578125e-05
1.6415918163672654,9.1552734375e-05
1.6417165668662674,0.00018310546875
1.6418413173652695,0.000244140625
1.6419660678642714,0.000274658203125
1.6420908183632734,0.000274658203125
1.6422155688622755,0.000213623046875
1.6423403193612773,0.0001220703125
1.6424650698602794,3.0517578125e-05
1.6425898203592815,-9.1552734375e-05
1.6427145708582835,-0.00018310546875
1.6428393213572854,-0.000244140625
1.6429640718562875,-0.000274658203125
1.6430888223552895,-0.000274658203125
1.6432135728542914,-0.000213623046875
1.6433383233532934,-0.0001220703125
1.6434630738522955,-3.0517578125e-05
1.6435878243512974,6.103515625e-05
1.6437125748502994,0.00018310546875
1.6438373253493015,0.000244140625
1.6439620758483033,0.000274658203125
1.6440868263473054,0.000274658203125
1.6442115768463075,0.000213623046875
1.6443363273453093,0.0001220703125
1.6444610778443114,3.0517578125e-05
1.6445858283433135,-6.103515625e-05
1.6447105788423153,-0.00018310546875
1.6448353293413174,-0.000244140625
1.6449600798403194,-0.000274658203125
1.6450848303393213,-0.000274658203125
1.6452095808383234,-0.000213623046875
1.6453343313373254,-0.000152587890625
1.6454590818363273,-3.0517578125e-05
1.6455838323353293,6.103515625e-05
1.6457085828343314,0.00018310546875
1.6458333333333333,0.000244140625
1.6459580838323353,0.000274658203125
1.6460828343313374,0.000274658203125
1.6462075848303392,0.000213623046875
1.6463323353293413,0.000152587890625
1.6464570858283434,3.0517578125e-05
1.6465818363273452,-6.103515625e-05
1.6467065868263473,-0.000152587890625
1.6468313373253494,-0.000244140625
1.6469560878243512,-0.000274658203125
1.6470808383233533,-0.000274658203125
1.6472055888223553,-0.000213623046875
1.6473303393213572,-0.000152587890625
1.6474550898203593,-3.0517578125e-05
1.6475798403193613,6.103515625e-05
1.6477045908183632,0.000152587890625
1.6478293413173652,0.000244140625
1.6479540918163673,0.000274658203125
1.6480788423153692,0.000274658203125
1.6482035928143712,0.000213623046875
1.6483283433133733,0.000152587890625
1.6484530938123751,3.0517578125e-05
1.6485778443113772,-6.103515625e-05
1.6487025948103793,-0.000152587890625
1.6488273453093811,-0.000244140625
1.6489520958083832,-0.000274658203125
1.6490768463073853,-0.000274658203125
1.6492015968063871,-0.000213623046875
1.6493263473053892,-0.000152587890625
1.6494510978043913,-3.0517578125e-05
1.6495758483033933,6.103515625e-05
1.6497005988023952,0.000152587890625
1.6498253493013972,0.000244140625
1.6499500998003993,0.000274658203125
1.6500748502994012,0.000274658203125
1.6501996007984032,0.000213623046875
1.6503243512974053,0.000152587890625
1.6504491017964071,3.0517578125e-05
1.6505738522954092,-6.103515625e-05
1.6506986027944113,-0.000152587890625
1.6508233532934131,-0.000244140625
1.6509481037924152,-0.000274658203125
1.6510728542914173,-0.000274658203125
1.6511976047904191,-0.000213623046875
1.6513223552894212,-0.000152587890625
1.6514471057884232,-3.0517578125e-05
1.6515718562874251,6.103515625e-05
1.6516966067864272,0.000152587890625
1.6518213572854292,0.000213623046875
1.6519461077844311,0.000274658203125
1.6520708582834331,0.000274658203125
1.6521956087824352,0.000213623046875
1.6523203592814371,0.000152587890625
1.6524451097804391,6.103515625e-05
1.6525698602794412,-6.103515625e-05
1.652694610778443,-0.000152587890625
1.6528193612774451,-0.000213623046875
1.6529441117764472,-0.000274658203125
1.653068862275449,-0.000274658203125
1.6531936127744511,-0.000213623046875
1.6533183632734532,-0.000152587890625
1.653443113772455,-6.103515625e-05
1.6535678642714571,6.103515625e-05
1.6536926147704591,0.000152587890625
1.653817365269461,0.000213623046875
1.6539421157684631,0.000274658203125
1.6540668662674651,0.000274658203125
1.654191616766467,0.000213623046875
1.654316367265469,0.000152587890625
1.6544411177644711,6.103515625e-05
1.654565868263473,-6.103515625e-05
1.654690618762475,-0.000152587890625
1.6548153692614771,-0.000213623046875
1.6549401197604789,-0.000274658203125
1.655064870259481,-0.000274658203125
1.6551896207584831,-0.000213623046875
1.6553143712574849,-0.000152587890625
1.655439121756487,-6.103515625e-05
1.6555638722554891,6.103515625e-05
1.6556886227544909,0.000152587890625
1.655813373253493,0.000213623046875
1.6559381237524951,0.000274658203125
1.6560628742514969,0.000274658203125
1.656187624750499,0.000213623046875
1.656312375249501,0.000152587890625
1.6564371257485031,6.103515625e-05
1.6565618762475049,-6.103515625e-05
1.656686626746507,-0.000152587890625
1.6568113772455091,-0.000213623046875
1.6569361277445109,-0.000244140625
1.657060878243513,-0.000274658203125
1.6571856287425151,-0.000213623046875
1.6573103792415169,-0.000152587890625
1.657435129740519,-6.103515625e-05
1.6575598802395211,6.103515625e-05
1.6576846307385229,0.000152587890625
1.657809381237525,0.000213623046875
1.657934131736527,0.000244140625
1.6580588822355289,0.000244140625
1.658183632734531,0.000213623046875
1.658308383233533,0.000152587890625
1.6584331337325349,6.103515625e-05
1.6585578842315369,-6.103515625e-05
1.658682634730539,-0.000152587890625
1.6588073852295409,-0.000213623046875
1.6589321357285429,-0.000244140625
1.659056886227545,-0.000244140625
1.6591816367265468,-0.000213623046875
1.6593063872255489,-0.000152587890625
1.659431137724551,-6.103515625e-05
1.6595558882235528,3.0517578125e-05
1.6596806387225549,0.000152587890625
1.659805389221557,0.000213623046875
1.6599301397205588,0.000244140625
1.6600548902195609,0.000244140625
1.6601796407185629,0.000213623046875
1.6603043912175648,0.000152587890625
1.6604291417165669,6.103515625e-05
1.6605538922155689,-3.0517578125e-05
1.6606786427145708,-0.000152587890625
1.6608033932135728,-0.000213623046875
1.6609281437125749,-0.000244140625
1.6610528942115768,-0.000244140625
1.6611776447105788,-0.000213623046875
1.6613023952095809,-0.000152587890625
1.6614271457085827,-6.103515625e-05
1.6615518962075848,3.0517578125e-05
1.6616766467065869,0.0001220703125
1.6618013972055887,0.000213623046875
1.6619261477045908,0.000244140625
1.6620508982035929,0.000244140625
1.6621756487025947,0.000213623046875
1.6623003992015968,0.000152587890625
1.6624251497005988,6.103515625e-05
1.6625499001996007,-3.0517578125e-05
1.6626746506986028,-0.0001220703125
1.6627994011976048,-0.000213623046875
1.6629241516966067,-0.000244140625
1.6630489021956087,-0.000244140625
1.6631736526946108,-0.000213623046875
1.6632984031936129,-0.000152587890625
1.6634231536926147,-6.103515625e-05
1.6635479041916168,3.0517578125e-05
1.6636726546906189,0.0001220703125
1.6637974051896207,0.000213623046875
1.6639221556886228,0.000244140625
1.6640469061876249,0.000244140625
1.6641716566866267,0.000213623046875
1.6642964071856288,0.000152587890625
1.6644211576846308,6.103515625e-05
1.6645459081836327,-3.0517578125e-05
1.6646706586826348,-0.0001220703125
1.6647954091816368,-0.000213623046875
1.6649201596806387,-0.000244140625
1.6650449101796407,-0.000244140625
1.6651696606786428,-0.000213623046875
1.6652944111776447,-0.000152587890625
1.6654191616766467,-6.103515625e-05
1.6655439121756488,3.0517578125e-05
1.6656686626746506,0.0001220703125
1.6657934131736527,0.000213623046875
1.6659181636726548,0.000244140625
1.6660429141716566,0.000244140625
1.6661676646706587,0.000213623046875
1.6662924151696608,0.000152587890625
1.6664171656686626,6.103515625e-05
1.6665419161676647,-3.0517578125e-05
1.6666666666666667,-0.0001220703125
1.6667914171656686,-0.000213623046875
1.6669161676646707,-0.000244140625
1.6670409181636727,-0.000244140625
1.6671656686626746,-0.000213623046875
1.6672904191616766,-0.000152587890625
1.6674151696606787,-6.103515625e-05
1.6675399201596806,3.0517578125e-05
1.6676646706586826,0.0001220703125
1.6677894211576847,0.000213623046875
1.6679141716566865,0.000244140625
1.6680389221556886,0.000244140625
1.6681636726546907,0.000213623046875
1.6682884231536925,0.000152587890625
1.6684131736526946,6.103515625e-05
1.6685379241516967,-3.0517578125e-05
1.6686626746506985,-0.0001220703125
1.6687874251497006,-0.00018310546875
1.6689121756487026,-0.000244140625
1.6690369261477045,-0.000244140625
1.6691616766467066,-0.000213623046875
1.6692864271457086,-0.000152587890625
1.6694111776447105,-6.103515625e-05
1.6695359281437125,3.0517578125e-05
1.6696606786427146,0.0001220703125
1.6697854291417165,0.00018310546875
1.6699101796407185,0.000244140625
1.6700349301397206,0.000244140625
1.6701596806387227,0.000213623046875
1.6702844311377245,0.000152587890625
1.6704091816367266,6.103515625e-05
1.6705339321357286,-3.0517578125e-05
1.6706586826347305,-0.0001220703125
1.6707834331337326,-0.00018310546875
1.6709081836327346,-0.000244140625
1.6710329341317365,-0.000244140625
1.6711576846307385,-0.000213623046875
1.6712824351297406,-0.000152587890625
1.6714071856287425,-6.103515625e-05
1.6715319361277445,3.0517578125e-05
1.6716566866267466,0.0001220703125
1.6717814371257484,0.00018310546875
1.6719061876247505,0.000244140625
1.6720309381237526,0.000244140625
1.6721556886227544,0.000213623046875
1.6722804391217565,0.000152587890625
1.6724051896207586,6.103515625e-05
1.6725299401197604,-3.0517578125e-05
1.6726546906187625,-0.0001220703125
1.6727794411177646,-0.00018310546875
1.6729041916167664,-0.000244140625
1.6730289421157685,-0.000244140625
1.6731536926147705,-0.000213623046875
1.6732784431137724,-0.000152587890625
1.6734031936127745,-6.103515625e-05
1.6735279441117765,3.0517578125e-05
1.6736526946107784,0.0001220703125
1.6737774451097804,0.00018310546875
1.6739021956087825,0.000244140625
1.6740269461077844,0.000244140625
1.6741516966067864,0.000213623046875
1.6742764471057885,0.000152587890625
1.6744011976047903,6.103515625e-05
1.6745259481037924,-3.0517578125e-05
1.6746506986027945,-0.0001220703125
1.6747754491017963,-0.00018310546875
1.6749001996007984,-0.000244140625
1.6750249500998005,-0.000244140625
1.6751497005988023,-0.000213623046875
1.6752744510978044,-0.000152587890625
1.6753992015968064,-9.1552734375e-05
1.6755239520958083,3.0517578125e-05
1.6756487025948104,0.0001220703125
1.6757734530938124,0.00018310546875
1.6758982035928143,0.000244140625
1.6760229540918163,0.000244140625
1.6761477045908184,0.000213623046875
1.6762724550898203,0.000152587890625
1.6763972055888223,9.1552734375e-05
1.6765219560878244,-3.0517578125e-05
1.6766467065868262,-0.0001220703125
1.6767714570858283,-0.00018310546875
1.6768962075848304,-0.000244140625
1.6770209580838322,-0.000244140625
1.6771457085828343,-0.000213623046875
1.6772704590818364,-0.000152587890625
1.6773952095808384,-9.1552734375e-05
1.6775199600798403,3.0517578125e-05
1.6776447105788423,0.0001220703125
1.6777694610778444,0.00018310546875
1.6778942115768463,0.000244140625
1.6780189620758483,0.000244140625
1.6781437125748504,0.000213623046875
1.6782684630738522,0.000152587890625
1.6783932135728543,9.1552734375e-05
1.6785179640718564,0
1.6786427145708582,-9.1552734375e-05
1.6787674650698603,-0.00018310546875
1.6788922155688624,-0.000213623046875
1.6790169660678642,-0.000244140625
1.6791417165668663,-0.000213623046875
1.6792664670658684,-0.000152587890625
1.6793912175648702,-9.1552734375e-05
1.6795159680638723,0
1.6796407185628743,9.1552734375e-05
1.6797654690618762,0.00018310546875
1.6798902195608783,0.000213623046875
1.6800149700598803,0.000244140625
1.6801397205588822,0.000213623046875
1.6802644710578842,0.000152587890625
1.6803892215568863,9.1552734375e-05
1.6805139720558881,0
1.6806387225548902,-9.1552734375e-05
1.6807634730538923,-0.00018310546875
1.6808882235528941,-0.000213623046875
1.6810129740518962,-0.000244140625
1.6811377245508983,-0.000213623046875
1.6812624750499001,-0.000152587890625
1.6813872255489022,-9.1552734375e-05
1.6815119760479043,0
1.6816367265469061,9.1552734375e-05
1.6817614770459082,0.00018310546875
1.6818862275449102,0.000213623046875
1.6820109780439121,0.000244140625
1.6821357285429142,0.000213623046875
1.6822604790419162,0.000152587890625
1.6823852295409181,9.1552734375e-05
1.6825099800399201,0
1.6826347305389222,-9.1552734375e-05
1.6827594810379241,-0.00018310546875
1.6828842315369261,-0.000213623046875
1.6830089820359282,-0.000244140625
1.68313373253493,-0.000213623046875
1.6832584830339321,-0.000152587890625
1.6833832335329342,-9.1552734375e-05
1.683507984031936,0
1.6836327345309381,9.1552734375e-05
1.6837574850299402,0.00018310546875
1.683882235528942,0.000213623046875
1.6840069860279441,0.000244140625
1.6841317365269461,0.000213623046875
1.6842564870259482,0.000152587890625
1.6843812375249501,9.1552734375e-05
1.6845059880239521,0
1.6846307385229542,-9.1552734375e-05
1.684755489021956,-0.00018310546875
1.6848802395209581,-0.000213623046875
1.6850049900199602,-0.000244140625
1.685129740518962,-0.000213623046875
1.6852544910179641,-0.000152587890625
1.6853792415169662,-9.1552734375e-05
1.685503992015968,0
1.6856287425149701,9.1552734375e-05
1.6857534930139721,0.00018310546875
1.685878243512974,0.000213623046875
1.6860029940119761,0.000244140625
1.6861277445109781,0.000213623046875
1.68625249500998,0.000152587890625
1.686377245508982,9.1552734375e-05
1.6865019960079841,0
1.686626746506986,-9.1552734375e-05
1.686751497005988,-0.000152587890625
1.6868762475049901,-0.000213623046875
1.6870009980039919,-0.000244140625
1.687125748502994,-0.000213623046875
1.6872504990019961,-0.000152587890625
1.6873752495009979,-9.1552734375e-05
1.6875,0
1.6876247504990021,9.1552734375e-05
1.6877495009980039,0.000152587890625
1.687874251497006,0.000213623046875
1.6879990019960081,0.000244140625
1.6881237524950099,0.000213623046875
1.688248502994012,0.000152587890625
1.688373253493014,9.1552734375e-05
1.6884980039920159,0
1.688622754491018,-9.1552734375e-05
1.68874750499002,-0.000152587890625
1.6888722554890219,-0.000213623046875
1.6889970059880239,-0.000244140625
1.689121756487026,-0.000213623046875
1.6892465069860279,-0.000152587890625
1.6893712574850299,-9.1552734375e-05
1.689496007984032,0
1.6896207584830338,9.1552734375e-05
1.6897455089820359,0.000152587890625
1.689870259481038,0.000213623046875
1.6899950099800398,0.000244140625
1.6901197604790419,0.000213623046875
1.690244510978044,0.000152587890625
1.6903692614770458,9.1552734375e-05
1.6904940119760479,0
1.6906187624750499,-9.1552734375e-05
1.6907435129740518,-0.000152587890625
1.6908682634730539,-0.000213623046875
1.6909930139720559,-0.000244140625
1.691117764471058,-0.000213623046875
1.6912425149700598,-0.000152587890625
1.6913672654690619,-9.1552734375e-05
1.691492015968064,0
1.6916167664670658,9.1552734375e-05
1.6917415169660679,0.000152587890625
1.69186626746507,0.000213623046875
1.6919910179640718,0.000244140625
1.6921157684630739,0.000213623046875
1.6922405189620759,0.000152587890625
1.6923652694610778,9.1552734375e-05
1.6924900199600799,0
1.6926147704590819,-9.1552734375e-05
1.6927395209580838,-0.000152587890625
1.6928642714570858,-0.000213623046875
1.6929890219560879,-0.000244140625
1.6931137724550898,-0.000213623046875
1.6932385229540918,-0.000152587890625
1.6933632734530939,-9.1552734375e-05
1.6934880239520957,0
1.6936127744510978,9.1552734375e-05
1.6937375249500999,0.000152587890625
1.6938622754491017,0.000213623046875
1.6939870259481038,0.000213623046875
1.6941117764471059,0.000213623046875
1.6942365269461077,0.00018310546875
1.6943612774451098,9.1552734375e-05
1.6944860279441119,0
1.6946107784431137,-9.1552734375e-05
1.6947355289421158,-0.000152587890625
1.6948602794411178,-0.000213623046875
1.6949850299401197,-0.000213623046875
1.6951097804391217,-0.000213623046875
1.6952345309381238,-0.00018310546875
1.6953592814371257,-9.1552734375e-05
1.6954840319361277,0
1.6956087824351298,6.103515625e-05
1.6957335329341316,0.000152587890625
1.6958582834331337,0.000213623046875
1.6959830339321358,0.000213623046875
1.6961077844311376,0.000213623046875
1.6962325349301397,0.00018310546875
1.6963572854291418,9.1552734375e-05
1.6964820359281436,0
1.6966067864271457,-6.103515625e-05
1.6967315369261478,-0.000152587890625
1.6968562874251496,-0.000213623046875
1.6969810379241517,-0.000213623046875
1.6971057884231537,-0.000213623046875
1.6972305389221556,-0.00018310546875
1.6973552894211577,-9.1552734375e-05
1.6974800399201597,0
1.6976047904191616,6.103515625e-05
1.6977295409181636,0.000152587890625
1.6978542914171657,0.000213623046875
1.6979790419161678,0.000213623046875
1.6981037924151696,0.000213623046875
1.6982285429141717,0.00018310546875
1.6983532934131738,9.1552734375e-05
1.6984780439121756,3.0517578125e-05
1.6986027944111777,-6.103515625e-05
1.6987275449101797,-0.000152587890625
1.6988522954091816,-0.000213623046875
1.6989770459081837,-0.000213623046875
1.6991017964071857,-0.000213623046875
1.6992265469061876,-0.00018310546875
1.6993512974051896,-9.1552734375e-05
1.6994760479041917,-3.0517578125e-05
1.6996007984031936,6.103515625e-05
1.6997255489021956,0.000152587890625
1.6998502994011977,0.000213623046875
1.6999750499001995,0.000213623046875
1.7000998003992016,0.000213623046875
1.7002245508982037,0.00018310546875
1.7003493013972055,9.1552734375e-05
1.7004740518962076,3.0517578125e-05
1.7005988023952097,-6.103515625e-05
1.7007235528942115,-0.000152587890625
1.7008483033932136,-0.00018310546875
1.7009730538922156,-0.000213623046875
1.7010978043912175,-0.000213623046875
1.7012225548902196,-0.00018310546875
1.7013473053892216,-9.1552734375e-05
1.7014720558882235,-3.0517578125e-05
1.7015968063872255,6.103515625e-05
1.7017215568862276,0.000152587890625
1.7018463073852295,0.00018310546875
1.7019710578842315,0.000213623046875
1.7020958083832336,0.000213623046875
1.7022205588822354,0.00018310546875
1.7023453093812375,9.1552734375e-05
1.7024700598802396,3.0517578125e-05
1.7025948103792414,-6.103515625e-05
1.7027195608782435,-0.000152587890625
1.7028443113772456,-0.00018310546875
1.7029690618762474,-0.000213623046875
1.7030938123752495,-0.000213623046875
1.7032185628742516,-0.00018310546875
1.7033433133732534,-9.1552734375e-05
1.7034680638722555,-3.0517578125e-05
1.7035928143712575,6.103515625e-05
1.7037175648702594,0.000152587890625
1.7038423153692615,0.00018310546875
1.7039670658682635,0.000213623046875
1.7040918163672654,0.000213623046875
1.7042165668662674,0.00018310546875
1.7043413173652695,9.1552734375e-05
1.7044660678642714,3.0517578125e-05
1.7045908183632734,-6.103515625e-05
1.7047155688622755,-0.0001220703125
1.7048403193612773,-0.00018310546875
1.7049650698602794,-0.000213623046875
1.7050898203592815,-0.000213623046875
1.7052145708582835,-0.00018310546875
1.7053393213572854,-9.1552734375e-05
1.7054640718562875,-3.0517578125e-05
1.7055888223552895,6.103515625e-05
1.7057135728542914,0.0001220703125
1.7058383233532934,0.00018310546875
1.7059630738522955,0.000213623046875
1.7060878243512974,0.000213623046875
1.7062125748502994,0.00018310546875
1.7063373253493015,9.1552734375e-05
1.7064620758483033,3.0517578125e-05
1.7065868263473054,-6.103515625e-05
1.7067115768463075,-0.0001220703125
1.7068363273453093,-0.00018310546875
1.7069610778443114,-0.000213623046875
1.7070858283433135,-0.000213623046875
1.7072105788423153,-0.00018310546875
1.7073353293413174,-0.0001220703125
1.7074600798403194,-3.0517578125e-05
1.7075848303393213,6.103515625e-05
1.7077095808383234,0.0001220703125
1.7078343313373254,0.00018310546875
1.7079590818363273,0.000213623046875
1.7080838323353293,0.000213623046875
1.7082085828343314,0.00018310546875
1.7083333333333333,0.0001220703125
1.7084580838323353,3.0517578125e-05
1.7085828343313374,-6.103515625e-05
1.7087075848303392,-0.0001220703125
1.7088323353293413,-0.00018310546875
1.7089570858283434,-0.000213623046875
1.7090818363273452,-0.000213623046875
1.7092065868263473,-0.00018310546875
1.7093313373253494,-0.0001220703125
1.7094560878243512,-3.0517578125e-05
1.7095808383233533,6.103515625e-05
1.7097055888223553,0.0001220703125
1.7098303393213572,0.00018310546875
1.7099550898203593,0.000213623046875
1.7100798403193613,0.000213623046875
1.7102045908183632,0.00018310546875
1.7103293413173652,0.0001220703125
1.7104540918163673,3.0517578125e-05
1.7105788423153692,-6.103515625e-05
1.7107035928143712,-0.0001220703125
1.7108283433133733,-0.00018310546875
1.7109530938123751,-0.000213623046875
1.7110778443113772,-0.000213623046875
1.7112025948103793,-0.00018310546875
1.7113273453093811,-0.0001220703125
1.7114520958083832,-3.0517578125e-05
1.7115768463073853,6.103515625e-05
1.7117015968063871,0.0001220703125
1.7118263473053892,0.00018310546875
1.7119510978043913,0.000213623046875
1.7120758483033933,0.000213623046875
1.7122005988023952,0.00018310546875
1.7123253493013972,0.0001220703125
1.7124500998003993,3.0517578125e-05
1.7125748502994012,-6.103515625e-05
1.7126996007984032,-0.0001220703125
1.7128243512974053,-0.00018310546875
1.7129491017964071,-0.000213623046875
1.7130738522954092,-0.000213623046875
1.7131986027944113,-0.00018310546875
1.7133233532934131,-0.0001220703125
1.7134481037924152,-3.0517578125e-05
1.7135728542914173,6.103515625e-05
1.7136976047904191,0.0001220703125
1.7138223552894212,0.00018310546875
1.7139471057884232,0.000213623046875
1.7140718562874251,0.000213623046875
1.7141966067864272,0.00018310546875
1.7143213572854292,0.0001220703125
1.7144461077844311,3.0517578125e-05
1.7145708582834331,-6.103515625e-05
1.7146956087824352,-0.0001220703125
1.7148203592814371,-0.00018310546875
1.7149451097804391,-0.000213623046875
1.7150698602794412,-0.000213623046875
1.715194610778443,-0.00018310546875
1.7153193612774451,-0.0001220703125
1.7154441117764472,-3.0517578125e-05
1.715568862275449,3.0517578125e-05
1.7156936127744511,0.0001220703125
1.7158183632734532,0.00018310546875
1.715943113772455,0.000213623046875
1.7160678642714571,0.000213623046875
1.7161926147704591,0.00018310546875
1.716317365269461,0.0001220703125
1.7164421157684631,3.0517578125e-05
1.7165668662674651,-3.0517578125e-05
1.716691616766467,-0.0001220703125
1.716816367265469,-0.00018310546875
1.7169411177644711,-0.000213623046875
1.717065868263473,-0.000213623046875
1.717190618762475,-0.00018310546875
1.7173153692614771,-0.0001220703125
1.7174401197604789,-3.0517578125e-05
1.717564870259481,3.0517578125e-05
1.7176896207584831,0.0001220703125
1.7178143712574849,0.00018310546875
1.717939121756487,0.000213623046875
1.7180638722554891,0.000213623046875
1.7181886227544909,0.00018310546875
1.718313373253493,0.0001220703125
1.7184381237524951,3.0517578125e-05
1.7185628742514969,-3.0517578125e-05
1.718687624750499,-0.0001220703125
1.718812375249501,-0.00018310546875
1.7189371257485031,-0.000213623046875
1.7190618762475049,-0.000213623046875
1.719186626746507,-0.00018310546875
1.7193113772455091,-0.0001220703125
1.7194361277445109,-3.0517578125e-05
1.719560878243513,3.0517578125e-05
1.7196856287425151,0.0001220703125
1.7198103792415169,0.00018310546875
1.719935129740519,0.000213623046875
1.7200598802395211,0.000213623046875
1.7201846307385229,0.00018310546875
1.720309381237525,0.0001220703125
1.720434131736527,3.0517578125e-05
1.7205588822355289,-3.0517578125e-05
1.720683632734531,-0.0001220703125
1.720808383233533,-0.00018310546875
1.7209331337325349,-0.000213623046875
1.7210578842315369,-0.000213623046875
1.721182634730539,-0.00018310546875
1.7213073852295409,-0.0001220703125
1.7214321357285429,-3.0517578125e-05
1.721556886227545,3.0517578125e-05
1.7216816367265468,0.0001220703125
1.7218063872255489,0.000152587890625
1.721931137724551,0.000213623046875
1.7220558882235528,0.000213623046875
1.7221806387225549,0.00018310546875
1.722305389221557,0.0001220703125
1.7224301397205588,3.0517578125e-05
1.7225548902195609,-3.0517578125e-05
1.7226796407185629,-0.0001220703125
1.7228043912175648,-0.000152587890625
1.7229291417165669,-0.00018310546875
1.7230538922155689,-0.000213623046875
1.7231786427145708,-0.00018310546875
1.7233033932135728,-0.0001220703125
1.7234281437125749,-3.0517578125e-05
1.7235528942115768,3.0517578125e-05
1.7236776447105788,0.0001220703125
1.7238023952095809,0.000152587890625
1.7239271457085827,0.00018310546875
1.7240518962075848,0.000213623046875
1.7241766467065869,0.00018310546875
1.7243013972055887,0.0001220703125
1.7244261477045908,6.103515625e-05
1.7245508982035929,-3.0517578125e-05
1.7246756487025947,-9.1552734375e-05
1.7248003992015968,-0.000152587890625
1.7249251497005988,-0.00018310546875
1.7250499001996007,-0.000213623046875
1.7251746506986028,-0.00018310546875
1.7252994011976048,-0.0001220703125
1.7254241516966067,-6.103515625e-05
1.7255489021956087,3.0517578125e-05
1.7256736526946108,9.1552734375e-05
1.7257984031936129,0.000152587890625
1.7259231536926147,0.00018310546875
1.7260479041916168,0.000213623046875
1.7261726546906189,0.00018310546875
1.7262974051896207,0.0001220703125
1.7264221556886228,6.103515625e-05
1.7265469061876249,-3.0517578125e-05
1.7266716566866267,-9.1552734375e-05
1.7267964071856288,-0.000152587890625
1.7269211576846308,-0.00018310546875
1.7270459081836327,-0.00018310546875
1.7271706586826348,-0.00018310546875
1.7272954091816368,-0.0001220703125
1.7274201596806387,-6.103515625e-05
1.7275449101796407,3.0517578125e-05
1.7276696606786428,9.1552734375e-05
1.7277944111776447,0.000152587890625
1.7279191616766467,0.00018310546875
1.7280439121756488,0.00018310546875
1.7281686626746506,0.00018310546875
1.7282934131736527,0.0001220703125
1.7284181636726548,6.103515625e-05
1.7285429141716566,-3.0517578125e-05
1.7286676646706587,-9.1552734375e-05
1.7287924151696608,-0.000152587890625
1.7289171656686626,-0.00018310546875
1.7290419161676647,-0.00018310546875
1.7291666666666667,-0.00018310546875
1.7292914171656686,-0.0001220703125
1.7294161676646707,-6.103515625e-05
1.7295409181636727,3.0517578125e-05
1.7296656686626746,9.1552734375e-05
1.7297904191616766,0.000152587890625
1.7299151696606787,0.00018310546875
1.7300399201596806,0.00018310546875
1.7301646706586826,0.00018310546875
1.7302894211576847,0.0001220703125
1.7304141716566865,6.103515625e-05
1.7305389221556886,-3.0517578125e-05
1.7306636726546907,-9.1552734375e-05
1.7307884231536925,-0.000152587890625
1.7309131736526946,-0.00018310546875
1.7310379241516967,-0.00018310546875
1.7311626746506985,-0.00018310546875
1.7312874251497006,-0.0001220703125
1.7314121756487026,-6.103515625e-05
1.7315369261477045,3.0517578125e-05
1.7316616766467066,9.1552734375e-05
1.7317864271457086,0.000152587890625
1.7319111776447105,0.00018310546875
1.7320359281437125,0.00018310546875
1.7321606786427146,0.00018310546875
1.7322854291417165,0.0001220703125
1.7324101796407185,6.103515625e-05
1.7325349301397206,-3.0517578125e-05
1.7326596806387227,-9.1552734375e-05
1.7327844311377245,-0.000152587890625
1.7329091816367266,-0.00018310546875
1.7330339321357286,-0.00018310546875
1.7331586826347305,-0.00018310546875
1.7332834331337326,-0.0001220703125
1.7334081836327346,-6.103515625e-05
1.7335329341317365,3.0517578125e-05
1.7336576846307385,9.1552734375e-05
1.7337824351297406,0.000152587890625
1.7339071856287425,0.00018310546875
1.7340319361277445,0.00018310546875
1.7341566866267466,0.00018310546875
1.7342814371257484,0.0001220703125
1.7344061876247505,6.103515625e-05
1.7345309381237526,-3.0517578125e-05
1.7346556886227544,-9.1552734375e-05
1.7347804391217565,-0.000152587890625
1.7349051896207586,-0.00018310546875
1.7350299401197604,-0.00018310546875
1.7351546906187625,-0.00018310546875
1.7352794411177646,-0.0001220703125
1.7354041916167664,-6.103515625e-05
1.7355289421157685,3.0517578125e-05
1.7356536926147705,9.1552734375e-05
1.7357784431137724,0.000152587890625
1.7359031936127745,0.00018310546875
1.7360279441117765,0.00018310546875
1.7361526946107784,0.00018310546875
1.7362774451097804,0.0001220703125
1.7364021956087825,6.103515625e-05
1.7365269461077844,-3.0517578125e-05
1.7366516966067864,-9.1552734375e-05
1.7367764471057885,-0.000152587890625
1.7369011976047903,-0.00018310546875
1.7370259481037924,-0.00018310546875
1.7371506986027945,-0.00018310546875
1.7372754491017963,-0.0001220703125
1.7374001996007984,-6.103515625e-05
1.7375249500998005,0
1.7376497005988023,9.1552734375e-05
1.7377744510978044,0.000152587890625
1.7378992015968064,0.00018310546875
1.7380239520958083,0.00018310546875
1.7381487025948104,0.00018310546875
1.7382734530938124,0.0001220703125
1.7383982035928143,6.103515625e-05
1.7385229540918163,0
1.7386477045908184,-9.1552734375e-05
1.7387724550898203,-0.000152587890625
1.7388972055888223,-0.00018310546875
1.7390219560878244,-0.00018310546875
1.7391467065868262,-0.00018310546875
1.7392714570858283,-0.0001220703125
1.7393962075848304,-6.103515625e-05
1.7395209580838322,0
1.7396457085828343,9.1552734375e-05
1.7397704590818364,0.000152587890625
1.7398952095808384,0.00018310546875
1.7400199600798403,0.00018310546875
1.7401447105788423,0.00018310546875
1.7402694610778444,0.0001220703125
1.7403942115768463,6.103515625e-05
1.7405189620758483,0
1.7406437125748504,-9.1552734375e-05
1.7407684630738522,-0.000152587890625
1.7408932135728543,-0.00018310546875
1.7410179640718564,-0.00018310546875
1.7411427145708582,-0.00018310546875
1.7412674650698603,-0.0001220703125
1.7413922155688624,-6.103515625e-05
1.7415169660678642,0
1.7416417165668663,9.1552734375e-05
1.7417664670658684,0.000152587890625
1.7418912175648702,0.00018310546875
1.7420159680638723,0.00018310546875
1.7421407185628743,0.00018310546875
1.7422654690618762,0.0001220703125
1.7423902195608783,6.103515625e-05
1.7425149700598803,0
1.7426397205588822,-9.1552734375e-05
1.7427644710578842,-0.000152587890625
1.7428892215568863,-0.00018310546875
1.7430139720558881,-0.00018310546875
1.7431387225548902,-0.00018310546875
1.7432634730538923,-0.0001220703125
1.7433882235528941,-6.103515625e-05
1.7435129740518962,0
1.7436377245508983,9.1552734375e-05
1.7437624750499001,0.0001220703125
1.7438872255489022,0.00018310546875
1.7440119760479043,0.00018310546875
1.7441367265469061,0.00018310546875
1.7442614770459082,0.0001220703125
1.7443862275449102,6.103515625e-05
1.7445109780439121,0
1.7446357285429142,-9.1552734375e-05
1.7447604790419162,-0.0001220703125
1.7448852295409181,-0.00018310546875
1.7450099800399201,-0.00018310546875
1.7451347305389222,-0.00018310546875
1.7452594810379241,-0.0001220703125
1.7453842315369261,-6.103515625e-05
1.7455089820359282,0
1.74563373253493,6.103515625e-05
1.7457584830339321,0.0001220703125
1.7458832335329342,0.00018310546875
1.746007984031936,0.00018310546875
1.7461327345309381,0.00018310546875
1.7462574850299402,0.0001220703125
1.746382235528942,6.103515625e-05
1.7465069860279441,0
1.7466317365269461,-6.103515625e-05
1.7467564870259482,-0.0001220703125
1.7468812375249501,-0.00018310546875
1.7470059880239521,-0.00018310546875
1.7471307385229542,-0.00018310546875
1.747255489021956,-0.0001220703125
1.7473802395209581,-6.103515625e-05
1.7475049900199602,0
1.747629740518962,6.103515625e-05
1.7477544910179641,0.0001220703125
1.7478792415169662,0.00018310546875
1.748003992015968,0.00018310546875
1.7481287425149701,0.00018310546875
1.7482534930139721,0.0001220703125
1.748378243512974,6.103515625e-05
1.7485029940119761,0
1.7486277445109781,-6.103515625e-05
1.74875249500998,-0.0001220703125
1.748877245508982,-0.00018310546875
1.7490019960079841,-0.00018310546875
1.749126746506986,-0.00018310546875
1.749251497005988,-0.0001220703125
1.7493762475049901,-6.103515625e-05
1.7495009980039919,0
1.749625748502994,6.103515625e-05
1.7497504990019961,0.0001220703125
1.7498752495009979,0.00018310546875
1.75,0.00018310546875
1.7501247504990021,0.00018310546875
1.7502495009980039,0.0001220703125
1.750374251497006,6.103515625e-05
1.7504990019960081,0
1.7506237524950099,-6.103515625e-05
1.750748502994012,-0.0001220703125
1.750873253493014,-0.000152587890625
1.7509980039920159,-0.00018310546875
1.751122754491018,-0.00018310546875
1.75124750499002,-0.0001220703125
1.7513722554890219,-6.103515625e-05
1.7514970059880239,0
1.751621756487026,6.103515625e-05
1.7517465069860279,0.0001220703125
1.7518712574850299,0.000152587890625
1.751996007984032,0.00018310546875
1.7521207584830338,0.00018310546875
1.7522455089820359,0.0001220703125
1.752370259481038,6.103515625e-05
1.7524950099800398,0
1.7526197604790419,-6.103515625e-05
1.752744510978044,-0.0001220703125
1.7528692614770458,-0.000152587890625
1.7529940119760479,-0.00018310546875
1.7531187624750499,-0.000152587890625
1.7532435129740518,-0.0001220703125
1.7533682634730539,-6.103515625e-05
1.7534930139720559,0
1.753617764471058,6.103515625e-05
1.7537425149700598,0.0001220703125
1.7538672654690619,0.000152587890625
1.753992015968064,0.00018310546875
1.7541167664670658,0.000152587890625
1.7542415169660679,0.0001220703125
1.75436626746507,6.103515625e-05
1.7544910179640718,0
1.7546157684630739,-6.103515625e-05
1.7547405189620759,-0.0001220703125
1.7548652694610778,-0.000152587890625
1.7549900199600799,-0.00018310546875
1.7551147704590819,-0.000152587890625
1.7552395209580838,-0.0001220703125
1.7553642714570858,-6.103515625e-05
1.7554890219560879,0
1.7556137724550898,6.103515625e-05
1.7557385229540918,0.0001220703125
1.7558632734530939,0.000152587890625
1.7559880239520957,0.00018310546875
1.7561127744510978,0.000152587890625
1.7562375249500999,0.0001220703125
1.7563622754491017,6.103515625e-05
1.7564870259481038,0
1.7566117764471059,-6.103515625e-05
1.7567365269461077,-0.0001220703125
1.7568612774451098,-0.000152587890625
1.7569860279441119,-0.00018310546875
1.7571107784431137,-0.000152587890625
1.7572355289421158,-0.0001220703125
1.7573602794411178,-6.103515625e-05
1.7574850299401197,0
1.7576097804391217,6.103515625e-05
1.7577345309381238,0.0001220703125
1.7578592814371257,0.000152587890625
1.7579840319361277,0.00018310546875
1.7581087824351298,0.000152587890625
1.7582335329341316,0.0001220703125
1.7583582834331337,6.103515625e-05
1.7584830339321358,0
1.7586077844311376,-6.103515625e-05
1.7587325349301397,-0.0001220703125
1.7588572854291418,-0.000152587890625
1.7589820359281436,-0.00018310546875
1.7591067864271457,-0.000152587890625
1.7592315369261478,-0.0001220703125
1.7593562874251496,-9.1552734375e-05
1.7594810379241517,0
1.7596057884231537,6.103515625e-05
1.7597305389221556,0.0001220703125
1.7598552894211577,0.000152587890625
1.7599800399201597,0.00018310546875
1.7601047904191616,0.000152587890625
1.7602295409181636,0.0001220703125
1.7603542914171657,9.1552734375e-05
1.7604790419161678,0
1.7606037924151696,-6.103515625e-05
1.7607285429141717,-0.0001220703125
1.7608532934131738,-0.000152587890625
1.7609780439121756,-0.00018310546875
1.7611027944111777,-0.000152587890625
1.7612275449101797,-0.0001220703125
1.7613522954091816,-9.1552734375e-05
1.7614770459081837,0
1.7616017964071857,6.103515625e-05
1.7617265469061876,0.0001220703125
1.7618512974051896,0.000152587890625
1.7619760479041917,0.00018310546875
1.7621007984031936,0.000152587890625
1.7622255489021956,0.0001220703125
1.7623502994011977,9.1552734375e-05
1.7624750499001995,0
1.7625998003992016,-6.103515625e-05
1.7627245508982037,-0.0001220703125
1.7628493013972055,-0.000152587890625
1.7629740518962076,-0.00018310546875
1.7630988023952097,-0.000152587890625
1.7632235528942115,-0.0001220703125
1.7633483033932136,-9.1552734375e-05
1.7634730538922156,0
1.7635978043912175,6.103515625e-05
1.7637225548902196,0.0001220703125
1.7638473053892216,0.000152587890625
1.7639720558882235,0.00018310546875
1.7640968063872255,0.000152587890625
1.7642215568862276,0.0001220703125
1.7643463073852295,9.1552734375e-05
1.7644710578842315,3.0517578125e-05
1.7645958083832336,-6.103515625e-05
1.7647205588822354,-0.0001220703125
1.7648453093812375,-0.000152587890625
1.7649700598802396,-0.00018310546875
1.7650948103792414,-0.000152587890625
1.7652195608782435,-0.0001220703125
1.7653443113772456,-9.1552734375e-05
1.7654690618762474,-3.0517578125e-05
1.7655938123752495,6.103515625e-05
1.7657185628742516,0.0001220703125
1.7658433133732534,0.000152587890625
1.7659680638722555,0.00018310546875
1.7660928143712575,0.000152587890625
1.7662175648702594,0.0001220703125
1.7663423153692615,9.1552734375e-05
1.7664670658682635,3.0517578125e-05
1.7665918163672654,-6.103515625e-05
1.7667165668662674,-0.0001220703125
1.7668413173652695,-0.000152587890625
1.7669660678642714,-0.00018310546875
1.7670908183632734,-0.000152587890625
1.7672155688622755,-0.0001220703125
1.7673403193612773,-9.1552734375e-05
1.7674650698602794,-3.0517578125e-05
1.7675898203592815,6.103515625e-05
1.7677145708582835,9.1552734375e-05
1.7678393213572854,0.000152587890625
1.7679640718562875,0.00018310546875
1.7680888223552895,0.000152587890625
1.7682135728542914,0.0001220703125
1.7683383233532934,9.1552734375e-05
1.7684630738522955,3.0517578125e-05
1.7685878243512974,-6.103515625e-05
1.7687125748502994,-9.1552734375e-05
1.7688373253493015,-0.000152587890625
1.7689620758483033,-0.00018310546875
1.7690868263473054,-0.000152587890625
1.7692115768463075,-0.0001220703125
1.7693363273453093,-9.1552734375e-05
1.7694610778443114,-3.0517578125e-05
1.7695858283433135,3.0517578125e-05
1.7697105788423153,9.1552734375e-05
1.7698353293413174,0.000152587890625
1.7699600798403194,0.000152587890625
1.7700848303393213,0.000152587890625
1.7702095808383234,0.0001220703125
1.7703343313373254,9.1552734375e-05
1.7704590818363273,3.0517578125e-05
1.7705838323353293,-3.0517578125e-05
1.7707085828343314,-9.1552734375e-05
1.7708333333333333,-0.000152587890625
1.7709580838323353,-0.000152587890625
1.7710828343313374,-0.000152587890625
1.7712075848303392,-0.0001220703125
1.7713323353293413,-9.1552734375e-05
1.7714570858283434,-3.0517578125e-05
1.7715818363273452,3.0517578125e-05
1.7717065868263473,9.1552734375e-05
1.7718313373253494,0.000152587890625
1.7719560878243512,0.000152587890625
1.7720808383233533,0.000152587890625
1.7722055888223553,0.0001220703125
1.7723303393213572,9.1552734375e-05
1.7724550898203593,3.0517578125e-05
1.7725798403193613,-3.0517578125e-05
1.7727045908183632,-9.1552734375e-05
1.7728293413173652,-0.000152587890625
1.7729540918163673,-0.000152587890625
1.7730788423153692,-0.000152587890625
1.7732035928143712,-0.0001220703125
1.7733283433133733,-9.1552734375e-05
1.7734530938123751,-3.0517578125e-05
1.7735778443113772,3.0517578125e-05
1.7737025948103793,9.1552734375e-05
1.7738273453093811,0.000152587890625
1.7739520958083832,0.000152587890625
1.7740768463073853,0.000152587890625
1.7742015968063871,0.0001220703125
1.7743263473053892,9.1552734375e-05
1.7744510978043913,3.0517578125e-05
1.7745758483033933,-3.0517578125e-05
1.7747005988023952,-9.1552734375e-05
1.7748253493013972,-0.000152587890625
1.7749500998003993,-0.000152587890625
1.7750748502994012,-0.000152587890625
1.7751996007984032,-0.0001220703125
1.7753243512974053,-9.1552734375e-05
1.7754491017964071,-3.0517578125e-05
1.7755738522954092,3.0517578125e-05
1.7756986027944113,9.1552734375e-05
1.7758233532934131,0.000152587890625
1.7759481037924152,0.000152587890625
1.7760728542914173,0.000152587890625
1.7761976047904191,0.0001220703125
1.7763223552894212,9.1552734375e-05
1.7764471057884232,3.0517578125e-05
1.7765718562874251,-3.0517578125e-05
1.7766966067864272,-9.1552734375e-05
1.7768213572854292,-0.000152587890625
1.7769461077844311,-0.000152587890625
1.7770708582834331,-0.000152587890625
1.7771956087824352,-0.0001220703125
1.7773203592814371,-9.1552734375e-05
1.7774451097804391,-3.0517578125e-05
1.7775698602794412,3.0517578125e-05
1.777694610778443,9.1552734375e-05
1.7778193612774451,0.000152587890625
1.7779441117764472,0.000152587890625
1.778068862275449,0.000152587890625
1.7781936127744511,0.0001220703125
1.7783183632734532,9.1552734375e-05
1.778443113772455,3.0517578125e-05
1.7785678642714571,-3.0517578125e-05
1.7786926147704591,-9.1552734375e-05
1.778817365269461,-0.0001220703125
1.7789421157684631,-0.000152587890625
1.7790668662674651,-0.000152587890625
1.779191616766467,-0.0001220703125
1.779316367265469,-9.1552734375e-05
1.7794411177644711,-3.0517578125e-05
1.779565868263473,3.0517578125e-05
1.779690618762475,9.1552734375e-05
1.7798153692614771,0.0001220703125
1.7799401197604789,0.000152587890625
1.780064870259481,0.000152587890625
1.7801896207584831,0.0001220703125
1.7803143712574849,9.1552734375e-05
1.780439121756487,3.0517578125e-05
1.7805638722554891,-3.0517578125e-05
1.7806886227544909,-9.1552734375e-05
1.780813373253493,-0.0001220703125
1.7809381237524951,-0.000152587890625
1.7810628742514969,-0.000152587890625
1.781187624750499,-0.0001220703125
1.781312375249501,-9.1552734375e-05
1.7814371257485031,-3.0517578125e-05
1.7815618762475049,3.0517578125e-05
1.781686626746507,9.1552734375e-05
1.7818113772455091,0.0001220703125
1.7819361277445109,0.000152587890625
1.782060878243513,0.000152587890625
1.7821856287425151,0.0001220703125
1.7823103792415169,9.1552734375e-05
1.782435129740519,3.0517578125e-05
1.7825598802395211,-3.0517578125e-05
1.7826846307385229,-9.1552734375e-05
1.782809381237525,-0.0001220703125
1.782934131736527,-0.000152587890625
1.7830588822355289,-0.000152587890625
1.783183632734531,-0.0001220703125
1.783308383233533,-9.1552734375e-05
1.7834331337325349,-3.0517578125e-05
1.7835578842315369,3.0517578125e-05
1.783682634730539,9.1552734375e-05
1.7838073852295409,0.0001220703125
1.7839321357285429,0.000152587890625
1.784056886227545,0.000152587890625
1.7841816367265468,0.0001220703125
1.7843063872255489,9.1552734375e-05
1.784431137724551,3.0517578125e-05
1.7845558882235528,-3.0517578125e-05
1.7846806387225549,-9.1552734375e-05
1.784805389221557,-0.0001220703125
1.7849301397205588,-0.000152587890625
1.7850548902195609,-0.000152587890625
1.7851796407185629,-0.0001220703125
1.7853043912175648,-9.1552734375e-05
1.7854291417165669,-3.0517578125e-05
1.7855538922155689,3.0517578125e-05
1.7856786427145708,9.1552734375e-05
1.7858033932135728,0.0001220703125
1.7859281437125749,0.000152587890625
1.7860528942115768,0.000152587890625
1.7861776447105788,0.0001220703125
1.7863023952095809,9.1552734375e-05
1.7864271457085827,3.0517578125e-05
1.7865518962075848,-3.0517578125e-05
1.7866766467065869,-9.1552734375e-05
1.7868013972055887,-0.0001220703125
1.7869261477045908,-0.000152587890625
1.7870508982035929,-0.000152587890625
1.7871756487025947,-0.0001220703125
1.7873003992015968,-9.1552734375e-05
1.7874251497005988,-3.0517578125e-05
1.7875499001996007,3.0517578125e-05
1.7876746506986028,9.1552734375e-05
1.7877994011976048,0.0001220703125
1.7879241516966067,0.000152587890625
1.7880489021956087,0.000152587890625
1.7881736526946108,0.0001220703125
1.7882984031936129,9.1552734375e-05
1.7884231536926147,3.0517578125e-05
1.7885479041916168,-3.0517578125e-05
1.7886726546906189,-9.1552734375e-05
1.7887974051896207,-0.0001220703125
1.7889221556886228,-0.000152587890625
1.7890469061876249,-0.000152587890625
1.7891716566866267,-0.0001220703125
1.7892964071856288,-9.1552734375e-05
1.7894211576846308,-3.0517578125e-05
1.7895459081836327,3.0517578125e-05
1.7896706586826348,9.1552734375e-05
1.7897954091816368,0.0001220703125
1.7899201596806387,0.000152587890625
1.7900449101796407,0.000152587890625
1.7901696606786428,0.0001220703125
1.7902944111776447,9.1552734375e-05
1.7904191616766467,3.0517578125e-05
1.7905439121756488,-3.0517578125e-05
1.7906686626746506,-9.1552734375e-05
1.7907934131736527,-0.0001220703125
1.7909181636726548,-0.000152587890625
1.7910429141716566,-0.000152587890625
1.7911676646706587,-0.0001220703125
1.7912924151696608,-9.1552734375e-05
1.7914171656686626,-3.0517578125e-05
1.7915419161676647,3.0517578125e-05
1.7916666666666667,9.1552734375e-05
1.7917914171656686,0.0001220703125
1.7919161676646707,0.000152587890625
1.7920409181636727,0.000152587890625
1.7921656686626746,0.0001220703125
1.7922904191616766,9.1552734375e-05
1.7924151696606787,3.0517578125e-05
1.7925399201596806,-3.0517578125e-05
1.7926646706586826,-6.103515625e-05
1.7927894211576847,-0.0001220703125
1.7929141716566865,-0.000152587890625
1.7930389221556886,-0.000152587890625
1.7931636726546907,-0.0001220703125
1.7932884231536925,-9.1552734375e-05
1.7934131736526946,-3.0517578125e-05
1.7935379241516967,3.0517578125e-05
1.7936626746506985,6.103515625e-05
1.7937874251497006,0.0001220703125
1.7939121756487026,0.000152587890625
1.7940369261477045,0.000152587890625
1.7941616766467066,0.0001220703125
1.7942864271457086,9.1552734375e-05
1.7944111776447105,3.0517578125e-05
1.7945359281437125,-3.0517578125e-05
1.7946606786427146,-6.103515625e-05
1.7947854291417165,-0.0001220703125
1.7949101796407185,-0.000152587890625
1.7950349301397206,-0.000152587890625
1.7951596806387227,-0.0001220703125
1.7952844311377245,-9.1552734375e-05
1.7954091816367266,-3.0517578125e-05
1.7955339321357286,3.0517578125e-05
1.7956586826347305,6.103515625e-05
1.7957834331337326,0.0001220703125
1.7959081836327346,0.000152587890625
1.7960329341317365,0.000152587890625
1.7961576846307385,0.0001220703125
1.7962824351297406,9.1552734375e-05
1.7964071856287425,3.0517578125e-05
1.7965319361277445,0
1.7966566866267466,-6.103515625e-05
1.7967814371257484,-0.0001220703125
1.7969061876247505,-0.000152587890625
1.7970309381237526,-0.000152587890625
1.7971556886227544,-0.0001220703125
1.7972804391217565,-9.1552734375e-05
1.7974051896207586,-3.0517578125e-05
1.7975299401197604,0
1.7976546906187625,6.103515625e-05
1.7977794411177646,0.0001220703125
1.7979041916167664,0.000152587890625
1.7980289421157685,0.000152587890625
1.7981536926147705,0.0001220703125
1.7982784431137724,9.1552734375e-05
1.7984031936127745,3.0517578125e-05
1.7985279441117765,0
1.7986526946107784,-6.103515625e-05
1.7987774451097804,-0.0001220703125
1.7989021956087825,-0.000152587890625
1.7990269461077844,-0.000152587890625
1.7991516966067864,-0.0001220703125
1.7992764471057885,-9.1552734375e-05
1.7994011976047903,-3.0517578125e-05
1.7995259481037924,0
1.7996506986027945,6.103515625e-05
1.7997754491017963,0.0001220703125
1.7999001996007984,0.000152587890625
1.8000249500998005,0.000152587890625
1.8001497005988023,0.0001220703125
1.8002744510978044,9.1552734375e-05
1.8003992015968064,6.103515625e-05
1.8005239520958083,0
1.8006487025948104,-6.103515625e-05
1.8007734530938124,-0.0001220703125
1.8008982035928143,-0.000152587890625
1.8010229540918163,-0.000152587890625
1.8011477045908184,-0.0001220703125
1.8012724550898203,-9.1552734375e-05
1.8013972055888223,-6.103515625e-05
1.8015219560878244,0
1.8016467065868262,6.103515625e-05
1.8017714570858283,0.0001220703125
1.8018962075848304,0.000152587890625
1.8020209580838322,0.000152587890625
1.8021457085828343,0.0001220703125
1.8022704590818364,9.1552734375e-05
1.8023952095808384,6.103515625e-05
1.8025199600798403,0
1.8026447105788423,-6.103515625e-05
1.8027694610778444,-0.0001220703125
1.8028942115768463,-0.000152587890625
1.8030189620758483,-0.000152587890625
1.8031437125748504,-0.0001220703125
1.8032684630738522,-9.1552734375e-05
1.8033932135728543,-6.103515625e-05
1.8035179640718564,0
1.8036427145708582,6.103515625e-05
1.8037674650698603,0.0001220703125
1.8038922155688624,0.000152587890625
1.8040169660678642,0.000152587890625
1.8041417165668663,0.0001220703125
1.8042664670658684,9.1552734375e-05
1.8043912175648702,6.103515625e-05
1.8045159680638723,0
1.8046407185628743,-6.103515625e-05
1.8047654690618762,-0.0001220703125
1.8048902195608783,-0.000152587890625
1.8050149700598803,-0.000152587890625
1.8051397205588822,-0.0001220703125
1.8052644710578842,-9.1552734375e-05
1.8053892215568863,-6.103515625e-05
1.8055139720558881,0
1.8056387225548902,6.103515625e-05
1.8057634730538923,0.0001220703125
1.8058882235528941,0.0001220703125
1.8060129740518962,0.000152587890625
1.8061377245508983,0.0001220703125
1.8062624750499001,9.1552734375e-05
1.8063872255489022,6.103515625e-05
1.8065119760479043,0
1.8066367265469061,-6.103515625e-05
1.8067614770459082,-9.1552734375e-05
1.8068862275449102,-0.0001220703125
1.8070109780439121,-0.000152587890625
1.8071357285429142,-0.0001220703125
1.8072604790419162,-9.1552734375e-05
1.8073852295409181,-6.103515625e-05
1.8075099800399201,0
1.8076347305389222,6.103515625e-05
1.8077594810379241,9.1552734375e-05
1.8078842315369261,0.0001220703125
1.8080089820359282,0.000152587890625
1.80813373253493,0.0001220703125
1.8082584830339321,9.1552734375e-05
1.8083832335329342,6.103515625e-05
1.808507984031936,0
1.8086327345309381,-6.103515625e-05
1.8087574850299402,-9.1552734375e-05
1.808882235528942,-0.0001220703125
1.8090069860279441,-0.000152587890625
1.8091317365269461,-0.0001220703125
1.8092564870259482,-9.1552734375e-05
1.8093812375249501,-6.103515625e-05
1.8095059880239521,0
1.8096307385229542,6.103515625e-05
1.809755489021956,9.1552734375e-05
1.8098802395209581,0.0001220703125
1.8100049900199602,0.000152587890625
1.810129740518962,0.0001220703125
1.8102544910179641,9.1552734375e-05
1.8103792415169662,6.103515625e-05
1.810503992015968,0
1.8106287425149701,-6.103515625e-05
1.8107534930139721,-9.1552734375e-05
1.810878243512974,-0.0001220703125
1.8110029940119761,-0.000152587890625
1.8111277445109781,-0.0001220703125
1.81125249500998,-9.1552734375e-05
1.811377245508982,-6.103515625e-05
1.8115019960079841,0
1.811626746506986,6.103515625e-05
1.811751497005988,9.1552734375e-05
1.8118762475049901,0.0001220703125
1.8120009980039919,0.000152587890625
1.812125748502994,0.0001220703125
1.8122504990019961,9.1552734375e-05
1.8123752495009979,6.103515625e-05
1.8125,0
1.8126247504990021,-6.103515625e-05
1.8127495009980039,-9.1552734375e-05
1.812874251497006,-0.0001220703125
1.8129990019960081,-0.000152587890625
1.8131237524950099,-0.0001220703125
1.813248502994012,-9.1552734375e-05
1.813373253493014,-6.103515625e-05
1.8134980039920159,0
1.813622754491018,6.103515625e-05
1.81374750499002,9.1552734375e-05
1.8138722554890219,0.0001220703125
1.8139970059880239,0.000152587890625
1.814121756487026,0.0001220703125
1.8142465069860279,9.1552734375e-05
1.8143712574850299,6.103515625e-05
1.814496007984032,0
1.8146207584830338,-6.103515625e-05
1.8147455089820359,-9.1552734375e-05
1.814870259481038,-0.0001220703125
1.8149950099800398,-0.000152587890625
1.8151197604790419,-0.0001220703125
1.815244510978044,-9.1552734375e-05
1.8153692614770458,-6.103515625e-05
1.8154940119760479,0
1.8156187624750499,6.103515625e-05
1.8157435129740518,9.1552734375e-05
1.8158682634730539,0.0001220703125
1.8159930139720559,0.000152587890625
1.816117764471058,0.0001220703125
1.8162425149700598,9.1552734375e-05
1.8163672654690619,6.103515625e-05
1.816492015968064,0
1.8166167664670658,-6.103515625e-05
1.8167415169660679,-9.1552734375e-05
1.81686626746507,-0.0001220703125
1.8169910179640718,-0.000152587890625
1.8171157684630739,-0.0001220703125
1.8172405189620759,-9.1552734375e-05
1.8173652694610778,-6.103515625e-05
1.8174900199600799,0
1.8176147704590819,6.103515625e-05
1.8177395209580838,9.1552734375e-05
1.8178642714570858,0.0001220703125
1.8179890219560879,0.000152587890625
1.8181137724550898,0.0001220703125
1.8182385229540918,9.1552734375e-05
1.8183632734530939,6.103515625e-05
1.8184880239520957,0
1.8186127744510978,-6.103515625e-05
1.8187375249500999,-9.1552734375e-05
1.8188622754491017,-0.0001220703125
1.8189870259481038,-0.000152587890625
1.8191117764471059,-0.0001220703125
1.8192365269461077,-9.1552734375e-05
1.8193612774451098,-6.103515625e-05
1.8194860279441119,0
1.8196107784431137,6.103515625e-05
1.8197355289421158,9.1552734375e-05
1.8198602794411178,0.0001220703125
1.8199850299401197,0.000152587890625
1.8201097804391217,0.0001220703125
1.8202345309381238,9.1552734375e-05
1.8203592814371257,6.103515625e-05
1.8204840319361277,0
1.8206087824351298,-6.103515625e-05
1.8207335329341316,-9.1552734375e-05
1.8208582834331337,-0.0001220703125
1.8209830339321358,-0.0001220703125
1.8211077844311376,-0.0001220703125
1.8212325349301397,-9.1552734375e-05
1.8213572854291418,-6.103515625e-05
1.8214820359281436,0
1.8216067864271457,3.0517578125e-05
1.8217315369261478,9.1552734375e-05
1.8218562874251496,0.0001220703125
1.8219810379241517,0.0001220703125
1.8221057884231537,0.0001220703125
1.8222305389221556,9.1552734375e-05
1.8223552894211577,6.103515625e-05
1.8224800399201597,0
1.8226047904191616,-3.0517578125e-05
1.8227295409181636,-9.1552734375e-05
1.8228542914171657,-0.0001220703125
1.8229790419161678,-0.0001220703125
1.8231037924151696,-0.0001220703125
1.8232285429141717,-9.1552734375e-05
1.8233532934131738,-6.103515625e-05
1.8234780439121756,0
1.8236027944111777,3.0517578125e-05
1.8237275449101797,9.1552734375e-05
1.8238522954091816,0.0001220703125
1.8239770459081837,0.0001220703125
1.8241017964071857,0.0001220703125
1.8242265469061876,9.1552734375e-05
1.8243512974051896,6.103515625e-05
1.8244760479041917,0
1.8246007984031936,-3.0517578125e-05
1.8247255489021956,-9.1552734375e-05
1.8248502994011977,-0.0001220703125
1.8249750499001995,-0.0001220703125
1.8250998003992016,-0.0001220703125
1.8252245508982037,-9.1552734375e-05
1.8253493013972055,-6.103515625e-05
1.8254740518962076,0
1.8255988023952097,3.0517578125e-05
1.8257235528942115,9.1552734375e-05
1.8258483033932136,0.0001220703125
1.8259730538922156,0.0001220703125
1.8260978043912175,0.0001220703125
1.8262225548902196,9.1552734375e-05
1.8263473053892216,6.103515625e-05
1.8264720558882235,0
1.8265968063872255,-3.0517578125e-05
1.8267215568862276,-9.1552734375e-05
1.8268463073852295,-0.0001220703125
1.8269710578842315,-0.0001220703125
1.8270958083832336,-0.0001220703125
1.8272205588822354,-9.1552734375e-05
1.8273453093812375,-6.103515625e-05
1.8274700598802396,0
1.8275948103792414,3.0517578125e-05
1.8277195608782435,9.1552734375e-05
1.8278443113772456,0.0001220703125
1.8279690618762474,0.0001220703125
1.8280938123752495,0.0001220703125
1.8282185628742516,9.1552734375e-05
1.8283433133732534,6.103515625e-05
1.8284680638722555,0
1.8285928143712575,-3.0517578125e-05
1.8287175648702594,-9.1552734375e-05
1.8288423153692615,-0.0001220703125
1.8289670658682635,-0.0001220703125
1.8290918163672654,-0.0001220703125
1.8292165668662674,-9.1552734375e-05
1.8293413173652695,-6.103515625e-05
1.8294660678642714,0
1.8295908183632734,3.0517578125e-05
1.8297155688622755,9.1552734375e-05
1.8298403193612773,0.0001220703125
1.8299650698602794,0.0001220703125
1.8300898203592815,0.0001220703125
1.8302145708582835,9.1552734375e-05
1.8303393213572854,6.103515625e-05
1.8304640718562875,0
1.8305888223552895,-3.0517578125e-05
1.8307135728542914,-9.1552734375e-05
1.8308383233532934,-0.0001220703125
1.8309630738522955,-0.0001220703125
1.8310878243512974,-0.0001220703125
1.8312125748502994,-9.1552734375e-05
1.8313373253493015,-6.103515625e-05
1.8314620758483033,-3.0517578125e-05
1.8315868263473054,3.0517578125e-05
1.8317115768463075,9.1552734375e-05
1.8318363273453093,0.0001220703125
1.8319610778443114,0.0001220703125
1.8320858283433135,0.0001220703125
1.8322105788423153,9.1552734375e-05
1.8323353293413174,6.103515625e-05
1.8324600798403194,3.0517578125e-05
1.8325848303393213,-3.0517578125e-05
1.8327095808383234,-9.1552734375e-05
1.8328343313373254,-0.0001220703125
1.8329590818363273,-0.0001220703125
1.8330838323353293,-0.0001220703125
1.8332085828343314,-9.1552734375e-05
1.8333333333333333,-6.103515625e-05
1.8334580838323353,-3.0517578125e-05
1.8335828343313374,3.0517578125e-05
1.8337075848303392,9.1552734375e-05
1.8338323353293413,0.0001220703125
1.8339570858283434,0.0001220703125
1.8340818363273452,0.0001220703125
1.8342065868263473,9.1552734375e-05
1.8343313373253494,6.103515625e-05
1.8344560878243512,3.0517578125e-05
1.8345808383233533,-3.0517578125e-05
1.8347055888223553,-9.1552734375e-05
1.8348303393213572,-0.0001220703125
1.8349550898203593,-0.0001220703125
1.8350798403193613,-0.0001220703125
1.8352045908183632,-9.1552734375e-05
1.8353293413173652,-6.103515625e-05
1.8354540918163673,-3.0517578125e-05
1.8355788423153692,3.0517578125e-05
1.8357035928143712,9.1552734375e-05
1.8358283433133733,0.0001220703125
1.8359530938123751,0.0001220703125
1.8360778443113772,0.0001220703125
1.8362025948103793,9.1552734375e-05
1.8363273453093811,6.103515625e-05
1.8364520958083832,3.0517578125e-05
1.8365768463073853,-3.0517578125e-05
1.8367015968063871,-9.1552734375e-05
1.8368263473053892,-0.0001220703125
1.8369510978043913,-0.0001220703125
1.8370758483033933,-0.0001220703125
1.8372005988023952,-9.1552734375e-05
1.8373253493013972,-6.103515625e-05
1.8374500998003993,-3.0517578125e-05
1.8375748502994012,3.0517578125e-05
1.8376996007984032,6.103515625e-05
1.8378243512974053,0.0001220703125
1.8379491017964071,0.0001220703125
1.8380738522954092,0.0001220703125
1.8381986027944113,9.1552734375e-05
1.8383233532934131,6.103515625e-05
1.8384481037924152,3.0517578125e-05
1.8385728542914173,-3.0517578125e-05
1.8386976047904191,-6.103515625e-05
1.8388223552894212,-0.0001220703125
1.8389471057884232,-0.0001220703125
1.8390718562874251,-0.0001220703125
1.8391966067864272,-9.1552734375e-05
1.8393213572854292,-6.103515625e-05
1.8394461077844311,-3.0517578125e-05
1.8395708582834331,3.0517578125e-05
1.8396956087824352,6.103515625e-05
1.8398203592814371,0.0001220703125
1.8399451097804391,0.0001220703125
1.8400698602794412,0.0001220703125
1.840194610778443,9.1552734375e-05
1.8403193612774451,6.103515625e-05
1.8404441117764472,3.0517578125e-05
1.840568862275449,-3.0517578125e-05
1.8406936127744511,-6.103515625e-05
1.8408183632734532,-9.1552734375e-05
1.840943113772455,-0.0001220703125
1.8410678642714571,-0.0001220703125
1.8411926147704591,-9.1552734375e-05
1.841317365269461,-6.103515625e-05
1.8414421157684631,-3.0517578125e-05
1.8415668662674651,3.0517578125e-05
1.841691616766467,6.103515625e-05
1.841816367265469,9.1552734375e-05
1.8419411177644711,0.0001220703125
1.842065868263473,0.0001220703125
1.842190618762475,9.1552734375e-05
1.8423153692614771,6.103515625e-05
1.8424401197604789,3.0517578125e-05
1.842564870259481,-3.0517578125e-05
1.8426896207584831,-6.103515625e-05
1.8428143712574849,-9.1552734375e-05
1.842939121756487,-0.0001220703125
1.8430638722554891,-0.0001220703125
1.8431886227544909,-9.1552734375e-05
1.843313373253493,-6.103515625e-05
1.8434381237524951,-3.0517578125e-05
1.8435628742514969,3.0517578125e-05
1.843687624750499,6.103515625e-05
1.843812375249501,9.1552734375e-05
1.8439371257485031,0.0001220703125
1.8440618762475049,0.0001220703125
1.844186626746507,9.1552734375e-05
1.8443113772455091,6.103515625e-05
1.8444361277445109,3.0517578125e-05
1.844560878243513,-3.0517578125e-05
1.8446856287425151,-6.103515625e-05
1.8448103792415169,-9.1552734375e-05
1.844935129740519,-0.0001220703125
1.8450598802395211,-0.0001220703125
1.8451846307385229,-9.1552734375e-05
1.845309381237525,-6.103515625e-05
1.845434131736527,-3.0517578125e-05
1.8455588822355289,3.0517578125e-05
1.845683632734531,6.103515625e-05
1.845808383233533,9.1552734375e-05
1.8459331337325349,0.0001220703125
1.8460578842315369,0.0001220703125
1.846182634730539,9.1552734375e-05
1.8463073852295409,6.103515625e-05
1.8464321357285429,3.0517578125e-05
1.846556886227545,-3.0517578125e-05
1.8466816367265468,-6.103515625e-05
1.8468063872255489,-9.1552734375e-05
1.846931137724551,-0.0001220703125
1.8470558882235528,-0.0001220703125
1.8471806387225549,-9.1552734375e-05
1.847305389221557,-6.103515625e-05
1.8474301397205588,-3.0517578125e-05
1.8475548902195609,3.0517578125e-05
1.8476796407185629,6.103515625e-05
1.8478043912175648,9.1552734375e-05
1.8479291417165669,0.0001220703125
1.8480538922155689,0.0001220703125
1.8481786427145708,9.1552734375e-05
1.8483033932135728,6.103515625e-05
1.8484281437125749,3.0517578125e-05
1.8485528942115768,-3.0517578125e-05
1.8486776447105788,-6.103515625e-05
1.8488023952095809,-9.1552734375e-05
1.8489271457085827,-0.0001220703125
1.8490518962075848,-0.0001220703125
1.8491766467065869,-9.1552734375e-05
1.8493013972055887,-6.103515625e-05
1.8494261477045908,-3.0517578125e-05
1.8495508982035929,3.0517578125e-05
1.8496756487025947,6.103515625e-05
1.8498003992015968,9.1552734375e-05
1.8499251497005988,0.0001220703125
1.8500499001996007,0.0001220703125
1.8501746506986028,9.1552734375e-05
1.8502994011976048,6.103515625e-05
1.8504241516966067,3.0517578125e-05
1.8505489021956087,-3.0517578125e-05
1.8506736526946108,-6.103515625e-05
1.8507984031936129,-9.1552734375e-05
1.8509231536926147,-0.0001220703125
1.8510479041916168,-0.0001220703125
1.8511726546906189,-9.1552734375e-05
1.8512974051896207,-6.103515625e-05
1.8514221556886228,-3.0517578125e-05
1.8515469061876249,3.0517578125e-05
1.8516716566866267,6.103515625e-05
1.8517964071856288,9.1552734375e-05
1.8519211576846308,0.0001220703125
1.8520459081836327,0.0001220703125
1.8521706586826348,9.1552734375e-05
1.8522954091816368,6.103515625e-05
1.8524201596806387,3.0517578125e-05
1.8525449101796407,-3.0517578125e-05
1.8526696606786428,-6.103515625e-05
1.8527944111776447,-9.1552734375e-05
1.8529191616766467,-0.0001220703125
1.8530439121756488,-0.0001220703125
1.8531686626746506,-9.1552734375e-05
1.8532934131736527,-6.103515625e-05
1.8534181636726548,-3.0517578125e-05
1.8535429141716566,3.0517578125e-05
1.8536676646706587,6.103515625e-05
1.8537924151696608,9.1552734375e-05
1.8539171656686626,0.0001220703125
1.8540419161676647,0.0001220703125
1.8541666666666667,9.1552734375e-05
1.8542914171656686,6.103515625e-05
1.8544161676646707,3.0517578125e-05
1.8545409181636727,-3.0517578125e-05
1.8546656686626746,-6.103515625e-05
1.8547904191616766,-9.1552734375e-05
1.8549151696606787,-0.0001220703125
1.8550399201596806,-0.0001220703125
1.8551646706586826,-9.1552734375e-05
1.8552894211576847,-6.103515625e-05
1.8554141716566865,-3.0517578125e-05
1.8555389221556886,0
1.8556636726546907,6.103515625e-05
1.8557884231536925,9.1552734375e-05
1.8559131736526946,0.0001220703125
1.8560379241516967,0.0001220703125
1.8561626746506985,9.1552734375e-05
1.8562874251497006,6.103515625e-05
1.8564121756487026,3.0517578125e-05
1.8565369261477045,0
1.8566616766467066,-6.103515625e-05
1.8567864271457086,-9.1552734375e-05
1.8569111776447105,-0.0001220703125
1.8570359281437125,-0.0001220703125
1.8571606786427146,-9.1552734375e-05
1.8572854291417165,-6.103515625e-05
1.8574101796407185,-3.0517578125e-05
1.8575349301397206,0
1.8576596806387227,6.103515625e-05
1.8577844311377245,9.1552734375e-05
1.8579091816367266,0.0001220703125
1.8580339321357286,0.0001220703125
1.8581586826347305,9.1552734375e-05
1.8582834331337326,6.103515625e-05
1.8584081836327346,3.0517578125e-05
1.8585329341317365,0
1.8586576846307385,-6.103515625e-05
1.8587824351297406,-9.1552734375e-05
1.8589071856287425,-0.0001220703125
1.8590319361277445,-0.0001220703125
1.8591566866267466,-9.1552734375e-05
1.8592814371257484,-6.103515625e-05
1.8594061876247505,-3.0517578125e-05
1.8595309381237526,0
1.8596556886227544,6.103515625e-05
1.8597804391217565,9.1552734375e-05
1.8599051896207586,0.0001220703125
1.8600299401197604,0.0001220703125
1.8601546906187625,9.1552734375e-05
1.8602794411177646,6.103515625e-05
1.8604041916167664,3.0517578125e-05
1.8605289421157685,0
1.8606536926147705,-6.103515625e-05
1.8607784431137724,-9.1552734375e-05
1.8609031936127745,-0.0001220703125
1.8610279441117765,-0.0001220703125
1.8611526946107784,-9.1552734375e-05
1.8612774451097804,-6.103515625e-05
1.8614021956087825,-3.0517578125e-05
1.8615269461077844,0
1.8616516966067864,6.103515625e-05
1.8617764471057885,9.1552734375e-05
1.8619011976047903,0.0001220703125
1.8620259481037924,0.0001220703125
1.8621506986027945,9.1552734375e-05
1.8622754491017963,6.103515625e-05
1.8624001996007984,3.0517578125e-05
1.8625249500998005,0
1.8626497005988023,-6.103515625e-05
1.8627744510978044,-9.1552734375e-05
1.8628992015968064,-0.0001220703125
1.8630239520958083,-0.0001220703125
1.8631487025948104,-9.1552734375e-05
1.8632734530938124,-6.103515625e-05
1.8633982035928143,-3.0517578125e-05
1.8635229540918163,0
1.8636477045908184,6.103515625e-05
1.8637724550898203,9.1552734375e-05
1.8638972055888223,0.0001220703125
1.8640219560878244,0.0001220703125
1.8641467065868262,9.1552734375e-05
1.8642714570858283,6.103515625e-05
1.8643962075848304,3.0517578125e-05
1.8645209580838322,0
1.8646457085828343,-6.103515625e-05
1.8647704590818364,-9.1552734375e-05
1.8648952095808384,-0.0001220703125
1.8650199600798403,-0.0001220703125
1.8651447105788423,-9.1552734375e-05
1.8652694610778444,-6.103515625e-05
1.8653942115768463,-3.0517578125e-05
1.8655189620758483,0
1.8656437125748504,6.103515625e-05
1.8657684630738522,9.1552734375e-05
1.8658932135728543,0.0001220703125
1.8660179640718564,0.0001220703125
1.8661427145708582,9.1552734375e-05
1.8662674650698603,9.1552734375e-05
1.8663922155688624,3.0517578125e-05
1.8665169660678642,0
1.8666417165668663,-6.103515625e-05
1.8667664670658684,-9.1552734375e-05
1.8668912175648702,-0.0001220703125
1.8670159680638723,-0.0001220703125
1.8671407185628743,-9.1552734375e-05
1.8672654690618762,-9.1552734375e-05
1.8673902195608783,-3.0517578125e-05
1.8675149700598803,0
1.8676397205588822,6.103515625e-05
1.8677644710578842,9.1552734375e-05
1.8678892215568863,0.0001220703125
1.8680139720558881,0.0001220703125
1.8681387225548902,9.1552734375e-05
1.8682634730538923,9.1552734375e-05
1.8683882235528941,3.0517578125e-05
1.8685129740518962,0
1.8686377245508983,-6.103515625e-05
1.8687624750499001,-9.1552734375e-05
1.8688872255489022,-9.1552734375e-05
1.8690119760479043,-0.0001220703125
1.8691367265469061,-9.1552734375e-05
1.8692614770459082,-9.1552734375e-05
1.8693862275449102,-3.0517578125e-05
1.8695109780439121,0
1.8696357285429142,6.103515625e-05
1.8697604790419162,9.1552734375e-05
1.8698852295409181,9.1552734375e-05
1.8700099800399201,0.0001220703125
1.8701347305389222,9.1552734375e-05
1.8702594810379241,9.1552734375e-05
1.8703842315369261,3.0517578125e-05
1.8705089820359282,0
1.87063373253493,-6.103515625e-05
1.8707584830339321,-9.1552734375e-05
1.8708832335329342,-9.1552734375e-05
1.871007984031936,-0.0001220703125
1.8711327345309381,-9.1552734375e-05
1.8712574850299402,-9.1552734375e-05
1.871382235528942,-3.0517578125e-05
1.8715069860279441,0
1.8716317365269461,3.0517578125e-05
1.8717564870259482,9.1552734375e-05
1.8718812375249501,9.1552734375e-05
1.8720059880239521,0.0001220703125
1.8721307385229542,9.1552734375e-05
1.872255489021956,9.1552734375e-05
1.8723802395209581,3.0517578125e-05
1.8725049900199602,0
1.872629740518962,-3.0517578125e-05
1.8727544910179641,-9.1552734375e-05
1.8728792415169662,-9.1552734375e-05
1.873003992015968,-0.0001220703125
1.8731287425149701,-9.1552734375e-05
1.8732534930139721,-9.1552734375e-05
1.873378243512974,-3.0517578125e-05
1.8735029940119761,0
1.8736277445109781,3.0517578125e-05
1.87375249500998,9.1552734375e-05
1.873877245508982,9.1552734375e-05
1.8740019960079841,0.0001220703125
1.874126746506986,9.1552734375e-05
1.874251497005988,9.1552734375e-05
1.8743762475049901,3.0517578125e-05
1.8745009980039919,0
1.874625748502994,-3.0517578125e-05
1.8747504990019961,-9.1552734375e-05
1.8748752495009979,-9.1552734375e-05
1.875,-0.0001220703125
1.8751247504990021,-9.1552734375e-05
1.8752495009980039,-9.1552734375e-05
1.875374251497006,-3.0517578125e-05
1.8754990019960081,0
1.8756237524950099,3.0517578125e-05
1.875748502994012,9.1552734375e-05
1.875873253493014,9.1552734375e-05
1.8759980039920159,0.0001220703125
1.876122754491018,9.1552734375e-05
1.87624750499002,9.1552734375e-05
1.8763722554890219,3.0517578125e-05
1.8764970059880239,0
1.876621756487026,-3.0517578125e-05
1.8767465069860279,-9.1552734375e-05
1.8768712574850299,-9.1552734375e-05
1.876996007984032,-0.0001220703125
1.8771207584830338,-9.1552734375e-05
1.8772455089820359,-9.1552734375e-05
1.877370259481038,-3.0517578125e-05
1.8774950099800398,0
1.8776197604790419,3.0517578125e-05
1.877744510978044,6.103515625e-05
1.8778692614770458,9.1552734375e-05
1.8779940119760479,0.0001220703125
1.8781187624750499,9.1552734375e-05
1.8782435129740518,9.1552734375e-05
1.8783682634730539,3.0517578125e-05
1.8784930139720559,0
1.878617764471058,-3.0517578125e-05
1.8787425149700598,-6.103515625e-05
1.8788672654690619,-9.1552734375e-05
1.878992015968064,-0.0001220703125
1.8791167664670658,-9.1552734375e-05
1.8792415169660679,-9.1552734375e-05
1.87936626746507,-3.0517578125e-05
1.8794910179640718,0
1.8796157684630739,3.0517578125e-05
1.8797405189620759,6.103515625e-05
1.8798652694610778,9.1552734375e-05
1.8799900199600799,0.0001220703125
1.8801147704590819,9.1552734375e-05
1.8802395209580838,9.1552734375e-05
1.8803642714570858,3.0517578125e-05
1.8804890219560879,0
1.8806137724550898,-3.0517578125e-05
1.8807385229540918,-6.103515625e-05
1.8808632734530939,-9.1552734375e-05
1.8809880239520957,-0.0001220703125
1.8811127744510978,-9.1552734375e-05
1.8812375249500999,-9.1552734375e-05
1.8813622754491017,-3.0517578125e-05
1.8814870259481038,0
1.8816117764471059,3.0517578125e-05
1.8817365269461077,6.103515625e-05
1.8818612774451098,9.1552734375e-05
1.8819860279441119,0.0001220703125
1.8821107784431137,9.1552734375e-05
1.8822355289421158,9.1552734375e-05
1.8823602794411178,3.0517578125e-05
1.8824850299401197,0
1.8826097804391217,-3.0517578125e-05
1.8827345309381238,-6.103515625e-05
1.8828592814371257,-9.1552734375e-05
1.8829840319361277,-0.0001220703125
1.8831087824351298,-9.1552734375e-05
1.8832335329341316,-9.1552734375e-05
1.8833582834331337,-6.103515625e-05
1.8834830339321358,0
1.8836077844311376,3.0517578125e-05
1.8837325349301397,6.103515625e-05
1.8838572854291418,9.1552734375e-05
1.8839820359281436,9.1552734375e-05
1.8841067864271457,9.1552734375e-05
1.8842315369261478,9.1552734375e-05
1.8843562874251496,6.103515625e-05
1.8844810379241517,0
1.8846057884231537,-3.0517578125e-05
1.8847305389221556,-6.103515625e-05
1.8848552894211577,-9.1552734375e-05
1.8849800399201597,-9.1552734375e-05
1.8851047904191616,-9.1552734375e-05
1.8852295409181636,-9.1552734375e-05
1.8853542914171657,-6.103515625e-05
1.8854790419161678,0
1.8856037924151696,3.0517578125e-05
1.8857285429141717,6.103515625e-05
1.8858532934131738,9.1552734375e-05
1.8859780439121756,9.1552734375e-05
1.8861027944111777,9.1552734375e-05
1.8862275449101797,9.1552734375e-05
1.8863522954091816,6.103515625e-05
1.8864770459081837,0
1.8866017964071857,-3.0517578125e-05
1.8867265469061876,-6.103515625e-05
1.8868512974051896,-9.1552734375e-05
1.8869760479041917,-9.1552734375e-05
1.8871007984031936,-9.1552734375e-05
1.8872255489021956,-9.1552734375e-05
1.8873502994011977,-6.103515625e-05
1.8874750499001995,0
1.8875998003992016,3.0517578125e-05
1.8877245508982037,6.103515625e-05
1.8878493013972055,9.1552734375e-05
1.8879740518962076,9.1552734375e-05
1.8880988023952097,9.1552734375e-05
1.8882235528942115,9.1552734375e-05
1.8883483033932136,6.103515625e-05
1.8884730538922156,0
1.8885978043912175,-3.0517578125e-05
1.8887225548902196,-6.103515625e-05
1.8888473053892216,-9.1552734375e-05
1.8889720558882235,-9.1552734375e-05
1.8890968063872255,-9.1552734375e-05
1.8892215568862276,-9.1552734375e-05
1.8893463073852295,-6.103515625e-05
1.8894710578842315,0
1.8895958083832336,3.0517578125e-05
1.8897205588822354,6.103515625e-05
1.8898453093812375,9.1552734375e-05
1.8899700598802396,9.1552734375e-05
1.8900948103792414,9.1552734375e-05
1.8902195608782435,9.1552734375e-05
1.8903443113772456,6.103515625e-05
1.8904690618762474,0
1.8905938123752495,-3.0517578125e-05
1.8907185628742516,-6.103515625e-05
1.8908433133732534,-9.1552734375e-05
1.8909680638722555,-9.1552734375e-05
1.8910928143712575,-9.1552734375e-05
1.8912175648702594,-9.1552734375e-05
1.8913423153692615,-6.103515625e-05
1.8914670658682635,0
1.8915918163672654,3.0517578125e-05
1.8917165668662674,6.103515625e-05
1.8918413173652695,9.1552734375e-05
1.8919660678642714,9.1552734375e-05
1.8920908183632734,9.1552734375e-05
1.8922155688622755,9.1552734375e-05
1.8923403193612773,6.103515625e-05
1.8924650698602794,0
1.8925898203592815,-3.0517578125e-05
1.8927145708582835,-6.103515625e-05
1.8928393213572854,-9.1552734375e-05
1.8929640718562875,-9.1552734375e-05
1.8930888223552895,-9.1552734375e-05
1.8932135728542914,-9.1552734375e-05
1.8933383233532934,-6.103515625e-05
1.8934630738522955,0
1.8935878243512974,3.0517578125e-05
1.8937125748502994,6.103515625e-05
1.8938373253493015,9.1552734375e-05
1.8939620758483033,9.1552734375e-05
1.8940868263473054,9.1552734375e-05
1.8942115768463075,9.1552734375e-05
1.8943363273453093,6.103515625e-05
1.8944610778443114,0
1.8945858283433135,-3.0517578125e-05
1.8947105788423153,-6.103515625e-05
1.8948353293413174,-9.1552734375e-05
1.8949600798403194,-9.1552734375e-05
1.8950848303393213,-9.1552734375e-05
1.8952095808383234,-9.1552734375e-05
1.8953343313373254,-6.103515625e-05
1.8954590818363273,0
1.8955838323353293,3.0517578125e-05
1.8957085828343314,6.103515625e-05
1.8958333333333333,9.1552734375e-05
1.8959580838323353,9.1552734375e-05
1.8960828343313374,9.1552734375e-05
1.8962075848303392,9.1552734375e-05
1.8963323353293413,6.103515625e-05
1.8964570858283434,0
1.8965818363273452,-3.0517578125e-05
1.8967065868263473,-6.103515625e-05
1.8968313373253494,-9.1552734375e-05
1.8969560878243512,-9.1552734375e-05
1.8970808383233533,-9.1552734375e-05
1.8972055888223553,-9.1552734375e-05
1.8973303393213572,-6.103515625e-05
1.8974550898203593,0
1.8975798403193613,3.0517578125e-05
1.8977045908183632,6.103515625e-05
1.8978293413173652,9.1552734375e-05
1.8979540918163673,9.1552734375e-05
1.8980788423153692,9.1552734375e-05
1.8982035928143712,9.1552734375e-05
1.8983283433133733,6.103515625e-05
1.8984530938123751,0
1.8985778443113772,-3.0517578125e-05
1.8987025948103793,-6.103515625e-05
1.8988273453093811,-9.1552734375e-05
1.8989520958083832,-9.1552734375e-05
1.8990768463073853,-9.1552734375e-05
1.8992015968063871,-9.1552734375e-05
1.8993263473053892,-6.103515625e-05
1.8994510978043913,-3.0517578125e-05
1.8995758483033933,3.0517578125e-05
1.8997005988023952,6.103515625e-05
1.8998253493013972,9.1552734375e-05
1.8999500998003993,9.1552734375e-05
1.9000748502994012,9.1552734375e-05
1.9001996007984032,9.1552734375e-05
1.9003243512974053,6.103515625e-05
1.9004491017964071,3.0517578125e-05
1.9005738522954092,-3.0517578125e-05
1.9006986027944113,-6.103515625e-05
1.9008233532934131,-9.1552734375e-05
1.9009481037924152,-9.1552734375e-05
1.9010728542914173,-9.1552734375e-05
1.9011976047904191,-9.1552734375e-05
1.9013223552894212,-6.103515625e-05
1.9014471057884232,-3.0517578125e-05
1.9015718562874251,3.0517578125e-05
1.9016966067864272,6.103515625e-05
1.9018213572854292,9.1552734375e-05
1.9019461077844311,9.1552734375e-05
1.9020708582834331,9.1552734375e-05
1.9021956087824352,9.1552734375e-05
1.9023203592814371,6.103515625e-05
1.9024451097804391,3.0517578125e-05
1.9025698602794412,-3.0517578125e-05
1.902694610778443,-6.103515625e-05
1.9028193612774451,-9.1552734375e-05
1.9029441117764472,-9.1552734375e-05
1.903068862275449,-9.1552734375e-05
1.9031936127744511,-9.1552734375e-05
1.9033183632734532,-6.103515625e-05
1.903443113772455,-3.0517578125e-05
1.9035678642714571,3.0517578125e-05
1.9036926147704591,6.103515625e-05
1.903817365269461,9.1552734375e-05
1.9039421157684631,9.1552734375e-05
1.9040668662674651,9.1552734375e-05
1.904191616766467,9.1552734375e-05
1.904316367265469,6.103515625e-05
1.9044411177644711,3.0517578125e-05
1.904565868263473,-3.0517578125e-05
1.904690618762475,-6.103515625e-05
1.9048153692614771,-9.1552734375e-05
1.9049401197604789,-9.1552734375e-05
1.905064870259481,-9.1552734375e-05
1.9051896207584831,-9.1552734375e-05
1.9053143712574849,-6.103515625e-05
1.905439121756487,-3.0517578125e-05
1.9055638722554891,3.0517578125e-05
1.9056886227544909,6.103515625e-05
1.905813373253493,9.1552734375e-05
1.9059381237524951,9.1552734375e-05
1.9060628742514969,9.1552734375e-05
1.906187624750499,9.1552734375e-05
1.906312375249501,6.103515625e-05
1.9064371257485031,3.0517578125e-05
1.9065618762475049,-3.0517578125e-05
1.906686626746507,-6.103515625e-05
1.9068113772455091,-9.1552734375e-05
1.9069361277445109,-9.1552734375e-05
1.907060878243513,-9.1552734375e-05
1.9071856287425151,-9.1552734375e-05
1.9073103792415169,-6.103515625e-05
1.907435129740519,-3.0517578125e-05
1.9075598802395211,3.0517578125e-05
1.9076846307385229,6.103515625e-05
1.907809381237525,9.1552734375e-05
1.907934131736527,9.1552734375e-05
1.9080588822355289,9.1552734375e-05
1.908183632734531,9.1552734375e-05
1.908308383233533,6.103515625e-05
1.9084331337325349,3.0517578125e-05
1.9085578842315369,-3.0517578125e-05
1.908682634730539,-6.103515625e-05
1.9088073852295409,-9.1552734375e-05
1.9089321357285429,-9.1552734375e-05
1.909056886227545,-9.1552734375e-05
1.9091816367265468,-9.1552734375e-05
1.9093063872255489,-6.103515625e-05
1.909431137724551,-3.0517578125e-05
1.9095558882235528,3.0517578125e-05
1.9096806387225549,6.103515625e-05
1.909805389221557,9.1552734375e-05
1.9099301397205588,9.1552734375e-05
1.9100548902195609,9.1552734375e-05
1.9101796407185629,9.1552734375e-05
1.9103043912175648,6.103515625e-05
1.9104291417165669,3.0517578125e-05
1.9105538922155689,-3.0517578125e-05
1.9106786427145708,-6.103515625e-05
1.9108033932135728,-9.1552734375e-05
1.9109281437125749,-9.1552734375e-05
1.9110528942115768,-9.1552734375e-05
1.9111776447105788,-9.1552734375e-05
1.9113023952095809,-6.103515625e-05
1.9114271457085827,-3.0517578125e-05
1.9115518962075848,3.0517578125e-05
1.9116766467065869,6.103515625e-05
1.9118013972055887,9.1552734375e-05
1.9119261477045908,9.1552734375e-05
1.9120508982035929,9.1552734375e-05
1.9121756487025947,9.1552734375e-05
1.9123003992015968,6.103515625e-05
1.9124251497005988,3.0517578125e-05
1.9125499001996007,0
1.9126746506986028,-6.103515625e-05
1.9127994011976048,-9.1552734375e-05
1.9129241516966067,-9.1552734375e-05
1.9130489021956087,-9.1552734375e-05
1.9131736526946108,-9.1552734375e-05
1.9132984031936129,-6.103515625e-05
1.9134231536926147,-3.0517578125e-05
1.9135479041916168,0
1.9136726546906189,6.103515625e-05
1.9137974051896207,6.103515625e-05
1.9139221556886228,9.1552734375e-05
1.9140469061876249,9.1552734375e-05
1.9141716566866267,9.1552734375e-05
1.9142964071856288,6.103515625e-05
1.9144211576846308,3.0517578125e-05
1.9145459081836327,0
1.9146706586826348,-6.103515625e-05
1.9147954091816368,-6.103515625e-05
1.9149201596806387,-9.1552734375e-05
1.9150449101796407,-9.1552734375e-05
1.9151696606786428,-9.1552734375e-05
1.9152944111776447,-6.103515625e-05
1.9154191616766467,-3.0517578125e-05
1.9155439121756488,0
1.9156686626746506,6.103515625e-05
1.9157934131736527,6.103515625e-05
1.9159181636726548,9.1552734375e-05
1.9160429141716566,9.1552734375e-05
1.9161676646706587,9.1552734375e-05
1.9162924151696608,6.103515625e-05
1.9164171656686626,3.0517578125e-05
1.9165419161676647,0
1.9166666666666667,-6.103515625e-05
1.9167914171656686,-6.103515625e-05
1.9169161676646707,-9.1552734375e-05
1.9170409181636727,-9.1552734375e-05
1.9171656686626746,-9.1552734375e-05
1.9172904191616766,-6.103515625e-05
1.9174151696606787,-3.0517578125e-05
1.9175399201596806,0
1.9176646706586826,6.103515625e-05
1.9177894211576847,6.103515625e-05
1.9179141716566865,9.1552734375e-05
1.9180389221556886,9.1552734375e-05
1.9181636726546907,9.1552734375e-05
1.9182884231536925,6.103515625e-05
1.9184131736526946,3.0517578125e-05
1.9185379241516967,0
1.9186626746506985,-3.0517578125e-05
1.9187874251497006,-6.103515625e-05
1.9189121756487026,-9.1552734375e-05
1.9190369261477045,-9.1552734375e-05
1.9191616766467066,-9.1552734375e-05
1.9192864271457086,-6.103515625e-05
1.9194111776447105,-3.0517578125e-05
1.9195359281437125,0
1.9196606786427146,3.0517578125e-05
1.9197854291417165,6.103515625e-05
1.9199101796407185,9.1552734375e-05
1.9200349301397206,9.1552734375e-05
1.9201596806387227,9.1552734375e-05
1.9202844311377245,6.103515625e-05
1.9204091816367266,3.0517578125e-05
1.9205339321357286,0
1.9206586826347305,-3.0517578125e-05
1.9207834331337326,-6.103515625e-05
1.9209081836327346,-9.1552734375e-05
1.9210329341317365,-9.1552734375e-05
1.9211576846307385,-9.1552734375e-05
1.9212824351297406,-6.103515625e-05
1.9214071856287425,-3.0517578125e-05
1.9215319361277445,0
1.9216566866267466,3.0517578125e-05
1.9217814371257484,6.103515625e-05
1.9219061876247505,9.1552734375e-05
1.9220309381237526,9.1552734375e-05
1.9221556886227544,9.1552734375e-05
1.9222804391217565,6.103515625e-05
1.9224051896207586,3.0517578125e-05
1.9225299401197604,0
1.9226546906187625,-3.0517578125e-05
1.9227794411177646,-6.103515625e-05
1.9229041916167664,-9.1552734375e-05
1.9230289421157685,-9.1552734375e-05
1.9231536926147705,-9.1552734375e-05
1.9232784431137724,-6.103515625e-05
1.9234031936127745,-3.0517578125e-05
1.9235279441117765,0
1.9236526946107784,3.0517578125e-05
1.9237774451097804,6.103515625e-05
1.9239021956087825,9.1552734375e-05
1.9240269461077844,9.1552734375e-05
1.9241516966067864,9.1552734375e-05
1.9242764471057885,6.103515625e-05
1.9244011976047903,3.0517578125e-05
1.9245259481037924,0
1.9246506986027945,-3.0517578125e-05
1.9247754491017963,-6.103515625e-05
1.9249001996007984,-9.1552734375e-05
1.9250249500998005,-9.1552734375e-05
1.9251497005988023,-9.1552734375e-05
1.9252744510978044,-6.103515625e-05
1.9253992015968064,-3.0517578125e-05
1.9255239520958083,0
1.9256487025948104,3.0517578125e-05
1.9257734530938124,6.103515625e-05
1.9258982035928143,9.1552734375e-05
1.9260229540918163,9.1552734375e-05
1.9261477045908184,9.1552734375e-05
1.9262724550898203,6.103515625e-05
1.9263972055888223,3.0517578125e-05
1.9265219560878244,0
1.9266467065868262,-3.0517578125e-05
1.9267714570858283,-6.103515625e-05
1.9268962075848304,-9.1552734375e-05
1.9270209580838322,-9.1552734375e-05
1.9271457085828343,-9.1552734375e-05
1.9272704590818364,-6.103515625e-05
1.9273952095808384,-3.0517578125e-05
1.9275199600798403,0
1.9276447105788423,3.0517578125e-05
1.9277694610778444,6.103515625e-05
1.9278942115768463,9.1552734375e-05
1.9280189620758483,9.1552734375e-05
1.9281437125748504,9.1552734375e-05
1.9282684630738522,6.103515625e-05
1.9283932135728543,3.0517578125e-05
1.9285179640718564,0
1.9286427145708582,-3.0517578125e-05
1.9287674650698603,-6.103515625e-05
1.9288922155688624,-9.1552734375e-05
1.9290169660678642,-9.1552734375e-05
1.9291417165668663,-9.1552734375e-05
1.9292664670658684,-6.103515625e-05
1.9293912175648702,-3.0517578125e-05
1.9295159680638723,0
1.9296407185628743,3.0517578125e-05
1.9297654690618762,6.103515625e-05
1.9298902195608783,9.1552734375e-05
1.9300149700598803,9.1552734375e-05
1.9301397205588822,9.1552734375e-05
1.9302644710578842,6.103515625e-05
1.9303892215568863,3.0517578125e-05
1.9305139720558881,0
1.9306387225548902,-3.0517578125e-05
1.9307634730538923,-6.103515625e-05
1.9308882235528941,-9.1552734375e-05
1.9310129740518962,-9.1552734375e-05
1.9311377245508983,-9.1552734375e-05
1.9312624750499001,-6.103515625e-05
1.9313872255489022,-3.0517578125e-05
1.9315119760479043,0
1.9316367265469061,3.0517578125e-05
1.9317614770459082,6.103515625e-05
1.9318862275449102,9.1552734375e-05
1.9320109780439121,9.1552734375e-05
1.9321357285429142,9.1552734375e-05
1.9322604790419162,6.103515625e-05
1.9323852295409181,3.0517578125e-05
1.9325099800399201,0
1.9326347305389222,-3.0517578125e-05
1.9327594810379241,-6.103515625e-05
1.9328842315369261,-9.1552734375e-05
1.9330089820359282,-9.1552734375e-05
1.93313373253493,-9.1552734375e-05
1.9332584830339321,-6.103515625e-05
1.9333832335329342,-3.0517578125e-05
1.933507984031936,0
1.9336327345309381,3.0517578125e-05
1.9337574850299402,6.103515625e-05
1.933882235528942,9.1552734375e-05
1.9340069860279441,9.1552734375e-05
1.9341317365269461,9.1552734375e-05
1.9342564870259482,6.103515625e-05
1.9343812375249501,3.0517578125e-05
1.9345059880239521,0
1.9346307385229542,-3.0517578125e-05
1.934755489021956,-6.103515625e-05
1.9348802395209581,-9.1552734375e-05
1.9350049900199602,-9.1552734375e-05
1.935129740518962,-9.1552734375e-05
1.9352544910179641,-6.103515625e-05
1.9353792415169662,-3.0517578125e-05
1.935503992015968,0
1.9356287425149701,3.0517578125e-05
1.9357534930139721,6.103515625e-05
1.935878243512974,9.1552734375e-05
1.9360029940119761,9.1552734375e-05
1.9361277445109781,9.1552734375e-05
1.93625249500998,6.103515625e-05
1.936377245508982,3.0517578125e-05
1.9365019960079841,0
1.936626746506986,-3.0517578125e-05
1.936751497005988,-6.103515625e-05
1.9368762475049901,-9.1552734375e-05
1.9370009980039919,-9.1552734375e-05
1.937125748502994,-9.1552734375e-05
1.9372504990019961,-6.103515625e-05
1.9373752495009979,-3.0517578125e-05
1.9375,0
1.9376247504990021,3.0517578125e-05
1.9377495009980039,6.103515625e-05
1.937874251497006,9.1552734375e-05
1.9379990019960081,9.1552734375e-05
1.9381237524950099,9.1552734375e-05
1.938248502994012,6.103515625e-05
1.938373253493014,3.0517578125e-05
1.9384980039920159,0
1.938622754491018,-3.0517578125e-05
1.93874750499002,-6.103515625e-05
1.9388722554890219,-9.1552734375e-05
1.9389970059880239,-9.1552734375e-05
1.939121756487026,-9.1552734375e-05
1.9392465069860279,-6.103515625e-05
1.9393712574850299,-3.0517578125e-05
1.939496007984032,0
1.9396207584830338,3.0517578125e-05
1.9397455089820359,6.103515625e-05
1.939870259481038,9.1552734375e-05
1.9399950099800398,9.1552734375e-05
1.9401197604790419,9.1552734375e-05
1.940244510978044,6.103515625e-05
1.9403692614770458,3.0517578125e-05
1.9404940119760479,0
1.9406187624750499,-3.0517578125e-05
1.9407435129740518,-6.103515625e-05
1.9408682634730539,-9.1552734375e-05
1.9409930139720559,-9.1552734375e-05
1.941117764471058,-9.1552734375e-05
1.9412425149700598,-6.103515625e-05
1.9413672654690619,-3.0517578125e-05
1.941492015968064,0
1.9416167664670658,3.0517578125e-05
1.9417415169660679,6.103515625e-05
1.94186626746507,9.1552734375e-05
1.9419910179640718,9.1552734375e-05
1.9421157684630739,9.1552734375e-05
1.9422405189620759,6.103515625e-05
1.9423652694610778,3.0517578125e-05
1.9424900199600799,0
1.9426147704590819,-3.0517578125e-05
1.9427395209580838,-6.103515625e-05
1.9428642714570858,-9.1552734375e-05
1.9429890219560879,-9.1552734375e-05
1.9431137724550898,-9.1552734375e-05
1.9432385229540918,-6.103515625e-05
1.9433632734530939,-3.0517578125e-05
1.9434880239520957,0
1.9436127744510978,3.0517578125e-05
1.9437375249500999,6.103515625e-05
1.9438622754491017,6.103515625e-05
1.9439870259481038,9.1552734375e-05
1.9441117764471059,9.1552734375e-05
1.9442365269461077,6.103515625e-05
1.9443612774451098,3.0517578125e-05
1.9444860279441119,0
1.9446107784431137,-3.0517578125e-05
1.9447355289421158,-6.103515625e-05
1.9448602794411178,-6.103515625e-05
1.9449850299401197,-9.1552734375e-05
1.9451097804391217,-9.1552734375e-05
1.9452345309381238,-6.103515625e-05
1.9453592814371257,-3.0517578125e-05
1.9454840319361277,0
1.9456087824351298,3.0517578125e-05
1.9457335329341316,6.103515625e-05
1.9458582834331337,6.103515625e-05
1.9459830339321358,9.1552734375e-05
1.9461077844311376,9.1552734375e-05
1.9462325349301397,6.103515625e-05
1.9463572854291418,3.0517578125e-05
1.9464820359281436,0
1.9466067864271457,-3.0517578125e-05
1.9467315369261478,-6.103515625e-05
1.9468562874251496,-6.103515625e-05
1.9469810379241517,-9.1552734375e-05
1.9471057884231537,-9.1552734375e-05
1.9472305389221556,-6.103515625e-05
1.9473552894211577,-3.0517578125e-05
1.9474800399201597,0
1.9476047904191616,3.0517578125e-05
1.9477295409181636,6.103515625e-05
1.9478542914171657,6.103515625e-05
1.9479790419161678,9.1552734375e-05
1.9481037924151696,9.1552734375e-05
1.9482285429141717,6.103515625e-05
1.9483532934131738,3.0517578125e-05
1.9484780439121756,0
1.9486027944111777,-3.0517578125e-05
1.9487275449101797,-6.103515625e-05
1.9488522954091816,-6.103515625e-05
1.9489770459081837,-9.1552734375e-05
1.9491017964071857,-9.1552734375e-05
1.9492265469061876,-6.103515625e-05
1.9493512974051896,-3.0517578125e-05
1.9494760479041917,0
1.9496007984031936,3.0517578125e-05
1.9497255489021956,6.103515625e-05
1.9498502994011977,6.103515625e-05
1.9499750499001995,9.1552734375e-05
1.9500998003992016,9.1552734375e-05
1.9502245508982037,6.103515625e-05
1.9503493013972055,3.0517578125e-05
1.9504740518962076,0
1.9505988023952097,-3.0517578125e-05
1.9507235528942115,-6.103515625e-05
1.9508483033932136,-6.103515625e-05
1.9509730538922156,-9.1552734375e-05
1.9510978043912175,-9.1552734375e-05
1.9512225548902196,-6.103515625e-05
1.9513473053892216,-3.0517578125e-05
1.9514720558882235,0
1.9515968063872255,3.0517578125e-05
1.9517215568862276,6.103515625e-05
1.9518463073852295,6.103515625e-05
1.9519710578842315,9.1552734375e-05
1.9520958083832336,9.1552734375e-05
1.9522205588822354,6.103515625e-05
1.9523453093812375,3.0517578125e-05
1.9524700598802396,0
1.9525948103792414,-3.0517578125e-05
1.9527195608782435,-6.103515625e-05
1.9528443113772456,-6.103515625e-05
1.9529690618762474,-9.1552734375e-05
1.9530938123752495,-9.1552734375e-05
1.9532185628742516,-6.103515625e-05
1.9533433133732534,-3.0517578125e-05
1.9534680638722555,0
1.9535928143712575,3.0517578125e-05
1.9537175648702594,6.103515625e-05
1.9538423153692615,6.103515625e-05
1.9539670658682635,9.1552734375e-05
1.9540918163672654,9.1552734375e-05
1.9542165668662674,6.103515625e-05
1.9543413173652695,3.0517578125e-05
1.9544660678642714,0
1.9545908183632734,-3.0517578125e-05
1.9547155688622755,-6.103515625e-05
1.9548403193612773,-6.103515625e-05
1.9549650698602794,-9.1552734375e-05
1.9550898203592815,-9.1552734375e-05
1.9552145708582835,-6.103515625e-05
1.9553393213572854,-3.0517578125e-05
1.9554640718562875,0
1.9555888223552895,3.0517578125e-05
1.9557135728542914,6.103515625e-05
1.9558383233532934,6.103515625e-05
1.9559630738522955,9.1552734375e-05
1.9560878243512974,9.1552734375e-05
1.9562125748502994,6.103515625e-05
1.9563373253493015,3.0517578125e-05
1.9564620758483033,0
1.9565868263473054,-3.0517578125e-05
1.9567115768463075,-6.103515625e-05
1.9568363273453093,-6.103515625e-05
1.9569610778443114,-9.1552734375e-05
1.9570858283433135,-9.1552734375e-05
1.9572105788423153,-6.103515625e-05
1.9573353293413174,-3.0517578125e-05
1.9574600798403194,0
1.9575848303393213,3.0517578125e-05
1.9577095808383234,6.103515625e-05
1.9578343313373254,6.103515625e-05
1.9579590818363273,9.1552734375e-05
1.9580838323353293,9.1552734375e-05
1.9582085828343314,6.103515625e-05
1.9583333333333333,3.0517578125e-05
1.9584580838323353,0
1.9585828343313374,-3.0517578125e-05
1.9587075848303392,-6.103515625e-05
1.9588323353293413,-6.103515625e-05
1.9589570858283434,-9.1552734375e-05
1.9590818363273452,-9.1552734375e-05
1.9592065868263473,-6.103515625e-05
1.9593313373253494,-3.0517578125e-05
1.9594560878243512,0
1.9595808383233533,3.0517578125e-05
1.9597055888223553,6.103515625e-05
1.9598303393213572,6.103515625e-05
1.9599550898203593,9.1552734375e-05
1.9600798403193613,6.103515625e-05
1.9602045908183632,6.103515625e-05
1.9603293413173652,3.0517578125e-05
1.9604540918163673,0
1.9605788423153692,-3.0517578125e-05
1.9607035928143712,-6.103515625e-05
1.9608283433133733,-6.103515625e-05
1.9609530938123751,-9.1552734375e-05
1.9610778443113772,-6.103515625e-05
1.9612025948103793,-6.103515625e-05
1.9613273453093811,-3.0517578125e-05
1.9614520958083832,0
1.9615768463073853,3.0517578125e-05
1.9617015968063871,6.103515625e-05
1.9618263473053892,6.103515625e-05
1.9619510978043913,9.1552734375e-05
1.9620758483033933,6.103515625e-05
1.9622005988023952,6.103515625e-05
1.9623253493013972,3.0517578125e-05
1.9624500998003993,0
1.9625748502994012,-3.0517578125e-05
1.9626996007984032,-3.0517578125e-05
1.9628243512974053,-6.103515625e-05
1.9629491017964071,-9.1552734375e-05
1.9630738522954092,-6.103515625e-05
1.9631986027944113,-6.103515625e-05
1.9633233532934131,-3.0517578125e-05
1.9634481037924152,0
1.9635728542914173,3.0517578125e-05
1.9636976047904191,3.0517578125e-05
1.9638223552894212,6.103515625e-05
1.9639471057884232,9.1552734375e-05
1.9640718562874251,6.103515625e-05
1.9641966067864272,6.103515625e-05
1.9643213572854292,3.0517578125e-05
1.9644461077844311,0
1.9645708582834331,-3.0517578125e-05
1.9646956087824352,-3.0517578125e-05
1.9648203592814371,-6.103515625e-05
1.9649451097804391,-6.103515625e-05
1.9650698602794412,-6.103515625e-05
1.965194610778443,-6.103515625e-05
1.9653193612774451,-3.0517578125e-05
1.9654441117764472,0
1.965568862275449,3.0517578125e-05
1.9656936127744511,3.0517578125e-05
1.9658183632734532,6.103515625e-05
1.965943113772455,6.103515625e-05
1.9660678642714571,6.103515625e-05
1.9661926147704591,6.103515625e-05
1.966317365269461,3.0517578125e-05
1.9664421157684631,0
1.9665668662674651,-3.0517578125e-05
1.966691616766467,-3.0517578125e-05
1.966816367265469,-6.103515625e-05
1.9669411177644711,-6.103515625e-05
1.967065868263473,-6.103515625e-05
1.967190618762475,-6.103515625e-05
1.9673153692614771,-3.0517578125e-05
1.9674401197604789,0
1.967564870259481,3.0517578125e-05
1.9676896207584831,3.0517578125e-05
1.9678143712574849,6.103515625e-05
1.967939121756487,6.103515625e-05
1.9680638722554891,6.103515625e-05
1.9681886227544909,6.103515625e-05
1.968313373253493,3.0517578125e-05
1.9684381237524951,0
1.9685628742514969,0
1.968687624750499,-3.0517578125e-05
1.968812375249501,-6.103515625e-05
1.9689371257485031,-6.103515625e-05
1.9690618762475049,-6.103515625e-05
1.969186626746507,-6.103515625e-05
1.9693113772455091,-3.0517578125e-05
1.9694361277445109,0
1.969560878243513,0
1.9696856287425151,3.0517578125e-05
1.9698103792415169,6.103515625e-05
1.969935129740519,6.103515625e-05
1.9700598802395211,6.103515625e-05
1.9701846307385229,6.103515625e-05
1.970309381237525,3.0517578125e-05
1.970434131736527,3.0517578125e-05
1.9705588822355289,0
1.970683632734531,-3.0517578125e-05
1.970808383233533,-6.103515625e-05
1.9709331337325349,-6.103515625e-05
1.9710578842315369,-6.103515625e-05
1.971182634730539,-6.103515625e-05
1.9713073852295409,-3.0517578125e-05
1.9714321357285429,-3.0517578125e-05
1.971556886227545,0
1.9716816367265468,3.0517578125e-05
1.9718063872255489,6.103515625e-05
1.971931137724551,6.103515625e-05
1.9720558882235528,6.103515625e-05
1.9721806387225549,6.103515625e-05
1.972305389221557,3.0517578125e-05
1.9724301397205588,3.0517578125e-05
1.9725548902195609,0
1.9726796407185629,-3.0517578125e-05
1.9728043912175648,-6.103515625e-05
1.9729291417165669,-6.103515625e-05
1.9730538922155689,-6.103515625e-05
1.9731786427145708,-6.103515625e-05
1.9733033932135728,-3.0517578125e-05
1.9734281437125749,-3.0517578125e-05
1.9735528942115768,0
1.9736776447105788,3.0517578125e-05
1.9738023952095809,6.103515625e-05
1.9739271457085827,6.103515625e-05
1.9740518962075848,6.103515625e-05
1.9741766467065869,6.103515625e-05
1.9743013972055887,3.0517578125e-05
1.9744261477045908,3.0517578125e-05
1.9745508982035929,0
1.9746756487025947,-3.0517578125e-05
1.9748003992015968,-6.103515625e-05
1.9749251497005988,-6.103515625e-05
1.9750499001996007,-6.103515625e-05
1.9751746506986028,-6.103515625e-05
1.9752994011976048,-3.0517578125e-05
1.9754241516966067,-3.0517578125e-05
1.9755489021956087,0
1.9756736526946108,3.0517578125e-05
1.9757984031936129,6.103515625e-05
1.9759231536926147,6.103515625e-05
1.9760479041916168,6.103515625e-05
1.9761726546906189,6.103515625e-05
1.9762974051896207,3.0517578125e-05
1.9764221556886228,3.0517578125e-05
1.9765469061876249,0
1.9766716566866267,-3.0517578125e-05
1.9767964071856288,-6.103515625e-05
1.9769211576846308,-6.103515625e-05
1.9770459081836327,-6.103515625e-05
1.9771706586826348,-6.103515625e-05
1.9772954091816368,-3.0517578125e-05
1.9774201596806387,-3.0517578125e-05
1.9775449101796407,0
1.9776696606786428,3.0517578125e-05
1.9777944111776447,6.103515625e-05
1.9779191616766467,6.103515625e-05
1.9780439121756488,6.103515625e-05
1.9781686626746506,6.103515625e-05
1.9782934131736527,3.0517578125e-05
1.9784181636726548,3.0517578125e-05
1.9785429141716566,0
1.9786676646706587,-3.0517578125e-05
1.9787924151696608,-6.103515625e-05
1.9789171656686626,-6.103515625e-05
1.9790419161676647,-6.103515625e-05
1.9791666666666667,-6.103515625e-05
1.9792914171656686,-3.0517578125e-05
1.9794161676646707,-3.0517578125e-05
1.9795409181636727,0
1.9796656686626746,3.0517578125e-05
1.9797904191616766,6.103515625e-05
1.9799151696606787,6.103515625e-05
1.9800399201596806,6.103515625e-05
1.9801646706586826,6.103515625e-05
1.9802894211576847,3.0517578125e-05
1.9804141716566865,3.0517578125e-05
1.9805389221556886,0
1.9806636726546907,-3.0517578125e-05
1.9807884231536925,-6.103515625e-05
1.9809131736526946,-6.103515625e-05
1.9810379241516967,-6.103515625e-05
1.9811626746506985,-6.103515625e-05
1.9812874251497006,-3.0517578125e-05
1.9814121756487026,-3.0517578125e-05
1.9815369261477045,0
1.9816616766467066,3.0517578125e-05
1.9817864271457086,6.103515625e-05
1.9819111776447105,6.103515625e-05
1.9820359281437125,6.103515625e-05
1.9821606786427146,6.103515625e-05
1.9822854291417165,3.0517578125e-05
1.9824101796407185,3.0517578125e-05
1.9825349301397206,0
1.9826596806387227,-3.0517578125e-05
1.9827844311377245,-6.103515625e-05
1.9829091816367266,-6.103515625e-05
1.9830339321357286,-6.103515625e-05
1.9831586826347305,-6.103515625e-05
1.9832834331337326,-3.0517578125e-05
1.9834081836327346,-3.0517578125e-05
1.9835329341317365,0
1.9836576846307385,3.0517578125e-05
1.9837824351297406,6.103515625e-05
1.9839071856287425,6.103515625e-05
1.9840319361277445,6.103515625e-05
1.9841566866267466,6.103515625e-05
1.9842814371257484,3.0517578125e-05
1.9844061876247505,3.0517578125e-05
1.9845309381237526,0
1.9846556886227544,-3.0517578125e-05
1.9847804391217565,-6.103515625e-05
1.9849051896207586,-6.103515625e-05
1.9850299401197604,-6.103515625e-05
1.9851546906187625,-6.103515625e-05
1.9852794411177646,-3.0517578125e-05
1.9854041916167664,-3.0517578125e-05
1.9855289421157685,0
1.9856536926147705,3.0517578125e-05
1.9857784431137724,6.103515625e-05
1.9859031936127745,6.103515625e-05
1.9860279441117765,6.103515625e-05
1.9861526946107784,6.103515625e-05
1.9862774451097804,3.0517578125e-05
1.9864021956087825,3.0517578125e-05
1.9865269461077844,0
1.9866516966067864,-3.0517578125e-05
1.9867764471057885,-6.103515625e-05
1.9869011976047903,-6.103515625e-05
1.9870259481037924,-6.103515625e-05
1.9871506986027945,-6.103515625e-05
1.9872754491017963,-3.0517578125e-05
1.9874001996007984,-3.0517578125e-05
1.9875249500998005,0
1.9876497005988023,3.0517578125e-05
1.9877744510978044,6.103515625e-05
1.9878992015968064,6.103515625e-05
1.9880239520958083,6.103515625e-05
1.9881487025948104,6.103515625e-05
1.9882734530938124,6.103515625e-05
1.9883982035928143,3.0517578125e-05
1.9885229540918163,0
1.9886477045908184,-3.0517578125e-05
1.9887724550898203,-6.103515625e-05
1.9888972055888223,-6.103515625e-05
1.9890219560878244,-6.103515625e-05
1.9891467065868262,-6.103515625e-05
1.9892714570858283,-6.103515625e-05
1.9893962075848304,-3.0517578125e-05
1.9895209580838322,0
1.9896457085828343,3.0517578125e-05
1.9897704590818364,6.103515625e-05
1.9898952095808384,6.103515625e-05
1.9900199600798403,6.103515625e-05
1.9901447105788423,6.103515625e-05
1.9902694610778444,6.103515625e-05
1.9903942115768463,3.0517578125e-05
1.9905189620758483,0
1.9906437125748504,-3.0517578125e-05
1.9907684630738522,-6.103515625e-05
1.9908932135728543,-6.103515625e-05
1.9910179640718564,-6.103515625e-05
1.9911427145708582,-6.103515625e-05
1.9912674650698603,-6.103515625e-05
1.9913922155688624,-3.0517578125e-05
1.9915169660678642,0
1.9916417165668663,3.0517578125e-05
1.9917664670658684,6.103515625e-05
1.9918912175648702,6.103515625e-05
1.9920159680638723,6.103515625e-05
1.9921407185628743,6.103515625e-05
1.9922654690618762,6.103515625e-05
1.9923902195608783,3.0517578125e-05
1.9925149700598803,0
1.9926397205588822,-3.0517578125e-05
1.9927644710578842,-6.103515625e-05
1.9928892215568863,-6.103515625e-05
1.9930139720558881,-6.103515625e-05
1.9931387225548902,-6.103515625e-05
1.9932634730538923,-6.103515625e-05
1.9933882235528941,-3.0517578125e-05
1.9935129740518962,0
1.9936377245508983,3.0517578125e-05
1.9937624750499001,6.103515625e-05
1.9938872255489022,6.103515625e-05
1.9940119760479043,6.103515625e-05
1.9941367265469061,6.103515625e-05
1.9942614770459082,6.103515625e-05
1.9943862275449102,3.0517578125e-05
1.9945109780439121,0
1.9946357285429142,-3.0517578125e-05
1.9947604790419162,-6.103515625e-05
1.9948852295409181,-6.103515625e-05
1.9950099800399201,-6.103515625e-05
1.9951347305389222,-6.103515625e-05
1.9952594810379241,-6.103515625e-05
1.9953842315369261,-3.0517578125e-05
1.9955089820359282,0
1.99563373253493,3.0517578125e-05
1.9957584830339321,6.103515625e-05
1.9958832335329342,6.103515625e-05
1.996007984031936,6.103515625e-05
1.9961327345309381,6.103515625e-05
1.9962574850299402,6.103515625e-05
1.996382235528942,3.0517578125e-05
1.9965069860279441,0
1.9966317365269461,-3.0517578125e-05
1.9967564870259482,-6.103515625e-05
1.9968812375249501,-6.103515625e-05
1.9970059880239521,-6.103515625e-05
1.9971307385229542,-6.103515625e-05
1.997255489021956,-6.103515625e-05
1.9973802395209581,-3.0517578125e-05
1.9975049900199602,0
1.997629740518962,3.0517578125e-05
1.9977544910179641,6.103515625e-05
1.9978792415169662,6.103515625e-05
1.998003992015968,6.103515625e-05
1.9981287425149701,6.103515625e-05
1.9982534930139721,6.103515625e-05
1.998378243512974,3.0517578125e-05
1.9985029940119761,0
1.9986277445109781,-3.0517578125e-05
1.99875249500998,-6.103515625e-05
1.998877245508982,-6.103515625e-05
1.9990019960079841,-6.103515625e-05
1.999126746506986,-6.103515625e-05
1.999251497005988,-6.103515625e-05
1.9993762475049901,-3.0517578125e-05
1.9995009980039919,0
1.999625748502994,3.0517578125e-05
1.9997504990019961,6.103515625e-05
1.9998752495009979,6.103515625e-05
