time_s,decoded_FS,fit_FS,residual_FS
0.050024950099800403,0.163238525390625,0.16322769764057637,1.0827750048625351e-05
0.050149700598802395,0.1458740234375,0.14588171717745019,-7.693739950187517e-06
0.050274451097804394,0.1064453125,0.10644230955003806,3.00294996194439e-06
0.050399201596806387,0.0509033203125,0.050909193615682261,-5.8733031822605364e-06
0.050523952095808386,-0.012298583984375,-0.012284634603688857,-1.3949380686143278e-05
0.050648702594810378,-0.07354736328125,-0.073553486154311648,6.1228730616480487e-06
0.050773453093812378,-0.123626708984375,-0.1236129952571122,-1.3713727262804065e-05
0.05089820359281437,-0.154876708984375,-0.15488701461695367,1.0305632578672119e-05
0.051022954091816369,-0.16265869140625,-0.1626541991863448,-4.49221990519999e-06
0.051147704590818362,-0.145751953125,-0.14576075472214325,8.8015971432542361e-06
0.051272455089820361,-0.106781005859375,-0.10679175531161959,1.0749452244593338e-05
0.051397205588822353,-0.051666259765625,-0.051675604006583241,9.3442409582408792e-06
0.051521956087824353,0.01123046875,0.011217847597860176,1.2621152139824163e-05
0.051646706586826345,0.072357177734375,0.072348321187336889,8.8565470381107847e-06
0.051771457085828344,0.1224365234375,0.12245226280706312,-1.5739369563116945e-05
0.051896207584830337,0.1539306640625,0.15394660833985932,-1.5944277359319914e-05
0.052020958083832336,0.162078857421875,0.16207644328574161,2.4141361333884781e-06
0.052145708582834328,0.1456298828125,0.14563286589863403,-2.9830861340285342e-06
0.052270459081836328,0.107147216796875,0.1071326786306957,1.4538166179300926e-05
0.05239520958083832,0.05242919921875,0.052433209568918192,-4.0103501681917897e-06
0.052519960079840319,-0.010162353515625,-0.010158792628654024,-3.5608869709755075e-06
0.052644710578842319,-0.071136474609375,-0.071148624237822075,1.2149628447075123e-05
0.052769461077844311,-0.121307373046875,-0.12129388746508529,-1.3485581789707268e-05
0.05289421157684631,-0.15301513671875,-0.15300507372467329,-1.0062994076714959e-05
0.053018962075848303,-0.1614990234375,-0.16149422771347774,-4.7957240222606945e-06
0.053143712574850302,-0.1455078125,-0.14549784494627493,-9.9675537250654145e-06
0.053268463073852294,-0.107452392578125,-0.10746486063701589,1.2468058890893752e-05
0.053393213572854294,-0.053192138671875,-0.05318177074510478,-1.0367926770220304e-05
0.053517964071856286,0.00909423828125,0.0091077343756439284,-1.3496094393928432e-05
0.053642714570858285,0.0699462890625,0.069954685729926261,-8.3966674262608842e-06
0.053767465069860278,0.120147705078125,0.1201381821199029,9.5229582220968112e-06
0.053892215568862277,0.152069091796875,0.15206273944304802,6.3523538269827373e-06
0.054016966067864269,0.160919189453125,0.16090788785701585,1.1301596109153378e-05
0.054141716566866269,0.145355224609375,0.14535602389237282,-7.9928299781539813e-07
0.054266467065868261,0.1077880859375,0.10778862044109565,-5.3450359564777283e-07
0.05439121756487026,0.053924560546875,0.053921586139527446,2.9744073475543309e-06
0.054515968063872253,-0.008056640625,-0.0080643992143300432,7.7585893300431696e-06
0.054640718562874252,-0.068756103515625,-0.068766257702204861,1.0154186579861002e-05
0.054765469061876244,-0.118988037109375,-0.11898492126596179,-3.1158434132122492e-06
0.054890219560878244,-0.151123046875,-0.15111939583781034,-3.6510371896614213e-06
0.055014970059880243,-0.160308837890625,-0.16031722090456085,8.3830139358531675e-06
0.055139720558882235,-0.14520263671875,-0.14520719673896218,4.5600202121798272e-06
0.055264471057884235,-0.10809326171875,-0.10810373932017291,1.0477601422906324e-05
0.055389221556886227,-0.054656982421875,-0.054652416704166019,-4.5657177089805656e-06
0.055513972055888226,0.00701904296875,0.0070290510302509664,-1.0008061500966364e-05
0.055638722554890219,0.067596435546875,0.067583629620941207,1.2805925933792595e-05
0.055763473053892218,0.117828369140625,0.11783441681560865,-6.0476749836474442e-06
0.05588822355289421,0.150177001953125,0.15017537073374146,1.6312193835410493e-06
0.05601297405189621,0.15972900390625,0.15972256165443754,6.4422518124551686e-06
0.056137724550898202,0.145050048828125,0.14505169527097989,-1.646442854885688e-06
0.056262475049900201,0.1083984375,0.10841053652556121,-1.2099025561207455e-05
0.056387225548902194,0.055389404296875,0.055374561545629933,1.4842751245067176e-05
0.056511976047904193,-0.006011962890625,-0.0060014154117113451,-1.0547478913654901e-05
0.056636726546906185,-0.06640625,-0.066406552572137706,3.0257213770590319e-07
0.056761477045908185,-0.11669921875,-0.11668644228991289,-1.2776460087113306e-05
0.056886227544910177,-0.14923095703125,-0.14923045362702533,-5.0340422466654822e-07
0.057010978043912176,-0.15911865234375,-0.15912370670313333,5.0543593833329847e-06
0.057135728542914169,-0.1448974609375,-0.14488931324309945,-8.1476944005509644e-06
0.057260479041916168,-0.10870361328125,-0.1087087934686394,5.1801873894030681e-06
0.05738522954091816,-0.05609130859375,-0.056087782110833991,-3.5264829160094879e-06
0.05750998003992016,0.004974365234375,0.0049817554639009325,-7.3902295259324624e-06
0.057634730538922159,0.06524658203125,0.065235315074874511,1.1266956375488579e-05
0.057759481037924151,0.11553955078125,0.11554130863088845,-1.7578496384479392e-06
0.057884231536926151,0.148284912109375,0.14828497149607725,-5.9386702250252554e-08
0.058008982035928143,0.15850830078125,0.15852099025472907,-1.2689473479071678e-05
0.058133732534930142,0.14471435546875,0.14472038218795136,-6.0267192013574444e-06
0.058258483033932135,0.1090087890625,0.10899882952824969,9.9595342503144835e-06
0.058383233532934134,0.056793212890625,0.056792377994048467,8.3489657653340599e-07
0.058507984031936126,-0.00396728515625,-0.0039697960016107517,2.5108453607517248e-06
0.058632734530938126,-0.064056396484375,-0.064069667273294773,1.3270788919772514e-05
0.058757485029940118,-0.114410400390625,-0.11439878839234467,-1.1611998280328106e-05
0.058882235528942117,-0.1473388671875,-0.14733871299103216,-1.5419646784420316e-07
0.05900698602794411,-0.157928466796875,-0.15791420830899558,-1.4258487879420523e-05
0.059131736526946109,-0.14453125,-0.14454469560301861,1.3445603018608088e-05
0.059256487025948101,-0.109283447265625,-0.109280426236746,-3.021028879002241e-06
0.059381237524950101,-0.0574951171875,-0.057488111122620686,-7.0060648793141e-06
0.059505988023952093,0.002960205078125,0.0029657993633219006,-5.5942851969006425e-06
0.059630738522954092,0.062896728515625,0.062909896749986774,-1.3168234361773945e-05
0.059755489021956085,0.113250732421875,0.11325919155212451,-8.4591302495079512e-06
0.059880239520958084,0.146392822265625,0.14639200424462337,8.1802100163064217e-07
0.060004990019960083,0.157318115234375,0.15730369447087611,1.442076349889021e-05
0.060129740518962076,0.14434814453125,0.14436258475890196,-1.4440227651957294e-05
0.060254491017964075,0.10955810546875,0.10955390308742441,4.2023813255909204e-06
0.060379241516966067,0.05816650390625,0.058175281564040088,-8.7776577900877673e-06
0.060503992015968067,-0.001983642578125,-0.0019694896039284503,-1.4152974196549734e-05
0.060628742514970059,-0.061767578125,-0.06175575271797961,-1.1825407020389644e-05
0.060753493013972058,-0.11212158203125,-0.11212228970299662,7.0767174661923171e-07
0.060878243512974051,-0.14544677734375,-0.14544463306171326,-2.1442820367367776e-06
0.06100299401197605,-0.15667724609375,-0.15668924413863536,1.1998044885358494e-05
0.061127744510978042,-0.1441650390625,-0.14417384288626839,8.8038237683885079e-06
0.061252495009980042,-0.109832763671875,-0.10981904172063103,-1.3721951243966801e-05
0.061377245508982034,-0.058868408203125,-0.058853651711693773,-1.4756491431226759e-05
0.061501996007984033,0.0009765625,0.00098112830879406492,-4.565808794064919e-06
0.061626746506986026,0.06060791015625,0.060607521834115621,3.8832213437867136e-07
0.061751497005988025,0.110992431640625,0.11098839186490779,4.0397757172100368e-06
0.061876247504990017,0.144500732421875,0.14449692473021117,3.8076916638318803e-06
0.062000998003992017,0.15606689453125,0.15607119031339375,-4.2957821437539234e-06
0.062125748502994009,0.14398193359375,0.14397880098417629,3.1326095737138626e-06
0.062250499001996008,0.110076904296875,0.11007616173122228,7.4256565271713093e-07
0.062375249500998001,0.05950927734375,0.059523522091973619,-1.4244748223618542e-05
0.0625,0,-4.3878648468181581e-07,4.3878648468181581e-07
0.062624750499001999,-0.059478759765625,-0.059464952391074716,-1.3807374550284246e-05
0.062749500998003999,-0.10986328125,-0.10985726867592058,-6.0125740794225724e-06
0.062874251497005984,-0.1435546875,-0.1435486662106496,-6.0212893503996945e-06
0.062999001996007983,-0.15545654296875,-0.15544932778732823,-7.215181421771355e-06
0.063123752495009983,-0.143768310546875,-0.14377725200707053,8.9414601955328799e-06
0.063248502994011982,-0.110321044921875,-0.11032504485471964,3.9999328446393978e-06
0.063373253493013967,-0.0601806640625,-0.060184655550055748,3.9914875557475749e-06
0.063498003992015967,-0.0009765625,-0.00097231811719328406,-4.2443828067159411e-06
0.063622754491017966,0.058319091796875,0.058328330130734157,-9.2383338591572883e-06
0.063747504990019965,0.108734130859375,0.10872922820447962,4.9026548953751137e-06
0.063872255489021951,0.142608642578125,0.14260018194714397,8.4606309810331126e-06
0.06399700598802395,0.154815673828125,0.15482398895325789,-8.3151251328850151e-06
0.064121756487025949,0.1435546875,0.14356952667316641,-1.4839173166414366e-05
0.064246506986027949,0.110565185546875,0.11056601077483487,-8.2522795986916808e-07
0.064371257485029934,0.06085205078125,0.060837353057040133,1.4697724209866703e-05
0.064496007984031933,0.001922607421875,0.0019374198264873836,-1.4812404612383643e-05
0.064620758483033933,-0.05718994140625,-0.057197402436218341,7.4610299683405823e-06
0.064745508982035932,-0.10760498046875,-0.10760404014037836,-9.4032837164026439e-07
0.064870259481037917,-0.14166259765625,-0.14165125805701359,-1.1339599236409592e-05
0.064995009980039917,-0.154205322265625,-0.15419496799289592,-1.0354272729079517e-05
0.065119760479041916,-0.143341064453125,-0.14335541765148771,1.4353198362709874e-05
0.065244510978043915,-0.110809326171875,-0.11079884130964862,-1.0484862226378677e-05
0.065369261477045915,-0.061492919921875,-0.061481377895755189,-1.1542026119810977e-05
0.0654940119760479,-0.002899169921875,-0.0028946062216613677,-4.5637002136322651e-06
0.065618762475049899,0.056060791015625,0.056072454145265009,-1.1663129640009096e-05
0.065743512974051899,0.106475830078125,0.10648201160706049,-6.1815289354866243e-06
0.065868263473053898,0.140716552734375,0.14070221814178221,1.4334592592785134e-05
0.065993013972055883,0.153564453125,0.15356259668648581,1.856438514191705e-06
0.066117764471057883,0.14312744140625,0.14313525537030669,-7.8139640566909918e-06
0.066242514970059882,0.11102294921875,0.11102385621918741,-9.0700043740843395e-07
0.066367265469061881,0.062103271484375,0.062117031467958612,-1.3759983583612467e-05
0.066492015968063867,0.00384521484375,0.0038441554463066962,1.0593974433038313e-06
0.066616766467065866,-0.054962158203125,-0.05495323174226649,-8.9264608585104543e-06
0.066741516966067865,-0.105377197265625,-0.10536291135259895,-1.4285913026046426e-05
0.066866267465069865,-0.139739990234375,-0.1397528474768322,1.2857242457198215e-05
0.06699101796407185,-0.152923583984375,-0.15292666860110407,3.0846167290710103e-06
0.067115768463073849,-0.142913818359375,-0.14290883220423822,-4.9861551367769152e-06
0.067240518962075849,-0.111236572265625,-0.11124083739165146,4.2651260264564561e-06
0.067365269461077848,-0.062744140625,-0.062744077480133775,-6.3144866224718044e-08
0.067490019960079833,-0.004791259765625,-0.004785808093318601,-5.4516723063989872e-06
0.067614770459081833,0.0538330078125,0.053840019171654666,-7.0113591546655529e-06
0.067739520958083832,0.104248046875,0.10424704556203235,1.0013129676522681e-06
0.067864271457085831,0.1387939453125,0.13880346882245823,-9.5235099582258176e-06
0.067989021956087831,0.15228271484375,0.1522875149003467,-4.8000565966987985e-06
0.068113772455089816,0.142669677734375,0.14267647828272689,-6.8005483518929211e-06
0.068238522954091815,0.1114501953125,0.11145010465103564,9.0661464363650524e-08
0.068363273453093815,0.0633544921875,0.063362817750732867,-8.3255632328665952e-06
0.068488023952095814,0.005706787109375,0.0057198430122153482,-1.3055902840348153e-05
0.068612774451097799,-0.052734375,-0.052732562029945002,-1.8129700549984751e-06
0.068737524950099799,-0.103118896484375,-0.10313418204836679,1.5285563991787599e-05
0.068862275449101798,-0.137847900390625,-0.13785386661356283,5.9662229378310006e-06
0.068987025948103797,-0.151641845703125,-0.15164492853268094,3.0828295559393037e-06
0.069111776447105783,-0.142425537109375,-0.14243798567719412,1.2448567819123291e-05
0.069236526946107782,-0.111663818359375,-0.1116514399434012,-1.2378415973804402e-05
0.069361277445109781,-0.06396484375,-0.063973016396030896,8.1726460308961801e-06
0.069486027944111781,-0.00665283203125,-0.0066460014951535079,-6.8305360964920556e-06
0.069610778443113766,0.0516357421875,0.051631143379128365,4.5988083716350103e-06
0.069735528942115765,0.102020263671875,0.10202462606493816,-4.36239306315922e-06
0.069860279441117765,0.13690185546875,0.13690436277073689,-2.5073019868926405e-06
0.069985029940119764,0.1510009765625,0.15099924004118259,1.7365213174080907e-06
0.070109780439121763,0.142181396484375,0.14219368420957418,-1.2287725199178201e-05
0.070234530938123749,0.111846923828125,0.11184516314454264,1.7606835823608114e-06
0.070359281437125748,0.0645751953125,0.06457497563737799,2.1967512200959938e-07
0.070484031936127747,0.007568359375,0.0075645630842337839,3.7962907662161469e-06
0.070608782435129747,-0.050537109375,-0.050535507938722371,-1.601436277628987e-06
0.070733532934131732,-0.100921630859375,-0.10091814449643523,-3.4863629397724472e-06
0.070858283433133731,-0.135955810546875,-0.13595474089000631,-1.0696568686907604e-06
0.070983033932135731,-0.150360107421875,-0.15035024175193709,-9.8656699379084944e-06
0.07110778443113773,-0.141937255859375,-0.14194336563952206,6.1097801470622048e-06
0.071232534930139715,-0.112030029296875,-0.11203105624630583,1.0269494308268179e-06
0.071357285429141715,-0.065155029296875,-0.065168459987093127,1.3430690218127483e-05
0.071482035928143714,-0.00848388671875,-0.0084752697575268526,-8.6169612231474374e-06
0.071606786427145713,0.0494384765625,0.049445937899147988,-7.4613366479875376e-06
0.071731536926147699,0.099822998046875,0.099815041671289378,7.9563755856215668e-06
0.071856287425149698,0.135009765625,0.13500532205394727,4.4435710527257477e-06
0.071981037924151697,0.149688720703125,0.14969826358382482,-9.5428806998199001e-06
0.072105788423153697,0.141693115234375,0.14168735947298738,5.7557613876157987e-06
0.072230538922155682,0.112213134765625,0.11220943916429633,3.695601328665421e-06
0.072355289421157681,0.065765380859375,0.065753772055744286,1.1608803630713815e-05
0.072480039920159681,0.009368896484375,0.0093784017364226379,-9.5052520476378993e-06
0.07260479041916168,-0.048370361328125,-0.048362177113819918,-8.1842143050819827e-06
0.072729540918163679,-0.098724365234375,-0.098715083552729302,-9.2816816456980922e-06
0.072854291417165665,-0.134063720703125,-0.134055889021476,-7.8316816490009433e-06
0.072979041916167664,-0.1490478515625,-0.14904309723697171,-4.7543255282944674e-06
0.073103792415169663,-0.14141845703125,-0.14142545714947666,7.0001182266576922e-06
0.073228542914171663,-0.11236572265625,-0.11238009392424528,1.4371267995277881e-05
0.073353293413173648,-0.06634521484375,-0.066330676738083696,-1.4538105666303536e-05
0.073478043912175647,-0.010284423828125,-0.010273701671655148,-1.0722156469852168e-05
0.073602794411177647,0.047271728515625,0.047284506912518454,-1.2778396893453614e-05
0.073727544910179646,0.097625732421875,0.097618573551167903,7.1588707070968649e-06
0.073852295409181631,0.13311767578125,0.13310676203900135,1.0913742248652714e-05
0.073977045908183631,0.14837646484375,0.14838507200258286,-8.6071588328573423e-06
0.07410179640718563,0.141143798828125,0.14115798785068673,-1.4189022561728049e-05
0.074226546906187629,0.112548828125,0.11254334046977525,5.4876552247479227e-06
0.074351297405189615,0.06689453125,0.066899477020355091,-4.9457703550914722e-06
0.074476047904191614,0.01116943359375,0.011161450450673892,7.9831430761078542e-06
0.074600798403193613,-0.04620361328125,-0.046212670293453502,9.0570122035019129e-06
0.074725548902195613,-0.096527099609375,-0.096525276715303865,-1.8228940711351171e-06
0.074850299401197598,-0.132171630859375,-0.13215772303024889,-1.3907829126108551e-05
0.074975049900199597,-0.147735595703125,-0.14772397895144135,-1.1616751683651838e-05
0.075099800399201597,-0.140899658203125,-0.14088474268780826,-1.4915515316737959e-05
0.075224550898203596,-0.112701416015625,-0.11269896084878975,-2.4551668352523759e-06
0.075349301397205595,-0.067474365234375,-0.067459938166255548,-1.4427068119451936e-05
0.075474051896207581,-0.012054443359375,-0.012041391383676023,-1.3051975698976509e-05
0.07559880239520958,0.045135498046875,0.045146947736672501,-1.1449689797500551e-05
0.075723552894211579,0.095428466796875,0.095435495544537591,-7.0287476625907619e-06
0.075848303393213579,0.131195068359375,0.13120909140746048,-1.4023048085481937e-05
0.075973053892215564,0.147064208984375,0.14706014674378978,4.0622405852175358e-06
0.076097804391217563,0.140594482421875,0.14060605051021355,-1.1568088338548277e-05
0.076222554890219563,0.11285400390625,0.11284727502128783,6.7288849621705005e-06
0.076347305389221562,0.068023681640625,0.068012363524303024,1.1318116321976102e-05
0.076472055888223547,0.012908935546875,0.012913806010994051,-4.8704641190510517e-06
0.076596806387225547,-0.044097900390625,-0.044087081396121594,-1.0818994503405954e-05
0.076721556886227546,-0.0943603515625,-0.094348994180071324,-1.1357382428675566e-05
0.076846307385229545,-0.1302490234375,-0.13026064826124431,1.1624823744310619e-05
0.076971057884231531,-0.146392822265625,-0.14639336581787701,5.4355225201363488e-07
0.07709580838323353,-0.14031982421875,-0.14032170209280734,1.8778740573377473e-06
0.077220558882235529,-0.11297607421875,-0.11298806504581342,1.1990827063421139e-05
0.077345309381237529,-0.06854248046875,-0.068556518713794937,1.403824504493667e-05
0.077470059880239514,-0.0137939453125,-0.013778438289152704,-1.5507023347295992e-05
0.077594810379241513,0.04302978515625,0.043033350913048586,-3.5657567985861172e-06
0.077719560878243513,0.09326171875,0.093266074217359426,-4.3554673594264903e-06
0.077844311377245512,0.129302978515625,0.1293127121718223,-9.7336561973027091e-06
0.077969061876247511,0.145721435546875,0.14572396419988701,-2.5286530120072204e-06
0.078093812375249497,0.140045166015625,0.14003202594476769,1.3140070857314834e-05
0.078218562874251496,0.113128662109375,0.11312165088730525,7.0112220697526872e-06
0.078343313373253495,0.069091796875,0.0690927074322185,-9.1055721850030746e-07
0.078468063872255495,0.0146484375,0.014635570398267029,1.2867101732970745e-05
0.07859281437125748,-0.0419921875,-0.04198549760806683,-6.6898919331703777e-06
0.078717564870259479,-0.092193603515625,-0.092186498897225272,-7.1046183997280909e-06
0.078842315369261479,-0.12835693359375,-0.12836506339891759,8.1298051675948724e-06
0.078967065868263478,-0.145050048828125,-0.14505173169253016,1.6828644051614106e-06
0.079091816367265463,-0.139739990234375,-0.13973681249694664,-3.1777374283614712e-06
0.079216566866267463,-0.113250732421875,-0.11324781460359525,-2.9178182797545693e-06
0.079341317365269462,-0.069610595703125,-0.069620695641270797,1.0099938145796683e-05
0.079466067864271461,-0.015472412109375,-0.015484946928130393,1.2534818755393154e-05
0.079590818363273447,0.04095458984375,0.040943800294570495,1.0789549179504587e-05
0.079715568862275446,0.091094970703125,0.091110568918341003,-1.5598215216003353e-05
0.079840319361277445,0.127410888671875,0.12741801969302893,-7.1310211539332702e-06
0.079965069860279445,0.144378662109375,0.14437699568502235,1.666424352647633e-06
0.080089820359281444,0.139434814453125,0.13943638991065643,-1.5754575314330665e-06
0.080214570858283429,0.113372802734375,0.11336687615329787,5.9265810771341743e-06
0.080339321357285429,0.07012939453125,0.070140787374272651,-1.1392843022650645e-05
0.080464071856287428,0.016326904296875,0.01632685068560899,5.3611266009889746e-08
0.080588822355289427,-0.0399169921875,-0.039907999470796464,-8.99271670353613e-06
0.080713572854291413,-0.09002685546875,-0.090038046628356877,1.1191159606876999e-05
0.080838323353293412,-0.12646484375,-0.12647136048536106,6.5167353610617873e-06
0.080963073852295411,-0.143707275390625,-0.14369954534172311,-7.7300489018938823e-06
0.081087824351297411,-0.139129638671875,-0.13913054826512675,9.0959325174666539e-07
0.081212574850299396,-0.11346435546875,-0.113478617582354,1.4262113604002202e-05
0.081337325349301395,-0.070648193359375,-0.070652748922228281,4.5555628532811809e-06
0.081462075848303395,-0.01715087890625,-0.017161026880736906,1.014797448690638e-05
0.081586826347305394,0.03887939453125,0.038878373133227492,1.0213980225076691e-06
0.081711576846307379,0.088958740234375,0.088969231836409576,-1.0491602034576331e-05
0.081836327345309379,0.125518798828125,0.12552540269913734,-6.6038710123395017e-06
0.081961077844311378,0.14300537109375,0.14301970741215683,-1.433631840683236e-05
0.082085828343313377,0.138824462890625,0.13881961536633369,4.8475242913070815e-06
0.082210578842315363,0.11358642578125,0.11358335883197024,3.0669492797619213e-06
0.082335329341317362,0.0711669921875,0.071156884641280074,1.0107546219925712e-05
0.082460079840319361,0.017974853515625,0.01798775893416938,-1.2905418544380265e-05
0.082584830339321361,-0.037841796875,-0.037854660968675319,1.2864093675318822e-05
0.08270958083832336,-0.087890625,-0.08790388600426853,1.3261004268530496e-05
0.082834331337325345,-0.12457275390625,-0.12457992493956076,7.1710333107571911e-06
0.082959081836327345,-0.142333984375,-0.1423372704196991,3.2860446990967684e-06
0.083083832335329344,-0.13848876953125,-0.13850338093450626,1.4611403256259425e-05
0.083208582834331343,-0.113677978515625,-0.11368088192520368,2.9034095786750758e-06
0.083333333333333329,-0.0716552734375,-0.071652961138801999,-2.3122986980012028e-06
0.083458083832335328,-0.018798828125,-0.018806792663270722,7.9645382707223267e-06
0.083582834331337327,0.036834716796875,0.036837140167684919,-2.42337080991889e-06
0.083707584830339327,0.08685302734375,0.086842308058844381,1.0719284905619242e-05
0.083832335329341312,0.123626708984375,0.12363524330516205,-8.5343207870541837e-06
0.083957085828343311,0.14166259765625,0.1416525604716441,1.0037184605904415e-05
0.084081836327345311,0.13818359375,0.1381821724130099,1.4213369901039385e-06
0.08420658682634731,0.11376953125,0.11377150677495466,-1.9755249546643538e-06
0.084331337325349295,0.0721435546875,0.072141283080881094,2.2716066189060191e-06
0.084456087824351295,0.019622802734375,0.019618412089583433,4.3906447915673108e-06
0.084580838323353294,-0.03582763671875,-0.035825549616596598,-2.0871021534016321e-06
0.084705588822355293,-0.085784912109375,-0.085784258583385453,-6.5352598954682151e-07
0.084830339321357279,-0.1226806640625,-0.12269113557779945,1.0471515299453893e-05
0.084955089820359278,-0.140960693359375,-0.14096536544793481,4.6720885598094952e-06
0.085079840319361277,-0.137847900390625,-0.13785577915589736,7.8787652723621981e-06
0.085204590818363277,-0.113861083984375,-0.11385501537058396,-6.068613791043731e-06
0.085329341317365276,-0.0726318359375,-0.072621617378439904,-1.0218559060096166e-05
0.085454091816367261,-0.020416259765625,-0.02042236362493445,6.1038593094503435e-06
0.085578842315369261,0.034820556640625,0.034820165710974432,3.9092965056775064e-07
0.08570359281437126,0.084716796875,0.084730035630005224,-1.3238755005223757e-05
0.085828343313373259,0.121734619140625,0.12174791703404461,-1.3297893419611517e-05
0.085953093812375245,0.140289306640625,0.14027601081127708,1.3295829347920174e-05
0.086077844311377244,0.13751220703125,0.13752452823684042,-1.2321205590415385e-05
0.086202594810379243,0.113922119140625,0.11393172758594401,-9.60844531901206e-06
0.086327345309381243,0.073089599609375,0.073094268994779887,-4.6693854048873717e-06
0.086452095808383228,0.021209716796875,0.021218931878930637,-9.2150820556365087e-06
0.086576846307385227,-0.0338134765625,-0.033820726547654785,7.249985154784977e-06
0.086701596806387227,-0.08367919921875,-0.083679398910866648,1.9969211664805364e-07
0.086826347305389226,-0.120819091796875,-0.12080536463520017,-1.3727161674831345e-05
0.086951097804391211,-0.13958740234375,-0.13958428379591278,-3.1185478372164344e-06
0.087075848303393211,-0.137176513671875,-0.13718820863673103,1.169496485603494e-05
0.08720059880239521,-0.114013671875,-0.11400142536606557,-1.2246508934429801e-05
0.087325349301397209,-0.07354736328125,-0.073559005131711777,1.1641850461777126e-05
0.087450099800399195,-0.022003173828125,-0.02200786384508352,4.6900169585195606e-06
0.087574850299401194,0.0328369140625,0.032827507738174576,9.4063243254241535e-06
0.087699600798403193,0.0826416015625,0.082632645610747235,8.955951752764868e-06
0.087824351297405193,0.119873046875,0.11986379283873511,9.2540362648940722e-06
0.087949101796407192,0.138885498046875,0.13889050921777923,-5.0111709042344188e-06
0.088073852295409177,0.1368408203125,0.13684714705266135,-6.3267401613498198e-06
0.088198602794411177,0.11407470703125,0.11406442853521857,1.027849603142672e-05
0.088323353293413176,0.074005126953125,0.074016131037124608,-1.1004083999607839e-05
0.088448103792415175,0.022796630859375,0.022789444708307589,7.186151067411356e-06
0.088572854291417161,-0.031829833984375,-0.031840246600829208,1.0412616454208434e-05
0.08869760479041916,-0.08160400390625,-0.081589534578244846,-1.4469328005153881e-05
0.088822355289421159,-0.118927001953125,-0.11892297778833989,-4.0241647851074758e-06
0.088947105788423159,-0.13818359375,-0.13819447366332416,1.087991332415772e-05
0.089071856287425144,-0.136505126953125,-0.13650113208557083,-3.9948675541745526e-06
0.089196606786427143,-0.114105224609375,-0.11412051898364187,1.5294374266866528e-05
0.089321357285429143,-0.074462890625,-0.074465414191185228,2.5235661852279767e-06
0.089446107784431142,-0.0235595703125,-0.02356342203109767,3.8517185976701118e-06
0.089570858283433127,0.030853271484375,0.030859217974090272,-5.9464897152715357e-06
0.089695608782435127,0.080535888671875,0.080550362138351969,-1.4473466476969121e-05
0.089820359281437126,0.11798095703125,0.11798323312537964,-2.276094129644024e-06
0.089945109780439125,0.137481689453125,0.13749650129971311,-1.4811846588108635e-05
0.090069860279441125,0.136138916015625,0.13615049004927265,-1.1574033647654414e-05
0.09019461077844311,0.114166259765625,0.11417001647564895,-3.7567100239499496e-06
0.090319361277445109,0.074920654296875,0.074907160113912227,1.3494182962772716e-05
0.090444111776447109,0.024322509765625,0.024330081561006873,-7.5717953818728312e-06
0.090568862275449108,-0.029876708984375,-0.029884158408678033,7.4494243030333307e-06
0.090693612774451093,-0.07952880859375,-0.079514886283686859,-1.3922310063141374e-05
0.090818363273453093,-0.117034912109375,-0.11704433417899032,9.422069615322437e-06
0.090943113772455092,-0.136810302734375,-0.13679637806368738,-1.3924670687615048e-05
0.091067864271457091,-0.13580322265625,-0.13579500915815568,-8.2134980943227021e-06
0.091192614770459077,-0.114227294921875,-0.11421270283640665,-1.4592085468348448e-05
0.091317365269461076,-0.075347900390625,-0.075341136551425242,-6.7638391997582037e-06
0.091442115768463075,-0.02508544921875,-0.025089171416853181,3.7221981031808349e-06
0.091566866267465075,0.028900146484375,0.028915341980942907,-1.5195496567907418e-05
0.09169161676646706,0.0784912109375,0.07848340248707518,7.8084504248204789e-06
0.091816367265469059,0.116119384765625,0.11610659377756143,1.2790988063574038e-05
0.091941117764471059,0.1361083984375,0.13609442747180789,1.3970965692111648e-05
0.092065868263473058,0.13543701171875,0.13543501533625141,1.9963824985924639e-06
0.092190618762475043,0.1142578125,0.11424889776008493,8.9147399150724116e-06
0.092315369261477043,0.075775146484375,0.075767649283546831,7.4972008281687375e-06
0.092440119760479042,0.025848388671875,0.025840977896246543,7.4107756284566562e-06
0.092564870259481041,-0.0279541015625,-0.027952504484973124,-1.5970775268762949e-06
0.092689620758483041,-0.07745361328125,-0.077455667892810554,2.054611560553532e-06
0.092814371257485026,-0.11517333984375,-0.11516978643886937,-3.5534048806323826e-06
0.092939121756487025,-0.1353759765625,-0.13539043480936569,1.4458246865689528e-05
0.093063872255489025,-0.13507080078125,-0.13507029640498067,-5.0437626933352853e-07
0.093188622754491024,-0.114288330078125,-0.11427838299667191,-9.9470814530905338e-06
0.093313373253493009,-0.076171875,-0.076186466310086201,1.459131008620107e-05
0.093438123752495009,-0.026580810546875,-0.026585249661781669,4.439114906669428e-06
0.093562874251497008,0.027008056640625,0.026995919245974307,1.213739465069294e-05
0.093687624750499007,0.076446533203125,0.076431977129226294,1.4556073898705502e-05
0.093812375249500993,0.114227294921875,0.11423422418158798,-6.929259712976088e-06
0.093937125748502992,0.134674072265625,0.1346847229406628,-1.0650675037804369e-05
0.094061876247504991,0.13470458984375,0.13470117789227629,3.4119514737140921e-06
0.094186626746506991,0.114288330078125,0.11430147816018128,-1.3148082056282928e-05
0.094311377245508976,0.07659912109375,0.076597893658482324,1.2274352676755473e-06
0.094436127744510975,0.027313232421875,0.02732227354859881,-9.0411267238098281e-06
0.094560878243512975,-0.026031494140625,-0.026045321312338207,1.3827171713207131e-05
0.094685628742514974,-0.075408935546875,-0.075412086499998005,3.1509531230045074e-06
0.094810379241516959,-0.113311767578125,-0.11329968071545443,-1.2086862670568355e-05
0.094935129740518959,-0.13397216796875,-0.13397707649796373,4.9085292137263092e-06
0.095059880239520958,-0.13433837890625,-0.1343274472203706,-1.0931685879400632e-05
0.095184630738522957,-0.11431884765625,-0.1143179649154992,-8.8274075080163605e-07
0.095309381237524957,-0.076995849609375,-0.077001699570106247,5.8499607312467727e-06
0.095434131736526942,-0.028045654296875,-0.028051798750598496,6.1444537234958685e-06
0.095558882235528941,0.02508544921875,0.025100983269054602,-1.5534050304601837e-05
0.095683632734530941,0.07440185546875,0.07439628979673725,5.5656720127500448e-06
0.09580838323353294,0.11236572265625,0.11236646725281295,-7.4459656294878496e-07
0.095933133732534925,0.133270263671875,0.13326781769182305,2.4459800519460728e-06
0.096057884231536925,0.133941650390625,0.13394942951496644,-7.7791243414393474e-06
0.096182634730538924,0.11431884765625,0.1143281627866356,-9.3151303856009449e-06
0.096307385229540923,0.077392578125,0.077398190307974304,-5.612182974304436e-06
0.096432135728542909,0.028778076171875,0.028774112628007428,3.963543867571695e-06
0.096556886227544908,-0.024169921875,-0.024162639429763762,-7.2824452362375836e-06
0.096681636726546907,-0.073394775390625,-0.073384342490283277,-1.0432900341722506e-05
0.096806387225548907,-0.111419677734375,-0.11143435669880283,1.4678964427833341e-05
0.096931137724550892,-0.132568359375,-0.13255673050007558,-1.1628874924424215e-05
0.097055888223552891,-0.133575439453125,-0.13356691179306862,-8.5276600563788385e-06
0.097180638722554891,-0.11431884765625,-0.11433185334362608,1.3005687376083097e-05
0.09730538922155689,-0.077789306640625,-0.077787134343038605,-2.1722975863947003e-06
0.097430139720558875,-0.02947998046875,-0.029488964893632674,8.9844248826742579e-06
0.097554890219560875,0.023223876953125,0.02323056165016724,-6.6846970422397567e-06
0.097679640718562874,0.0723876953125,0.072376537543323086,1.1157769176914356e-05
0.097804391217564873,0.110504150390625,0.11050365946294362,4.9092768138192522e-07
0.097929141716566873,0.1318359375,0.13184413647820703,-8.1989782070301942e-06
0.098053892215568858,0.1331787109375,0.13318021877220426,-1.5078347042618567e-06
0.098178642714570857,0.11431884765625,0.11432935601081819,-1.0508354568186662e-05
0.098303393213572857,0.078155517578125,0.078168838161951401,-1.3320583826401111e-05
0.098428143712574856,0.030181884765625,0.030196643420440736,-1.4758654815736488e-05
0.098552894211576841,-0.022308349609375,-0.022304483520077016,-3.8660892979838768e-06
0.098677644710578841,-0.071380615234375,-0.07137262960169094,-7.9856326840599401e-06
0.09880239520958084,-0.109588623046875,-0.10957414764935315,-1.4475397521848676e-05
0.098927145708582839,-0.131134033203125,-0.13112981894838185,-4.214254743145629e-06
0.099051896207584825,-0.132781982421875,-0.13278913705830023,7.1546364252272898e-06
0.099176646706586824,-0.11431884765625,-0.11432045225381929,1.604597569287991e-06
0.099301397205588823,-0.07855224609375,-0.07854307045342232,-9.1756403276799237e-06
0.099426147704590823,-0.0308837890625,-0.030896898427843492,1.3109365343492302e-05
0.099550898203592808,0.021392822265625,0.021384676176822742,8.146088802257756e-06
0.099675648702594807,0.07037353515625,0.070372910807019032,6.2434923096821304e-07
0.099800399201596807,0.108642578125,0.10864613086835163,-3.5527433516341356e-06
0.099925149700598806,0.130401611328125,0.13041409880985896,-1.2487481733963746e-05
0.10004990019960081,0.13238525390625,0.13239399095494445,-8.7370486944460257e-06
0.10017465069860279,0.11431884765625,0.11430546138782839,1.3386268421608505e-05
0.10029940119760479,0.07891845703125,0.078910137915976133,8.3191152738665286e-06
0.10042415169660679,0.031585693359375,0.031590018289279639,-4.3249299046393963e-06
0.10054890219560879,-0.020477294921875,-0.020470872497300775,-6.4224245742254549e-06
0.10067365269461077,-0.069366455078125,-0.069377134988037825,1.0679909912825192e-05
0.10079840319361277,-0.10772705078125,-0.10771938042671562,-7.6703545343753676e-06
0.10092315369261477,-0.12969970703125,-0.12969675872806016,-2.9483031898369649e-06
0.10104790419161677,-0.131988525390625,-0.1319945666513172,6.0412606922022327e-06
0.10117265469061876,-0.114288330078125,-0.11428416476461968,-4.1653135053193457e-06
0.10129740518962076,-0.07928466796875,-0.079269809444364278,-1.4858524385721883e-05
0.10142215568862276,-0.03228759765625,-0.032275753718503282,-1.1843937746718047e-05
0.10154690618762476,0.019561767578125,0.019563342911362237,-1.5753332372366036e-06
0.10167165668662674,0.068389892578125,0.068385593473243397,4.2991048816026778e-06
0.10179640718562874,0.106781005859375,0.10679420513931799,-1.319927994299086e-05
0.10192115768463074,0.12896728515625,0.12897811894502195,-1.0833788771952291e-05
0.10204590818363274,0.131591796875,0.1315911880314885,6.0884351149592675e-07
0.10217065868263472,0.1142578125,0.11425688158092784,9.3091907216180658e-07
0.10229540918163672,0.079620361328125,0.07962239193735432,-2.0306092293198574e-06
0.10242015968063872,0.032958984375,0.032954393577242815,4.5907977571854608e-06
0.10254491017964072,-0.018646240234375,-0.018661819593876503,1.5579359501503159e-05
0.10266966067864272,-0.0673828125,-0.067398039282214342,1.5226782214342038e-05
0.10279441117764471,-0.105865478515625,-0.10587037551939946,4.8970037744566763e-06
0.10291916167664671,-0.128265380859375,-0.12825796146850713,-7.4193908678743536e-06
0.10304391217564871,-0.131195068359375,-0.13118364086239742,-1.14274969775785e-05
0.1031686626746507,-0.114227294921875,-0.11422339306547101,-3.9018564039899895e-06
0.10329341317365269,-0.0799560546875,-0.079967654484176726,1.1599796676725616e-05
0.10341816367265469,-0.03363037109375,-0.033625689061480772,-4.6820322692278649e-06
0.10354291417165669,0.01776123046875,0.017766572278114574,-5.3418093645743459e-06
0.10366766467065869,0.06640625,0.066414762938278957,-8.5129382789567165e-06
0.10379241516966067,0.104949951171875,0.104948199590237,1.7515816379959359e-06
0.10391716566866267,0.127532958984375,0.12753660588249566,-3.646898120657216e-06
0.10404191616766467,0.130767822265625,0.13077224860320064,-4.4263375756359302e-06
0.10416666666666667,0.11419677734375,0.11418401828738475,1.2759056365246879e-05
0.10429141716566866,0.080291748046875,0.080305904172352352,-1.4156125477352011e-05
0.10441616766467066,0.0343017578125,0.034289929509123442,1.1828303376558436e-05
0.10454091816367266,-0.016876220703125,-0.01687733244778513,1.1117446601302539e-06
0.10466566866267465,-0.0654296875,-0.065435516659860943,5.8291598609427897e-06
0.10479041916167664,-0.104034423828125,-0.10402744707545475,-6.9767526702513294e-06
0.10491516966067864,-0.126800537109375,-0.12681383353633455,1.3296426959547025e-05
0.10503992015968064,-0.13037109375,-0.13035679659328839,-1.4297156711612358e-05
0.10516467065868264,-0.1141357421875,-0.11413853834327889,2.7961557788891422e-06
0.10528942115768464,-0.08062744140625,-0.080636910274156537,9.468867906536893e-06
0.10541417165668662,-0.034942626953125,-0.034946866586317418,4.2396331924182684e-06
0.10553892215568862,0.0159912109375,0.015994369150442656,-3.1582129426561967e-06
0.10566367265469062,0.064453125,0.064460590173158833,-7.4651731588326609e-06
0.10578842315369262,0.103118896484375,0.10310842521071334,1.0471273661660785e-05
0.10591317365269461,0.1260986328125,0.12608996335527164,8.6694572283552152e-06
0.10603792415169661,0.12994384765625,0.12993760786168107,6.2397945689296463e-06
0.1061626746506986,0.11407470703125,0.1140872721657053,-1.2565134455300164e-05
0.1062874251497006,0.080963134765625,0.080960980054520432,2.1547111045683298e-06
0.10641217564870259,0.03558349609375,0.035596790095137436,-1.3294001387435805e-05
0.10653692614770459,-0.015106201171875,-0.015117413189495669,1.121201762066884e-05
0.10666167664670659,-0.0634765625,-0.063489734903487277,1.3172403487277107e-05
0.10678642714570859,-0.102203369140625,-0.10219090293404151,-1.246620658348907e-05
0.10691117764471057,-0.1253662109375,-0.12536477602963961,-1.4349078603925758e-06
0.10703592814371257,-0.1295166015625,-0.12951446731508903,-2.1342474109675713e-06
0.10716067864271457,-0.114044189453125,-0.11403000071028613,-1.4188742838872059e-05
0.10728542914171657,-0.081268310546875,-0.081277882957500699,9.5724106256994679e-06
0.10741017964071856,-0.0362548828125,-0.036239452159925058,-1.5430652574942305e-05
0.10753493013972056,0.014251708984375,0.014246732937609219,4.97604676578077e-06
0.10765968063872255,0.062530517578125,0.062523239787981175,7.2777901438253467e-06
0.10778443113772455,0.101287841796875,0.10127518669756394,1.2655099311059681e-05
0.10790918163672655,0.1246337890625,0.12463858982543015,-4.8007629301488608e-06
0.10803393213572854,0.12908935546875,0.12908769754735305,1.6579213969469819e-06
0.10815868263473054,0.11395263671875,0.11396704276420895,-1.4406045458950634e-05
0.10828343313373254,0.081573486328125,0.081587926414201137,-1.4440086076136782e-05
0.10840818363273454,0.036865234375,0.036875143034995235,-9.9086599952349919e-06
0.10853293413173652,-0.01336669921875,-0.013382058528725716,1.5359309975716481e-05
0.10865768463073852,-0.061553955078125,-0.061560855466945036,6.9003888200358521e-06
0.10878243512974052,-0.100372314453125,-0.10036104465785955,-1.1269795265445026e-05
0.10890718562874252,-0.1239013671875,-0.12391118477351275,9.8175860127475145e-06
0.10903193612774451,-0.128662109375,-0.12865708302754839,-5.0263474516143436e-06
0.1091566866267465,-0.1138916015625,-0.11389817913339256,6.577570892563056e-06
0.1092814371257485,-0.081878662109375,-0.081890880029322141,1.2217919947141165e-05
0.1094061876247505,-0.037506103515625,-0.037503615291011635,-2.4882246133645092e-06
0.10953093812375249,0.01251220703125,0.012523657671446387,-1.1450640196386877e-05
0.10965568862275449,0.06060791015625,0.060602870096564676,5.0400596853239499e-06
0.10978043912175649,0.099456787109375,0.099448782487704571,8.0046216704293682e-06
0.10990518962075849,0.1231689453125,0.12318287848025235,-1.3933167752347431e-05
0.11002994011976049,0.12823486328125,0.12822294590946673,1.1917371783271014e-05
0.11015469061876247,0.11383056640625,0.11382372845103231,6.8379552176922598e-06
0.11027944111776447,0.082183837890625,0.08218705138907953,-3.213498454529562e-06
0.11040419161676647,0.038116455078125,0.038125159622698024,-8.7045445730238313e-06
0.11052894211576847,-0.01165771484375,-0.011671259841053,1.3544997302999615e-05
0.11065369261477045,-0.059661865234375,-0.059649033540280276,-1.2831694094724011e-05
0.11077844311377245,-0.098541259765625,-0.098538167566465898,-3.0921991591020825e-06
0.11090319361277445,-0.122467041015625,-0.12245345031677077,-1.3590698854232253e-05
0.11102794411177645,-0.127777099609375,-0.1277850702197682,7.970610393204236e-06
0.11115269461077844,-0.113739013671875,-0.11374347136480642,4.4576929314199543e-06
0.11127744510978044,-0.082489013671875,-0.0824762102478096,-1.2803424065399582e-05
0.11140219560878244,-0.038726806640625,-0.038739529035236399,1.2722394611398846e-05
0.11152694610778444,0.010833740234375,0.010825132092868076,8.6081415069244605e-06
0.11165169660678642,0.058685302734375,0.058699633181492294,-1.4330447117294476e-05
0.11177644710578842,0.097625732421875,0.097629504791867702,-3.7723699927022514e-06
0.11190119760479042,0.121734619140625,0.12172321722958629,1.140191103871091e-05
0.11202594810379242,0.127349853515625,0.12734377766750321,6.0758481217892957e-06
0.1121506986027944,0.1136474609375,0.11365772634546387,-1.0265407963866435e-05
0.1122754491017964,0.082763671875,0.082758664335923188,5.0075390768122841e-06
0.1124001996007984,0.039337158203125,0.039347014652018904,-9.8564488939037465e-06
0.1125249500998004,-0.009979248046875,-0.0099850032542879164,5.7552074129163522e-06
0.1126497005988024,-0.0577392578125,-0.057754418114950981,1.51603024509811e-05
0.11277445109780439,-0.096710205078125,-0.096722560770410401,1.2355692285401232e-05
0.11289920159680639,-0.121002197265625,-0.12099195792992014,-1.0239335704861907e-05
0.11302395209580839,-0.12689208984375,-0.12689885183230512,6.7619885551206682e-06
0.11314870259481039,-0.113555908203125,-0.11356627387407164,1.0365670946643757e-05
0.11327345309381237,-0.083038330078125,-0.083034183546531873,-4.1465315931271673e-06
0.11339820359281437,-0.039947509765625,-0.039947369901058197,-1.3986456680326054e-07
0.11352295409181637,0.0091552734375,0.0091511397381356056,4.1336993643944359e-06
0.11364770459081837,0.05682373046875,0.056813674959459104,1.0055509290896048e-05
0.11377245508982035,0.0958251953125,0.095817639629159998,7.5556833400020063e-06
0.11389720558882235,0.120269775390625,0.12025998870437611,9.7866862488887874e-06
0.11402195608782435,0.12646484375,0.1264506139739606,1.4229776039403896e-05
0.11414670658682635,0.11346435546875,0.11346943225065123,-5.0767819012309534e-06
0.11427145708582834,0.08331298828125,0.083303075743448821,9.9125378011793996e-06
0.11439620758483034,0.04052734375,0.040540886322752413,-1.3542572752413273e-05
0.11452095808383234,-0.008331298828125,-0.008323269734668421,-8.0290934565789562e-06
0.11464570858283434,-0.055877685546875,-0.055877152049303228,-5.334975717724566e-07
0.11477045908183632,-0.09490966796875,-0.094914507206201343,4.8392374513428482e-06
0.11489520958083832,-0.119537353515625,-0.11952708760427946,-1.0265911345536116e-05
0.11501996007984032,-0.126007080078125,-0.12599884722064048,-8.232857484524736e-06
0.11514471057884232,-0.113372802734375,-0.11336698178145993,-5.8209529150698991e-06
0.11526946107784432,-0.08355712890625,-0.083565110947844967,7.9820415949671819e-06
0.1153942115768463,-0.0411376953125,-0.04112731775633597,-1.037755616403041e-05
0.1155189620758483,0.00750732421875,0.007501659024937774,5.6651938122260007e-06
0.1156437125748503,0.054931640625,0.054945135246952645,-1.3494621952644947e-05
0.1157684630738523,0.094024658203125,0.094013466862444814,1.1191340680186124e-05
0.11589321357285429,0.118804931640625,0.11879357025639355,1.1361384231453608e-05
0.11601796407185629,0.12554931640625,0.12554387237851425,5.4440277357514777e-06
0.11614271457085829,0.113250732421875,0.11325924058766937,-8.5081657943686384e-06
0.11626746506986028,0.083831787109375,0.083820597146296055,1.1189963078944709e-05
0.11639221556886227,0.041717529296875,0.041706956147667909,1.0573149207090959e-05
0.11651696606786427,-0.006683349609375,-0.006686035172785083,2.6855634100830111e-06
0.11664171656686627,-0.05401611328125,-0.054017372134467168,1.2588532171675659e-06
0.11676646706586827,-0.093109130859375,-0.093114283672084991,5.152812709990906e-06
0.11689121756487025,-0.118072509765625,-0.11805921405229454,-1.3295713330460646e-05
0.11701596806387225,-0.125091552734375,-0.12508547212002319,-6.0806143518110645e-06
0.11714071856287425,-0.1131591796875,-0.11314598879269709,-1.3190894802908582e-05
0.11726546906187625,-0.084075927734375,-0.08406930447746043,-6.6232569145702191e-06
0.11739021956087824,-0.042266845703125,-0.042279555735689069,1.2710032564068607e-05
0.11751497005988024,0.005889892578125,0.0058766633381935988,1.3229239931401154e-05
0.11763972055888224,0.0531005859375,0.053094147826246656,6.4381112533443141e-06
0.11776447105788423,0.09222412109375,0.092217260234466553,6.8608592834473736e-06
0.11788922155688623,0.1173095703125,0.11732433395912514,-1.476364662514329e-05
0.11801397205588822,0.1246337890625,0.12462396679353535,9.8222689646487726e-06
0.11813872255489022,0.113037109375,0.11302754433092176,9.5650440782441004e-06
0.11826347305389222,0.084320068359375,0.084311541040161989,8.5273192130114195e-06
0.11838822355289422,0.0428466796875,0.042845408860244558,1.2708272554423639e-06
0.1185129740518962,-0.00506591796875,-0.0050732704692724121,7.3525005224121115e-06
0.1186377245508982,-0.05218505859375,-0.052175209160427574,-9.8494333224258268e-06
0.1187624750499002,-0.09130859375,-0.091322160864554677,1.3567114554677295e-05
0.1188872255489022,-0.1165771484375,-0.1165887067089995,1.1558271499498285e-05
0.11901197604790419,-0.1241455078125,-0.12415913861166139,1.3630799161390428e-05
0.11913672654690619,-0.1129150390625,-0.11290368713505188,-1.1351927448124965e-05
0.11926147704590818,-0.08453369140625,-0.084547077080116759,1.3385673866758707e-05
0.11938622754491018,-0.04339599609375,-0.04340427014857464,8.2740548246404422e-06
0.11951097804391217,0.0042724609375,0.0042761211156138413,-3.6601781138413322e-06
0.11963572854291417,0.05126953125,0.051260840511643702,8.6907383562984108e-06
0.11976047904191617,0.090423583984375,0.09042928740481275,-5.703420437749851e-06
0.11988522954091817,0.1158447265625,0.11585264660979804,-7.9200472980350822e-06
0.12000998003992017,0.123687744140625,0.12369130746095081,-3.5633203258056412e-06
0.12013473053892215,0.112762451171875,0.1127747349448905,-1.2283773015500654e-05
0.12025948103792415,0.08477783203125,0.084776220798040244,1.611233209755647e-06
0.12038423153692615,0.0439453125,0.043956432323144418,-1.1119823144417618e-05
0.12050898203592815,-0.00347900390625,-0.0034849416202579545,5.9377140079544533e-06
0.12063373253493014,-0.05035400390625,-0.050350787982430457,-3.2159238195425544e-06
0.12075848303393213,-0.08953857421875,-0.089538403415702197,-1.7080304780259237e-07
0.12088323353293413,-0.1151123046875,-0.1151159297346071,3.6250471071030965e-06
0.12100798403193613,-0.12322998046875,-0.12322025509024924,-9.7253785007606064e-06
0.12113273453093812,-0.112640380859375,-0.11264046749474527,8.6635370266652245e-08
0.12125748502994012,-0.084991455078125,-0.084998742536412458,7.2874582874582483e-06
0.12138223552894212,-0.04449462890625,-0.0445016503881588,7.0214819088004754e-06
0.12150698602794412,0.002685546875,0.0026999959330128677,-1.4449058012867659e-05
0.1216317365269461,0.0494384765625,0.049445335215992862,-6.8586534928624654e-06
0.1217564870259481,0.088653564453125,0.088649809987578335,3.7544655466653643e-06
0.1218812375249501,0.1143798828125,0.11437886973254227,1.013079957729035e-06
0.1220059880239521,0.12274169921875,0.12274630092043515,-4.6017016851473969e-06
0.12213073852295409,0.11248779296875,0.1125012023222268,-1.3409353476795394e-05
0.12225548902195608,0.085205078125,0.085214950587623156,-9.8724626231561086e-06
0.12238023952095808,0.0450439453125,0.045040217437433049,3.727875066951436e-06
0.12250499001996008,-0.001922607421875,-0.0019210098024594121,-1.5976194155879319e-06
0.12262974051896208,-0.048553466796875,-0.048544227587620149,-9.2392092548507221e-06
0.12275449101796407,-0.0877685546875,-0.087763269931224519,-5.2847562754809729e-06
0.12287924151696607,-0.1136474609375,-0.11364124201822549,-6.2189192745060184e-06
0.12300399201596807,-0.122283935546875,-0.12226922623281809,-1.4709314056907119e-05
0.12312874251497007,-0.11236572265625,-0.11235671895570479,-9.0037005452126007e-06
0.12325349301397205,-0.085418701171875,-0.085424615380762195,5.9142088871949605e-06
0.12337824351297405,-0.045562744140625,-0.04557188884091868,9.1447002936798083e-06
0.12350299401197605,0.00115966796875,0.001148246589261678,1.1421379488322017e-05
0.12362774451097805,0.047637939453125,0.047647748017447825,-9.80856432282462e-06
0.12375249500998003,0.086883544921875,0.08687908358976025,4.4613321147496388e-06
0.12387724550898203,0.1129150390625,0.1129033595826462,1.1679479853796138e-05
0.12400199600798403,0.121795654296875,0.12178934997891634,6.3043179586580456e-06
0.12412674650698603,0.112213134765625,0.11220733472315159,5.8000424734139244e-06
0.12425149700598802,0.08563232421875,0.085628045289812826,4.2789289371736317e-06
0.12437624750499002,0.046112060546875,0.046096958052601715,1.5102494273284972e-05
0.12450099800399202,-0.0003662109375,-0.0003814314581129658,1.5220520612965803e-05
0.12462574850299402,-0.0467529296875,-0.046755641161894623,2.71147439462327e-06
0.124750499001996,-0.08599853515625,-0.085997013029199515,-1.5221270504850448e-06
0.124875249500998,-0.112152099609375,-0.11216499718266594,1.2897573290940323e-05
0.125,-0.121307373046875,-0.12130645296889514,-9.200779798601566e-07
0.12512475049900199,-0.112060546875,-0.1120528289396335,-7.7179353664968975e-06
0.125249500998004,-0.0858154296875,-0.085825010820472614,9.5811329726136485e-06
0.12537425149700598,-0.046600341796875,-0.046615180797053193,1.4839000178193396e-05
0.125499001996008,-0.0003662109375,-0.00037917280892849905,1.2961871428499049e-05
0.12562375249500998,0.045867919921875,0.045868189226430885,-2.6930455588464186e-07
0.12574850299401197,0.085113525390625,0.085117357850380271,-3.8324597552708006e-06
0.12587325349301398,0.111419677734375,0.11142646715191491,-6.7894175399124679e-06
0.12599800399201597,0.120819091796875,0.12082085368138454,-1.7618845095379587e-06
0.12612275449101795,0.111907958984375,0.11189351871619005,1.4440268184950922e-05
0.12624750499001997,0.086029052734375,0.086015820418389233,1.323231598576724e-05
0.12637225548902195,0.047119140625,0.04712685087735196,-7.7102523519598232e-06
0.12649700598802396,0.001129150390625,0.001133841620520881,-4.6912298958810047e-06
0.12662175648702595,-0.04498291015625,-0.044985136157005459,2.226000755459201e-06
0.12674650698602793,-0.084228515625,-0.08423987937954136,1.1363754541360294e-05
0.12687125748502995,-0.110687255859375,-0.11068754359032563,2.8773095063494569e-07
0.12699600798403193,-0.120330810546875,-0.12033233245195747,1.5219050824716307e-06
0.12712075848303392,-0.111724853515625,-0.11172918314738095,4.3296317559504693e-06
0.12724550898203593,-0.086212158203125,-0.086200244656004468,-1.191354712053172e-05
0.12737025948103792,-0.047637939453125,-0.047631724361663026,-6.2150914619737985e-06
0.12749500998003993,-0.00189208984375,-0.0018823127626962192,-9.7770810537807507e-06
0.12761976047904192,0.044097900390625,0.044106763452829351,-8.8630622043506246e-06
0.1277445109780439,0.0833740234375,0.083364876480282457,9.1469572175428837e-06
0.12786926147704591,0.109954833984375,0.10994853817506899,6.2958093060144771e-06
0.1279940119760479,0.119842529296875,0.11984120728298746,1.3220138875419396e-06
0.12811876247504991,0.111572265625,0.11156013912019154,1.2126504808460115e-05
0.1282435129740519,0.08636474609375,0.086378592040813718,-1.3845947063717556e-05
0.12836826347305388,0.048126220703125,0.048130095391172786,-3.8746880477863455e-06
0.1284930139720559,0.00262451171875,0.0026248622069351517,-3.5048818515168167e-07
0.12861776447105788,-0.043243408203125,-0.043232814357817478,-1.059384530752161e-05
0.12874251497005987,-0.082489013671875,-0.082492109744149472,3.0960722744721725e-06
0.12886726546906188,-0.109222412109375,-0.10920922435012692,-1.3187759248078912e-05
0.12899201596806387,-0.119354248046875,-0.11934725803216589,-6.9900147091073173e-06
0.12911676646706588,-0.11138916015625,-0.1113861655016363,-2.9946546137027408e-06
0.12924151696606787,-0.0865478515625,-0.086550633202281846,2.7816397818458682e-06
0.12936626746506985,-0.048614501953125,-0.048621720366707935,7.2184135829350682e-06
0.12949101796407186,-0.00335693359375,-0.0033612282968866957,4.2947031366957419e-06
0.12961576846307385,0.0423583984375,0.042363569673361606,-5.1712358616062826e-06
0.12974051896207583,0.081634521484375,0.081621877302614443,1.2644181760557149e-05
0.12986526946107785,0.10845947265625,0.10846991313724069,-1.0440480990692169e-05
0.12999001996007983,0.11883544921875,0.11885080222239908,-1.5353003649076769e-05
0.13011477045908185,0.1112060546875,0.11120757894769115,-1.5242601911491516e-06
0.13023952095808383,0.08673095703125,0.086716676700118137,1.4280331131863444e-05
0.13036427145708582,0.049102783203125,0.049106893756695712,-4.1105535707117169e-06
0.13048902195608783,0.00408935546875,0.0040916875564262593,-2.3320876762593368e-06
0.13061377245508982,-0.04150390625,-0.041498771949776941,-5.1343002230586077e-06
0.13073852295409183,-0.08074951171875,-0.080753939017700394,4.4272989503935101e-06
0.13086327345309381,-0.10772705078125,-0.10773037732552591,3.3265442759139452e-06
0.1309880239520958,-0.11834716796875,-0.11835161923036452,4.451261614524249e-06
0.13111277445109781,-0.11102294921875,-0.11102415809092959,1.2088721795949775e-06
0.1312375249500998,-0.086883544921875,-0.086876493211220707,-7.0517106542933305e-06
0.13136227544910178,-0.049591064453125,-0.04958537228379227,-5.6921693327299794e-06
0.1314870259481038,-0.00482177734375,-0.004815978876376365,-5.7984673736350203e-06
0.13161177644710578,0.0406494140625,0.040638701299095484,1.0712763404516212e-05
0.1317365269461078,0.07989501953125,0.079888592293941615,6.4272373083845702e-06
0.13186127744510978,0.10699462890625,0.1069909272824551,3.7016237948994668e-06
0.13198602794411177,0.11785888671875,0.11785002609644672,8.8606223032777764e-06
0.13211077844311378,0.11083984375,0.11083621934951908,3.6244004809199426e-06
0.13223552894211577,0.0870361328125,0.0870303913379986,5.7414745014000568e-06
0.13236027944111775,0.050048828125,0.050057450732880766,-8.6226078807663531e-06
0.13248502994011976,0.005523681640625,0.0055343793225896788,-1.0697681964678789e-05
0.13260978043912175,-0.039794921875,-0.039783099586501086,-1.1822288498913869e-05
0.13273453093812376,-0.079010009765625,-0.079025596269064524,1.5586503439524169e-05
0.13285928143712575,-0.10626220703125,-0.10625133514350564,-1.0871887744359765e-05
0.13298403193612773,-0.117340087890625,-0.11734580171333184,5.7138227068376235e-06
0.13310878243512975,-0.11065673828125,-0.11064354111488185,-1.3197166368147939e-05
0.13323353293413173,-0.087188720703125,-0.08717814179533781,-1.057890778718984e-05
0.13335828343313375,-0.050537109375,-0.050522886137712872,-1.4223237287128154e-05
0.13348303393213573,-0.006256103515625,-0.0062466283226811524,-9.4751929438476393e-06
0.13360778443113772,0.0389404296875,0.038932246243145702,8.1834443542982971e-06
0.13373253493013973,0.078155517578125,0.078165247625979373,-9.7300478543727031e-06
0.13385728542914171,0.105499267578125,0.10551191062316061,-1.264304503560687e-05
0.1339820359281437,0.116851806640625,0.11683926263598271,1.2544004642289774e-05
0.13410678642714571,0.110443115234375,0.1104464395607293,-3.3243263543036861e-06
0.1342315369261477,0.087310791015625,0.087320053218981161,-9.262203356161236e-06
0.13435628742514971,0.050994873046875,0.05098197358897149,1.2899457903510492e-05
0.1344810379241517,0.0069580078125,0.0069530034741061286,5.004338393871377e-06
0.13460578842315368,-0.0380859375,-0.038085882457556855,-5.5042443145025821e-08
0.1347305389221557,-0.077301025390625,-0.077307304783418032,6.2793927930321347e-06
0.13485528942115768,-0.104766845703125,-0.10477242520460156,5.579501476560278e-06
0.13498003992015967,-0.1163330078125,-0.11633018727026979,-2.8205422302057803e-06
0.13510479041916168,-0.1102294921875,-0.11024469283077358,1.5200643273580172e-05
0.13522954091816367,-0.08746337890625,-0.087455896352507459,-7.4825537425410316e-06
0.13535429141716568,-0.051422119140625,-0.051434470420877489,1.2351280252488606e-05
0.13547904191616766,-0.007659912109375,-0.0076532447309376481,-6.6673784373518993e-06
0.13560379241516965,0.0372314453125,0.037244286988488709,-1.2841675988709e-05
0.13572854291417166,0.076446533203125,0.076452063707998383,-5.5305048733828022e-06
0.13585329341317365,0.104034423828125,0.10403318795073258,1.2358773924248112e-06
0.13597804391217566,0.115814208984375,0.11581889168298641,-4.682698611410685e-06
0.13610279441117765,0.11004638671875,0.11003861684779058,7.7698709594203885e-06
0.13622754491017963,0.08758544921875,0.087585979855757223,-5.3063700722333351e-07
0.13635229540918165,0.0518798828125,0.051880672019308002,-7.8920680800231846e-07
0.13647704590818363,0.00836181640625,0.0083476302119235013,1.4186194326498702e-05
0.13660179640718562,-0.036407470703125,-0.036407200356317206,-2.7034680779441933e-07
0.13672654690618763,-0.075592041015625,-0.07559928210486043,7.2410892354296541e-06
0.13685129740518961,-0.103302001953125,-0.10329396969390491,-8.0322592200948728e-06
0.13697604790419163,-0.11529541015625,-0.11530515379051486,9.7436342648554719e-06
0.13710079840319361,-0.109832763671875,-0.10982798950137627,-4.7741704987253053e-06
0.1372255489021956,-0.08770751953125,-0.087710074491845536,2.5549605955355048e-06
0.13735029940119761,-0.05230712890625,-0.052320336008444442,1.32071021944416e-05
0.1374750499001996,-0.009033203125,-0.009035900387292144,2.6972622921440231e-06
0.13759980039920161,0.03558349609375,0.035574900655903324,8.5954378466757131e-06
0.1377245508982036,0.074737548828125,0.074749255229750941,-1.1706401625941054e-05
0.13784930139720558,0.102569580078125,0.10255507884697047,1.4501231154526173e-05
0.13797405189620759,0.114776611328125,0.11478928916887943,-1.2677840754427017e-05
0.13809880239520958,0.109619140625,0.10961312645704836,6.0141679516373392e-06
0.13822355289421157,0.08782958984375,0.087828488935622326,1.1009081276741606e-06
0.13834830339321358,0.052764892578125,0.052753758058894824,1.1134519230175666e-05
0.13847305389221556,0.00970458984375,0.0097183338868193428,-1.3744043069342793e-05
0.13859780439121758,-0.034759521484375,-0.034747127747972423,-1.2393736402577238e-05
0.13872255489021956,-0.07391357421875,-0.073901740079676981,-1.1834139073019223e-05
0.13884730538922155,-0.101806640625,-0.10181628559303664,9.6449680366400559e-06
0.13897205588822356,-0.1142578125,-0.11427107524245421,1.326274245420922e-05
0.13909680638722555,-0.109405517578125,-0.1093938053440409,-1.1712234084096385e-05
0.13922155688622753,-0.08795166015625,-0.087940993960721053,-1.0666195528946654e-05
0.13934630738522955,-0.053192138671875,-0.053180696074374326,-1.1442597500674334e-05
0.13947105788423153,-0.010406494140625,-0.010394671686646239,-1.1822453978760708e-05
0.13959580838323354,0.033935546875,0.03392415907197982,1.1387803020179721e-05
0.13972055888223553,0.07305908203125,0.073057031205007866,2.0508262421337076e-06
0.13984530938123751,0.10107421875,0.10107789769654839,-3.6789465483882955e-06
0.13997005988023953,0.113739013671875,0.11375082709404608,-1.1813422171075283e-05
0.14009481037924151,0.109161376953125,0.10917034156444787,-8.9646113228675217e-06
0.14021956087824353,0.088043212890625,0.088047898248045098,-4.685357420097791e-06
0.14034431137724551,0.0535888671875,0.053601445999852879,-1.257881235287861e-05
0.1404690618762475,0.011077880859375,0.01106519291736578,1.2687942009219702e-05
0.14059381237524951,-0.033111572265625,-0.033105733837548543,-5.8384280764572916e-06
0.1407185628742515,-0.07220458984375,-0.072214884900145465,1.029505639546513e-05
0.14084331337325348,-0.100341796875,-0.10033968469306964,-2.1121819303582257e-06
0.14096806387225549,-0.11322021484375,-0.11322832165364317,8.1068098931741384e-06
0.14109281437125748,-0.10894775390625,-0.10894251248104629,-5.2414252037086273e-06
0.14121756487025949,-0.088134765625,-0.088148972572889631,1.4206947889630617e-05
0.14134231536926148,-0.05401611328125,-0.054015766008268157,-3.4727298184322741e-07
0.14146706586826346,-0.01171875,-0.011729639050821054,1.0889050821054e-05
0.14159181636726548,0.03228759765625,0.032292128837274399,-4.5311810243989226e-06
0.14171656686626746,0.071380615234375,0.071375595015637949,5.020218737050719e-06
0.14184131736526945,0.099609375,0.099601953700409113,7.4212995908873314e-06
0.14196606786427146,0.112701416015625,0.11270387350853604,-2.4574929110426913e-06
0.14209081836327345,0.10870361328125,0.10871063322649817,-7.0199452481684022e-06
0.14221556886227546,0.0882568359375,0.088244525613404234,1.2310324095765601e-05
0.14234031936127745,0.054412841796875,0.054423952308670094,-1.1110511795094091e-05
0.14246506986027943,0.01239013671875,0.012388289708269834,1.8470104801663473e-06
0.14258982035928144,-0.031494140625,-0.031483082638159472,-1.1057986840527778e-05
0.14271457085828343,-0.070526123046875,-0.070538917148891309,1.2794102016308595e-05
0.14283932135728544,-0.098876953125,-0.098864473608405848,-1.247951659415214e-05
0.14296407185628743,-0.1121826171875,-0.11217725909209651,-5.3580954034876394e-06
0.14308882235528941,-0.10845947265625,-0.10847448089119292,1.5008234942923138e-05
0.14321357285429143,-0.088348388671875,-0.088334328137771312,-1.4060534103688127e-05
0.14333832335329341,-0.054840087890625,-0.054825763333017578,-1.4324557607421629e-05
0.1434630738522954,-0.013031005859375,-0.013040886847131585,9.8809877565851634e-06
0.14358782435129741,0.030670166015625,0.030678871394468218,-8.7053788432184254e-06
0.1437125748502994,0.0697021484375,0.069705144456249118,-2.9960187491184787e-06
0.14383732534930141,0.098114013671875,0.098127550890085957,-1.3537218210957214e-05
0.14396207584830339,0.11163330078125,0.11164879249394108,-1.5491712691079185e-05
0.14408682634730538,0.108245849609375,0.10823437033249694,1.1479276878056943e-05
0.14421157684630739,0.088409423828125,0.08841868881274452,-9.2649846195197449e-06
0.14433632734530938,0.05523681640625,0.055221495544292065,1.5320861957934806e-05
0.14446107784431136,0.013702392578125,0.013687710569197622,1.4682008927378171e-05
0.14458582834331338,-0.029876708984375,-0.029879233039131262,2.5240547562623006e-06
0.14471057884231536,-0.068878173828125,-0.068874031843770014,-4.1419843549855839e-06
0.14483532934131738,-0.097381591796875,-0.097390953791507334,9.3619946323342251e-06
0.14496007984031936,-0.111114501953125,-0.11111824964874217,3.7476956171733633e-06
0.14508483033932135,-0.108001708984375,-0.10799007836263314,-1.163062174186491e-05
0.14520958083832336,-0.0885009765625,-0.088497378390808776,-3.5981716912242279e-06
0.14533433133732535,-0.05560302734375,-0.055610907623348776,7.8802795987764629e-06
0.14545908183632736,-0.01434326171875,-0.014328503307379486,-1.4758411370514174e-05
0.14558383233532934,0.029083251953125,0.029084443096608438,-1.1911434834380175e-06
0.14570858283433133,0.06805419921875,0.068045871779297704,8.3274394522964146e-06
0.14583333333333334,0.096649169921875,0.096654988142915718,-5.8182210407181634e-06
0.14595808383233533,0.110595703125,0.11058594414642842,9.7589785715834765e-06
0.14608283433133731,0.10772705078125,0.10774191955796789,-1.4868776717885668e-05
0.14620758483033933,0.08856201171875,0.088570705518777812,-8.6938000278119487e-06
0.14633233532934131,0.055999755859375,0.055994296277051561,5.4595823234387941e-06
0.14645708582834333,0.01495361328125,0.014963545633951456,-9.9323527014555379e-06
0.14658183632734531,-0.028289794921875,-0.028294238874293619,4.4439524186194734e-06
0.1467065868263473,-0.067230224609375,-0.06722041848325884,-9.8061261161602742e-06
0.14683133732534931,-0.095916748046875,-0.09591942154861742,2.6735017424200924e-06
0.14695608782435129,-0.11004638671875,-0.11005165142103041,5.2647022804053201e-06
0.14708083832335328,-0.10748291015625,-0.1074896704469292,6.7602906791974782e-06
0.14720558882235529,-0.088653564453125,-0.088638440924985767,-1.5123528139232567e-05
0.14733033932135728,-0.056365966796875,-0.056371420425149942,5.4536282749415022e-06
0.14745508982035929,-0.015594482421875,-0.015592580447313218,-1.901974561782302e-06
0.14757984031936128,0.027496337890625,0.027508895275377993,-1.25573847529932e-05
0.14770459081836326,0.06640625,0.06639796374074787,8.2862592521298906e-06
0.14782934131736528,0.095184326171875,0.095184559198171287,-2.3302629628685345e-07
0.14795409181636726,0.109527587890625,0.1095156845609169,1.1903329708101706e-05
0.14807884231536927,0.10723876953125,0.10723364531932786,5.1242119221417415e-06
0.14820359281437126,0.088714599609375,0.088700893227918604,1.3706381456396466e-05
0.14832834331337325,0.056732177734375,0.056742577008441125,-1.0399274066125175e-05
0.14845309381237526,0.016204833984375,0.016215888780183488,-1.1054795808488477e-05
0.14857784431137724,-0.0267333984375,-0.026728148990255354,-5.2494472446464047e-06
0.14870259481037923,-0.065582275390625,-0.065578261092339607,-4.0142982853930143e-06
0.14882734530938124,-0.094451904296875,-0.094450168056285325,-1.7362405896753641e-06
0.14895209580838323,-0.108978271484375,-0.10897781849767497,-4.5298670002524855e-07
0.14907684630738524,-0.106964111328125,-0.10697362041432786,9.509086202855177e-06
0.14920159680638723,-0.0887451171875,-0.088757833123445096,1.271593594509568e-05
0.14932634730538921,-0.057098388671875,-0.057107525175672934,9.1365037979337926e-06
0.14945109780439123,-0.016845703125,-0.016833213986471515,-1.2489138528484767e-05
0.14957584830339321,0.02593994140625,0.025952274309379068,-1.2332903129068373e-05
0.1497005988023952,0.06475830078125,0.064761601646188396,-3.3008649383964306e-06
0.14982534930139721,0.093719482421875,0.093716552674035114,2.9297478398859766e-06
0.14995009980039919,0.108428955078125,0.10843836581638025,-9.4107382552499619e-06
0.15007485029940121,0.106719970703125,0.10670990972978256,1.0060973342440604e-05
0.15019960079840319,0.08880615234375,0.088809569193463597,-3.4168497135972364e-06
0.15032435129740518,0.057464599609375,0.057466562091738504,-1.9624823635044919e-06
0.15044910179640719,0.0174560546875,0.017444837549434895,1.1217138065105353e-05
0.15057385229540918,-0.025177001953125,-0.025181007314697773,4.0053615727730918e-06
0.15069860279441119,-0.063934326171875,-0.063947738268859911,1.3412096984910526e-05
0.15082335329341318,-0.092987060546875,-0.092983479378783609,-3.5811680913905297e-06
0.15094810379241516,-0.10791015625,-0.10789710094451598,-1.3055305484024893e-05
0.15107285429141717,-0.1064453125,-0.10644228921025123,-3.0232897487714183e-06
0.15119760479041916,-0.0888671875,-0.088855872093205446,-1.1315406794554228e-05
0.15132235528942115,-0.057830810546875,-0.057819447124578663,-1.1363422296337133e-05
0.15144710578842316,-0.018035888671875,-0.018050503268547239,1.4614596672238994e-05
0.15157185628742514,0.0244140625,0.024414621692450997,-5.5919245099678161e-07
0.15169660678642716,0.063140869140625,0.063136961397423891,3.9077432011092039e-06
0.15182135728542914,0.092254638671875,0.092251252085441701,3.3865864332988105e-06
0.15194610778443113,0.10736083984375,0.10735433596226825,6.5038814817536261e-06
0.15207085828343314,0.106170654296875,0.10617107255638711,-4.1825951210827661e-07
0.15219560878243513,0.088897705078125,0.088897050359878979,6.5471824602092443e-07
0.15232035928143711,0.05816650390625,0.058166477653456977,2.6252793022818466e-08
0.15244510978043913,0.018646240234375,0.018650493067732664,-4.2528333576638544e-06
0.15256986027944111,-0.023651123046875,-0.023652852924664885,1.7298777898848428e-06
0.15269461077844312,-0.06231689453125,-0.06232902323032477,1.2128699074770433e-05
0.15281936127744511,-0.091522216796875,-0.091519636486381145,-2.580310493854876e-06
0.15294411177644709,-0.1068115234375,-0.10680984479148849,-1.6786460115131296e-06
0.15306886227544911,-0.10589599609375,-0.10589603541297155,3.9319221545319749e-08
0.15319361277445109,-0.08892822265625,-0.088932874600025816,4.6519437758157922e-06
0.15331836327345311,-0.058502197265625,-0.058507413255830545,5.2159902055454177e-06
0.15344311377245509,-0.019256591796875,-0.019244551182186813,-1.2040614688187123e-05
0.15356786427145708,0.02288818359375,0.022895974101916697,-7.7905081666967968e-06
0.15369261477045909,0.0615234375,0.061524213539487678,-7.7603948767795972e-07
0.15381736526946108,0.090789794921875,0.090788935862753356,8.5905912164396803e-07
0.15394211576846306,0.10626220703125,0.10626393900601749,-1.7319747674937602e-06
0.15406686626746507,0.105621337890625,0.10561749117834776,3.8467122772389839e-06
0.15419161676646706,0.088958740234375,0.088963653298196374,-4.9130638213740196e-06
0.15431636726546907,0.058837890625,0.058842551515693814,-4.6608906938139238e-06
0.15444111776447106,0.01983642578125,0.019832959966657095,3.4658145929046535e-06
0.15456586826347304,-0.02215576171875,-0.022143720114835275,-1.2041603914724613e-05
0.15469061876247506,-0.06072998046875,-0.060722283861176861,-7.6966075731391137e-06
0.15481536926147704,-0.090057373046875,-0.090058915274411025,1.5422275360249538e-06
0.15494011976047903,-0.105712890625,-0.10571639202068277,3.5013956827673054e-06
0.15506487025948104,-0.1053466796875,-0.10533521519249076,-1.1464495009244624e-05
0.15518962075848303,-0.0889892578125,-0.088989157004339653,-1.0080816034707674e-07
0.15531437125748504,-0.059173583984375,-0.059171652210471062,-1.9317739039376169e-06
0.15543912175648703,-0.020416259765625,-0.020415464082273207,-7.956833517931694e-07
0.15556387225548901,0.021392822265625,0.021396363466864365,-3.5412012393647163e-06
0.15568862275449102,0.0599365234375,0.059923523308134649,1.3000129365350888e-05
0.15581337325349301,0.089324951171875,0.089329877371255195,-4.9261993801952286e-06
0.15593812375249502,0.10516357421875,0.10516751490165767,-3.9406829076688021e-06
0.15606287425149701,0.10504150390625,0.10504952054647702,-8.0166402270237525e-06
0.15618762475049899,0.089019775390625,0.08900969414251414,1.0081248110860308e-05
0.15631237524950101,0.05950927734375,0.059495013119335464,1.4264224414535509e-05
0.15643712574850299,0.02099609375,0.020992346304842365,3.7474451576348378e-06
0.15656187624750498,-0.020660400390625,-0.020653638465761254,-6.7619248637455776e-06
0.15668662674650699,-0.059112548828125,-0.059127682760447241,1.5133932322240751e-05
0.15681137724550898,-0.088592529296875,-0.088601586583181485,9.0572863064852793e-06
0.15693612774451099,-0.1046142578125,-0.10461708055548205,2.8227429820504302e-06
0.15706087824351297,-0.104766845703125,-0.10476018227059172,-6.6634325332770583e-06
0.15718562874251496,-0.089019775390625,-0.08902503519831112,5.2598076861198884e-06
0.15731037924151697,-0.059814453125,-0.059812394210206225,-2.0589147937746799e-06
0.15743512974051896,-0.021575927734375,-0.021563351711695888,-1.2576022679112314e-05
0.15755988023952097,0.019927978515625,0.019915817036370437,1.2161479254563234e-05
0.15768463073852296,0.058349609375,0.058335050677695996,1.4558697304004053e-05
0.15780938123752494,0.087860107421875,0.087874344931451659,-1.4237509576658924e-05
0.15793413173652696,0.10406494140625,0.10406539953947107,-4.5813322106791343e-07
0.15805888223552894,0.104461669921875,0.10446751314383397,-5.8432219589704681e-06
0.15818363273453093,0.08905029296875,0.089035488527603776,1.4804441146223923e-05
0.15830838323353294,0.06011962890625,0.060124093448053161,-4.4645418031605266e-06
0.15843313373253493,0.022125244140625,0.022128763489999669,-3.5193493746685234e-06
0.15855788423153694,-0.019195556640625,-0.019182632912066448,-1.2923728558551784e-05
0.15868263473053892,-0.05755615234375,-0.057545377289830002,-1.0775053919998001e-05
0.15880738522954091,-0.087158203125,-0.087147916218663801,-1.0286906336198776e-05
0.15893213572854292,-0.103515625,-0.10351224425075695,-3.38074924305376e-06
0.15905688622754491,-0.104156494140625,-0.10417128788206188,1.4793741436883168e-05
0.15918163672654689,-0.08905029296875,-0.089040824543987623,-9.4684247623766371e-06
0.15930638722554891,-0.0604248046875,-0.060429870981906039,5.066294406039229e-06
0.15943113772455089,-0.022674560546875,-0.022688327123623002,1.3766576748001913e-05
0.15955588822355291,0.018463134765625,0.018454357447608798,8.7773180162016573e-06
0.15968063872255489,0.0567626953125,0.056758950409354393,3.7449031456068815e-06
0.15980538922155688,0.08642578125,0.086422601840144525,3.179409855474935e-06
0.15993013972055889,0.10296630859375,0.10295792473672929,8.3838570207050989e-06
0.16005489021956087,0.1038818359375,0.10387181894752794,1.0016989972064239e-05
0.16017964071856289,0.08905029296875,0.089041351527590934,8.9414411590660325e-06
0.16030439121756487,0.06072998046875,0.06073002495323658,-4.4484486580453897e-08
0.16042914171656686,0.02325439453125,0.023242326201435199,1.2068329814800965e-05
0.16055389221556887,-0.017730712890625,-0.017730723810552317,1.0919927316555e-08
0.16067864271457086,-0.05596923828125,-0.055975519622163884,6.2813409138842702e-06
0.16080339321357284,-0.085693359375,-0.085698164973959559,4.8055989595591209e-06
0.16092814371257486,-0.1024169921875,-0.10240221288411845,-1.4779303381548536e-05
0.16105289421157684,-0.10357666015625,-0.10356888073707105,-7.7794191789548606e-06
0.16117764471057885,-0.08905029296875,-0.089036839812544982,-1.3453156205017747e-05
0.16130239520958084,-0.06103515625,-0.061024315682944877,-1.0840567055123151e-05
0.16142714570858283,-0.0238037109375,-0.02379050660424973,-1.3204333250270428e-05
0.16155189620758484,0.016998291015625,0.017012002794040186,-1.371177841518606e-05
0.16167664670658682,0.055206298828125,0.055195372099792646,1.0926728332354141e-05
0.16180139720558881,0.0849609375,0.084974906392295393,-1.3968892295393442e-05
0.16192614770459082,0.101837158203125,0.10184541822945392,-8.2600263289211995e-06
0.16205089820359281,0.103271484375,0.10326278539167663,8.6989833233686031e-06
0.16217564870259482,0.089019775390625,0.089027597595796398,-7.822205171398311e-06
0.16230039920159681,0.061309814453125,0.061313041479793405,-3.2270266684050752e-06
0.16242514970059879,0.024322509765625,0.024333152313078185,-1.0642547453185158e-05
0.16254990019960081,-0.01629638671875,-0.016297927008288471,1.5402895384708515e-06
0.16267465069860279,-0.054412841796875,-0.054418256790233571,5.4149933585712073e-06
0.1627994011976048,-0.084259033203125,-0.08425258865153043,-6.4445515945699139e-06
0.16292415169660679,-0.101287841796875,-0.10128731214819231,-5.2964868269000931e-07
0.16304890219560877,-0.10296630859375,-0.10295330698470953,-1.3001609040469431e-05
0.16317365269461079,-0.089019775390625,-0.089013395124640599,-6.3802659844014453e-06
0.16329840319361277,-0.06158447265625,-0.06159596282741614,1.1490171166139707e-05
0.16342315369261476,-0.024871826171875,-0.024870009596120037,-1.8165757549627737e-06
0.16354790419161677,0.015594482421875,0.01558876669334063,5.7157285343698711e-06
0.16367265469061876,0.05364990234375,0.053644460230203916,5.4421135460835934e-06
0.16379740518962077,0.083526611328125,0.083531511903611869,-4.9005754868686191e-06
0.16392215568862276,0.100738525390625,0.10072820366520066,1.032172542433929e-05
0.16404690618762474,0.102630615234375,0.10264075733150869,-1.0142097133694628e-05
0.16417165668662675,0.0889892578125,0.088994540505568279,-5.2826930682786655e-06
0.16429640718562874,0.061859130859375,0.06187337819277923,-1.4247333404229789e-05
0.16442115768463073,0.025390625,0.02540136281702773,-1.073781702773044e-05
0.16454590818363274,-0.014892578125,-0.01488425391055438,-8.3242144456197736e-06
0.16467065868263472,-0.052886962890625,-0.052873730735974879,-1.3232154650121009e-05
0.16479540918163674,-0.08282470703125,-0.082811438086152808,-1.3268945097191787e-05
0.16492015968063872,-0.10015869140625,-0.10016786364391712,9.1722376671238282e-06
0.16504491017964071,-0.102325439453125,-0.1023249101776547,-5.2927547029846256e-07
0.16516966067864272,-0.088958740234375,-0.088970803891822298,1.2063657447297649e-05
0.16529441117764471,-0.0621337890625,-0.062145048213218208,1.1259150718208322e-05
0.16541916167664672,-0.02593994140625,-0.025926958621901211,-1.2982784348788967e-05
0.16554391217564871,0.014190673828125,0.014184658355352977,6.0154727720227591e-06
0.16566866267465069,0.052093505859375,0.052106354215647473,-1.2848356272472661e-05
0.1657934131736527,0.08209228515625,0.082092666733866379,-3.8157761637902521e-07
0.16591816367265469,0.099609375,0.099606600596865019,2.7744031349807852e-06
0.16604291417165667,0.102020263671875,0.1020060770086003,1.4186663274698419e-05
0.16616766467065869,0.08892822265625,0.08894249329228196,-1.4270636031959993e-05
0.16629241516966067,0.062408447265625,0.062411271504925168,-2.8242393001684518e-06
0.16641716566866269,0.026458740234375,0.026447081747621479,1.165848675352063e-05
0.16654191616766467,-0.01348876953125,-0.013489711548708072,9.4201745807175052e-07
0.16666666666666666,-0.05133056640625,-0.051342078359991904,1.1511953741903669e-05
0.16679141716566867,-0.08135986328125,-0.081374959168632507,1.5095887382507445e-05
0.16691616766467066,-0.099029541015625,-0.099044184874843136,1.4643859218135824e-05
0.16704091816367264,-0.1016845703125,-0.10168403123797189,-5.3907452811363665e-07
0.16716566866267465,-0.088897705078125,-0.088909378759052721,1.1673680927720698e-05
0.16729041916167664,-0.06268310546875,-0.06267180885001869,-1.129661873131016e-05
0.16741516966067865,-0.026947021484375,-0.026961479208782009,1.4457724407009043e-05
0.16753992015968064,0.012786865234375,0.012799682649887352,-1.2817415512351993e-05
0.16766467065868262,0.050567626953125,0.05058118845472815,-1.3561501603150117e-05
0.16778942115768464,0.080657958984375,0.080658614310981633,-6.5532660663281117e-07
0.16791417165668662,0.098480224609375,0.098480924477477458,-6.9986810245781239e-07
0.16803892215568864,0.101348876953125,0.10135908401723491,-1.0207064109910013e-05
0.16816367265469062,0.0888671875,0.088871768196387785,-4.5806963877847995e-06
0.16828842315369261,0.06292724609375,0.062926959005034824,2.8708871517568735e-07
0.16841317365269462,0.0274658203125,0.027470436106068225,-4.6157935682245022e-06
0.16853792415169661,-0.012115478515625,-0.012114302647927204,-1.1758676977963872e-06
0.16866267465069859,-0.049835205078125,-0.049823431571400012,-1.1773506724988003e-05
0.1687874251497006,-0.0799560546875,-0.079943392870193697,-1.2661817306303114e-05
0.16891217564870259,-0.097930908203125,-0.09791658924242716,-1.431896069784e-05
0.1690369261477046,-0.101043701171875,-0.10103100842403208,-1.2692747842921182e-05
0.16916167664670659,-0.088836669921875,-0.088829431548296228,-7.2383735787717729e-06
0.16928642714570857,-0.06317138671875,-0.063176482888070942,5.0961693209422565e-06
0.16941117764471059,-0.027984619140625,-0.027973699813262486,-1.0919327362513692e-05
0.16953592814371257,0.011444091796875,0.011433840174405095,1.0251622469904798e-05
0.16966067864271456,0.049072265625,0.049069092379614168,3.1732453858318577e-06
0.16978542914171657,0.0792236328125,0.079229593155767677,-5.9603432676774704e-06
0.16991017964071856,0.09735107421875,0.09735148665598127,-4.1243723127026843e-07
0.17003493013972057,0.1007080078125,0.10070011527188007,7.8925406199331638e-06
0.17015968063872255,0.088775634765625,0.088782676607527297,-7.0418419022971745e-06
0.17028443113772454,0.06341552734375,0.063420679387257914,-5.1520435079138727e-06
0.17040918163672655,0.028472900390625,0.028471555785567496,1.3446050575044444e-06
0.17053393213572854,-0.010772705078125,-0.010758025694849915,-1.4679383275085361e-05
0.17065868263473055,-0.048309326171875,-0.048317917337978904,8.5911661039037024e-06
0.17078343313373254,-0.078521728515625,-0.078516975267577088,-4.7532480479117734e-06
0.17090818363273452,-0.096771240234375,-0.096785386042286869,1.4145807911869479e-05
0.17103293413173654,-0.100372314453125,-0.10036617729854144,-6.1371545835575692e-06
0.17115768463073852,-0.0887451171875,-0.088731273203183122,-1.38439843168775e-05
0.17128243512974051,-0.06365966796875,-0.063659309547954249,-3.5842079575132413e-07
0.17140718562874252,-0.028961181640625,-0.028963751746662186,2.570106037186326e-06
0.17153193612774451,0.010101318359375,0.010087127321567271,1.4191037807729373e-05
0.17165668662674652,0.047576904296875,0.047570190506311304,6.7137905636963091e-06
0.1717814371257485,0.07781982421875,0.077805836907342302,1.3987311407698266e-05
0.17190618762475049,0.096221923828125,0.096218594373977284,3.3294541477157935e-06
0.1720309381237525,0.10003662109375,0.1000295049757596,7.1161179903966865e-06
0.17215568862275449,0.08868408203125,0.088675529009750273,8.5530214997270315e-06
0.17228043912175647,0.06390380859375,0.063892672381241689,1.1136212508311427e-05
0.17240518962075849,0.029449462890625,0.029450573497037599,-1.110606412599302e-06
0.17252994011976047,-0.009429931640625,-0.0094208750050162535,-9.0566356087465327e-06
0.17265469061876249,-0.04681396484375,-0.046825657736589484,1.1692892839483549e-05
0.17277944111776447,-0.07708740234375,-0.077095937568810405,8.5352250604048274e-06
0.17290419161676646,-0.09564208984375,-0.095650880461429263,8.7906176792634794e-06
0.17302894211576847,-0.099700927734375,-0.099689870697661095,-1.1057036713904567e-05
0.17315369261477045,-0.088623046875,-0.08861521373474332,-7.8331402566800268e-06
0.17327844311377247,-0.064117431640625,-0.064120529051137493,3.097410512492571e-06
0.17340319361277445,-0.029937744140625,-0.02993176910106983,-5.9750395551699809e-06
0.17352794411177644,0.008758544921875,0.0087595363466351182,-9.9142476011823688e-07
0.17365269461077845,0.04608154296875,0.046084602485218472,-3.0595164684718568e-06
0.17377744510978044,0.076385498046875,0.076387574349247395,-2.076302372394645e-06
0.17390219560878242,0.0950927734375,0.095082550763420759,1.0222674079241045e-05
0.17402694610778444,0.099334716796875,0.099347584590525548,-1.2867793650547799e-05
0.17415169660678642,0.08856201171875,0.088550634927769031,1.1376790980968665e-05
0.17427644710578843,0.0643310546875,0.064343178683157601,-1.2123995657600806e-05
0.17440119760479042,0.0303955078125,0.030407624695374218,-1.2116882874217694e-05
0.17452594810379241,-0.00811767578125,-0.0081028407902130374,-1.4834991036962591e-05
0.17465069860279442,-0.04534912109375,-0.04534677000391462,-2.3510898353798493e-06
0.1747754491017964,-0.07568359375,-0.075680506139638282,-3.0876103617183404e-06
0.17490019960079839,-0.094512939453125,-0.09451337357641669,4.3412329168990293e-07
0.1750249500998004,-0.0989990234375,-0.099002418701220604,3.3952637206041691e-06
0.17514970059880239,-0.088470458984375,-0.088481562168206213,1.110318383121256e-05
0.1752744510978044,-0.0645751953125,-0.064560382551494447,-1.4812761005553177e-05
0.17539920159680639,-0.0308837890625,-0.030877888675890273,-5.9003866097265267e-06
0.17552395209580837,0.0074462890625,0.0074510554347043722,-4.766372204372156e-06
0.17564870259481039,0.04461669921875,0.044612443152019614,4.2560667303861988e-06
0.17577345309381237,0.074981689453125,0.074975029436202434,6.6600169225661254e-06
0.17589820359281438,0.09393310546875,0.093943654845259364,-1.0549376509363939e-05
0.17602295409181637,0.098663330078125,0.098654682807008426,8.6472711165741512e-06
0.17614770459081835,0.088409423828125,0.088408302874286707,1.1209538382933593e-06
0.17627245508982037,0.06475830078125,0.064772439887626043,-1.4139106376043209e-05
0.17639720558882235,0.031341552734375,0.03134284750628645,-1.294771911450332e-06
0.17652195608782434,-0.006805419921875,-0.006803909225628753,-1.5106962462469939e-06
0.17664670658682635,-0.04388427734375,-0.043881366587412415,-2.9107563375846413e-06
0.17677145708582834,-0.07427978515625,-0.074270902530591362,-8.8826256586377328e-06
0.17689620758483035,-0.0933837890625,-0.093373162352466468,-1.0626710033531661e-05
0.17702095808383234,-0.098297119140625,-0.0983041486040067,7.0294633816997409e-06
0.17714570858283432,-0.08831787109375,-0.088330626490847136,1.2755397097136134e-05
0.17727045908183633,-0.064971923828125,-0.064979112067585804,7.1882394608036027e-06
0.17739520958083832,-0.03179931640625,-0.031802249904982566,2.9334987325657647e-06
0.17751996007984033,0.00616455078125,0.0061616687678117512,2.8820134382488358e-06
0.17764471057884232,0.04315185546875,0.043153822578755115,-1.9671100051146806e-06
0.1777694610778443,0.073577880859375,0.0735684213214782,9.4595378967998744e-06
0.17789421157684632,0.092803955078125,0.092802201528976669,1.7535491483311461e-06
0.1780189620758483,0.09796142578125,0.097951125517037052,1.030026421294794e-05
0.17814371257485029,0.0882568359375,0.088248840298391501,7.9956391084989864e-06
0.1782684630738523,0.065185546875,0.065180698420500421,4.8484544995786027e-06
0.17839321357285429,0.032257080078125,0.032256382653679645,6.9742444535475512e-07
0.1785179640718563,-0.005523681640625,-0.0055240625168075106,3.8087618251057137e-07
0.17864271457085829,-0.04241943359375,-0.042429555196512377,1.0121602762376558e-05
0.17876746506986027,-0.0728759765625,-0.072867343504700949,-8.6330577990512136e-06
0.17889221556886228,-0.09222412109375,-0.092230539643457315,6.4185497073154796e-06
0.17901696606786427,-0.09759521484375,-0.097595384888113076,1.7004436307643811e-07
0.17914171656686625,-0.088165283203125,-0.088162713600913101,-2.5696022118992801e-06
0.17926646706586827,-0.06536865234375,-0.065376960415954991,8.3080722049905242e-06
0.17939121756487025,-0.03271484375,-0.03270499478432113,-9.8489656788700031e-06
0.17951596806387227,0.0048828125,0.0048913565917166326,-8.5440917166326388e-06
0.17964071856287425,0.041717529296875,0.0417088461251287,8.6831717463001223e-06
0.17976546906187624,0.072174072265625,0.072167964384926064,6.1078806989356416e-06
0.17989021956087825,0.091644287109375,0.091658481613079032,-1.4194503704031969e-05
0.18001497005988024,0.09722900390625,0.097237235786322998,-8.2318800729980213e-06
0.18013972055888225,0.08807373046875,0.088072553534976089,1.1769337739109265e-06
0.18026447105788423,0.065582275390625,0.065568197472534451,1.4077918090549257e-05
0.18038922155688622,0.03314208984375,0.033148373387677163,-6.2835439271630156e-06
0.18051397205588823,-0.0042724609375,-0.004263278966463049,-9.1819710369509672e-06
0.18063872255489022,-0.040985107421875,-0.040991438854079437,6.3314322044372151e-06
0.1807634730538922,-0.07147216796875,-0.07147004106578396,-2.1269029660403449e-06
0.18088822355289422,-0.091094970703125,-0.091085794192853037,-9.1765102719632008e-06
0.1810129740518962,-0.09686279296875,-0.096876449196350328,1.3656227600328252e-05
0.18113772455089822,-0.087982177734375,-0.087978129257565818,-4.0484768091819667e-06
0.1812624750499002,-0.065765380859375,-0.065754171145222778,-1.1209714152221606e-05
0.18138722554890219,-0.033599853515625,-0.033586267800299621,-1.3585715325378778e-05
0.1815119760479042,0.003631591796875,0.0036400952827050619,-8.503485830061927e-06
0.18163672654690619,0.040283203125,0.040277614490069558,5.588634930442371e-06
0.18176147704590817,0.070770263671875,0.070773868261569964,-3.6045896949638001e-06
0.18188622754491018,0.09051513671875,0.090512781786440122,2.3549323098781549e-06
0.18201097804391217,0.096527099609375,0.096513333828388587,1.3765780986413345e-05
0.18213572854291418,0.087890625,0.087879747755230483,1.087724476951657e-05
0.18226047904191617,0.065948486328125,0.065935180933957643,1.3305394167356654e-05
0.18238522954091815,0.034027099609375,0.034018965413149506,8.1341962254941058e-06
0.18250998003992017,-0.003021240234375,-0.0030215330410619319,2.9280668693192416e-07
0.18263473053892215,-0.039581298828125,-0.039567115948065452,-1.4182880059547542e-05
0.18275948103792417,-0.070068359375,-0.070079202487389775,1.0843112389774534e-05
0.18288423153692615,-0.089935302734375,-0.089939210635504599,3.9079011295989341e-06
0.18300898203592814,-0.096160888671875,-0.096147660306695859,-1.3228365179140944e-05
0.18313373253493015,-0.0877685546875,-0.087777178031904018,8.6233444040184626e-06
0.18325848303393213,-0.06610107421875,-0.066110988471075688,9.9142523256878778e-06
0.18338323353293412,-0.034454345703125,-0.034446215858572105,-8.1298445528954488e-06
0.18350798403193613,0.002410888671875,0.0024078574140170435,3.0312578579564688e-06
0.18363273453093812,0.038848876953125,0.038860223763499818,-1.1346810374818217e-05
0.18375748502994013,0.06939697265625,0.069386337870822476,1.0634785427524052e-05
0.18388223552894212,0.08935546875,0.089365384630551353,-9.9158805513532844e-06
0.1840069860279441,0.095794677734375,0.095779736979538357,1.4940754836642589e-05
0.18413173652694612,0.087677001953125,0.087670726918150282,6.2750349747175971e-06
0.1842564870259481,0.0662841796875,0.066281893329896618,2.2863576033815836e-06
0.18438123752495009,0.034881591796875,0.034868306818915659,1.3284977959340805e-05
0.1845059880239521,-0.001800537109375,-0.0017987954371659824,-1.741672209017598e-06
0.18463073852295409,-0.03814697265625,-0.038156680283333855,9.7076270838547529e-06
0.1847554890219561,-0.068695068359375,-0.068695030342214247,-3.801716075280126e-08
0.18488023952095808,-0.088775634765625,-0.088791069500314707,1.5434734689706575e-05
0.18500499001996007,-0.09539794921875,-0.095409334107779797,1.1384889029797396e-05
0.18512974051896208,-0.087554931640625,-0.087560163258972493,5.2316183474926392e-06
0.18525449101796407,-0.066436767578125,-0.066447657212173883,1.0889634048882879e-05
0.18537924151696608,-0.0352783203125,-0.035284988213547745,6.6679010477452283e-06
0.18550399201596807,0.001190185546875,0.0011946118220893087,-4.4262752143086736e-06
0.18562874251497005,0.037445068359375,0.037456765478247799,-1.1697118872798506e-05
0.18575349301397207,0.0679931640625,0.068005573446231385,-1.2409383731384893e-05
0.18587824351297405,0.088226318359375,0.088216568622615538,9.7497367594623352e-06
0.18600299401197604,0.09503173828125,0.095036759674854476,-5.0213936044762875e-06
0.18612774451097805,0.087432861328125,0.087445793723104015,-1.2932394979014994e-05
0.18625249500998003,0.066619873046875,0.066608579756724628,1.1293290150371504e-05
0.18637724550898205,0.03570556640625,0.035696548007471185,9.018398778815051e-06
0.18650199600798403,-0.000579833984375,-0.0005950331475997147,1.5199163224714697e-05
0.18662674650698602,-0.036773681640625,-0.036760221133712981,-1.3460506912019166e-05
0.18675149700598803,-0.06732177734375,-0.06731772253223102,-4.0548115189803502e-06
0.18687624750499002,-0.087646484375,-0.087641647213777221,-4.8371612227787741e-06
0.187000998003992,-0.09466552734375,-0.094661783575390054,-3.7437683599456095e-06
0.18712574850299402,-0.08734130859375,-0.087327386990849451,-1.3921602900549002e-05
0.187250499001996,-0.0667724609375,-0.06676442272690189,-8.0382105981102736e-06
0.18737524950099801,-0.036102294921875,-0.03610273639843601,4.4147656100973487e-07
0.1875,0,3.2367260617413702e-07,-3.2367260617413702e-07
0.18762475049900199,0.03607177734375,0.036067326662187676,4.450681562323533e-06
0.187749500998004,0.066619873046875,0.06663177056581944,-1.18975189444398e-05
0.18787425149700598,0.087066650390625,0.08706660813950988,4.2251115120461868e-08
0.187999001996008,0.09429931640625,0.094284713425210165,1.460298103983515e-05
0.18812375249500998,0.08721923828125,0.087205249563405321,1.3988717844679033e-05
0.18824850299401197,0.066925048828125,0.066915485819254106,9.5630088708942296e-06
0.18837325349301398,0.0364990234375,0.036503841625423084,-4.8181879230835278e-06
0.18849800399201597,0.000579833984375,0.00058979047264567507,-9.9564882706750695e-06
0.18862275449101795,-0.035369873046875,-0.035377823294193533,7.9502473185333322e-06
0.18874750499001997,-0.065948486328125,-0.065947472319239711,-1.0140088852889084e-06
0.18887225548902195,-0.08648681640625,-0.086491216104350926,4.3996981009264413e-06
0.18899700598802396,-0.093902587890625,-0.093905318749989808,2.7308593648078805e-06
0.18912175648702595,-0.087066650390625,-0.087079149950734888,1.2499560109888175e-05
0.18924650698602793,-0.067047119140625,-0.06706153085102301,1.4411710398010147e-05
0.18937125748502995,-0.036895751953125,-0.036899614155925985,3.8622028009846487e-06
0.18949600798403193,-0.001190185546875,-0.0011750454737183445,-1.5140073156655505e-05
0.18962075848303392,0.034698486328125,0.034691989890516278,6.4964376087217612e-06
0.18974550898203593,0.065277099609375,0.065265120182945849,1.1979426429151174e-05
0.18987025948103792,0.085906982421875,0.085915773462576103,-8.7910407011032587e-06
0.18999500998003993,0.093536376953125,0.093523906795288075,1.2470157836924622e-05
0.19011976047904192,0.086944580078125,0.086949394480918568,-4.814402793568151e-06
0.1902445109780439,0.06719970703125,0.067202857568832652,-3.1505375826523796e-06
0.19036926147704591,0.03729248046875,0.037290342494379451,2.1379743705488008e-06
0.1904940119760479,0.00177001953125,0.0017557156407491999,1.4303890500800068e-05
0.19061876247504991,-0.03399658203125,-0.034009567133286144,1.2985102036143503e-05
0.1907435129740519,-0.0645751953125,-0.064584468356006952,9.2730435069521278e-06
0.19086826347305388,-0.0853271484375,-0.085340044407664226,1.2895970164225612e-05
0.1909930139720559,-0.0931396484375,-0.093140246715234368,5.982777343677137e-07
0.19111776447105788,-0.086822509765625,-0.086815751488062254,-6.7582775627461622e-06
0.19124251497005987,-0.067352294921875,-0.067339227836212837,-1.3067085662163413e-05
0.19136726546906188,-0.037689208984375,-0.037675777369474299,-1.343161490070105e-05
0.19149201596806387,-0.0023193359375,-0.0023315375956045794,1.2201658104579391e-05
0.19161676646706588,0.0333251953125,0.033330833338197773,-5.6380256977725529e-06
0.19174151696606787,0.06390380859375,0.063905808657696739,-2.0000639467387948e-06
0.19186626746506985,0.08477783203125,0.084764330783234504,1.3501248015496126e-05
0.19199101796407186,0.092742919921875,0.092754645382592621,-1.1725460717620928e-05
0.19211576846307385,0.086669921875,0.086678527121677354,-8.6052466773539615e-06
0.19224051896207583,0.067474365234375,0.067470941442317675,3.4237920573249037e-06
0.19236526946107785,0.038055419921875,0.038056207542606919,-7.8762073191934734e-07
0.19249001996007983,0.002899169921875,0.0029027860806538869,-3.6161587788868625e-06
0.19261477045908185,-0.03265380859375,-0.032655528645520245,1.720051770244535e-06
0.19273952095808383,-0.063232421875,-0.063228894717913653,-3.5271570863470991e-06
0.19286427145708582,-0.084197998046875,-0.084188396272535049,-9.6017743399512412e-06
0.19298902195608783,-0.092376708984375,-0.092366871577476639,-9.8374068983608787e-06
0.19311377245508982,-0.0865478515625,-0.086537489534622369,-1.0362027877630631e-05
0.19323852295409183,-0.067596435546875,-0.067597760289464182,1.3247425891815823e-06
0.19336327345309381,-0.038421630859375,-0.038431383995212128,9.7531358371275023e-06
0.1934880239520958,-0.00347900390625,-0.0034691981459333415,-9.8057603166584739e-06
0.19361277445109781,0.031982421875,0.031983930832468761,-1.508957468761285e-06
0.1937375249500998,0.06256103515625,0.062554017788785388,7.0173674646123452e-06
0.19386227544910178,0.0836181640625,0.083612542209405935,5.6218530940649325e-06
0.1939870259481038,0.09197998046875,0.091977231797446046,2.7486713039537314e-06
0.19411177644710578,0.086395263671875,0.086392944692512325,2.318979362675444e-06
0.1942365269461078,0.067718505859375,0.067719984201933536,-1.4783425585362941e-06
0.19436127744510978,0.038787841796875,0.038801595737233872,-1.3753940358872396e-05
0.19448602794411177,0.0040283203125,0.0040310489579277698,-2.7286454277698421e-06
0.19461077844311378,-0.03131103515625,-0.031315779504070225,4.7443478202249811e-06
0.19473552894211577,-0.0618896484375,-0.061880930935104474,-8.717502395526322e-06
0.19486027944111775,-0.083038330078125,-0.083036531767791286,-1.7983103337143591e-06
0.19498502994011976,-0.091583251953125,-0.091585494446250248,2.2424931252484903e-06
0.19510978043912175,-0.08624267578125,-0.086244660561693456,1.984780443456402e-06
0.19523453093812376,-0.067840576171875,-0.067837375113428328,-3.2010584466724001e-06
0.19535928143712575,-0.039154052734375,-0.039166593994476272,1.2541260101271712e-05
0.19548403193612773,-0.00457763671875,-0.0045880759867442979,1.0439267994297868e-05
0.19560878243512975,0.0306396484375,0.030651351905611888,-1.1703468111887855e-05
0.19573353293413173,0.06121826171875,0.061209924845947346,8.336872802654216e-06
0.19585828343313375,0.08245849609375,0.082460665772727468,-2.1696789774677816e-06
0.19598303393213573,0.0911865234375,0.091191965643955833,-5.4422064558329319e-06
0.19610778443113772,0.086090087890625,0.086092942918681664,-2.855028056664155e-06
0.19623253493013973,0.067962646484375,0.06795023287600957,1.2413608365430262e-05
0.19635728542914171,0.039520263671875,0.039526668017095618,-6.4043452206175022e-06
0.1964820359281437,0.005126953125,0.0051405548149021348,-1.3601689902134791e-05
0.19660678642714571,-0.029998779296875,-0.029990387113495554,-8.3921833794464717e-06
0.1967315369261477,-0.060546875,-0.060540752025124822,-6.1229748751778779e-06
0.19685628742514971,-0.081878662109375,-0.081884706889884848,6.0447805098479135e-06
0.1969810379241517,-0.090789794921875,-0.090796413415718813,6.618493843812967e-06
0.19710578842315368,-0.0859375,-0.085937559538170255,5.9538170255057921e-08
0.1972305389221557,-0.06805419921875,-0.068058319447528257,4.1202287782565739e-06
0.19735528942115768,-0.039886474609375,-0.039881569266969612,-4.9053424053882577e-06
0.19748003992015967,-0.00567626953125,-0.00568822332451653,1.1953793266530031e-05
0.19760479041916168,0.029327392578125,0.029333161847688628,-5.7692695636275826e-06
0.19772954091816367,0.05987548828125,0.059873702602811517,1.7856784384831514e-06
0.19785429141716568,0.081298828125,0.081308955436547342,-1.0127311547342144e-05
0.19797904191616766,0.09039306640625,0.090399143501943044,-6.0770956930439324e-06
0.19810379241516965,0.085784912109375,0.085778816002499036,6.096106875963514e-06
0.19822854291417166,0.06817626953125,0.068161934700602403,1.4334830647597108e-05
0.19835329341317365,0.04022216796875,0.040231587226210966,-9.4192574609658353e-06
0.19847804391217566,0.0062255859375,0.0062313575060814457,-5.7715685814457157e-06
0.19860279441117765,-0.0286865234375,-0.028679414662576518,-7.1087749234817477e-06
0.19872754491017963,-0.0592041015625,-0.059208528526026254,4.4269635262536577e-06
0.19885229540918165,-0.080718994140625,-0.080733173571241851,1.4179430616850786e-05
0.19897704590818363,-0.089996337890625,-0.089999923547079988,3.5856564549879844e-06
0.19910179640718562,-0.085601806640625,-0.085616479889687805,1.4673249062804872e-05
0.19922654690618763,-0.068267822265625,-0.068260840610064349,-6.981655560650557e-06
0.19935129740518961,-0.04058837890625,-0.040576473584559604,-1.1905321690396098e-05
0.19947604790419163,-0.00677490234375,-0.0067696956457461059,-5.2066980038940544e-06
0.19960079840319361,0.02801513671875,0.028029421759435135,-1.4285040685135114e-05
0.1997255489021956,0.05853271484375,0.058545519370255775,-1.2804526505774683e-05
0.19985029940119761,0.080169677734375,0.080157661104683309,1.2016629691691261e-05
0.1999750499001996,0.089599609375,0.089599058909819423,5.5046518057655369e-07
0.20009980039920161,0.08544921875,0.085450856582938134,-1.6378329381339096e-06
0.2002245508982036,0.068359375,0.068355337061980367,4.037938019632592e-06
0.20034930139720558,0.040924072265625,0.040916518047899496,7.5542177255041865e-06
0.20047405189620759,0.007293701171875,0.0073035141339320908,-9.812962057090778e-06
0.20059880239520958,-0.027374267578125,-0.027382921177261627,8.6535991366265552e-06
0.20072355289421157,-0.057891845703125,-0.057884426529949164,-7.4191731758363466e-06
0.20084830339321358,-0.07958984375,-0.079582179689449972,-7.6640605500277736e-06
0.20097305389221556,-0.089202880859375,-0.089196316851914981,-6.5640074600192833e-06
0.20109780439121758,-0.085296630859375,-0.085281713458722722,-1.4917400652278423e-05
0.20122255489021956,-0.068450927734375,-0.068445186041127107,-5.7416932478931981e-06
0.20134730538922155,-0.041259765625,-0.041251472525692418,-8.2930993075824855e-06
0.20147205588822356,-0.007843017578125,-0.0078325516527994899,-1.0465925325510092e-05
0.20159680638722555,0.0267333984375,0.026740188605248422,-6.7901677484223655e-06
0.20172155688622753,0.057220458984375,0.057225539030174147,-5.0800457991467818e-06
0.20184630738522955,0.079010009765625,0.079007028630943651,2.9811346813485295e-06
0.20197105788423153,0.08880615234375,0.088792002348404994,1.4149995345005828e-05
0.20209580838323354,0.085113525390625,0.085109355696260297,4.1696943647029361e-06
0.20222055888223553,0.06854248046875,0.068530687440019916,1.179302873008381e-05
0.20234530938123751,0.041595458984375,0.041581626939516433,1.3832044858566594e-05
0.20247005988023953,0.00836181640625,0.0083570849847973815,4.73142145261847e-06
0.20259481037924151,-0.026092529296875,-0.02610096157364063,8.4322767656304365e-06
0.20271956087824353,-0.05657958984375,-0.056568607717109663,-1.0982126640336765e-05
0.20284431137724551,-0.07843017578125,-0.07843196907710033,1.7932958503302787e-06
0.2029690618762475,-0.08837890625,-0.088385882276467168,6.9760264671675509e-06
0.20309381237524951,-0.084930419921875,-0.084933550465690122,3.1305438151219001e-06
0.2032185628742515,-0.068603515625,-0.068611603246431924,8.0876214319236528e-06
0.20334331337325348,-0.041900634765625,-0.041906733410495438,6.0986448704378193e-06
0.20346806387225549,-0.008880615234375,-0.0088768532001288845,-3.7620342461155282e-06
0.20359281437125748,0.02545166015625,0.025465515266191761,-1.3855109941760674e-05
0.20371756487025949,0.055908203125,0.055913921069730366,-5.7179447303656872e-06
0.20384231536926148,0.077850341796875,0.077857299829362611,-6.9580324876111765e-06
0.20396706586826346,0.087982177734375,0.087978261225668111,3.916508706888755e-06
0.20409181636726548,0.084747314453125,0.08475460273755242,-7.2882844274202441e-06
0.20421656686626746,0.068695068359375,0.068688233352444505,6.8350069304945471e-06
0.20434131736526945,0.042236328125,0.042227082067877834,9.2460571221655852e-06
0.20446606786427146,0.0093994140625,0.0093921334653334458,7.2805971665541869e-06
0.20459081836327345,-0.02484130859375,-0.024833586711027863,-7.7218827221371689e-06
0.20471556886227546,-0.055267333984375,-0.055261229390253963,-6.1045941210369215e-06
0.20484031936127745,-0.0772705078125,-0.077282781532415967,1.2273719915967263e-05
0.20496506986027943,-0.087554931640625,-0.087568905686845097,1.3974046220097125e-05
0.20508982035928144,-0.084564208984375,-0.084572279470996076,8.0704866210756787e-06
0.20521457085828343,-0.068756103515625,-0.06876033974199551,4.2362263705103542e-06
0.20533932135728544,-0.04254150390625,-0.042542425236467174,9.2133021717399899e-07
0.20546407185628743,-0.0098876953125,-0.0099026652307559922,1.4969918255992171e-05
0.20558882235528941,0.024200439453125,0.024205450593104031,-5.0111399790310485e-06
0.20571357285429143,0.054595947265625,0.054610820615954979,-1.4873350329978885e-05
0.20583832335329341,0.07672119140625,0.076708712485182268,1.2478921067732296e-05
0.2059630738522954,0.087158203125,0.087158119862385225,8.3262614775092558e-08
0.20608782435129741,0.084381103515625,0.084386885423290939,-5.7819076659387791e-06
0.2062125748502994,0.068817138671875,0.068828222299955208,-1.1083628080207908e-05
0.20633732534930141,0.0428466796875,0.0428530532452885,-6.3735577884999062e-06
0.20646207584830339,0.010406494140625,0.010408726039140802,-2.2318985158018001e-06
0.20658682634730538,-0.023590087890625,-0.023580843445070065,-9.2444455549352267e-06
0.20671157684630739,-0.053955078125,-0.053962444509507636,7.3663845076357704e-06
0.20683632734530938,-0.076141357421875,-0.076134852830578748,-6.504591296252471e-06
0.20696107784431136,-0.08673095703125,-0.086745669855133808,1.4712823883808457e-05
0.20708582834331338,-0.084197998046875,-0.084198187338063488,1.8929118848765025e-07
0.20721057884231536,-0.068878173828125,-0.068891642999703434,1.346917157843408e-05
0.20733532934131738,-0.04315185546875,-0.043158718614906631,6.8631461566312502e-06
0.20746007984031936,-0.01092529296875,-0.010910055713110146,-1.5237255639854314e-05
0.20758483033932135,0.02294921875,0.022960039459727355,-1.0820709727354938e-05
0.20770958083832336,0.053314208984375,0.053316388470870356,-2.1794864953558757e-06
0.20783433133732535,0.0755615234375,0.075561500366532391,2.3070967608562754e-08
0.20795908183632736,0.086334228515625,0.086331859478702686,2.3690369223144936e-06
0.20808383233532934,0.084014892578125,0.084006489754840763,8.4028232842370265e-06
0.20820858283433133,0.068939208984375,0.068950901712231047,-1.1692727856046914e-05
0.20833333333333334,0.04345703125,0.043459711866245129,-2.6806162451292748e-06
0.20845808383233533,0.01141357421875,0.011406932163770013,6.6420549799869888e-06
0.20858283433133731,-0.0223388671875,-0.022342774680895666,3.9074933956655122e-06
0.20870758483033933,-0.05267333984375,-0.05267240172762875,-9.3811612125044297e-07
0.20883233532934131,-0.074981689453125,-0.074988414735761136,6.7252826361358098e-06
0.20895708582834333,-0.085906982421875,-0.085916454446406804,9.4720245318036245e-06
0.20908183632734531,-0.08380126953125,-0.083811559197313978,1.0289666063978409e-05
0.2092065868263473,-0.069000244140625,-0.069005760393746021,5.5162531210212196e-06
0.20933133732534931,-0.04376220703125,-0.043755785707859964,-6.4213233900364819e-06
0.20945608782435129,-0.01190185546875,-0.011899095578198514,-2.7598905514864686e-06
0.20958083832335328,0.021728515625,0.02172932281587002,-8.071908700196806e-07
0.20970558882235529,0.052032470703125,0.052030771146892023,1.6995562329771841e-06
0.20983033932135728,0.07440185546875,0.07441589323680857,-1.40377680585696e-05
0.20995508982035929,0.08551025390625,0.08549975818159164,1.049572465836035e-05
0.21007984031936128,0.0836181640625,0.083613699982913514,4.4640795864858696e-06
0.21020459081836326,0.069061279296875,0.069056518894800231,4.7604020747687992e-06
0.21032934131736528,0.044036865234375,0.044047230844790848,-1.0365610415848103e-05
0.21045409181636726,0.01239013671875,0.012386824228063717,3.3124906862833786e-06
0.21057884231536927,-0.0211181640625,-0.021119419426302508,1.2553638025075697e-06
0.21070359281437126,-0.0513916015625,-0.051391245425647221,-3.5613685277907647e-07
0.21082834331337325,-0.0738525390625,-0.073843695013846966,-8.844048653033898e-06
0.21095309381237526,-0.0850830078125,-0.085081536006615402,-1.4718058845980542e-06
0.21107784431137724,-0.083404541015625,-0.083412678411100449,8.1373954754493383e-06
0.21120259481037923,-0.069091796875,-0.069102939147924439,1.1142272924438701e-05
0.21132734530938124,-0.044342041015625,-0.044333800165857237,-8.2408497677627368e-06
0.21145209580838323,-0.01287841796875,-0.012869858657122042,-8.5593116279578108e-06
0.21157684630738524,0.0205078125,0.020513337740587584,-5.5252405875838573e-06
0.21170159680638723,0.050750732421875,0.050754110902667272,-3.3784807922723759e-06
0.21182634730538921,0.073272705078125,0.073272116867732079,5.8821039292111799e-07
0.21195109780439123,0.08465576171875,0.08466209095318443,-6.3292344344295648e-06
0.21207584830339321,0.083221435546875,0.083208798572972476,1.2636973902524495e-05
0.2122005988023952,0.06915283203125,0.069145320976780347,7.5110544696527226e-06
0.21232534930139721,0.04461669921875,0.044615784552528744,9.1466622125641051e-07
0.21245009980039919,0.013336181640625,0.013348477489848498,-1.2295849223497787e-05
0.21257485029940121,-0.0198974609375,-0.019910812844886619,1.3351907386618955e-05
0.21269960079840319,-0.05010986328125,-0.050119115748876036,9.2524676260363758e-06
0.21282435129740518,-0.07269287109375,-0.072700917445827393,8.0463520773926822e-06
0.21294910179640719,-0.084228515625,-0.084241187951372684,1.2672326372684117e-05
0.21307385229540918,-0.0830078125,-0.083001826539582893,-5.9859604171069725e-06
0.21319860279441119,-0.069183349609375,-0.069183426283824373,7.6674449372982068e-08
0.21332335329341318,-0.044891357421875,-0.044892937066243498,1.5796443684976125e-06
0.21344810379241516,-0.013824462890625,-0.013822421618950071,-2.0412716749285825e-06
0.21357285429141717,0.019317626953125,0.019312117495365624,5.5094577593763072e-06
0.21369760479041916,0.04949951171875,0.049486545779263501,1.2965939486499212e-05
0.21382235528942115,0.0721435546875,0.072130393053078487,1.3161634421512969e-05
0.21394710578842316,0.083831787109375,0.083819129639980755,1.2657469394244947e-05
0.21407185628742514,0.082794189453125,0.082792066171577292,2.1232815477084666e-06
0.21419660678642716,0.0692138671875,0.069217554859476574,-3.6876719765738253e-06
0.21432135728542914,0.045166015625,0.045165548757301957,4.6686769804293871e-07
0.21444610778443113,0.0142822265625,0.014291970013989479,-9.7434514894790408e-06
0.21457085828343314,-0.018707275390625,-0.018716986309309243,9.7109186842428419e-06
0.21469560878243513,-0.048858642578125,-0.048856148643280944,-2.4939348440555786e-06
0.21482035928143711,-0.071563720703125,-0.071560301841858284,-3.4188612667157559e-06
0.21494510978043913,-0.083404541015625,-0.08339568055558319,-8.8604600418096258e-06
0.21506986027944111,-0.08258056640625,-0.082579283307540857,-1.2830987091427826e-06
0.21519461077844312,-0.069244384765625,-0.069247468569857792,3.0838042327924198e-06
0.21531936127744511,-0.045440673828125,-0.045433372852191171,-7.3009759338285574e-06
0.21544411177644709,-0.0147705078125,-0.014756863908928261,-1.3643903571738947e-05
0.21556886227544911,0.01812744140625,0.018125691577325166,1.7498289248338295e-06
0.21569361277445109,0.0482177734375,0.048228209636731391,-1.0436199231390886e-05
0.21581836327345311,0.07098388671875,0.07099093962306835,-7.0529043183498175e-06
0.21594311377245509,0.082977294921875,0.082971142942911719,6.151978963281346e-06
0.21606786427145708,0.082366943359375,0.082363781573661365,3.1617857136345684e-06
0.21619261477045909,0.06927490234375,0.069273467165888974,1.4351778610255383e-06
0.21631736526946108,0.045684814453125,0.045696700562514542,-1.188610938954171e-05
0.21644211576846306,0.015228271484375,0.015217382610782286,1.0888873592714357e-05
0.21656686626746507,-0.017547607421875,-0.01753796745443803,-9.6399674369695987e-06
0.21669161676646706,-0.047607421875,-0.047602475892190681,-4.9459828093192937e-06
0.21681636726546907,-0.0704345703125,-0.070422064055963199,-1.2506256536801152e-05
0.21694111776447106,-0.082550048828125,-0.082545280943933513,-4.7678841914866599e-06
0.21706586826347304,-0.0821533203125,-0.082145326572107893,-7.9937403921065409e-06
0.21719061876247506,-0.069305419921875,-0.069295312471151005,-1.0107450723995104e-05
0.21731536926147704,-0.04595947265625,-0.045955285272354651,-4.1873838953487841e-06
0.21744011976047903,-0.01568603515625,-0.015673267687132588,-1.2767469117411917e-05
0.21756487025948104,0.0169677734375,0.016954085772335821,1.3687665164179019e-05
0.21768962075848303,0.046966552734375,0.046979232190943306,-1.2679456568305547e-05
0.21781437125748504,0.069854736328125,0.069853970459358317,7.6586876668338633e-07
0.21793912175648703,0.082122802734375,0.082118396408255911,4.4063261190885328e-06
0.21806387225548901,0.0819091796875,0.081924221690727841,-1.5042003227841438e-05
0.21818862275449102,0.069305419921875,0.069313304190980085,-7.8842691050851066e-06
0.21831337325349301,0.04620361328125,0.046209418347185623,-5.8050659356226331e-06
0.21843812375249502,0.01611328125,0.016124798774794478,-1.151752479447779e-05
0.21856287425149701,-0.016387939453125,-0.016373780230461779,-1.4159222663220894e-05
0.21868762475049899,-0.046356201171875,-0.046358225153362201,2.0239814872008433e-06
0.21881237524950101,-0.06927490234375,-0.069286416001386297,1.1513657636297303e-05
0.21893712574850299,-0.081695556640625,-0.08169025308222802,-5.3035583969796019e-06
0.21906187624750498,-0.081695556640625,-0.081700232291443173,4.6756508181727829e-06
0.21918662674650699,-0.0693359375,-0.069327204100336742,-8.7333996632577016e-06
0.21931137724550898,-0.04644775390625,-0.046458853321259194,1.1099415009194202e-05
0.21943612774451099,-0.016571044921875,-0.016571717767367787,6.728454927870664e-07
0.21956087824351297,0.01580810546875,0.015797322208222636,1.0783260527363892e-05
0.21968562874251496,0.045745849609375,0.045739739050858146,6.1105585168544363e-06
0.21981037924151697,0.0687255859375,0.068719695510752452,5.8904267475484717e-06
0.21993512974051896,0.081268310546875,0.081261152419377591,7.1581274974086284e-06
0.22005988023952097,0.08148193359375,0.081473661519978105,8.2720737718949833e-06
0.22018463073852296,0.0693359375,0.069337311852929989,-1.3743529299892199e-06
0.22030938123752494,0.04669189453125,0.046703881706568647,-1.1987175318646515e-05
0.22043413173652696,0.01702880859375,0.017014304623965151,1.4503969784848691e-05
0.22055888223552894,-0.015228271484375,-0.015224444956078657,-3.8265282963426128e-06
0.22068363273453093,-0.045135498046875,-0.045123519996300404,-1.1978050574595889e-05
0.22080838323353294,-0.068145751953125,-0.068153565666524779,7.8137133997790986e-06
0.22093313373253493,-0.080841064453125,-0.080830857769540049,-1.0206683584951248e-05
0.22105788423153694,-0.08123779296875,-0.081244274494287866,6.4815255378658509e-06
0.22118263473053892,-0.0693359375,-0.069343389169132838,7.4516691328380125e-06
0.22130738522954091,-0.04693603515625,-0.046944257180256896,8.2220240068958672e-06
0.22143213572854292,-0.0174560546875,-0.017452301556634336,-3.7531308656642282e-06
0.22155688622754491,0.0146484375,0.014655419407788087,-6.9819077880874103e-06
0.22168163672654689,0.04449462890625,0.044509851755975452,-1.5222849725451959e-05
0.22180638722554891,0.067596435546875,0.067588320809409339,8.1147374656614923e-06
0.22193113772455089,0.080413818359375,0.08039967018931185,1.4148170063149612e-05
0.22205588822355291,0.081024169921875,0.081012374114323979,1.1795807551021054e-05
0.22218063872255489,0.0693359375,0.069345735645134188,-9.7981451341877523e-06
0.22230538922155688,0.04718017578125,0.047180271393568333,-9.5612318333493374e-08
0.22243013972055889,0.01788330078125,0.017885988839238566,-2.6880579885660283e-06
0.22255489021956087,-0.01409912109375,-0.014089978371494448,-9.1427222555524185e-06
0.22267964071856289,-0.04388427734375,-0.043898479939992914,1.4202596242914034e-05
0.22280439121756487,-0.0670166015625,-0.067023717131536958,7.1155690369584246e-06
0.22292914171656686,-0.0799560546875,-0.079967352631205454,1.129794370545445e-05
0.22305389221556887,-0.080780029296875,-0.080777725250463756,-2.3040464112444869e-06
0.22317864271457086,-0.0693359375,-0.069344112940858224,8.1754408582240812e-06
0.22330339321357284,-0.04742431640625,-0.047411678159280372,-1.263824696962762e-05
0.22342814371257486,-0.018310546875,-0.018315108994799472,4.5621197994720475e-06
0.22355289421157684,0.013519287109375,0.0135283923419326,-9.1052325576004844e-06
0.22367764471057885,0.043304443359375,0.043289687814213641,1.4755545161358741e-05
0.22380239520958084,0.06646728515625,0.066460048487757079,7.2366684929214831e-06
0.22392714570858283,0.07952880859375,0.079534205754134335,-5.3971603843350202e-06
0.22405189620758484,0.080535888671875,0.080540630553329953,-4.7418814549532451e-06
0.22417664670658682,0.0693359375,0.069338820589145256,-2.8830891452558127e-06
0.22430139720558881,0.047637939453125,0.04763876926070594,-8.2980758094042262e-07
0.22442614770459082,0.01873779296875,0.018739942604444299,-2.1496356942991846e-06
0.22455089820359281,-0.012969970703125,-0.012970393691513465,4.2298838846474562e-07
0.22467564870259482,-0.042694091796875,-0.04268322049078252,-1.0871306092480326e-05
0.22480039920159681,-0.065887451171875,-0.065897070585463319,9.6194135883187482e-06
0.22492514970059879,-0.0791015625,-0.079099992112594109,-1.570387405891438e-06
0.22504990019960081,-0.080291748046875,-0.080300854642231786,9.1065953567864844e-06
0.22517465069860279,-0.0693359375,-0.069329620183721061,-6.3173162789392778e-06
0.2252994011976048,-0.0478515625,-0.04786129863915449,9.7361391544897868e-06
0.22542415169660679,-0.0191650390625,-0.019160232494771244,-4.8065677287559283e-06
0.22554890219560877,0.012420654296875,0.012416252482565221,4.4018143097786927e-06
0.22567365269461079,0.042083740234375,0.042079360739946794,4.3794944282055104e-06
0.22579840319361277,0.065338134765625,0.065335076795906194,3.0579697188060084e-06
0.22592315369261476,0.07867431640625,0.078665011967160886,9.3044390891139361e-06
0.22604790419161677,0.080047607421875,0.080058699915022097,-1.1092493147096816e-05
0.22617265469061876,0.069305419921875,0.06931681118838573,-1.1391266510729636e-05
0.22629740518962077,0.048065185546875,0.048079558202879097,-1.4372656004096873e-05
0.22642215568862276,0.019561767578125,0.019576259546727169,-1.4491968602169114e-05
0.22654690618762474,-0.011871337890625,-0.011865700658414658,-5.6372322103422773e-06
0.22667165668662675,-0.041473388671875,-0.04147785318067581,4.4645088008096745e-06
0.22679640718562874,-0.064788818359375,-0.064773822344008428,-1.4996015366572357e-05
0.22692115768463073,-0.078216552734375,-0.078229027473706178,1.2474739331178042e-05
0.22704590818363274,-0.079803466796875,-0.079813930736561178,1.0463939686178314e-05
0.22717065868263472,-0.069305419921875,-0.069300155125007673,-5.2647968673269485e-06
0.22729540918163674,-0.04827880859375,-0.048293302014665036,1.4493420915036304e-05
0.22742015968063872,-0.019989013671875,-0.019987766883068209,-1.2467888067906052e-06
0.22754491017964071,0.011322021484375,0.011319007855580631,3.0136287943686307e-06
0.22766966067864272,0.0408935546875,0.040878980092432148,1.4574595067852469e-05
0.22779441117764471,0.064208984375,0.064213600119717579,-4.6157447175787514e-06
0.22791916167664672,0.077789306640625,0.077792338493920449,-3.0318532954487498e-06
0.22804391217564871,0.079559326171875,0.079566849248599802,-7.5230767248024577e-06
0.22816866267465069,0.06927490234375,0.069279951382759705,-5.049039009705214e-06
0.2282934131736527,0.048492431640625,0.048502822100715354,-1.0390460090353715e-05
0.22841816367265469,0.0203857421875,0.020395035677249304,-9.2934897493041069e-06
0.22854291417165667,-0.010772705078125,-0.010775905594888483,3.2005167634827775e-06
0.22866766467065869,-0.040283203125,-0.040282485605830774,-7.1751916922574432e-07
0.22879241516966067,-0.06365966796875,-0.063654164867837912,-5.5031009120881658e-06
0.22891716566866269,-0.077362060546875,-0.077354706784533322,-7.3537623416775055e-06
0.22904191616766467,-0.079315185546875,-0.079317219558277197,2.0340114021966116e-06
0.22916666666666666,-0.069244384765625,-0.069255961406113481,1.1576640488480949e-05
0.22929141716566867,-0.0487060546875,-0.048707872638304985,1.8179508049845361e-06
0.22941616766467066,-0.02081298828125,-0.020797809340818468,-1.5178940431532367e-05
0.22954091816367264,0.010223388671875,0.010236663093661223,-1.3274421786222887e-05
0.22966566866267465,0.039703369140625,0.039688651514417826,1.4717626207173817e-05
0.22979041916167664,0.0631103515625,0.06309580899937868,1.454256312131974e-05
0.22991516966067865,0.076904296875,0.076916431807895896,-1.21349328958964e-05
0.23003992015968064,0.079071044921875,0.079065343548022776,5.7013738522238011e-06
0.23016467065868262,0.0692138671875,0.069228484504104265,-1.4617316604265129e-05
0.23028942115768464,0.048919677734375,0.048908745764652206,1.0931969722793866e-05
0.23041417165668662,0.021209716796875,0.021196369332399049,1.3347464475951115e-05
0.23053892215568864,-0.00970458984375,-0.0097010114567938708,-3.5783869561292064e-06
0.23066367265469062,-0.039093017578125,-0.039097221465305511,4.2038871805108458e-06
0.23078842315369261,-0.062530517578125,-0.062538286781429767,7.7692033047666031e-06
0.23091317365269462,-0.07647705078125,-0.076477274921191135,2.2413994113512636e-07
0.23103792415169661,-0.07879638671875,-0.07881098506408328,1.4598345333280416e-05
0.23116267465069859,-0.069183349609375,-0.069197282038368363,1.3932428993362889e-05
0.2312874251497006,-0.049102783203125,-0.049105195764629232,2.4125615042322468e-06
0.23141217564870259,-0.021575927734375,-0.021590459345088988,1.453161071398798e-05
0.2315369261477046,0.0091552734375,0.0091692194890052193,-1.3946051505219284e-05
0.23166167664670659,0.03851318359375,0.038508476770997668,4.7068227523316963e-06
0.23178642714570857,0.061981201171875,0.06198189014852732,-6.8897665232020566e-07
0.23191117764471059,0.0760498046875,0.076037535187063215,1.2269500436784542e-05
0.23203592814371257,0.07855224609375,0.078554445726454661,-2.1996327046608366e-06
0.23216067864271456,0.06915283203125,0.069162653232434826,-9.8212011848258784e-06
0.23228542914171657,0.049285888671875,0.049297514879655911,-1.1626207780911224e-05
0.23241017964071856,0.02197265625,0.021980361115420118,-7.7048654201182509e-06
0.23253493013972057,-0.008636474609375,-0.0086410178858183188,4.5432764433188388e-06
0.23265968063872255,-0.037933349609375,-0.037922160600031569,-1.1189009343430534e-05
0.23278443113772454,-0.061431884765625,-0.06142637289252325,-5.5118731017503309e-06
0.23290918163672655,-0.075592041015625,-0.0755969735628364,4.932547211400351e-06
0.23303393213572854,-0.07830810546875,-0.078295489117436765,-1.2616351313235463e-05
0.23315868263473055,-0.069122314453125,-0.069124359359760815,2.0449066358146917e-06
0.23328343313373254,-0.04949951171875,-0.049485457495401626,-1.4054223348373973e-05
0.23340818363273452,-0.022369384765625,-0.02236581861077265,-3.5661548523496789e-06
0.23353293413173654,0.00811767578125,0.0081166750459432668,1.0007353067331692e-06
0.23365768463073852,0.037322998046875,0.037338553788778928,-1.5555741903927611e-05
0.23378243512974051,0.060882568359375,0.060872026473967264,1.054188540773604e-05
0.23390718562874252,0.075164794921875,0.075155888711168031,8.9062107069687313e-06
0.23403193612774451,0.078033447265625,0.078034416591586095,-9.6932596109489122e-07
0.23415668662674652,0.069091796875,0.069082699553094359,9.0973219056406096e-06
0.2342814371257485,0.0496826171875,0.049669315950702446,1.3301236797554072e-05
0.23440618762475049,0.022735595703125,0.022747113838381683,-1.1518135256682882e-05
0.2345309381237525,-0.007598876953125,-0.0075959212621196466,-2.9556910053534294e-06
0.23465568862275449,-0.0367431640625,-0.036757399032094316,1.4234969594316416e-05
0.23478043912175647,-0.060333251953125,-0.060318604212014279,-1.464774111072098e-05
0.23490518962075849,-0.07470703125,-0.074714041189299307,7.0099392993072662e-06
0.23502994011976047,-0.0777587890625,-0.077770991464298861,1.2202401798860896e-05
0.23515469061876249,-0.06903076171875,-0.06903743499247017,6.6732737201702363e-06
0.23527944111776447,-0.049835205078125,-0.04984884472531112,1.3639647186119985e-05
0.23540419161676646,-0.02313232421875,-0.02312399103276604,-8.3331859839601286e-06
0.23552894211576847,0.007080078125,0.0070790245335400079,1.0535914599920856e-06
0.23565369261477045,0.03619384765625,0.036178976695154144,1.4870961095855839e-05
0.23577844311377247,0.05975341796875,0.059766397095823126,-1.2979127073126095e-05
0.23590319361277445,0.07427978515625,0.07427172925973255,8.0558965174504227e-06
0.23602794411177644,0.0775146484375,0.077505514821792507,9.133615707493381e-06
0.23615269461077845,0.069000244140625,0.068988864714662937,1.1379425962063094e-05
0.23627744510978044,0.050018310546875,0.05002433624883653,-6.0257019615303498e-06
0.23640219560878242,0.02349853515625,0.023496732464713007,1.8026915369930008e-06
0.23652694610778444,-0.006561279296875,-0.0065657147567155776,4.4354598405776241e-06
0.23665169660678642,-0.035614013671875,-0.035603029004111261,-1.0984667763738742e-05
0.23677644710578843,-0.0592041015625,-0.059215157974462154,1.1056411962154233e-05
0.23690119760479042,-0.073822021484375,-0.073828713079493249,6.6915951182494604e-06
0.23702594810379241,-0.077239990234375,-0.07723774970971603,-2.2405246589696226e-06
0.23715069860279442,-0.068939208984375,-0.06893674980118758,-2.4591831874198888e-06
0.2372754491017964,-0.050201416015625,-0.050195545088486011,-5.8709271389886797e-06
0.23740019960079839,-0.02386474609375,-0.023865082628722754,3.365349727536826e-07
0.2375249500998004,0.00604248046875,0.006056259537894502,-1.3779069144501978e-05
0.23764970059880239,0.0350341796875,0.035029835857908684,4.343829591316184e-06
0.2377744510978044,0.05865478515625,0.058665177368295317,-1.0392212045316762e-05
0.23789920159680639,0.073394775390625,0.073385290510830675,9.4848797943247742e-06
0.23802395209580837,0.07696533203125,0.076967996943152456,-2.6649119024557688e-06
0.23814870259481039,0.068878173828125,0.068881389187764486,-3.2153596394857153e-06
0.23827345309381237,0.05035400390625,0.050362763758028374,-8.7598517783740726e-06
0.23839820359281438,0.02423095703125,0.024229324052031466,1.6329792185340586e-06
0.23852295409181637,-0.00555419921875,-0.0055503883838885744,-3.8108348614255758e-06
0.23864770459081835,-0.034454345703125,-0.03445913901894003,4.7933158150298416e-06
0.23877245508982037,-0.05810546875,-0.058116207658987853,1.0738908987853457e-05
0.23889720558882235,-0.07293701171875,-0.072941221310511492,4.2095917614920486e-06
0.23902195608782434,-0.076690673828125,-0.076696019295257156,5.345467132156223e-06
0.23914670658682635,-0.068817138671875,-0.068822543852347581,5.4051804725813168e-06
0.23927145708582834,-0.050537109375,-0.050525746905583271,-1.1362469416728582e-05
0.23939620758483035,-0.02459716796875,-0.024589201482112147,-7.966486637853154e-06
0.23952095808383234,0.005035400390625,0.005048368514486555,-1.2968123861555048e-05
0.23964570858283432,0.033905029296875,0.033891217924900546,1.3811371974453701e-05
0.23977045908183633,0.05755615234375,0.057568538900822364,-1.238655707236358e-05
0.23989520958083832,0.072509765625,0.072496802940543975,1.2962684456024887e-05
0.24001996007984033,0.076416015625,0.076422117307287193,-6.1016822871934329e-06
0.24014471057884232,0.068756103515625,0.068760512624629802,-4.4091090048020698e-06
0.2402694610778443,0.050689697265625,0.050684787122606691,4.910143018309332e-06
0.24039421157684632,0.024932861328125,0.024944997695585707,-1.2136367460707093e-05
0.2405189620758483,-0.004547119140625,-0.0045499290533121172,2.8099126871171734e-06
0.24064371257485029,-0.0333251953125,-0.033325813879452798,6.1856695279804974e-07
0.2407684630738523,-0.0570068359375,-0.057021923010776535,1.5087073276534579e-05
0.24089321357285429,-0.072052001953125,-0.07205179475748176,-2.0719564323978812e-07
0.2410179640718563,-0.076141357421875,-0.076146053477268882,4.6960553938824035e-06
0.24114271457085829,-0.068695068359375,-0.068695056374097563,-1.1985277437176478e-08
0.24126746506986027,-0.05084228515625,-0.050839639131673581,-2.6460245764192702e-06
0.24139221556886228,-0.025299072265625,-0.025296457685861525,-2.6145797634748169e-06
0.24151696606786427,0.004058837890625,0.0040553368402313399,3.5010503936601031e-06
0.24164171656686625,0.03277587890625,0.032763205864051868,1.2673042198131645e-05
0.24176646706586827,0.056488037109375,0.056476649579819259,1.1387529555741127e-05
0.24189121756487025,0.07159423828125,0.071606493823170303,-1.2255541920302981e-05
0.24201596806387227,0.07586669921875,0.075868128070042881,-1.4288512928811725e-06
0.24214071856287425,0.068634033203125,0.068626473819544398,7.5593835806020415e-06
0.24226546906187624,0.050994873046875,0.050990595595486972,4.2774513880280973e-06
0.24239021956087825,0.025634765625,0.025643864471980332,-9.0988469803321426e-06
0.24251497005988024,-0.003570556640625,-0.0035643206221629862,-6.2360184620137774e-06
0.24263972055888225,-0.032196044921875,-0.032203134728616231,7.0898067412311638e-06
0.24276447105788423,-0.055938720703125,-0.055932470063003052,-6.2506401219478147e-06
0.24288922155688622,-0.0711669921875,-0.071160659094082507,-6.3330934174932185e-06
0.24301397205588823,-0.075592041015625,-0.075588103305966298,-3.9377096587023264e-06
0.24313872255489022,-0.06854248046875,-0.06855452571715312,1.2045248403119713e-05
0.2432634730538922,-0.0511474609375,-0.051137411304713075,-1.0049632786925111e-05
0.24338822355289422,-0.0260009765625,-0.025986963286325767,-1.4013276174233008e-05
0.2435129740518962,0.003082275390625,0.0030771468655149698,5.1285251100301882e-06
0.24363772455089822,0.031646728515625,0.031645879003397097,8.4951222790313752e-07
0.2437624750499002,0.055389404296875,0.055389673590797092,-2.6929392209218417e-07
0.24388722554890219,0.070709228515625,0.070714587232087872,-5.3587164628721151e-06
0.2440119760479042,0.0753173828125,0.075306279170978235,1.1103641521764684e-05
0.24413672654690619,0.0684814453125,0.068479510670051827,1.9346424481730962e-06
0.24426147704590817,0.05126953125,0.051280378986987396,-1.0847736987396051e-05
0.24438622754491018,0.026336669921875,0.026326037383450133,1.0632538424867194e-05
0.24451097804391217,-0.002593994140625,-0.0025935439469902183,-4.5019363478174951e-07
0.24463572854291418,-0.031097412109375,-0.031091179089614937,-6.2330197600629633e-06
0.24476047904191617,-0.054840087890625,-0.054848011159194354,7.9232685693542138e-06
0.24488522954091815,-0.070281982421875,-0.070268036793793939,-1.3945628081060701e-05
0.24500998003992017,-0.07501220703125,-0.07502241760532917,1.0210574079169699e-05
0.24513473053892215,-0.068389892578125,-0.068401189316407873,1.1296738282873253e-05
0.24525948103792417,-0.051422119140625,-0.05141925349476361,-2.8656458613898761e-06
0.24538423153692615,-0.02667236328125,-0.026660832227799171,-1.1531053450829221e-05
0.24550898203592814,0.002105712890625,0.0021137779659825776,-8.0650753575776252e-06
0.24563373253493015,0.030548095703125,0.030539313071380296,8.7826317447040059e-06
0.24575848303393213,0.0543212890625,0.054307771441029128,1.3517621470872376e-05
0.24588323353293412,0.06982421875,0.069821304041349022,2.9147086509778708e-06
0.24600798403193613,0.074737548828125,0.074736818313671197,7.3051445380334368e-07
0.24613273453093812,0.068328857421875,0.068319860139007552,8.9972828674483862e-06
0.24625748502994013,0.051544189453125,0.051554327614399105,-1.0138161274104995e-05
0.24638223552894212,0.0269775390625,0.026991631302585941,-1.4092240085940982e-05
0.2465069860279441,-0.00164794921875,-0.0016375769354210503,-1.037228332894974e-05
0.24663173652694612,-0.029998779296875,-0.029990020906249151,-8.758390625848711e-06
0.2467564870259481,-0.05377197265625,-0.053768704976121427,-3.2676801285727586e-06
0.24688123752495009,-0.069366455078125,-0.069374147131803565,7.6920536785651805e-06
0.2470059880239521,-0.074462890625,-0.074449242953810876,-1.3647671189123689e-05
0.24713073852295409,-0.0682373046875,-0.068235283653390905,-2.0210341090953765e-06
0.2472554890219561,-0.05169677734375,-0.051685356253924029,-1.1421089825970621e-05
0.24738023952095808,-0.027313232421875,-0.027318180297488687,4.9478756136873969e-06
0.24750499001996007,0.00115966796875,0.0011652065941589998,-5.538625408999789e-06
0.24762974051896208,0.029449462890625,0.029443580237256878,5.8826533681222148e-06
0.24775449101796407,0.05322265625,0.053231099982607659,-8.4437326076589048e-06
0.24787924151696608,0.068939208984375,0.068926861927922592,1.2347056452408078e-05
0.24800399201596807,0.07415771484375,0.07415999094682664,-2.2761030766399459e-06
0.24812874251497005,0.068145751953125,0.068147758217436918,-2.0062643119184154e-06
0.24825349301397207,0.05181884765625,0.05181263225224244,6.2154040075604322e-06
0.24837824351297405,0.02764892578125,0.027640762917541129,8.1628637088708433e-06
0.24850299401197604,-0.000701904296875,-0.00069639459777930818,-5.5096990956918224e-06
0.24862774451097805,-0.028900146484375,-0.028899730583400087,-4.1590097491286948e-07
0.24875249500998003,-0.052703857421875,-0.052694706547075434,-9.1508747995655559e-06
0.24887724550898205,-0.0684814453125,-0.068479206187587877,-2.2391249121234136e-06
0.24900199600798403,-0.073883056640625,-0.073868823665843547,-1.4232974781452912e-05
0.24912674650698602,-0.06805419921875,-0.068057044219525686,2.8450007756863904e-06
0.24925149700598803,-0.05194091796875,-0.051935910566861532,-5.0074018884682658e-06
0.24937624750499002,-0.0279541015625,-0.027959125070875727,5.0235083757267651e-06
0.249500998003992,0.000244140625,0.00023140633097726323,1.2734294022736771e-05
0.24962574850299402,0.028350830078125,0.028358749151682142,-7.9190735571416093e-06
0.249750499001996,0.052154541015625,0.052159812435936148,-5.2714203111481339e-06
0.24987524950099801,0.068023681640625,0.06803147537460047,-7.7937339754696744e-06
0.25,0.073577880859375,0.073576040246176977,1.8406131980230889e-06
0.25012475049900201,0.067962646484375,0.067963439888157187,-7.9340378218717422e-07
0.25024950099800397,0.05206298828125,0.052055484083149924,7.5041981000764646e-06
0.25037425149700598,0.02825927734375,0.02827355067762951,-1.427333387950952e-05
0.250499001996008,0.000244140625,0.0002300309015889503,1.4109723411049701e-05
0.25062375249500995,-0.02783203125,-0.027820375027630122,-1.1656222369878233e-05
0.25074850299401197,-0.0516357421875,-0.051626167285573302,-9.5749019266982982e-06
0.25087325349301398,-0.067596435546875,-0.067583426848149872,-1.300869872512822e-05
0.25099800399201599,-0.073272705078125,-0.073281401774131061,8.6966960060608223e-06
0.25112275449101795,-0.06787109375,-0.06786670548015511,-4.3882698448904911e-06
0.25124750499001997,-0.05218505859375,-0.052171107802089375,-1.3950791660624628e-05
0.25137225548902198,-0.028594970703125,-0.028583785857654368,-1.1184845470631893e-05
0.25149700598802394,-0.000701904296875,-0.0006876520630060861,-1.4252233868913898e-05
0.25162175648702595,0.02728271484375,0.027284884987343522,-2.170143593521745e-06
0.25174650698602796,0.05108642578125,0.051094058413709988,-7.6326324599876316e-06
0.25187125748502992,0.067138671875,0.067135355673589373,3.3162014106274951e-06
0.25199600798403193,0.072998046875,0.072985207097167062,1.2839777832937549e-05
0.25212075848303395,0.067779541015625,0.0677671390902609,1.2401925364100008e-05
0.2522455089820359,0.052276611328125,0.052283074649528978,-6.4633214039780396e-06
0.25237025948103792,0.028900146484375,0.028890114739516297,1.0031744858703118e-05
0.25249500998003993,0.001129150390625,0.001141730193135854,-1.257980251085397e-05
0.25261976047904194,-0.026763916015625,-0.026752017687991677,-1.1898327633323019e-05
0.2527445109780439,-0.050567626953125,-0.050563235009540228,-4.3919435847722399e-06
0.25286926147704591,-0.066680908203125,-0.066687018811940862,6.1106088158624505e-06
0.25299401197604793,-0.07269287109375,-0.07268721701272518,-5.6540810248195683e-06
0.25311876247504989,-0.067657470703125,-0.067664500839410988,7.0301362859875871e-06
0.2532435129740519,-0.052398681640625,-0.052391139663960459,-7.541976664540706e-06
0.25336826347305391,-0.029205322265625,-0.029192283648104965,-1.3038617520035045e-05
0.25349301397205587,-0.0015869140625,-0.0015920005964544836,5.0865339544835589e-06
0.25361776447105788,0.026214599609375,0.026222049479827137,-7.4498704521371029e-06
0.2537425149700599,0.050048828125,0.050033983945197473,1.4844179802527002e-05
0.25386726546906185,0.066253662109375,0.066238710930698913,1.4951178676086974e-05
0.25399201596806387,0.0723876953125,0.072387730078416937,-3.4765916936962959e-08
0.25411676646706588,0.06756591796875,0.067559088684324226,6.8292844257744623e-06
0.25424151696606784,0.052490234375,0.052495595805815878,-5.3614308158783652e-06
0.25436626746506985,0.02947998046875,0.029490576913763219,-1.0596445013218853e-05
0.25449101796407186,0.002044677734375,0.0020387366510476422,5.9410833273577934e-06
0.25461576846307388,-0.02569580078125,-0.025694718596801832,-1.0821844481680165e-06
0.25474051896207583,-0.04949951171875,-0.049506053965809524,6.5422470595238869e-06
0.25486526946107785,-0.0657958984375,-0.065790188593356128,-5.7098441438724334e-06
0.25499001996007986,-0.07208251953125,-0.072086506800871905,3.9872696219050985e-06
0.25511477045908182,-0.06744384765625,-0.067450662605821249,6.8149495712488406e-06
0.25523952095808383,-0.052581787109375,-0.052596198145265269,1.441103589026882e-05
0.25536427145708585,-0.02978515625,-0.029784741059873741,-4.1519012625862439e-07
0.2554890219560878,-0.002471923828125,-0.0024816739964310416,9.7501683060416226e-06
0.25561377245508982,0.025177001953125,0.025170300968467889,6.7009846571111642e-06
0.25573852295409183,0.048980712890625,0.048979731501038501,9.8138958649907071e-07
0.25586327345309379,0.065338134765625,0.06534174607021262,-3.6113045876196015e-06
0.2559880239520958,0.07177734375,0.071783845445952205,-6.5016959522046225e-06
0.25611277445109781,0.067352294921875,0.067339520418437201,1.2774503437798512e-05
0.25623752495009983,0.052703857421875,0.05269323967150024,1.0617750374759816e-05
0.25636227544910178,0.03009033203125,0.030075060611980026,1.5271419269973635e-05
0.2564870259481038,0.0029296875,0.0029210863425532542,8.6011574467457531e-06
0.25661177644710581,-0.024658203125,-0.024648534410673328,-9.6687143266716014e-06
0.25673652694610777,-0.0484619140625,-0.048454764855111618,-7.149207388382206e-06
0.25686127744510978,-0.06488037109375,-0.064893139527921015,1.276843417101492e-05
0.25698602794411179,-0.07147216796875,-0.071479506227623404,7.3382588734044463e-06
0.25711077844311375,-0.067230224609375,-0.067225421958751946,-4.8026506230536281e-06
0.25723552894211577,-0.05279541015625,-0.052786475480610454,-8.9346756395464189e-06
0.25736027944111778,-0.030364990234375,-0.0303612822853901,-3.707948984899706e-06
0.25748502994011974,-0.00335693359375,-0.0033567096576552912,-2.2393609470884243e-07
0.25760978043912175,0.024139404296875,0.024129694437419573,9.7098594554270723e-06
0.25773453093812376,0.047943115234375,0.047931440018373107,1.1675216001892641e-05
0.25785928143712578,0.064453125,0.064444662840334413,8.4621596655870546e-06
0.25798403193612773,0.0711669921875,0.071173787118192042,-6.7949306920417341e-06
0.25810878243512975,0.067108154296875,0.067108664895029133,-5.1059815413256882e-07
0.25823353293413176,0.052886962890625,0.052876198584804676,1.0764305820323838e-05
0.25835828343313372,0.0306396484375,0.0306436907943415,-4.0423568415000333e-06
0.25848303393213573,0.0037841796875,0.003788817977280885,-4.6382897808850028e-06
0.25860778443113774,-0.02362060546875,-0.023613518451559467,-7.0870171905330903e-06
0.2587325349301397,-0.04742431640625,-0.047409504857350099,-1.4811548899901217e-05
0.25885728542914171,-0.063995361328125,-0.063996071778036664,7.1044991166446803e-07
0.25898203592814373,-0.07086181640625,-0.070866448037201601,4.631630951601462e-06
0.25910678642714569,-0.066986083984375,-0.066989008915580586,2.9249312055862342e-06
0.2592315369261477,-0.052947998046875,-0.052962164100391965,1.416605351696465e-05
0.25935628742514971,-0.030914306640625,-0.0309220330396212,7.7263989962002289e-06
0.25948103792415167,-0.00421142578125,-0.0042171475921097008,5.7218108597007628e-06
0.25960578842315368,0.023101806640625,0.023100281556687977,1.5250839370227476e-06
0.2597305389221557,0.046875,0.046889244926316201,-1.424492631620089e-05
0.25985528942115771,0.06353759765625,0.063547659819260346,-1.0062163010346459e-05
0.25998003992015967,0.070556640625,0.070557786661690616,-1.1460366906163033e-06
0.26010479041916168,0.066864013671875,0.066866751538430233,-2.7378665552330039e-06
0.26022954091816369,0.05303955078125,0.053044665056996634,-5.1142757466343669e-06
0.26035429141716565,0.03118896484375,0.031196593917715319,-7.6290739653185613e-06
0.26047904191616766,0.004638671875,0.0046419728569760191,-3.3009819760190795e-06
0.26060379241516968,-0.0225830078125,-0.022589720747841886,6.7129353418862725e-06
0.26072854291417163,-0.046356201171875,-0.046370407657338276,1.4206485463276464e-05
0.26085329341317365,-0.0631103515625,-0.063099182339383802,-1.1169223116197502e-05
0.26097804391217566,-0.07025146484375,-0.070247562615112141,-3.9022286378587179e-06
0.26110279441117762,-0.066741943359375,-0.06674165229969016,-2.9105968483988942e-07
0.26122754491017963,-0.053131103515625,-0.053123456585543335,-7.6469300816645047e-06
0.26135229540918165,-0.031463623046875,-0.031467120508446286,3.4974615712862756e-06
0.26147704590818366,-0.00506591796875,-0.0050630303787328459,-2.8875900171540861e-06
0.26160179640718562,0.0220947265625,0.022082110723354718,1.2615839145281582e-05
0.26172654690618763,0.045867919921875,0.045853278171875241,1.4641749999759479e-05
0.26185129740518964,0.062652587890625,0.062650932421881064,1.6554687439357396e-06
0.2619760479041916,0.0699462890625,0.069936073277615404,1.0215784884595736e-05
0.26210079840319361,0.066619873046875,0.066614008563250435,5.8644836245652643e-06
0.26222554890219563,0.053192138671875,0.053198831727495316,-6.6930556203159686e-06
0.26235029940119758,0.03173828125,0.031733897884173148,4.3833658268516151e-06
0.2624750499001996,0.0054931640625,0.0054805948253263143,1.2569237173685674e-05
0.26259980039920161,-0.021575927734375,-0.021577188075588338,1.2603412133382896e-06
0.26272455089820357,-0.04534912109375,-0.045337603470835347,-1.151762291465297e-05
0.26284930139720558,-0.06219482421875,-0.062202665047865022,7.840829115021708e-06
0.26297405189620759,-0.069610595703125,-0.069623077974989594,1.2482271864594496e-05
0.26309880239520961,-0.066497802734375,-0.066483579709185614,-1.4223025189386007e-05
0.26322355289421157,-0.05328369140625,-0.053270545622885961,-1.3145783364039432e-05
0.26334830339321358,-0.031982421875,-0.031996673297416629,1.42514224166293e-05
0.26347305389221559,-0.005889892578125,-0.0058944031135151386,4.5105353901385772e-06
0.26359780439121755,0.021087646484375,0.021075227102789914,1.241938158508607e-05
0.26372255489021956,0.044830322265625,0.044823668246161734,6.6540194632661032e-06
0.26384730538922158,0.061767578125,0.061754672907023994,1.2905217976005856e-05
0.26397205588822353,0.069305419921875,0.06930887378896404,-3.4538670890399414e-06
0.26409680638722555,0.06634521484375,0.066350662943483726,-5.448099733726397e-06
0.26422155688622756,0.0533447265625,0.053338891319558566,5.835242941433505e-06
0.26434630738522952,0.032257080078125,0.032255731990073859,1.3480880511410054e-06
0.26447105788423153,0.006317138671875,0.0063047302181046235,1.2408453770376519e-05
0.26459580838323354,-0.02056884765625,-0.020575963999794306,7.11634354430557e-06
0.2647205588822355,-0.0443115234375,-0.044311219070930073,-3.043665699267728e-07
0.26484530938123751,-0.061309814453125,-0.061306710587181824,-3.1038659431756321e-06
0.26497005988023953,-0.069000244140625,-0.068993219746177864,-7.0243944471359843e-06
0.26509481037924154,-0.06622314453125,-0.066215017486428898,-8.1270448211018254e-06
0.2652195608782435,-0.05340576171875,-0.053403623961217811,-2.137757532189033e-06
0.26534431137724551,-0.032501220703125,-0.032510821381088816,9.6006779638155293e-06
0.26546906187624753,-0.0067138671875,-0.0067113133596261292,-2.5538278738707759e-06
0.26559381237524948,0.02008056640625,0.020079672669920667,8.9373632933265057e-07
0.2657185628742515,0.043792724609375,0.04380054021094465,-7.8156015696495551e-06
0.26584331337325351,0.06085205078125,0.060859070385285194,-7.0196040351938604e-06
0.26596806387225547,0.06866455078125,0.068676412628501271,-1.186184725127104e-05
0.26609281437125748,0.066070556640625,0.066076940382400959,-6.3837417759587956e-06
0.26621756487025949,0.053466796875,0.053465036596712756,1.7602782872438993e-06
0.26634231536926145,0.03277587890625,0.03276222687564613,1.3652030603869547e-05
0.26646706586826346,0.007110595703125,0.007114427813554495,-3.8321104294950295e-06
0.26659181636726548,-0.01959228515625,-0.019586088915675506,-6.1962405744943327e-06
0.26671656686626749,-0.043304443359375,-0.043291377814827794,-1.3065544547205543e-05
0.26684131736526945,-0.0604248046875,-0.060411506496948118,-1.3298190551881695e-05
0.26696606786427146,-0.068359375,-0.068358211162025687,-1.1638379743134086e-06
0.26709081836327347,-0.065948486328125,-0.065936190688267005,-1.2295639857995422e-05
0.26721556886227543,-0.05352783203125,-0.05352288436808246,-4.9476631675399174e-06
0.26734031936127745,-0.03302001953125,-0.033009696052859021,-1.0323478390979191e-05
0.26746506986027946,-0.00750732421875,-0.0075138110979967136,6.4868792467136227e-06
0.26758982035928142,0.01910400390625,0.019095486250620512,8.5176556294877526e-06
0.26771457085828343,0.04278564453125,0.042784015725595544,1.6288056544563889e-06
0.26783932135728544,0.059967041015625,0.059964310827460482,2.7301881645180881e-06
0.2679640718562874,0.068023681640625,0.068038911827409412,-1.5230186784412347e-05
0.26808882235528941,0.0657958984375,0.06579306528319627,2.833154303730212e-06
0.26821357285429143,0.0535888671875,0.053577460319862227,1.1406867637772655e-05
0.26833832335329344,0.03326416015625,0.033253514474998885,1.0645681251114647e-05
0.2684630738522954,0.007904052734375,0.0079097387829479785,-5.686048572978511e-06
0.26858782435129741,-0.01861572265625,-0.018607600090076292,-8.1225661737079069e-06
0.26871257485029942,-0.042266845703125,-0.042278199670847783,1.1353967722782521e-05
0.26883732534930138,-0.05950927734375,-0.059517237181363661,7.959837613660814e-06
0.26896207584830339,-0.067718505859375,-0.067718273048891178,-2.3281048382173264e-07
0.26908682634730541,-0.065643310546875,-0.065647323057076892,4.0125102018923053e-06
0.26921157684630737,-0.053619384765625,-0.053628519587169,9.1348215440004155e-06
0.26933632734530938,-0.03350830078125,-0.033493429875233835,-1.4870906016165031e-05
0.26946107784431139,-0.00830078125,-0.0083019486779890624,1.1674279890624278e-06
0.26958582834331335,0.01812744140625,0.018122703563021363,4.7378432286374061e-06
0.26971057884231536,0.041778564453125,0.041774213074262496,4.3513788625035299e-06
0.26983532934131738,0.05908203125,0.059070577073477036,1.1454176522963933e-05
0.26996007984031933,0.0673828125,0.067396591004653186,-1.3778504653186308e-05
0.27008483033932135,0.06549072265625,0.065499260720361469,-8.538064111468513e-06
0.27020958083832336,0.053680419921875,0.053676355205029662,4.0647168453381011e-06
0.27033433133732537,0.033721923828125,0.033729727966770984,-7.804138645983727e-06
0.27045908183632733,0.008697509765625,0.0086907166415187455,6.7931241062545167e-06
0.27058383233532934,-0.01763916015625,-0.01764053170279593,1.3715465459300524e-06
0.27070858283433136,-0.041259765625,-0.041271801245856103,1.2035620856103157e-05
0.27083333333333331,-0.058624267578125,-0.058624083918474644,-1.8365965035599396e-07
0.27095808383233533,-0.06707763671875,-0.067073623815856895,-4.0129028931051858e-06
0.27108283433133734,-0.065338134765625,-0.065348636992507952,1.0502226882952437e-05
0.2712075848303393,-0.0537109375,-0.053720722296466579,9.7847964665789822e-06
0.27133233532934131,-0.033966064453125,-0.033962156630713676,-3.9078224113239801e-06
0.27145708582834333,-0.009063720703125,-0.0090757807684608127,1.206006533581265e-05
0.27158183632734528,0.01715087890625,0.017161357258971794,-1.047835272179401e-05
0.2717065868263473,0.040771484375,0.040771247193450252,2.3718154974761152e-07
0.27183133732534931,0.05816650390625,0.058178048841928738,-1.15449356787381e-05
0.27195608782435132,0.066741943359375,0.066749667357032125,-7.723997657124726e-06
0.27208083832335328,0.065185546875,0.065195748411838325,-1.0201536838325143e-05
0.27220558882235529,0.05377197265625,0.053761913881849144,1.005877440085623e-05
0.27233033932135731,0.0341796875,0.034191001725152541,-1.1314225152540824e-05
0.27245508982035926,0.00946044921875,0.0094574171995349364,3.0320192150636027e-06
0.27257984031936128,-0.016693115234375,-0.016684914888056204,-8.2003463187964309e-06
0.27270459081836329,-0.040283203125,-0.040272295812941408,-1.0907312058591745e-05
0.27282934131736525,-0.0577392578125,-0.057732224869917408,-7.0329425825924052e-06
0.27295409181636726,-0.066436767578125,-0.066424479445125181,-1.2288132999818679e-05
0.27307884231536927,-0.065032958984375,-0.065040353524004224,7.394539629224095e-06
0.27320359281437123,-0.053802490234375,-0.053799685067018113,-2.8051673568868507e-06
0.27332834331337325,-0.034423828125,-0.034416011273078237,-7.8168519217630683e-06
0.27345309381237526,-0.00982666015625,-0.009835364308972798,8.7041527227979532e-06
0.27357784431137727,0.016204833984375,0.016211476965406854,-6.6429810318541227e-06
0.27370259481037923,0.039764404296875,0.039775229699800713,-1.0825402925712657e-05
0.27382734530938124,0.057281494140625,0.057286902740085299,-5.4085994602992571e-06
0.27395209580838326,0.06610107421875,0.066098355649924098,2.7185688259018237e-06
0.27407684630738521,0.06488037109375,0.064882748691875436,-2.3775981254359202e-06
0.27420159680638723,0.0538330078125,0.05383432885265893,-1.3210401589303089e-06
0.27432634730538924,0.034637451171875,0.034637471271489362,-2.0099614361779317e-08
0.2744510978043912,0.010223388671875,0.010209898513766294,1.3490158108706365e-05
0.27457584830339321,-0.0157470703125,-0.015740777775861348,-6.2925366386516746e-06
0.27470059880239522,-0.039276123046875,-0.039279793339352498,3.6702924774978385e-06
0.27482534930139718,-0.056854248046875,-0.056841835091251292,-1.2412955623708477e-05
0.27495009980039919,-0.065765380859375,-0.065771053483112379,5.672623737379423e-06
0.27507485029940121,-0.064727783203125,-0.064722692284028924,-5.0909190960762851e-06
0.27519960079840322,-0.053863525390625,-0.053865600322418307,2.0749317933069222e-06
0.27532435129740518,-0.03485107421875,-0.034855129879293678,4.055660543678119e-06
0.27544910179640719,-0.010589599609375,-0.010580758461393724,-8.8411479812755545e-06
0.27557385229540921,0.0152587890625,0.015273089325763078,-1.4300263263078081e-05
0.27569860279441116,0.038787841796875,0.038786268918258156,1.5728786168442421e-06
0.27582335329341318,0.056396484375,0.056397312274485488,-8.2789948548794845e-07
0.27594810379241519,0.0654296875,0.065442868208720389,-1.3180708720389456e-05
0.27607285429141715,0.0645751953125,0.064560480484651017,1.4714827848982814e-05
0.27619760479041916,0.05389404296875,0.053893792452345053,2.5051640494683225e-07
0.27632235528942117,0.035064697265625,0.035069273226433918,-4.5759608089182557e-06
0.27644710578842313,0.010955810546875,0.010948220839106227,7.589707768772963e-06
0.27657185628742514,-0.014801025390625,-0.01480814553347958,7.1201428545799444e-06
0.27669660678642716,-0.038299560546875,-0.038294400514803061,-5.1600320719394355e-06
0.27682135728542911,-0.055938720703125,-0.055953086542747756,1.4365839622755561e-05
0.27694610778443113,-0.06512451171875,-0.065113557032202313,-1.0954686547687276e-05
0.27707085828343314,-0.06439208984375,-0.064395871482051045,3.7816383010452759e-06
0.27719560878243515,-0.053924560546875,-0.053918660298960017,-5.9002479149833365e-06
0.27732035928143711,-0.0352783203125,-0.03527964960183011,1.3292893301097841e-06
0.27744510978043913,-0.011322021484375,-0.011312024561663473,-9.9969227115269399e-06
0.27756986027944114,0.01434326171875,0.014346218041464862,-2.956322714861917e-06
0.2776946107784431,0.037811279296875,0.03780446991041312,6.8093864618798405e-06
0.27781936127744511,0.055511474609375,0.055509447861981108,2.0267473938920255e-06
0.27794411177644712,0.064788818359375,0.064783414910909817,5.4034484651827031e-06
0.27806886227544908,0.064239501953125,0.064229161278591795,1.0340674533204641e-05
0.27819361277445109,0.053955078125,0.053940496808784724,1.4581316215275808e-05
0.27831836327345311,0.035491943359375,0.03548654526252229,5.3980968527100881e-06
0.27844311377245506,0.01165771484375,0.0116724465805984,-1.473173684840047e-05
0.27856786427145708,-0.013885498046875,-0.01388704040679963,1.5423599246302405e-06
0.27869261477045909,-0.037322998046875,-0.037316220779949755,-6.7772669252452733e-06
0.2788173652694611,-0.0550537109375,-0.055066148100753318,1.2437163253317673e-05
0.27894211576846306,-0.064453125,-0.064452198743182171,-9.2625681782920744e-07
0.27906686626746507,-0.064056396484375,-0.064060107879227821,3.7113948528205709e-06
0.27919161676646709,-0.053955078125,-0.053959057006410363,3.9788814103630665e-06
0.27931636726546905,-0.035675048828125,-0.035689708621602305,1.4659793477304894e-05
0.27944111776447106,-0.01202392578125,-0.012029226071963375,5.3002907133749971e-06
0.27956586826347307,0.013427734375,0.013430883913252322,-3.1495382523220872e-06
0.27969061876247503,0.036834716796875,0.036829934503203744,4.7822936712557662e-06
0.27981536926147704,0.05462646484375,0.054623476841341646,2.9880024083536738e-06
0.27994011976047906,0.064117431640625,0.064120203178846105,-2.7715382211052075e-06
0.28006487025948101,0.06390380859375,0.06388900710144256,1.4801492307439656e-05
0.28018962075848303,0.053985595703125,0.053974633804033008,1.0961899091992133e-05
0.28031437125748504,0.035888671875,0.035889426057374607,-7.5418237460711524e-07
0.28043912175648705,0.01239013671875,0.012382640245625605,7.4964731243947619e-06
0.28056387225548901,-0.012969970703125,-0.012977481761782388,7.5110586573879506e-06
0.28068862275449102,-0.036346435546875,-0.036345354355222494,-1.0811916525063636e-06
0.28081337325349304,-0.054168701171875,-0.054181185569465835,1.2484397590835361e-05
0.28093812375249499,-0.06378173828125,-0.063787184808325251,5.4465270752507289e-06
0.28106287425149701,-0.063720703125,-0.063715616763824548,-5.0863611754520255e-06
0.28118762475049902,-0.053985595703125,-0.053986982189545403,1.3864864204030103e-06
0.28131237524950098,-0.03607177734375,-0.036085446101334455,1.3668757584454905e-05
0.28143712574850299,-0.012725830078125,-0.012732428533066817,6.5984549418168781e-06
0.28156187624750501,0.01251220703125,0.012527104882629142,-1.489785137914236e-05
0.28168662674650696,0.035858154296875,0.035862761317811298,-4.6070209362980563e-06
0.28181137724550898,0.053741455078125,0.053739563485311344,1.8915928136561955e-06
0.28193612774451099,0.063446044921875,0.063453437973155627,-7.3930512806269499e-06
0.28206087824351295,0.06353759765625,0.063540232496025348,-2.6348397753478414e-06
0.28218562874251496,0.053985595703125,0.05399639503611274,-1.0799332987740384e-05
0.28231037924151697,0.036285400390625,0.036278055247321285,7.345143303714996e-06
0.28243512974051899,0.013092041015625,0.013078868396549096,1.3172619075903919e-05
0.28255988023952094,-0.0120849609375,-0.012079486125814429,-5.4748116855712903e-06
0.28268463073852296,-0.035369873046875,-0.035381898269843656,1.2025222968656268e-05
0.28280938123752497,-0.05328369140625,-0.053298361693301356,1.4670287051356257e-05
0.28293413173652693,-0.0631103515625,-0.063118718955120737,8.3673926207367133e-06
0.28305888223552894,-0.0633544921875,-0.063362611927345033,8.1197398450333358e-06
0.28318363273453095,-0.05401611328125,-0.054002627290269709,-1.3485990980291462e-05
0.28330838323353291,-0.036468505859375,-0.036467002139512088,-1.5037198629122561e-06
0.28343313373253493,-0.013427734375,-0.013421699517062817,-6.0348579371833494e-06
0.28355788423153694,0.011627197265625,0.011634896073200732,-7.6988075757324081e-06
0.2836826347305389,0.034912109375,0.034903045798800367,9.063576199633272e-06
0.28380738522954091,0.0528564453125,0.052857869013146458,-1.4237006464579149e-06
0.28393213572854292,0.062774658203125,0.062783321786788207,-8.6635836632070751e-06
0.28405688622754494,0.06317138671875,0.063183050496723653,-1.1663777973652811e-05
0.28418163672654689,0.05401611328125,0.054005971781515685,1.0141499734314663e-05
0.28430638722554891,0.036651611328125,0.036652573381616954,-9.6205349195410683e-07
0.28443113772455092,0.013763427734375,0.013761199603458507,2.2281309164928764e-06
0.28455588822355288,-0.011199951171875,-0.011193067229029241,-6.8839428457589946e-06
0.28468063872255489,-0.034423828125,-0.03442594639108696,2.1182660869603631e-06
0.2848053892215569,-0.05242919921875,-0.052417836169631915,-1.1363049118084945e-05
0.28493013972055886,-0.06243896484375,-0.062447002440657755,8.037596907754796e-06
0.28505489021956087,-0.06298828125,-0.063001305641353991,1.3024391353991249e-05
0.28517964071856289,-0.05401611328125,-0.054006183410450034,-9.9298707999656566e-06
0.28530439121756485,-0.036834716796875,-0.036834517724856956,-1.9907201804364449e-07
0.28542914171656686,-0.01409912109375,-0.014097108580382094,-2.0125133679063656e-06
0.28555389221556887,0.0107421875,0.010754269831975768,-1.2082331975768121e-05
0.28567864271457089,0.033935546875,0.033950880243561327,-1.533336856132661e-05
0.28580339321357284,0.051971435546875,0.051978551603664574,-7.1160567895744986e-06
0.28592814371257486,0.062103271484375,0.062110054639717853,-6.7831553428529534e-06
0.28605289421157687,0.06280517578125,0.062817672606673924,-1.2496825423924385e-05
0.28617764471057883,0.05401611328125,0.05400355495836634,1.25583228836601e-05
0.28630239520958084,0.037017822265625,0.037013121877177993,4.7003884470070423e-06
0.28642714570858285,0.014434814453125,0.014429704397417836,5.1100557071637187e-06
0.28655189620758481,-0.01031494140625,-0.010318236045658888,3.2946394088878561e-06
0.28667664670658682,-0.033477783203125,-0.033477589453827221,-1.9374929777909999e-07
0.28680139720558884,-0.051544189453125,-0.051539765662074563,-4.4237910504368871e-06
0.28692614770459079,-0.061767578125,-0.061772234046618378,4.6559216183780783e-06
0.28705089820359281,-0.0626220703125,-0.06263190863502123,9.8383225212300696e-06
0.28717564870259482,-0.053985595703125,-0.053997841275410303,1.2245572285303485e-05
0.28730039920159678,-0.037200927734375,-0.037188134691267929,-1.2793043107070523e-05
0.28742514970059879,-0.0147705078125,-0.014758727217061091,-1.1780595438909414e-05
0.28754990019960081,0.0098876953125,0.0098852357706937857,2.4595418062142715e-06
0.28767465069860282,0.03302001953125,0.033006353831860603,1.3665699389396602e-05
0.28779940119760478,0.05108642578125,0.051101766408692413,-1.5340627442413102e-05
0.28792415169660679,0.061431884765625,0.061433834074247615,-1.949308622614665e-06
0.2880489021956088,0.06243896484375,0.062444308775635005,-5.3439318850045936e-06
0.28817365269461076,0.053985595703125,0.053989335090208868,-3.7393870838675625e-06
0.28829840319361277,0.037353515625,0.037359842973787617,-6.3273487876172596e-06
0.28842315369261479,0.01507568359375,0.015084455223871744,-8.771630121744145e-06
0.28854790419161674,-0.00946044921875,-0.0094550008352276699,-5.4483835223301247e-06
0.28867265469061876,-0.03253173828125,-0.032536915090217521,5.1768089675205409e-06
0.28879740518962077,-0.0506591796875,-0.050664303814165264,5.1241266652637951e-06
0.28892215568862273,-0.06109619140625,-0.061094610074916796,-1.5813313332044276e-06
0.28904690618762474,-0.062255859375,-0.062254630073338486,-1.2293016615136376e-06
0.28917165668662675,-0.053985595703125,-0.053977791198049338,-7.8045050756619938e-06
0.28929640718562877,-0.03753662109375,-0.037527995673368397,-8.6254203816027442e-06
0.28942115768463073,-0.015411376953125,-0.015406628812427827,-4.7481406971732615e-06
0.28954590818363274,0.009033203125,0.0090278008069908967,5.402318009103263e-06
0.28967065868263475,0.032073974609375,0.032069552655728133,4.421953646867316e-06
0.28979540918163671,0.05023193359375,0.050227665567030351,4.2680267196490429e-06
0.28992015968063872,0.060760498046875,0.060754855150956591,5.6428959184090521e-06
0.29004491017964074,0.06207275390625,0.062063167378562496,9.586527687503732e-06
0.29016966067864269,0.053955078125,0.053963502270512637,-8.4241455126365938e-06
0.29029441117764471,0.037689208984375,0.037692879689918718,-3.6707055437179559e-06
0.29041916167664672,0.015716552734375,0.015725526396490396,-8.9736621153961582e-06
0.29054391217564868,-0.00860595703125,-0.0086033671838022761,-2.5898474477238642e-06
0.29066866267465069,-0.0316162109375,-0.031604007859673933,-1.2203077826067332e-05
0.2907934131736527,-0.0498046875,-0.049791601263544955,-1.3086236455045475e-05
0.29091816367265472,-0.0604248046875,-0.060414324343929765,-1.0480343570234973e-05
0.29104291417165667,-0.061859130859375,-0.061869677536043895,1.0546676668894694e-05
0.29116766467065869,-0.053955078125,-0.053946223043674628,-8.855081325372105e-06
0.2912924151696607,-0.037841796875,-0.037854244062551272,1.2447187551271888e-05
0.29141716566866266,-0.01605224609375,-0.016040888596994346,-1.1357496755654006e-05
0.29154191616766467,0.0081787109375,0.008181969205617633,-3.2582681176330369e-06
0.29166666666666669,0.0311279296875,0.031140559749487789,-1.2630061987789487e-05
0.29179141716566864,0.049346923828125,0.049356398218789822,-9.4743906648223075e-06
0.29191616766467066,0.06005859375,0.060073310445229698,-1.4716695229698151e-05
0.29204091816367267,0.061676025390625,0.061674455194871747,1.570195753253234e-06
0.29216566866267463,0.053924560546875,0.053926246127773379,-1.6855808983792797e-06
0.29229041916167664,0.03802490234375,0.038012375778992587,1.2526564757413261e-05
0.29241516966067865,0.016357421875,0.016352994051224062,4.4278237759376449e-06
0.29253992015968067,-0.00775146484375,-0.0077633380450755464,1.187320132554643e-05
0.29266467065868262,-0.030670166015625,-0.030678949278961636,8.7832633366355384e-06
0.29278942115768464,-0.048919677734375,-0.048921805656512878,2.127922137877547e-06
0.29291417165668665,-0.059722900390625,-0.05973156818533791,8.6677947129104593e-06
0.29303892215568861,-0.06146240234375,-0.061477256997209843,1.4854653459843437e-05
0.29316367265469062,-0.05389404296875,-0.053903326195431589,9.2832266815889852e-06
0.29328842315369263,-0.038177490234375,-0.038167023963498234,-1.0466270876766104e-05
0.29341317365269459,-0.01666259765625,-0.016661583600786099,-1.0140554639014032e-06
0.29353792415169661,0.007354736328125,0.0073477426194726893,6.9937086523107206e-06
0.29366267465069862,0.03021240234375,0.030219455119952016,-7.0527762020163032e-06
0.29378742514970058,0.048492431640625,0.048488110520228209,4.3211203967913336e-06
0.29391217564870259,0.05938720703125,0.059389390044414181,-2.1830131641809025e-06
0.2940369261477046,0.061279296875,0.061278377388364495,9.1948663550472931e-07
0.29416167664670656,0.053863525390625,0.053877755791328454,-1.423040070345355e-05
0.29428642714570857,0.038330078125,0.038318475686261115,1.1602438738884946e-05
0.29441117764471059,0.0169677734375,0.016966936100796498,8.3733670350194522e-07
0.2945359281437126,-0.006927490234375,-0.0069349137814122639,7.4235470372639029e-06
0.29466067864271456,-0.029754638671875,-0.029761817852568994,7.1791806939940084e-06
0.29478542914171657,-0.048065185546875,-0.048055061663072857,-1.0123883802143352e-05
0.29491017964071858,-0.059051513671875,-0.059046530441581355,-4.9832302936453354e-06
0.29503493013972054,-0.061065673828125,-0.061077572805522937,1.1898977397936661e-05
0.29515968063872255,-0.053863525390625,-0.053849289520444328,-1.4235870180671906e-05
0.29528443113772457,-0.0384521484375,-0.038466480151344899,1.433171384489923e-05
0.29540918163672653,-0.01727294921875,-0.017268792607890372,-4.1566108596284568e-06
0.29553393213572854,0.00653076171875,0.0065251201306715158,5.6415880784841527e-06
0.29565868263473055,0.029296875,0.029306315776886995,-9.4407768869951558e-06
0.29578343313373251,0.047637939453125,0.047622945658935344,1.4993794189656351e-05
0.29590818363273452,0.0587158203125,0.058703281545538562,1.2538766961438241e-05
0.29603293413173654,0.060882568359375,0.060875137487843636,7.4308715313636808e-06
0.29615768463073855,0.0538330078125,0.053818219857762112,1.4787954737888187e-05
0.29628243512974051,0.038604736328125,0.038611324506130126,-6.5881780051263439e-06
0.29640718562874252,0.017578125,0.017567432189420317,1.0692810579682882e-05
0.29653193612774453,-0.006103515625,-0.0061180922048822165,1.4576579882216549e-05
0.29665668662674649,-0.028839111328125,-0.028852689103163593,1.357777503859306e-05
0.2967814371257485,-0.04718017578125,-0.047191510992325741,1.1335211075741425e-05
0.29690618762475052,-0.058349609375,-0.058359397463865141,9.788088865141098e-06
0.29703093812375247,-0.0606689453125,-0.060670827665218162,1.8823527181618949e-06
0.29715568862275449,-0.05377197265625,-0.053784301336552688,1.2328680302688133e-05
0.2972804391217565,-0.03875732421875,-0.038752758029270341,-4.5661894796586444e-06
0.29740518962075846,-0.017852783203125,-0.01786259611144872,9.8129083237197268e-06
0.29752994011976047,0.005706787109375,0.0057140982914165488,-7.3111820415487985e-06
0.29765469061876249,0.028411865234375,0.028401215763555299,1.0649470819700663e-05
0.2977794411177645,0.0467529296875,0.046761043869503083,-8.1141820030827816e-06
0.29790419161676646,0.058013916015625,0.058015170053641082,-1.2540380160824816e-06
0.29802894211576847,0.060455322265625,0.060464937368379906,-9.6151027549062906e-06
0.29815369261477048,0.053741455078125,0.053747826358032373,-6.3712799073731285e-06
0.29827844311377244,0.03887939453125,0.038891067940105085,-1.1673408855085443e-05
0.29840319361277445,0.018157958984375,0.018154563647958161,3.395336416838618e-06
0.29852794411177647,-0.00531005859375,-0.0053128686180637227,2.8100243137227018e-06
0.29865269461077842,-0.0279541015625,-0.027951635602310829,-2.4659601891713345e-06
0.29877744510978044,-0.04632568359375,-0.046331292408331504,5.6088145815036405e-06
0.29890219560878245,-0.05767822265625,-0.057670353110777325,-7.8695454726745995e-06
0.29902694610778441,-0.060272216796875,-0.06025722261768536,-1.4994179189639634e-05
0.29915169660678642,-0.0537109375,-0.05370854937973208,-2.3881202679196245e-06
0.29927644710578843,-0.039031982421875,-0.03902600358668256,-5.9788351924397465e-06
0.29940119760479039,-0.0184326171875,-0.018443076268886791,1.0459081386790525e-05
0.29952594810379241,0.004913330078125,0.0049146711648786626,-1.3410867536626028e-06
0.29965069860279442,0.027496337890625,0.027504226187516106,-7.8882968911064832e-06
0.29977544910179643,0.0458984375,0.045902542449503224,-4.1049495032238759e-06
0.29990019960079839,0.05731201171875,0.057325238180652896,-1.3226461902896003e-05
0.3000249500998004,0.06005859375,0.060047977233246952,1.0616516753048089e-05
0.30014970059880242,0.053680419921875,0.053666762725155047,1.365719671995308e-05
0.30027445109780437,0.039154052734375,0.039157852255188003,-3.7995208130026104e-06
0.30039920159680639,0.01873779296875,0.018728413449323956,9.379519426044175e-06
0.3005239520958084,-0.0045166015625,-0.0045192358548823463,2.6342923823462552e-06
0.30064870259481036,-0.027069091796875,-0.027058727001292287,-1.036479558271311e-05
0.30077345309381237,-0.04547119140625,-0.045474541746323059,3.350340073059177e-06
0.30089820359281438,-0.056976318359375,-0.056979578747455288,3.2603880802881124e-06
0.30102295409181634,-0.059844970703125,-0.059836957023730084,-8.0136793949164842e-06
0.30114770459081835,-0.053619384765625,-0.053622220772155255,2.83600653025462e-06
0.30127245508982037,-0.039276123046875,-0.039286363357936269,1.0240311061268659e-05
0.30139720558882238,-0.019012451171875,-0.019010316857549024,-2.1343143259758279e-06
0.30152195608782434,0.004119873046875,0.0041268303659076459,-6.9573190326459311e-06
0.30164670658682635,0.026611328125,0.026615415251520752,-4.0871265207520491e-06
0.30177145708582837,0.0450439453125,0.045047575775969621,-3.6304634696213145e-06
0.30189620758483032,0.056640625,0.056633666044844315,6.9589551556850648e-06
0.30202095808383234,0.05963134765625,0.059624455596507649,6.892059742351353e-06
0.30214570858283435,0.0535888671875,0.053575215762616812,1.3651424883187602e-05
0.30227045908183631,0.039398193359375,0.039411824242863776,-1.363088348877578e-05
0.30239520958083832,0.019287109375,0.019289066164297413,-1.9567892974130252e-06
0.30251996007984033,-0.00372314453125,-0.0037371843212681607,1.4039790018160678e-05
0.30264471057884229,-0.02618408203125,-0.026174030062076165,-1.005196917383544e-05
0.3027694610778443,-0.04461669921875,-0.044621391929304602,4.6927105546018533e-06
0.30289421157684632,-0.0562744140625,-0.056287253245310719,1.2839182810718552e-05
0.30301896207584833,-0.059417724609375,-0.059410228546477852,-7.4960628971484922e-06
0.30314371257485029,-0.05352783203125,-0.053525501990863596,-2.3300403864043306e-06
0.3032684630738523,-0.039520263671875,-0.039533984381533098,1.3720709658097963e-05
0.30339321357285431,-0.019561767578125,-0.019564403230705841,2.6356525808408915e-06
0.30351796407185627,0.00335693359375,0.0033505651016351675,6.3684921148324768e-06
0.30364271457085829,0.025726318359375,0.025734848284555568,-8.529925180567749e-06
0.3037674650698603,0.044189453125,0.044196275322145928,-6.8221971459281328e-06
0.30389221556886226,0.055938720703125,0.055940631270847752,-1.910567722751555e-06
0.30401696606786427,0.0592041015625,0.059194569266241399,9.5322962586005811e-06
0.30414171656686628,0.053466796875,0.053473371613359112,-6.5747383591122088e-06
0.30426646706586824,0.039642333984375,0.039653131178619835,-1.0797194244835384e-05
0.30439121756487025,0.01983642578125,0.019836607917686957,-1.8213643695683124e-07
0.30451596806387227,-0.002960205078125,-0.0029667020357018702,6.4969575768701604e-06
0.30464071856287422,-0.025299072265625,-0.025297608688491235,-1.4635771337645487e-06
0.30476546906187624,-0.04376220703125,-0.043771972985070164,9.7659538201635976e-06
0.30489021956087825,-0.05560302734375,-0.055593552982327196,-9.4743614228037787e-06
0.30501497005988026,-0.058990478515625,-0.058977233134931813,-1.3245380693187314e-05
0.30513972055888222,-0.05340576171875,-0.053418578837122657,1.2817118372657199e-05
0.30526447105788423,-0.039764404296875,-0.039769014159935515,4.6098630605145852e-06
0.30538922155688625,-0.020111083984375,-0.020105422273821658,-5.6617105533424139e-06
0.30551397205588821,0.002593994140625,0.0025858622120299261,8.1319285950738618e-06
0.30563872255489022,0.024871826171875,0.024862587773083714,9.2383987912864063e-06
0.30576347305389223,0.0433349609375,0.043348769674697078,-1.3808737197078258e-05
0.30588822355289419,0.05523681640625,0.055246308990195558,-9.4925839455584082e-06
0.3060129740518962,0.058746337890625,0.058758513328419096,-1.21754377940958e-05
0.30613772455089822,0.053375244140625,0.053361415729450662,1.3828411174338084e-05
0.30626247504990017,0.039886474609375,0.039881920781950353,4.55382742464705e-06
0.30638722554890219,0.0203857421875,0.020371126344782671,1.461584271732902e-05
0.3065119760479042,-0.002197265625,-0.0022077746697093561,1.0509044709356135e-05
0.30663672654690621,-0.024444580078125,-0.024429523957455068,-1.5056120669931783e-05
0.30676147704590817,-0.042938232421875,-0.042926412063520755,-1.1820358354244775e-05
0.30688622754491018,-0.054901123046875,-0.054898651843867774,-2.4712030072260305e-06
0.3070109780439122,-0.05853271484375,-0.058538165008156243,5.4501644062426857e-06
0.30713572854291415,-0.053314208984375,-0.05330163640636295,-1.2572578012050306e-05
0.30726047904191617,-0.03997802734375,-0.039991600619833693,1.3573276083693464e-05
0.30738522954091818,-0.0206298828125,-0.020633462361238718,3.5795487387177416e-06
0.30750998003992014,0.0018310546875,0.0018327062102284802,-1.6515227284801589e-06
0.30763473053892215,0.02398681640625,0.023998693392324785,-1.1876986074785267e-05
0.30775948103792417,0.042510986328125,0.042505184551205555,5.8017769194451674e-06
0.30788423153692612,0.0545654296875,0.054550871842430265,1.4557845069734787e-05
0.30800898203592814,0.058319091796875,0.05831648113140378,2.6106654712199084e-06
0.30813373253493015,0.053253173828125,0.053239532842344436,1.3640985780563608e-05
0.30825848303393216,0.04010009765625,0.040098341176962649,1.7564792873514534e-06
0.30838323353293412,0.020904541015625,0.020892710548263187,1.1830467361813313e-05
0.30850798403193613,-0.00146484375,-0.0014603855881287736,-4.4581618712264282e-06
0.30863273453093815,-0.0235595703125,-0.023569834150357568,1.0263837857567987e-05
0.3087574850299401,-0.042083740234375,-0.042084833454409554,1.0932200345536991e-06
0.30888223552894212,-0.05419921875,-0.054202721224051259,3.5024740512590302e-06
0.30900698602794413,-0.05810546875,-0.058093216640096194,-1.2252109903805597e-05
0.30913173652694609,-0.05316162109375,-0.053174859058798492,1.3237965048491784e-05
0.3092564870259481,-0.040191650390625,-0.040201892073029148,1.0241682404148189e-05
0.30938123752495011,-0.021148681640625,-0.021148613313251005,-6.8327373994869767e-08
0.30950598802395207,0.0010986328125,0.0010910793228443721,7.5534896556278801e-06
0.30963073852295409,0.02313232421875,0.023143222037751737,-1.0897819001737252e-05
0.3097554890219561,0.041656494140625,0.041665642818091278,-9.1486774662780102e-06
0.30988023952095806,0.053863525390625,0.053854489976708532,9.0354139164680602e-06
0.31000499001996007,0.057861328125,0.057868664271083815,-7.3361460838153314e-06
0.31012974051896208,0.0531005859375,0.053107906933809769,-7.3209963097689568e-06
0.3102544910179641,0.040313720703125,0.040302540853492379,1.1179849632621253e-05
0.31037924151696605,0.021392822265625,0.021401451055362827,-8.6287897378273248e-06
0.31050399201596807,-0.000732421875,-0.00072451588935215628,-7.9059856478437248e-06
0.31062874251497008,-0.022705078125,-0.022718594784620568,1.3516659620568111e-05
0.31075349301397204,-0.041259765625,-0.041247358605361474,-1.2407019638525918e-05
0.31087824351297405,-0.053497314453125,-0.053505930027616944,8.6155744919436117e-06
0.31100299401197606,-0.057647705078125,-0.057642578745019921,-5.1263331050793726e-06
0.31112774451097802,-0.05303955078125,-0.053038430390626778,-1.1203906232215566e-06
0.31125249500998003,-0.0404052734375,-0.040400037177774871,-5.2362597251290333e-06
0.31137724550898205,-0.021636962890625,-0.021650966353453933,1.4003462828933444e-05
0.31150199600798401,0.0003662109375,0.00036096153003386297,5.2494074661370337e-06
0.31162674650698602,0.022308349609375,0.022296227856602135,1.212175277286523e-05
0.31175149700598803,0.04083251953125,0.040830264508800666,2.2550224493336768e-06
0.31187624750499005,0.05316162109375,0.053157331053964321,4.2900397856787675e-06
0.312000998003992,0.057403564453125,0.057415252576621306,-1.1688123496306213e-05
0.31212574850299402,0.052978515625,0.05296672120744482,1.1794417555180403e-05
0.31225049900199603,0.040496826171875,0.040494668628707868,2.1575431671319589e-06
0.31237524950099799,0.02191162109375,0.021897439775504349,1.4181318245650582e-05
0.3125,0,-1.4444532068686753e-07,1.4444532068686753e-07
0.31262475049900201,-0.021881103515625,-0.021875858645243388,-5.2448703816120046e-06
0.31274950099800397,-0.0404052734375,-0.040414106140302435,8.8327028024345888e-06
0.31287425149700598,-0.05279541015625,-0.05280844467234274,1.3034516092740034e-05
0.312999001996008,-0.05718994140625,-0.057186440263575063,-3.5011426749373409e-06
0.31312375249500995,-0.052886962890625,-0.052892533205896181,5.5703152711805703e-06
0.31324850299401197,-0.04058837890625,-0.040586184900728968,-2.1940055210320497e-06
0.31337325349301398,-0.02215576171875,-0.022140614066560732,-1.5147652189267946e-05
0.31349800399201599,-0.0003662109375,-0.00035766939446854509,-8.5415430314549111e-06
0.31362275449101795,0.021453857421875,0.021457762279588913,-3.9048577139128016e-06
0.31374750499001997,0.040008544921875,0.039999166842401214,9.3780794737860496e-06
0.31387225548902198,0.052459716796875,0.052459560249536477,1.5654733852288327e-07
0.31399700598802394,0.05694580078125,0.056956434096816701,-1.0633315566700718e-05
0.31412175648702595,0.052825927734375,0.052816158060853949,9.7696735210511809e-06
0.31424650698602796,0.040679931640625,0.040674873609345838,5.0580312791620452e-06
0.31437125748502992,0.022369384765625,0.022380769958207491,-1.1385192582490794e-05
0.31449600798403193,0.000701904296875,0.0007127520585268576,-1.0847761651857604e-05
0.31462075848303395,-0.021026611328125,-0.021041675816567643,1.5064488442642632e-05
0.3147455089820359,-0.039581298828125,-0.03958519187814355,3.8930500185496708e-06
0.31487025948103792,-0.0521240234375,-0.05211042909193217,-1.3594345567830013e-05
0.31499500998003993,-0.056732177734375,-0.056724988349457051,-7.189384917949404e-06
0.31511976047904194,-0.052734375,-0.052737349488948121,2.9744889481209125e-06
0.3152445109780439,-0.040771484375,-0.04076048447937243,-1.0999895627569756e-05
0.31536926147704591,-0.022613525390625,-0.022617650356497064,4.1249658720640681e-06
0.31549401197604793,-0.001068115234375,-0.0010648378436019981,-3.2773907730019453e-06
0.31561876247504989,0.0206298828125,0.020627874052608519,2.0087598914808602e-06
0.3157435129740519,0.0391845703125,0.039172464242425917,1.2106070074083264e-05
0.31586826347305391,0.0517578125,0.051761340256347162,-3.5277563471616813e-06
0.31599301397205587,0.056488037109375,0.056492395087078019,-4.3579777030192113e-06
0.31611776447105788,0.052642822265625,0.052656399058403427,-1.3576792778427493e-05
0.3162425149700599,0.04083251953125,0.040843305154392197,-1.0785623142196832e-05
0.31636726546906185,0.022857666015625,0.022851536151431855,6.1298641931446796e-06
0.31649201596806387,0.00140380859375,0.0014141990835246027,-1.0390489774602697e-05
0.31661676646706588,-0.02020263671875,-0.020216093714029396,1.3456995279395589e-05
0.31674151696606784,-0.03875732421875,-0.038760728851852361,3.4046331023607213e-06
0.31686626746506985,-0.051422119140625,-0.0514120447394368,-1.0074401188199522e-05
0.31699101796407186,-0.056243896484375,-0.056258408356679182,1.451187230418205e-05
0.31711576846307388,-0.052581787109375,-0.052573060377528277,-8.7267318467226795e-06
0.31724051896207583,-0.040924072265625,-0.040923085385009911,-9.8688061508922509e-07
0.31736526946107785,-0.0230712890625,-0.023082170404931074,1.0881342431073859e-05
0.31749001996007986,-0.00177001953125,-0.0017605703372172816,-9.4491940327184106e-06
0.31761477045908182,0.019805908203125,0.019806609268625219,-7.0106550021861724e-07
0.31773952095808383,0.038360595703125,0.038350268356100385,1.0327347024614852e-05
0.31786427145708585,0.051055908203125,0.051062831288548639,-6.9230854236393413e-06
0.3179890219560878,0.0560302734375,0.056023319996990915,6.9534405090845852e-06
0.31811377245508982,0.052490234375,0.052487624904617482,2.6094703825182974e-06
0.31823852295409183,0.040985107421875,0.041000112838350505,-1.5005416475505351e-05
0.31836327345309379,0.0233154296875,0.023309834160293808,5.5955272061924965e-06
0.3184880239520958,0.002105712890625,0.0021042241982081019,1.4886924168981339e-06
0.31861277445109781,-0.0194091796875,-0.019399157116083005,-1.0022571416995474e-05
0.31873752495009983,-0.037933349609375,-0.037940827327792345,7.477718417345236e-06
0.31886227544910178,-0.05072021484375,-0.050713450591144071,-6.7642526059286112e-06
0.3189870259481038,-0.0557861328125,-0.055786883827439904,7.5101493990370471e-07
0.31911177644710581,-0.052398681640625,-0.052399846136445972,1.1644958209724998e-06
0.31923652694610777,-0.04107666015625,-0.041074137286304151,-2.5228699458493264e-06
0.31936127744510978,-0.023529052734375,-0.02353427063017911,5.2178958041097789e-06
0.31948602794411179,-0.00244140625,-0.0024448954826458758,3.4892326458758373e-06
0.31961077844311375,0.01898193359375,0.018994011399572294,-1.2077805822293536e-05
0.31973552894211577,0.03753662109375,0.037532688073828854,3.9330199211456973e-06
0.31986027944111778,0.05035400390625,0.050364191085657636,-1.018717940763636e-05
0.31998502994011974,0.0555419921875,0.055549391458480167,-7.399270980167072e-06
0.32010978043912175,0.05230712890625,0.052310015418182615,-2.8865119326149102e-06
0.32023453093812376,0.0411376953125,0.041145446415043384,-7.7511025433837921e-06
0.32035928143712578,0.02374267578125,0.023755761006097751,-1.3085224847751015e-05
0.32048403193612773,0.002777099609375,0.0027828570388439898,-5.7574294689897824e-06
0.32060878243512975,-0.018585205078125,-0.01859090819613796,5.7031180129597792e-06
0.32073353293413176,-0.037139892578125,-0.037125594825343493,-1.4297752781507189e-05
0.32085828343313372,-0.050018310546875,-0.050014803150945669,-3.5073959293308032e-06
0.32098303393213573,-0.0552978515625,-0.055310596480578032,1.2744918078032297e-05
0.32110778443113774,-0.052215576171875,-0.052217886131904298,2.3099600292980638e-06
0.3212325349301397,-0.04119873046875,-0.041213790013301138,1.5059544551138115e-05
0.32135728542914171,-0.02398681640625,-0.023974048646433415,-1.2767759816584984e-05
0.32148203592814373,-0.00311279296875,-0.0031178439353015488,5.0509665515488002e-06
0.32160678642714569,0.0181884765625,0.018190121328322678,-1.6447658226781403e-06
0.3217315369261477,0.036712646484375,0.036719829548975312,-7.1830646003120946e-06
0.32185628742514971,0.049652099609375,0.049665574917161108,-1.3475307786108004e-05
0.32198103792415167,0.055084228515625,0.055070790274559474,1.3438241065526213e-05
0.32210578842315368,0.0521240234375,0.052123749506536199,2.739309638011278e-07
0.3222305389221557,0.041290283203125,0.041279455781905228,1.0827421219772315e-05
0.32235528942115771,0.024200439453125,0.024189414885859781,1.1024567265219276e-05
0.32248003992015967,0.003448486328125,0.0034501292702267721,-1.6429421017720783e-06
0.32260479041916168,-0.017791748046875,-0.017791386554561039,-3.6149231396123693e-07
0.32272954091816369,-0.03631591796875,-0.036315136136879055,-7.8183187094543749e-07
0.32285429141716565,-0.04931640625,-0.049316256455205328,-1.4979479467241985e-07
0.32297904191616766,-0.054840087890625,-0.054829726200613417,-1.0361690011582991e-05
0.32310379241516968,-0.052032470703125,-0.052027358806385378,-5.111896739622146e-06
0.32322854291417163,-0.041351318359375,-0.041342193522054836,-9.1248373201638366e-06
0.32335329341317365,-0.0244140625,-0.024401603223460015,-1.2459276539984743e-05
0.32347804391217566,-0.0037841796875,-0.0037794483595647247,-4.7313279352752952e-06
0.32360279441117762,0.01739501953125,0.017394977380780087,4.2150469913015964e-08
0.32372754491017963,0.035919189453125,0.035911796217978041,7.393235146958832e-06
0.32385229540918165,0.048980712890625,0.048967135587617491,1.3577303007508701e-05
0.32397704590818366,0.054595947265625,0.054587695408658175,8.2518569668246777e-06
0.32410179640718562,0.05194091796875,0.05192900514109005,1.1912827659950331e-05
0.32422654690618763,0.041412353515625,0.041402290944873271,1.0062570751728783e-05
0.32435129740518964,0.02459716796875,0.024610895132099447,-1.3727163349446653e-05
0.3244760479041916,0.004119873046875,0.0041060745465509724,1.3798500324027629e-05
0.32460079840319361,-0.016998291015625,-0.01700062925079477,2.3382351697701087e-06
0.32472554890219563,-0.0355224609375,-0.035509553347982933,-1.2907589517066609e-05
0.32485029940119758,-0.048614501953125,-0.048617962078050921,3.4601249259205713e-06
0.3249750499001996,-0.054351806640625,-0.054344451027359388,-7.3556132656124595e-06
0.32509980039920161,-0.05181884765625,-0.051828441654173343,9.593997923343367e-06
0.32522455089820357,-0.041473388671875,-0.041459497859716629,-1.3890812158370847e-05
0.32534930139720558,-0.024810791015625,-0.024817034246590441,6.2432309654407436e-06
0.32547405189620759,-0.004425048828125,-0.004429743389745543,4.6945616205430057e-06
0.32559880239520961,0.0166015625,0.016608615357945566,-7.0528579455657325e-06
0.32572355289421157,0.03509521484375,0.035108688820671606,-1.3473976921606068e-05
0.32584830339321358,0.04827880859375,0.048269023442177351,9.7851515726485316e-06
0.32597305389221559,0.054107666015625,0.054100283974520026,7.3820411049738133e-06
0.32609780439121755,0.051727294921875,0.05172595933301808,1.3355888569197005e-06
0.32622255489021956,0.04150390625,0.041514101983743779,-1.0195733743778579e-05
0.32634730538922158,0.0250244140625,0.025020302173077772,4.1118894222279267e-06
0.32647205588822353,0.0047607421875,0.0047507284725669162,1.0013714933083777e-05
0.32659680638722555,-0.016204833984375,-0.016218670835435916,1.3836851060915895e-05
0.32672155688622756,-0.034698486328125,-0.034708945857916319,1.0459529791319311e-05
0.32684630738522952,-0.04791259765625,-0.047920069137165497,7.4714809154968753e-06
0.32697105788423153,-0.053863525390625,-0.053854947146109479,-8.5782445155210829e-06
0.32709580838323354,-0.0516357421875,-0.051621311197439623,-1.4430990060376736e-05
0.3272205588822355,-0.04156494140625,-0.041565853130224283,9.1172397428257446e-07
0.32734530938123751,-0.02520751953125,-0.025220442677192572,1.2923145942572017e-05
0.32747005988023953,-0.00506591796875,-0.0050687655913329499,2.84762258294987e-06
0.32759481037924154,0.015838623046875,0.015831068568059381,7.5544788156189924e-06
0.3277195608782435,0.0343017578125,0.034310605420952635,-8.8476084526348253e-06
0.32784431137724551,0.047576904296875,0.047571386372599438,5.5179242755623581e-06
0.32796906187624753,0.053619384765625,0.053608731226673166,1.0653538951833907e-05
0.32809381237524948,0.051513671875,0.05151478810967032,-1.116234670320293e-06
0.3282185628742515,0.0416259765625,0.041615039018126534,1.0937544373465502e-05
0.32834331337325351,0.025421142578125,0.025417737493451307,3.4050846736931317e-06
0.32846806387225547,0.00537109375,0.0053841285648250151,-1.3034814825015062e-05
0.32859281437125748,-0.01544189453125,-0.015445543382449797,3.6488511997966044e-06
0.32871756487025949,-0.033905029296875,-0.033913410400414616,8.3811035396161304e-06
0.32884231536926145,-0.047210693359375,-0.047222724299981533,1.2030940606533314e-05
0.32896706586826346,-0.053375244140625,-0.05336138887837983,-1.3855262245170141e-05
0.32909181636726548,-0.0513916015625,-0.05140614296295206,1.454140045206026e-05
0.32921656686626749,-0.041656494140625,-0.041661409460453193,4.9153198281928767e-06
0.32934131736526945,-0.025604248046875,-0.025611930513443036,7.682466568036117e-06
0.32946606786427146,-0.005706787109375,-0.0056965534223354991,-1.0233687039500929e-05
0.32959081836327347,0.01507568359375,0.015062367858838643,1.3315734911357319e-05
0.32971556886227543,0.03350830078125,0.0335176414276303,-9.3406463803000217e-06
0.32984031936127745,0.046875,0.0468743698236651,6.3017633489953484e-07
0.32996506986027946,0.0531005859375,0.053113210551449484,-1.2624613949484276e-05
0.33008982035928142,0.051300048828125,0.051295666491545405,4.3823365795947478e-06
0.33021457085828343,0.041717529296875,0.041705252173865767,1.2277123009232782e-05
0.33033932135728544,0.02581787109375,0.025803303595241297,1.4567498508703119e-05
0.3304640718562874,0.006011962890625,0.0060063142132130562,5.6486774119438379e-06
0.33058882235528941,-0.014678955078125,-0.014681276521323793,2.3214431987932105e-06
0.33071357285429143,-0.033111572265625,-0.033123041064664661,1.1468799039661415e-05
0.33083832335329344,-0.046539306640625,-0.046526071790361688,-1.3234850263312004e-05
0.3309630738522954,-0.0528564453125,-0.052863948673214561,7.503360714561369e-06
0.33108782435129741,-0.051177978515625,-0.051183111459340895,5.1329437158950664e-06
0.33121257485029942,-0.041748046875,-0.041746316966977844,-1.7299080221563901e-06
0.33133732534930138,-0.0260009765625,-0.025991600751581134,-9.3758109188657457e-06
0.33146207584830339,-0.006317138671875,-0.0063131471949174145,-3.99147695758547e-06
0.33158682634730541,0.014312744140625,0.014302541649627137,1.0202490997862981e-05
0.33171157684630737,0.03271484375,0.03272988961560358,-1.5045865603580122e-05
0.33183632734530938,0.046173095703125,0.046178116800072604,-5.0210969476036094e-06
0.33196107784431139,0.0526123046875,0.052613893458565555,-1.5887710655554388e-06
0.33208582834331335,0.051055908203125,0.051068768469878213,-1.2860266753213223e-05
0.33221057884231536,0.041778564453125,0.041784891550054382,-6.3270969293816037e-06
0.33233532934131738,0.02618408203125,0.026177103959284784,6.9780719652162704e-06
0.33246007984031933,0.006622314453125,0.0066173266426006157,4.9878105243842882e-06
0.33258483033932135,-0.013916015625,-0.013925897469334916,9.8818443349159985e-06
0.33270958083832336,-0.0323486328125,-0.032337929316599581,-1.0703495900418747e-05
0.33283433133732537,-0.04583740234375,-0.045830253395652783,-7.1489480972172781e-06
0.33295908183632733,-0.0523681640625,-0.052362797099030571,-5.3669634694289425e-06
0.33308383233532934,-0.05096435546875,-0.050952390154977052,-1.1965313772947794e-05
0.33320858283433136,-0.04180908203125,-0.041820725723283748,1.1643692033748432e-05
0.33333333333333331,-0.0263671875,-0.026359557347476689,-7.6301525233114786e-06
0.33345808383233533,-0.006927490234375,-0.0069185890371448308,-8.9011972301692235e-06
0.33358283433133734,0.0135498046875,0.013551615963678831,-1.811276178830673e-06
0.3337075848303393,0.031951904296875,0.03194744014720554,4.4641496694600158e-06
0.33383233532934131,0.04547119140625,0.04548276787371159,-1.1576467461589524e-05
0.33395708582834333,0.0521240234375,0.052110949573238981,1.3073864261019252e-05
0.33408183632734528,0.05084228515625,0.050834266984781426,8.0181714685739758e-06
0.3342065868263473,0.041839599609375,0.041854107186518844,-1.4507577143843542e-05
0.33433133732534931,0.02655029296875,0.026539243007001417,1.1049961748582637e-05
0.33445608782435132,0.0072021484375,0.0072172088747435798,-1.5060437243579784e-05
0.33458083832335328,-0.01318359375,-0.013179431063776963,-4.1626862230369904e-06
0.33470558882235529,-0.03155517578125,-0.031558164020384985,2.9882391349850268e-06
0.33483033932135731,-0.045135498046875,-0.045135408474219256,-8.9572655743996865e-08
0.33495508982035926,-0.051849365234375,-0.051858102836013102,8.7376016381021659e-06
0.33507984031936128,-0.05072021484375,-0.050714151456402901,-6.0633873470994359e-06
0.33520459081836329,-0.0418701171875,-0.041884785727551811,1.466854005181123e-05
0.33532934131736525,-0.026702880859375,-0.026715905178650197,1.3024319275196927e-05
0.33545409181636726,-0.00750732421875,-0.0075129228550003561,5.598636250356108e-06
0.33557884231536927,0.0128173828125,0.012809614460391534,7.7683521084656593e-06
0.33570359281437123,0.031158447265625,0.031170380593852708,-1.1933328227707596e-05
0.33582834331337325,0.0447998046875,0.044788461191399134,1.1343496100865713e-05
0.33595309381237526,0.051605224609375,0.051604546628852152,6.7798052284795407e-07
0.33607784431137727,0.05059814453125,0.050592333903980248,5.8106272697519556e-06
0.33620259481037923,0.041900634765625,0.041913049031870493,-1.2414266245493188e-05
0.33632734530938124,0.026885986328125,0.026889826062613115,-3.8397344881146989e-06
0.33645209580838326,0.0078125,0.0078060056904211174,6.4943095788826122e-06
0.33657684630738521,-0.012451171875,-0.012441899794199239,-9.2720808007613204e-06
0.33670159680638723,-0.030792236328125,-0.03078383146013474,-8.4048679902595791e-06
0.33682634730538924,-0.04443359375,-0.044441673963359123,8.0802133591226233e-06
0.3369510978043912,-0.051361083984375,-0.051350032669039605,-1.1051315335394718e-05
0.33707584830339321,-0.05047607421875,-0.050468566687354846,-7.5075313951539213e-06
0.33720059880239522,-0.04193115234375,-0.04193864687096506,7.4945272150600539e-06
0.33732534930139718,-0.027069091796875,-0.027060750006691302,-8.3417901836982389e-06
0.33745009980039919,-0.008087158203125,-0.008096194294608814,9.0360914838140405e-06
0.33757485029940121,0.0120849609375,0.012076558467548465,8.4024699515353879e-06
0.33769960079840322,0.0303955078125,0.030398795957877627,-3.2881453776271996e-06
0.33782435129740518,0.044097900390625,0.044095332482996033,2.56790762896697e-06
0.33794910179640719,0.05108642578125,0.05109485046014086,-8.4246788908601267e-06
0.33807385229540921,0.05035400390625,0.050343140002123581,1.086390412641941e-05
0.33819860279441116,0.041961669921875,0.041961866912081716,-1.9699020671615219e-07
0.33832335329341318,0.0272216796875,0.027228959315763076,-7.2796282630759046e-06
0.33844810379241519,0.008392333984375,0.0083837635917040718,8.5703926709281703e-06
0.33857285429141715,-0.01171875,-0.011713323834706742,-5.4261652932575954e-06
0.33869760479041916,-0.030029296875,-0.030015015361895957,-1.4281513104043297e-05
0.33882235528942117,-0.04376220703125,-0.0437491843876276,-1.3022643622399854e-05
0.33894710578842313,-0.05084228515625,-0.05083875148113022,-3.5336751197795335e-06
0.33907185628742514,-0.050201416015625,-0.050215806068354227,1.4390052729226777e-05
0.33919660678642716,-0.0419921875,-0.041982458906547192,-9.7285934528082429e-06
0.33932135728542911,-0.02740478515625,-0.027394198440028123,-1.0586716221876874e-05
0.33944610778443113,-0.0086669921875,-0.0086684507046213936,1.4585171213936376e-06
0.33957085828343314,0.0113525390625,0.011352467013617529,7.2048882471253961e-08
0.33969560878243515,0.029632568359375,0.02963276869455949,-2.003351844900858e-07
0.33982035928143711,0.04339599609375,0.043403515069923786,-7.5189761737856631e-06
0.33994510978043913,0.050567626953125,0.050582024996905776,-1.4398043780776415e-05
0.34006986027944114,0.050079345703125,0.050086854940641939,-7.5092375169394376e-06
0.3401946107784431,0.0419921875,0.042000710499551785,-8.5229995517854817e-06
0.34031936127744511,0.027557373046875,0.027556749784486911,6.232623880886301e-07
0.34044411177644712,0.008941650390625,0.0089505307644973126,-8.8803738723126219e-06
0.34056886227544908,-0.010986328125,-0.010993721076170531,7.3929511705313894e-06
0.34069361277445109,-0.029266357421875,-0.029251796915775667,-1.4560506099332848e-05
0.34081836327345311,-0.043060302734375,-0.043058071867551583,-2.2308668234174989e-06
0.34094311377245506,-0.050323486328125,-0.050324422247427919,9.3591930291903047e-07
0.34106786427145708,-0.049957275390625,-0.049956038696849725,-1.2366937752750218e-06
0.34119261477045909,-0.042022705078125,-0.042016371418490676,-6.3336596343235851e-06
0.3413173652694611,-0.0277099609375,-0.027716357897166741,6.396959666740698e-06
0.34144211576846306,-0.00921630859375,-0.0092297410989097498,1.3432505159749822e-05
0.34156686626746507,0.010650634765625,0.010637356859957528,1.3277905667472348e-05
0.34169161676646709,0.02886962890625,0.028872378734430534,-2.7498281805343749e-06
0.34181636726546905,0.042724609375,0.042713139874105389,1.1469500894610574e-05
0.34194111776447106,0.050079345703125,0.050066232258250624,1.3113444874375546e-05
0.34206586826347307,0.049835205078125,0.04982364724818298,1.1557829942020204e-05
0.34219061876247503,0.042022705078125,0.042029729282748687,-7.0242046236873579e-06
0.34231536926147704,0.027862548828125,0.027873305278663961,-1.075645053896096e-05
0.34244011976047906,0.009521484375,0.0095063570413343838,1.5127333665616166e-05
0.34256487025948101,-0.010284423828125,-0.010283107158519629,-1.3166696053706212e-06
0.34268962075848303,-0.02850341796875,-0.028494254798348741,-9.1631704012586079e-06
0.34281437125748504,-0.0423583984375,-0.042368466128764014,1.0067691264013801e-05
0.34293912175648705,-0.0498046875,-0.049807206029681042,2.5185296810420477e-06
0.34306387225548901,-0.0496826171875,-0.049689432527941051,6.8153404410506435e-06
0.34318862275449102,-0.04205322265625,-0.042040533792059256,-1.2688864190743554e-05
0.34331337325349304,-0.02801513671875,-0.028027336570309022,1.2199851559022146e-05
0.34343812375249499,-0.009765625,-0.0097801161193935351,1.4491119393535146e-05
0.34356287425149701,0.009918212890625,0.0099312425331021786,-1.3029642477178568e-05
0.34368762475049902,0.028106689453125,0.028117703505740461,-1.1014052615460762e-05
0.34381237524950098,0.042022705078125,0.042024335427244729,-1.6303491197286468e-06
0.34393712574850299,0.049560546875,0.049547632347316649,1.2914527683351162e-05
0.34406187624750501,0.049560546875,0.049553684301610522,6.8625733894780994e-06
0.34418662674650696,0.04205322265625,0.042049072536317678,4.1501199323223936e-06
0.34431137724550898,0.028167724609375,0.028178734363794714,-1.1009754419713524e-05
0.34443612774451099,0.010040283203125,0.010051293864320285,-1.1010661195284821e-05
0.34456087824351295,-0.00958251953125,-0.009581495502924274,-1.0240283257259564e-06
0.34468562874251496,-0.027740478515625,-0.027742465195186229,1.9866795612291654e-06
0.34481037924151697,-0.04168701171875,-0.041680494511472502,-6.5172072774982714e-06
0.34493512974051899,-0.049285888671875,-0.049287261971236229,1.3732993612292077e-06
0.34505988023952094,-0.049407958984375,-0.049416154355637745,8.1953712627452768e-06
0.34518463073852296,-0.04205322265625,-0.042055095183956975,1.8725277069753243e-06
0.34530938123752497,-0.0283203125,-0.02832724338932972,6.9308893297197194e-06
0.34543413173652693,-0.01031494140625,-0.010319627999191287,4.6865929412866214e-06
0.34555888223552894,0.009246826171875,0.0092341363569322724,1.268981494272764e-05
0.34568363273453095,0.027374267578125,0.027368817957089672,5.4496210353284502e-06
0.34580838323353291,0.041351318359375,0.041337227880532498,1.4090478842501697e-05
0.34593313373253493,0.04901123046875,0.049026383446536308,-1.5152977786307698e-05
0.34605788423153694,0.049285888671875,0.049277132307539842,8.7563643351579179e-06
0.3461826347305389,0.04205322265625,0.042058889291763268,-5.6666355132684032e-06
0.34630738522954091,0.028472900390625,0.028473146325264414,-2.4593463941388616e-07
0.34643213572854292,0.010589599609375,0.010585394248399351,4.2053609756488586e-06
0.34655688622754494,-0.008880615234375,-0.0088888973440516463,8.2821096766463181e-06
0.34668163672654689,-0.027008056640625,-0.026996501823648763,-1.1554816976237087e-05
0.34680638722554891,-0.040985107421875,-0.040994281980350759,9.1745584757593757e-06
0.34693113772455092,-0.04876708984375,-0.048764747292543001,-2.3425512069991106e-06
0.34705588822355288,-0.04913330078125,-0.049136369794688842,3.0690134388416945e-06
0.34718063872255489,-0.04205322265625,-0.042060204493269256,6.9818370192556434e-06
0.3473053892215569,-0.02862548828125,-0.02861618798625859,-9.3002949914100519e-06
0.34743013972055886,-0.010833740234375,-0.010848330525915616,1.459029154061639e-05
0.34755489021956087,0.008544921875,0.0085460484849111881,-1.1266099111881256e-06
0.34767964071856289,0.026611328125,0.026625794580314045,-1.4466455314044585e-05
0.34780439121756485,0.0406494140625,0.040651941014670338,-2.5269521703383258e-06
0.34792914171656686,0.048492431640625,0.048502641813366505,-1.0210172741505208e-05
0.34805389221556887,0.048980712890625,0.048994156284440989,-1.3443393815988636e-05
0.34817864271457089,0.04205322265625,0.042059328308594289,-6.1056523442890032e-06
0.34830339321357284,0.02874755859375,0.028756651132938068,-9.0925391880679329e-06
0.34842814371257486,0.0111083984375,0.011108712744770101,-3.1430727010124671e-07
0.34855289421157687,-0.008209228515625,-0.0082053217621779768,-3.9067534470232229e-06
0.34867764471057883,-0.0262451171875,-0.026256435955784325,1.1318768284324793e-05
0.34880239520958084,-0.040313720703125,-0.040309951134743734,-3.7695683812663527e-06
0.34892714570858285,-0.048248291015625,-0.048239817287129158,-8.4737284958419368e-06
0.34905189620758481,-0.048858642578125,-0.048850243262940934,-8.3993151840655589e-06
0.34917664670658682,-0.04205322265625,-0.042056010332869639,2.787676619639412e-06
0.34930139720558884,-0.028900146484375,-0.028894280660075797,-5.8658242992025433e-06
0.34942614770459079,-0.0113525390625,-0.011366279005298581,1.3739942798580984e-05
0.34955089820359281,0.00787353515625,0.0078669869321961218,6.5482240538781988e-06
0.34967564870259482,0.02587890625,0.02588870343347011,-9.7971834701095217e-06
0.34980039920159678,0.03997802734375,0.039968596250303245,9.4310934467545238e-06
0.34992514970059879,0.0479736328125,0.047976561776529383,-2.928964029383363e-06
0.35004990019960081,0.0487060546875,0.04870492004526851,1.1346422314900684e-06
0.35017465069860282,0.04205322265625,0.042050538046048282,2.6846102017183404e-06
0.35029940119760478,0.029022216796875,0.029029359406241812,-7.1426093668121304e-06
0.35042415169660679,0.011627197265625,0.011621305404631866,5.8918609931336158e-06
0.3505489021956088,-0.007537841796875,-0.0075307757153760362,-7.0660814989638443e-06
0.35067365269461076,-0.0255126953125,-0.025522336441470523,9.6411289705229664e-06
0.35079840319361277,-0.039642333984375,-0.039627622219277604,-1.4711765097395746e-05
0.35092315369261479,-0.047698974609375,-0.047712625318083714,1.365070870871371e-05
0.35104790419161674,-0.048553466796875,-0.048557937964254845,4.4711673798450424e-06
0.35117265469061876,-0.04205322265625,-0.042042661001392007,-1.056165485799343e-05
0.35129740518962077,-0.0291748046875,-0.029161632341998485,-1.3172345501515081e-05
0.35142215568862273,-0.011871337890625,-0.011873530224977179,2.1923343521794425e-06
0.35154690618762474,0.0072021484375,0.0071969576077930012,5.1908297069988216e-06
0.35167165668662675,0.025146484375,0.025157612164060796,-1.1127789060795534e-05
0.35179640718562877,0.039276123046875,0.039287312658776045,-1.1189611901045449e-05
0.35192115768463073,0.047454833984375,0.047448295732716667,6.5382516583334382e-06
0.35204590818363274,0.04840087890625,0.048409586180647043,-8.7072743970434408e-06
0.35217065868263475,0.042022705078125,0.042032666635267696,-9.9615571426958649e-06
0.35229540918163671,0.029296875,0.029291382379585215,5.4926204147848212e-06
0.35242015968063872,0.012115478515625,0.012123229743094059,-7.751227469059499e-06
0.35254491017964074,-0.006866455078125,-0.0068652640715966724,-1.1910065283275706e-06
0.35266966067864269,-0.0247802734375,-0.024794269731674087,1.3996294174086626e-05
0.35279441117764471,-0.0389404296875,-0.038947413134786099,6.9834472860991204e-06
0.35291916167664672,-0.04718017578125,-0.047183322815006368,3.147033756367712e-06
0.35304391217564868,-0.048248291015625,-0.048259615871944397,1.1324856319397392e-05
0.35316866267465069,-0.042022705078125,-0.042020304455670114,-2.4006224548858701e-06
0.3532934131736527,-0.0294189453125,-0.029418354561109351,-5.9075139064931892e-07
0.35341816367265472,-0.012359619140625,-0.01237014241857755,1.0523277952549995e-05
0.35354291417165667,0.00653076171875,0.006535964346608328,-5.2026278583279864e-06
0.35366766467065869,0.024444580078125,0.024432586032374547,1.1994045750453319e-05
0.3537924151696607,0.038604736328125,0.038608206973220746,-3.4706450957461277e-06
0.35391716566866266,0.046905517578125,0.046917994143788319,-1.2476565663319117e-05
0.35404191616766467,0.048095703125,0.048108316042576926,-1.2612917576926286e-05
0.35416666666666669,0.0419921875,0.042005861852023416,-1.3674352023415604e-05
0.35429141716566864,0.029541015625,0.029542831868242813,-1.8162432428130149e-06
0.35441616766467066,0.012603759765625,0.012614544703391206,-1.0784937766206495e-05
0.35454091816367267,-0.006195068359375,-0.0062087896407061142,1.372128133111418e-05
0.35466566866267463,-0.024078369140625,-0.024072299901867704,-6.0692387572960915e-06
0.35479041916167664,-0.03826904296875,-0.038269439449577038,3.9648082703763743e-07
0.35491516966067865,-0.046661376953125,-0.046652059271428237,-9.3176816967632803e-06
0.35503992015968067,-0.047943115234375,-0.047955437712756455,1.2322478381454616e-05
0.35516467065868262,-0.0419921875,-0.041989088283718883,-3.0992162811174784e-06
0.35528942115768464,-0.0296630859375,-0.029664559410444689,1.4734729446887196e-06
0.35541417165668665,-0.012847900390625,-0.012856175230071761,8.2748394467611897e-06
0.35553892215568861,0.005889892578125,0.0058840089414483676,5.883636676632352e-06
0.35566367265469062,0.023712158203125,0.023713687934977971,-1.5297318529707005e-06
0.35578842315369263,0.037933349609375,0.037931393600026814,1.9560093481862939e-06
0.35591317365269459,0.04638671875,0.046385805534427504,9.1321557249557372e-07
0.35603792415169661,0.04779052734375,0.047801269728678972,-1.0742384928971727e-05
0.35616267465069862,0.041961669921875,0.041970271089944521,-8.6011680695205484e-06
0.35628742514970058,0.02978515625,0.029783820234647661,1.3360153523385432e-06
0.35641217564870259,0.013092041015625,0.013095310621350923,-3.2696057259227335e-06
0.3565369261477046,-0.00555419921875,-0.0055613532064562789,7.1539877062789387e-06
0.35666167664670656,-0.023345947265625,-0.023356488675644334,1.0541410019333786e-05
0.35678642714570857,-0.03759765625,-0.03759381441106513,-3.8418389348704451e-06
0.35691117764471059,-0.046112060546875,-0.046118982242711958,6.9216958369575088e-06
0.3570359281437126,-0.047637939453125,-0.047645562951379707,7.6234982547065955e-06
0.35716067864271456,-0.041961669921875,-0.041949159678223449,-1.2510243651550623e-05
0.35728542914171657,-0.0299072265625,-0.029900359513494828,-6.8670490051721267e-06
0.35741017964071858,-0.013336181640625,-0.013331689678315077,-4.4919623099232836e-06
0.35753493013972054,0.0052490234375,0.005241091175013664,7.9322624863360433e-06
0.35765968063872255,0.02301025390625,0.023000978428402128,9.2754778478719435e-06
0.35778443113772457,0.037261962890625,0.03725698463061116,4.9782600138395527e-06
0.35790918163672653,0.04583740234375,0.045851876490256509,-1.4474146506508745e-05
0.35803393213572854,0.0474853515625,0.047488606066962709,-3.2545044627088626e-06
0.35815868263473055,0.04193115234375,0.041926041334260804,5.1110094891962388e-06
0.35828343313373251,0.030029296875,0.030014460355055554,1.4836519944445847e-05
0.35840818363273452,0.013580322265625,0.013565589190066603,1.4733075558397493e-05
0.35853293413173654,-0.004913330078125,-0.0049229535584471885,9.6234803221885434e-06
0.35865768463073855,-0.02264404296875,-0.022646895448411527,2.8524796615268799e-06
0.35878243512974051,-0.03692626953125,-0.036920648957679589,-5.6205735704112358e-06
0.35890718562874252,-0.04559326171875,-0.045584237344389024,-9.024374360976084e-06
0.35903193612774453,-0.047332763671875,-0.047330149775465478,-2.6138964095215322e-06
0.35915668662674649,-0.041900634765625,-0.041900665410507666,3.0644882666186479e-08
0.3592814371257485,-0.030120849609375,-0.030125867991075899,5.0183817008990494e-06
0.35940618762475052,-0.0137939453125,-0.013796748121892266,2.8028093922664171e-06
0.35953093812375247,0.004608154296875,0.0046072088517460277,9.454451289723359e-07
0.35965568862275449,0.022308349609375,0.022294515752895649,1.3833856479350537e-05
0.3597804391217565,0.036590576171875,0.036585089853491778,5.4863183832215556e-06
0.35990518962075846,0.045318603515625,0.045316351656422275,2.2518592027245821e-06
0.36002994011976047,0.04718017578125,0.047170482601107906,9.6931801420938046e-06
0.36015469061876249,0.0418701171875,0.041873319136024233,-3.2019485242326673e-06
0.3602794411177645,0.030242919921875,0.030234865586681099,8.0543351939008079e-06
0.36040419161676646,0.0140380859375,0.014025443424911108,1.264251258889168e-05
0.36052894211576847,-0.004302978515625,-0.0042935875239391175,-9.3909916858824632e-06
0.36065369261477048,-0.021942138671875,-0.021943577311244442,1.4386393694422461e-06
0.36077844311377244,-0.0362548828125,-0.036250051731142825,-4.8310813571747491e-06
0.36090319361277445,-0.0450439453125,-0.045047968250971945,4.0229384719453476e-06
0.36102794411177647,-0.0469970703125,-0.047009355081173369,1.2284768673369306e-05
0.36115269461077842,-0.041839599609375,-0.04184375180504795,4.1521956729503873e-06
0.36127744510978044,-0.03033447265625,-0.030341198428681722,6.7257724317218437e-06
0.36140219560878245,-0.014251708984375,-0.01425141422425228,-2.9476012271961727e-07
0.36152694610778441,0.00396728515625,0.0039823578296911809,-1.5072673441180948e-05
0.36165169660678642,0.0216064453125,0.021594355856385163,1.2089456114836722e-05
0.36177644710578843,0.035919189453125,0.035915816766722355,3.3726864026445424e-06
0.36190119760479039,0.044769287109375,0.044779373736607925,-1.008662723292475e-05
0.36202594810379241,0.046844482421875,0.046847055576270356,-2.5731543953563807e-06
0.36215069860279442,0.04180908203125,0.041812250586873663,-3.1685556236629719e-06
0.36227544910179643,0.03045654296875,0.03044514973522643,1.139323352357044e-05
0.36240019960079839,0.01446533203125,0.014474937628731322,-9.6055974813224337e-06
0.3625249500998004,-0.003662109375,-0.0036732499996771869,1.1140624677186909e-05
0.36264970059880242,-0.021240234375,-0.021246589074913721,6.3546999137208127e-06
0.36277445109780437,-0.03558349609375,-0.035582129089004426,-1.3670047455741074e-06
0.36289920159680639,-0.044525146484375,-0.044510316695186833,-1.4829789188167131e-05
0.3630239520958084,-0.04669189453125,-0.046683334459230702,-8.5600720192979818e-06
0.36314870259481036,-0.041778564453125,-0.041778564714446645,2.6132164487879805e-10
0.36327345309381237,-0.030548095703125,-0.030546464844183416,-1.6308589415835184e-06
0.36339820359281438,-0.01470947265625,-0.01469575291903686,-1.3719737213140071e-05
0.36352295409181634,0.00335693359375,0.0033665320521976184,-9.5984584476183944e-06
0.36364770459081835,0.020904541015625,0.02090055241848314,3.9885971418601729e-06
0.36377245508982037,0.035247802734375,0.03524927059057794,-1.4678562029399322e-06
0.36389720558882238,0.04425048828125,0.04424108349251147,9.4047887385304008e-06
0.36402195608782434,0.0465087890625,0.046518479925387997,-9.690862887996865e-06
0.36414670658682635,0.041748046875,0.041742981294258741,5.0655807412591791e-06
0.36427145708582837,0.0306396484375,0.030645427022785585,-5.7785852855853082e-06
0.36439620758483032,0.014923095703125,0.014914137357394231,8.9583457307685493e-06
0.36452095808383234,-0.0030517578125,-0.0030619339835495822,1.0176171049582246e-05
0.36464570858283435,-0.02056884765625,-0.020555983293938207,-1.2864362311792998e-05
0.36477045908183631,-0.034912109375,-0.034916985117531614,4.8757425316139913e-06
0.36489520958083832,-0.043975830078125,-0.04397142246766874,-4.4076104562598695e-06
0.36501996007984033,-0.046356201171875,-0.046352242181491962,-3.9589903830378192e-06
0.36514471057884229,-0.041717529296875,-0.041705249494946153,-1.2279801928846701e-05
0.3652694610778443,-0.030731201171875,-0.030741781656012098,1.0580484137098084e-05
0.36539421157684632,-0.01513671875,-0.015129830375761771,-6.8883742382289809e-06
0.36551896207584833,0.00274658203125,0.0027597235796236672,-1.3141548373667156e-05
0.36564371257485029,0.02020263671875,0.020213156874688387,-1.0520155938387177e-05
0.3657684630738523,0.034576416015625,0.034585554280593608,-9.1382649686083672e-06
0.36589321357285431,0.043701171875,0.043701619743726945,-4.4786872694518864e-07
0.36601796407185627,0.046173095703125,0.046184909255999898,-1.1813552874898048e-05
0.36614271457085829,0.041656494140625,0.041665656357202464,-9.1622165774643549e-06
0.3662674650698603,0.03082275390625,0.030835812056247792,-1.3058149997791785e-05
0.36639221556886226,0.015350341796875,0.015343109385522561,7.2324113524393357e-06
0.36651696606786427,-0.002471923828125,-0.0024596306062455863,-1.229322187941374e-05
0.36664171656686628,-0.019866943359375,-0.019871810290845688,4.8669314706879796e-06
0.36676646706586824,-0.03424072265625,-0.034254721644838976,1.3998988588975747e-05
0.36689121756487025,-0.043426513671875,-0.043431423417062055,4.9097451870552811e-06
0.36701596806387227,-0.0460205078125,-0.046016231188007732,-4.2766244922678998e-06
0.36714071856287422,-0.0416259765625,-0.041623950982400328,-2.0255800996724083e-06
0.36726546906187624,-0.030914306640625,-0.030927263651692866,1.2957011067866314e-05
0.36739021956087825,-0.01556396484375,-0.015553713965689782,-1.0250878060218127e-05
0.36751497005988026,0.002166748046875,0.0021619226208494428,4.825426025557248e-06
0.36763972055888222,0.01953125,0.019532218440619763,-9.6844061976339435e-07
0.36776447105788423,0.033935546875,0.033924768540838424,1.0778334161576364e-05
0.36788922155688625,0.04315185546875,0.043161119368085268,-9.2638993352683885e-06
0.36801397205588821,0.04583740234375,0.045846495837557739,-9.0934938077394389e-06
0.36813872255489022,0.041595458984375,0.041580420342522705,1.5038641852295476e-05
0.36826347305389223,0.031005859375,0.031016419796035921,-1.0560421035921141e-05
0.36838822355289419,0.0157470703125,0.015761921672586478,-1.485136008647775e-05
0.3685129740518962,-0.001861572265625,-0.0018663291627371461,4.7568971121461461e-06
0.36863772455089822,-0.019195556640625,-0.019194118180458668,-1.4384601663315622e-06
0.36876247504990017,-0.033599853515625,-0.033595438254356708,-4.415261268292392e-06
0.36888722554890219,-0.042877197265625,-0.042890455450569714,1.3258184944714424e-05
0.3690119760479042,-0.045684814453125,-0.045675453074584385,-9.3613785406149175e-06
0.36913672654690621,-0.041534423828125,-0.041534813468776556,3.8964065155605576e-07
0.36926147704590817,-0.031097412109375,-0.031103025956860025,5.6138474850246645e-06
0.36938622754491018,-0.015960693359375,-0.015967472228060706,6.7788686857056524e-06
0.3695109780439122,0.0015869140625,0.0015731175648008419,1.3796497699158092e-05
0.36963572854291415,0.01885986328125,0.018857784136423347,2.0791448266527235e-06
0.36976047904191617,0.03326416015625,0.03326701183752423,-2.8516812742296338e-06
0.36988522954091818,0.042633056640625,0.042619717302398365,1.33393382266353e-05
0.37000998003992014,0.045501708984375,0.045503390589236414,-1.681604861414332e-06
0.37013473053892215,0.041473388671875,0.041487417261571347,-1.4028589696346572e-05
0.37025948103792417,0.03118896484375,0.03118736552533009,1.5993184199099286e-06
0.37038423153692612,0.01617431640625,0.016170643329197921,3.6730770520791711e-06
0.37050898203592814,-0.00128173828125,-0.0012820171437428764,2.7886249287642148e-07
0.37063373253493015,-0.018524169921875,-0.01852295289435002,-1.2170275249800966e-06
0.37075848303393216,-0.032928466796875,-0.032939232298547116,1.0765501672116429e-05
0.37088323353293412,-0.0423583984375,-0.042348652534903032,-9.7459025969678925e-06
0.37100798403193613,-0.045318603515625,-0.045330058080839689,1.1454565214688572e-05
0.37113273453093815,-0.04144287109375,-0.041437980679123382,-4.8904146266182114e-06
0.3712574850299401,-0.031280517578125,-0.031269184004630191,-1.1333573494809457e-05
0.37138223552894212,-0.016357421875,-0.016371174836526097,1.3752961526097146e-05
0.37150698602794413,0.001007080078125,0.00099329501181530974,1.378506630969026e-05
0.37163173652694609,0.0181884765625,0.01818989881122747,-1.422248727470099e-06
0.3717564870259481,0.032623291015625,0.032612380412855496,1.0910602769503841e-05
0.37188123752495011,0.042083740234375,0.042077546543618206,6.1936907567936017e-06
0.37200598802395207,0.045166015625,0.045155743068232355,1.0272556767644547e-05
0.37213073852295409,0.0413818359375,0.041386790547462388,-4.9546099623876128e-06
0.3722554890219561,0.031341552734375,0.031348764819649613,-7.2120852746132558e-06
0.37238023952095806,0.016571044921875,0.01656934458373617,1.7003381388297489e-06
0.37250499001996007,-0.000701904296875,-0.00070668026703696264,4.7759701619626413e-06
0.37262974051896208,-0.017852783203125,-0.017858358205343063,5.5750022180632575e-06
0.3727544910179641,-0.03228759765625,-0.032286198912878331,-1.3987433716694531e-06
0.37287924151696605,-0.04180908203125,-0.041806146697641086,-2.9353336089138482e-06
0.37300399201596807,-0.04498291015625,-0.04498019507874379,-2.7150775062101395e-06
0.37312874251497008,-0.04132080078125,-0.041333595749041087,1.2794967791086853e-05
0.37325349301397204,-0.03143310546875,-0.031425853505432234,-7.2519633177656195e-06
0.37337824351297405,-0.016754150390625,-0.016764892565916258,1.0742175291258288e-05
0.37350299401197606,0.00042724609375,0.00042243980490831284,4.8062888416871619e-06
0.37362774451097802,0.01751708984375,0.017528605167686253,-1.1515323936252958e-05
0.37375249500998003,0.031951904296875,0.031960968299146644,-9.0640022716442781e-06
0.37387724550898205,0.041534423828125,0.041534738150398709,-3.1432227370897792e-07
0.37400199600798401,0.0447998046875,0.044803701458544523,-3.8967710445231285e-06
0.37412674650698602,0.041290283203125,0.041278683032766654,1.1600170358345985e-05
0.37425149700598803,0.031494140625,0.031500733516891498,-6.5928918914978651e-06
0.37437624750499005,0.0169677734375,0.016958096749246709,9.6766882532912935e-06
0.374500998003992,-0.000152587890625,-0.00014030250865129022,-1.2285381973709778e-05
0.37462574850299402,-0.0172119140625,-0.017200375752096802,-1.153831040319811e-05
0.37475049900199603,-0.031646728515625,-0.031636431030111961,-1.0297485513038884e-05
0.37487524950099799,-0.041259765625,-0.041263068029012272,3.3024040122717202e-06
0.375,-0.04461669921875,-0.044626011561640436,9.3123428904356986e-06
0.37512475049900201,-0.041229248046875,-0.041221801202625918,-7.4468442490815967e-06
0.37524950099800397,-0.031585693359375,-0.031573150417253268,-1.2542942121732126e-05
0.37537425149700598,-0.01715087890625,-0.017148697259291454,-2.1816469585461684e-06
0.375499001996008,-0.000152587890625,-0.00013946493908014113,-1.3122951544858872e-05
0.37562375249500995,0.016876220703125,0.016873943786651895,2.276916473104712e-06
0.37574850299401197,0.03131103515625,0.031312867333235871,-1.8321769858706261e-06
0.37587325349301398,0.040985107421875,0.040991421245076785,-6.3138232017853624e-06
0.37599800399201599,0.04443359375,0.044447412560236418,-1.38188102364184e-05
0.37612275449101795,0.041168212890625,0.041163236927722828,4.9759629021720042e-06
0.37624750499001997,0.031646728515625,0.031643387687781493,3.3408278435065331e-06
0.37637225548902198,0.017333984375,0.017336972190631014,-2.9878156310135517e-06
0.37649700598802394,0.00042724609375,0.00041713386598387861,1.0112227766121394e-05
0.37662175648702595,-0.01654052734375,-0.016549045063811788,8.5177200617875259e-06
0.37674650698602796,-0.030975341796875,-0.030990019394816326,1.4677597941326059e-05
0.37687125748502992,-0.04071044921875,-0.040719544684046718,9.0954652967184524e-06
0.37699600798403193,-0.044281005859375,-0.044267653633746198,-1.3352225628801562e-05
0.37712075848303395,-0.041107177734375,-0.041102738930918085,-4.4388034569145529e-06
0.3772455089820359,-0.031707763671875,-0.031711190916268991,3.4272443939914465e-06
0.37737025948103792,-0.01751708984375,-0.017522661795233718,5.5719514837175577e-06
0.37749500998003993,-0.000701904296875,-0.0006924377984081952,-9.4664984668047999e-06
0.37761976047904194,0.0162353515625,0.01622595315186064,9.3984106393600608e-06
0.3777445109780439,0.030670166015625,0.030668167171102597,1.9988445224029816e-06
0.37786926147704591,0.040435791015625,0.040447723016018393,-1.1932000393392872e-05
0.37799401197604793,0.044097900390625,0.044087021779170225,1.0878611454774589e-05
0.37811876247504989,0.041046142578125,0.041040593798899551,5.5487792254491075e-06
0.3782435129740519,0.031768798828125,0.031776843606727334,-8.0447786023341017e-06
0.37836826347305391,0.0177001953125,0.01770604429207898,-5.8489795789797017e-06
0.37849301397205587,0.0009765625,0.0009656482710936144,1.0914228906385597e-05
0.37861776447105788,-0.015899658203125,-0.015904403584969817,4.7453818448166263e-06
0.3787425149700599,-0.03033447265625,-0.030347052578111312,1.2579921861311655e-05
0.37886726546906185,-0.0401611328125,-0.040175702885137152,1.457007263715171e-05
0.37899201596806387,-0.043914794921875,-0.043905266000119403,-9.5289217555971639e-06
0.37911676646706588,-0.040985107421875,-0.040976550170811449,-8.5572510635512078e-06
0.37924151696606784,-0.031829833984375,-0.031840091367921208,1.025738354620831e-05
0.37936626746506985,-0.01788330078125,-0.017886860055500189,3.559274250188732e-06
0.37949101796407186,-0.001251220703125,-0.0012364990155162793,-1.4721687608720705e-05
0.37961576846307388,0.015594482421875,0.015584669674710807,9.8127471641930308e-06
0.37974051896207583,0.030029296875,0.03002695530276674,2.3415722332602307e-06
0.37986526946107785,0.0399169921875,0.039903768720379915,1.3223467120085375e-05
0.37999001996007986,0.043731689453125,0.043722673117209225,9.0163359157749423e-06
0.38011477045908182,0.040924072265625,0.040910894548355205,1.3177717269795275e-05
0.38023952095808383,0.031890869140625,0.03190121772309,-1.0348582465000145e-05
0.38036427145708585,0.01806640625,0.018065387424854949,1.0188251450514441e-06
0.3804890219560878,0.001495361328125,0.0015052617696582422,-9.9004415332422293e-06
0.38061377245508982,-0.0152587890625,-0.015266486700115586,7.6976376155862836e-06
0.38073852295409183,-0.029693603515625,-0.029707616992702551,1.4013477077551295e-05
0.38086327345309379,-0.039642333984375,-0.039631666924981782,-1.0667059393218437e-05
0.3809880239520958,-0.043548583984375,-0.04353899195709577,-9.5920272792301975e-06
0.38111277445109781,-0.04083251953125,-0.040843375484443632,1.0855953193632251e-05
0.38123752495009983,-0.031951904296875,-0.031959968298421244,8.0640015462443704e-06
0.38136227544910178,-0.01824951171875,-0.018241366892899093,-8.1448258509066174e-06
0.3814870259481038,-0.00177001953125,-0.0017716704662604711,1.6509350104711336e-06
0.38161177644710581,0.01495361328125,0.0149501277191445,3.4855621055002867e-06
0.38173652694610777,0.029388427734375,0.029389317067423676,-8.893330486758888e-07
0.38186127744510978,0.03936767578125,0.039359681687232508,7.9940940174924591e-06
0.38198602794411179,0.043365478515625,0.043354509162884525,1.096935274047528e-05
0.38211077844311375,0.040771484375,0.040774279393281217,-2.795018281216699e-06
0.38223552894211577,0.032012939453125,0.032016626632889011,-3.6871797640114501e-06
0.38236027944111778,0.018402099609375,0.018415076915380565,-1.2977306005565459e-05
0.38248502994011974,0.002044677734375,0.0020359970426866722,8.6806916883277671e-06
0.38260978043912175,-0.0146484375,-0.014635327758785593,-1.3109741214406556e-05
0.38273453093812376,-0.029083251953125,-0.029071796908118872,-1.145504500612779e-05
0.38285928143712578,-0.039093017578125,-0.039087559169897909,-5.4584082270908718e-06
0.38298403193612773,-0.043182373046875,-0.043168973383182423,-1.3399663692577335e-05
0.38310878243512975,-0.04071044921875,-0.040703354739069636,-7.0944796803640298e-06
0.38323353293413176,-0.032073974609375,-0.032070938366638206,-3.0362427367938705e-06
0.38335828343313372,-0.018585205078125,-0.018586258099503688,1.0530213786878739e-06
0.38348303393213573,-0.002288818359375,-0.0022979756291808288,9.1572698058288091e-06
0.38360778443113774,0.014312744140625,0.014322359626523886,-9.6154858988863751e-06
0.3837325349301397,0.02874755859375,0.028755335668793087,-7.7770750430868063e-06
0.38385728542914171,0.038818359375,0.038815583321048515,2.7760539514851135e-06
0.38398203592814373,0.04296875,0.042982671082518346,-1.3921082518346395e-05
0.38410678642714569,0.040618896484375,0.040630887846084499,-1.1991361709498549e-05
0.3842315369261477,0.032135009765625,0.032123187050903064,1.1822714721936023e-05
0.38435628742514971,0.018768310546875,0.018755189013532878,1.3121533342121822e-05
0.38448103792415167,0.0025634765625,0.0025578783586457524,5.5982038542476062e-06
0.38460578842315368,-0.014007568359375,-0.014010958100395826,3.3897410208257733e-06
0.3847305389221557,-0.0284423828125,-0.028439674466159796,-2.7083463402036156e-06
0.38485528942115771,-0.038543701171875,-0.038543500063492303,-2.011083826969351e-07
0.38498003992015967,-0.04278564453125,-0.042795350730410388,9.7061991603877851e-06
0.38510479041916168,-0.040557861328125,-0.040556627087395949,-1.2342407290505397e-06
0.38522954091816369,-0.03216552734375,-0.032173118336404828,7.5909926548281548e-06
0.38535429141716565,-0.0189208984375,-0.018921610375184989,7.1193768498914456e-07
0.38547904191616766,-0.0028076171875,-0.0028154395550042963,7.8223675042963028e-06
0.38560379241516968,0.013702392578125,0.013701395740552321,9.9683757267925166e-07
0.38572854291417163,0.02813720703125,0.028125092190707135,1.2114840542865046e-05
0.38585329341317365,0.03826904296875,0.038271593105593839,-2.5501368438388128e-06
0.38597804391217566,0.0426025390625,0.042607298611800827,-4.7595493008270595e-06
0.38610279441117762,0.04046630859375,0.04048085869497569,-1.4550101225689616e-05
0.38622754491017963,0.0322265625,0.032221015783222874,5.5467167771258707e-06
0.38635229540918165,0.019073486328125,0.019085800861332429,-1.2314533207428979e-05
0.38647704590818366,0.003082275390625,0.0030709315429230826,1.1343847701917372e-05
0.38660179640718562,-0.013397216796875,-0.013393407079222066,-3.8097176529340582e-06
0.38672654690618763,-0.027801513671875,-0.027811329696633594,9.8160247585937777e-06
0.38685129740518964,-0.037994384765625,-0.037999608130734601,5.2233651096009193e-06
0.3869760479041916,-0.04241943359375,-0.04241826301613378,-1.1705776162204695e-06
0.38710079840319361,-0.0404052734375,-0.040403330948400706,-1.9424890992936206e-06
0.38722554890219563,-0.032257080078125,-0.032266625049272059,9.5449711470588228e-06
0.38735029940119758,-0.019256591796875,-0.01924750129636003,-9.0905005149695406e-06
0.3874750499001996,-0.003326416015625,-0.0033240888362364852,-2.327179388514778e-06
0.38759980039920161,0.013092041015625,0.013087264432321543,4.7765833034573574e-06
0.38772455089820357,0.027496337890625,0.027498665612920362,-2.3277222953622945e-06
0.38784930139720558,0.0377197265625,0.037727828608139009,-8.1020456390093476e-06
0.38797405189620759,0.042236328125,0.042228530047810804,7.79807718919584e-06
0.38809880239520961,0.040313720703125,0.040324329985002696,-1.0609281877696497e-05
0.38822355289421157,0.032318115234375,0.032310229700153466,7.8855342215342072e-06
0.38834830339321358,0.0194091796875,0.019406990461886632,2.1892256133679289e-06
0.38847305389221559,0.003570556640625,0.0035751839475783747,-4.6273069533747137e-06
0.38859780439121755,-0.012786865234375,-0.012782702089419768,-4.1631449552315819e-06
0.38872255489021956,-0.027191162109375,-0.027186840533237142,-4.3215761378577466e-06
0.38884730538922158,-0.037445068359375,-0.03745599998235008,1.0931622975079991e-05
0.38897205588822353,-0.042022705078125,-0.042037847815274962,1.5142737149961838e-05
0.38909680638722555,-0.040252685546875,-0.040243603988586625,-9.0815582883749246e-06
0.38922155688622756,-0.0323486328125,-0.032351575397651371,2.9425851513706358e-06
0.38934630738522952,-0.019561767578125,-0.019564009285131485,2.2417070064846556e-06
0.38947105788423153,-0.003814697265625,-0.0038239515768974429,9.2543112724429236e-06
0.38959580838323354,0.012481689453125,0.012479992125302835,1.6973278221654037e-06
0.3897205588822355,0.026885986328125,0.026876132827093894,9.8535010311061322e-06
0.38984530938123751,0.03717041015625,0.037184405484044065,-1.3995327794065482e-05
0.38997005988023953,0.041839599609375,0.041846502241484541,-6.9026321095413956e-06
0.39009481037924154,0.0401611328125,0.040161438999566229,-3.0618706622909109e-07
0.3902195608782435,0.032379150390625,0.032390945709596948,-1.1795318971948021e-05
0.39034431137724551,0.01971435546875,0.019718836648636918,-4.4811798869184849e-06
0.39046906187624753,0.004058837890625,0.0040706644210939703,-1.1826530468970337e-05
0.39059381237524948,-0.012176513671875,-0.012178868590031628,2.3549181566284022e-06
0.3907185628742515,-0.026580810546875,-0.02656628282967969,-1.4527717195310375e-05
0.39084331337325351,-0.03692626953125,-0.036912790319561121,-1.3479211688878501e-05
0.39096806387225547,-0.041656494140625,-0.041654241253009393,-2.2528876156072131e-06
0.39109281437125748,-0.040069580078125,-0.04007758310372795,8.0030256029497981e-06
0.39121756487025949,-0.032440185546875,-0.032428086298372107,-1.20992485028934e-05
0.39134231536926145,-0.019866943359375,-0.019871213578686479,4.2702193114793618e-06
0.39146706586826346,-0.004302978515625,-0.0043150573624530335,1.2078846828033479e-05
0.39159181636726548,0.011871337890625,0.011879603320415089,-8.2654297900892904e-06
0.39171656686626749,0.0262451171875,0.026257568653064549,-1.2451465564548847e-05
0.39184131736526945,0.036651611328125,0.036641437481690478,1.0173846434521905e-05
0.39196606786427146,0.041473388671875,0.041461350590514964,1.2038081360035702e-05
0.39209081836327347,0.03997802734375,0.039992322242362516,-1.4294898612515761e-05
0.39221556886227543,0.032470703125,0.032463280730816106,7.4223941838938434e-06
0.39234031936127745,0.02001953125,0.020021419054953069,-1.8878049530685059e-06
0.39246506986027946,0.004547119140625,0.0045574032783824358,-1.0284137757435828e-05
0.39258982035928142,-0.0115966796875,-0.011581930130114527,-1.4749557385472511e-05
0.39271457085828343,-0.02593994140625,-0.025949730376007511,9.7889697575105628e-06
0.39283932135728544,-0.036376953125,-0.03637009193921182,-6.8611857881803462e-06
0.3929640718562874,-0.041259765625,-0.041267577997879827,7.8123728798271119e-06
0.39308882235528941,-0.0399169921875,-0.039905404401059524,-1.1587786440475645e-05
0.39321357285429143,-0.032501220703125,-0.032496274666682402,-4.9460364425976677e-06
0.39333832335329344,-0.020172119140625,-0.020169194199002063,-2.9249416229372438e-06
0.3934630738522954,-0.004791259765625,-0.0047974372298027123,6.1774641777123315e-06
0.39358782435129741,0.01129150390625,0.011286120621117304,5.3832851326963971e-06
0.39371257485029942,0.025634765625,0.025643045855201184,-8.2802302011839024e-06
0.39383732534930138,0.036102294921875,0.03609903644773068,3.2584741443200671e-06
0.39396207584830339,0.04107666015625,0.041073209032684785,3.4511235652151528e-06
0.39408682634730541,0.039825439453125,0.03981711541982659,8.3240332984096943e-06
0.39421157684630737,0.03253173828125,0.032527351668611704,4.3866126382963166e-06
0.39433632734530938,0.02032470703125,0.02031481808394962,9.8889473003800632e-06
0.39446107784431139,0.005035400390625,0.0050354322708903547,-3.188026535469457e-08
0.39458582834331335,-0.010986328125,-0.010991908373796261,5.5802487962611919e-06
0.39471057884231536,-0.02532958984375,-0.025337254915085674,7.6650713356739286e-06
0.39483532934131738,-0.03582763671875,-0.035828015739185592,3.7902043559245868e-07
0.39496007984031933,-0.040863037109375,-0.040877991255347745,1.4954145972745359e-05
0.39508483033932135,-0.03973388671875,-0.039727203181921564,-6.683536828436254e-06
0.39520958083832336,-0.032562255859375,-0.032556257390602111,-5.9984687728886765e-06
0.39533433133732537,-0.02044677734375,-0.020458031922891581,1.1254579141580651e-05
0.39545908183632733,-0.005279541015625,-0.0052711236375194391,-8.4173781055608965e-06
0.39558383233532934,0.010711669921875,0.010699564758474375,1.210516340062473e-05
0.39570858283433136,0.0250244140625,0.025032635159061976,-8.2210965619763932e-06
0.39583333333333331,0.035552978515625,0.035557312332715994,-4.3338170909942852e-06
0.39595808383233533,0.040679931640625,0.040682210039626243,-2.2783990012431588e-06
0.39608283433133734,0.039642333984375,0.039635953423986237,6.3805603887634454e-06
0.3962075848303393,0.0325927734375,0.032583275387941188,9.4980495588120606e-06
0.39633233532934131,0.020599365234375,0.020599114878695847,2.5035567915304702e-07
0.39645708582834333,0.0054931640625,0.0055047845569168629,-1.1620494416862866e-05
0.39658183632734528,-0.010406494140625,-0.010408823125403019,2.3289847780189055e-06
0.3967065868263473,-0.02471923828125,-0.024728926159340928,9.6878780909276374e-06
0.39683133732534931,-0.0352783203125,-0.035286670724179611,8.3504116796112582e-06
0.39695608782435132,-0.040496826171875,-0.040485612761760485,-1.1213410114514766e-05
0.39708083832335328,-0.03955078125,-0.03954311392486861,-7.6673251313899571e-06
0.39720558882235529,-0.032623291015625,-0.032608151305748345,-1.5139709876654805e-05
0.39733033932135731,-0.020751953125,-0.020737808252318194,-1.4144872681805948e-05
0.39745508982035926,-0.0057373046875,-0.0057361504361927006,-1.1542513072993615e-06
0.39757984031936128,0.0101318359375,0.010119954616326639,1.1881321173360521e-05
0.39770459081836329,0.0244140625,0.024426405268162192,-1.2342768162192097e-05
0.39782934131736525,0.035003662109375,0.035016373197006893,-1.2711087631893381e-05
0.39795409181636726,0.040283203125,0.040288484610994893,-5.281485994892976e-06
0.39807884231536927,0.039459228515625,0.039448970315796618,1.0258199828382109e-05
0.39820359281437123,0.032623291015625,0.03263116868889003,-7.877673265030416e-06
0.39832834331337325,0.0208740234375,0.020874391292685347,-3.6785518534726558e-07
0.39845309381237526,0.005950927734375,0.0059654946720009558,-1.4566937625955755e-05
0.39857784431137727,-0.00982666015625,-0.009832692354551616,6.0321983016160124e-06
0.39870259481037923,-0.024139404296875,-0.024124811807611491,-1.4592489263508951e-05
0.39882734530938124,-0.034759521484375,-0.034746164011775278,-1.3357472599721809e-05
0.39895209580838326,-0.04010009765625,-0.040090572778733929,-9.5248775160705623e-06
0.39907684630738521,-0.03936767578125,-0.039353270269201351,-1.4405512048648594e-05
0.39920159680638723,-0.03265380859375,-0.032652073170535527,-1.7354232144731196e-06
0.39932634730538924,-0.02099609375,-0.02100860538502098,1.2511635020980016e-05
0.3994510978043912,-0.006195068359375,-0.0061925528389914462,-2.5155203835537654e-06
0.39957584830339321,0.009552001953125,0.0095473072563756773,4.6946967493226993e-06
0.39970059880239522,0.023834228515625,0.023824422880919054,9.8056347059456705e-06
0.39982534930139718,0.03448486328125,0.034476325217030881,8.538064219118513e-06
0.39995009980039919,0.039886474609375,0.039892162269070476,-5.6876596954760772e-06
0.40007485029940121,0.03924560546875,0.039256299308905014,-1.0693840155014123e-05
0.40019960079840322,0.032684326171875,0.032671148282106613,1.3177889768387074e-05
0.40032435129740518,0.021148681640625,0.02114072986066573,7.9517799592698779e-06
0.40044910179640719,0.00640869140625,0.0064175984995687198,-8.9070933187197776e-06
0.40057385229540921,-0.00927734375,-0.0092635322212914293,-1.3811528708570706e-05
0.40069860279441116,-0.023529052734375,-0.023524977562215291,-4.0751721597093171e-06
0.40082335329341318,-0.034210205078125,-0.034206600838872676,-3.6042392523236155e-06
0.40094810379241519,-0.039703369140625,-0.039693000087960513,-1.0369052664487011e-05
0.40107285429141715,-0.039154052734375,-0.0391578049989686,3.7522645935997301e-06
0.40119760479041916,-0.032684326171875,-0.032688139641818742,3.8134699437419872e-06
0.40132235528942117,-0.021270751953125,-0.02127050618549365,-2.457676313502577e-07
0.40144710578842313,-0.00665283203125,-0.0066403673923029621,-1.2464638947037865e-05
0.40157185628742514,0.00897216796875,0.0089816379433261002,-9.4699745761001736e-06
0.40169660678642716,0.023223876953125,0.023226752707834301,-2.8757547093014035e-06
0.40182135728542911,0.033935546875,0.033937272691826094,-1.7258168260939066e-06
0.40194610778443113,0.03948974609375,0.039493371053755534,-3.6249600055340836e-06
0.40207085828343314,0.0390625,0.03905807275387229,4.427246127709783e-06
0.40219560878243515,0.03271484375,0.032703330764643601,1.1512985356398886e-05
0.40232035928143711,0.021392822265625,0.021398213769701777,-5.3915040767772704e-06
0.40244510978043913,0.006866455078125,0.0068611332416947026,5.3218364302973914e-06
0.40256986027944114,-0.008697509765625,-0.008701357101244641,3.8473356196409847e-06
0.4026946107784431,-0.022918701171875,-0.022929487146141316,1.0785974266316195e-05
0.40281936127744511,-0.033660888671875,-0.033668084568389399,7.1958965143989473e-06
0.40294411177644712,-0.039306640625,-0.039293021986404664,-1.3618638595336297e-05
0.40306886227544908,-0.038970947265625,-0.03895685002739558,-1.4097238229419939e-05
0.40319361277445109,-0.03271484375,-0.032716467250890356,1.6235008903561776e-06
0.40331836327345311,-0.021514892578125,-0.021523594156236926,8.7015781119262336e-06
0.40344311377245506,-0.007080078125,-0.0070796319466360155,-4.4617836398447297e-07
0.40356786427145708,0.0084228515625,0.0084229601699697364,-1.0860746973637148e-07
0.40369261477045909,0.02264404296875,0.022633457488766932,1.0585479983067636e-05
0.4038173652694611,0.03338623046875,0.03339931804994524,-1.3087581195239673e-05
0.40394211576846306,0.039093017578125,0.039092237517984116,7.8006014088416453e-07
0.40406686626746507,0.038848876953125,0.038854422122811719,-5.5451696867186984e-06
0.40419161676646709,0.03271484375,0.032727832596153777,-1.2988846153777489e-05
0.40431636726546905,0.021636962890625,0.021646926830633188,-9.963940008187594e-06
0.40444111776447106,0.007293701171875,0.0072961373900913163,-2.4362182163163021e-06
0.40456586826347307,-0.008148193359375,-0.0081461796106950778,-2.0137486799222393e-06
0.40469061876247503,-0.0223388671875,-0.02233840232047641,-4.6486702359044285e-07
0.40481536926147704,-0.03314208984375,-0.033130716696287046,-1.1373147462953592e-05
0.40494011976047906,-0.03887939453125,-0.038890764281920169,1.1369750670169043e-05
0.40506487025948101,-0.03875732421875,-0.038750536381762221,-6.7878369877788503e-06
0.40518962075848303,-0.032745361328125,-0.03273717237993929,-8.1889481857097546e-06
0.40531437125748504,-0.021759033203125,-0.021767953409372588,8.9202062475875199e-06
0.40543912175648705,-0.00750732421875,-0.007510385627644482,3.0614088944820247e-06
0.40556387225548901,0.00787353515625,0.0078712856823495315,2.249473900468521e-06
0.40568862275449102,0.02203369140625,0.022044598010401168,-1.0906604151168092e-05
0.40581337325349304,0.032867431640625,0.032862561856588805,4.869784036194702e-06
0.40593812375249499,0.0386962890625,0.038688886723529693,7.4023389703067877e-06
0.40606287425149701,0.03863525390625,0.0386454779944857,-1.0224088235699647e-05
0.40618762475049902,0.032745361328125,0.032744770075572728,5.9125255227193696e-07
0.40631237524950098,0.021881103515625,0.021886953449808077,-5.8499341830768603e-06
0.40643712574850299,0.007720947265625,0.0077226506971856557,-1.7034315606557354e-06
0.40656187624750501,-0.007598876953125,-0.0075980106317009109,-8.6632142408914203e-07
0.40668662674650696,-0.021759033203125,-0.021751782901912691,-7.2503012123088795e-06
0.40681137724550898,-0.0325927734375,-0.032594596858896242,1.8234213962423085e-06
0.40693612774451099,-0.038482666015625,-0.038486351289248176,3.6852736231759997e-06
0.40706087824351295,-0.038543701171875,-0.038538994188695393,-4.7069831796073269e-06
0.40718562874251496,-0.032745361328125,-0.032750371238888458,5.0099107634579698e-06
0.40731037924151697,-0.022003173828125,-0.022003668638497342,4.9481037234233582e-07
0.40743512974051899,-0.0079345703125,-0.0079326688073835597,-1.9015051164403274e-06
0.40755988023952094,0.00732421875,0.0073266245048194678,-2.4057548194678091e-06
0.40768463073852296,0.021453857421875,0.021460233123865965,-6.3757019909647938e-06
0.40780938123752497,0.032318115234375,0.032327102821105708,-8.9875867307076529e-06
0.40793413173652693,0.03826904296875,0.038283442237198137,-1.4399268448136993e-05
0.40805888223552894,0.038421630859375,0.038431370039823443,-9.7391804484425748e-06
0.40818363273453095,0.032745361328125,0.032754259318127699,-8.8979900026986414e-06
0.40830838323353291,0.022125244140625,0.022118378601134282,6.8655394907177203e-06
0.40843313373253493,0.008148193359375,0.0081407141474673199,7.4792119076801111e-06
0.40855788423153694,-0.007049560546875,-0.0070568593371896455,7.2987903146455244e-06
0.4086826347305389,-0.02117919921875,-0.021169686780440566,-9.5124383094336018e-06
0.40880738522954091,-0.032073974609375,-0.032059822840508512,-1.4151768866488279e-05
0.40893213572854292,-0.0380859375,-0.038079905826412977,-6.0316735870230564e-06
0.40905688622754494,-0.038330078125,-0.038322352659910117,-7.7254650898833654e-06
0.40918163672654689,-0.032745361328125,-0.032756179842637553,1.0818514512553334e-05
0.40930638722554891,-0.022216796875,-0.022230825090931269,1.4028215931268656e-05
0.40943113772455092,-0.00836181640625,-0.0083465230756513964,-1.5293330598603605e-05
0.40955588822355288,0.00677490234375,0.0067889849651291056,-1.4082621379105618e-05
0.40968063872255489,0.0208740234375,0.02088041976246283,-6.3963249628297414e-06
0.4098053892215569,0.03179931640625,0.031793037804729238,6.2786015207622059e-06
0.40993013972055886,0.037872314453125,0.037876026127425431,-3.7116743004314556e-06
0.41005489021956087,0.0382080078125,0.038212227007867777,-4.219195367777262e-06
0.41017964071856289,0.032745361328125,0.032756416232807888,-1.1054904682887556e-05
0.41030439121756485,0.0223388671875,0.022341287798485609,-2.4206109856088343e-06
0.41042914171656686,0.008544921875,0.0085503699289753987,-5.4480539753987145e-06
0.41055389221556887,-0.00653076171875,-0.0065227332159867963,-8.0285027632036668e-06
0.41067864271457089,-0.020599365234375,-0.020592169937184136,-7.1952971908637031e-06
0.41080339321357284,-0.031524658203125,-0.031526490581303454,1.8323781784540527e-06
0.41092814371257486,-0.03765869140625,-0.037671549211503605,1.2857805253604915e-05
0.41105289421157687,-0.0380859375,-0.038100740078375127,1.4802578375126829e-05
0.41117764471057883,-0.032745361328125,-0.032754713988733142,9.3526606081417718e-06
0.41130239520958084,-0.0224609375,-0.022449508540246337,-1.1428959753662787e-05
0.41142714570858285,-0.008758544921875,-0.0087519912116487027,-6.5537102262973324e-06
0.41155189620758481,0.006256103515625,0.0062583737194826204,-2.2702038576204175e-06
0.41167664670658682,0.020294189453125,0.020305212959607227,-1.102350648222658e-05
0.41180139720558884,0.03125,0.031260461828624769,-1.0461828624769298e-05
0.41192614770459079,0.0374755859375,0.037466758961241346,8.8269762586537515e-06
0.41205089820359281,0.037994384765625,0.037988176712154473,6.2080534705272195e-06
0.41217564870259482,0.032745361328125,0.032751356500210993,-5.9951720859929836e-06
0.41230039920159678,0.022552490234375,0.022555767068353497,-3.2768339784973455e-06
0.41242514970059879,0.008941650390625,0.0089516614049736376,-1.0011014348637604e-05
0.41254990019960081,-0.0059814453125,-0.0059956380979042613,1.419278540426127e-05
0.41267465069860282,-0.02001953125,-0.020019286462342908,-2.447876570922658e-07
0.41279940119760478,-0.031005859375,-0.030994694185505475,-1.1165189494524719e-05
0.41292415169660679,-0.037261962890625,-0.037261401259825661,-5.6163079933946314e-07
0.4130489021956088,-0.037872314453125,-0.037874283784887053,1.9693317620528283e-06
0.41317365269461076,-0.032745361328125,-0.03274608923539208,7.2790726707988584e-07
0.41329840319361277,-0.022674560546875,-0.02265980525911537,-1.4755287759630337e-05
0.41342315369261479,-0.0091552734375,-0.0091491171556964714,-6.156281803528646e-06
0.41354790419161674,0.0057373046875,0.0057347957775242082,2.5089099757917913e-06
0.41367265469061876,0.019744873046875,0.019734665866828656,1.0207180046344078e-05
0.41379740518962077,0.030731201171875,0.030729468082183183,1.7330896918167638e-06
0.41392215568862273,0.03704833984375,0.037055759801620687,-7.4199578706871105e-06
0.41404690618762474,0.037750244140625,0.037759346017496809,-9.1018768718087451e-06
0.41417165668662675,0.032745361328125,0.032739195550791578,6.1657773334222732e-06
0.41429640718562877,0.02276611328125,0.022761902922885883,4.2103583641171782e-06
0.41442115768463073,0.00933837890625,0.0093446330858590592,-6.2541796090592044e-06
0.41454590818363274,-0.005462646484375,-0.0054755781787082947,1.2931694333294733e-05
0.41467065868263475,-0.019439697265625,-0.019451088573300794,1.1391307675794049e-05
0.41479540918163671,-0.03045654296875,-0.030464525929843556,7.9829610935555628e-06
0.41492015968063872,-0.036834716796875,-0.036849580281446921,1.4863484571921159e-05
0.41504491017964074,-0.037628173828125,-0.037643110165079076,1.4936336954075868e-05
0.41516966067864269,-0.032745361328125,-0.032730420879973667,-1.4940448151333496e-05
0.41529441117764471,-0.022857666015625,-0.022861801992516716,4.1359768917156869e-06
0.41541916167664672,-0.009552001953125,-0.0095379459812419513,-1.4055971883048662e-05
0.41554391217564868,0.005218505859375,0.0052182545273749209,2.513320000790617e-07
0.41566866267465069,0.0191650390625,0.019168829771942418,-3.7907094424180499e-06
0.4157934131736527,0.03021240234375,0.030200147931635286,1.225441211471362e-05
0.41591816367265472,0.036651611328125,0.036643146205196507,8.4651229284929408e-06
0.41604291417165667,0.03753662109375,0.037525860827203369,1.0760266546630537e-05
0.41616766467065869,0.03271484375,0.032720048543531104,-5.2047935311036464e-06
0.4162924151696607,0.02294921875,0.022959782333244791,-1.0563583244790897e-05
0.41641716566866266,0.009735107421875,0.0097293306011792726,5.7768206957273943e-06
0.41654191616766467,-0.004974365234375,-0.0049625560451020574,-1.1809189272942583e-05
0.41666666666666669,-0.018890380859375,-0.018887626632859169,-2.7542265158310431e-06
0.41679141716566864,-0.029937744140625,-0.029936076272247047,-1.6678683779532133e-06
0.41691616766467066,-0.03643798828125,-0.036436203079092927,-1.785202157073007e-06
0.41704091816367267,-0.03741455078125,-0.037407344636842782,-7.206144407218007e-06
0.41716566866267463,-0.03271484375,-0.032707823937821678,-7.0198121783215939e-06
0.41729041916167664,-0.023040771484375,-0.023055585931189688,1.4814446814687826e-05
0.41741516966067865,-0.009918212890625,-0.0099185238670083855,3.1097638338549449e-07
0.41753992015968067,0.00469970703125,0.0047087517605509102,-9.0447293009101801e-06
0.41766467065868262,0.01861572265625,0.018607754117297742,7.9685389522583805e-06
0.41778942115768464,0.0296630859375,0.029672590928879094,-9.5049913790938578e-06
0.41791417165668665,0.036224365234375,0.036229034220349482,-4.668985974481954e-06
0.41803892215568861,0.03729248046875,0.037287846070700105,4.6343980498950166e-06
0.41816367265469062,0.032684326171875,0.032694030344960684,-9.7041730856839425e-06
0.41828842315369263,0.023162841796875,0.023149492703216298,1.3349093658701627e-05
0.41841317365269459,0.010101318359375,0.010105800671932357,-4.4823125573568295e-06
0.41853792415169661,-0.00445556640625,-0.0044565726996140791,1.0062933640791333e-06
0.41866267465069862,-0.018341064453125,-0.018328949167550672,-1.2115285574328116e-05
0.41878742514970058,-0.0294189453125,-0.029409433860853849,-9.5114516461512755e-06
0.41891217564870259,-0.0360107421875,-0.036021384946418128,1.0642758918127937e-05
0.4190369261477046,-0.03717041015625,-0.037167111638150396,-3.2985180996036867e-06
0.41916167664670656,-0.032684326171875,-0.032678413121529637,-5.9130503453630467e-06
0.41928642714570857,-0.02325439453125,-0.023241244685482915,-1.3149845767085333e-05
0.41941117764471059,-0.010284423828125,-0.010290898069393416,6.4742412684160727e-06
0.4195359281437126,0.00421142578125,0.0042062876968375741,5.1380844124258515e-06
0.41966067864271456,0.01806640625,0.018051486518215434,1.4919731784565626e-05
0.41978542914171657,0.029144287109375,0.029146884820595468,-2.597711220467952e-06
0.41991017964071858,0.03582763671875,0.035813538385659399,1.4098333090600823e-05
0.42003493013972054,0.03704833984375,0.037045425691568871,2.9141521811285043e-06
0.42015968063872255,0.03265380859375,0.032661255508625128,-7.4469148751282743e-06
0.42028443113772457,0.023345947265625,0.023331121843247,1.4825422378000191e-05
0.42040918163672653,0.010467529296875,0.010474091083015811,-6.5617861408108491e-06
0.42053393213572854,-0.00396728515625,-0.0039576275855246652,-9.6575707253347687e-06
0.42065868263473055,-0.01776123046875,-0.017775102886102481,1.3872417352480543e-05
0.42078343313373251,-0.02886962890625,-0.028884685543221666,1.5056636971665788e-05
0.42090818363273452,-0.035614013671875,-0.035605239666621956,-8.7740052530441148e-06
0.42103293413173654,-0.03692626953125,-0.036922534615297757,-3.734915952242901e-06
0.42115768463073855,-0.03265380859375,-0.032642302820553915,-1.1505773196085478e-05
0.42128243512974051,-0.023406982421875,-0.023418866259483372,1.1883837608372277e-05
0.42140718562874252,-0.010650634765625,-0.010655116894985994,4.4821293609942359e-06
0.42153193612774453,0.00372314453125,0.0037108610091986923,1.2283522051307651e-05
0.42165668662674649,0.017486572265625,0.017500072781460388,-1.3500515835387916e-05
0.4217814371257485,0.02862548828125,0.028623115557583883,2.3727236661170992e-06
0.42190618762475052,0.035400390625,0.03539677172870119,3.6188962988098483e-06
0.42203093812375247,0.03680419921875,0.036798722635980934,5.4765827690664293e-06
0.42215568862275449,0.032623291015625,0.032621838254918406,1.4527607065939474e-06
0.4222804391217565,0.02349853515625,0.02350475794470051,-6.222788450509914e-06
0.42240518962075846,0.010833740234375,0.010834250655927679,-5.104215526786221e-07
0.42252994011976047,-0.00347900390625,-0.0034657186116546527,-1.3285294595347281e-05
0.42265469061876249,-0.0172119140625,-0.01722613269796127,1.4218635461270279e-05
0.4227794411177645,-0.028350830078125,-0.028361916375818863,1.1086297693863045e-05
0.42290419161676646,-0.035186767578125,-0.035187879511440756,1.1119333157560973e-06
0.42302894211576847,-0.03668212890625,-0.036673736011544396,-8.3928947056041703e-06
0.42315369261477048,-0.0325927734375,-0.032599607081283961,6.8336437839613962e-06
0.42327844311377244,-0.023590087890625,-0.023588539025508566,-1.5488651164338729e-06
0.42340319361277445,-0.011016845703125,-0.011011229673370751,-5.6160297542493659e-06
0.42352794411177647,0.00323486328125,0.0032224688485038865,1.2394432746113456e-05
0.42365269461077842,0.0169677734375,0.01695355692385471,1.4216513645290418e-05
0.42377744510978044,0.028106689453125,0.028101367304396465,5.3221487285350089e-06
0.42390219560878245,0.03497314453125,0.034978845765199683,-5.7012339496828601e-06
0.42402694610778441,0.03656005859375,0.036547858841543303,1.2199752206697168e-05
0.42415169660678642,0.032562255859375,0.032575892451312302,-1.3636591937302156e-05
0.42427644710578843,0.023681640625,0.023670489554512442,1.1151070487557674e-05
0.42440119760479039,0.011199951171875,0.011186329221591785,1.3621950283215084e-05
0.42452594810379241,-0.00299072265625,-0.0029808421771401901,-9.8804791098098567e-06
0.42465069860279442,-0.016693115234375,-0.016682081731993106,-1.1033502381893601e-05
0.42477544910179643,-0.02783203125,-0.027841209633726129,9.1783837261293078e-06
0.42490019960079839,-0.034759521484375,-0.034769415240464598,9.8937560895975829e-06
0.4250249500998004,-0.036407470703125,-0.036420837256154158,1.3366553029157957e-05
0.42514970059880242,-0.032562255859375,-0.032550439587441374,-1.1816271933626221e-05
0.42527445109780437,-0.02374267578125,-0.02375035169885668,7.6759176066802659e-06
0.42539920159680639,-0.0113525390625,-0.011359286730097735,6.7476675977354295e-06
0.4255239520958084,0.00274658203125,0.0027411068683237541,5.4751629262458565e-06
0.42564870259481036,0.01641845703125,0.016411981190988582,6.4758402614183141e-06
0.42577345309381237,0.027587890625,0.027581722449158956,6.1681758410439547e-06
0.42589820359281438,0.0345458984375,0.034559870498529918,-1.3972061029918215e-05
0.42602295409181634,0.036285400390625,0.036292955226537353,-7.5548359123531195e-06
0.42614770459081835,0.03253173828125,0.032523531592994877,8.2066882551232179e-06
0.42627245508982037,0.023834228515625,0.023828405550135323,5.8229654896768679e-06
0.42639720558882238,0.01153564453125,0.011530377593465245,5.2669377847546633e-06
0.42652195608782434,-0.00250244140625,-0.002502993196145901,5.5178989590096844e-07
0.42664670658682635,-0.016143798828125,-0.016142991355203903,-8.0747292109661917e-07
0.42677145708582837,-0.027313232421875,-0.027322646820633321,9.4143987583207578e-06
0.42689620758483032,-0.03436279296875,-0.034349956100807627,-1.2836867942372931e-05
0.42702095808383234,-0.036163330078125,-0.036163958753835199,6.286757101986451e-07
0.42714570858283435,-0.032501220703125,-0.032494913640913878,-6.3070622111222052e-06
0.42727045908183631,-0.023895263671875,-0.023904393312946946,9.12964107194561e-06
0.42739520958083832,-0.011688232421875,-0.011699339359862374,1.1106937987373847e-05
0.42751996007984033,0.00225830078125,0.0022667692495687633,-8.4684683187633003e-06
0.42764471057884229,0.015869140625,0.015875386075986205,-6.2454509862051866e-06
0.4277694610778443,0.027069091796875,0.027064261613651538,4.830183223461515e-06
0.42789421157684632,0.034149169921875,0.034139954419543962,9.2155023310377948e-06
0.42801896207584833,0.036041259765625,0.036034131679552071,7.128086072928641e-06
0.42814371257485029,0.032470703125,0.032464868783858694,5.8343411413058766e-06
0.4282684630738523,0.02398681640625,0.023978595114808529,8.2212914414708793e-06
0.42839321357285431,0.011871337890625,0.011866447540855257,4.8903497697431325e-06
0.42851796407185627,-0.002044677734375,-0.0020321651224710345,-1.2512611903965545e-05
0.42864271457085829,-0.015594482421875,-0.015608901191586371,1.4418769711371446e-05
0.4287674650698603,-0.02679443359375,-0.026806307678986771,1.1874085236771026e-05
0.42889221556886226,-0.033935546875,-0.033929609827115785,-5.9370478842149521e-06
0.42901696606786427,-0.035888671875,-0.035903219874564976,1.45479995649761e-05
0.42914171656686628,-0.032440185546875,-0.032433142142952877,-7.0434039221231592e-06
0.42926646706586824,-0.0240478515625,-0.024050753194751289,2.9016322512891157e-06
0.42939121756487025,-0.01202392578125,-0.0120314397999367,7.5140186866998887e-06
0.42951596806387227,0.001800537109375,0.0017994487251023451,1.0883842726549294e-06
0.42964071856287422,0.015350341796875,0.015343810338432294,6.5314584427062644e-06
0.42976546906187624,0.02655029296875,0.02654906366361762,1.2293051323795934e-06
0.42989021956087825,0.033721923828125,0.033719204506757791,2.7193213672088712e-06
0.43001497005988026,0.0357666015625,0.035771507049509481,-4.9054870094808467e-06
0.43013972055888222,0.03240966796875,0.032400016717914738,9.6512508352616933e-06
0.43026447105788423,0.02410888671875,0.02412114771318356,-1.2260994433559852e-05
0.43038922155688625,0.01220703125,0.01219459176237884,1.243948762115997e-05
0.43051397205588821,-0.001556396484375,-0.0015683499741681306,1.1953489793130627e-05
0.43063872255489022,-0.01507568359375,-0.01507984914105061,4.1655473006097649e-06
0.43076347305389223,-0.02630615234375,-0.026292270200441954,-1.3882143308045769e-05
0.43088822355289419,-0.03350830078125,-0.033508482641892552,1.8186064255215628e-07
0.4310129740518962,-0.03564453125,-0.035638738943810373,-5.7923061896267281e-06
0.43113772455089822,-0.032379150390625,-0.032365237575778277,-1.3912814846722688e-05
0.43126247504990017,-0.024200439453125,-0.024189520940551483,-1.0918512573517003e-05
0.43138722554890219,-0.012359619140625,-0.012355641203737066,-3.9779368879340471e-06
0.4315119760479042,0.0013427734375,0.0013391366042813798,3.6368332186201887e-06
0.43163672654690621,0.01483154296875,0.014817291023312834,1.4251945437165903e-05
0.43176147704590817,0.026031494140625,0.026036205719267069,-4.7115786420692807e-06
0.43188622754491018,0.033294677734375,0.033297726226841455,-3.048492466455055e-06
0.4320109780439122,0.035491943359375,0.03550519913607271,-1.3255776697709831e-05
0.43213572854291415,0.032318115234375,0.032329087661067825,-1.0972426692824888e-05
0.43226047904191617,0.024261474609375,0.02425615306721245,5.3215421625500692e-06
0.43238522954091818,0.01251220703125,0.012514863859709867,-2.6568284598668668e-06
0.43250998003992014,-0.0010986328125,-0.0011115383580045707,1.2905545504570673e-05
0.43263473053892215,-0.014556884765625,-0.01455587139839616,-1.0133672288404477e-06
0.43275948103792417,-0.025787353515625,-0.025780610636475743,-6.7428791492574192e-06
0.43288423153692612,-0.0330810546875,-0.033086679256177878,5.6245686778783055e-06
0.43300898203592814,-0.035369873046875,-0.035370633233127974,7.601862529738046e-07
0.43313373253493015,-0.03228759765625,-0.032291311984531335,3.7143282813345557e-06
0.43325848303393216,-0.024322509765625,-0.024320786392045126,-1.7233735798739824e-06
0.43338323353293412,-0.012664794921875,-0.01267199761468735,7.2026928123504474e-06
0.43350798403193613,0.000885009765625,0.00088582279737968862,-8.1303175468862114e-07
0.43363273453093815,0.0142822265625,0.014295863480031708,-1.363691753170776e-05
0.4337574850299401,0.0255126953125,0.025525763166050108,-1.3067853550107617e-05
0.43388223552894212,0.032867431640625,0.032875623535448387,-8.1918948233866695e-06
0.43400698602794413,0.035247802734375,0.035235324680437385,1.2478053937614586e-05
0.43413173652694609,0.032257080078125,0.032252193433295315,4.8866448296852605e-06
0.4342564870259481,0.024383544921875,0.024383701132423021,-1.562105480211462e-07
0.43438123752495011,0.0128173828125,0.012827318311542621,-9.9354990426205742e-06
0.43450598802395207,-0.00067138671875,-0.00066171949389496622,-9.6672248550337767e-06
0.43463073852295409,-0.0140380859375,-0.014037002472430601,-1.0834650693986037e-06
0.4347554890219561,-0.0252685546875,-0.025271403509244277,2.8488217442765307e-06
0.43488023952095806,-0.03265380859375,-0.032664302870521189,1.0494276771189082e-05
0.43500499001996007,-0.03509521484375,-0.035099018951146303,3.804107396303269e-06
0.43512974051896208,-0.0322265625,-0.032211476959644679,-1.5085540355321003e-05
0.4352544910179641,-0.024444580078125,-0.024444639612746039,5.9534621038581648e-08
0.43537924151696605,-0.012969970703125,-0.012980563940254845,1.0593237129844987e-05
0.43550399201596807,0.00042724609375,0.00043949584001200926,-1.2249746262009257e-05
0.43562874251497008,0.0137939453125,0.013779561381570974,1.4383930929026331e-05
0.43575349301397204,0.0250244140625,0.025017809665586827,6.6043969131727998e-06
0.43587824351297405,0.032440185546875,0.032452998878346094,-1.2813331471094036e-05
0.43600299401197606,0.03497314453125,0.034961999356502634,1.1145174747366482e-05
0.43612774451097802,0.03216552734375,0.03216944539117219,-3.9180474221897632e-06
0.43625249500998003,0.024505615234375,0.024503882074482453,1.733159892547409e-06
0.43637724550898205,0.01312255859375,0.013132010447707931,-9.4518539579310085e-06
0.43650199600798401,-0.000213623046875,-0.00021888123920252634,5.2581923275263375e-06
0.43662674650698602,-0.013519287109375,-0.013523275205081979,3.9880957069787087e-06
0.43675149700598803,-0.024749755859375,-0.024764721622615168,1.4965763240167712e-05
0.43687624750499005,-0.0322265625,-0.03224145517628637,1.4892676286369644e-05
0.437000998003992,-0.034820556640625,-0.03482401123492123,3.4545942962302401e-06
0.43712574850299402,-0.032135009765625,-0.032125843619570479,-9.1661460545205964e-06
0.43725049900199603,-0.024566650390625,-0.024561170864710956,-5.4795259140441588e-06
0.43737524950099799,-0.013275146484375,-0.013281395926252763,6.2494418777633842e-06
0.4375,0,1.4291739201605175e-07,-1.4291739201605175e-07
0.43762475049900201,0.013275146484375,0.013268416743605809,6.7297407691912364e-06
0.43774950099800397,0.024505615234375,0.024512417166834142,-6.8019324591418739e-06
0.43787425149700598,0.03204345703125,0.03202995319288849,1.3503838361510201e-05
0.437999001996008,0.034698486328125,0.034685337762414128,1.3148565710871529e-05
0.43812375249500995,0.032073974609375,0.032080954410808438,-6.9798014334376823e-06
0.43824850299401197,0.024627685546875,0.024616786246120445,1.0899300754554919e-05
0.43837325349301398,0.013427734375,0.013428996423588024,-1.262048588024367e-06
0.43849800399201599,0.000213623046875,0.00021698988695820911,-3.3668400832091141e-06
0.43862275449101795,-0.01300048828125,-0.013014720790617633,1.4232509367632581e-05
0.43874750499001997,-0.024261474609375,-0.024260636073456618,-8.3853591838212171e-07
0.43887225548902198,-0.031829833984375,-0.031818236357252637,-1.1597627122363063e-05
0.43899700598802394,-0.0345458984375,-0.03454572414166629,-1.7429583371031399e-07
0.43912175648702595,-0.03204345703125,-0.032034522593904588,-8.9344373454119941e-06
0.43924650698602796,-0.024658203125,-0.024670470585620091,1.2267460620090515e-05
0.43937125748502992,-0.013580322265625,-0.013574550131292011,-5.7721343329885516e-06
0.43949600798403193,-0.00042724609375,-0.00043225011145767042,5.0040177076704213e-06
0.43962075848303395,0.01275634765625,0.012762459943789207,-6.1122875392068121e-06
0.4397455089820359,0.024017333984375,0.024009655917418053,7.6780669569474769e-06
0.43987025948103792,0.0316162109375,0.031606585909767365,9.6250277326348499e-06
0.43999500998003993,0.034393310546875,0.034405453412477575,-1.2142865602575437e-05
0.44011976047904194,0.031982421875,0.031986830871142145,-4.4089961421453494e-06
0.4402445109780439,0.02471923828125,0.024722504164320327,-3.265883070327491e-06
0.44036926147704591,0.01373291015625,0.013718333194718046,1.4576961531953536e-05
0.44049401197604793,0.000640869140625,0.00064590867962903973,-5.0395390040397286e-06
0.44061876247504989,-0.01251220703125,-0.012511368794876255,-8.3823637374476345e-07
0.4407435129740519,-0.023773193359375,-0.023759216263067331,-1.3977096307668524e-05
0.44086826347305391,-0.031402587890625,-0.031394745091534781,-7.8427990902185662e-06
0.44099301397205587,-0.034271240234375,-0.034264270640849123,-6.9695935258767827e-06
0.44111776447105788,-0.031951904296875,-0.031937624006854431,-1.428029002056852e-05
0.4412425149700599,-0.0247802734375,-0.024772629366158927,-7.6440713410730332e-06
0.44136726546906185,-0.01385498046875,-0.013860083901533421,5.103432783421305e-06
0.44149201596806387,-0.0008544921875,-0.00085769868958844326,3.2065020884432596e-06
0.44161676646706588,0.01226806640625,0.012261719741010473,6.3466652395274825e-06
0.44174151696606784,0.02349853515625,0.023509594475215001,-1.1059318965001008e-05
0.44186626746506985,0.03118896484375,0.031182994955080524,5.9698886694763142e-06
0.44199101796407186,0.03411865234375,0.034122458729437734,-3.8063856877337821e-06
0.44211576846307388,0.031890869140625,0.031887184637624189,3.6845030008114676e-06
0.44224051896207583,0.024810791015625,0.024821126487892083,-1.0335472267083284e-05
0.44236526946107785,0.014007568359375,0.014000078491614916,7.4898677600836877e-06
0.44249001996007986,0.001068115234375,0.0010678912238911013,2.2401048389874591e-07
0.44261477045908182,-0.01202392578125,-0.012013247174624866,-1.0678606625133882e-05
0.44273952095808383,-0.02325439453125,-0.023260529908824292,6.135377574292139e-06
0.44286427145708585,-0.030975341796875,-0.030971078553804193,-4.2632430708074154e-06
0.4429890219560878,-0.033966064453125,-0.033979762606652281,1.3698153527280654e-05
0.44311377245508982,-0.031829833984375,-0.031835257461110558,5.4234767355582081e-06
0.44323852295409183,-0.024871826171875,-0.024867737927725377,-4.0882441496234434e-06
0.44336327345309379,-0.014129638671875,-0.014138055345630264,8.4166737552640591e-06
0.4434880239520958,-0.00128173828125,-0.0012762195381440216,-5.5187431059783732e-06
0.44361277445109781,0.01177978515625,0.01176622329473981,1.3561861510190051e-05
0.44373752495009983,0.02301025390625,0.023012299720070638,-2.0458138206384813e-06
0.44386227544910178,0.03076171875,0.030759276752697528,2.4419973024721042e-06
0.4439870259481038,0.033843994140625,0.033836465037119456,7.5291035055435884e-06
0.44411177644710581,0.031768798828125,0.031782125046242289,-1.3326218117289124e-05
0.44423652694610777,0.02490234375,0.024912743995341286,-1.0400245341286168e-05
0.44436127744510978,0.0142822265625,0.014274290794870314,7.9357676296860913e-06
0.44448602794411179,0.001495361328125,0.0014829548709333036,1.2406457191696356e-05
0.44461077844311375,-0.011505126953125,-0.011520382296889642,1.5255343764642229e-05
0.44473552894211577,-0.02276611328125,-0.022764643056015638,-1.4702252343623545e-06
0.44486027944111778,-0.030548095703125,-0.030547332417788824,-7.6328533617567307e-07
0.44498502994011974,-0.03369140625,-0.033692310810792415,9.0456079241546528e-07
0.44510978043912175,-0.03173828125,-0.031727532022072451,-1.0749227927549232e-05
0.44523453093812376,-0.02496337890625,-0.02495588710048776,-7.4918057622400114e-06
0.44535928143712578,-0.014404296875,-0.014408523309901007,4.2264349010071034e-06
0.44548403193612773,-0.001678466796875,-0.0016878306324009122,9.3638355259122088e-06
0.44560878243512975,0.011260986328125,0.011275996184417139,-1.5009856292139481e-05
0.44573353293413176,0.02252197265625,0.022517836865700282,4.135790549718299e-06
0.44585828343313372,0.03033447265625,0.030335526226901274,-1.053570651273622e-06
0.44598303393213573,0.033538818359375,0.033547582553426006,-8.7641940510058136e-06
0.44610778443113774,0.03167724609375,0.031671760887956681,5.4852057933194032e-06
0.4462325349301397,0.024993896484375,0.024997447563062856,-3.5510786878557854e-06
0.44635728542914171,0.0145263671875,0.014541029310403164,-1.4662122903163696e-05
0.44648203592814373,0.00189208984375,0.0018911182141755389,9.7162957446114175e-07
0.44660678642714569,-0.01104736328125,-0.011032798958365182,-1.4564322884817738e-05
0.4467315369261477,-0.02227783203125,-0.022271620089824362,-6.2119414256378569e-06
0.44685628742514971,-0.030120849609375,-0.030123600859074687,2.7512496996867641e-06
0.44698103792415167,-0.033416748046875,-0.033402024915697152,-1.472313117784757e-05
0.44710578842315368,-0.0316162109375,-0.031614556202442724,-1.6547350572757025e-06
0.4472305389221557,-0.0250244140625,-0.025037167801713781,1.2753739213781229e-05
0.44735528942115771,-0.014678955078125,-0.014671547353761402,-7.4077243635978229e-06
0.44748003992015967,-0.002105712890625,-0.0020925511779908128,-1.3161712634187153e-05
0.44760479041916168,0.01080322265625,0.010791062428844304,1.2160227405695612e-05
0.44772954091816369,0.02203369140625,0.022026269471816722,7.4219344332777937e-06
0.44785429141716565,0.0299072265625,0.029911836805348421,-4.6102428484205704e-06
0.44797904191616766,0.03326416015625,0.033255920383691337,8.2397725586630388e-06
0.44810379241516968,0.03155517578125,0.031556200393460458,-1.0246122104581867e-06
0.44822854291417163,0.02508544921875,0.025075328143884391,1.0121074865608592e-05
0.44835329341317365,0.014801025390625,0.014800353945015679,6.714456093209753e-07
0.44847804391217566,0.002288818359375,0.0022924010655435557,-3.5827061685557264e-06
0.44860279441117762,-0.01055908203125,-0.010550520404860576,-8.5616263894236488e-06
0.44872754491017963,-0.02178955078125,-0.021781523747542504,-8.0270337074958564e-06
0.44885229540918165,-0.029693603515625,-0.029699976558191933,6.373042566933107e-06
0.44897704590818366,-0.033111572265625,-0.033109013468031814,-2.5587975931856688e-06
0.44910179640718562,-0.031494140625,-0.031496437947199016,2.2973221990157944e-06
0.44922654690618763,-0.025115966796875,-0.025111671014476516,-4.2957823984841881e-06
0.44935129740518964,-0.014923095703125,-0.014927187725354313,4.0920222293128194e-06
0.4494760479041916,-0.00250244140625,-0.0024904015871837575,-1.2039819066242494e-05
0.44960079840319361,0.01031494140625,0.010311444505683949,3.4969005660509533e-06
0.44972554890219563,0.02154541015625,0.021537659456378554,7.7506998714463315e-06
0.44985029940119758,0.02947998046875,0.029488300422279456,-8.3199535294564697e-06
0.4499750499001996,0.032958984375,0.032961586514379249,-2.6021393792485803e-06
0.45009980039920161,0.03143310546875,0.031435551218334072,-2.4457495840721211e-06
0.45022455089820357,0.025146484375,0.025146476745881503,7.6291184966659209e-09
0.45034930139720558,0.015045166015625,0.015052325282140988,-7.1592665159877361e-06
0.45047405189620759,0.002685546875,0.0026868244317766019,-1.2775567766018688e-06
0.45059880239520961,-0.01007080078125,-0.010073568350748911,2.767569498910577e-06
0.45072355289421157,-0.02130126953125,-0.021294415130897176,-6.8544003528243913e-06
0.45084830339321358,-0.029266357421875,-0.029276550703962959,1.0193282087959249e-05
0.45097305389221559,-0.032806396484375,-0.032813383892571657,6.9874081966569968e-06
0.45109780439121755,-0.0313720703125,-0.031373284618903305,1.2143064033048878e-06
0.45122255489021956,-0.025177001953125,-0.025179487766652024,2.4858135270235115e-06
0.45134730538922158,-0.015167236328125,-0.015175505337415532,8.2690092905318702e-06
0.45147205588822353,-0.00286865234375,-0.0028814034553276122,1.2751111577612249e-05
0.45159680638722555,0.00982666015625,0.0098371633709159346,-1.0503214665934582e-05
0.45172155688622756,0.02105712890625,0.021052067108003683,5.0617982463169175e-06
0.45184630738522952,0.029052734375,0.02906500752202457,-1.2273147024569747e-05
0.45197105788423153,0.03265380859375,0.032664687807132289,-1.0879213382289366e-05
0.45209580838323354,0.03131103515625,0.031309920428545267,1.1147277047332538e-06
0.4522205588822355,0.02520751953125,0.025210984411567779,-3.4648803177786403e-06
0.45234530938123751,0.015289306640625,0.015297004557867023,-7.6979172420228725e-06
0.45247005988023953,0.003082275390625,0.0030744104909241716,7.864899700828383e-06
0.45259481037924154,-0.009613037109375,-0.0096019629984801427,-1.1074110894857339e-05
0.4527195608782435,-0.02081298828125,-0.020810353718573531,-2.6345626764692764e-06
0.45284431137724551,-0.028839111328125,-0.028853412997158094,1.43016690330941e-05
0.45296906187624753,-0.032501220703125,-0.032515242486422735,1.402178329773518e-05
0.45309381237524948,-0.03125,-0.031245202983396968,-4.7970166030322781e-06
0.4532185628742515,-0.025238037109375,-0.02524070911026928,2.6720008942798801e-06
0.45334331337325351,-0.015411376953125,-0.015416561743409841,5.1847902848411315e-06
0.45346806387225547,-0.003265380859375,-0.00326557953732648,1.9867795147997594e-07
0.45359281437125748,0.009368896484375,0.0093682384783619847,6.5800601301534145e-07
0.45371756487025949,0.02056884765625,0.020569551098594725,-7.0344234472455303e-07
0.45384231536926145,0.028656005859375,0.028642047062760249,1.3958796614751273e-05
0.45396706586826346,0.032379150390625,0.03236532999315718,1.3820397467820267e-05
0.45409181636726548,0.03118896484375,0.03117941448632194,9.5503574280599024e-06
0.45421656686626749,0.0252685546875,0.025268942197376611,-3.8750987661068104e-07
0.45434131736526945,0.015533447265625,0.015534453637130385,-1.0063715053850592e-06
0.45446606786427146,0.003448486328125,0.0034551825689130683,-6.6962407880683493e-06
0.45459081836327347,-0.009124755859375,-0.0091357230581163313,1.0967198741331299e-05
0.45471556886227543,-0.02032470703125,-0.020329397378861139,4.6903476111394282e-06
0.45484031936127745,-0.0284423828125,-0.028430651654386321,-1.1731158113679335e-05
0.45496506986027946,-0.0322265625,-0.032214694413573268,-1.1868086426732039e-05
0.45508982035928142,-0.031097412109375,-0.031112299195838442,1.4887086463442195e-05
0.45521457085828343,-0.025299072265625,-0.025295426101133615,-3.6461644913853009e-06
0.45533932135728544,-0.015655517578125,-0.015650419113870946,-5.0984642540538583e-06
0.4554640718562874,-0.003631591796875,-0.0036429537243122616,1.1361927437261634e-05
0.45558882235528941,0.0089111328125,0.0089046877991878458,6.4450133121542186e-06
0.45571357285429143,0.02008056640625,0.020090168496062353,-9.6020898123529153e-06
0.45583832335329344,0.028228759765625,0.028219506520570117,9.2532450548833689e-06
0.4559630738522954,0.032073974609375,0.032063617667949948,1.0356941425052058e-05
0.45608782435129741,0.031036376953125,0.031044139236358799,-7.7622832337989611e-06
0.45621257485029942,0.02532958984375,0.025320441153488884,9.1486902611161158e-06
0.45633732534930138,0.015777587890625,0.015764734990216134,1.2852900408866219e-05
0.45646207584830339,0.003814697265625,0.0038291651162781996,-1.4467850653199568e-05
0.45658682634730541,-0.0086669921875,-0.0086748657668491835,7.8735793491834655e-06
0.45671157684630737,-0.01983642578125,-0.019851602382510113,1.5176601260113304e-05
0.45683632734530938,-0.02801513671875,-0.028008353412270041,-6.7833064799592557e-06
0.45696107784431139,-0.03192138671875,-0.031911843699788896,-9.543018961104266e-06
0.45708582834331335,-0.030975341796875,-0.030974678787108956,-6.6300976604358186e-07
0.45721057884231536,-0.02532958984375,-0.025343729778820469,1.413993507046879e-05
0.45733532934131738,-0.015869140625,-0.015877140213019978,7.9995880199780489e-06
0.45746007984031933,-0.0040283203125,-0.0040135510203992784,-1.4769292100721629e-05
0.45758483033932135,0.008453369140625,0.0084465278414922879,6.841299132712142e-06
0.45770958083832336,0.019622802734375,0.019613974777226952,8.8279571480477659e-06
0.45783433133732537,0.027801513671875,0.027797471893714683,4.0417781603171998e-06
0.45795908183632733,0.031768798828125,0.031759654286349179,9.1445417758212466e-06
0.45808383233532934,0.030914306640625,0.030904199892400355,1.0106748224644746e-05
0.45820858283433136,0.025360107421875,0.025365572303957692,-5.4648820826917743e-06
0.45833333333333331,0.0159912109375,0.015987911669463804,3.2992680361956794e-06
0.45845808383233533,0.00421142578125,0.0041963836849421678,1.5042096307832202e-05
0.45858283433133734,-0.008209228515625,-0.0082194069085597156,1.0178392934715591e-05
0.4587075848303393,-0.019378662109375,-0.019377023415677055,-1.6386936979445599e-06
0.45883233532934131,-0.027587890625,-0.027586603531856942,-1.2870931430583599e-06
0.45895708582834333,-0.0316162109375,-0.031606793227831304,-9.4177096686964834e-06
0.45908183632734528,-0.03082275390625,-0.030832446650549624,9.6927442996240509e-06
0.4592065868263473,-0.025390625,-0.025385711146965487,-4.9138530345133047e-06
0.45933133732534931,-0.016082763671875,-0.016096788375559792,1.4024703684792361e-05
0.45945608782435132,-0.004364013671875,-0.0043773975195633879,1.3383847688387858e-05
0.45958083832335328,0.00799560546875,0.0079937736698361128,1.8317989138871837e-06
0.45970558882235529,0.019134521484375,0.01914102384086494,-6.502356489940242e-06
0.45983033932135731,0.027374267578125,0.027376027707209542,-1.7601290845416229e-06
0.45995508982035926,0.031463623046875,0.031453542157925785,1.0080888949215439e-05
0.46007984031936128,0.03076171875,0.030759701024163519,2.0177258364811879e-06
0.46020459081836329,0.025390625,0.025404426627154732,-1.380162715473171e-05
0.46032934131736525,0.016204833984375,0.016204047286215228,7.8669815977219781e-07
0.46045409181636726,0.004547119140625,0.0045568649051943274,-9.7457645693273601e-06
0.46057884231536927,-0.007781982421875,-0.0077693608333866222,-1.2621588488377807e-05
0.46070359281437123,-0.0189208984375,-0.018905713593041718,-1.5184844458282498e-05
0.46082834331337325,-0.02716064453125,-0.027165485803321107,4.8412720711071833e-06
0.46095309381237526,-0.03131103515625,-0.031299644733006463,-1.1390423243537451e-05
0.46107784431137727,-0.03070068359375,-0.030685707029067647,-1.4976564682352839e-05
0.46120259481037923,-0.025421142578125,-0.025421461153875172,3.1857575017238404e-07
0.46132734530938124,-0.01629638671875,-0.016309427483776194,1.3040765026194057e-05
0.46145209580838326,-0.004730224609375,-0.0047345203826770783,4.2957733020782679e-06
0.46157684630738521,0.007537841796875,0.007546438924813474,-8.597127938473996e-06
0.46170159680638723,0.0186767578125,0.018671368020865664,5.3897916343359498e-06
0.46182634730538924,0.026947021484375,0.026955257017615794,-8.2355332407940685e-06
0.4619510978043912,0.031158447265625,0.031145382442689041,1.3064822935959092e-05
0.46207584830339321,0.030609130859375,0.030610746544609244,-1.6156852342442962e-06
0.46220059880239522,0.02545166015625,0.025437095036558798,1.4565119691202499e-05
0.46232534930139718,0.01641845703125,0.016413205988036004,5.2510432139961372e-06
0.46245009980039919,0.004913330078125,0.0049106364627615551,2.6936153634448887e-06
0.46257485029940121,-0.00732421875,-0.0073247404772641888,5.2172726418883014e-07
0.46269960079840322,-0.0184326171875,-0.018437724471060561,5.1072835605611711e-06
0.46282435129740518,-0.0267333984375,-0.026745082550876889,1.1684113376889127e-05
0.46294910179640719,-0.030975341796875,-0.030990498799035475,1.5157002160474942e-05
0.46307385229540921,-0.030548095703125,-0.030534563502587708,-1.3532200537291761e-05
0.46319860279441116,-0.02545166015625,-0.025451070673478366,-5.8948277163392571e-07
0.46332335329341318,-0.016510009765625,-0.016515121944849609,5.112179224608937e-06
0.46344810379241519,-0.005096435546875,-0.0050849478146383804,-1.1487732236619558e-05
0.46357285429141715,0.007110595703125,0.0071045358426253067,6.0598604996933009e-06
0.46369760479041916,0.018218994140625,0.01820505809958033,1.393604104467025e-05
0.46382235528942117,0.02655029296875,0.026535241418097731,1.5051550652268875e-05
0.46394710578842313,0.03082275390625,0.030835275147116585,-1.2521240866585071e-05
0.46407185628742514,0.03045654296875,0.030457439697568228,-8.967288182282207e-07
0.46419660678642716,0.02545166015625,0.025463668361844608,-1.2008205594608162e-05
0.46432135728542911,0.0166015625,0.016615452436118196,-1.3889936118196416e-05
0.46444610778443113,0.0052490234375,0.0052577270760111308,-8.7036385111307832e-06
0.46457085828343314,-0.00689697265625,-0.0068855573815303365,-1.1415274719663547e-05
0.46469560878243515,-0.017974853515625,-0.017973106061329017,-1.7474542959826367e-06
0.46482035928143711,-0.026336669921875,-0.026325474637953865,-1.1195283921135168e-05
0.46494510978043913,-0.030670166015625,-0.030679454854237755,9.2888386127552847e-06
0.46506986027944114,-0.030364990234375,-0.030379118975831784,1.4128741456783528e-05
0.4651946107784431,-0.025482177734375,-0.025474630486552807,-7.5472478221934314e-06
0.46531936127744511,-0.0167236328125,-0.016713936668411599,-9.6961440884009431e-06
0.46544411177644712,-0.00543212890625,-0.005428709041633741,-3.4198646162589622e-06
0.46556886227544908,0.00665283203125,0.0066680752746160572,-1.5243243366057195e-05
0.46569361277445109,0.017730712890625,0.017742143321242576,-1.1430430617576093e-05
0.46581836327345311,0.026123046875,0.02611606104369903,6.9858313009700523e-06
0.46594311377245506,0.030517578125,0.030523319120500689,-5.7409955006894331e-06
0.46606786427145708,0.030303955078125,0.030299883045692221,4.0720324327794821e-06
0.46619261477045909,0.025482177734375,0.025484237330290198,-2.0595959151978316e-06
0.4663173652694611,0.016815185546875,0.016810851782984478,4.3337638905224796e-06
0.46644211576846306,0.005584716796875,0.005598166473323239,-1.3449676448239016e-05
0.46656686626746507,-0.006439208984375,-0.0064518217124604708,1.2612728085470773e-05
0.46669161676646709,-0.01751708984375,-0.017511906844099406,-5.1829996505943499e-06
0.46681636726546905,-0.025909423828125,-0.025906741472610489,-2.6823555145105704e-06
0.46694111776447106,-0.030364990234375,-0.030366611168039032,1.6209336640322924e-06
0.46706586826347307,-0.03021240234375,-0.030219475666457166,7.0733227071663463e-06
0.46719061876247503,-0.025482177734375,-0.025492231262312523,1.005352793752301e-05
0.46731536926147704,-0.01690673828125,-0.016905937044376509,-8.0123687349123451e-07
0.46744011976047906,-0.005767822265625,-0.0057658342885722295,-1.9879770527704566e-06
0.46756487025948101,0.0062255859375,0.0062370667068735886,-1.148076937358862e-05
0.46768962075848303,0.01727294921875,0.017282671405547931,-9.7221867979314924e-06
0.46781437125748504,0.02569580078125,0.025697794576892381,-1.9937956423805858e-06
0.46793912175648705,0.03021240234375,0.030209612051601345,2.7902921486550047e-06
0.46806387225548901,0.0301513671875,0.030138178458762859,1.3188728737140859e-05
0.46818862275449102,0.0255126953125,0.025498892548521317,1.3802763978682658e-05
0.46831337325349304,0.016998291015625,0.016999469650436323,-1.1786348113225487e-06
0.46843812375249499,0.00592041015625,0.0059319853705306989,-1.1575214280698867e-05
0.46856287425149701,-0.006011962890625,-0.0060235422808348257,1.1579390209825666e-05
0.46868762475049902,-0.017059326171875,-0.017054173781920749,-5.152389954250769e-06
0.46881237524950098,-0.025482177734375,-0.025488961013162077,6.7832787870765465e-06
0.46893712574850299,-0.030059814453125,-0.030052064847777935,-7.7496053470654802e-06
0.46906187624750501,-0.030059814453125,-0.030055735093531207,-4.0793595937928251e-06
0.46918662674650696,-0.0255126953125,-0.02550396354028598,-8.7317722140198284e-06
0.46931137724550898,-0.01708984375,-0.017091188920959389,1.345170959388825e-06
0.46943612774451099,-0.006103515625,-0.0060963547566232051,-7.1608683767949294e-06
0.46956087824351295,0.00579833984375,0.0058115182797490953,-1.3178435999095309e-05
0.46968562874251496,0.016815185546875,0.016826688561317894,-1.150301444289431e-05
0.46981037924151697,0.0252685546875,0.025280519253322701,-1.1964565822700918e-05
0.46993512974051899,0.0299072265625,0.029894250465612462,1.2976096887537536e-05
0.47005988023952094,0.02996826171875,0.029972427102327667,-4.165383577666576e-06
0.47018463073852296,0.0255126953125,0.025507724484531293,4.9708279687074586e-06
0.47030938123752497,0.017181396484375,0.017181372107689941,2.4376685059390724e-08
0.47043413173652693,0.006256103515625,0.0062592154485692402,-3.1119329442401769e-06
0.47055888223552894,-0.005615234375,-0.0056007265614520336,-1.4507813547966382e-05
0.47068363273453095,-0.0166015625,-0.016599952333366502,-1.6101666334977782e-06
0.47080838323353291,-0.02508544921875,-0.025072209774075392,-1.3239444674607859e-05
0.47093313373253493,-0.02972412109375,-0.029735911835824785,1.1790742074784671e-05
0.47105788423153694,-0.029876708984375,-0.029887998066329014,1.1289081954014152e-05
0.4711826347305389,-0.0255126953125,-0.025509917712533334,-2.7775999666655726e-06
0.47130738522954091,-0.01727294921875,-0.017269758583001248,-3.1906357487523906e-06
0.47143213572854292,-0.00640869140625,-0.0064203026009368551,1.1611194686855092e-05
0.47155688622754494,0.005401611328125,0.0053914368074040285,1.0174520720971497e-05
0.47168163672654689,0.016387939453125,0.016374239500336445,1.3699952788555347e-05
0.47180638722554891,0.024871826171875,0.024864310867798861,7.5153040761388734e-06
0.47193113772455092,0.029571533203125,0.029577329721432143,-5.7965183071426174e-06
0.47205588822355288,0.029815673828125,0.029802729426678713,1.294440144628678e-05
0.47218063872255489,0.0255126953125,0.025510823450056425,1.8718624435754005e-06
0.4723053892215569,0.017364501953125,0.017356625649848204,7.876303276796448e-06
0.47243013972055886,0.006591796875,0.0065798893312286957,1.1907543771304263e-05
0.47255489021956087,-0.00518798828125,-0.0051833807126946416,-4.6075685553583975e-06
0.47267964071856289,-0.016143798828125,-0.0161492864669033,5.4876387782995528e-06
0.47280439121756485,-0.024658203125,-0.024656562832048749,-1.6402929512507325e-06
0.47292914171656686,-0.0294189453125,-0.029418246906993253,-6.9840550674660218e-07
0.47305389221556887,-0.02972412109375,-0.029716364673479,-7.756420270999681e-06
0.47317864271457089,-0.0255126953125,-0.02551018400613542,-2.5113063645797185e-06
0.47330339321357284,-0.0174560546875,-0.017441712730506542,-1.434195699345775e-05
0.47342814371257486,-0.006744384765625,-0.0067377109084404713,-6.6738571845286615e-06
0.47355289421157687,0.004974365234375,0.0049768277973041833,-2.4625629291832526e-06
0.47367764471057883,0.01593017578125,0.015925367451238213,4.8083300117872374e-06
0.47380239520958084,0.024444580078125,0.024449243780483298,-4.6637023582984938e-06
0.47392714570858285,0.029266357421875,0.02925894400922513,7.4134126498703878e-06
0.47405189620758481,0.029632568359375,0.029629185156149523,3.383203225477277e-06
0.47417664670658682,0.0255126953125,0.025508279583241023,4.4157292589767916e-06
0.47430139720558884,0.01751708984375,0.017525297176533505,-8.2073327835052723e-06
0.47442614770459079,0.00689697265625,0.0068940405630903692,2.9320931596308122e-06
0.47455089820359281,-0.0047607421875,-0.0047715095960053355,1.076740850533553e-05
0.47467564870259482,-0.015716552734375,-0.01570221867483208,-1.4334059542920469e-05
0.47480039920159678,-0.02423095703125,-0.024242093832329822,1.11368010798224e-05
0.47492514970059879,-0.02911376953125,-0.029099163666263098,-1.4605864986902417e-05
0.47504990019960081,-0.029541015625,-0.029540934272429955,-8.1352570045073458e-08
0.47517465069860282,-0.0255126953125,-0.025504852466053354,-7.8428464466463732e-06
0.47529940119760478,-0.017608642578125,-0.017607118457463492,-1.5241206615078384e-06
0.47542415169660679,-0.007049560546875,-0.0070486136758500899,-9.4687102491011754e-07
0.4755489021956088,0.00457763671875,0.0045676954697254106,9.9412490245894339e-06
0.47567365269461076,0.015472412109375,0.015480114173530454,-7.7020641554535751e-06
0.47579840319361277,0.0240478515625,0.024035390923337032,1.246063916296794e-05
0.47592315369261479,0.0289306640625,0.028939186348285281,-8.5222857852812473e-06
0.47604790419161674,0.029449462890625,0.029451893278754089,-2.4303881290890783e-06
0.47617265469061876,0.0255126953125,0.025500182831637186,1.251248086281409e-05
0.47629740518962077,0.0177001953125,0.017687453970833409,1.2741341666590994e-05
0.47642215568862273,0.0072021484375,0.0072017035875450658,4.4484995493417751e-07
0.47654690618762474,-0.004364013671875,-0.0043651167953729572,1.1031234979572146e-06
0.47667165668662675,-0.0152587890625,-0.015258789987389741,9.2488974118287715e-10
0.47679640718562877,-0.023834228515625,-0.02382887499524753,-5.3535203774698892e-06
0.47692115768463073,-0.028778076171875,-0.028778754546781641,6.7837490664093836e-07
0.47704590818363274,-0.02935791015625,-0.029361805479252056,3.8953230020559448e-06
0.47717065868263475,-0.025482177734375,-0.0254940129382435,1.1835203868500177e-05
0.47729540918163671,-0.01776123046875,-0.017766043230857707,4.8127621077066751e-06
0.47742015968063872,-0.007354736328125,-0.0073530457877970462,-1.6905403279537587e-06
0.47754491017964074,0.004150390625,0.0041640427772323373,-1.3652152232337261e-05
0.47766966067864269,0.015045166015625,0.015038519971715122,6.6460439098782464e-06
0.47779441117764471,0.02362060546875,0.023622823806737022,-2.2183379870220621e-06
0.47791916167664672,0.02862548828125,0.028618148585189032,7.3396960609678485e-06
0.47804391217564868,0.029266357421875,0.029270952036144646,-4.5946142696456915e-06
0.47816866267465069,0.025482177734375,0.025486622935479618,-4.4452011046178241e-06
0.4782934131736527,0.017852783203125,0.017843163678467274,9.6195246577258919e-06
0.47841816367265472,0.00750732421875,0.0075029137250226252,4.4104937273747868e-06
0.47854291417165667,-0.00396728515625,-0.0039642046367897987,-3.0805194602013392e-06
0.47866766467065869,-0.01483154296875,-0.014819039986890525,-1.2502981859474974e-05
0.4787924151696607,-0.023406982421875,-0.023416977122936933,9.9947010619334808e-06
0.47891716566866266,-0.0284423828125,-0.028457110808160685,1.4727995660684945e-05
0.47904191616766467,-0.0291748046875,-0.029179076158751208,4.2714712512083308e-06
0.47916666666666669,-0.025482177734375,-0.02547775505312419,-4.4226812508096902e-06
0.47929141716566864,-0.017913818359375,-0.017918554869992304,4.7365106173036242e-06
0.47941616766467066,-0.007659912109375,-0.0076510429951066484,-8.8691142683516161e-06
0.47954091816367267,0.003753662109375,0.0037658714240930741,-1.2209314718074089e-05
0.47966566866267463,0.01458740234375,0.014600623709477402,-1.3221365727402248e-05
0.47979041916167664,0.023223876953125,0.023211612526319696,1.2264426805304318e-05
0.47991516966067865,0.028289794921875,0.028295921392226954,-6.1264703519539609e-06
0.48003992015968067,0.029083251953125,0.029086458913892815,-3.2069607678146539e-06
0.48016467065868262,0.025482177734375,0.025467689411306938,1.4488323068061887e-05
0.48028942115768464,0.01800537109375,0.017992494287203765,1.287680654623452e-05
0.48041417165668665,0.0078125,0.0077977071513730574,1.4792848626942606e-05
0.48053892215568861,-0.003570556640625,-0.0035687742076433633,-1.7824329816367411e-06
0.48066367265469062,-0.014373779296875,-0.014383006821989446,9.2275251144455228e-06
0.48078842315369263,-0.02301025390625,-0.023006469606288191,-3.784299961808596e-06
0.48091317365269459,-0.02813720703125,-0.028134322535058136,-2.8844961918635115e-06
0.48103792415169661,-0.02899169921875,-0.028992843414915728,1.1441961657275568e-06
0.48116267465069862,-0.02545166015625,-0.025456168209329978,4.5080530799782026e-06
0.48128742514970058,-0.01806640625,-0.018064721526030426,-1.6847239695735872e-06
0.48141217564870259,-0.0079345703125,-0.0079426418932632675,8.071580763267458e-06
0.4815369261477046,0.003387451171875,0.0033731818856868241,1.4269286188175936e-05
0.48166167664670656,0.01416015625,0.01416646282402298,-6.3065740229795164e-06
0.48178642714570857,0.022796630859375,0.022801825770026502,-5.1949106515021548e-06
0.48191117764471059,0.027984619140625,0.027972594266134108,1.2024874490892262e-05
0.4820359281437126,0.028900146484375,0.028898510632093932,1.6358522810684673e-06
0.48216067864271456,0.02545166015625,0.025443471535873445,8.1886203765549337e-06
0.48228542914171657,0.01812744140625,0.018135514106555721,-8.0727003057209923e-06
0.48241017964071858,0.008087158203125,0.0080861208763444731,1.0373267805268566e-06
0.48253493013972054,-0.003173828125,-0.0031788253761387071,4.9972511387071268e-06
0.48265968063872255,-0.013946533203125,-0.013950727222034286,4.1940189092863622e-06
0.48278443113772457,-0.0225830078125,-0.022597420432095488,1.4412619595487869e-05
0.48290918163672653,-0.027801513671875,-0.027810478636030936,8.9649641559358395e-06
0.48303393213572854,-0.02880859375,-0.028803203581675572,-5.3901683244282628e-06
0.48315868263473055,-0.025421142578125,-0.025429341557794003,8.198979669003098e-06
0.48328343313373251,-0.018218994140625,-0.018204611661789587,-1.4382478835412577e-05
0.48340818363273452,-0.00823974609375,-0.0082278799009669317,-1.1866192783068288e-05
0.48353293413173654,0.00299072265625,0.0029859734278733785,4.749228376621506e-06
0.48365768463073855,0.01373291015625,0.013736073340449351,-3.1631841993506882e-06
0.48378243512974051,0.02239990234375,0.022393530825326122,6.3715184238782863e-06
0.48390718562874252,0.02764892578125,0.027648255527081979,6.7025416802118931e-07
0.48403193612774453,0.028717041015625,0.028707203136283214,9.8378793417855381e-06
0.48415668662674649,0.025421142578125,0.025414058330368878,7.0842477561221251e-06
0.4842814371257485,0.018280029296875,0.018272291747673561,7.737549201438515e-06
0.48440618762475052,0.00836181640625,0.0083681927222775381,-6.3763160275381175e-06
0.48453093812375247,-0.0028076171875,-0.002794356810614379,-1.3260376885620984e-05
0.48465568862275449,-0.013519287109375,-0.013522236511472574,2.9494020975743412e-06
0.4847804391217565,-0.022186279296875,-0.02218989619038023,3.6168935052295625e-06
0.48490518962075846,-0.027496337890625,-0.027485666842681503,-1.0671047943496687e-05
0.48502994011976047,-0.02862548828125,-0.028610252213977356,-1.5236067272644122e-05
0.48515469061876249,-0.025390625,-0.025397363986104232,6.7389861042321808e-06
0.4852794411177645,-0.018341064453125,-0.018338294031808269,-2.7704213167306646e-06
0.48540419161676646,-0.008514404296875,-0.0085067952389134734,-7.6090579615266385e-06
0.48552894211576847,0.002593994140625,0.0026042441262883482,-1.0249985663348185e-05
0.48565369261477048,0.0133056640625,0.013309489886198888,-3.8258236988875788e-06
0.48577844311377244,0.02197265625,0.021986793586670026,-1.4137336670026063e-05
0.48590319361277445,0.027313232421875,0.027322992317954403,-9.7598960794031964e-06
0.48602794411177647,0.02850341796875,0.028512631588666706,-9.2136199167057453e-06
0.48615269461077842,0.025390625,0.025379538544959619,1.1086455040380805e-05
0.48627744510978044,0.018402099609375,0.018402896103543686,-7.9649416868596279e-07
0.48640219560878245,0.008636474609375,0.0086439613029582613,-7.4866935832612613e-06
0.48652694610778441,-0.002410888671875,-0.002415365998854899,4.4773269798990128e-06
0.48665169660678642,-0.013092041015625,-0.01309756862439587,5.5276087708704819e-06
0.48677644710578843,-0.02178955078125,-0.021783962081924735,-5.5886993252651784e-06
0.48690119760479039,-0.02716064453125,-0.027159973709058469,-6.7082219153136169e-07
0.48702594810379241,-0.028411865234375,-0.028414084079174687,2.2188447996868144e-06
0.48715069860279442,-0.025360107421875,-0.025360324103197905,2.1668132290514341e-07
0.48727544910179643,-0.018463134765625,-0.018465837662638311,2.7028970133111119e-06
0.48740019960079839,-0.0087890625,-0.008779426908696663,-9.6355913033370488e-06
0.4875249500998004,0.002227783203125,0.0022279908856588466,-2.0768253384661345e-07
0.48764970059880242,0.01287841796875,0.012886745705646966,-8.3277368969660037e-06
0.48777445109780437,0.021575927734375,0.02158167856309488,-5.7508287198797248e-06
0.48789920159680639,0.027008056640625,0.026996890603881826,1.1166036743174429e-05
0.4880239520958084,0.0283203125,0.028314890359666389,5.4221403336107699e-06
0.48814870259481036,0.02532958984375,0.025340000643603169,-1.0410799853168701e-05
0.48827345309381237,0.018524169921875,0.018527396329407489,-3.2264075324889285e-06
0.48839820359281438,0.0089111328125,0.00891346600257612,-2.3331900761199703e-06
0.48852295409181634,-0.002044677734375,-0.0020418492673172808,-2.8284670577191813e-06
0.48864770459081835,-0.012664794921875,-0.012676756119101218,1.1961197226217565e-05
0.48877245508982037,-0.021392822265625,-0.021379681925966388,-1.3140339658612027e-05
0.48889720558882238,-0.026824951171875,-0.026833484611335702,8.5334394607020081e-06
0.48902195608782434,-0.028228759765625,-0.028214793148721131,-1.3966616903868939e-05
0.48914670658682635,-0.02532958984375,-0.025318310224340387,-1.1279619409613334e-05
0.48927145708582837,-0.018585205078125,-0.018587311833390747,2.1067552657474953e-06
0.48939620758483032,-0.009033203125,-0.0090458146719105039,1.261154691050391e-05
0.48952095808383234,0.001861572265625,0.0018572094590049303,4.3628066200697251e-06
0.48964570858283435,0.012481689453125,0.012467872674676191,1.3816778448808714e-05
0.48977045908183631,0.02117919921875,0.021178248886032661,9.5033271733935276e-07
0.48989520958083832,0.02667236328125,0.02667003517206027,2.3281091897295325e-06
0.49001996007984033,0.028106689453125,0.028114073019769228,-7.3835666442277625e-06
0.49014471057884229,0.025299072265625,0.025295532789197085,3.5394764279148005e-06
0.4902694610778443,0.018646240234375,0.018645861823462884,3.7841091211562872e-07
0.49039421157684632,0.009185791015625,0.0091767469549091114,9.0440607158886327e-06
0.49051896207584833,-0.001678466796875,-0.0016738018003784954,-4.6649964965045972e-06
0.49064371257485029,-0.01226806640625,-0.012259830192757904,-8.2362134920955371e-06
0.4907684630738523,-0.020965576171875,-0.020977118168114262,1.1541996239261554e-05
0.49089321357285431,-0.026519775390625,-0.026506283747745059,-1.3491642879941146e-05
0.49101796407185627,-0.02801513671875,-0.028012472590175936,-2.6641285740640341e-06
0.49114271457085829,-0.0252685546875,-0.025271410356423891,2.8556689238914967e-06
0.4912674650698603,-0.018707275390625,-0.018702786056559131,-4.4893340658685998e-06
0.49139221556886226,-0.009307861328125,-0.0093059990293544916,-1.8622987705083777e-06
0.49151696606786427,0.001495361328125,0.0014918944668281895,3.4668612968104945e-06
0.49164171656686628,0.012054443359375,0.012052901315405717,1.5420439692832855e-06
0.49176646706586824,0.020782470703125,0.020776566317274075,5.9043858509251479e-06
0.49189121756487025,0.026336669921875,0.026342509631812651,-5.8397099376508721e-06
0.49201596806387227,0.027923583984375,0.027910272331683725,1.3311652691274517e-05
0.49214071856287422,0.025238037109375,0.025246222829010921,-8.1857196359211293e-06
0.49226546906187624,0.018768310546875,0.018758362207769233,9.948339105766979e-06
0.49239021956087825,0.009429931640625,0.0094338450226369702,-3.913382011970154e-06
0.49251497005988026,-0.001312255859375,-0.0013112176594322336,-1.0381999427664171e-06
0.49263972055888222,-0.0118408203125,-0.01184682069610599,6.0003836059897842e-06
0.49276447105788423,-0.02056884765625,-0.020576331888400329,7.4842321503287845e-06
0.49288922155688625,-0.02618408203125,-0.026178454138777965,-5.6278924720348789e-06
0.49301397205588821,-0.027801513671875,-0.027807214759509195,5.7010876341953565e-06
0.49313872255489022,-0.02520751953125,-0.025219712183537999,1.2192652287999067e-05
0.49326347305389223,-0.018798828125,-0.018812330059070823,1.3501934070823257e-05
0.49338822355289419,-0.009552001953125,-0.0095600212004675923,8.0192473425923227e-06
0.4935129740518962,0.001129150390625,0.0011320394162064905,-2.8890255814905449e-06
0.49363772455089822,0.011627197265625,0.011641860810921237,-1.4663545296236813e-05
0.49376247504990017,0.0203857421875,0.020376691257148059,9.0509303519413498e-06
0.49388722554890219,0.0260009765625,0.026014396414916579,-1.341985241657892e-05
0.4940119760479042,0.0277099609375,0.027703580242793485,6.3806947065148112e-06
0.49413672654690621,0.025177001953125,0.025192158280434779,-1.5156327309778783e-05
0.49426147704590817,0.01885986328125,0.018864967309454705,-5.1040282047047636e-06
0.49438622754491018,0.009674072265625,0.0096848017768583414,-1.0729511233341371e-05
0.4945109780439122,-0.000946044921875,-0.00095408980202509616,8.0448801500961628e-06
0.49463572854291415,-0.011444091796875,-0.011437756148274355,-6.3356486006450885e-06
0.49476047904191617,-0.020172119140625,-0.020177382809523053,5.2636688980534085e-06
0.49488522954091818,-0.025848388671875,-0.025850077627642958,1.6889557679575229e-06
0.49500998003992014,-0.027587890625,-0.027599111193707462,1.1220568707462353e-05
0.49513473053892215,-0.025177001953125,-0.025163303052868416,-1.3698900256584046e-05
0.49525948103792417,-0.0189208984375,-0.018916013763619677,-4.8846738803232093e-06
0.49538423153692612,-0.009796142578125,-0.0098079231028997561,1.1780524774756065e-05
0.49550898203592814,0.000762939453125,0.00077763671989372445,-1.4697266768724446e-05
0.49563373253493015,0.01123046875,0.011234779020093712,-4.31027009371171e-06
0.49575848303393216,0.019989013671875,0.01997868275283279,1.0330919042209757e-05
0.49588323353293412,0.02569580078125,0.025685776776185758,1.0024005064241531e-05
0.49600798403193613,0.027496337890625,0.027494087877913589,2.250012711410565e-06
0.49613273453093815,0.025146484375,0.02513342631699627,1.3058058003730111e-05
0.4962574850299401,0.018951416015625,0.018965747142151827,-1.4331126526826582e-05
0.49638223552894212,0.009918212890625,0.0099296594767174732,-1.144658609247319e-05
0.49650698602794413,-0.0006103515625,-0.00060241010086179976,-7.9414616382002387e-06
0.49663173652694609,-0.01104736328125,-0.011032663751599024,-1.4699529650975818e-05
0.4967564870259481,-0.019775390625,-0.019780329305258228,4.9386802582276901e-06
0.49688123752495011,-0.0255126953125,-0.025521234880963476,8.5395684634760605e-06
0.49700598802395207,-0.027374267578125,-0.027388252603677082,1.3985025552082364e-05
0.49713073852295409,-0.025115966796875,-0.025102269960878418,-1.369683599658153e-05
0.4972554890219561,-0.019012451171875,-0.019013907270204983,1.4560983299834185e-06
0.49738023952095806,-0.010040283203125,-0.010049747332254316,9.4641291293155738e-06
0.49750499001996007,0.00042724609375,0.00042867771529370158,-1.4316215437015778e-06
0.49762974051896208,0.010833740234375,0.010831682492453738,2.0577419212620268e-06
0.4977544910179641,0.01959228515625,0.019582598506831129,9.6866494188711794e-06
0.49787924151696605,0.025360107421875,0.025356730794288948,3.3766275860519501e-06
0.49800399201596807,0.02728271484375,0.027281885532339744,8.2931141025602284e-07
0.49812874251497008,0.025054931640625,0.025070113754714261,-1.5182114089261345e-05
0.49825349301397204,0.019073486328125,0.019060771887686775,1.2714440438224561e-05
0.49837824351297405,0.010162353515625,0.01016846104926236,-6.1075336373599826e-06
0.49850299401197606,-0.000244140625,-0.00025616936278505725,1.2028737785057251e-05
0.49862774451097802,-0.0106201171875,-0.010631569406523886,1.145221902388617e-05
0.49875249500998003,-0.019378662109375,-0.019385228409010889,6.5662996358885339e-06
0.49887724550898205,-0.025177001953125,-0.025192005389730723,1.5003436605723341e-05
0.49900199600798401,-0.02716064453125,-0.027174728867438793,1.4084336188793095e-05
0.49912674650698602,-0.0250244140625,-0.025036699539786711,1.2285477286710922e-05
0.49925149700598803,-0.01910400390625,-0.019106080837970586,2.0769317205862614e-06
0.49937624750499005,-0.010284423828125,-0.010285537142025807,1.1133139008068921e-06
0.499500998003992,9.1552734375e-05,8.5152683400831504e-05,6.4000509741684962e-06
0.49962574850299402,0.01043701171875,0.010432596483088955,4.4152356610451665e-06
0.49975049900199603,0.019195556640625,0.019188494885645131,7.0617549798694668e-06
0.49987524950099799,0.0250244140625,0.025027337372836016,-2.9233103360157275e-06
0.5,0.027069091796875,0.027067062665189944,2.029131685055835e-06
0.50012475049900196,0.024993896484375,0.025002307038710554,-8.4105543355535162e-06
0.50024950099800403,0.0191650390625,0.019150111878039555,1.4927184460444831e-05
0.50037425149700598,0.010406494140625,0.010401250069445738,5.2440711792618722e-06
0.50049900199600794,9.1552734375e-05,8.4642652354866924e-05,6.9100820201330762e-06
0.50062375249501001,-0.010223388671875,-0.010234497726550848,1.1109054675847649e-05
0.50074850299401197,-0.01898193359375,-0.018992135822568482,1.0202228818482345e-05
0.50087325349301393,-0.024871826171875,-0.024862467470497283,-9.3587013777172989e-06
0.50099800399201599,-0.026947021484375,-0.026958629023615253,1.1607539240253428e-05
0.50112275449101795,-0.02496337890625,-0.024966678044351352,3.2991381013515453e-06
0.50124750499001991,-0.019195556640625,-0.019192604867273436,-2.9517733515643796e-06
0.50137225548902198,-0.010528564453125,-0.010515336423682131,-1.3228029442868827e-05
0.50149700598802394,-0.000244140625,-0.0002529491323277883,8.808507327788301e-06
0.50162175648702589,0.010040283203125,0.010037544967640347,2.7382354846530038e-06
0.50174650698602796,0.018798828125,0.018796426928567991,2.4011964320086454e-06
0.50187125748502992,0.024688720703125,0.024697674241682527,-8.9535385575274795e-06
0.50199600798403199,0.02685546875,0.026849707893035087,5.7608569649127139e-06
0.50212075848303395,0.024932861328125,0.024930092230129042,2.7690979959582585e-06
0.5022455089820359,0.01922607421875,0.019233837577538777,-7.7633587887773747e-06
0.50237025948103797,0.0106201171875,0.010628070740301166,-7.9535528011657336e-06
0.50249500998003993,0.00042724609375,0.00042003721280148434,7.2088809485156631e-06
0.50261976047904189,-0.00982666015625,-0.0098414720532070139,1.4811896957013862e-05
0.50274451097804396,-0.01861572265625,-0.018601105924969039,-1.4616731280961415e-05
0.50286926147704591,-0.0245361328125,-0.024532698266811676,-3.4345456883244641e-06
0.50299401197604787,-0.0267333984375,-0.026740041265204437,6.6428277044373873e-06
0.50311876247504994,-0.02490234375,-0.024892291338919428,-1.0052411080572338e-05
0.5032435129740519,-0.019287109375,-0.019273549882005751,-1.3559492994249384e-05
0.50336826347305386,-0.0107421875,-0.01073918968692859,-2.9978130714099216e-06
0.50349301397205593,-0.000579833984375,-0.00058563950719621135,5.8055228212113485e-06
0.50361776447105788,0.0096435546875,0.0096465506573188559,-2.9959698188558592e-06
0.50374251497005984,0.018402099609375,0.018406448356622775,-4.3487472477753142e-06
0.50386726546906191,0.02435302734375,0.024367817958484337,-1.4790614734336988e-05
0.50399201596806387,0.026641845703125,0.026629908983814496,1.1936719310504107e-05
0.50411676646706582,0.02484130859375,0.024853554993368682,-1.2246399618682374e-05
0.50424151696606789,0.019317626953125,0.019312019565284812,5.6073878401882715e-06
0.50436626746506985,0.0108642578125,0.010848967873323439,1.5289939176561101e-05
0.50449101796407181,0.000762939453125,0.00075002659622060641,1.2912856904393594e-05
0.50461576846307388,-0.00946044921875,-0.0094525144711158308,-7.934747634169223e-06
0.50474051896207583,-0.018218994140625,-0.018212191781518422,-6.8023591065780042e-06
0.50486526946107779,-0.024200439453125,-0.024202773750872993,2.3342977479925975e-06
0.50499001996007986,-0.026519775390625,-0.026519052933637443,-7.2245698755704635e-07
0.50511477045908182,-0.024810791015625,-0.024813624884805,2.8338691799995042e-06
0.50523952095808389,-0.01934814453125,-0.019348986512187038,8.419809370378839e-07
0.50536427145708585,-0.010955810546875,-0.010957142040143888,1.3314932688877901e-06
0.5054890219560878,-0.00091552734375,-0.00091293121654286553,-2.5961272071344747e-06
0.50561377245508987,0.009246826171875,0.0092596350139106526,-1.2808842035652579e-05
0.50573852295409183,0.01800537109375,0.018018611581713893,-1.3240487963892683e-05
0.50586327345309379,0.0240478515625,0.024037843910470258,1.0007652029742076e-05
0.50598802395209586,0.026397705078125,0.026407752851035658,-1.0047772910658226e-05
0.50611277445109781,0.0247802734375,0.0247727805835594,7.4928539406000916e-06
0.50623752495009977,0.019378662109375,0.019384728517911093,-6.0664085360928599e-06
0.50636227544910184,0.011077880859375,0.011063986868964943,1.3893990410056983e-05
0.5064870259481038,0.001068115234375,0.0010746240709447064,-6.5088365697064249e-06
0.50661177644710575,-0.009063720703125,-0.0090676458230149366,3.9251198899366291e-06
0.50673652694610782,-0.017822265625,-0.017825445152996274,3.1795279962741618e-06
0.50686127744510978,-0.02386474609375,-0.023872768725454768,8.0226317047682461e-06
0.50698602794411174,-0.02630615234375,-0.026295750513116372,-1.0401830633628012e-05
0.50711077844311381,-0.02471923828125,-0.024730763727908087,1.1525446658087329e-05
0.50723552894211577,-0.0194091796875,-0.019418985476791124,9.8057892911236622e-06
0.50736027944111772,-0.01116943359375,-0.011169239171055046,-1.9442269495392739e-07
0.50748502994011979,-0.001220703125,-0.0012348380170555441,1.4134892055544081e-05
0.50760978043912175,0.008880615234375,0.0088768182648974077,3.7969694775923102e-06
0.50773453093812371,0.01763916015625,0.017632967715812166,6.1924404378341236e-06
0.50785928143712578,0.023712158203125,0.023707826316469994,4.3318866550061397e-06
0.50798403193612773,0.02618408203125,0.026183325548250473,7.5648299952685294e-07
0.50810878243512969,0.024688720703125,0.024687853834373667,8.6686875133343277e-07
0.50823353293413176,0.019439697265625,0.0194520351924913,-1.2337926866300142e-05
0.50835828343313372,0.011260986328125,0.011273173697400413,-1.2187369275412641e-05
0.50848303393213568,0.00140380859375,0.0013938438774303223,9.9647163196777289e-06
0.50860778443113774,-0.008697509765625,-0.0086868857249263794,-1.0624040698620565e-05
0.5087325349301397,-0.0174560546875,-0.017440916504932673,-1.5138182567327185e-05
0.50885728542914177,-0.023529052734375,-0.023542756825996797,1.3704091621796755e-05
0.50898203592814373,-0.02606201171875,-0.026070219625232625,8.2079064826247328e-06
0.50910678642714569,-0.024658203125,-0.024643792486677571,-1.4410638322429059e-05
0.50923153692614775,-0.01947021484375,-0.019483617566802443,1.3402723052443472e-05
0.50935628742514971,-0.011383056640625,-0.011375527327481429,-7.529313143571012e-06
0.50948103792415167,-0.001556396484375,-0.0015513746282869879,-5.0218560880121305e-06
0.50960578842315374,0.00848388671875,0.0084981194185851788,-1.423269983517883e-05
0.5097305389221557,0.017242431640625,0.017249566580392225,-7.1349397672247628e-06
0.50985528942115765,0.02337646484375,0.023377838229126945,-1.3733853769445914e-06
0.50998003992015972,0.025970458984375,0.025956712263810883,1.3746720564117298e-05
0.51010479041916168,0.02459716796875,0.024598859146076443,-1.691177326443305e-06
0.51022954091816364,0.019500732421875,0.019514010409791147,-1.3277987916147233e-05
0.51035429141716571,0.011474609375,0.011476574879356875,-1.9655043568753139e-06
0.51047904191616766,0.001708984375,0.0017077012096643864,1.2831653356136161e-06
0.51060379241516962,-0.00830078125,-0.0083102525812098812,9.4713312098811814e-06
0.51072854291417169,-0.017059326171875,-0.017058655017113494,-6.7115476150639286e-07
0.51085329341317365,-0.023223876953125,-0.023212810522967819,-1.1066430157181256e-05
0.51097804391217561,-0.025848388671875,-0.025842545023854128,-5.8436480208715058e-06
0.51110279441117767,-0.024566650390625,-0.024552795340303066,-1.3855050321934237e-05
0.51122754491017963,-0.01953125,-0.019542953628609302,1.1703628609301825e-05
0.51135229540918159,-0.011566162109375,-0.011576053298375459,9.8911890004590997e-06
0.51147704590818366,-0.001861572265625,-0.0018625567141028294,9.8444847782940686e-07
0.51160179640718562,0.00811767578125,0.0081235562792051769,-5.8804979551768666e-06
0.51172654690618757,0.016876220703125,0.016868456715907629,7.7639872173712599e-06
0.51185129740518964,0.023040771484375,0.023047951537384155,-7.1800530091550852e-06
0.5119760479041916,0.025726318359375,0.025727997315893085,-1.678956518084973e-06
0.51210079840319356,0.024505615234375,0.024505880473912948,-2.6523953794779787e-07
0.51222554890219563,0.019561767578125,0.019570725037682864,-8.9574595578643945e-06
0.51235029940119758,0.011688232421875,0.011674237467266792,1.3994954608208265e-05
0.51247504990019965,0.00201416015625,0.0020162121968045166,-2.0520405545165592e-06
0.51259980039920161,-0.0079345703125,-0.0079377635997885075,3.1932872885075125e-06
0.51272455089820357,-0.016693115234375,-0.016678708593098873,-1.440664127612748e-05
0.51284930139720564,-0.02288818359375,-0.022883001124435195,-5.182469314805177e-06
0.51297405189620759,-0.025604248046875,-0.025612810590291916,8.5625434169157855e-06
0.51309880239520955,-0.024444580078125,-0.024457856017235269,1.3275939110268808e-05
0.51322355289421162,-0.01959228515625,-0.01959706454752836,4.779391278360301e-06
0.51334830339321358,-0.01177978515625,-0.011770864394927312,-8.9207613226879867e-06
0.51347305389221554,-0.002166748046875,-0.0021684008643467752,1.652817471775158e-06
0.5135978043912176,0.00775146484375,0.0077531454621506454,-1.6806184006453589e-06
0.51372255489021956,0.0164794921875,0.01648968539149322,-1.019320399322024e-05
0.51384730538922152,0.022705078125,0.022718236969120127,-1.3158844120127189e-05
0.51397205588822359,0.025482177734375,0.025497264147798029,-1.508641342302941e-05
0.51409680638722555,0.0244140625,0.024409001316725777,5.0611832742228358e-06
0.5142215568862275,0.019622802734375,0.019622249974918411,5.5275945658878056e-07
0.51434630738522957,0.011871337890625,0.011866209026464151,5.1288641608488589e-06
0.51447105788423153,0.0023193359375,0.0023193938847923768,-5.7947292376840653e-08
0.51459580838323349,-0.007568359375,-0.0075694348072730755,1.0754322730755286e-06
0.51472055888223556,-0.01629638671875,-0.016301123870006765,4.737151256765243e-06
0.51484530938123751,-0.022552490234375,-0.022553398778822353,9.0854444735263828e-07
0.51497005988023947,-0.025390625,-0.025381099328724649,-9.5256712753510886e-06
0.51509481037924154,-0.02435302734375,-0.024359057783944781,6.0304401947805508e-06
0.5152195608782435,-0.0196533203125,-0.019646021231703285,-7.2990807967153459e-06
0.51534431137724546,-0.011962890625,-0.011960008431991655,-2.8821930083446079e-06
0.51546906187624753,-0.002471923828125,-0.0024689245764643289,-2.9992516606710921e-06
0.51559381237524948,0.00738525390625,0.0073869024090887627,-1.6485028387627429e-06
0.51571856287425155,0.01611328125,0.016113298614682619,-1.7364682618897787e-08
0.51584331337325351,0.02239990234375,0.022388764094063904,1.113824968609553e-05
0.51596806387225547,0.0252685546875,0.025264595323507895,3.9593639921051138e-06
0.51609281437125754,0.024322509765625,0.024308304705891407,1.4205059733592845e-05
0.51621756487025949,0.019683837890625,0.01966865613503304,1.5181755591960056e-05
0.51634231536926145,0.012054443359375,0.012052537616682034,1.905742692966117e-06
0.51646706586826352,0.00262451171875,0.0026172642180585719,7.2475006914281444e-06
0.51659181636726548,-0.0072021484375,-0.0072052810642278583,3.132626727858287e-06
0.51671656686626743,-0.01593017578125,-0.015925946228282899,-4.2295529671006193e-06
0.5168413173652695,-0.022216796875,-0.022224072477929249,7.2756029292492252e-06
0.51696606786427146,-0.025146484375,-0.025147493361898043,1.008986898042713e-06
0.51709081836327342,-0.024261474609375,-0.024256483434008002,-4.9911753669980297e-06
0.51721556886227549,-0.019683837890625,-0.019689894596149275,6.0567055242752299e-06
0.51734031936127745,-0.01214599609375,-0.01214353370956215,-2.4623841878498864e-06
0.5174650698602794,-0.002777099609375,-0.002764146237375322,-1.2953371999678033e-05
0.51758982035928147,0.00701904296875,0.0070248414032343482,-5.7984344843482402e-06
0.51771457085828343,0.0157470703125,0.015739341141331655,7.729171168344845e-06
0.51783932135728539,0.022064208984375,0.022059601326860818,4.6076575141822118e-06
0.51796407185628746,0.0250244140625,0.025030072523519312,-5.6584610193116669e-06
0.51808882235528941,0.024200439453125,0.024203873194514901,-3.4337413899014624e-06
0.51821357285429137,0.01971435546875,0.019710014430618292,4.3410381317075808e-06
0.51833832335329344,0.012237548828125,0.012233271773621187,4.2770545038133684e-06
0.5184630738522954,0.002899169921875,0.0029098420214296095,-1.0672099554609547e-05
0.51858782435129736,-0.0068359375,-0.0068453160803066855,9.3785803066855078e-06
0.51871257485029942,-0.01556396484375,-0.015553219801710403,-1.0745042039597003e-05
0.51883732534930138,-0.021881103515625,-0.021895090060089731,1.3986544464730799e-05
0.51896207584830334,-0.02490234375,-0.024912073927075964,9.7301770759644635e-06
0.51908682634730541,-0.024139404296875,-0.024150215277423153,1.0810980548153076e-05
0.51921157684630737,-0.01971435546875,-0.019728755547131775,1.4400078381774511e-05
0.51933632734530943,-0.0123291015625,-0.012321488994536665,-7.6125679633349402e-06
0.51946107784431139,-0.0030517578125,-0.0030540851052599858,2.3272927599858433e-06
0.51958582834331335,0.00665283203125,0.0066669755845143999,-1.4143553264399887e-05
0.51971057884231542,0.015380859375,0.015367856485659886,1.300288934011351e-05
0.51983532934131738,0.021728515625,0.021730815930401656,-2.3003054016555724e-06
0.51996007984031933,0.0247802734375,0.02479377654092103,-1.3503103421030199e-05
0.5200848303393214,0.02410888671875,0.024095788846894072,1.309787185592784e-05
0.52020958083832336,0.019744873046875,0.01974639575774368,-1.5227108686802215e-06
0.52033433133732532,0.012420654296875,0.012408460490838661,1.2193806036338989e-05
0.52045908183632739,0.003204345703125,0.0031971469819848655,7.1987211401345133e-06
0.52058383233532934,-0.006500244140625,-0.0064895524295445909,-1.0691711080409137e-05
0.5207085828343313,-0.01519775390625,-0.015182987487437112,-1.4766418812888274e-05
0.52083333333333337,-0.021575927734375,-0.021566518213601248,-9.4095207737524e-06
0.52095808383233533,-0.024688720703125,-0.024674921372261818,-1.3799330863182441e-05
0.52108283433133729,-0.0240478515625,-0.024040335130239177,-7.5164322608234357e-06
0.52120758483033935,-0.019775390625,-0.019762674966714397,-1.271565828560306e-05
0.52133233532934131,-0.012481689453125,-0.012493923502617132,1.2234049492132471e-05
0.52145708582834327,-0.003326416015625,-0.0033387612916197071,1.2345275994707101e-05
0.52158183632734534,0.006317138671875,0.0063133169648637256,3.8217070112743848e-06
0.5217065868263473,0.014984130859375,0.014998886930320674,-1.4756070945674132e-05
0.52183133732534925,0.021392822265625,0.021402474019281102,-9.6517536561022133e-06
0.52195608782435132,0.024566650390625,0.024555787277742998,1.0863112882002202e-05
0.52208083832335328,0.02398681640625,0.023984133228289333,2.6831779606668882e-06
0.52220558882235524,0.019775390625,0.019777870980708843,-2.4803557088434736e-06
0.52233033932135731,0.0125732421875,0.012578153201691747,-4.9110141917465405e-06
0.52245508982035926,0.00347900390625,0.0034791996311372016,-1.9572488720162248e-07
0.52257984031936133,-0.006134033203125,-0.0061380015655466491,3.9683624216491423e-06
0.52270459081836329,-0.014801025390625,-0.014815290956212765,1.4265565587765275e-05
0.52282934131736525,-0.021240234375,-0.02123842248029275,-1.8118947072501279e-06
0.52295409181636732,-0.024444580078125,-0.024436115152659671,-8.4649254653290651e-06
0.52307884231536927,-0.02392578125,-0.023926924304422337,1.1430544223367534e-06
0.52320359281437123,-0.019805908203125,-0.019791723697649539,-1.4184505475460518e-05
0.5233283433133733,-0.012664794921875,-0.012660886880374443,-3.908041500556847e-06
0.52345309381237526,-0.003631591796875,-0.0036181957432816969,-1.3396053593303127e-05
0.52357784431137722,0.005950927734375,0.0059638764433836361,-1.2948709008636129e-05
0.52370259481037928,0.014617919921875,0.014632473536692659,-1.4553614817659072e-05
0.52382734530938124,0.021087646484375,0.021074640563524219,1.3005920850781005e-05
0.5239520958083832,0.024322509765625,0.024316183741545139,6.326024079860576e-06
0.52407684630738527,0.02386474609375,0.023868987394925614,-4.241301175614276e-06
0.52420159680638723,0.019805908203125,0.019804510916966871,1.3972861581286466e-06
0.52432634730538918,0.01275634765625,0.012742399761580951,1.394789466904918e-05
0.52445109780439125,0.003753662109375,0.0037560213266886102,-2.359217313610204e-06
0.52457584830339321,-0.00579833984375,-0.0057906738367365538,-7.6660070134461702e-06
0.52470059880239517,-0.01446533203125,-0.014450170662617367,-1.5161368632632746e-05
0.52482534930139724,-0.020904541015625,-0.020910867259348532,6.3262437235318825e-06
0.52495009980039919,-0.024200439453125,-0.024195733827399292,-4.7056257257080403e-06
0.52507485029940115,-0.0238037109375,-0.023810063598033109,6.3526605331085118e-06
0.52519960079840322,-0.019805908203125,-0.019815972528425669,1.0064325300668947e-05
0.52532435129740518,-0.0128173828125,-0.012822429187600301,5.046375100301384e-06
0.52544910179640714,-0.00390625,-0.0038924102246291549,-1.3839775370845086e-05
0.52557385229540921,0.005615234375,0.0056186638216459651,-3.4294466459651105e-06
0.52569860279441116,0.0142822265625,0.01426865615517835,1.3570407321649575e-05
0.52582335329341312,0.020751953125,0.02074737939244397,4.5737325560304964e-06
0.52594810379241519,0.024078369140625,0.024075044042272079,3.3250983529214961e-06
0.52607285429141715,0.02374267578125,0.02375043188429744,-7.7561030474397608e-06
0.52619760479041922,0.01983642578125,0.01982638632238282,1.0039458867180245e-05
0.52632235528942117,0.012908935546875,0.012901250430274631,7.68511660036858e-06
0.52644710578842313,0.0040283203125,0.0040276342351337757,6.8607736622428028e-07
0.5265718562874252,-0.005462646484375,-0.0054475785016328297,-1.5067982742170312e-05
0.52669660678642716,-0.01409912109375,-0.014087665855509759,-1.1455238240240528e-05
0.52682135728542911,-0.02056884765625,-0.020583915811248917,1.5068154998916505e-05
0.52694610778443118,-0.023956298828125,-0.023953855056507663,-2.4437716173372759e-06
0.52707085828343314,-0.023681640625,-0.023689833285633274,8.1926606332743956e-06
0.5271956087824351,-0.01983642578125,-0.019835492178638864,-9.3360261113617504e-07
0.52732035928143717,-0.012969970703125,-0.012978600879726635,8.6301766016351478e-06
0.52744510978043913,-0.004150390625,-0.0041614272998117202,1.103667481172025e-05
0.52756986027944108,0.005279541015625,0.0052776878188761688,1.8531967488312137e-06
0.52769461077844315,0.013916015625,0.01390747343570314,8.5421892968597091e-06
0.52781936127744511,0.020416259765625,0.020420753198750034,-4.4934331250336135e-06
0.52794411177644707,0.023834228515625,0.023832445389334229,1.7831262907712364e-06
0.52806886227544914,0.02362060546875,0.023628546705710827,-7.9412369608268529e-06
0.52819361277445109,0.01983642578125,0.01984356787667052,-7.1420954205203557e-06
0.52831836327345305,0.0130615234375,0.013054755854554305,6.7675829456947251e-06
0.52844311377245512,0.004302978515625,0.0042940613139227247,8.9172017022753208e-06
0.52856786427145708,-0.005096435546875,-0.0051087237440141887,1.228819713918871e-05
0.52869261477045904,-0.01373291015625,-0.013727814588477135,-5.095567772865281e-06
0.5288173652694611,-0.020263671875,-0.02025763026197179,-6.0416130282098246e-06
0.52894211576846306,-0.023712158203125,-0.023710555598116537,-1.6026050084633203e-06
0.52906686626746502,-0.0235595703125,-0.023566313108990364,6.7427964903638005e-06
0.52919161676646709,-0.01983642578125,-0.019850353284538439,1.3927503288439086e-05
0.52931636726546905,-0.01312255859375,-0.013129452790542215,6.8941967922148129e-06
0.529441117764471,-0.004425048828125,-0.0044252703152051183,2.2148708011832802e-07
0.52956586826347307,0.00494384765625,0.0049409560872516814,2.8915689983186055e-06
0.52969061876247503,0.0135498046875,0.013548962838195167,8.41849304832748e-07
0.5298153692614771,0.02008056640625,0.02009482354277017,-1.4257136520170327e-05
0.52994011976047906,0.023590087890625,0.023588464088953744,1.6238016712563641e-06
0.53006487025948101,0.02349853515625,0.023503411331126031,-4.8761748760312029e-06
0.53018962075848308,0.019866943359375,0.019856126169095257,1.0817190279743122e-05
0.53031437125748504,0.013214111328125,0.01320296705090337,1.1144277221630458e-05
0.530439121756487,0.004547119140625,0.0045553262939516531,-8.207153326653116e-06
0.53056387225548907,-0.0047607421875,-0.0047741166882093976,1.337450070939758e-05
0.53068862275449102,-0.01336669921875,-0.013370653730479359,3.9545117293589976e-06
0.53081337325349298,-0.019927978515625,-0.019932071607313268,4.0930916882682411e-06
0.53093812375249505,-0.023468017578125,-0.023465911305929871,-2.1062721951292662e-06
0.53106287425149701,-0.0234375,-0.023439582268018174,2.0822680181740993e-06
0.53118762475049897,-0.019866943359375,-0.019860626384903705,-6.3169744712945897e-06
0.53131237524950103,-0.013275146484375,-0.013275036114996972,-1.1036937802751112e-07
0.53143712574850299,-0.004669189453125,-0.0046839633818353387,1.477392871033871e-05
0.53156187624750495,0.004608154296875,0.0046084752270472429,-3.2093017224288367e-07
0.53168662674650702,0.01318359375,0.013193160643276112,-9.5668932761118486e-06
0.53181137724550898,0.019775390625,0.019769650856907125,5.7397680928751582e-06
0.53193612774451093,0.023345947265625,0.023343175541731324,2.7717238936762756e-06
0.532060878243513,0.02337646484375,0.023375104686224578,1.3601575254221232e-06
0.53218562874251496,0.019866943359375,0.019864131684453425,2.8116749215753578e-06
0.53231037924151692,0.013336181640625,0.013345935388533724,-9.7537479087240336e-06
0.53243512974051899,0.00482177734375,0.0048114536620425721,1.0323681707427937e-05
0.53255988023952094,-0.00445556640625,-0.0044437634142914422,-1.1802991958557822e-05
0.5326846307385229,-0.013031005859375,-0.013016218976468184,-1.4786882906816373e-05
0.53280938123752497,-0.01959228515625,-0.019607299717452113,1.5014561202113252e-05
0.53293413173652693,-0.023223876953125,-0.023219997126905437,-3.8798262195632871e-06
0.533058882235529,-0.0233154296875,-0.023309719412009811,-5.7102754901887376e-06
0.53318363273453095,-0.019866943359375,-0.019866381907083203,-5.6145229179738187e-07
0.53330838323353291,-0.013427734375,-0.013415402392323974,-1.2331982676026462e-05
0.53343313373253498,-0.00494384765625,-0.0049375313580218684,-6.3162982281315602e-06
0.53355788423153694,0.0042724609375,0.004280250801936291,-7.7898644362910108e-06
0.5336826347305389,0.012847900390625,0.012840101962942989,7.7984276820111664e-06
0.53380738522954096,0.019439697265625,0.019445294450273772,-5.5971846487715138e-06
0.53393213572854292,0.023101806640625,0.023096654240471481,5.152400153519282e-06
0.53405688622754488,0.02325439453125,0.023243705141774321,1.0689389475678629e-05
0.53418163672654695,0.019866943359375,0.019867654789235696,-7.1142986069611114e-07
0.53430638722554891,0.01348876953125,0.013483712572479451,5.056958770548875e-06
0.53443113772455086,0.00506591796875,0.0050624686436739549,3.4493250760450622e-06
0.53455588822355293,-0.004119873046875,-0.0041176689732973148,-2.2040735776851852e-06
0.53468063872255489,-0.012664794921875,-0.012664544858211807,-2.5006366319302309e-07
0.53480538922155685,-0.019287109375,-0.019283373341608675,-3.7360333913251387e-06
0.53493013972055892,-0.022979736328125,-0.022972887099197006,-6.8492289279943608e-06
0.53505489021956087,-0.023162841796875,-0.023176802631107093,1.3960834232093489e-05
0.53517964071856283,-0.019866943359375,-0.019867690153347765,7.4679397276539161e-07
0.5353043912175649,-0.0135498046875,-0.013550603489212287,7.9880171228660646e-07
0.53542914171656686,-0.00518798828125,-0.0051859998320779241,-1.9884491720759123e-06
0.53555389221556882,0.00396728515625,0.0039562873541126959,1.0997802137304065e-05
0.53567864271457089,0.012481689453125,0.012489820751435461,-8.1312983104611658e-06
0.53580339321357284,0.019134521484375,0.019121812513443921,1.2708970931078756e-05
0.5359281437125748,0.022857666015625,0.022848973768214605,8.6922474103953706e-06
0.53605289421157687,0.023101806640625,0.023109290505222476,-7.4838645974760476e-06
0.53617764471057883,0.019866943359375,0.019866765718113893,1.7764126110722533e-07
0.53630239520958078,0.01361083984375,0.01361635062698442,-5.5107832344202662e-06
0.53642714570858285,0.00531005859375,0.0053083971856847231,1.661408065276905e-06
0.53655189620758481,-0.0037841796875,-0.0037958374023954341,1.165771489543407e-05
0.53667664670658688,-0.0123291015625,-0.012315664755113739,-1.343680738626063e-05
0.53680139720558884,-0.018951416015625,-0.018960350112968382,8.9340973433819915e-06
0.53692614770459079,-0.022735595703125,-0.022724654350306076,-1.0941352818923805e-05
0.53705089820359286,-0.023040771484375,-0.023040909448030396,1.379636553958119e-07
0.53717564870259482,-0.019866943359375,-0.019864621287421565,-2.3220719534353118e-06
0.53730039920159678,-0.013671875,-0.013680691583313642,8.8165833136422123e-06
0.53742514970059885,-0.00543212890625,-0.0054293951050993763,-2.7338011506236951e-06
0.53754990019960081,0.003631591796875,0.0036365884195395807,-4.9966226645806536e-06
0.53767465069860276,0.01214599609375,0.012142349816068381,3.6462776816185288e-06
0.53779940119760483,0.018798828125,0.01879926212344794,-4.3399844793998166e-07
0.53792415169660679,0.022613525390625,0.022600206796527158,1.3318594097842112e-05
0.53804890219560875,0.022979736328125,0.022971938012568475,7.7983155565251872e-06
0.53817365269461082,0.019866943359375,0.019861534560593402,5.4087987815983063e-06
0.53829840319361277,0.01373291015625,0.013743901878985667,-1.0991722735666579e-05
0.53842315369261473,0.00555419921875,0.0055492659392098647,4.933279540135331e-06
0.5385479041916168,-0.00347900390625,-0.0034782717401190591,-7.3216613094085128e-07
0.53867265469061876,-0.011962890625,-0.011969610905157444,6.7202801574441084e-06
0.53879740518962072,-0.018646240234375,-0.018638286553678583,-7.9536806964174145e-06
0.53892215568862278,-0.0224609375,-0.022475371095486862,1.4433595486862405e-05
0.53904690618762474,-0.02288818359375,-0.022902116810081134,1.3933216331134257e-05
0.5391716566866267,-0.019866943359375,-0.019857245321332428,-9.6980380425715218e-06
0.53929640718562877,-0.0137939453125,-0.013805719146822677,1.1773834322676563e-05
0.53942115768463073,-0.00567626953125,-0.0056677441739737986,-8.5253572762013577e-06
0.53954590818363268,0.003326416015625,0.0033211565430616512,5.259472563348775e-06
0.53967065868263475,0.011810302734375,0.011797720828260597,1.2581906114403352e-05
0.53979540918163671,0.018463134765625,0.018477699248867038,-1.4564483242038295e-05
0.53992015968063867,0.0223388671875,0.02235042508399443,-1.155789649442962e-05
0.54004491017964074,0.0228271484375,0.022831724320470304,-4.5758829703042292e-06
0.54016966067864269,0.019866943359375,0.019852031247972787,1.4912111402212713e-05
0.54029441117764476,0.01385498046875,0.013866418941901142,-1.1438473151142298e-05
0.54041916167664672,0.00579833984375,0.0057851022426178567,1.323760113214334e-05
0.54054391217564868,-0.003173828125,-0.0031649740414466197,-8.8540835533803403e-06
0.54066866267465075,-0.011627197265625,-0.011626414415950626,-7.8284967437378117e-07
0.5407934131736527,-0.018310546875,-0.018317238080091797,6.6912050917973531e-06
0.54091816367265466,-0.022216796875,-0.022225108636346379,8.3117613463787321e-06
0.54104291417165673,-0.02276611328125,-0.022760501081374045,-5.6121998759546543e-06
0.54116766467065869,-0.01983642578125,-0.019845632102429414,9.206321179414112e-06
0.54129241516966065,-0.013916015625,-0.013925738930348423,9.7233053484233056e-06
0.54141716566866271,-0.005889892578125,-0.0059010747143767289,1.1182136251728855e-05
0.54154191616766467,0.003021240234375,0.0030099932936101565,1.1246940764843543e-05
0.54166666666666663,0.011444091796875,0.011455964334539638,-1.1872537664638083e-05
0.5417914171656687,0.018157958984375,0.018157178755157419,7.8022921758125197e-07
0.54191616766467066,0.0220947265625,0.022099699474963597,-4.9729124635966571e-06
0.54204091816367261,0.022674560546875,0.022688725498625332,-1.4164951750331861e-05
0.54216566866267468,0.01983642578125,0.019838325540483322,-1.8997592333216962e-06
0.54229041916167664,0.01397705078125,0.013983954699524367,-6.9039182743670796e-06
0.5424151696606786,0.006011962890625,0.0060159341047011077,-3.971214076107718e-06
0.54253992015968067,-0.00286865234375,-0.002855945392994243,-1.2706950755757025e-05
0.54266467065868262,-0.01129150390625,-0.01128610527575266,-5.3986304973403093e-06
0.54278942115768458,-0.01800537109375,-0.017997259008100938,-8.1120856490618509e-06
0.54291417165668665,-0.02197265625,-0.021973937359698013,1.2811096980133718e-06
0.54303892215568861,-0.022613525390625,-0.022616138035339382,2.6126447143816345e-06
0.54316367265469057,-0.01983642578125,-0.019829851300703406,-6.5744805465943468e-06
0.54328842315369263,-0.0140380859375,-0.014040803946886849,2.7180093868494487e-06
0.54341317365269459,-0.006134033203125,-0.0061294150640012089,-4.6181391237911165e-06
0.54353792415169666,0.002716064453125,0.0027030992792513114,1.2965173873688649e-05
0.54366267465069862,0.0111083984375,0.011117109767717322,-8.7113302173220247e-06
0.54378742514970058,0.017852783203125,0.017837754410051403,1.5028793073596641e-05
0.54391217564870264,0.0218505859375,0.021848099898476206,2.4860390237940733e-06
0.5440369261477046,0.022552490234375,0.022543017022379104,9.4732119958959582e-06
0.54416167664670656,0.019805908203125,0.019820487014740231,-1.4578811615231085e-05
0.54428642714570863,0.01409912109375,0.014096562290137747,2.5588036122528579e-06
0.54441117764471059,0.006256103515625,0.0062417901878532188,1.4313327771781244e-05
0.54453592814371254,-0.0025634765625,-0.0025511859280660299,-1.2290634433970073e-05
0.54466067864271461,-0.010955810546875,-0.010948712364684624,-7.0981821903761538e-06
0.54478542914171657,-0.017669677734375,-0.017678402558699718,8.7248243247177448e-06
0.54491017964071853,-0.021728515625,-0.021721926736606507,-6.5888883934925313e-06
0.5450349301397206,-0.0224609375,-0.022469102847456793,8.1653474567934536e-06
0.54515968063872255,-0.019805908203125,-0.01980997239628874,4.0641931637400153e-06
0.54528443113772451,-0.01416015625,-0.014150967456098304,-9.188793901696371e-06
0.54540918163672658,-0.00634765625,-0.0063527942057968424,5.1379557968423903e-06
0.54553393213572854,0.002410888671875,0.0024004741623104972,1.0414509564502829e-05
0.5456586826347305,0.010772705078125,0.01078118545801608,-8.4803798910803446e-06
0.54578343313373257,0.01751708984375,0.01751947888919457,-2.3890454445701925e-06
0.54590818363273452,0.0216064453125,0.021595695367442956,1.0749945057043908e-05
0.54603293413173648,0.02239990234375,0.0223946737655983,5.2285781516996088e-06
0.54615768463073855,0.019805908203125,0.019798585051363712,7.3231517612876162e-06
0.54628243512974051,0.014190673828125,0.014204295090862183,-1.3621262737182824e-05
0.54640718562874246,0.0064697265625,0.0064626997914803115,7.0267710196884534e-06
0.54653193612774453,-0.00225830078125,-0.002250694841787939,-7.6059394620610343e-06
0.54665668662674649,-0.0106201171875,-0.010614263465906399,-5.8537215936009523e-06
0.54678143712574845,-0.017364501953125,-0.017360720863613569,-3.7810895114308296e-06
0.54690618762475052,-0.021484375,-0.02146914532167802,-1.5229678321980467e-05
0.54703093812375247,-0.022308349609375,-0.022319470088253284,1.1120478878284129e-05
0.54715568862275454,-0.019775390625,-0.01978606466726951,1.0674042269509521e-05
0.5472804391217565,-0.014251708984375,-0.014256282948672547,4.5739642975470979e-06
0.54740518962075846,-0.006561279296875,-0.0065712417514674857,9.962454592485695e-06
0.54752994011976053,0.002105712890625,0.0021021166744381098,3.5962161868902456e-06
0.54765469061876249,0.01043701171875,0.010448218644372531,-1.1206925622531463e-05
0.54777944111776444,0.0172119140625,0.017202403781864085,9.5102806359145808e-06
0.54790419161676651,0.021331787109375,0.021342553978025737,-1.0766868650737005e-05
0.54802894211576847,0.022247314453125,0.022243769993774063,3.5444593509369182e-06
0.54815369261477043,0.019775390625,0.019772688822896029,2.7018021039708351e-06
0.5482784431137725,0.014312744140625,0.014307206702121329,5.5374385036707774e-06
0.54840319361277445,0.006683349609375,0.0066786928354263314,4.6567739486686258e-06
0.54852794411177641,-0.001953125,-0.0019544704060749313,1.3454060749313115e-06
0.54865269461077848,-0.010284423828125,-0.010282785276955628,-1.6385511693722821e-06
0.54877744510978044,-0.017059326171875,-0.017044264971161977,-1.5061200713022832e-05
0.5489021956087824,-0.021209716796875,-0.02121566075252514,5.9439556501401924e-06
0.54902694610778446,-0.02215576171875,-0.022167313716527852,1.155199777785193e-05
0.54915169660678642,-0.019744873046875,-0.019758197177673683,1.332413079868297e-05
0.54927644710578838,-0.01434326171875,-0.014356804130980174,1.3542412230173675e-05
0.54940119760479045,-0.00677490234375,-0.0067847879249393912,9.8855811893911599e-06
0.54952594810379241,0.001800537109375,0.0018080246315902518,-7.4875222152517591e-06
0.54965069860279436,0.0101318359375,0.010118235485729947,1.3600451770052688e-05
0.54977544910179643,0.016876220703125,0.01688657959690457,-1.0358893779569694e-05
0.54990019960079839,0.021087646484375,0.021088742909224648,-1.0964248496475593e-06
0.55002495009980035,0.0220947265625,0.022090379357383581,4.3472051164186731e-06
0.55014970059880242,0.019744873046875,0.019742867281903442,2.0057649715576886e-06
0.55027445109780437,0.014404296875,0.014405350932410681,-1.0540574106807088e-06
0.55039920159680644,0.00689697265625,0.0068897998436524164,7.1728125975835735e-06
0.5505239520958084,-0.00164794921875,-0.0016625099846905194,1.4560765940519393e-05
0.55064870259481036,-0.00994873046875,-0.0099543034210244265,5.5729522744265431e-06
0.55077345309381243,-0.0167236328125,-0.016729084852199035,5.452039699035266e-06
0.55089820359281438,-0.020965576171875,-0.020961539749485354,-4.0364223896464935e-06
0.55102295409181634,-0.022003173828125,-0.022012707072830859,9.5332447058588121e-06
0.55114770459081841,-0.01971435546875,-0.019726438765706969,1.208329695696897e-05
0.55127245508982037,-0.01446533203125,-0.014452584909836584,-1.2747121413416232e-05
0.55139720558882233,-0.006988525390625,-0.0069934635461133439,4.9381554883438927e-06
0.55152195608782439,0.00152587890625,0.0015181949490688232,7.6839571811768495e-06
0.55164670658682635,0.009796142578125,0.0097912610724153019,4.8815057096980585e-06
0.55177145708582831,0.016571044921875,0.016572055768720315,-1.0108468453152997e-06
0.55189620758483038,0.020843505859375,0.02083432842267794,9.17743669705956e-06
0.55202095808383234,0.021942138671875,0.021934574885475473,7.5637863995274557e-06
0.55214570858283429,0.01971435546875,0.019709189149365848,5.1663193841519628e-06
0.55227045908183636,0.014495849609375,0.014498781783140478,-2.9321737654783298e-06
0.55239520958083832,0.007110595703125,0.0070960519279204956,1.4543775204504429e-05
0.55251996007984028,-0.001373291015625,-0.0013748100481808725,1.5190325558724505e-06
0.55264471057884235,-0.0096435546875,-0.0096288424584313297,-1.4712229068670341e-05
0.5527694610778443,-0.01641845703125,-0.016415229406243934,-3.227625006065743e-06
0.55289421157684626,-0.020721435546875,-0.02070684811549833,-1.4587431376670429e-05
0.55301896207584833,-0.0218505859375,-0.021855722873169732,5.1369356697320012e-06
0.55314371257485029,-0.019683837890625,-0.019690858032268395,7.0201416433948727e-06
0.55326846307385225,-0.014556884765625,-0.014543679377545528,-1.3205388079471844e-05
0.55339321357285431,-0.0072021484375,-0.0071973000145889796,-4.8484229110204446e-06
0.55351796407185627,0.001220703125,0.0012326236564152531,-1.1920531415253064e-05
0.55364271457085823,0.00946044921875,0.0094673194375660026,-6.8702188160026101e-06
0.5537674650698603,0.016265869140625,0.016258880663508019,6.9884771169807791e-06
0.55389221556886226,0.02056884765625,0.020579375862665141,-1.0528206415141156e-05
0.55401696606786432,0.02178955078125,0.021776428979507288,1.3121801742711769e-05
0.55414171656686628,0.019683837890625,0.019671722903262828,1.2114987362171759e-05
0.55426646706586824,0.01458740234375,0.014587553433800087,-1.5109005008749621e-07
0.55439121756487031,0.007293701171875,0.0072974807716793917,-3.7795998043916798e-06
0.55451596806387227,-0.0010986328125,-0.0010913661888282764,-7.2666236717235533e-06
0.55464071856287422,-0.009307861328125,-0.0093064258980020687,-1.4354301229313471e-06
0.55476546906187629,-0.01611328125,-0.016102746467733776,-1.0534782266223564e-05
0.55489021956087825,-0.02044677734375,-0.020451650736234679,4.8733924846791621e-06
0.55501497005988021,-0.021697998046875,-0.021696433202966072,-1.5648439089278876e-06
0.55513972055888228,-0.0196533203125,-0.019651523329631229,-1.7969828687708356e-06
0.55526447105788423,-0.014617919921875,-0.014630141797076847,1.2221875201846519e-05
0.55538922155688619,-0.00738525390625,-0.0073963292936678896,1.1075387417889583e-05
0.55551397205588826,0.000946044921875,0.0009513059123426224,-5.2609904676224027e-06
0.55563872255489022,0.0091552734375,0.0091464335686118493,8.8398688881507342e-06
0.55576347305389218,0.015960693359375,0.01594710158552131,1.3591773853689759e-05
0.55588822355289425,0.02032470703125,0.020323949656312814,7.5737493718600057e-07
0.5560129740518962,0.0216064453125,0.02161601340740878,-9.568094908780217e-06
0.55613772455089816,0.019622802734375,0.019630536767420992,-7.7340330459918505e-06
0.55626247504990023,0.014678955078125,0.014671720227196948,7.234850928052039e-06
0.55638722554890219,0.00750732421875,0.0074941186140797976,1.3205604670202438e-05
0.55651197604790414,-0.000823974609375,-0.00081217313548098756,-1.1801473894012442e-05
0.55663672654690621,-0.00897216796875,-0.0089870762086428704,1.4908239892870434e-05
0.55676147704590817,-0.015777587890625,-0.015791682812377618,1.4094921752617895e-05
0.55688622754491013,-0.02020263671875,-0.020196011580375643,-6.6251383743567982e-06
0.5570109780439122,-0.02154541015625,-0.021534909511232839,-1.0500645017161303e-05
0.55713572854291415,-0.019622802734375,-0.019608502750427012,-1.4299983947987926e-05
0.55726047904191611,-0.01470947265625,-0.014712026587486762,2.5539312367619388e-06
0.55738522954091818,-0.007598876953125,-0.0075905838943588219,-8.2930587661780505e-06
0.55750998003992014,0.00067138671875,0.00067423601956273147,-2.8493008127314671e-06
0.55763473053892221,0.008819580078125,0.00882862541878663,-9.0453406616300414e-06
0.55775948103792417,0.015625,0.01563676478357327,-1.1764783573269683e-05
0.55788423153692612,0.02008056640625,0.020068113313988153,1.2453092261846543e-05
0.55800898203592819,0.021453857421875,0.021453399297880458,4.5812399454212005e-07
0.55813373253493015,0.01959228515625,0.019585698700557444,6.5864556925560036e-06
0.55825848303393211,0.014739990234375,0.014751336655009141,-1.1346420634140986e-05
0.55838323353293418,0.0076904296875,0.0076859982340512518,4.431453448748221e-06
0.55850798403193613,-0.00054931640625,-0.00053722476844111737,-1.209163780888263e-05
0.55863273453093809,-0.0086669921875,-0.0086708148308208745,3.8226433208745497e-06
0.55875748502994016,-0.015472412109375,-0.015482084163707579,9.6720543325788666e-06
0.55888223552894212,-0.019927978515625,-0.019939993700132247,1.2015184507246923e-05
0.55900698602794407,-0.0213623046875,-0.02137122260499244,8.9179174924403082e-06
0.55913173652694614,-0.019561767578125,-0.019561864116802167,9.6538677166885245e-08
0.5592564870259481,-0.014801025390625,-0.014789388309473054,-1.163708115194638e-05
0.55938123752495006,-0.007781982421875,-0.007780096859618911,-1.8855622560889906e-06
0.55950598802395213,0.000396728515625,0.00040140743964928036,-4.6789240242803612e-06
0.55963073852295409,0.008514404296875,0.0085139159187018285,4.8837817317147481e-07
0.55975548902195604,0.01531982421875,0.015327915457565717,-8.0912388157172027e-06
0.55988023952095811,0.019805908203125,0.019811929429914305,-6.0212267893045013e-06
0.56000499001996007,0.02130126953125,0.021288657134926305,1.2612396323694736e-05
0.56012974051896203,0.01953125,0.019537276385607365,-6.0263856073647371e-06
0.5602544910179641,0.01483154296875,0.014826457343435,5.0856253149995923e-06
0.56037924151696605,0.00787353515625,0.0078731529346283396,3.8222162166041962e-07
0.56050399201596801,-0.000274658203125,-0.00026651413419972591,-8.1440689252740934e-06
0.56062874251497008,-0.00836181640625,-0.0083576621882077654,-4.1542180422345781e-06
0.56075349301397204,-0.015167236328125,-0.015173995199687958,6.758871562958027e-06
0.56087824351297411,-0.019683837890625,-0.019683659231924819,-1.7865870018118901e-07
0.56100299401197606,-0.021209716796875,-0.021205442643918687,-4.2741529563128378e-06
0.56112774451097802,-0.019500732421875,-0.019511674969852039,1.0942547977038641e-05
0.56125249500998009,-0.014862060546875,-0.014862281651214497,2.2110433949701358e-07
0.56137724550898205,-0.007965087890625,-0.007964901748626959,-1.8614199804103948e-07
0.56150199600798401,0.0001220703125,0.00013281280772813424,-1.0742495228134244e-05
0.56162674650698607,0.008209228515625,0.0082023249879878551,6.9035276371448573e-06
0.56175149700598803,0.0150146484375,0.015020597765233904,-5.9493277339041362e-06
0.56187624750498999,0.019561767578125,0.01955545968293446,6.3078951905402858e-06
0.56200099800399206,0.0211181640625,0.021121856752609261,-3.6926901092609876e-06
0.56212574850299402,0.01947021484375,0.019485337219227454,-1.5122375477454042e-05
0.56225049900199597,0.014892578125,0.01489713703911978,-4.5589141197798638e-06
0.56237524950099804,0.008056640625,0.0080556165272910908,1.0240977089091829e-06
0.5625,0,-3.3460228223851839e-08,3.3460228223851839e-08
0.56262475049900196,-0.008056640625,-0.0080476376992647067,-9.0029257352932518e-06
0.56274950099800403,-0.014862060546875,-0.01486745955952179,5.3990126467895472e-06
0.56287425149700598,-0.019439697265625,-0.019427069397268609,-1.2627868356391431e-05
0.56299900199600794,-0.021026611328125,-0.021037639135209753,1.1027807084753455e-05
0.56312375249501001,-0.01947021484375,-0.019458002559239958,-1.2212284510041554e-05
0.56324850299401197,-0.014923095703125,-0.014930761414334635,7.6657112096350372e-06
0.56337325349301393,-0.008148193359375,-0.0081450326213149231,-3.1607380600769119e-06
0.56349800399201599,-0.0001220703125,-0.00013155605275772328,9.4857402577232784e-06
0.56362275449101795,0.007904052734375,0.0078938715468797223,1.0181187495277716e-05
0.56374750499001991,0.01470947265625,0.014714854828940097,-5.3821726900965539e-06
0.56387225548902198,0.019287109375,0.019298764837507181,-1.1655462507181164e-05
0.56399700598802394,0.020965576171875,0.020953067330035716,1.2508841839283663e-05
0.56412175648702589,0.019439697265625,0.019429948301572363,9.7489640526367272e-06
0.56424650698602796,0.01495361328125,0.014963430595201874,-9.8173139518736852e-06
0.56437125748502992,0.00823974609375,0.0082334233165416073,6.3227772083927075e-06
0.56449600798403199,0.000274658203125,0.00026222583040561704,1.2432372719382964e-05
0.56462075848303395,-0.00775146484375,-0.0077407597889611619,-1.0705054788838139e-05
0.5647455089820359,-0.014556884765625,-0.014562519850490721,5.6350848657207159e-06
0.56487025948103797,-0.0191650390625,-0.019170284503856001,5.2454413560013013e-06
0.56499500998003993,-0.0208740234375,-0.020867880928682098,-6.142508817901654e-06
0.56511976047904189,-0.0194091796875,-0.019400913833096538,-8.2658544034615311e-06
0.56524451097804396,-0.014984130859375,-0.014994882500082019,1.0751640707018506e-05
0.56536926147704591,-0.008331298828125,-0.0083205240228957193,-1.0774805229280676e-05
0.56549401197604787,-0.000396728515625,-0.00039170811544513229,-5.0204001798677075e-06
0.56561876247504994,0.007598876953125,0.0075885735279705609,1.0303425154439133e-05
0.5657435129740519,0.014404296875,0.014410728742660047,-6.4318676600474273e-06
0.56586826347305386,0.01904296875,0.019041904744859076,1.0640051409244178e-06
0.56599301397205593,0.020782470703125,0.020782357386561749,1.133165632508093e-07
0.56611776447105788,0.019378662109375,0.019371176426256485,7.4856831185146633e-06
0.56624251497005984,0.0150146484375,0.015025392957645937,-1.074452014593677e-05
0.56636726546906191,0.008392333984375,0.0084066080845190752,-1.4274100144075208e-05
0.56649201596806387,0.000518798828125,0.00052027310438051619,-1.4742762555161907e-06
0.56661676646706582,-0.0074462890625,-0.0074370459004071184,-9.2431620928815766e-06
0.56674151696606789,-0.014251708984375,-0.014259217654999577,7.5086706245765245e-06
0.56686626746506985,-0.0189208984375,-0.018913363946783491,-7.5344907165091068e-06
0.56699101796407181,-0.02069091796875,-0.020696236212087844,5.3182433378436145e-06
0.56711576846307388,-0.01934814453125,-0.019340475428087266,-7.6691031627336426e-06
0.56724051896207583,-0.015045166015625,-0.015054699895740561,9.5338801155610969e-06
0.56736526946107779,-0.00848388671875,-0.0084914109686671357,7.5242499171356697e-06
0.56749001996007986,-0.000640869140625,-0.00064765313639939795,6.7839957743979487e-06
0.56761477045908182,0.007293701171875,0.0072864478878592199,7.2532840157801121e-06
0.56773952095808389,0.01409912109375,0.014108260579000395,-9.1394852503954432e-06
0.56786427145708585,0.018798828125,0.018784938344331623,1.3889780668376733e-05
0.5679890219560878,0.020599365234375,0.020609794777219997,-1.0429542844997419e-05
0.56811377245508987,0.019317626953125,0.019309088070587704,8.5388825372956223e-06
0.56823852295409183,0.01507568359375,0.015083079151684034,-7.3955579340343608e-06
0.56836327345309379,0.008575439453125,0.0085752060758721715,2.3337725282845945e-07
0.56848802395209586,0.000762939453125,0.00077411850354800838,-1.1179050423008375e-05
0.56861277445109781,-0.00714111328125,-0.0071365125066524078,-4.6007745975922346e-06
0.56873752495009977,-0.013946533203125,-0.013957593537660325,1.1060334535325025e-05
0.56886227544910184,-0.018646240234375,-0.018656366210014378,1.0125975639378032e-05
0.5689870259481038,-0.0205078125,-0.020522772506651937,1.4960006651937308e-05
0.56911177644710575,-0.019287109375,-0.019276753659761791,-1.0355715238209023e-05
0.56923652694610782,-0.015106201171875,-0.015110268661170203,4.0674892952032721e-06
0.56936127744510978,-0.0086669921875,-0.0086577289288349568,-9.2632586650431836e-06
0.56948602794411174,-0.000885009765625,-0.00089940163964643606,1.4391874021436055e-05
0.56961077844311381,0.006988525390625,0.0069875106189457251,1.0147716792748701e-06
0.56973552894211577,0.0137939453125,0.013807490396395859,-1.3545083895859233e-05
0.56986027944111772,0.018524169921875,0.018527923664893423,-3.7537430184232667e-06
0.56998502994011979,0.02044677734375,0.020435446688365434,1.1330655384566429e-05
0.57010978043912175,0.019256591796875,0.019243749385990338,1.284241088466212e-05
0.57023453093812371,0.01513671875,0.015136544268527312,1.7448147268846192e-07
0.57035928143712578,0.00872802734375,0.0087392529826352365,-1.1225638885236505e-05
0.57048403193612773,0.00103759765625,0.0010237729304663635,1.3824725783636487e-05
0.57060878243512969,-0.0068359375,-0.0068391751223761078,3.2376223761078002e-06
0.57073353293413176,-0.013671875,-0.013657687052561327,-1.4187947438673229e-05
0.57085828343313372,-0.018402099609375,-0.018399348867960384,-2.750741414616481e-06
0.57098303393213568,-0.020355224609375,-0.020347556662824135,-7.6679465508648625e-06
0.57110778443113774,-0.019195556640625,-0.019209814513079109,1.4257872454109116e-05
0.5712325349301397,-0.015167236328125,-0.015161643915629569,-5.5924124954306181e-06
0.57135728542914177,-0.008819580078125,-0.008819513813563596,-6.6264561403989175e-08
0.57148203592814373,-0.00115966796875,-0.0011469649026434321,-1.2703066106567896e-05
0.57160678642714569,0.006683349609375,0.006691776761155171,-8.4271517801709842e-06
0.57173153692614775,0.013519287109375,0.013508457246398384,1.0829862976615909e-05
0.57185628742514971,0.018280029296875,0.018270917826858864,9.1114700161362694e-06
0.57198103792415167,0.020263671875,0.020259379633534899,4.2922414651008767e-06
0.57210578842315374,0.0191650390625,0.019175226188653496,-1.0187126153495679e-05
0.5722305389221557,0.01519775390625,0.01518584345220282,1.1910454047180455e-05
0.57235528942115765,0.0089111328125,0.0088987849293788463,1.2347883121153688e-05
0.57248003992015972,0.00128173828125,0.0012692480339036322,1.2490247346367764e-05
0.57260479041916168,-0.00653076171875,-0.0065450483157187501,1.4286596968750113e-05
0.57272954091816364,-0.01336669921875,-0.013359536750554818,-7.1624681951820701e-06
0.57285429141716571,-0.01812744140625,-0.018142368587288609,1.49271810386091e-05
0.57297904191616766,-0.020172119140625,-0.020170654856248183,-1.4642843768168656e-06
0.57310379241516962,-0.019134521484375,-0.019139723633192402,5.2021488174021357e-06
0.57322854291417169,-0.01519775390625,-0.015208880824710742,1.112691846074168e-05
0.57335329341317365,-0.00897216796875,-0.0089768019581236789,4.6339893736788845e-06
0.57347804391217561,-0.00140380859375,-0.0013903549419171006,-1.3453651832899365e-05
0.57360279441117767,0.00640869140625,0.0063992604137805258,9.430992469474167e-06
0.57372754491017963,0.013214111328125,0.013211199181037388,2.9121470876119354e-06
0.57385229540918159,0.01800537109375,0.018013977043730534,-8.6059499805335449e-06
0.57397704590818366,0.02008056640625,0.020081659449523479,-1.0930432734791717e-06
0.57410179640718562,0.01910400390625,0.019103583950430741,4.1995581925857728e-07
0.57422654690618757,0.015228271484375,0.015231031886669331,-2.7604022943307494e-06
0.57435129740518964,0.009063720703125,0.009053838458386294,9.8822447387059836e-06
0.5744760479041916,0.001495361328125,0.0015105561945271675,-1.5194866402167516e-05
0.57460079840319356,-0.006256103515625,-0.0062541457200389651,-1.9577955860348994e-06
0.57472554890219563,-0.0130615234375,-0.013063180186737177,1.656749237176694e-06
0.57485029940119758,-0.01788330078125,-0.017885481128856597,2.180347606597216e-06
0.57497504990019965,-0.019989013671875,-0.019992132583939955,3.118912064954682e-06
0.57509980039920161,-0.019073486328125,-0.019066546316419526,-6.9400117054738142e-06
0.57522455089820357,-0.0152587890625,-0.015252034587540141,-6.7544749598590775e-06
0.57534930139720564,-0.009124755859375,-0.0091296301081619825,4.8742487869825324e-06
0.57547405189620759,-0.001617431640625,-0.0016295844986659402,1.2152858040940248e-05
0.57559880239520955,0.006103515625,0.0061099747472312393,-6.4591222312393448e-06
0.57572355289421162,0.012908935546875,0.012915753260350884,-6.8177134758835162e-06
0.57584830339321358,0.01776123046875,0.01775715662426184,4.0738444881602276e-06
0.57597305389221554,0.0198974609375,0.019902351292665606,-4.8903551656057087e-06
0.5760978043912176,0.01904296875,0.019028887789920176,1.4080960079824317e-05
0.57622255489021956,0.0152587890625,0.015272164783047481,-1.3375720547480555e-05
0.57634730538922152,0.00921630859375,0.0092044505150652416,1.1858078684758369e-05
0.57647205588822359,0.001739501953125,0.0017477105105396097,-8.2085574146096955e-06
0.57659680638722555,-0.0059814453125,-0.0059664800457841479,-1.4965266715852125e-05
0.5767215568862275,-0.01275634765625,-0.012768653927954128,1.2306271704128069e-05
0.57684630738522957,-0.01763916015625,-0.017628741349858944,-1.0418806391056246e-05
0.57697105788423153,-0.019805908203125,-0.019812054660676245,6.1464575512454322e-06
0.57709580838323349,-0.01898193359375,-0.018990347501472483,8.4139077224827663e-06
0.57722055888223556,-0.015289306640625,-0.015291160424107698,1.8537834826984345e-06
0.57734530938123751,-0.00927734375,-0.0092780354051966423,6.916551966423129e-07
0.57747005988023947,-0.001861572265625,-0.0018646670245505779,3.0947589255779073e-06
0.57759481037924154,0.005828857421875,0.0058239320149119115,4.9254069630884703e-06
0.5777195608782435,0.01263427734375,0.012622155559925801,1.2121783824198609e-05
0.57784431137724546,0.017486572265625,0.017500510974641805,-1.3938709016805134e-05
0.57796906187624753,0.01971435546875,0.019721519635330888,-7.164166580888448e-06
0.57809381237524948,0.018951416015625,0.018951202463796561,2.1355182843948994e-07
0.57821856287425155,0.01531982421875,0.015309297367107696,1.0526851642303839e-05
0.57834331337325351,0.00933837890625,0.0093506584334119725,-1.2279527161972517e-05
0.57846806387225547,0.001983642578125,0.0019807247834855587,2.917794639441338e-06
0.57859281437125754,-0.00567626953125,-0.0056820630922675055,5.7935610175054858e-06
0.57871756487025949,-0.012481689453125,-0.012475993560479171,-5.6958926458287873e-06
0.57884231536926145,-0.017364501953125,-0.017372203206085596,7.7012529605957614e-06
0.57896706586826352,-0.019622802734375,-0.019630485215593359,7.6824812183587388e-06
0.57909181636726548,-0.0189208984375,-0.018911191760865795,-9.7066766342052135e-06
0.57921656686626743,-0.01531982421875,-0.015326313562869814,6.4893441198143886e-06
0.5793413173652695,-0.009429931640625,-0.0094220553721531888,-7.8762684718111653e-06
0.57946606786427146,-0.002105712890625,-0.0020956166674352258,-1.0096223189774191e-05
0.57959081836327342,0.00555419921875,0.0055411435650190317,1.3055653730968328e-05
0.57971556886227549,0.0123291015625,0.012330441178623808,-1.3396161238077298e-06
0.57984031936127745,0.017242431640625,0.017244093600887935,-1.6619602629351637e-06
0.5799650698602794,0.01953125,0.019539228262618714,-7.9782626187137329e-06
0.58008982035928147,0.01885986328125,0.01887059235832899,-1.0729077078990013e-05
0.58021457085828343,0.015350341796875,0.015342484866922331,7.8569299526692199e-06
0.58033932135728539,0.009490966796875,0.0094924999217257423,-1.5331248507423345e-06
0.58046407185628746,0.002197265625,0.0022096135040296071,-1.2347879029607142e-05
0.58058882235528941,-0.005401611328125,-0.0054009057595444726,-7.0556858052742838e-07
0.58071357285429137,-0.012176513671875,-0.012185233697692473,8.7200258174734147e-06
0.58083832335329344,-0.017120361328125,-0.017115919754394918,-4.441573730081666e-06
0.5809630738522954,-0.019439697265625,-0.01944748768898142,7.7904233564199399e-06
0.58108782435129736,-0.018829345703125,-0.018829143292572403,-2.0241055259662133e-07
0.58121257485029942,-0.015350341796875,-0.015357549228470222,7.207431595221761e-06
0.58133732534930138,-0.009552001953125,-0.0095617278991348784,9.7259460098784306e-06
0.58146207584830334,-0.0023193359375,-0.0023224482573015112,3.1123198015112208e-06
0.58158682634730541,0.0052490234375,0.0052616198524437245,-1.2596414943724481e-05
0.58171157684630737,0.012054443359375,0.012040644246323368,1.3799113051632395e-05
0.58183632734530943,0.016998291015625,0.016987957111346961,1.0333904278039124e-05
0.58196107784431139,0.01934814453125,0.019355540269264407,-7.3957380144068496e-06
0.58208582834331335,0.018798828125,0.018787121481149357,1.1706643850643156e-05
0.58221057884231542,0.015380859375,0.015371782500699994,9.0768743000058799e-06
0.58233532934131738,0.0096435546875,0.0096300130483632576,1.3541639136742389e-05
0.58246007984031933,0.00244140625,0.0024343918379292422,7.0144120707577896e-06
0.5825848303393214,-0.005126953125,-0.0051230180602765693,-3.9350647234306577e-06
0.58270958083832336,-0.01190185546875,-0.011896407987958274,-5.4474807917263141e-06
0.58283433133732532,-0.016845703125,-0.016859943155299258,1.4240030299258327e-05
0.58295908183632739,-0.019256591796875,-0.019263124829292939,6.5330324179393995e-06
0.58308383233532934,-0.01873779296875,-0.018744265911864958,6.4729431149580796e-06
0.5832085828343313,-0.015380859375,-0.015384922629719654,4.0632547196536861e-06
0.58333333333333337,-0.00970458984375,-0.0096970912292509617,-7.4986144990383391e-06
0.58345808383233533,-0.002532958984375,-0.0025451772921379645,1.2218307762964457e-05
0.58358283433133729,0.004974365234375,0.0049853704505706661,-1.10052161956661e-05
0.58370758483033935,0.011749267578125,0.011752797931827538,-3.5303537025375975e-06
0.58383233532934131,0.0167236328125,0.016732153219393957,-8.5204068939574718e-06
0.58395708582834327,0.0191650390625,0.019170518056733813,-5.478994233813067e-06
0.58408183632734534,0.018707275390625,0.018700853453199932,6.4219374250676364e-06
0.5842065868263473,0.015411376953125,0.015397245464873099,1.4131488251901275e-05
0.58433133732534925,0.009765625,0.0097632362277267262,2.3887722732738453e-06
0.58445608782435132,0.002655029296875,0.0026550756119444298,-4.6315069429821165e-08
0.58458083832335328,-0.004852294921875,-0.0048484091315593655,-3.8857903156344631e-06
0.58470558882235524,-0.0115966796875,-0.011609549122482117,1.286943498211672e-05
0.58483033932135731,-0.0166015625,-0.016604324675752714,2.7621757527143687e-06
0.58495508982035926,-0.019073486328125,-0.019077458690336495,3.9723622114948287e-06
0.58507984031936133,-0.018646240234375,-0.0186566230434017,1.0382809026699552e-05
0.58520459081836329,-0.015411376953125,-0.015408488947708108,-2.888005416892131e-06
0.58532934131736525,-0.00982666015625,-0.0098281839446933538,1.5237884433538101e-06
0.58545409181636732,-0.002777099609375,-0.0027638199240169249,-1.3279685358075135e-05
0.58557884231536927,0.00469970703125,0.004712404063194159,-1.2697031944159005e-05
0.58570359281437123,0.011474609375,0.011466934450763799,7.674924236200642e-06
0.5858283433133733,0.0164794921875,0.016476732746275372,2.7594412246277622e-06
0.58595309381237526,0.01898193359375,0.018984223330530924,-2.2897367809235347e-06
0.58607784431137722,0.01861572265625,0.018611851500921012,3.8711553289882961e-06
0.58620259481037928,0.015411376953125,0.015418928922296118,-7.5519691711180975e-06
0.58632734530938124,0.0098876953125,0.0098922082063130027,-4.5128938130026969e-06
0.5864520958083832,0.00286865234375,0.0028716812999618701,-3.0289562118700729e-06
0.58657684630738527,-0.00457763671875,-0.004577087246839931,-5.4947191006904372e-07
0.58670159680638723,-0.011322021484375,-0.011324688843346748,2.6673589717477603e-06
0.58682634730538918,-0.016357421875,-0.01634911469203475,-8.3071829652496543e-06
0.58695109780439125,-0.018890380859375,-0.018890550628680388,1.6976930538800672e-07
0.58707584830339321,-0.0185546875,-0.018566277713498291,1.1590213498290786e-05
0.58720059880239517,-0.01544189453125,-0.015428303324184834,-1.3591207065165659e-05
0.58732534930139724,-0.00994873046875,-0.0099550449528591455,6.3144841091454518e-06
0.58745009980039919,-0.00299072265625,-0.0029783929451647957,-1.2329711085204333e-05
0.58757485029940115,0.00445556640625,0.0044427285363427809,1.2837869907219093e-05
0.58769960079840322,0.01116943359375,0.011183085073675155,-1.3651479925155113e-05
0.58782435129740518,0.0162353515625,0.016221745624080346,1.3605938419654351e-05
0.58794910179640714,0.018798828125,0.018796717097684445,2.1110273155551529e-06
0.58807385229540921,0.018524169921875,0.018520178448623217,3.9914732517833118e-06
0.58819860279441116,0.01544189453125,0.015436887990722178,5.0065405278222619e-06
0.58832335329341312,0.010009765625,0.010016968049009894,-7.2024240098944592e-06
0.58844810379241519,0.003082275390625,0.003084226009079297,-1.9506184542970179e-06
0.58857285429141715,-0.004302978515625,-0.0043090598277249368,6.081312099936835e-06
0.58869760479041922,-0.01104736328125,-0.011041857951559734,-5.5053296902658061e-06
0.58882235528942117,-0.016082763671875,-0.016094362692839724,1.1599020964724038e-05
0.58894710578842313,-0.018707275390625,-0.018702461301238406,-4.814089386594167e-06
0.5890718562874252,-0.018463134765625,-0.018473292542616669,1.0157776991669143e-05
0.58919660678642716,-0.01544189453125,-0.015444420850048431,2.5263187984313207e-06
0.58932135728542911,-0.01007080078125,-0.01007771347270537,6.9126914553699348e-06
0.58944610778443118,-0.003173828125,-0.0031889137741136909,1.5085649113690935e-05
0.58957085828343314,0.004180908203125,0.004176350870197615,4.5573329273849647e-06
0.5896956087824351,0.010894775390625,0.010901280134082753,-6.5047434577528845e-06
0.58982035928143717,0.015960693359375,0.015967240898904181,-6.5475395291808569e-06
0.58994510978043913,0.01861572265625,0.018608059664442591,7.6629918074090642e-06
0.59006986027944108,0.0184326171875,0.01842589671109748,6.7204764025198538e-06
0.59019461077844315,0.01544189453125,0.015451177731400326,-9.2832001503256878e-06
0.59031936127744511,0.0101318359375,0.010137555125441679,-5.7191879416790964e-06
0.59044411177644707,0.0032958984375,0.003292727465866451,3.1709716335490482e-06
0.59056886227544914,-0.004058837890625,-0.0040443334558980222,-1.4504434726977759e-05
0.59069361277445109,-0.010772705078125,-0.010761086315214356,-1.1618762910644079e-05
0.59081836327345305,-0.015838623046875,-0.015840117282463824,1.4942355888239445e-06
0.59094311377245512,-0.018524169921875,-0.018513250663060848,-1.0919258814152261e-05
0.59106786427145708,-0.01837158203125,-0.018377729738071644,6.1477068216443664e-06
0.59119261477045904,-0.01544189453125,-0.015456896554111371,1.5002022861370853e-05
0.5913173652694611,-0.01019287109375,-0.010196229021169723,3.3579274197233222e-06
0.59144211576846306,-0.003387451171875,-0.0033954004420160559,7.9492701410559426e-06
0.59156686626746502,0.00390625,0.003913277230897955,-7.0272308979549974e-06
0.59169161676646709,0.0106201171875,0.010621549036719939,-1.4318492199388161e-06
0.59181636726546905,0.015716552734375,0.015713266734098005,3.2860002769953545e-06
0.591941117764471,0.0184326171875,0.018418310634144459,1.4306553355540597e-05
0.59206586826347307,0.018341064453125,0.018329068286404123,1.1996166720876916e-05
0.59219061876247503,0.015472412109375,0.015461853137922789,1.055897145221113e-05
0.5923153692614771,0.01025390625,0.010254009096538777,-1.0284653877666583e-07
0.59244011976047906,0.003509521484375,0.0034972040026140881,1.231748176091195e-05
0.59256487025948101,-0.0037841796875,-0.0037829138849402879,-1.2658025597121238e-06
0.59268962075848308,-0.010467529296875,-0.010482402877743557,1.4873580868556696e-05
0.59281437125748504,-0.015594482421875,-0.0155864261841848,-8.0562376902001964e-06
0.592939121756487,-0.018310546875,-0.018322977965297114,1.2431090297113784e-05
0.59306387225548907,-0.018280029296875,-0.018279651086923903,-3.7820995109696942e-07
0.59318862275449102,-0.015472412109375,-0.015465785391986982,-6.6267173880179414e-06
0.59331337325349298,-0.01031494140625,-0.010310631399836364,-4.3100064136356725e-06
0.59343812375249505,-0.00360107421875,-0.0035978715789353835,-3.2026398146165445e-06
0.59356287425149701,0.003662109375,0.0036535129624516399,8.5964125483600946e-06
0.59368762475049897,0.010345458984375,0.010343920265763128,1.5387186118719781e-06
0.59381237524950103,0.015472412109375,0.015459870413718805,1.2541695656195437e-05
0.59393712574850299,0.018218994140625,0.018227528905294537,-8.5347646695370372e-06
0.59406187624750495,0.018218994140625,0.018229754748889753,-1.0760608264753085e-05
0.59418662674650702,0.015472412109375,0.015468969125208851,3.4429841661489519e-06
0.59431137724550898,0.0103759765625,0.010366369901218919,9.6066612810807861e-06
0.59443612774451093,0.003692626953125,0.003697674543777776,-5.0475906527760322e-06
0.594560878243513,-0.0035400390625,-0.0035248060522368083,-1.5233010263191685e-05
0.59468562874251496,-0.01019287109375,-0.010205835666176029,1.2964572426029178e-05
0.59481037924151692,-0.01531982421875,-0.015333336243722309,1.3512024972309189e-05
0.59493512974051899,-0.01812744140625,-0.01813170175336289,4.260347112889501e-06
0.59505988023952094,-0.0181884765625,-0.018179117949102409,-9.3586133975906427e-06
0.5951846307385229,-0.015472412109375,-0.015471142235223391,-1.2698741516086604e-06
0.59530938123752497,-0.010406494140625,-0.01042096068165616,1.4466541031160282e-05
0.59543413173652693,-0.0037841796875,-0.0037963464003155545,1.2166712815554499e-05
0.595558882235529,0.003387451171875,0.0033970625985536699,-9.6114266786699078e-06
0.59568363273453095,0.01007080078125,0.010068421393210722,2.3793880392780631e-06
0.59580838323353291,0.01519775390625,0.015207098346067739,-9.3444398177391919e-06
0.59593313373253498,0.018035888671875,0.018035772669803871,1.160020711293841e-07
0.59605788423153694,0.01812744140625,0.018128017242387502,-5.7583613750217255e-07
0.5961826347305389,0.015472412109375,0.015472580518743794,-1.6840936879411461e-07
0.59630738522954096,0.010467529296875,0.010474677743201769,-7.14844632676917e-06
0.59643213572854292,0.00390625,0.0038941585923975438,1.2091407602456226e-05
0.59655688622754488,-0.003265380859375,-0.0032700140907656692,4.633231390669193e-06
0.59668163672654695,-0.009918212890625,-0.0099314117995495197,1.3198908924519706e-05
0.59680638722554891,-0.01507568359375,-0.01508089343289516,5.2098391451604192e-06
0.59693113772455086,-0.0179443359375,-0.017939479865274971,-4.85607222502904e-06
0.59705588822355293,-0.01806640625,-0.018076191250705576,9.7850007055762245e-06
0.59718063872255489,-0.015472412109375,-0.015473021860575224,6.0975120022392637e-07
0.59730538922155685,-0.010528564453125,-0.010527257197896439,-1.3072552285612465e-06
0.59743013972055892,-0.003997802734375,-0.00399084469344471,-6.9580409302900242e-06
0.59755489021956087,0.003143310546875,0.003143929874436853,-6.193275618529559e-07
0.59767964071856283,0.009796142578125,0.0097950790872387197,1.0634908862803411e-06
0.5978043912175649,0.01495361328125,0.014954996067415263,-1.3827861652625228e-06
0.59792914171656686,0.017852783203125,0.017843099411428691,9.6837916963091186e-06
0.59805389221556882,0.018035888671875,0.018023916473642435,1.1972198232564762e-05
0.59817864271457089,0.015472412109375,0.015472742043945543,-3.2993457054278363e-07
0.59830339321357284,0.010589599609375,0.010578973078044052,1.0626531330947681e-05
0.5984281437125748,0.00408935546875,0.0040866762166971628,2.6792520528371583e-06
0.59855289421157687,-0.003021240234375,-0.0030185413409840162,-2.6988933909837844e-06
0.59867764471057883,-0.009674072265625,-0.0096591574973133362,-1.4914768311663842e-05
0.59880239520958078,-0.01483154296875,-0.014829142853361553,-2.4001153884466858e-06
0.59892714570858285,-0.01776123046875,-0.01774636943018526,-1.4861038564739637e-05
0.59905189620758481,-0.017974853515625,-0.017970931477522621,-3.9220381023788442e-06
0.59917664670658688,-0.015472412109375,-0.015471478939524708,-9.3316985029165411e-07
0.59930139720558884,-0.0106201171875,-0.010629561525164031,9.4443376640312299e-06
0.59942614770459079,-0.004180908203125,-0.0041813868041151682,4.7860099016815844e-07
0.59955089820359286,0.002899169921875,0.002894117738730067,5.0521831449329944e-06
0.59967564870259482,0.009521484375,0.0095239191207126747,-2.434745712674713e-06
0.59980039920159678,0.01470947265625,0.014703608245795292,5.8644104547079384e-06
0.59992514970059885,0.01763916015625,0.017649565904386214,-1.0405748136214227e-05
0.60004990019960081,0.017913818359375,0.017917512705911898,-3.6943465368984019e-06
0.60017465069860276,0.015472412109375,0.015469508315773189,2.9037936018112831e-06
0.60029940119760483,0.01068115234375,0.010679296600241223,1.8557435087773744e-06
0.60042415169660679,0.0042724609375,0.0042752480366817502,-2.7870991817502411e-06
0.60054890219560875,-0.002777099609375,-0.0027703903626092232,-6.7092467657767912e-06
0.60067365269461082,-0.0093994140625,-0.0093890980878717709,-1.0315974628229141e-05
0.60079840319361277,-0.01458740234375,-0.014578128740542526,-9.2736032074741681e-06
0.60092315369261473,-0.017547607421875,-0.017552426867071376,4.8194451963759488e-06
0.6010479041916168,-0.017852783203125,-0.017863398668737158,1.0615465612158481e-05
0.60117265469061876,-0.015472412109375,-0.015466568027945016,-5.8440814299839244e-06
0.60129740518962072,-0.0107421875,-0.010727914472672703,-1.4273027327297086e-05
0.60142215568862278,-0.004364013671875,-0.0043679936232659342,3.9799513909342249e-06
0.60154690618762474,0.002655029296875,0.0026476283652154412,7.4009316595588168e-06
0.6016716566866267,0.009246826171875,0.0092549663796845059,-8.1402078095059449e-06
0.60179640718562877,0.01446533203125,0.014452978685002721,1.2353346247278782e-05
0.60192115768463073,0.0174560546875,0.017455228212138491,8.264753615094822e-07
0.60204590818363268,0.017822265625,0.017808865752788085,1.3399872211914549e-05
0.60217065868263475,0.015472412109375,0.015462933828474903,9.4782809000968499e-06
0.60229540918163671,0.010772705078125,0.010775689230536614,-2.9841524116138579e-06
0.60242015968063867,0.00445556640625,0.0044598952109320081,-4.3288046820081499e-06
0.60254491017964074,-0.002532958984375,-0.002525562946474335,-7.3960379006650367e-06
0.60266966067864269,-0.009124755859375,-0.0091212580170968293,-3.4978422781706958e-06
0.60279441117764476,-0.014312744140625,-0.014327894467613933,1.5150326988932691e-05
0.60291916167664672,-0.017364501953125,-0.017357707883626356,-6.7940694986438899e-06
0.60304391217564868,-0.01776123046875,-0.017753652410847542,-7.5780579024582739e-06
0.60316866267465075,-0.015472412109375,-0.015458343555965376,-1.4068553409624443e-05
0.6032934131736527,-0.010833740234375,-0.010822357069556371,-1.1383164818629457e-05
0.60341816367265466,-0.004547119140625,-0.004550686573806269,3.56743318126896e-06
0.60354291417165673,0.002410888671875,0.002404463164691218,6.4255071837819588e-06
0.60366766467065869,0.009002685546875,0.008988244872025904,1.4440674849095989e-05
0.60379241516966065,0.014190673828125,0.014203150328643452,-1.2476500518452185e-05
0.60391716566866271,0.01727294921875,0.017260141686370026,1.2807532379973535e-05
0.60404191616766467,0.0177001953125,0.017698034972197664,2.1603403023359724e-06
0.60416666666666663,0.01544189453125,0.01545307294558157,-1.117841433156963e-05
0.6042914171656687,0.0108642578125,0.010868192103357991,-3.9342908579910463e-06
0.60441616766467066,0.004638671875,0.0046406394233849853,-1.9675483849852793e-06
0.60454091816367261,-0.002288818359375,-0.0022840601262548461,-4.7582331201539291e-06
0.60466566866267468,-0.00885009765625,-0.0088556608569902179,5.5632007402179467e-06
0.60479041916167664,-0.014068603515625,-0.014078482549669079,9.8790340440791519e-06
0.6049151696606786,-0.01715087890625,-0.017162267475301897,1.1388569051896946e-05
0.60503992015968067,-0.01763916015625,-0.017641751831762226,2.5916755122257218e-06
0.60516467065868262,-0.01544189453125,-0.015446859818044971,4.9652867949705887e-06
0.60528942115768458,-0.01092529296875,-0.010912930552438539,-1.2362416311461136e-05
0.60541417165668665,-0.004730224609375,-0.0047294875974437057,-7.370119312942805e-07
0.60553892215568861,0.002166748046875,0.0021646227966885144,2.1252501864856346e-06
0.60566367265469057,0.00872802734375,0.0087237777360268404,4.2496077231595625e-06
0.60578842315369263,0.013946533203125,0.013954165264373486,-7.6320612484859218e-06
0.60591317365269459,0.017059326171875,0.017064360966112746,-5.0347942377459987e-06
0.60603792415169666,0.017578125,0.017585079260609943,-6.9542606099433357e-06
0.60616267465069862,0.01544189453125,0.015439979890031688,1.9146412183115163e-06
0.60628742514970058,0.010955810546875,0.010956846554429057,-1.036007554057472e-06
0.60641217564870264,0.00482177734375,0.0048175028702888822,4.2744734611178253e-06
0.6065369261477046,-0.002044677734375,-0.0020458821903007523,1.2044559257523221e-06
0.60666167664670656,-0.00860595703125,-0.0085923293143231275,-1.3627716926872466e-05
0.60678642714570863,-0.013824462890625,-0.013829934648004558,5.471757379558323e-06
0.60691117764471059,-0.0169677734375,-0.016966159924544422,-1.6135129555783223e-06
0.60703592814371254,-0.01751708984375,-0.017527755595108403,1.0665751358402559e-05
0.60716067864271461,-0.01544189453125,-0.015432170963192344,-9.7235680576561456e-06
0.60728542914171657,-0.010986328125,-0.010999676353064213,1.334822806421318e-05
0.60741017964071853,-0.004913330078125,-0.0049044191417094499,-8.9109364155501303e-06
0.6075349301397206,0.001922607421875,0.0019281071812759225,-5.499759400922526e-06
0.60765968063872255,0.008453369140625,0.0084615872491391013,-8.2181085141012911e-06
0.60778443113772451,0.013702392578125,0.013706064728205403,-3.6721500804026697e-06
0.60790918163672658,0.016876220703125,0.016867939977066544,8.2807260584558118e-06
0.60803393213572854,0.0174560546875,0.017470057047431081,-1.4002359931080538e-05
0.6081586826347305,0.015411376953125,0.015423708734529577,-1.2331781404577302e-05
0.60828343313373257,0.01104736328125,0.011041694108481919,5.6691727680809045e-06
0.60840818363273452,0.0050048828125,0.0049905082472122856,1.4374565287714365e-05
0.60853293413173648,-0.001800537109375,-0.0018110286933202525,1.0491583945252455e-05
0.60865768463073855,-0.008331298828125,-0.0083312852394055396,-1.3588719460430609e-08
0.60878243512974051,-0.013580322265625,-0.01358229157447859,1.9693088535895076e-06
0.60890718562874246,-0.01678466796875,-0.016769438800173064,-1.5229168576935681e-05
0.60903193612774453,-0.017425537109375,-0.01741172189471701,-1.3815214657989655e-05
0.60915668662674649,-0.015411376953125,-0.015414330985424534,2.9540322995340318e-06
0.60928143712574845,-0.011077880859375,-0.011082636086156155,4.7552267811550031e-06
0.60940618762475052,-0.00506591796875,-0.005075504146976652,9.5861782266519827e-06
0.60953093812375247,0.001708984375,0.001694915510751239,1.4068864248760991e-05
0.60965568862275454,0.008209228515625,0.0082016948367005012,7.5336789244987573e-06
0.6097804391217565,0.013458251953125,0.013458889108987255,-6.3715586225490672e-07
0.60990518962075846,0.01666259765625,0.016670931931064625,-8.3342748146246481e-06
0.61002994011976053,0.017364501953125,0.017353026289588288,1.1475663536712061e-05
0.61015469061876249,0.015411376953125,0.015404313392045199,7.0635610798005372e-06
0.61027944111776444,0.0111083984375,0.01112277646720212,-1.4378029702119891e-05
0.61040419161676651,0.005157470703125,0.0051596787361312142,-2.2080330062141523e-06
0.61052894211576847,-0.0015869140625,-0.0015794984681469489,-7.4155943530511328e-06
0.61065369261477043,-0.008087158203125,-0.0080725496348138161,-1.4608568311183859e-05
0.6107784431137725,-0.013336181640625,-0.013335593296047846,-5.8834457715428723e-07
0.61090319361277445,-0.016571044921875,-0.016572156956951099,1.1120350760993047e-06
0.61102794411177641,-0.017303466796875,-0.01729370844930956,-9.7583475654403062e-06
0.61115269461077848,-0.015380859375,-0.015393393714359336,1.2534339359335581e-05
0.61127744510978044,-0.01116943359375,-0.011161851537354018,-7.5820563959824033e-06
0.6114021956087824,-0.0052490234375,-0.0052427660336614246,-6.2574038385753913e-06
0.61152694610778446,0.00146484375,0.0014650462613948374,-2.0251139483742908e-07
0.61165169660678642,0.0079345703125,0.0079441210807424389,-9.5507682424389451e-06
0.61177644710578838,0.013214111328125,0.013212677952932086,1.433375192913533e-06
0.61190119760479045,0.0164794921875,0.016473389325727641,6.1028617723592193e-06
0.61202594810379241,0.017242431640625,0.017234044466312069,8.3871743129307341e-06
0.61215069860279436,0.015380859375,0.015381847606550068,-9.8823155006769192e-07
0.61227544910179643,0.011199951171875,0.011200135497244034,-1.8432536903409402e-07
0.61240019960079839,0.00531005859375,0.0053250379926902307,-1.4979398940230711e-05
0.61252495009980035,-0.0013427734375,-0.001351289637391738,8.5161998917380067e-06
0.61264970059880242,-0.0078125,-0.0078161426642563755,3.6426642563754802e-06
0.61277445109780437,-0.013092041015625,-0.013089878939363439,-2.1620762615612993e-06
0.61289920159680644,-0.016387939453125,-0.016374366535299379,-1.357291782562095e-05
0.6130239520958084,-0.017181396484375,-0.017173772497363685,-7.6239870113146979e-06
0.61314870259481036,-0.015380859375,-0.015369412806035383,-1.1446568964616766e-05
0.61327345309381243,-0.01123046875,-0.011237364651384647,6.8959013846472961e-06
0.61339820359281438,-0.005401611328125,-0.005406228689437579,4.617361312578977e-06
0.61352295409181634,0.001251220703125,0.0012384972050913502,1.2723498033649768e-05
0.61364770459081841,0.0076904296875,0.0076888857288603309,1.5439586396690658e-06
0.61377245508982037,0.012969970703125,0.012967469968324857,2.5007348001433727e-06
0.61389720558882233,0.016265869140625,0.016275363944250776,-9.4948036257758162e-06
0.61402195608782439,0.017120361328125,0.017113168574095051,7.1927540299492054e-06
0.61414670658682635,0.015350341796875,0.015356364943887276,-6.0231470122764502e-06
0.61427145708582831,0.011260986328125,0.011273813218467994,-1.2826890342994279e-05
0.61439620758483038,0.0054931640625,0.005486610133466522,6.5539290334780398e-06
0.61452095808383234,-0.001129150390625,-0.0011263996251522799,-2.7507654727200806e-06
0.61464570858283429,-0.007568359375,-0.0075620836614064277,-6.2757135935722838e-06
0.61477045908183636,-0.012847900390625,-0.012845186795533283,-2.7135950917168972e-06
0.61489520958083832,-0.01617431640625,-0.016176118961181506,1.8025549315056622e-06
0.61501996007984028,-0.017059326171875,-0.017051970792175384,-7.3553796996160548e-06
0.61514471057884235,-0.015350341796875,-0.015342441733874926,-7.9000630000738287e-06
0.6152694610778443,-0.011322021484375,-0.011309217520322972,-1.2803964052027911e-05
0.61539421157684626,-0.00555419921875,-0.0055659164566493309,1.1717237899330941e-05
0.61551896207584833,0.001007080078125,0.0010152654210237161,-8.1853428987161119e-06
0.61564371257485029,0.0074462890625,0.0074360077030569995,1.0281359443000543e-05
0.61576846307385225,0.012725830078125,0.012723303030283642,2.5270478413580433e-06
0.61589321357285431,0.016082763671875,0.016076906855380508,5.8568164944920731e-06
0.61601796407185627,0.016998291015625,0.016990455121845046,7.8358937799540007e-06
0.61614271457085823,0.01531982421875,0.015327918782866053,-8.0945641160526383e-06
0.6162674650698603,0.0113525390625,0.011343851792263895,8.687270236104605e-06
0.61639221556886226,0.005645751953125,0.0056444197234173897,1.332229707610294e-06
0.61651696606786432,-0.00091552734375,-0.00090482516859251348,-1.0702175157486517e-05
0.61664171656686628,-0.00732421875,-0.0073103911388531576,-1.3827611146842445e-05
0.61676646706586824,-0.012603759765625,-0.012601554324926854,-2.2054406981462937e-06
0.61689121756487031,-0.0159912109375,-0.015977464946154454,-1.3745991345546354e-05
0.61701596806387227,-0.016937255859375,-0.016928359597096519,-8.896262278481476e-06
0.61714071856287422,-0.01531982421875,-0.015312533779878188,-7.2904388718122298e-06
0.61726546906187629,-0.011383056640625,-0.011377452372022836,-5.6042686021641475e-06
0.61739021956087825,-0.005706787109375,-0.0057218541197301704,1.5067010355170399e-05
0.61751497005988021,0.00079345703125,0.00079534730724812046,-1.8902759981204598e-06
0.61763972055888228,0.007171630859375,0.0071855051087136388,-1.3874249338638803e-05
0.61776447105788423,0.012481689453125,0.012480214185683658,1.4752674413424233e-06
0.61788922155688619,0.015869140625,0.015878068413522527,-8.9277885225273745e-06
0.61801397205588826,0.016876220703125,0.016865960126215065,1.0260576909934538e-05
0.61813872255489022,0.015289306640625,0.015296562306499476,-7.2556658744764996e-06
0.61826347305389218,0.01141357421875,0.011410293510105656,3.2807086443441963e-06
0.61838822355289425,0.00579833984375,0.0057984917633469336,-1.5191959693364177e-07
0.6185129740518962,-0.00067138671875,-0.00068656232956726783,1.5175610817267835e-05
0.61863772455089816,-0.007049560546875,-0.0070610827969975597,1.1522250122559738e-05
0.61876247504990023,-0.012359619140625,-0.012359018162151512,-6.0097847348790367e-07
0.61888722554890219,-0.015777587890625,-0.015778454487548835,8.6659692383542208e-07
0.61901197604790414,-0.016815185546875,-0.01680299468096207,-1.2190865912930365e-05
0.61913672654690621,-0.015289306640625,-0.015279742025945045,-9.5646146799546056e-06
0.61926147704590817,-0.011444091796875,-0.01144211155872989,-1.9802381451099194e-06
0.61938622754491013,-0.005859375,-0.0058740668927837027,1.4691892783702705e-05
0.6195109780439122,0.000579833984375,0.00057873859231987346,1.0953920551265385e-06
0.61963572854291415,0.006927490234375,0.0069373952435216272,-9.9050091466271889e-06
0.61976047904191611,0.012237548828125,0.012238239658118856,-6.9082999385600141e-07
0.61988522954091818,0.01568603515625,0.015678898259031709,7.1368972182905832e-06
0.62000998003992014,0.016754150390625,0.016739739107121922,1.4411283503077549e-05
0.62013473053892221,0.0152587890625,0.015262348493466917,-3.5594309669168683e-06
0.62025948103792417,0.011474609375,0.011473180782182407,1.4285928175931245e-06
0.62038423153692612,0.005950927734375,0.0059488516775742604,2.0760568007396202e-06
0.62050898203592819,-0.000457763671875,-0.00047160650619106959,1.3842834316069594e-05
0.62063373253493015,-0.006805419921875,-0.0068141755330926963,8.755611217696295e-06
0.62075848303393211,-0.012115478515625,-0.01211761412107532,2.1356054503204186e-06
0.62088323353293418,-0.01556396484375,-0.015579136868840429,1.5172025090428795e-05
0.62100798403193613,-0.01666259765625,-0.01667593131369307,1.3333657443069524e-05
0.62113273453093809,-0.0152587890625,-0.015244119345430757,-1.4669717069242666e-05
0.62125748502994016,-0.011505126953125,-0.011503237545790411,-1.8894073345893797e-06
0.62138223552894212,-0.006011962890625,-0.0060225804072411709,1.0617516616170941e-05
0.62150698602794407,0.0003662109375,0.00036543434678221713,7.7659071778286978e-07
0.62163173652694614,0.006683349609375,0.0066916946065259542,-8.3449971509542281e-06
0.6217564870259481,0.011993408203125,0.011997414853031591,-4.006649906591192e-06
0.62188123752495006,0.015472412109375,0.015479445318619734,-7.0332092447344258e-06
0.62200598802395213,0.0166015625,0.016611847083438762,-1.0284583438761874e-05
0.62213073852295409,0.015228271484375,0.015225330109723694,2.9413746513058669e-06
0.62225548902195604,0.01153564453125,0.011532556126246962,3.0884050030380999e-06
0.62238023952095811,0.006103515625,0.0060955253015921801,7.9903234078198757e-06
0.62250499001996007,-0.000274658203125,-0.0002599524443312951,-1.4705758793704901e-05
0.62262974051896203,-0.006561279296875,-0.0065696854502097926,8.4061533347926445e-06
0.6227544910179641,-0.011871337890625,-0.011877377200006594,6.039309381594346e-06
0.62287924151696605,-0.015380859375,-0.015379560660132878,-1.2987148671223664e-06
0.62300399201596801,-0.01654052734375,-0.016547224262083462,6.6969183334618376e-06
0.62312874251497008,-0.01519775390625,-0.015205718394836466,7.9644885864656179e-06
0.62325349301397204,-0.011566162109375,-0.011560872900587552,-5.2892087874477356e-06
0.62337824351297411,-0.00616455078125,-0.0061674206996409128,2.8699183909127596e-06
0.62350299401197606,0.000152587890625,0.00015542899471660679,-2.8411040916067893e-06
0.62362774451097802,0.006439208984375,0.0064484189071073927,-9.2099227323927044e-06
0.62375249500998009,0.011749267578125,0.011757774362889406,-8.5067847644063749e-06
0.62387724550898205,0.015289306640625,0.015279757805952974,9.5488346720257883e-06
0.62400199600798401,0.0164794921875,0.016482338568869756,-2.8463813697560125e-06
0.62412674650698607,0.01519775390625,0.015185559700292221,1.2194205957778703e-05
0.62425149700598803,0.0115966796875,0.01158846215655591,8.217530944090376e-06
0.62437624750498999,0.0062255859375,0.0062385388699420603,-1.2952932442060298e-05
0.62450099800399206,-6.103515625e-05,-5.1594249137986582e-05,-9.4409071120134179e-06
0.62462574850299402,-0.006317138671875,-0.0063276278663294922,1.048919445449225e-05
0.62475049900199597,-0.011627197265625,-0.011638341586903252,1.1144321278251657e-05
0.62487524950099804,-0.015167236328125,-0.015179773718824225,1.2537390699224674e-05
0.625,-0.01641845703125,-0.016416927785759847,-1.5292454901526253e-06
0.62512475049900196,-0.015167236328125,-0.01516459160571405,-2.6447224109500678e-06
0.62524950099800403,-0.011627197265625,-0.01161506028155799,-1.2136984067009568e-05
0.62537425149700598,-0.006317138671875,-0.0063086141994981209,-8.5244723768791372e-06
0.62549900199600794,-6.103515625e-05,-5.1283674831547844e-05,-9.7514814184521562e-06
0.62562375249501001,0.006195068359375,0.0062075830741022053,-1.2514714727205299e-05
0.62574850299401197,0.011505126953125,0.011519351972483481,-1.4225019358481486e-05
0.62587325349301393,0.01507568359375,0.015079883222356167,-4.1996286061669885e-06
0.62599800399201599,0.016357421875,0.01635126756799847,6.1543070015296353e-06
0.62612275449101795,0.01513671875,0.015143089581260072,-6.3708312600715272e-06
0.62624750499001991,0.011627197265625,0.011640941573034969,-1.374430740996857e-05
0.62637225548902198,0.006378173828125,0.0063779190040977301,2.5482402726990927e-07
0.62649700598802394,0.000152587890625,0.00015347460356635229,-8.867129413522943e-07
0.62662175648702589,-0.006072998046875,-0.0060880173233855911,1.501927651059113e-05
0.62674650698602796,-0.01141357421875,-0.011400540664744416,-1.3033554005583564e-05
0.62687125748502992,-0.014984130859375,-0.014979823190389804,-4.307668985195634e-06
0.62699600798403199,-0.01629638671875,-0.016285095633319046,-1.1291085430954056e-05
0.62712075848303395,-0.015106201171875,-0.015120791176715213,1.4590004840213389e-05
0.6272455089820359,-0.01165771484375,-0.011665842427422761,8.1275836727612988e-06
0.62737025948103797,-0.006439208984375,-0.0064461877172604506,6.97873288545061e-06
0.62749500998003993,-0.000244140625,-0.00025471049638643348,1.0569871386433482e-05
0.62761976047904189,0.0059814453125,0.0059692012648421061,1.2244047657893921e-05
0.62774451097804396,0.01129150390625,0.011282180664333759,9.3232419162408292e-06
0.62786926147704591,0.014892578125,0.014879868357697558,1.2709767302441707e-05
0.62799401197604787,0.016204833984375,0.016218687572512176,-1.3853588137175549e-05
0.62811876247504994,0.015106201171875,0.015097971831917335,8.229339957664672e-06
0.6282435129740519,0.011688232421875,0.011690037150526843,-1.8047286518430711e-06
0.62836826347305386,0.006500244140625,0.0065136927005332787,-1.3448559908278701e-05
0.62849301397205593,0.0003662109375,0.00035526125584205782,1.0949681657942175e-05
0.62861776447105788,-0.005859375,-0.0058508675964111436,-8.5074035888563909e-06
0.62874251497005984,-0.01116943359375,-0.01116400701693643,-5.4265768135702136e-06
0.62886726546906191,-0.0147705078125,-0.014779755509339371,9.2476968393713499e-06
0.62899201596806387,-0.016143798828125,-0.016151781038637496,7.9822105124964515e-06
0.62911676646706582,-0.01507568359375,-0.015074369065855561,-1.3145278944387551e-06
0.62924151696606789,-0.01171875,-0.0117132621465127,-5.4878534873001317e-06
0.62936626746506985,-0.006591796875,-0.0065801684324394332,-1.1628442560566825e-05
0.62949101796407181,-0.000457763671875,-0.00045485891671702433,-2.9047551579756731e-06
0.62961576846307388,0.0057373046875,0.0057332868743126455,4.0178131873545159e-06
0.62974051896207583,0.01104736328125,0.011046292624131874,1.0706571181261226e-06
0.62986526946107779,0.014678955078125,0.014679759291385638,-8.0421326063839782e-07
0.62999001996007986,0.016082763671875,0.016084651557597345,-1.8878857223451895e-06
0.63011477045908182,0.015045166015625,0.015050258287102596,-5.0922714775955558e-06
0.63023952095808389,0.011749267578125,0.011735791728246361,1.3475849878638591e-05
0.63036427145708585,0.00665283203125,0.0066458873188222582,6.9447124277418476e-06
0.6304890219560878,0.00054931640625,0.00055377345631515789,-4.4570500651578858e-06
0.63061377245508987,-0.005615234375,-0.0056161917026222958,9.5732762229582685e-07
0.63073852295409183,-0.01092529296875,-0.010928772432866055,3.4794641160552919e-06
0.63086327345309379,-0.01458740234375,-0.014579616400278054,-7.7859434719461384e-06
0.63098802395209586,-0.016021728515625,-0.016017036717353234,-4.6917982717657736e-06
0.63111277445109781,-0.0150146484375,-0.015025376982916852,1.0728545416852087e-05
0.63123752495009977,-0.011749267578125,-0.011757362306315383,8.0947281903831492e-06
0.63136227544910184,-0.0067138671875,-0.006710583881763512,-3.2833057364879681e-06
0.6314870259481038,-0.000640869140625,-0.00065173698346122845,1.0867842836228452e-05
0.63161177644710575,0.0054931640625,0.0054998525442585518,-6.6884817585518078e-06
0.63173652694610782,0.01080322265625,0.010811719246337982,-8.4965900879821477e-06
0.63186127744510978,0.01446533203125,0.014479601393537383,-1.4269362287383167e-05
0.63198602794411174,0.015960693359375,0.01594921197850549,1.1481380869510227e-05
0.63211077844311381,0.0150146484375,0.015000000529693424,1.4647907806576016e-05
0.63223552894211577,0.01177978515625,0.011778248199361829,1.5369568881710288e-06
0.63236027944111772,0.00677490234375,0.0067745305699337729,3.7177381622711947e-07
0.63248502994011979,0.000762939453125,0.00074901954882565513,1.3919904299344865e-05
0.63260978043912175,-0.00537109375,-0.0053840019105926458,1.2908160592645795e-05
0.63273453093812371,-0.01068115234375,-0.01069486791347153,1.3715569721529583e-05
0.63285928143712578,-0.014373779296875,-0.014379450879143453,5.671582268452699e-06
0.63298403193612773,-0.015869140625,-0.015880914863515574,1.1774238515574464e-05
0.63310878243512969,-0.014984130859375,-0.014973866382054323,-1.0264477320677187e-05
0.63323353293413176,-0.011810302734375,-0.011798185823107835,-1.2116911267165409e-05
0.63335828343313372,-0.0068359375,-0.0068374619475147719,1.5244475147719108e-06
0.63348303393213568,-0.0008544921875,-0.00084535333387924865,-9.1388536207513476e-06
0.63360778443113774,0.005279541015625,0.005268910172384891,1.0630843240109003e-05
0.6337325349301397,0.010589599609375,0.010578491139804707,1.1108469570293364e-05
0.63385728542914177,0.0142822265625,0.014279439326247003,2.7872362529969552e-06
0.63398203592814373,0.01580810546875,0.015812420767289004,-4.315298539003809e-06
0.63410678642714569,0.01495361328125,0.014947249883305546,6.3633979444539801e-06
0.63423153692614775,0.011810302734375,0.011817449500718162,-7.1467663431620809e-06
0.63435628742514971,0.00689697265625,0.0068996505045496783,-2.6778482996783065e-06
0.63448103792415167,0.000946044921875,0.00094100846122350331,5.0364606514966947e-06
0.63460578842315374,-0.005157470703125,-0.0051543097494293659,-3.1609536956340653e-06
0.6347305389221557,-0.010467529296875,-0.01046232367696661,-5.2056199083896915e-06
0.63485528942115765,-0.014190673828125,-0.014179303254546385,-1.137057357861529e-05
0.63498003992015972,-0.0157470703125,-0.01574346714640424,-3.603166095760002e-06
0.63510479041916168,-0.014923095703125,-0.014919888454548655,-3.2072485763451342e-06
0.63522954091816364,-0.0118408203125,-0.011835775651798214,-5.0446607017858719e-06
0.63535429141716571,-0.0069580078125,-0.006960830845901737,2.8230334017369935e-06
0.63547904191616766,-0.00103759765625,-0.0010357171835759661,-1.8804726740339218e-06
0.63560379241516962,0.005035400390625,0.0050404709214873474,-5.0705308623473846e-06
0.63572854291417169,0.010345458984375,0.01034663813354241,-1.1791491674097848e-06
0.63585329341317365,0.014068603515625,0.014079317045018995,-1.0713529393994656e-05
0.63597804391217561,0.01568603515625,0.015674329329700087,1.170582654991259e-05
0.63610279441117767,0.014892578125,0.014892057405130853,5.207198691473125e-07
0.63622754491017963,0.0118408203125,0.011853438602764409,-1.2618290264408694e-05
0.63635229540918159,0.00701904296875,0.0070212755015652229,-2.2325328152229471e-06
0.63647704590818366,0.001129150390625,0.0011297496941018509,-5.9930347685085289e-07
0.63660179640718562,-0.004913330078125,-0.0049271260179322681,1.3795939807268072e-05
0.63672654690618757,-0.010223388671875,-0.010231169164587526,7.7804927125259271e-06
0.63685129740518964,-0.01397705078125,-0.013979217129278649,2.1663480286489289e-06
0.6369760479041916,-0.015594482421875,-0.015604744707511406,1.0262285636405619e-05
0.63710079840319356,-0.014862060546875,-0.014863494121762782,1.4335748877818133e-06
0.63722554890219563,-0.011871337890625,-0.011870174775866237,-1.1631147587634616e-06
0.63735029940119758,-0.007080078125,-0.0070807191156281729,6.4099062817291053e-07
0.63747504990019965,-0.001220703125,-0.0012228383153652289,2.135190365228903e-06
0.63759980039920161,0.00482177734375,0.0048145452286870267,7.2321150629732836e-06
0.63772455089820357,0.010101318359375,0.01011618928249244,-1.4870923117440288e-05
0.63784930139720564,0.013885498046875,0.013879277800326717,6.2202465482830149e-06
0.63797405189620759,0.015533447265625,0.015534988542259152,-1.5412766341520862e-06
0.63809880239520955,0.01483154296875,0.014834473878974659,-2.9309102246594804e-06
0.63822355289421162,0.011871337890625,0.011886258499560863,-1.4920608935863403e-05
0.63834830339321358,0.00714111328125,0.0071394342566284651,1.6790246215349358e-06
0.63847305389221554,0.001312255859375,0.0013152533096945202,-2.9974503195201972e-06
0.6385978043912176,-0.00469970703125,-0.0047024607938354196,2.7537625854195946e-06
0.63872255489021956,-0.010009765625,-0.010001433046477734,-8.3325785222663346e-06
0.63884730538922152,-0.0137939453125,-0.013779235401911732,-1.4709910588267885e-05
0.63897205588822359,-0.015472412109375,-0.015464798157691306,-7.6139516836937204e-06
0.63909680638722555,-0.014801025390625,-0.01480473402823786,3.7086376128599163e-06
0.6392215568862275,-0.01190185546875,-0.011901426197521105,-4.292712288949535e-07
0.63934630738522957,-0.0072021484375,-0.0071971556064879703,-4.9928310120296929e-06
0.63947105788423153,-0.00140380859375,-0.0014067270681178063,2.9184743678062949e-06
0.63959580838323349,0.00457763671875,0.0045911428146038682,-1.350609585386818e-05
0.63972055888223556,0.0098876953125,0.0098871728734611416,5.2243903885841603e-07
0.63984530938123751,0.013671875,0.013679364139284856,-7.489139284855631e-06
0.63997005988023947,0.015380859375,0.015394448749479655,-1.3589374479655233e-05
0.64009481037924154,0.0147705078125,0.014774549808437549,-4.0419959375492115e-06
0.6402195608782435,0.01190185546875,0.011915952199013098,-1.4096730263098156e-05
0.64034431137724546,0.00726318359375,0.0072541557708750521,9.027822874947862e-06
0.64046906187624753,0.001495361328125,0.0014975299207299337,-2.1685926049337494e-06
0.64059381237524948,-0.004486083984375,-0.0044803234429729756,-5.7605414020243939e-06
0.64071856287425155,-0.009765625,-0.0097731432275818767,7.5182275818767158e-06
0.64084331337325351,-0.013580322265625,-0.01357940026856491,-9.2199706008995463e-07
0.64096806387225547,-0.01531982421875,-0.015323677574465098,3.8533557150978448e-06
0.64109281437125754,-0.014739990234375,-0.014743658534982898,3.6683006078980229e-06
0.64121756487025949,-0.011932373046875,-0.011929572927938574,-2.8001189364256635e-06
0.64134231536926145,-0.00732421875,-0.00731016946814285,-1.4049281857149952e-05
0.64146706586826352,-0.0015869140625,-0.0015873943256648614,4.8026316486139871e-07
0.64159181636726548,0.004364013671875,0.0043702726926157587,-6.2590207407587153e-06
0.64171656686626743,0.009674072265625,0.0096596164310456221,1.4455834579377852e-05
0.6418413173652695,0.01348876953125,0.013479617907481447,9.1516237685530799e-06
0.64196606786427146,0.0152587890625,0.015252759761259681,6.0293012403185575e-06
0.64209081836327342,0.01470947265625,0.014712335410295719,-2.8627540457192707e-06
0.64221556886227549,0.011932373046875,0.011942562713194512,-1.0189666319512444e-05
0.64234031936127745,0.007354736328125,0.0073654693396919425,-1.0733011566942466e-05
0.6424650698602794,0.001678466796875,0.0016765906794186376,1.8761174563623924e-06
0.64258982035928147,-0.0042724609375,-0.0042607226285431253,-1.1738308956874693e-05
0.64271457085828343,-0.009552001953125,-0.0095463268536646398,-5.6750994603602112e-06
0.64283932135728539,-0.01336669921875,-0.013379753224764713,1.3054006014713224e-05
0.64296407185628746,-0.015167236328125,-0.015181432499493584,1.419617136858356e-05
0.64308882235528941,-0.014678955078125,-0.014680317712921038,1.3626347960381952e-06
0.64321357285429137,-0.011962890625,-0.011954657977722039,-8.2326472779607751e-06
0.64333832335329344,-0.007415771484375,-0.0074197901389431763,4.0186545681763011e-06
0.6434630738522954,-0.00177001953125,-0.0017648515058239847,-5.1680254260152991e-06
0.64358782435129736,0.004150390625,0.0041519431780390132,-1.5525530390131728e-06
0.64371257485029942,0.009429931640625,0.0094335467237049078,-3.6150830799077521e-06
0.64383732534930138,0.013275146484375,0.013280080250892896,-4.9337665178963985e-06
0.64396207584830334,0.015106201171875,0.015109970850426134,-3.7696785511343728e-06
0.64408682634730541,0.0146484375,0.014647880608020756,5.5689197924445322e-07
0.64421157684630737,0.011962890625,0.011966133048871536,-3.2424238715356157e-06
0.64433632734530943,0.007476806640625,0.0074734045416574605,3.4020989675394644e-06
0.64446107784431139,0.001861572265625,0.0018524472664202059,9.1249992047941035e-06
0.64458582834331335,-0.004058837890625,-0.0040436663203058448,-1.5171570319155205e-05
0.64471057884231542,-0.009307861328125,-0.0093210103174012383,1.3148989276238338e-05
0.64483532934131738,-0.01318359375,-0.013180335067464135,-3.2586825358654065e-06
0.64496007984031933,-0.015045166015625,-0.015038111936198219,-7.0540794267805185e-06
0.6450848303393214,-0.014617919921875,-0.014614761336499249,-3.1585853757509774e-06
0.64520958083832336,-0.011962890625,-0.011976724347453805,1.3833722453804667e-05
0.64533433133732532,-0.007537841796875,-0.007526047334942854,-1.1794461932146047e-05
0.64545908183632739,-0.001953125,-0.0019391105493948972,-1.4014450605102837e-05
0.64558383233532934,0.003936767578125,0.003936161897403226,6.0568072177396431e-07
0.6457085828343313,0.00921630859375,0.0092089897698417692,7.3188239082307843e-06
0.64583333333333337,0.013092041015625,0.013080791617964185,1.1249397660815369e-05
0.64595808383233533,0.01495361328125,0.014966130750442928,-1.2517469192927649e-05
0.64608283433133729,0.01458740234375,0.014581235025489298,6.1673182607021454e-06
0.64620758483033935,0.011993408203125,0.011986706198131509,6.7020049934907872e-06
0.64633233532934131,0.007568359375,0.007577991227563031,-9.6318525630309862e-06
0.64645708582834327,0.00201416015625,0.0020251118799589941,-1.0951723708994138e-05
0.64658183632734534,-0.003814697265625,-0.0038291618038601505,1.4464538235150516e-05
0.6467065868263473,-0.00909423828125,-0.0090972192644852012,2.98098323520124e-06
0.64683133732534925,-0.012969970703125,-0.012981185897140311,1.1215194015310945e-05
0.64695608782435132,-0.014892578125,-0.014893764347546691,1.1862225466913873e-06
0.64708083832335328,-0.014556884765625,-0.014547038877483463,-9.84588814153739e-06
0.64720558882235524,-0.011993408203125,-0.011995815018446836,2.4068153218360228e-06
0.64733033932135731,-0.00762939453125,-0.0076289710389477877,-4.2349230221228051e-07
0.64745508982035926,-0.002105712890625,-0.0021101839092908152,4.4710186658152365e-06
0.64757984031936133,0.00372314453125,0.0037229357976637499,2.0873358625014479e-07
0.64770459081836329,0.00897216796875,0.008985970844011924,-1.3802875261923961e-05
0.64782934131736525,0.01287841796875,0.012881791761772936,-3.3737930229364721e-06
0.64795409181636732,0.01483154296875,0.014821287653264518,1.0255315485482169e-05
0.64807884231536927,0.0145263671875,0.014512447980836809,1.3919206663191158e-05
0.64820359281437123,0.011993408203125,0.012004325129218356,-1.0916926093356219e-05
0.6483283433133733,0.0076904296875,0.0076792595095349922,1.1170177965007765e-05
0.64845309381237526,0.002197265625,0.0021945972249094382,2.6684000905617504e-06
0.64857784431137722,-0.003631591796875,-0.0036172156898382993,-1.4376107036700655e-05
0.64870259481037928,-0.008880615234375,-0.0088749785998704714,-5.6366345045286148e-06
0.64882734530938124,-0.012786865234375,-0.012782345120054744,-4.5201143202555638e-06
0.6489520958083832,-0.014739990234375,-0.014748437653983943,8.4474196089430464e-06
0.64907684630738527,-0.01446533203125,-0.014477199498894379,1.1867467644378557e-05
0.64920159680638723,-0.01202392578125,-0.012011972943600303,-1.1952837649696971e-05
0.64932634730538918,-0.007720947265625,-0.0077285914897457291,7.644224120729147e-06
0.64945109780439125,-0.002288818359375,-0.0022780845396546613,-1.0733819720338666e-05
0.64957584830339321,0.003509521484375,0.0035122711554504186,-2.7496710754185659e-06
0.64970059880239517,0.008758544921875,0.0087645144831278166,-5.9695612528165576e-06
0.64982534930139724,0.0126953125,0.01268311974234868,1.2192757651319566e-05
0.64995009980039919,0.014678955078125,0.014675489207349573,3.4658707754268298e-06
0.65007485029940115,0.014434814453125,0.014441568480499562,-6.7540273745621271e-06
0.65019960079840322,0.01202392578125,0.01201903277746335,4.8930037866504184e-06
0.65032435129740518,0.007781982421875,0.0077772397503304679,4.7426715445320761e-06
0.65044910179640714,0.002349853515625,0.0023609165020181126,-1.106298639311264e-05
0.65057385229540921,-0.00341796875,-0.0034078339231881313,-1.0134826811868721e-05
0.65069860279441116,-0.0086669921875,-0.0086543124940178014,-1.2679693482198565e-05
0.65082335329341312,-0.0125732421875,-0.012583851450592976,1.060926309297619e-05
0.65094810379241519,-0.01458740234375,-0.01460217923152444,1.4776887774440098e-05
0.65107285429141715,-0.014404296875,-0.014405292049127275,9.9517412727526122e-07
0.65119760479041922,-0.01202392578125,-0.012025241038458395,1.3152572083952041e-06
0.65132235528942117,-0.0078125,-0.0078249391713856239,1.2439171385623948e-05
0.65144710578842313,-0.00244140625,-0.0024428258851256447,1.4196351256446846e-06
0.6515718562874252,0.0032958984375,0.0033041735863330183,-8.2751488330182546e-06
0.65169660678642716,0.008544921875,0.0085446444927960077,2.773822039923296e-07
0.65182135728542911,0.012481689453125,0.01248481392906298,-3.1244759379801812e-06
0.65194610778443118,0.0145263671875,0.014528782515824082,-2.4153283240818668e-06
0.65207085828343314,0.014373779296875,0.014368645213396277,5.134083478722587e-06
0.6521956087824351,0.01202392578125,0.012030872036412489,-6.94625516248909e-06
0.65232035928143717,0.00787353515625,0.0078719625526742255,1.5726035757744616e-06
0.65244510978043913,0.002532958984375,0.002524083397113843,8.8755872611570065e-06
0.65256986027944108,-0.003204345703125,-0.0032010217923820784,-3.3239107429215708e-06
0.65269461077844315,-0.0084228515625,-0.0084352443892627277,1.2392826762727682e-05
0.65281936127744511,-0.01239013671875,-0.012385742913756728,-4.3938049932717993e-06
0.65294411177644707,-0.01446533203125,-0.014455035909981774,-1.029612126822628e-05
0.65306886227544914,-0.01434326171875,-0.014331365056215324,-1.1896662534675514e-05
0.65319361277445109,-0.01202392578125,-0.012035662172377368,1.1736391127368379e-05
0.65331836327345305,-0.007904052734375,-0.0079180448026514964,1.3992068276496433e-05
0.65344311377245512,-0.002593994140625,-0.0026044218700810311,1.0427729456031088e-05
0.65356786427145708,0.00311279296875,0.0030986480540162805,1.4144914733719548e-05
0.65369261477045904,0.008331298828125,0.0083263839536551042,4.9148744698957608e-06
0.6538173652694611,0.012298583984375,0.012286912003176007,1.1671981198993139e-05
0.65394211576846306,0.014373779296875,0.01438121413478766,-7.4348379126600028e-06
0.65406686626746502,0.0142822265625,0.014293726545290071,-1.1499982790071431e-05
0.65419161676646709,0.012054443359375,0.012039885749059497,1.4557610315503108e-05
0.65431636726546905,0.007965087890625,0.0079634587487757702,1.6291418492297982e-06
0.654441117764471,0.002685546875,0.0026841120704689542,1.4348045310457608e-06
0.65456586826347307,-0.00299072265625,-0.0029967839386960691,6.0612824460690509e-06
0.65469061876247503,-0.008209228515625,-0.0082177970061719108,8.568490546910848e-06
0.6548153692614771,-0.012176513671875,-0.012188056847724291,1.1543175849291001e-05
0.65494011976047906,-0.014312744140625,-0.014307053971358903,-5.6901692660968339e-06
0.65506487025948101,-0.014251708984375,-0.014255466722275491,3.7577379004907763e-06
0.65518962075848308,-0.012054443359375,-0.012043279159853738,-1.1164199521261631e-05
0.65531437125748504,-0.00799560546875,-0.0080079393265626141,1.2333857812614132e-05
0.655439121756487,-0.002777099609375,-0.0027628868880163028,-1.421272135869716e-05
0.65556387225548907,0.002899169921875,0.0028956988796299079,3.4710422450920896e-06
0.65568862275449102,0.00811767578125,0.0081097552278318556,7.9205534181444465e-06
0.65581337325349298,0.0120849609375,0.012089450960466156,-4.4900229661561097e-06
0.65593812375249505,0.01422119140625,0.01423283007177749,-1.1638665527490336e-05
0.65606287425149701,0.01422119140625,0.014216860513293605,4.3308929563948967e-06
0.65618762475049897,0.012054443359375,0.012046116699279664,8.326660095335503e-06
0.65631237524950103,0.008056640625,0.0080517593898996737,4.8812351003263421e-06
0.65643712574850299,0.002838134765625,0.0028410171461390127,-2.8823805140127182e-06
0.65656187624750495,-0.0028076171875,-0.0027951243653956239,-1.2492822104376126e-05
0.65668662674650702,-0.00799560546875,-0.0080019923500274197,6.3868812774196815e-06
0.65681137724550898,-0.011993408203125,-0.011990829906553745,-2.5782965712550093e-06
0.65693612774451093,-0.01416015625,-0.014158279148372362,-1.877101627637684e-06
0.657060878243513,-0.014190673828125,-0.014177644918090393,-1.3028910034606697e-05
0.65718562874251496,-0.012054443359375,-0.012048134752020559,-6.3086073544410537e-06
0.65731037924151692,-0.008087158203125,-0.0080946539000786456,7.4956969536455614e-06
0.65743512974051899,-0.0029296875,-0.0029182357909185463,-1.1451709081453706e-05
0.65755988023952094,0.002685546875,0.0026953297509117557,-9.7828759117557333e-06
0.6576846307385229,0.007904052734375,0.0078947799653820358,9.2727689929641977e-06
0.65780938123752497,0.01190185546875,0.011892467113980476,9.3883547695235853e-06
0.65793413173652693,0.014068603515625,0.014083675784362112,-1.5072268737112079e-05
0.658058882235529,0.014129638671875,0.014138094820551686,-8.4561486766859817e-06
0.65818363273453095,0.012054443359375,0.012049607603362211,4.8357560127887389e-06
0.65830838323353291,0.008148193359375,0.008136895736128533,1.1297623246466978e-05
0.65843313373253498,0.00299072265625,0.0029948137014354278,-4.0910451854277857e-06
0.65855788423153694,-0.002593994140625,-0.0025960464470166041,2.0523063916041452e-06
0.6586826347305389,-0.007781982421875,-0.0077878517173055736,5.8692954305735942e-06
0.65880738522954096,-0.01177978515625,-0.011794098062994337,1.4312906744336565e-05
0.65893213572854292,-0.014007568359375,-0.014008756623133176,1.1882637581759475e-06
0.65905688622754488,-0.01409912109375,-0.014097947177870952,-1.1739158790480958e-06
0.65918163672654695,-0.012054443359375,-0.012050271628254953,-4.1717311200471785e-06
0.65930638722554891,-0.0081787109375,-0.0081782198838454626,-4.9105365453744332e-07
0.65943113772455086,-0.003082275390625,-0.0030704838787920696,-1.1791511832930351e-05
0.65955588822355293,0.00250244140625,0.002497543731471619,4.8976747783809754e-06
0.65968063872255489,0.0076904296875,0.007681479110855852,8.9505766441479867e-06
0.65980538922155685,0.011688232421875,0.011695996096878481,-7.763675003481102e-06
0.65993013972055892,0.013946533203125,0.013933796178893327,1.2737024231672736e-05
0.66005489021956087,0.014068603515625,0.014057476831067176,1.1126684557823813e-05
0.66017964071856283,0.012054443359375,0.012050401101733036,4.0422576419642947e-06
0.6603043912175649,0.008209228515625,0.0082188992461568015,-9.6707305318015357e-06
0.66042914171656686,0.003143310546875,0.003145517256432623,-2.2067095576229837e-06
0.66055389221556882,-0.002410888671875,-0.0023995529385369969,-1.1335733338003074e-05
0.66067864271457089,-0.007568359375,-0.0075753957022682734,7.0363272682734401e-06
0.66080339321357284,-0.0115966796875,-0.011597896611367968,1.2169238679683031e-06
0.6609281437125748,-0.01385498046875,-0.013858531025953313,3.5505572033127375e-06
0.66105289421157687,-0.014007568359375,-0.014016420694157329,8.8523347823287607e-06
0.66117764471057883,-0.012054443359375,-0.012049732387981989,-4.7109713930109515e-06
0.66130239520958078,-0.008270263671875,-0.0082586688321192366,-1.1594839755763378e-05
0.66142714570858285,-0.00323486328125,-0.0032196468891678566,-1.5216392082143416e-05
0.66155189620758481,0.002288818359375,0.0023023432699744635,-1.3524910599463456e-05
0.66167664670658688,0.007476806640625,0.0074698729098599138,6.9337307650862295e-06
0.66180139720558884,0.011505126953125,0.011500072865409368,5.0540877156324965e-06
0.66192614770459079,0.0137939453125,0.013783235609385151,1.0709703114848701e-05
0.66205089820359286,0.01397705078125,0.013975053564684915,1.997216565085419e-06
0.66217564870259482,0.012054443359375,0.012048539750785344,5.9036085896559121e-06
0.66230039920159678,0.00830078125,0.0082978015672871223,2.9796827128777265e-06
0.66242514970059885,0.0032958984375,0.0032931437635290105,2.754673970989472e-06
0.66254990019960081,-0.002197265625,-0.002205645984625782,8.380359625781951e-06
0.66267465069860276,-0.007354736328125,-0.0073646442035332754,9.9078754082753545e-06
0.66279940119760483,-0.01141357421875,-0.011402260170599199,-1.131404815080117e-05
0.66292415169660679,-0.013702392578125,-0.013707646434308577,5.2538561835773628e-06
0.66304890219560875,-0.013946533203125,-0.013933112312889573,-1.3420890235427141e-05
0.66317365269461082,-0.012054443359375,-0.01204655954257901,-7.8838167959904143e-06
0.66329840319361277,-0.008331298828125,-0.0083360324827486086,4.733654623608613e-06
0.66342315369261473,-0.00335693359375,-0.0033657409867535039,8.807393003503871e-06
0.6635479041916168,0.002105712890625,0.0021097302093831907,-4.0173187581906723e-06
0.66367265469061876,0.00726318359375,0.0072599809156954848,3.2026780545152053e-06
0.66379740518962072,0.01129150390625,0.011304731701944605,-1.3227795694605027e-05
0.66392215568862278,0.013641357421875,0.013632037876546399,9.319545328600673e-06
0.66404690618762474,0.013885498046875,0.013890871692240993,-5.3736453659927741e-06
0.6641716566866267,0.012054443359375,0.012044066014904029,1.0377344470971495e-05
0.66429640718562877,0.00836181640625,0.0083736345254712147,-1.1818119221214743e-05
0.66442115768463073,0.003448486328125,0.0034377095971414692,1.0776730983530752e-05
0.66454590818363268,-0.00201416015625,-0.0020143271288090053,1.6697255900534683e-07
0.66467065868263475,-0.00714111328125,-0.0071556164307634736,1.4503149513473562e-05
0.66479540918163671,-0.011199951171875,-0.011207222687305092,7.2715154300923707e-06
0.66492015968063867,-0.0135498046875,-0.013556146371924448,6.3416844244476578e-06
0.66504491017964074,-0.01385498046875,-0.013848068528619851,-6.9119401301491468e-06
0.66516966067864269,-0.012054443359375,-0.012040795507466196,-1.3647851908804229e-05
0.66529441117764476,-0.0084228515625,-0.0084103427473414642,-1.2508815158535774e-05
0.66541916167664672,-0.003509521484375,-0.0035087827530842675,-7.3873129073252428e-07
0.66554391217564868,0.001922607421875,0.0019197057961053211,2.9016257696789453e-06
0.66566866267465075,0.007049560546875,0.0070518219960571706,-2.2614491821705551e-06
0.6657934131736527,0.0111083984375,0.011110006218158046,-1.6077806580458431e-06
0.66591816367265466,0.01348876953125,0.013480246226931589,8.5233043184106128e-06
0.66604291417165673,0.0137939453125,0.013804977530851373,-1.1032218351372802e-05
0.66616766467065869,0.01202392578125,0.012037022258591414,-1.3096477341413559e-05
0.66629241516966065,0.008453369140625,0.0084464301155274708,6.9390250975291667e-06
0.66641716566866271,0.003570556640625,0.003579231543392067,-8.6749027670670123e-06
0.66654191616766467,-0.0018310546875,-0.0018255973226920478,-5.4573648079522374e-06
0.66666666666666663,-0.0069580078125,-0.0069483309113415994,-9.6769011584006345e-06
0.6667914171656687,-0.011016845703125,-0.011012817439024439,-4.0282641005605357e-06
0.66691616766467066,-0.013397216796875,-0.013404073808013709,6.857011138708749e-06
0.66704091816367261,-0.013763427734375,-0.013761335479891208,-2.0922544837920914e-06
0.66716566866267468,-0.01202392578125,-0.012032482594306343,8.5568130563425798e-06
0.66729041916167664,-0.00848388671875,-0.0084816317014965847,-2.2550172534153284e-06
0.6674151696606786,-0.003662109375,-0.0036487891763275545,-1.3320198672445507e-05
0.66753992015968067,0.001739501953125,0.0017322706892076991,7.2312639173008949e-06
0.66766467065868262,0.0068359375,0.0068454143397213797,-9.4768397213796859e-06
0.66778942115768458,0.01092529296875,0.010915929358261937,9.3636104880629595e-06
0.66791417165668665,0.013336181640625,0.013327903352245608,8.2782883793919987e-06
0.66803892215568861,0.013702392578125,0.01371741703936427,-1.5024461239269635e-05
0.66816367265469057,0.01202392578125,0.012027450738776813,-3.5249575268125888e-06
0.66828842315369263,0.008514404296875,0.0085162204914198195,-1.8161945448194605e-06
0.66841317365269459,0.00372314453125,0.0037177267899362806,5.4177413137193597e-06
0.66853792415169666,-0.00164794921875,-0.0016394569350869385,-8.4922836630614909e-06
0.66866267465069862,-0.006744384765625,-0.0067428054971485248,-1.5792684764752429e-06
0.66878742514970058,-0.010833740234375,-0.010819077037493739,-1.4663196881261123e-05
0.66891217564870264,-0.01324462890625,-0.013251471156628955,6.8422503789553751e-06
0.6690369261477046,-0.013671875,-0.013672958944754607,1.0839447546068248e-06
0.66916167664670656,-0.01202392578125,-0.012021663003393652,-2.2627778563481804e-06
0.66928642714570863,-0.008544921875,-0.0085499315751678771,5.0097001678770653e-06
0.66941117764471059,-0.0037841796875,-0.003785777641079438,1.5979535794379517e-06
0.66953592814371254,0.001556396484375,0.0015474249695449501,8.9715148300498811e-06
0.66966067864271461,0.00665283203125,0.0066407754633455527,1.2056567904447299e-05
0.66978542914171657,0.010711669921875,0.010722533402379495,-1.0863480504495412e-05
0.66991017964071853,0.01318359375,0.013175051388764444,8.5423612355556289e-06
0.6700349301397206,0.013641357421875,0.013628235813953013,1.3121607921986675e-05
0.67015968063872255,0.01202392578125,0.012015393597235908,8.5321840140924893e-06
0.67028443113772451,0.008575439453125,0.0085830379567215318,-7.5985035965318165e-06
0.67040918163672658,0.00384521484375,0.0038532129157969794,-7.9980720469794396e-06
0.67053393213572854,-0.00146484375,-0.0014559057611856353,-8.9379888143646842e-06
0.6706586826347305,-0.00653076171875,-0.0065390573713090087,8.2956525590087427e-06
0.67078343313373257,-0.0106201171875,-0.01062603343206626,5.9162445662595126e-06
0.67090818363273452,-0.013092041015625,-0.013098380276161201,6.339260536201291e-06
0.67103293413173648,-0.013580322265625,-0.013582984336446112,2.6620708211116256e-06
0.67115768463073855,-0.011993408203125,-0.012008378816146996,1.497061302199558e-05
0.67128243512974051,-0.00860595703125,-0.0086152747431719589,9.3177119219588905e-06
0.67140718562874246,-0.00390625,-0.0039197659183031249,1.3515918303124916e-05
0.67153193612774453,0.001373291015625,0.0013651681489386222,8.122866686377777e-06
0.67165668662674649,0.006439208984375,0.0064379222182474015,1.2867661275985098e-06
0.67178143712574845,0.010528564453125,0.010529849969960182,-1.2855168351824653e-06
0.67190618762475052,0.013031005859375,0.013021731916904623,9.2739424703766615e-06
0.67203093812375247,0.0135498046875,0.013537479083869118,1.2325603630881921e-05
0.67215568862275454,0.011993408203125,0.012000892853194878,-7.4846500698784457e-06
0.6722804391217565,0.008636474609375,0.0086469149551321369,-1.0440345757136912e-05
0.67240518962075846,0.003997802734375,0.0039857078813552837,1.2094853019716315e-05
0.67252994011976053,-0.00128173828125,-0.0012749430316979118,-6.7952495520881735e-06
0.67265469061876249,-0.00634765625,-0.0063371030550612916,-1.0553194938708356e-05
0.67277944111776444,-0.01043701171875,-0.010433717913180401,-3.2938055695985735e-06
0.67290419161676651,-0.012939453125,-0.012944842468969469,5.3893439694689682e-06
0.67302894211576847,-0.01348876953125,-0.013491456699203885,2.687167953884656e-06
0.67315369261477043,-0.011993408203125,-0.011992671987773882,-7.3621535111832725e-07
0.6732784431137725,-0.0086669921875,-0.0086776937157652459,1.0701528265245897e-05
0.67340319361277445,-0.004058837890625,-0.0040507721552759147,-8.0657353490852512e-06
0.67352794411177641,0.001190185546875,0.0011854991792552129,4.6863676197870987e-06
0.67365269461077848,0.0062255859375,0.0062368707972823255,-1.128485978232549e-05
0.67377744510978044,0.010345458984375,0.010337910023335398,7.5489610396016482e-06
0.6739021956087824,0.01287841796875,0.012867985960898668,1.0432007851331887e-05
0.67402694610778446,0.013458251953125,0.013445191707332818,1.3060245792182248e-05
0.67415169660678642,0.011993408203125,0.011983990396048527,9.4178070764727728e-06
0.67427644710578838,0.008697509765625,0.0087078840611680575,-1.0374295543057535e-05
0.67440119760479045,0.004119873046875,0.0041152300183235017,4.6430285514983266e-06
0.67452594810379241,-0.0010986328125,-0.0010965674219375937,-2.0653905624062972e-06
0.67465069860279436,-0.006134033203125,-0.0061369584145790079,2.9252114540079255e-06
0.67477544910179643,-0.01025390625,-0.010242161115959958,-1.1745134040041724e-05
0.67490019960079839,-0.012786865234375,-0.012790898481121494,4.0332467464935379e-06
0.67502495009980035,-0.013397216796875,-0.013398420704241534,1.203907366534307e-06
0.67514970059880242,-0.011962890625,-0.011974584340067294,1.1693715067293692e-05
0.67527445109780437,-0.00872802734375,-0.0087372211294036647,9.1937856536647433e-06
0.67539920159680644,-0.004180908203125,-0.0041788148656873433,-2.0933374376566963e-06
0.6755239520958084,0.001007080078125,0.001008416461543272,-1.3363834182719605e-06
0.67564870259481036,0.00604248046875,0.0060376367416830681,4.8437270669318688e-06
0.67577345309381243,0.0101318359375,0.010146743871323622,-1.4907933823622363e-05
0.67589820359281438,0.012725830078125,0.012713853988624398,1.1976089500601722e-05
0.67602295409181634,0.013336181640625,0.01335141816757787,-1.5236526952870297e-05
0.67614770459081841,0.011962890625,0.01196472797822371,-1.8373532237100226e-06
0.67627245508982037,0.008758544921875,0.0087659779709192004,-7.4330490442003905e-06
0.67639720558882233,0.004241943359375,0.0042417980198874291,1.4533948757087384e-07
0.67652195608782439,-0.00091552734375,-0.00092077706094785289,5.2497171978528948e-06
0.67664670658682635,-0.005950927734375,-0.0059386386679017317,-1.2289066473268259e-05
0.67677145708582831,-0.010040283203125,-0.010051393023850594,1.1109820725593855e-05
0.67689620758483038,-0.01263427734375,-0.012636588502282168,2.3111585321679284e-06
0.67702095808383234,-0.0133056640625,-0.01330392064585848,-1.7434166415201263e-06
0.67714570858283429,-0.011962890625,-0.011954157554355837,-8.7330706441627465e-06
0.67727045908183636,-0.0087890625,-0.008793889737558706,4.8272375587059962e-06
0.67739520958083832,-0.004302978515625,-0.0043039129197572972,9.3440413229724933e-07
0.67751996007984028,0.000823974609375,0.00083391785507919863,-9.9432457041986281e-06
0.67764471057884235,0.005828857421875,0.0058402349480178185,-1.1377526142818464e-05
0.6777694610778443,0.00994873046875,0.0099563811729407679,-7.650704190767868e-06
0.67789421157684626,0.0125732421875,0.012559375911531461,1.3866275968539218e-05
0.67801896207584833,0.01324462890625,0.013256202569034837,-1.1573662784836528e-05
0.67814371257485029,0.011932373046875,0.011943147208212422,-1.0774161337422442e-05
0.67826846307385225,0.008819580078125,0.0088212294929866566,-1.6494148616565812e-06
0.67839321357285431,0.004364013671875,0.0043654309308462317,-1.4172589712316969e-06
0.67851796407185627,-0.000732421875,-0.00074756954052255923,1.5147665522559231e-05
0.67864271457085823,-0.0057373046875,-0.0057421583918383845,4.8537043383844666e-06
0.6787674650698603,-0.009857177734375,-0.009861442972392177,4.2652380171769727e-06
0.67889221556886226,-0.012481689453125,-0.012481952165706163,2.6271258116335183e-07
0.67901696606786432,-0.013214111328125,-0.013208000437700628,-6.1108904243715317e-06
0.67914171656686628,-0.011932373046875,-0.011931433164574356,-9.3988230064415146e-07
0.67926646706586824,-0.00885009765625,-0.0088477324017051471,-2.36525454485291e-06
0.67939121756487031,-0.004425048828125,-0.0044260855344334616,1.0367063084616365e-06
0.67951596806387227,0.00067138671875,0.00066200068645527147,9.3860322947285314e-06
0.67964071856287422,0.005645751953125,0.0056446796750956648,1.0722780293351969e-06
0.67976546906187629,0.009765625,0.0097668509412045905,-1.2259412045904916e-06
0.67989021956087825,0.01239013671875,0.012404591084715507,-1.4454365965506713e-05
0.68001497005988021,0.013153076171875,0.0131595886336644,-6.5124617894003062e-06
0.68013972055888228,0.011932373046875,0.011919289543711719,1.3083503163280677e-05
0.68026447105788423,0.008880615234375,0.0088736715394786472,6.9436948963528394e-06
0.68038922155688619,0.004486083984375,0.0044861481378952609,-6.4153520260880337e-08
0.68051397205588826,-0.000579833984375,-0.00057694192428130273,-2.8920600936972697e-06
0.68063872255489022,-0.00555419921875,-0.0055475315289613067,-6.6676897886933095e-06
0.68076347305389218,-0.009674072265625,-0.0096723396530303696,-1.7326125946303533e-06
0.68088822355289425,-0.0123291015625,-0.012327028548373335,-2.0730141266651209e-06
0.6810129740518962,-0.01312255859375,-0.01311070360916065,-1.1854984589349665e-05
0.68113772455089816,-0.01190185546875,-0.011906452550510644,4.5970817606436759e-06
0.68126247504990023,-0.0089111328125,-0.0088987820823774547,-1.235073012254527e-05
0.68138722554890219,-0.004547119140625,-0.004545352263722123,-1.7668769028769682e-06
0.68151197604790414,0.00048828125,0.00049266175856216906,-4.3805085621690569e-06
0.68163672654690621,0.005462646484375,0.0054509845509753286,1.1661933399671406e-05
0.68176147704590817,0.00958251953125,0.009578181546980695,4.3379842693050397e-06
0.68188622754491013,0.012237548828125,0.012249538307092619,-1.1989478967619482e-05
0.6820109780439122,0.0130615234375,0.013061619697426701,-9.625992670146688e-08
0.68213572854291415,0.01190185546875,0.011893196284935403,8.6591838145966271e-06
0.68226047904191611,0.0089111328125,0.0089233371171768029,-1.2204304676802918e-05
0.68238522954091818,0.004608154296875,0.004603969359925077,4.1849369499229877e-06
0.68250998003992014,-0.000396728515625,-0.00040889075665026861,1.2162241025268615e-05
0.68263473053892221,-0.005340576171875,-0.005354771394561187,1.4195222686187031e-05
0.68275948103792417,-0.009490966796875,-0.0094841111170526401,-6.8556798223599197e-06
0.68288423153692612,-0.012176513671875,-0.012171856171218787,-4.6575006562125931e-06
0.68300898203592819,-0.01300048828125,-0.01301207330191962,1.158502066962025e-05
0.68313373253493015,-0.011871337890625,-0.011879256931158091,7.9190405330911012e-06
0.68325848303393211,-0.008941650390625,-0.0089470718304045967,5.4214397795966651e-06
0.68338323353293418,-0.004669189453125,-0.0046617329890271042,-7.4564640978958333e-06
0.68350798403193613,0.000335693359375,0.00032589735962197864,9.7959997530213598e-06
0.68363273453093809,0.0052490234375,0.0052591625799419447,-1.0139142441944679e-05
0.68375748502994016,0.0093994140625,0.0093904007229579697,9.0133395420303325e-06
0.68388223552894212,0.0120849609375,0.012094255821714471,-9.2948842144707083e-06
0.68400698602794407,0.012969970703125,0.012962338706895444,7.6319962295564453e-06
0.68413173652694614,0.011871337890625,0.011864908568037642,6.4293225873583715e-06
0.6842564870259481,0.00897216796875,0.0089702593187726137,1.9086499773862675e-06
0.68438123752495006,0.004730224609375,0.0047189146384746103,1.1309970900389744e-05
0.68450598802395213,-0.000244140625,-0.00024341207188025149,-7.2855311974851368e-07
0.68463073852295409,-0.005157470703125,-0.0051638906836831578,6.4199805581578034e-06
0.68475548902195604,-0.009307861328125,-0.0092967847795504613,-1.1076548574538714e-05
0.68488023952095811,-0.01202392578125,-0.012016472999506735,-7.4527817432654131e-06
0.68500499001996007,-0.012908935546875,-0.012912152266630936,3.2167197559357374e-06
0.68512974051896203,-0.0118408203125,-0.011849887358237467,9.0670457374673885e-06
0.6852544910179641,-0.009002685546875,-0.0089926347782061222,-1.0050768668877844e-05
0.68537924151696605,-0.0047607421875,-0.0047752479096318671,1.4505722131867051e-05
0.68550399201596801,0.000152587890625,0.00016170327212547121,-9.1153815004712114e-06
0.68562874251497008,0.00506591796875,0.0050692261495692325,-3.3081808192324605e-06
0.68575349301397204,0.00921630859375,0.0092035355676571909,1.2773026092809114e-05
0.68587824351297411,0.011932373046875,0.011938781316175286,-6.4082693002863456e-06
0.68600299401197606,0.012847900390625,0.012861788216008091,-1.3887825383090621e-05
0.68612774451097802,0.0118408203125,0.011834467358709379,6.3529537906205358e-06
0.68625249500998009,0.009002685546875,0.0090144713142786305,-1.1785767403630493e-05
0.68637724550898205,0.00482177734375,0.0048310043281920845,-9.2269844420844738e-06
0.68650199600798401,-9.1552734375e-05,-8.050140295673953e-05,-1.105133141826047e-05
0.68662674650698607,-0.004974365234375,-0.0049749014781740415,5.362437990414845e-07
0.68675149700598803,-0.009124755859375,-0.0091103874235101568,-1.4368435864843196e-05
0.68687624750498999,-0.011871337890625,-0.011860916443298156,-1.0421447326844011e-05
0.68700099800399206,-0.0128173828125,-0.012810982859739351,-6.399952760648836e-06
0.68712574850299402,-0.011810302734375,-0.011818384709830874,8.0819754558741214e-06
0.68725049900199597,-0.009033203125,-0.0090355041312562504,2.301006256250418e-06
0.68737524950099804,-0.0048828125,-0.0048859175332018768,3.1050332018767862e-06
0.6875,0,7.4781803527384512e-08,-7.4781803527384512e-08
0.68762475049900196,0.0048828125,0.0048811870377352727,1.6254622647272551e-06
0.68774950099800403,0.009002685546875,0.0090176125495594096,-1.4927002684409635e-05
0.68787425149700598,0.01177978515625,0.011783151923154178,-3.3667669041784892e-06
0.68799900199600794,0.01275634765625,0.01276001038295616,-3.6627267061602881e-06
0.68812375249501001,0.011810302734375,0.011801913445881556,8.3892884934436834e-06
0.68824850299401197,0.009063720703125,0.0090560063425170981,7.7143606079018573e-06
0.68837325349301393,0.00494384765625,0.0049402590874391833,3.5885688108167058e-06
0.68849800399201599,9.1552734375e-05,7.9846209444700442e-05,1.1706524930299558e-05
0.68862275449101795,-0.004791259765625,-0.0047878152537256047,-3.4445118993952847e-06
0.68874750499001991,-0.0089111328125,-0.0089249452039334275,1.3812391433427537e-05
0.68887225548902198,-0.01171875,-0.011705223358055825,-1.3526641944174717e-05
0.68899700598802394,-0.0126953125,-0.012708607040438949,1.3294540438949301e-05
0.68912175648702589,-0.01177978515625,-0.011784789684185597,5.0045279355974415e-06
0.68924650698602796,-0.009063720703125,-0.0090757131596204948,1.1992456495494783e-05
0.68937125748502992,-0.0050048828125,-0.0049937626664408059,-1.1120146059194133e-05
0.68949600798403199,-0.000152587890625,-0.00015899331350781578,6.4054228828157778e-06
0.68962075848303395,0.00469970703125,0.0046950564197303975,4.6506115196024572e-06
0.6897455089820359,0.008819580078125,0.008832657511252489,-1.3077433127488963e-05
0.68987025948103797,0.011627197265625,0.011627404221066073,-2.0695544107260377e-07
0.68999500998003993,0.012664794921875,0.012657046967209548,7.7479546654515147e-06
0.69011976047904189,0.01177978515625,0.011767287435593032,1.2497720656968331e-05
0.69024451097804396,0.00909423828125,0.0090948977027296724,-6.5942147967242015e-07
0.69036926147704591,0.005035400390625,0.0050466998689177919,-1.1299478292791862e-05
0.69049401197604787,0.000244140625,0.00023763620810123229,6.5044168987677092e-06
0.69061876247504994,-0.004608154296875,-0.0046026428869926014,-5.5114098823985658e-06
0.6907435129740519,-0.00872802734375,-0.0087404836520748336,1.2456308324833645e-05
0.69086826347305386,-0.01153564453125,-0.011549430045333453,1.3785514083453423e-05
0.69099301397205593,-0.012603759765625,-0.012605066367765547,1.3066021405470224e-06
0.69111776447105788,-0.011749267578125,-0.011749142793625171,-1.2478449982859796e-07
0.69124251497005984,-0.009124755859375,-0.009113295189668278,-1.1460669706721965e-05
0.69136726546906191,-0.005096435546875,-0.0050988044057587488,2.3688588837488325e-06
0.69149201596806387,-0.00030517578125,-0.00031550669498022681,1.0330913730226808e-05
0.69161676646706582,0.0045166015625,0.0045108448753259133,5.7566871740867206e-06
0.69174151696606789,0.008636474609375,0.0086486956737120719,-1.2221064337071888e-05
0.69186626746506985,0.011474609375,0.011471574234812577,3.0351401874226247e-06
0.69199101796407181,0.012542724609375,0.01255293932667649,-1.0214717301490484e-05
0.69211576846307388,0.01171875,0.011730629744970968,-1.1879744970967956e-05
0.69224051896207583,0.009124755859375,0.0091311787463452879,-6.4228869702878666e-06
0.69236526946107779,0.005157470703125,0.0051503479104503163,7.1227926746837353e-06
0.69249001996007986,0.000396728515625,0.00039287451035626444,3.8540052687355557e-06
0.69261477045908182,-0.004425048828125,-0.0044193946626601083,-5.6541654648916903e-06
0.69273952095808389,-0.008544921875,-0.0085570276796980878,1.210580469808778e-05
0.69286427145708585,-0.011383056640625,-0.011393572253603629,1.0515612978628797e-05
0.6929890219560878,-0.01251220703125,-0.012500401997822895,-1.1805033427104983e-05
0.69311377245508987,-0.01171875,-0.011711484358620516,-7.2656413794836006e-06
0.69323852295409183,-0.0091552734375,-0.0091482835958411127,-6.9898416588873302e-06
0.69336327345309379,-0.00518798828125,-0.0052010641280835976,1.3075846833597582e-05
0.69348802395209586,-0.000457763671875,-0.00046947151394224613,1.1707842067246134e-05
0.69361277445109781,0.00433349609375,0.0043285623959199698,4.9336978300302398e-06
0.69373752495009977,0.008453369140625,0.0084657516405879461,-1.2382499962946061e-05
0.69386227544910184,0.011322021484375,0.011315697436664702,6.3240477102977782e-06
0.6939870259481038,0.012451171875,0.012447728414996379,3.4434600036208074e-06
0.69411177644710575,0.011688232421875,0.011691980596376203,-3.7481745012030165e-06
0.69423652694610782,0.0091552734375,0.0091648828688162664,-9.6094313162663897e-06
0.69436127744510978,0.0052490234375,0.0052512247257744749,-2.2012882744748899e-06
0.69448602794411174,0.00054931640625,0.00054556749934708782,3.7489069029121753e-06
0.69461077844311381,-0.004241943359375,-0.0042380802805978132,-3.8630787771868139e-06
0.69473552894211577,-0.00836181640625,-0.0083746015834392402,1.2785177189240243e-05
0.69486027944111772,-0.01123046875,-0.011237685179169498,7.2164291694976762e-06
0.69498502994011979,-0.01239013671875,-0.012394654681142033,4.5179623920331424e-06
0.69510978043912175,-0.01165771484375,-0.011671854501985568,1.41396582355683e-05
0.69523453093812371,-0.009185791015625,-0.009180711792602941,-5.0792230220590012e-06
0.69535928143712578,-0.00531005859375,-0.0053005634816987272,-9.4951120512727638e-06
0.69548403193612773,-0.0006103515625,-0.00062089438311959658,1.0542820619596576e-05
0.69560878243512969,0.004150390625,0.0041482183916302304,2.1722333697696272e-06
0.69573353293413176,0.008270263671875,0.0082838494026129805,-1.3585730737980528e-05
0.69585828343313372,0.01116943359375,0.011159808747223273,9.6248465267269323e-06
0.69598303393213568,0.0123291015625,0.012341454778963458,-1.2353216463457939e-05
0.69610778443113774,0.01165771484375,0.011651380011656503,6.3348320934967367e-06
0.6962325349301397,0.009185791015625,0.0091960435016179513,-1.0252485992951269e-05
0.69635728542914177,0.005340576171875,0.0053493520954760567,-8.7759236010566746e-06
0.69648203592814373,0.000701904296875,0.00069572201518107619,6.1822816939238051e-06
0.69660678642714569,-0.004058837890625,-0.0040587088629709042,-1.2902765409578132e-07
0.69673153692614775,-0.0081787109375,-0.0081932290492361375,1.4518111736137526e-05
0.69685628742514971,-0.011077880859375,-0.011081803467208304,3.9226078333044756e-06
0.69698103792415167,-0.012298583984375,-0.012287864760169678,-1.0719224205322023e-05
0.69710578842315374,-0.011627197265625,-0.011630293143204122,3.0958775791220527e-06
0.6972305389221557,-0.00921630859375,-0.0092106132264558622,-5.6953672941378181e-06
0.69735528942115765,-0.005401611328125,-0.0053973243772336751,-4.2869508913249282e-06
0.69748003992015972,-0.000762939453125,-0.00076978236784210877,6.8429147171087659e-06
0.69760479041916168,0.00396728515625,0.0039698216984704569,-2.5365422204569332e-06
0.69772954091816364,0.00811767578125,0.0081030123420315001,1.4663439218499941e-05
0.69785429141716571,0.011016845703125,0.011003942536514927,1.2903166610072833e-05
0.69797904191616766,0.012237548828125,0.012234158556082364,3.3902720426356309e-06
0.69810379241516962,0.0115966796875,0.011608867806557276,-1.2188119057275973e-05
0.69822854291417169,0.00921630859375,0.0092246941043246568,-8.3855105746568487e-06
0.69835329341317365,0.00543212890625,0.0054447520579804795,-1.2623151730479544e-05
0.69847804391217561,0.0008544921875,0.00084334534623910359,1.1146841260896412e-05
0.69860279441117767,-0.003875732421875,-0.0038812889614230918,5.5565395480918454e-06
0.69872754491017963,-0.008026123046875,-0.0080129331567822242,-1.3189890092775783e-05
0.69885229540918159,-0.01092529296875,-0.010925961212888868,6.6824413886765188e-07
0.69897704590818366,-0.012176513671875,-0.012180072166888076,3.5584950130763959e-06
0.69910179640718562,-0.0115966796875,-0.011586839992910202,-9.8396945897982063e-06
0.69922654690618757,-0.009246826171875,-0.0092380213681178183,-8.8048037571817478e-06
0.69935129740518964,-0.0054931640625,-0.0054913689786732283,-1.795083826771661e-06
0.6994760479041916,-0.00091552734375,-0.00091614297735269031,6.1563360269031343e-07
0.69960079840319356,0.0037841796875,0.0037933805854812623,-9.2008979812622724e-06
0.69972554890219563,0.0079345703125,0.0079232632371363833,1.130707536361672e-05
0.69985029940119758,0.010833740234375,0.010848132625165744,-1.4392390790743739e-05
0.69997504990019965,0.012115478515625,0.012125879472249294,-1.0400956624294355e-05
0.70009980039920161,0.011566162109375,0.011564483585244903,1.6785241300967119e-06
0.70022455089820357,0.009246826171875,0.0092508681568542299,-4.0419849792298901e-06
0.70034930139720564,0.005523681640625,0.0055374469006185673,-1.3765259993567258e-05
0.70047405189620759,0.0009765625,0.00098844522044264061,-1.1882720442640609e-05
0.70059880239520955,-0.003692626953125,-0.0037058285642024829,1.3201611077482897e-05
0.70072355289421162,-0.007843017578125,-0.0078337363840943076,-9.2811940306924273e-06
0.70084830339321358,-0.010772705078125,-0.010770191962622624,-2.5131155023758872e-06
0.70097305389221554,-0.0120849609375,-0.012071316420559983,-1.364451694001699e-05
0.7010978043912176,-0.01153564453125,-0.011541534547477859,5.890016227859049e-06
0.70122255489021956,-0.00927734375,-0.0092629697047777217,-1.4374045222278337e-05
0.70134730538922152,-0.005584716796875,-0.0055827196945091723,-1.9971023658277298e-06
0.70147205588822359,-0.001068115234375,-0.0010599841560953655,-8.1310782796344908e-06
0.70159680638722555,0.003631591796875,0.0036189027619300297,1.2689034944970284e-05
0.7017215568862275,0.00775146484375,0.0077446242668128083,6.8405769371917419e-06
0.70184630738522957,0.01068115234375,0.010692412285703256,-1.1259941953256289e-05
0.70197105788423153,0.01202392578125,0.01201665683956245,7.2689416875503648e-06
0.70209580838323349,0.011505126953125,0.011518266734987164,-1.3139781862164107e-05
0.70222055888223556,0.00927734375,0.0092745991517841145,2.7445982158855187e-06
0.70234530938123751,0.005615234375,0.0056274591508313973,-1.2224775831397305e-05
0.70247005988023947,0.001129150390625,0.00113102979662402,-1.8794059990199802e-06
0.70259481037924154,-0.0035400390625,-0.0035323351033663556,-7.7039591336444321e-06
0.7027195608782435,-0.007659912109375,-0.007655660612096514,-4.251497278486005e-06
0.70284431137724546,-0.0106201171875,-0.010614528715390037,-5.5884721099630497e-06
0.70296906187624753,-0.011962890625,-0.011961636625603614,-1.2539993963864987e-06
0.70309381237524948,-0.011505126953125,-0.011494416083763864,-1.0710869361135744e-05
0.70321856287425155,-0.00927734375,-0.0092854917325138186,8.147982513818583e-06
0.70334331337325351,-0.00567626953125,-0.0056713991689215076,-4.8703623284924308e-06
0.70346806387225547,-0.001190185546875,-0.0012013142751204141,1.1128728245414065e-05
0.70359281437125754,0.003448486328125,0.0034463953844540412,2.0909436709588142e-06
0.70371756487025949,0.007568359375,0.0075671170151953831,1.2423598046169132e-06
0.70384231536926145,0.010528564453125,0.010536814243926163,-8.2497908011625043e-06
0.70396706586826352,0.01190185546875,0.011906529554257625,-4.6740855076249366e-06
0.70409181636726548,0.011474609375,0.011470256420942919,4.3529540570807351e-06
0.70421656686626743,0.009307861328125,0.0092959205868162025,1.1940741308797548e-05
0.7043413173652695,0.005706787109375,0.0057148115673853481,-8.0244580103481025e-06
0.70446606786427146,0.00128173828125,0.0012711076558757515,1.0630625374248451e-05
0.70459081836327342,-0.00335693359375,-0.0033608154619388254,3.8818681888253687e-06
0.70471556886227549,-0.007476806640625,-0.0074787271292957192,1.9204886707192143e-06
0.70484031936127745,-0.010467529296875,-0.010459003924185551,-8.5253726894492926e-06
0.7049650698602794,-0.0118408203125,-0.011851071469586942,1.0251157086941728e-05
0.70508982035928147,-0.011444091796875,-0.011445523653962154,1.4318570871543757e-06
0.70521457085828343,-0.009307861328125,-0.0093056209488056457,-2.2403793193542798e-06
0.70533932135728539,-0.005767822265625,-0.0057574302731281729,-1.0391992496827131e-05
0.70546407185628746,-0.0013427734375,-0.0013401421234445108,-2.6313140554891975e-06
0.70558882235528941,0.003265380859375,0.0032758650642638735,-1.0484204888873503e-05
0.70571357285429137,0.00738525390625,0.0073907624763382973,-5.5085700882973043e-06
0.70583832335329344,0.0103759765625,0.010381370680403014,-5.3941179030143199e-06
0.7059630738522954,0.011810302734375,0.011795536094766655,1.4766639608344845e-05
0.70608782435129736,0.01141357421875,0.011420491581097314,-6.9173623473139934e-06
0.70621257485029942,0.009307861328125,0.0093148659573454046,-7.0046292204046373e-06
0.70633732534930138,0.00579833984375,0.0057995271317679573,-1.1872880179572901e-06
0.70646207584830334,0.00140380859375,0.0014086877930339734,-4.8791992839733889e-06
0.70658682634730541,-0.003204345703125,-0.0031912759811172082,-1.3069722007791763e-05
0.70671157684630737,-0.007293701171875,-0.007302956636490005,9.2554646150050032e-06
0.70683632734530943,-0.01031494140625,-0.010303649497548507,-1.1291908701492603e-05
0.70696107784431139,-0.011749267578125,-0.011739659221350557,-9.6083567744428139e-06
0.70708582834331335,-0.011383056640625,-0.011394896080615637,1.1839439990637274e-05
0.70721057884231542,-0.00933837890625,-0.0093233908451380715,-1.4988061111928519e-05
0.70733532934131738,-0.005828857421875,-0.0058408360967088149,1.1978674833814859e-05
0.70746007984031933,-0.00146484375,-0.0014764768995537737,1.1633149553773705e-05
0.7075848303393214,0.00311279296875,0.0031073178743366001,5.4750944133998523e-06
0.70770958083832336,0.0072021484375,0.0072155810589741767,-1.3432621474176662e-05
0.70783433133732532,0.010223388671875,0.010226113232047,-2.7245601719998874e-06
0.70795908183632739,0.011688232421875,0.011683714519899663,4.5179019753371907e-06
0.70808383233532934,0.011383056640625,0.011369010921321676,1.4045719303324225e-05
0.7082085828343313,0.00933837890625,0.0093314687491683618,6.9101570816382241e-06
0.70833333333333337,0.005889892578125,0.0058816290395563697,8.2635385686303381e-06
0.70845808383233533,0.001556396484375,0.001543779608079368,1.2616876295631994e-05
0.70858283433133729,-0.003021240234375,-0.0030237224674544505,2.4822330794505368e-06
0.70870758483033935,-0.00714111328125,-0.0071283692515417135,-1.2744029708286475e-05
0.70883233532934131,-0.010162353515625,-0.010148496801179446,-1.3856714445554391e-05
0.70895708582834327,-0.011627197265625,-0.011627437729248563,2.4046362356346107e-07
0.70908183632734534,-0.0113525390625,-0.011342571951721061,-9.9671107789394559e-06
0.7092065868263473,-0.00933837890625,-0.0093388348997983615,4.5599354836153849e-07
0.70933133732534925,-0.00592041015625,-0.0059216399391561749,1.2297829061749463e-06
0.70945608782435132,-0.001617431640625,-0.0016103282028546158,-7.1034377703842362e-06
0.70958083832335328,0.0029296875,0.0029407593566027419,-1.1071856602741948e-05
0.70970558882235524,0.007049560546875,0.0070415925913030241,7.9679555719759307e-06
0.70983033932135731,0.01007080078125,0.01007107299379232,-2.7221254231962755e-07
0.70995508982035926,0.011566162109375,0.011571102467143867,-4.9403577688667683e-06
0.71007984031936133,0.011322021484375,0.011315852910562182,6.168573812817546e-06
0.71020459081836329,0.00933837890625,0.0093457624312566594,-7.3835250066593694e-06
0.71032934131736525,0.005950927734375,0.0059611406920080361,-1.0212957633036132e-05
0.71045409181636732,0.001678466796875,0.0016763928977354013,2.0738991395987186e-06
0.71057884231536927,-0.00286865234375,-0.0028581602000579717,-1.0492143692028295e-05
0.71070359281437123,-0.0069580078125,-0.0069549845142006838,-3.0232982993162391e-06
0.7108283433133733,-0.009979248046875,-0.0099935766596908632,1.4328612815863243e-05
0.71095309381237526,-0.011505126953125,-0.011514444419511579,9.3174663865786683e-06
0.71107784431137722,-0.01129150390625,-0.011288589616005906,-2.9142902440940782e-06
0.71120259481037928,-0.00933837890625,-0.0093519865707074757,1.3607664457475702e-05
0.71132734530938124,-0.006011962890625,-0.0059998653013672411,-1.2097589257758883e-05
0.7114520958083832,-0.001739501953125,-0.0017417060252418899,2.2040721168899418e-06
0.71157684630738527,0.002777099609375,0.0027761945291461159,9.0508022888412948e-07
0.71170159680638723,0.006866455078125,0.0068688163258429288,-2.3612477179288383e-06
0.71182634730538918,0.009918212890625,0.0099162805203616994,1.9323702633005507e-06
0.71195109780439125,0.011444091796875,0.011457737151092726,-1.3645354217725961e-05
0.71207584830339321,0.011260986328125,0.011261055776163325,-6.9448038325300998e-08
0.71220059880239517,0.009368896484375,0.0093577804487305159,1.1116035644484143e-05
0.71232534930139724,0.00604248046875,0.0060380856876199249,4.3947811300751316e-06
0.71245009980039919,0.001800537109375,0.0018065378469769098,-6.0007376019098179e-06
0.71257485029940115,-0.002685546875,-0.0026945939377875424,9.0470627875424009e-06
0.71269960079840322,-0.00677490234375,-0.0067828213909820649,7.9190472320649422e-06
0.71282435129740518,-0.00982666015625,-0.0098389193583800754,1.2259202130075406e-05
0.71294910179640714,-0.01141357421875,-0.011400716294723471,-1.2857924026528703e-05
0.71307385229540921,-0.01123046875,-0.011232987178287848,2.5184282878478598e-06
0.71319860279441116,-0.009368896484375,-0.0093628792884231024,-6.0171959518975915e-06
0.71332335329341312,-0.006072998046875,-0.0060755358773688191,2.537830493819053e-06
0.71344810379241519,-0.001861572265625,-0.0018706207426851021,9.0484770601021412e-06
0.71357285429141715,0.00262451171875,0.0026136278934019417,1.0883825348058287e-05
0.71369760479041922,0.006683349609375,0.006697270944332403,-1.3921334957403032e-05
0.71382235528942117,0.009765625,0.0097617658281270621,3.859171872937911e-06
0.71394710578842313,0.0113525390625,0.011343655361975184,8.8837005248164347e-06
0.7140718562874252,0.011199951171875,0.011204657499304977,-4.7063274299773833e-06
0.71419660678642716,0.009368896484375,0.0093675562158674116,1.3402685075884074e-06
0.71432135728542911,0.006103515625,0.0061124878138528009,-8.9721888528009053e-06
0.71444610778443118,0.001922607421875,0.0019342250206677131,-1.1617598792713121e-05
0.71457085828343314,-0.002532958984375,-0.0025330279264531904,6.8942078190400991e-08
0.7146956087824351,-0.006622314453125,-0.0066118982800671272,-1.0416173057872791e-05
0.71482035928143717,-0.009674072265625,-0.0096845546451748751,1.0482379549875062e-05
0.71494510978043913,-0.01129150390625,-0.011286289932427486,-5.2139738225143867e-06
0.71506986027944108,-0.01116943359375,-0.011175802495003221,6.3689012532210099e-06
0.71519461077844315,-0.009368896484375,-0.0093715464492394804,2.6499648644803808e-06
0.71531936127744511,-0.006134033203125,-0.0061486755460124993,1.464234288749925e-05
0.71544411177644707,-0.001983642578125,-0.0019970831068690429,1.3440528744042887e-05
0.71556886227544914,0.00244140625,0.0024530634413592635,-1.1657191359263491e-05
0.71569361277445109,0.00653076171875,0.0065269745626589512,3.7871560910488281e-06
0.71581836327345305,0.009613037109375,0.0096075583970422276,5.4787123327723619e-06
0.71594311377245512,0.01123046875,0.011228893464319123,1.5752856808767118e-06
0.71606786427145708,0.011138916015625,0.011146695810579347,-7.7797949543465666e-06
0.71619261477045904,0.009368896484375,0.0093751231092800858,-6.2266249050858119e-06
0.7163173652694611,0.006195068359375,0.0061843710389172654,1.0697320457734617e-05
0.71644211576846306,0.002044677734375,0.0020594653552465118,-1.4787620871511802e-05
0.71656686626746502,-0.00238037109375,-0.0023734659060116107,-6.9051877383892631e-06
0.71669161676646709,-0.006439208984375,-0.0064422330163187626,3.0240319437626478e-06
0.71681636726546905,-0.009521484375,-0.0095305117325827707,9.0273575827706787e-06
0.716941117764471,-0.01116943359375,-0.01117120148382794,1.7678900779399126e-06
0.71706586826347307,-0.0111083984375,-0.011117073169826776,8.6747323267757914e-06
0.71719061876247503,-0.009368896484375,-0.0093780214084073898,9.1249240323897779e-06
0.7173153692614771,-0.0062255859375,-0.0062193083628292838,-6.2775746707162405e-06
0.71744011976047906,-0.00213623046875,-0.0021211042368793811,-1.5126231870618914e-05
0.71756487025948101,0.002288818359375,0.0022945046627306214,-5.686303355621411e-06
0.71768962075848308,0.00634765625,0.0063579447358759521,-1.0288485875952109e-05
0.71781437125748504,0.00946044921875,0.0094536871727067644,6.7620460432356311e-06
0.717939121756487,0.0111083984375,0.011113487395717766,-5.0889582177658654e-06
0.71806387225548907,0.011077880859375,0.011087208185685997,-9.3273263109972665e-06
0.71818862275449102,0.009368896484375,0.0093805144611914665,-1.161797681646648e-05
0.71831337325349298,0.006256103515625,0.0062537595036549773,2.3440119700226733e-06
0.71843812375249505,0.002197265625,0.0021822701503864585,1.4995474613541462e-05
0.71856287425149701,-0.002227783203125,-0.0022159111177645014,-1.1872085360498628e-05
0.71868762475049897,-0.00628662109375,-0.0062738428762354279,-1.2778217514572074e-05
0.71881237524950103,-0.009368896484375,-0.0093768192997971921,7.9228154221920588e-06
0.71893712574850299,-0.01104736328125,-0.011055486672626069,8.1233913760692111e-06
0.71906187624750495,-0.01104736328125,-0.011056836549436783,9.473268186782971e-06
0.71918662674650702,-0.009368896484375,-0.0093823374734677053,1.3440989092705288e-05
0.71931137724550898,-0.00628662109375,-0.0062874585519730949,8.3745822309494455e-07
0.71943612774451093,-0.002227783203125,-0.0022426956109697425,1.4912407844742525e-05
0.719560878243513,0.00213623046875,0.0021379545521990231,-1.724083449023122e-06
0.71968562874251496,0.006195068359375,0.0061901984632209009,4.8698961540990723e-06
0.71981037924151692,0.009307861328125,0.0093001805684452647,7.6807596797352773e-06
0.71993512974051899,0.010986328125,0.010997472665713517,-1.1144540713516754e-05
0.72005988023952094,0.011016845703125,0.011026231841252444,-9.3861381274436273e-06
0.7201846307385229,0.009368896484375,0.0093837635528291555,-1.4867068454155544e-05
0.72030938123752497,0.006317138671875,0.0063206775135063661,-3.5388416313661408e-06
0.72043413173652693,0.002288818359375,0.0023026510608344852,-1.3832701459485196e-05
0.720558882235529,-0.0020751953125,-0.0020603663115271002,-1.482900097289977e-05
0.72068363273453095,-0.006103515625,-0.0061067445830544969,3.2289580544969318e-06
0.72080838323353291,-0.00921630859375,-0.0092235054948438464,7.1969010938463529e-06
0.72093313373253498,-0.01092529296875,-0.010939180793956078,1.3887825206077703e-05
0.72105788423153694,-0.010986328125,-0.010995129719395895,8.8015943958946047e-06
0.7211826347305389,-0.0093994140625,-0.0093845278977179904,-1.4886164782009631e-05
0.72130738522954096,-0.00634765625,-0.0063531504981908784,5.4942481908784244e-06
0.72143213572854292,-0.002349853515625,-0.002361869058299877,1.2015542674877026e-05
0.72155688622754488,0.001983642578125,0.0019834156165329064,2.2696159209358371e-07
0.72168163672654695,0.006011962890625,0.0060237521931970099,-1.1789302572009878e-05
0.72180638722554891,0.0091552734375,0.0091470664675395337,8.2069699604662982e-06
0.72193113772455086,0.010894775390625,0.010880884354792741,1.3891035832259285e-05
0.72205588822355293,0.010955810546875,0.010963803730776805,-7.9931839018047846e-06
0.72218063872255489,0.0093994140625,0.0093849036079329453,1.4510454567054701e-05
0.72230538922155685,0.006378173828125,0.0063851495305947406,-6.9757024697405731e-06
0.72243013972055892,0.002410888671875,0.0024206200881753768,-9.7314163003767856e-06
0.72255489021956087,-0.00189208984375,-0.0019068337528410665,1.4743909091066536e-05
0.72267964071856283,-0.005950927734375,-0.0059409543118287313,-9.9734225462687343e-06
0.7228043912175649,-0.009063720703125,-0.0090705979368257712,6.8772337007711598e-06
0.72292914171656686,-0.010833740234375,-0.010822318713430552,-1.1421520944448343e-05
0.72305389221556882,-0.01092529296875,-0.010931989500155861,6.6965314058607672e-06
0.72317864271457089,-0.0093994140625,-0.0093846258737494657,-1.4788188750534254e-05
0.72330339321357284,-0.00640869140625,-0.006416408738991239,7.7173327412390427e-06
0.7234281437125748,-0.002471923828125,-0.002478636750858004,6.7129227330040182e-06
0.72355289421157687,0.0018310546875,0.0018308898818206966,1.6480567930341784e-07
0.72367764471057883,0.005859375,0.0058586218286908976,7.5317130910235869e-07
0.72380239520958078,0.009002685546875,0.0089943722254973851,8.3133213776148684e-06
0.72392714570858285,0.010772705078125,0.01076375711349156,8.9479646334395674e-06
0.72405189620758481,0.010894775390625,0.010899960540697747,-5.1851500727471966e-06
0.72417664670658688,0.009368896484375,0.0093839677863914849,-1.5071302016484919e-05
0.72430139720558884,0.006439208984375,0.0064472001658344852,-7.991181459485186e-06
0.72442614770459079,0.002532958984375,0.0025361895727309797,-3.2305883559797209e-06
0.72455089820359286,-0.00177001953125,-0.00175531523012925,-1.4704301120750012e-05
0.72467564870259482,-0.005767822265625,-0.0057764876945676979,8.6654289426979156e-06
0.72480039920159678,-0.0089111328125,-0.0089181237182461518,6.9909057461518126e-06
0.72492514970059885,-0.010711669921875,-0.010704934866311378,-6.7350555636221804e-06
0.72504990019960081,-0.0108642578125,-0.010867452443182799,3.1946306827991544e-06
0.72517465069860276,-0.009368896484375,-0.0093826645271720358,1.376804279703582e-05
0.72529940119760483,-0.0064697265625,-0.0064772579567977766,7.531394297776578e-06
0.72542415169660679,-0.002593994140625,-0.0025930111952818394,-9.8294534316058918e-07
0.72554890219560875,0.001678466796875,0.0016803789006162302,-1.9121037412301971e-06
0.72567365269461082,0.005706787109375,0.0056948227321288406,1.1964377246159383e-05
0.72579840319361277,0.00885009765625,0.0088421246724177515,7.9729838322484953e-06
0.72592315369261473,0.010650634765625,0.010646125161603391,4.5096040216085348e-06
0.7260479041916168,0.010833740234375,0.010834738686571296,-9.9845219629635107e-07
0.72617265469061876,0.009368896484375,0.0093809891779663823,-1.209269359138225e-05
0.72629740518962072,0.006500244140625,0.0065068541712356345,-6.6100306106344625e-06
0.72642215568862278,0.002655029296875,0.002649372185483289,5.6571113917110172e-06
0.72654690618762474,-0.001617431640625,-0.0016058120618667095,-1.1619578758290464e-05
0.7266716566866267,-0.005615234375,-0.0056133598254126775,-1.8745495873224993e-06
0.72679640718562877,-0.008758544921875,-0.0087661094074127088,7.5644855377088316e-06
0.72692115768463073,-0.010589599609375,-0.010587063256760147,-2.5363526148531462e-06
0.72704590818363268,-0.01080322265625,-0.010801554827207575,-1.6678290424253228e-06
0.72717065868263475,-0.009368896484375,-0.0093786769103687013,9.7804259937012833e-06
0.72729540918163671,-0.00653076171875,-0.00653572297126233,4.9612525123299972e-06
0.72742015968063867,-0.002716064453125,-0.0027050052248885231,-1.1059228236476922e-05
0.72754491017964074,0.00152587890625,0.0015318837591046792,-6.0048528546792317e-06
0.72766966067864269,0.005523681640625,0.0055323697306698541,-8.6880900448541368e-06
0.72779441117764476,0.008697509765625,0.0086903501154338252,7.1596501911748434e-06
0.72791916167664672,0.010528564453125,0.010528022287511615,5.421656133850622e-07
0.72804391217564868,0.010772705078125,0.010768174309388947,4.5307687360530979e-06
0.72816866267465075,0.009368896484375,0.0093760007961584905,-7.1043117834904829e-06
0.7282934131736527,0.006561279296875,0.0065641364321960992,-2.857135321099151e-06
0.72841816367265466,0.00274658203125,0.002760180920058016,-1.3598888808015984e-05
0.72854291417165673,-0.00146484375,-0.0014583251037410766,-6.5186462589233909e-06
0.72866766467065869,-0.005462646484375,-0.00545158526584749,-1.1061218527510033e-05
0.72879241516966065,-0.00860595703125,-0.0086145810509012811,8.6240196512810813e-06
0.72891716566866271,-0.010467529296875,-0.010468737457229324,1.2081603543243752e-06
0.72904191616766467,-0.0107421875,-0.010734332654583019,-7.85484541698106e-06
0.72916666666666663,-0.009368896484375,-0.0093726959964477441,3.7995120727440934e-06
0.7292914171656687,-0.006591796875,-0.0065918287316446989,3.1856644698916026e-08
0.72941616766467066,-0.0028076171875,-0.0028146319916320839,7.0148041320839023e-06
0.72954091816367261,0.001373291015625,0.0013854050842522798,-1.2114068627279775e-05
0.72966566866267468,0.00537109375,0.0053712771214381241,-1.8337143812413581e-07
0.72979041916167664,0.008544921875,0.0085390743412173155,5.8475337826845164e-06
0.7299151696606786,0.010406494140625,0.01040948184759747,-2.9877069724695837e-06
0.73003992015968067,0.010711669921875,0.010700303271993483,1.1366649881517157e-05
0.73016467065868262,0.009368896484375,0.0093690355721743907,-1.3908779939071636e-07
0.73028942115768458,0.006622314453125,0.0066190719599524923,3.2424931725076947e-06
0.73041417165668665,0.00286865234375,0.002868629084764374,2.3258985625950607e-08
0.73053892215568861,-0.001312255859375,-0.0013128547557717158,5.9889639671584401e-07
0.73066367265469057,-0.005279541015625,-0.0052911780499435923,1.1637034318592344e-05
0.73078842315369263,-0.008453369140625,-0.0084635641761419342,1.0195035516934181e-05
0.73091317365269459,-0.010345458984375,-0.0103499906079221,4.5316235470996974e-06
0.73103792415169666,-0.01068115234375,-0.010665821647778304,-1.5330695971696104e-05
0.73116267465069862,-0.009368896484375,-0.0093647546732399684,-4.1418111350315784e-06
0.73128742514970058,-0.00665283203125,-0.0066456003092888981,-7.2317219611019168e-06
0.73141217564870264,-0.0029296875,-0.0029219049581915347,-7.7825418084652952e-06
0.7315369261477046,0.001251220703125,0.0012409430509483094,1.0277652176690633e-05
0.73166167664670656,0.005218505859375,0.0052115586767632902,6.9471826117098109e-06
0.73178642714570863,0.008392333984375,0.0083883226185866092,4.0113657883908416e-06
0.73191117764471059,0.010284423828125,0.010290536765788763,-6.112937663763432e-06
0.73203592814371254,0.0106201171875,0.010631161155625605,-1.10439681256045e-05
0.73216067864271461,0.009368896484375,0.0093601263490092051,8.7701353657949205e-06
0.73228542914171657,0.006683349609375,0.0066716858840983797,1.166372527662031e-05
0.73241017964071853,0.002960205078125,0.0029747302946919901,-1.4525216566990077e-05
0.7325349301397206,-0.00115966796875,-0.0011694009694937879,9.7330007437878945e-06
0.73265968063872255,-0.005126953125,-0.0051321516896419709,5.1985646419708612e-06
0.73278443113772451,-0.00830078125,-0.0083130837940041981,1.2302544004198085e-05
0.73290918163672658,-0.010223388671875,-0.010230855416386251,7.4667445112506364e-06
0.73303393213572854,-0.010589599609375,-0.010596057245971888,6.4576365968876948e-06
0.7331586826347305,-0.009368896484375,-0.0093548857374512063,-1.4010746923793713e-05
0.73328343313373257,-0.006683349609375,-0.0066970628901880198,1.3713280813019806e-05
0.73340818363273452,-0.003021240234375,-0.0030268378901151935,5.5976557401934621e-06
0.73353293413173648,0.0010986328125,0.0010984973891040963,1.3542339590368914e-07
0.73365768463073855,0.00506591796875,0.0050532276495205983,1.2690319229401691e-05
0.73378243512974051,0.00823974609375,0.0082381197011579168,1.6263925920832062e-06
0.73390718562874246,0.010162353515625,0.010171219533172576,-8.8660175475759745e-06
0.73403193612774453,0.01055908203125,0.010560783256582194,-1.7012253321936621e-06
0.73415668662674649,0.00933837890625,0.0093493058756425346,-1.0926969392534638e-05
0.73428143712574845,0.0067138671875,0.0067220034451992185,-8.1362576992184688e-06
0.73440618762475052,0.003082275390625,0.0030784984638611091,3.7769267638909296e-06
0.73453093812375247,-0.00103759765625,-0.0010279632550057659,-9.6344012442341372e-06
0.73465568862275454,-0.004974365234375,-0.0049745191800446668,1.5394566966683843e-07
0.7347804391217565,-0.008148193359375,-0.0081631644015284083,1.4971042153408276e-05
0.73490518962075846,-0.010101318359375,-0.01011136415719022,1.0045797815220331e-05
0.73502994011976053,-0.010528564453125,-0.010525074601771529,-3.4898513534709769e-06
0.73515469061876249,-0.00933837890625,-0.0093431218889119434,4.7429826619434234e-06
0.73527944111776444,-0.006744384765625,-0.0067462417676642968,1.8570020392967568e-06
0.73540419161676651,-0.003143310546875,-0.0031294448479532544,-1.3865698921745623e-05
0.73552894211576847,0.000946044921875,0.00095806739081415453,-1.2022468939154531e-05
0.73565369261477043,0.0048828125,0.0048962967783946366,-1.3484278394636576e-05
0.7357784431137725,0.008087158203125,0.0080884898300818738,-1.3316269568738187e-06
0.73590319361277445,0.010040283203125,0.010051562207741662,-1.1279004616662411e-05
0.73602794411177641,0.010498046875,0.010489204582990777,8.8422920092225826e-06
0.73615269461077848,0.00933837890625,0.009336606801344698,1.7721049053020382e-06
0.73627744510978044,0.00677490234375,0.0067700499874962473,4.8523562537526946e-06
0.7364021956087824,0.003173828125,0.0031799477974592222,-6.1196724592221634e-06
0.73652694610778446,-0.000885009765625,-0.00088854068812273561,3.530922497735605e-06
0.73665169660678642,-0.00482177734375,-0.004818293004778069,-3.4843389719310322e-06
0.73677644710578838,-0.008026123046875,-0.0080138299846792341,-1.2293062195765925e-05
0.73690119760479045,-0.009979248046875,-0.0099915486717064052,1.2300624831405177e-05
0.73702594810379241,-0.010467529296875,-0.010452908578047619,-1.462071882738121e-05
0.73715069860279436,-0.00933837890625,-0.0093294957249418862,-8.8831813081138161e-06
0.73727544910179643,-0.006805419921875,-0.006793162335081768,-1.2257586793231953e-05
0.73740019960079839,-0.00323486328125,-0.0032297401795663349,-5.123101683665067e-06
0.73752495009980035,0.000823974609375,0.00081965191737996281,4.3226919950371898e-06
0.73764970059880242,0.004730224609375,0.0047407782932779221,-1.0553683902922092e-05
0.73777445109780437,0.0079345703125,0.0079394567368463557,-4.88642434635575e-06
0.73789920159680644,0.009918212890625,0.0099315964142210004,-1.3383523596000382e-05
0.7380239520958084,0.010406494140625,0.010416459851697908,-9.9657110729078208e-06
0.73814870259481036,0.009307861328125,0.009322061670108293,-1.4200341983293049e-05
0.73827345309381243,0.006805419921875,0.0068158509517215853,-1.0431029846585255e-05
0.73839820359281438,0.003265380859375,0.0032790927840634959,-1.3711924688495931e-05
0.73852295409181634,-0.000762939453125,-0.00075113191743467417,-1.1807535690325829e-05
0.73864770459081841,-0.004669189453125,-0.0046634851413412349,-5.7043117837650772e-06
0.73877245508982037,-0.00787353515625,-0.0078651040211852978,-8.4311350647021943e-06
0.73889720558882233,-0.009857177734375,-0.0098714403679917174,1.4262633616717382e-05
0.73902195608782439,-0.0103759765625,-0.010379593744873785,3.6171823737853742e-06
0.73914670658682635,-0.009307861328125,-0.0093140397348241508,6.1784066991508318e-06
0.73927145708582831,-0.0068359375,-0.0068378500787453179,1.9125787453179097e-06
0.73939620758483038,-0.003326416015625,-0.0033277385123774302,1.3224967524302043e-06
0.73952095808383234,0.00067138671875,0.0006832494064364042,-1.1862687686404203e-05
0.73964570858283429,0.00457763671875,0.0045866839206281816,-9.0472018781815808e-06
0.73977045908183636,0.007781982421875,0.0077910436461496825,-9.0612242746824709e-06
0.73989520958083832,0.009796142578125,0.0098113533439908585,-1.5210765865858455e-05
0.74001996007984028,0.010345458984375,0.010342583485272908,2.8754991020923937e-06
0.74014471057884235,0.009307861328125,0.0093057029151559761,2.158412969023929e-06
0.7402694610778443,0.006866455078125,0.0068594318679692963,7.0232101557037019e-06
0.74039421157684626,0.003387451171875,0.0033759481880382925,1.1502983836707455e-05
0.74051896207584833,-0.0006103515625,-0.00061573517137534801,5.3836088753480074e-06
0.74064371257485029,-0.0045166015625,-0.0045101070665015067,-6.4944959984932632e-06
0.74076846307385225,-0.007720947265625,-0.0077170094834423707,-3.9377821826292944e-06
0.74089321357285431,-0.009765625,-0.0097510702207665532,-1.4554779233446821e-05
0.74101796407185627,-0.01031494140625,-0.010305164376590868,-9.7770296591317973e-06
0.74114271457085823,-0.009307861328125,-0.0092967862944032809,-1.1075033721719141e-05
0.7412674650698603,-0.006866455078125,-0.0068803305707995982,1.3875492674598165e-05
0.74139221556886226,-0.00341796875,-0.0034234547457588486,5.4859957588485921e-06
0.74151696606786432,0.00054931640625,0.00054885787898670409,4.5852726329590528e-07
0.74164171656686628,0.004425048828125,0.0044340248888763197,-8.9760607513197227e-06
0.74176646706586824,0.00762939453125,0.0076432732788208491,-1.3878747570849129e-05
0.74189121756487031,0.00970458984375,0.0096908637551284746,1.3726088621525412e-05
0.74201596806387227,0.01025390625,0.010267609609117944,-1.3703359117944042e-05
0.74214071856287422,0.00927734375,0.0092875628536138091,-1.0219103613809052e-05
0.74226546906187629,0.00689697265625,0.0069008183486964792,-3.8456924464792125e-06
0.74239021956087825,0.00347900390625,0.0034705290418792297,8.4748643707703401e-06
0.74251497005988021,-0.00048828125,-0.00048234826526658361,-5.932984733416388e-06
0.74263972055888228,-0.004364013671875,-0.0043581697617144444,-5.8439101605555974e-06
0.74276447105788423,-0.007568359375,-0.0075695688414813122,1.2094664813121908e-06
0.74288922155688619,-0.0096435546875,-0.0096304687714799143,-1.3085916020085658e-05
0.74301397205588826,-0.010223388671875,-0.010229654448971988,6.2657770969875431e-06
0.74313872255489022,-0.00927734375,-0.0092777676607603572,4.2391076035715181e-07
0.74326347305389218,-0.006927490234375,-0.0069206294622802967,-6.8607720947033018e-06
0.74338822355289425,-0.003509521484375,-0.003516904043452623,7.3825590776229605e-06
0.7435129740518962,0.00042724609375,0.0004164749464177679,1.0771147332232103e-05
0.74363772455089816,0.0042724609375,0.0042828119338537791,-1.0350996353779111e-05
0.74376247504990023,0.00750732421875,0.007496167854853554,1.1156363896445975e-05
0.74388722554890219,0.00958251953125,0.0095701579725069909,1.2361558743009121e-05
0.74401197604790414,0.01019287109375,0.01019157204869763,1.2990450523695657e-06
0.74413672654690621,0.00927734375,0.0092676736812407606,9.6700687592394391e-06
0.74426147704590817,0.006927490234375,0.0069400360817988525,-1.2545847423852535e-05
0.74438622754491013,0.003570556640625,0.0035628506386919693,7.7060019330306775e-06
0.7445109780439122,-0.0003662109375,-0.00035096860834152533,-1.5242329158474675e-05
0.74463572854291415,-0.00421142578125,-0.0042076837185412849,-3.7420627087151118e-06
0.74476047904191611,-0.007415771484375,-0.0074228040659992233,7.032581624223308e-06
0.74488522954091818,-0.009521484375,-0.0095096661284931223,-1.1818246506877655e-05
0.74500998003992014,-0.010162353515625,-0.010153097636504363,-9.2558791206370783e-06
0.74513473053892221,-0.009246826171875,-0.0092570159670500862,1.0189795175086225e-05
0.74525948103792417,-0.0069580078125,-0.006958772476236239,7.6466373623903378e-07
0.74538423153692612,-0.00360107421875,-0.0036081018260576193,7.0276073076192859e-06
0.74550898203592819,0.000274658203125,0.00028609781756386754,-1.1439614438867539e-05
0.74563373253493015,0.004119873046875,0.0041330553042460971,-1.3182257371097128e-05
0.74575848303393211,0.007354736328125,0.0073497490964213822,4.9872317036177977e-06
0.74588323353293418,0.00946044921875,0.0094492658880251275,1.1183330724872514e-05
0.74600798403193613,0.010101318359375,0.010114504326869266,-1.3185967494265885e-05
0.74613273453093809,0.009246826171875,0.0092460674673023411,7.5870457265890534e-07
0.74625748502994016,0.006988525390625,0.0069771108237830981,1.1414566841901931e-05
0.74638223552894212,0.003662109375,0.0036529285247060106,9.1808502939894239e-06
0.74650698602794407,-0.000213623046875,-0.00022159321074568229,7.9701638706822892e-06
0.74663173652694614,-0.004058837890625,-0.0040586589441551539,-1.7894646984605717e-07
0.7467564870259481,-0.00726318359375,-0.0072767366314551735,1.3553037705173535e-05
0.74688123752495006,-0.0093994140625,-0.0093886919673169273,-1.0722095183072697e-05
0.74700598802395213,-0.01007080078125,-0.010075527309777847,4.7265285278465241e-06
0.74713073852295409,-0.009246826171875,-0.0092345632173958681,-1.226295447913188e-05
0.74725548902195604,-0.006988525390625,-0.006994785400948356,6.260010323356005e-06
0.74738023952095811,-0.003692626953125,-0.0036970637635750552,4.43681045005518e-06
0.74750499001996007,0.000152587890625,0.00015772330562631773,-5.1354150013177319e-06
0.74762974051896203,0.003997802734375,0.0039847647670417487,1.3037967333251292e-05
0.7477544910179641,0.0072021484375,0.0072040382310507509,-1.8897935507508623e-06
0.74787924151696605,0.00933837890625,0.0093282169609041638,1.0161945345836185e-05
0.74800399201596801,0.010040283203125,0.010036439661329236,3.8435417957644047e-06
0.74812874251497008,0.00921630859375,0.0092227761495404913,-6.4675557904913389e-06
0.74825349301397204,0.00701904296875,0.0070120683930323937,6.9745757176062698e-06
0.74837824351297411,0.003753662109375,0.0037407784918518485,1.2883617523151529e-05
0.74850299401197606,-9.1552734375e-05,-9.4218690519130616e-05,2.6659561441306156e-06
0.74862774451097802,-0.00390625,-0.0039111049667615739,4.8549667615738895e-06
0.74875249500998009,-0.00714111328125,-0.0071313875192099471,-9.725762040052946e-06
0.74887724550898205,-0.00927734375,-0.0092675755309786327,-9.7682190213672915e-06
0.74900199600798401,-0.010009765625,-0.0099969765329819323,-1.2789092018067674e-05
0.74912674650698607,-0.00921630859375,-0.0092104412819245356,-5.867311825464433e-06
0.74925149700598803,-0.00701904296875,-0.0070286940832417072,9.6511144917071912e-06
0.74937624750498999,-0.0037841796875,-0.003783805768042913,-3.7391945708698318e-07
0.74950099800399206,3.0517578125e-05,3.1347835212996105e-05,-8.3025708799610502e-07
0.74962574850299402,0.00384521484375,0.0038379496130672174,7.2652306827825607e-06
0.74975049900199597,0.007049560546875,0.0070590559947552806,-9.4954478802805956e-06
0.74987524950099804,0.00921630859375,0.0092070402180840782,9.2683756659217575e-06
0.75,0.00994873046875,0.0099574109621614476,-8.6804934114476096e-06
0.75012475049900196,0.009185791015625,0.009197831529254125,-1.2040513629124963e-05
0.75024950099800403,0.007049560546875,0.0070449346631617921,4.6258837132079345e-06
0.75037425149700598,0.003814697265625,0.0038264165704229585,-1.1719304797958453e-05
0.75049900199600794,3.0517578125e-05,3.1158719473170781e-05,-6.4114134817078064e-07
0.75062375249501001,-0.003753662109375,-0.0037650308411425544,1.1368731767554419e-05
0.75074850299401197,-0.006988525390625,-0.0069867772207556243,-1.7481698693757111e-06
0.75087325349301393,-0.0091552734375,-0.0091463456304533095,-8.9278070466904808e-06
0.75099800399201599,-0.009918212890625,-0.0099174780615095253,-7.3482911547469165e-07
0.75112275449101795,-0.009185791015625,-0.0091846818919076954,-1.1091237173046359e-06
0.75124750499001991,-0.007049560546875,-0.0070605244218906685,1.0963875015668548e-05
0.75137225548902198,-0.003875732421875,-0.003868343986166296,-7.3884357087040248e-06
0.75149700598802394,-9.1552734375e-05,-9.3032550790216821e-05,1.4798164152168207e-06
0.75162175648702589,0.003692626953125,0.0036926186624344839,8.2906905160551325e-09
0.75174650698602796,0.006927490234375,0.0069148226353096575,1.2667599065342532e-05
0.75187125748502992,0.00909423828125,0.0090857642547067432,8.4740265432568102e-06
0.75199600798403199,0.0098876953125,0.0098774508294950936,1.0244483004906435e-05
0.75212075848303395,0.009185791015625,0.0091712652664858122,1.4525749139187791e-05
0.7522455089820359,0.007080078125,0.0070757355564859299,4.3425685140700832e-06
0.75237025948103797,0.00390625,0.0039098590217595229,-3.6090217595229068e-06
0.75249500998003993,0.000152587890625,0.00015454316456394926,-1.9552739389492604e-06
0.75261976047904189,-0.003631591796875,-0.0036204451541500204,-1.1146642724979648e-05
0.75274451097804396,-0.0068359375,-0.0068429257409700602,6.9882409700601847e-06
0.75286926147704591,-0.009033203125,-0.0090250306451921947,-8.1724798078053329e-06
0.75299401197604787,-0.00982666015625,-0.0098370643396664594,1.040418341645942e-05
0.75311876247504994,-0.0091552734375,-0.0091573166349844994,2.0431974844994233e-06
0.7532435129740519,-0.007080078125,-0.0070903023611140611,1.0224236114061112e-05
0.75336826347305386,-0.003936767578125,-0.0039506947921182489,1.3927213993248852e-05
0.75349301397205593,-0.000213623046875,-0.00021542218425493233,1.7991373799323279e-06
0.75361776447105788,0.0035400390625,0.0035487802701094657,-8.7412076094656871e-06
0.75374251497005984,0.00677490234375,0.0067713579155286334,3.5444282213666425e-06
0.75386726546906191,0.00897216796875,0.0089644172346878947,7.7507340621053161e-06
0.75399201596806387,0.009796142578125,0.0097965915512660314,-4.4897314103141406e-07
0.75411676646706582,0.0091552734375,0.0091431088753257082,1.2164562174291765e-05
0.75424151696606789,0.007110595703125,0.0071044970375287687,6.0986655962312966e-06
0.75436626746506985,0.003997802734375,0.0039911223310396286,6.6804033353714057e-06
0.75449101796407181,0.000274658203125,0.00027593916144654336,-1.2809583215433649e-06
0.75461576846307388,-0.00347900390625,-0.0034773560302397187,-1.6478760102812615e-06
0.75474051896207583,-0.0067138671875,-0.0066998526014421522,-1.4014586057847778e-05
0.75486526946107779,-0.0089111328125,-0.0089036585237358742,-7.4742887641258277e-06
0.75499001996007986,-0.009765625,-0.0097557674984855638,-9.8575015144361511e-06
0.75511477045908182,-0.009124755859375,-0.0091283769505348146,3.6210911598145989e-06
0.75523952095808389,-0.007110595703125,-0.0071180538841788769,7.4581810538768695e-06
0.75536427145708585,-0.0040283203125,-0.0040308747803001529,2.5544678001528792e-06
0.7554890219560878,-0.000335693359375,-0.00033582576494633711,1.3240557133711211e-07
0.75561377245508987,0.00341796875,0.0034064423314319873,1.1526418568012699e-05
0.75573852295409183,0.006622314453125,0.0066286811166191249,-6.36666349412493e-06
0.75586327345309379,0.00885009765625,0.0088430268913638494,7.0707648861505906e-06
0.75598802395209586,0.00970458984375,0.0097148651010832993,-1.0275257333299329e-05
0.75611277445109781,0.009124755859375,0.0091133937192954418,1.13621400795582e-05
0.75623752495009977,0.00714111328125,0.0071312451067056257,9.868174544374296e-06
0.75636227544910184,0.004058837890625,0.0040702232001144497,-1.1385309489449734e-05
0.7564870259481038,0.000396728515625,0.000395351591252421,1.3769243725790048e-06
0.75661177644710575,-0.003326416015625,-0.0033357711370147398,9.3551213897397935e-06
0.75673652694610782,-0.006561279296875,-0.0065575768438504945,-3.7024530245054546e-06
0.75686127744510978,-0.0087890625,-0.0087822567844140342,-6.8057155859658353e-06
0.75698602794411174,-0.009674072265625,-0.0096736193536432966,-4.5291198170344105e-07
0.75711077844311381,-0.00909423828125,-0.0090978941251154914,3.6558438654913511e-06
0.75723552894211577,-0.00714111328125,-0.0071438050070657616,2.6917258157616378e-06
0.75736027944111772,-0.004119873046875,-0.0041089007582351287,-1.0972288639871271e-05
0.75748502994011979,-0.000457763671875,-0.00045424835366026734,-3.5153182147326634e-06
0.75760978043912175,0.003265380859375,0.0032656122876490944,-2.314282740944161e-07
0.75773453093812371,0.006500244140625,0.0064868110415817444,1.3433099043255563e-05
0.75785928143712578,0.00872802734375,0.008721620528251154,6.4068154988460024e-06
0.75798403193612773,0.0096435546875,0.0096323031361964743,1.1251551303525717e-05
0.75810878243512969,0.00909423828125,0.0090821510068789402,1.2087274371059761e-05
0.75823353293413176,0.00714111328125,0.0071560057940193069,-1.4892512769306906e-05
0.75835828343313372,0.004150390625,0.0041471785404136787,3.2120845863212871e-06
0.75848303393213568,0.000518798828125,0.00051278569273003401,6.0131353949659889e-06
0.75860778443113774,-0.003204345703125,-0.0031956976907854965,-8.6480123395035399e-06
0.7587325349301397,-0.00640869140625,-0.0064161170333743587,7.4256271243586594e-06
0.75885728542914177,-0.0086669921875,-0.0086608525161192725,-6.139671380727546e-06
0.75898203592814373,-0.00958251953125,-0.0095906514034807804,8.1318722307804209e-06
0.75910678642714569,-0.009063720703125,-0.0090658992880295122,2.1785849045122263e-06
0.75923153692614775,-0.007171630859375,-0.0071675817722586669,-4.0490871163331374e-06
0.75935628742514971,-0.004180908203125,-0.0041847897395023877,3.8815363773876677e-06
0.75948103792415167,-0.000579833984375,-0.00057069536539433845,-9.1386189806615462e-06
0.75960578842315374,0.00311279296875,0.0031262971315221609,-1.3504162772160887e-05
0.7597305389221557,0.00634765625,0.0063457660186665155,1.8902313334845378e-06
0.75985528942115765,0.00860595703125,0.0086002250198414405,5.7320114085594731e-06
0.75998003992015972,0.009552001953125,0.0095489369955668087,3.0649575581912641e-06
0.76010479041916168,0.009063720703125,0.0090494117871177775,1.4308916007222533e-05
0.76022954091816364,0.007171630859375,0.0071788051528992739,-7.1742935242738795e-06
0.76035429141716571,0.00421142578125,0.0042220054659134537,-1.057968466345368e-05
0.76047904191616766,0.000640869140625,0.00062824705542655643,1.2622085198443571e-05
0.76060379241516962,-0.0030517578125,-0.003057142462115909,5.3846496159090131e-06
0.76072854291417169,-0.00628662109375,-0.0062754912622067765,-1.1129831543223515e-05
0.76085329341317365,-0.008544921875,-0.0085394723791811129,-5.4494958188870679e-06
0.76097804391217561,-0.009521484375,-0.0095068948271219075,-1.4589547878092468e-05
0.76110279441117767,-0.009033203125,-0.0090324234069896654,-7.797180103345791e-07
0.76122754491017963,-0.0072021484375,-0.0071894102426116012,-1.2738194888398807e-05
0.76135229540918159,-0.0042724609375,-0.0042585589367424804,-1.3902000757519579e-05
0.76147704590818366,-0.00067138671875,-0.00068517256254527355,1.3785843795273553e-05
0.76160179640718562,0.00299072265625,0.0029885034128365744,2.2192434134256193e-06
0.76172654690618757,0.006195068359375,0.0062055639048584814,-1.0495545483481424e-05
0.76185129740518964,0.00848388671875,0.008478866812534458,5.0199062155420471e-06
0.7619760479041916,0.00946044921875,0.0094647976980371425,-4.3484792871424649e-06
0.76210079840319356,0.009002685546875,0.0090152069453367737,-1.2521398461773706e-05
0.76222554890219563,0.0072021484375,0.0071996692541147081,2.4791833852918707e-06
0.76235029940119758,0.004302978515625,0.0042947212861946249,8.2572294303751015e-06
0.76247504990019965,0.000732421875,0.00074174161290086805,-9.3197379008680501e-06
0.76259980039920161,-0.0029296875,-0.002920111781445113,-9.5757185548869805e-06
0.76272455089820357,-0.006134033203125,-0.0061357171530350488,1.6839499100487765e-06
0.76284930139720564,-0.0084228515625,-0.0084181426063019531,-4.7089561980469263e-06
0.76297405189620759,-0.009429931640625,-0.0094223804826954714,-7.551157929528568e-06
0.76309880239520955,-0.009002685546875,-0.0089974972838881145,-5.1882629868854613e-06
0.76322355289421162,-0.0072021484375,-0.007209316495308358,7.1680578083580318e-06
0.76334830339321358,-0.00433349609375,-0.0043302257547296989,-3.2703390203010774e-06
0.76347305389221554,-0.00079345703125,-0.0007976860481636337,4.2290169136337047e-06
0.7635978043912176,0.002838134765625,0.0028522372440483693,-1.4102478423369275e-05
0.76372255489021956,0.006072998046875,0.0060662220894633139,6.7759574116860524e-06
0.76384730538922152,0.00836181640625,0.0083575719255926557,4.2444806573442573e-06
0.76397205588822359,0.009368896484375,0.0093799159406015645,-1.1019456226564472e-05
0.76409680638722555,0.00897216796875,0.0089795671989636536,-7.3992302136536431e-06
0.7642215568862275,0.007232666015625,0.0072186241797833235,1.4041835841676481e-05
0.76434630738522957,0.004364013671875,0.0043653434995061394,-1.3298276311394033e-06
0.76447105788423153,0.0008544921875,0.00085327563599006337,1.2165515099366335e-06
0.76459580838323349,-0.002777099609375,-0.0027846115446102599,7.5119352352598714e-06
0.76472055888223556,-0.006011962890625,-0.0059968118626496291,-1.5151027975370858e-05
0.76484530938123751,-0.00830078125,-0.0082968890035810088,-3.8922464189912465e-06
0.76497005988023947,-0.00933837890625,-0.0093371389056529867,-1.2400005970133327e-06
0.76509481037924154,-0.00897216796875,-0.0089611515506692503,-1.1016418080749685e-05
0.7652195608782435,-0.007232666015625,-0.007227326615931417,-5.3393996935829566e-06
0.76534431137724546,-0.00439453125,-0.0043998077835120959,5.2765335120958518e-06
0.76546906187624753,-0.00091552734375,-0.00090824225917210941,-7.285084577890585e-06
0.76559381237524948,0.002716064453125,0.0027175043058106298,-1.439852685629784e-06
0.76571856287425155,0.00592041015625,0.0059277574976576708,-7.3473414076707932e-06
0.76584331337325351,0.00823974609375,0.0082363659522230685,3.3801415269315432e-06
0.76596806387225547,0.009307861328125,0.0092943220967730399,1.3539231351960071e-05
0.76609281437125754,0.008941650390625,0.0089425230934521566,-8.7270282715656844e-07
0.76621756487025949,0.007232666015625,0.0072356960174698743,-3.0300018448742999e-06
0.76634231536926145,0.004425048828125,0.0044338897859969393,-8.8409578719392951e-06
0.76646706586826352,0.0009765625,0.00096285572606584805,1.3706773934151948e-05
0.76659181636726548,-0.002655029296875,-0.0026506472185035112,-4.3820783714888095e-06
0.76671656686626743,-0.005859375,-0.0058587920855465011,-5.8291445349887422e-07
0.7668413173652695,-0.0081787109375,-0.0081757369516137438,-2.973985886256178e-06
0.76696606786427146,-0.009246826171875,-0.0092512003071849626,4.3741353099625846e-06
0.76709081836327342,-0.0089111328125,-0.0089234166653052588,1.2283852805258788e-05
0.76721556886227549,-0.007232666015625,-0.007243466692578894,1.0800676953894028e-05
0.76734031936127745,-0.00445556640625,-0.0044673227916158329,1.1756385365832914e-05
0.7674650698602794,-0.001007080078125,-0.0010168479597247766,9.7678815997766233e-06
0.76758982035928147,0.002593994140625,0.0025843098526129229,9.6842880120771163e-06
0.76771457085828343,0.00579833984375,0.0057901865941660229,8.1532495839770763e-06
0.76783932135728539,0.00811767578125,0.0081152740607053596,2.4017205446404122e-06
0.76796407185628746,0.00921630859375,0.0092080462150482129,8.2623787017871431e-06
0.76808882235528941,0.0089111328125,0.0089041049983147238,7.0278141852762183e-06
0.76821357285429137,0.00726318359375,0.0072509108543930365,1.2272739356963477e-05
0.76833832335329344,0.004486083984375,0.0045003780008971636,-1.4294016522163611e-05
0.7684630738522954,0.001068115234375,0.0010704888083680523,-2.3735739930522658e-06
0.76858782435129736,-0.002532958984375,-0.002518223846607541,-1.4735137767458995e-05
0.76871257485029942,-0.005706787109375,-0.0057216740575931225,1.4886948218122489e-05
0.76883732534930138,-0.008056640625,-0.0080547114066672251,-1.9292183327749429e-06
0.76896207584830334,-0.0091552734375,-0.0091645945727332565,9.3211352332565195e-06
0.76908682634730541,-0.008880615234375,-0.0088843229078724058,3.7076734974057779e-06
0.76921157684630737,-0.00726318359375,-0.0072577628101424792,-5.4207836075207891e-06
0.76933632734530943,-0.004547119140625,-0.004532788719336581,-1.4330421288418979e-05
0.76946107784431139,-0.001129150390625,-0.0011235102344935265,-5.6401561314735338e-06
0.76958582834331335,0.00244140625,0.0024526587183598797,-1.1252468359879749e-05
0.76971057884231542,0.005645751953125,0.0056535253869317214,-7.773433806721429e-06
0.76983532934131738,0.00799560546875,0.0079943209956064559,1.2844731435441431e-06
0.76996007984031933,0.009124755859375,0.0091211180174650373,3.6378419099626635e-06
0.7700848303393214,0.00885009765625,0.0088643431032372714,-1.4245446987271385e-05
0.77020958083832336,0.00726318359375,0.0072642947716815478,-1.1111779315477882e-06
0.77033433133732532,0.00457763671875,0.0045648261678855823,1.2810550864417701e-05
0.77045908183632739,0.001190185546875,0.0011761821253513808,1.400342152361924e-05
0.77058383233532934,-0.00238037109375,-0.0023873460546414461,6.9749608914461414e-06
0.7707085828343313,-0.005584716796875,-0.0055854735597336688,7.5676285866878995e-07
0.77083333333333337,-0.0079345703125,-0.0079338369019319437,-7.3341056805627247e-07
0.77095808383233533,-0.009063720703125,-0.0090773512605989079,1.3630557473907901e-05
0.77108283433133729,-0.00885009765625,-0.0088439003767352888,-6.1972795147111764e-06
0.77120758483033935,-0.00726318359375,-0.0072702410446089305,7.0574508589304683e-06
0.77133233532934131,-0.004608154296875,-0.0045962236720624942,-1.1930624812505827e-05
0.77145708582834327,-0.001220703125,-0.0012282364820583034,7.5333570583033856e-06
0.77158183632734534,0.0023193359375,0.0023225553219779027,-3.2193844779026919e-06
0.7717065868263473,0.005523681640625,0.0055177894308297499,5.8922097952501459e-06
0.77183133732534925,0.00787353515625,0.007873531079066973,4.0771830269598075e-09
0.77195608782435132,0.009033203125,0.0090335668982624243,-3.6377326242433006e-07
0.77208083832335328,0.008819580078125,0.0088232674143247595,-3.6873361997594861e-06
0.77220558882235524,0.00726318359375,0.0072758738387886882,-1.2690245038688222e-05
0.77233033932135731,0.004638671875,0.0046272524724283483,1.1419402571651721e-05
0.77245508982035926,0.00128173828125,0.0012799432300722722,1.7950511777278192e-06
0.77257984031936133,-0.00225830078125,-0.0022580180561482602,-2.8272510173982246e-07
0.77270459081836329,-0.005462646484375,-0.0054502059217386234,-1.2440562636376572e-05
0.77282934131736525,-0.0078125,-0.0078131375488341599,6.3754883415992336e-07
0.77295409181636732,-0.009002685546875,-0.0089894996006411165,-1.3185946233883541e-05
0.77307884231536927,-0.0087890625,-0.0088021789848134729,1.311648481347287e-05
0.77320359281437123,-0.007293701171875,-0.0072809274574968819,-1.277371437811807e-05
0.7733283433133733,-0.004669189453125,-0.0046576459137037656,-1.1543539421234386e-05
0.77345309381237526,-0.0013427734375,-0.0013310344083079014,-1.1739029192098585e-05
0.77357784431137722,0.002197265625,0.002194003673020032,3.2619519799680086e-06
0.77370259481037928,0.00537109375,0.0053829938314692866,-1.190008146928663e-05
0.77382734530938124,0.00775146484375,0.0077529282121620016,-1.4633684120015852e-06
0.7739520958083832,0.008941650390625,0.0089454219226208255,-3.7715319958255e-06
0.77407684630738527,0.0087890625,0.0087809077504171478,8.154749582852186e-06
0.77420159680638723,0.007293701171875,0.0072856741079323556,8.0270639426444426e-06
0.77432634730538918,0.00469970703125,0.0046876752552470029,1.2031776002997124e-05
0.77445109780439125,0.001373291015625,0.0013817799796083481,-8.4889639833480787e-06
0.77457584830339321,-0.00213623046875,-0.0021302436580844892,-5.9868106655107736e-06
0.77470059880239517,-0.00531005859375,-0.0053158860259741193,5.8274322241192583e-06
0.77482534930139724,-0.0076904296875,-0.007692637038453091,2.207350953090971e-06
0.77495009980039919,-0.0089111328125,-0.0089010684930740797,-1.0064319425920343e-05
0.77507485029940115,-0.008758544921875,-0.0087591884559754841,6.4353410048414994e-07
0.77519960079840322,-0.007293701171875,-0.0072898480903688459,-3.8530815061540991e-06
0.77532435129740518,-0.004730224609375,-0.004717073860173027,-1.3150749201972997e-05
0.77544910179640714,-0.001434326171875,-0.0014319120198821339,-2.4141519928660548e-06
0.77557385229540921,0.0020751953125,0.0020670073772757432,8.1879352242567559e-06
0.77569860279441116,0.0052490234375,0.0052491532489525811,-1.2981145258109811e-07
0.77582335329341312,0.00762939453125,0.007632535876319982,-3.1413450699820447e-06
0.77594810379241519,0.00885009765625,0.0088567118255074122,-6.614169257412178e-06
0.77607285429141715,0.00872802734375,0.0087372937395232952,-9.2663957732951746e-06
0.77619760479041922,0.007293701171875,0.0072937216086662038,-2.0436791203781723e-08
0.77632235528942117,0.0047607421875,0.0047461130058337637,1.4629181666236252e-05
0.77644710578842313,0.001495361328125,0.0014817005285397372,1.3660799585262775e-05
0.7765718562874252,-0.00201416015625,-0.0020040262664700022,-1.0133889779997789e-05
0.77669660678642716,-0.00518798828125,-0.0051825283112623315,-5.4599699876685046e-06
0.77682135728542911,-0.007568359375,-0.0075723586429559241,3.9992679559241323e-06
0.77694610778443118,-0.008819580078125,-0.0088120865073500164,-7.49357077498361e-06
0.77707085828343314,-0.00872802734375,-0.0087149583215042799,-1.3069022245720124e-05
0.7771956087824351,-0.007293701171875,-0.0072970289594372403,3.3277875622402669e-06
0.77732035928143717,-0.0047607421875,-0.0047745260729359406,1.3783885435940564e-05
0.77744510978043913,-0.00152587890625,-0.0015308776176479301,4.9987113979301293e-06
0.77756986027944108,0.001953125,0.0019415696423566256,1.155535764337445e-05
0.77769461077844315,0.005126953125,0.0051162819017538342,1.0671223246165769e-05
0.77781936127744511,0.00750732421875,0.0075123771348449544,-5.0529160949544169e-06
0.77794411177644707,0.008758544921875,0.0087674650106038306,-8.9200887288306413e-06
0.77806886227544914,0.008697509765625,0.0086924548153462823,5.0549502787176903e-06
0.77819361277445109,0.007293701171875,0.0073000423425404123,-6.3411706654123434e-06
0.77831836327345305,0.004791259765625,0.0048025843560406583,-1.132459041565826e-05
0.77844311377245512,0.0015869140625,0.0015797133224038963,7.2007400961037176e-06
0.77856786427145708,-0.00189208984375,-0.0018793688919370355,-1.2720951812964518e-05
0.77869261477045904,-0.005035400390625,-0.0050501467766925047,1.4746386067504731e-05
0.7788173652694611,-0.0074462890625,-0.0074523252171539512,6.036154653951166e-06
0.77894211576846306,-0.00872802734375,-0.0087225818811349741,-5.4454626150259033e-06
0.77906686626746502,-0.0086669921875,-0.0086695179166780614,2.525729178061431e-06
0.77919161676646709,-0.007293701171875,-0.0073024960502613831,8.7948783863830635e-06
0.77931636726546905,-0.00482177734375,-0.0048300212526525927,8.2439089025927378e-06
0.779441117764471,-0.001617431640625,-0.0016279397902382007,1.0508149613200736e-05
0.77956586826347307,0.0018310546875,0.0018176932833441585,1.3361404155841534e-05
0.77969061876247503,0.004974365234375,0.0049843935705811597,-1.0028336206159734e-05
0.7798153692614771,0.00738525390625,0.0073924746344534243,-7.2207282034242662e-06
0.77994011976047906,0.0086669921875,0.0086777095493266003,-1.0717361826600297e-05
0.78006487025948101,0.008636474609375,0.0086464202139075828,-9.9456045325827663e-06
0.78018962075848308,0.007293701171875,0.007304662277818133,-1.0961105943133043e-05
0.78031437125748504,0.004852294921875,0.0048571080737355747,-4.8131518605746756e-06
0.780439121756487,0.001678466796875,0.0016758270912946411,2.6397055803589232e-06
0.78056387225548907,-0.00177001953125,-0.0017562741553769554,-1.3745375873044615e-05
0.78068862275449102,-0.004913330078125,-0.0049187549855699095,5.4249074449095464e-06
0.78081337325349298,-0.00732421875,-0.007332559200092262,8.340450092261982e-06
0.78093812375249505,-0.008636474609375,-0.0086325825193730582,-3.8920900019417948e-06
0.78106287425149701,-0.008636474609375,-0.0086228963774418136,-1.3578231933186399e-05
0.78118762475049897,-0.007293701171875,-0.0073062753125352556,1.2574140660255584e-05
0.78131237524950103,-0.0048828125,-0.0048835782328345758,7.6573283457580243e-07
0.78143712574850299,-0.001708984375,-0.0017231074075663893,1.4123032566389256e-05
0.78156187624750495,0.001708984375,0.0016953807283355343,1.3603646664465735e-05
0.78168662674650702,0.004852294921875,0.0048535016022929166,-1.206680417916578e-06
0.78181137724550898,0.00726318359375,0.0072728506069312873,-9.6670131812873206e-06
0.78193612774451093,0.008575439453125,0.0085874731799354519,-1.2033726810451936e-05
0.782060878243513,0.00860595703125,0.0085992189702672368,6.7380609827631666e-06
0.78218562874251496,0.007293701171875,0.0073076073443434746,-1.3906172468474559e-05
0.78231037924151692,0.004913330078125,0.0049097030565490932,3.6270215759068303e-06
0.78243512974051899,0.00177001953125,0.0017700508433767114,-3.1312126711358773e-08
0.78255988023952094,-0.00164794921875,-0.0016347442935199005,-1.3204925230099517e-05
0.7826846307385229,-0.004791259765625,-0.0047883660692958803,-2.8936963291197049e-06
0.78280938123752497,-0.0072021484375,-0.0072130826167178738,1.0934179217873818e-05
0.78293413173652693,-0.008544921875,-0.008542115993438501,-2.8058815614989685e-06
0.783058882235529,-0.008575439453125,-0.0085751226371756761,-3.1681594932393697e-07
0.78318363273453095,-0.007293701171875,-0.0073083926549634901,1.4691483088490054e-05
0.78330838323353291,-0.00494384765625,-0.0049352159736581001,-8.6316825918999335e-06
0.78343313373253498,-0.0018310546875,-0.0018163896144809549,-1.4665073019045098e-05
0.78355788423153694,0.0015869140625,0.0015746340240847068,1.2280038415293229e-05
0.7836826347305389,0.004730224609375,0.0047236189138439065,6.6056955310934626e-06
0.78380738522954096,0.00714111328125,0.007153526870823726,-1.2413589573725958e-05
0.78393213572854292,0.00848388671875,0.0084967833067287769,-1.2896587978776866e-05
0.78405688622754488,0.008544921875,0.0085508799153446342,-5.9580403446342356e-06
0.78418163672654695,0.007293701171875,0.0073089034284282471,-1.5202256553247147e-05
0.78430638722554891,0.004974365234375,0.0049603883256386667,1.3976908736333324e-05
0.78443113772455086,0.001861572265625,0.0018623938585645003,-8.215929395002583e-07
0.78455588822355293,-0.00152587890625,-0.0015147811645338557,-1.1097741716144293e-05
0.78468063872255489,-0.004669189453125,-0.0046589927313665427,-1.0196721758457331e-05
0.78480538922155685,-0.007080078125,-0.0070939170796101925,1.3838954610192501e-05
0.78493013972055892,-0.008453369140625,-0.0084512095403750948,-2.1596002499051775e-06
0.78505489021956087,-0.008514404296875,-0.0085262254235625775,1.1821126687577496e-05
0.78517964071856283,-0.007293701171875,-0.0073088739402405083,1.51727683655083e-05
0.7853043912175649,-0.004974365234375,-0.0049849535557631962,1.0588321388196181e-05
0.78542914171656686,-0.001922607421875,-0.0019077958243617003,-1.481159751329968e-05
0.78555389221556882,0.00146484375,0.0014554548415750413,9.3889084249586686e-06
0.78567864271457089,0.004608154296875,0.0045947579962632851,1.3396300611714929e-05
0.78580339321357284,0.007049560546875,0.0070345248331882514,1.5035713686748636e-05
0.7859281437125748,0.008392333984375,0.0084056669993250958,-1.333301495009577e-05
0.78605289421157687,0.008514404296875,0.0085014316728224196,1.2972624052580428e-05
0.78617764471057883,0.007293701171875,0.0073085763678987113,-1.4875196023711283e-05
0.78630239520958078,0.0050048828125,0.0050091830196071782,-4.3002071071782458e-06
0.78642714570858285,0.001953125,0.0019528656821394411,2.5931786055890388e-07
0.78655189620758481,-0.00140380859375,-0.0013963862536141365,-7.4223401358634693e-06
0.78667664670658688,-0.0045166015625,-0.0045306472513528357,1.404568885283574e-05
0.78680139720558884,-0.006988525390625,-0.0069750837907767435,-1.3441599848256457e-05
0.78692614770459079,-0.00836181640625,-0.0083598900622159408,-1.926344034059238e-06
0.78705089820359286,-0.00848388671875,-0.0084762332555431055,-7.6534632068945424e-06
0.78717564870259482,-0.007293701171875,-0.0073077449800849122,1.4043808209912231e-05
0.78730039920159678,-0.005035400390625,-0.0050328101741782929,-2.5902164467071428e-06
0.78742514970059885,-0.001983642578125,-0.0019973357128213491,1.3693134696349078e-05
0.78754990019960081,0.0013427734375,0.0013378444816094972,4.9289558905027831e-06
0.78767465069860276,0.00445556640625,0.0044669309186628941,-1.1364512412894053e-05
0.78779940119760483,0.006927490234375,0.0069158654914439188,1.1624742931081247e-05
0.78792415169660679,0.00830078125,0.0083141509920301691,-1.3369742030169135e-05
0.78804890219560875,0.008453369140625,0.0084509026561632589,2.4664844617411363e-06
0.78817365269461082,0.007293701171875,0.0073066519471741758,-1.2950775299175842e-05
0.78829840319361277,0.00506591796875,0.0050561063884099495,9.8115803400505158e-06
0.78842315369261473,0.002044677734375,0.0020414761184726982,3.2016159023018007e-06
0.7885479041916168,-0.00128173828125,-0.0012795606785699315,-2.1776026800685196e-06
0.78867265469061876,-0.00439453125,-0.0044033414889101986,8.8102389101986367e-06
0.78879740518962072,-0.006866455078125,-0.0068566035434968319,-9.8515346281680821e-06
0.78892215568862278,-0.008270263671875,-0.0082681841254010433,-2.079546473956681e-06
0.78904690618762474,-0.0084228515625,-0.0084251744403720033,2.3228778720033039e-06
0.7891716566866267,-0.007293701171875,-0.0073050315304169482,1.1330358541948235e-05
0.78929640718562877,-0.00506591796875,-0.0050788051322959238,1.288716354592382e-05
0.78942115768463073,-0.0020751953125,-0.0020850192114259779,9.8238989259778753e-06
0.78954590818363268,0.001220703125,0.0012218038803895439,-1.1007553895438574e-06
0.78967065868263475,0.00433349609375,0.0043401493322778864,-6.6532385278863723e-06
0.78979540918163671,0.006805419921875,0.0067975694352250485,7.8504866499514575e-06
0.78992015968063867,0.008209228515625,0.0082222616832822275,-1.3033167657227479e-05
0.79004491017964074,0.008392333984375,0.008399321065701992,-6.9870813269919813e-06
0.79016966067864269,0.007293701171875,0.0073031558924701616,-9.4547205951615518e-06
0.79029441117764476,0.005096435546875,0.0051011777873830443,-4.7422405080443236e-06
0.79041916167664672,0.00213623046875,0.0021282352247671693,7.9952439828306909e-06
0.79054391217564868,-0.00115966796875,-0.0011643051953799507,4.6372266299507438e-06
0.79066866267465075,-0.0042724609375,-0.0042770868878664534,4.6259503664533574e-06
0.7907934131736527,-0.006744384765625,-0.0067384967242619881,-5.8880413630118741e-06
0.79091816367265466,-0.0081787109375,-0.0081761179602562115,-2.5929772437885412e-06
0.79104291417165673,-0.00836181640625,-0.0083730770707638146,1.126066451381455e-05
0.79116766467065869,-0.007293701171875,-0.0073007592865718734,7.0581146968734174e-06
0.79129241516966065,-0.005126953125,-0.0051229578359234754,-3.9952890765245636e-06
0.79141716566866271,-0.002166748046875,-0.0021708565014589851,4.1084545839851008e-06
0.79154191616766467,0.0010986328125,0.0011073336150894352,-8.7008025894351731e-06
0.79166666666666663,0.00421142578125,0.0042144244745151343,-2.9986932651342516e-06
0.7917914171656687,0.006683349609375,0.0066796568483510578,3.6927610239422329e-06
0.79191616766467066,0.00811767578125,0.0081300251351942472,-1.2349353944247216e-05
0.79204091816367261,0.00836181640625,0.0083467148858418806,1.5101520408119379e-05
0.79216566866267468,0.007293701171875,0.0072981138670772444,-4.4126952022443752e-06
0.79229041916167664,0.005157470703125,0.0051444166713419479,1.3054031783052075e-05
0.7924151696606786,0.002227783203125,0.0022131533048470715,1.4629898277928547e-05
0.79253992015968067,-0.00103759765625,-0.0010506202038004363,1.3022547550436319e-05
0.79266467065868262,-0.004150390625,-0.0041518944802536274,1.5038552536273883e-06
0.79278942115768458,-0.006622314453125,-0.0066207833147180336,-1.5311384069663717e-06
0.79291417165668665,-0.008087158203125,-0.0080837174605756564,-3.4407425493435811e-06
0.79303892215568861,-0.008331298828125,-0.0083199690221316455,-1.132980599335455e-05
0.79316367265469057,-0.007293701171875,-0.0072949538786359087,1.2527067609086756e-06
0.79328842315369263,-0.005157470703125,-0.0051652877874026849,7.8170842776848978e-06
0.79341317365269459,-0.00225830078125,-0.0022548580077512799,-3.4427734987201378e-06
0.79353792415169666,0.001007080078125,0.00099443390940194055,1.264616872305945e-05
0.79366267465069862,0.00408935546875,0.0040897671730810896,-4.1170433108961985e-07
0.79378742514970058,0.006561279296875,0.0065621475108182019,-8.6821394320191897e-07
0.79391217564870264,0.008026123046875,0.0080374670731541507,-1.1344026279150668e-05
0.7940369261477046,0.00830078125,0.008293111882338387,7.6693676616130385e-06
0.79416167664670656,0.007293701171875,0.0072915514667307229,2.1497051442770712e-06
0.79428642714570863,0.00518798828125,0.005185842588706289,2.1456925437110183e-06
0.79441117764471059,0.002288818359375,0.0022962409029881753,-7.422543613175292e-06
0.79453592814371254,-0.000946044921875,-0.00093850575286740933,-7.5391690075906747e-06
0.79466067864271461,-0.0040283203125,-0.0040277748904485053,-5.4542205149468032e-07
0.79478542914171657,-0.006500244140625,-0.0065034828937220266,3.238753097026606e-06
0.79491017964071853,-0.00799560546875,-0.0079910081832709843,-4.5972854790157086e-06
0.7950349301397206,-0.008270263671875,-0.008265877949916808,-4.3857219581919932e-06
0.79515968063872255,-0.007293701171875,-0.0072876408668578769,-6.0603050171231104e-06
0.79528443113772451,-0.005218505859375,-0.0052058145798190916,-1.2691279555908375e-05
0.79540918163672658,-0.002349853515625,-0.002337034392496864,-1.281912312813601e-05
0.79553393213572854,0.000885009765625,0.00088310463911159926,1.9051265134007378e-06
0.7956586826347305,0.00396728515625,0.0039661878500516761,1.0973061983238913e-06
0.79578343313373257,0.006439208984375,0.0064450608008617136,-5.8518164867136027e-06
0.79590818363273452,0.0079345703125,0.0079446128855285136,-1.0042573028513566e-05
0.79603293413173648,0.00823974609375,0.0082385395996746828,1.206494075317241e-06
0.79615768463073855,0.007293701171875,0.007283494215066604,1.0206956808395985e-05
0.79628243512974051,0.005218505859375,0.0052254751757759453,-6.9693164009452732e-06
0.79640718562874246,0.00238037109375,0.002377508797814874,2.862295935125974e-06
0.79653193612774453,-0.000823974609375,-0.00082796154648334653,3.9869371083465274e-06
0.79665668662674649,-0.00390625,-0.0039047383392844257,-1.5116607155743131e-06
0.79678143712574845,-0.006378173828125,-0.0063866146394185551,8.4408112935550894e-06
0.79690618762475052,-0.007904052734375,-0.0078980153481048431,-6.0373862701568887e-06
0.79703093812375247,-0.008209228515625,-0.00821083128701155,1.6027713865499754e-06
0.79715568862275454,-0.007293701171875,-0.0072788457371491862,-1.4855434725813757e-05
0.7972804391217565,-0.0052490234375,-0.0052445578912356898,-4.4655462643101995e-06
0.79740518962075846,-0.002410888671875,-0.0024173965492059958,6.5078773309958267e-06
0.79752994011976053,0.000762939453125,0.0007733453376181725,-1.0405884493172503e-05
0.79765469061876249,0.00384521484375,0.0038436965260488913,1.5183177011087422e-06
0.79777944111776444,0.006317138671875,0.0063284156970711851,-1.1277025196185057e-05
0.79790419161676651,0.007843017578125,0.0078514876234308927,-8.4700453058927233e-06
0.79802894211576847,0.0081787109375,0.008183025358527201,-4.3144210272010042e-06
0.79815369261477043,0.00726318359375,0.0072739675591761222,-1.0783965426122179e-05
0.7982784431137725,0.0052490234375,0.0052633341509856846,-1.4310713485684613e-05
0.79840319361277445,0.002471923828125,0.0024569679961845927,1.4955831940407279e-05
0.79852794411177641,-0.000732421875,-0.00071898694893064328,-1.3434926069356718e-05
0.79865269461077848,-0.0037841796875,-0.0037827946482060716,-1.3850392939283689e-06
0.79877744510978044,-0.006256103515625,-0.0062701973313845924,1.4093815759592433e-05
0.7989021956087824,-0.0078125,-0.0078047638375019013,-7.7361624980986851e-06
0.79902694610778446,-0.008148193359375,-0.0081548562412648903,6.6628818898902681e-06
0.79915169660678642,-0.00726318359375,-0.0072685938966802113,5.410302930211261e-06
0.79927644710578838,-0.005279541015625,-0.0052815374790760768,1.9964634510767632e-06
0.79940119760479045,-0.00250244140625,-0.0024959555966122355,-6.4858096377644683e-06
0.79952594810379241,0.00067138671875,0.00066515520146654186,6.2315172834581352e-06
0.79965069860279436,0.00372314453125,0.003722302824386767,8.4170686323300006e-07
0.79977544910179643,0.0062255859375,0.0062122307805600133,1.3355156939986665e-05
0.79990019960079839,0.00775146484375,0.0077581160005668363,-6.6511568168363053e-06
