time_s,decoded_FS,fit_FS,residual_FS
0.050000000000000003,0.15582275390625,0.15582648008552172,-3.7261792717180331e-06
0.050125000000000003,0.163238525390625,0.16322767657303736,1.0848817587644222e-05
0.050250000000000003,0.1458740234375,0.14588169871762491,-7.6752801249080349e-06
0.050375000000000003,0.1064453125,0.10644229569227433,3.0168077256725878e-06
0.050500000000000003,0.0509033203125,0.050909185652532656,-5.8653400326555416e-06
0.050625000000000003,-0.012298583984375,-0.012284636275875694,-1.3947708499306363e-05
0.050750000000000003,-0.07354736328125,-0.073553482093567019,6.1188123170186071e-06
0.050874999999999997,-0.123626708984375,-0.12361298688921499,-1.3722095160012548e-05
0.050999999999999997,-0.154876708984375,-0.15488700401748992,1.0295033114920971e-05
0.051124999999999997,-0.16265869140625,-0.1626541887647035,-4.5026415464999303e-06
0.051249999999999997,-0.145751953125,-0.14576074685561505,8.7937306150476235e-06
0.051374999999999997,-0.106781005859375,-0.10679175198513569,1.0746125760685565e-05
0.051499999999999997,-0.051666259765625,-0.051675606512687801,9.3467470628008642e-06
0.051624999999999997,0.01123046875,0.011217838853434685,1.2629896565315157e-05
0.051749999999999997,0.072357177734375,0.072348306745283933,8.8709890910670941e-06
0.051874999999999998,0.1224365234375,0.12245224407051176,-1.5720633011764851e-05
0.051999999999999998,0.1539306640625,0.1539465873598658,-1.5923297365799671e-05
0.052124999999999998,0.162078857421875,0.1620764224490113,2.4349728637018675e-06
0.052249999999999998,0.1456298828125,0.14563284756504871,-2.9647525487119797e-06
0.052374999999999998,0.107147216796875,0.10713266477567884,1.455202119615695e-05
0.052499999999999998,0.05242919921875,0.052433201484832555,-4.0022660825547729e-06
0.052624999999999998,-0.010162353515625,-0.010158794526920548,-3.5589887044523705e-06
0.052749999999999998,-0.071136474609375,-0.071148620473871244,1.2145864496243552e-05
0.052874999999999998,-0.121307373046875,-0.12129387941963252,-1.3493627242483486e-05
0.052999999999999999,-0.15301513671875,-0.15300506342442469,-1.0073294325313453e-05
0.053124999999999999,-0.1614990234375,-0.16149421752255835,-4.8059149416468383e-06
0.053249999999999999,-0.1455078125,-0.14549783720716472,-9.9752928352792036e-06
0.053374999999999999,-0.107452392578125,-0.10746485731553844,1.2464737413439564e-05
0.053499999999999999,-0.053192138671875,-0.053181773133275385,-1.0365538599614588e-05
0.053624999999999999,0.00909423828125,0.0091077258540154769,-1.3487572765476935e-05
0.053749999999999999,0.0699462890625,0.069954671581597822,-8.3825190978215058e-06
0.053874999999999999,0.120147705078125,0.12013816370340227,9.5413747227268697e-06
0.053999999999999999,0.152069091796875,0.15206271876091587,6.3730359591285257e-06
0.054125,0.160919189453125,0.1609078672508972,1.1322202227798117e-05
0.05425,0.145355224609375,0.14535600568735341,-7.8107797840676341e-07
0.054375,0.1077880859375,0.10778860659331553,-5.2065581553073503e-07
0.0545,0.053924560546875,0.053921577940481497,2.9826063935034508e-06
0.054625,-0.008056640625,-0.0080644013321285544,7.7607071285543811e-06
0.05475,-0.068756103515625,-0.068766254228919493,1.0150713294493352e-05
0.054875,-0.118988037109375,-0.11898491353816443,-3.1235712105726066e-06
0.055,-0.151123046875,-0.1511193858340569,-3.6610409430981594e-06
0.055125,-0.160308837890625,-0.16031721094411963,8.3730534946313551e-06
0.05525,-0.14520263671875,-0.14520718912953456,4.5524107845640316e-06
0.055375000000000001,-0.10809326171875,-0.10810373600813349,1.0474289383485824e-05
0.055500000000000001,-0.054656982421875,-0.054652418980317821,-4.5634415571788045e-06
0.055625000000000001,0.00701904296875,0.0070290427249065732,-9.999756156573239e-06
0.055750000000000001,0.067596435546875,0.067583615760226964,1.2819786648035625e-05
0.055875000000000001,0.117828369140625,0.11783439871436396,-6.0295737389637338e-06
0.056000000000000001,0.150177001953125,0.15017535034672383,1.6516064011706799e-06
0.056125000000000001,0.15972900390625,0.15972254127864002,6.4626276099766233e-06
0.056250000000000001,0.145050048828125,0.14505167719673154,-1.6283686065377001e-06
0.056375000000000001,0.1083984375,0.10841052268938679,-1.2085189386792927e-05
0.056500000000000002,0.055389404296875,0.055374553237481583,1.4851059393417021e-05
0.056625000000000002,-0.006011962890625,-0.0060014177425715895,-1.0545148053410502e-05
0.056750000000000002,-0.06640625,-0.066406549383426119,2.9938342611945945e-07
0.056875000000000002,-0.11669921875,-0.11668643487497313,-1.2783875026872726e-05
0.057000000000000002,-0.14923095703125,-0.14923044391699253,-5.131142574721359e-07
0.057125000000000002,-0.15911865234375,-0.1591236969728331,5.0446290831007712e-06
0.057250000000000002,-0.1448974609375,-0.14488930576550216,-8.1551719978423254e-06
0.057375000000000002,-0.10870361328125,-0.10870879017033949,5.1768890894920983e-06
0.057500000000000002,-0.05609130859375,-0.056087784280771068,-3.5243129789322425e-06
0.057625000000000003,0.004974365234375,0.004981747368420707,-7.3821340457070478e-06
0.057750000000000003,0.06524658203125,0.065235301495701295,1.1280535548705006e-05
0.057875000000000003,0.11553955078125,0.11554129084010495,-1.7400588549487672e-06
0.058000000000000003,0.148284912109375,0.14828495140137246,-3.9291997461221584e-08
0.058125000000000003,0.15850830078125,0.15852097010887006,-1.2669327620062898e-05
0.058250000000000003,0.14471435546875,0.1447203642465652,-6.0087778152029259e-06
0.058375000000000003,0.1090087890625,0.10899881570791944,9.9733545805558155e-06
0.058500000000000003,0.056793212890625,0.056792369582548102,8.4330807689769749e-07
0.058624999999999997,-0.00396728515625,-0.0039697985391513512,2.5133829013512451e-06
0.058749999999999997,-0.064056396484375,-0.064069664363103379,1.326787872837909e-05
0.058874999999999997,-0.114410400390625,-0.11439878128546391,-1.1619105161092547e-05
0.058999999999999997,-0.1473388671875,-0.14733870357189188,-1.6361560811750664e-07
0.059124999999999997,-0.157928466796875,-0.15791419880840901,-1.426798846598798e-05
0.059249999999999997,-0.14453125,-0.14454468825928624,1.3438259286235876e-05
0.059374999999999997,-0.109283447265625,-0.10928042295636686,-3.0243092581372366e-06
0.059499999999999997,-0.0574951171875,-0.05748811319204062,-7.0039954593800746e-06
0.059624999999999997,0.002960205078125,0.0029657914713641926,-5.5863932391926434e-06
0.059749999999999998,0.062896728515625,0.062909883446329973,-1.3154930704972756e-05
0.059874999999999998,0.113250732421875,0.11325917406699929,-8.4416451242852464e-06
0.059999999999999998,0.146392822265625,0.14639198443938123,8.3782624377137793e-07
0.060124999999999998,0.157318115234375,0.15730367455448369,1.4440679891314367e-05
0.060249999999999998,0.14434814453125,0.14436256695235203,-1.4422421102028293e-05
0.060374999999999998,0.10955810546875,0.10955388928706108,4.2161816889152437e-06
0.060499999999999998,0.05816650390625,0.058175273054822847,-8.7691485728472185e-06
0.060624999999999998,-0.001983642578125,-0.0019694923418541177,-1.4150236270882299e-05
0.060749999999999998,-0.061767578125,-0.061755750080311839,-1.1828044688161343e-05
0.060874999999999999,-0.11212158203125,-0.11212228289937316,7.0086812316294544e-07
0.060999999999999999,-0.14544677734375,-0.14544462393059385,-2.1534131561529168e-06
0.061124999999999999,-0.15667724609375,-0.15668923486724642,1.1988773496424132e-05
0.061249999999999999,-0.1441650390625,-0.1441738356783151,8.7966158150987184e-06
0.061374999999999999,-0.109832763671875,-0.10981903846222879,-1.3725209646209269e-05
0.061499999999999999,-0.058868408203125,-0.058853653686166886,-1.4754516958113972e-05
0.061624999999999999,0.0009765625,0.00098112061410605034,-4.5581141060503389e-06
0.061749999999999999,0.06060791015625,0.060607508799999113,4.0135625088699722e-07
0.061874999999999999,0.110992431640625,0.11098837468064042,4.0569599845802218e-06
0.062,0.144500732421875,0.14449690521153452,3.8272103404790592e-06
0.062125,0.15606689453125,0.15607117062590856,-4.2760946585562731e-06
0.06225,0.14398193359375,0.14397878331432204,3.1502794279603119e-06
0.062375,0.110076904296875,0.11007614795481623,7.5634205877472827e-07
0.0625,0.05950927734375,0.059523513490556186,-1.4236146806186067e-05
0.062625,0,-4.417185895981945e-07,4.417185895981945e-07
0.06275,-0.059478759765625,-0.059464950019971617,-1.3809745653382832e-05
0.062875,-0.10986328125,-0.10985726217075449,-6.0190792455089293e-06
0.063,-0.1435546875,-0.14354865736462905,-6.0301353709546479e-06
0.063125000000000001,-0.15545654296875,-0.15544931874453494,-7.2242242150633018e-06
0.063250000000000001,-0.143768310546875,-0.1437772449367026,8.9343898276028622e-06
0.063375000000000001,-0.110321044921875,-0.11032504162222909,3.996700354086391e-06
0.063500000000000001,-0.0601806640625,-0.060184657435048292,3.9933725482915738e-06
0.063625000000000001,-0.0009765625,-0.00097232562077315273,-4.2368792268472708e-06
0.063750000000000001,0.058319091796875,0.058328317360222252,-9.2255633472523857e-06
0.063875000000000001,0.108734130859375,0.10872921131626884,4.9195431061632711e-06
0.064000000000000001,0.142608642578125,0.14260016271208956,8.4798660354434841e-06
0.064125000000000001,0.154815673828125,0.15482396949403579,-8.2956659107902286e-06
0.064250000000000002,0.1435546875,0.14356950914175792,-1.4821641757922777e-05
0.064375000000000002,0.110565185546875,0.11056599702626178,-8.1147938678360898e-07
0.064500000000000002,0.06085205078125,0.060837344368832709,1.4706412417291037e-05
0.064625000000000002,0.001922607421875,0.0019374167063248768,-1.4809284449876807e-05
0.064750000000000002,-0.05718994140625,-0.057197400325774819,7.4589195248192519e-06
0.064875000000000002,-0.10760498046875,-0.10760403392887179,-9.4653987821324836e-07
0.065000000000000002,-0.14166259765625,-0.14165124949312696,-1.1348163123037214e-05
0.065125000000000002,-0.154205322265625,-0.15419495917801246,-1.0363087612541566e-05
0.065250000000000002,-0.143341064453125,-0.1433554107203982,1.4346267273201985e-05
0.065375000000000003,-0.110809326171875,-0.11079883810688167,-1.0488064993333102e-05
0.065500000000000003,-0.061492919921875,-0.061481379696627467,-1.1540225247533287e-05
0.065625000000000003,-0.002899169921875,-0.0028946135402136432,-4.5563816613567766e-06
0.065750000000000003,0.056060791015625,0.056072441632477814,-1.1650616852813822e-05
0.065875000000000003,0.106475830078125,0.10648199501011067,-6.1649319856721396e-06
0.066000000000000003,0.140716552734375,0.14070219918735988,1.435354701512237e-05
0.066125000000000003,0.153564453125,0.15356257745479993,1.8756702000743974e-06
0.066250000000000003,0.14312744140625,0.14313523797898295,-7.7965727329487589e-06
0.066375000000000003,0.11102294921875,0.11102384250220032,-8.932834503205811e-07
0.066500000000000004,0.062103271484375,0.062117022698263767,-1.3751213888767155e-05
0.066625000000000004,0.00384521484375,0.0038441521441237559,1.0626996262441159e-06
0.066750000000000004,-0.054962158203125,-0.0549532298866241,-8.9283165009002019e-06
0.066875000000000004,-0.105377197265625,-0.10536290542995592,-1.4291835669075215e-05
0.067000000000000004,-0.139739990234375,-0.13975283919206838,1.2848957693378793e-05
0.067125000000000004,-0.152923583984375,-0.152926660013363,3.0760289879971925e-06
0.067250000000000004,-0.142913818359375,-0.1429088254140129,-4.9929453621033737e-06
0.067375000000000004,-0.111236572265625,-0.11124083422230335,4.2619566783530516e-06
0.067500000000000004,-0.062744140625,-0.062744079202119704,-6.1422880295869398e-08
0.067625000000000005,-0.004791259765625,-0.0047858152328358813,-5.4445327891186612e-06
0.067750000000000005,0.0538330078125,0.053840006910756424,-6.9990982564244186e-06
0.067875000000000005,0.104248046875,0.10424702925155065,1.0176234493536329e-06
0.068000000000000005,0.1387939453125,0.13880345014564208,-9.5048331420766186e-06
0.068125000000000005,0.15228271484375,0.15228749589538926,-4.781051639257683e-06
0.068250000000000005,0.142669677734375,0.14267646103301976,-6.7832986447580179e-06
0.068375000000000005,0.1114501953125,0.11145009096927092,1.0434322908481342e-07
0.068500000000000005,0.0633544921875,0.063362808904732129,-8.3167172321291227e-06
0.068625000000000005,0.005706787109375,0.0057198395339664847,-1.3052424591484743e-05
0.068750000000000006,-0.052734375,-0.052732560423293037,-1.8145767069627228e-06
0.068875000000000006,-0.103118896484375,-0.10313417640979713,1.5279925422134744e-05
0.069000000000000006,-0.137847900390625,-0.13785385860487653,5.9582142515335335e-06
0.069125000000000006,-0.151641845703125,-0.15164492017123501,3.0744681100147719e-06
0.069250000000000006,-0.142425537109375,-0.1424379790293118,1.2441919936795331e-05
0.069375000000000006,-0.111663818359375,-0.11165143681104971,-1.2381548325293701e-05
0.069500000000000006,-0.06396484375,-0.06397301804426278,8.1742942627804904e-06
0.069625000000000006,-0.00665283203125,-0.0066460084615478044,-6.8235697021955602e-06
0.069750000000000006,0.0516357421875,0.05163113136433365,4.6108231663496979e-06
0.069875000000000007,0.102020263671875,0.10202461003613525,-4.346364260249258e-06
0.070000000000000007,0.13690185546875,0.13690434436845966,-2.4888997096628174e-06
0.070125000000000007,0.1510009765625,0.15099922126206791,1.7553004320880472e-06
0.070250000000000007,0.142181396484375,0.1421936671029129,-1.2270618537896238e-05
0.070374999999999993,0.111846923828125,0.11184514950152338,1.7743266016168047e-06
0.070499999999999993,0.0645751953125,0.064574966720153407,2.2859234659333705e-07
0.070624999999999993,0.007568359375,0.0075645594357840809,3.7999392159190903e-06
0.070749999999999993,-0.050537109375,-0.050535506575289782,-1.6027997102180391e-06
0.070874999999999994,-0.100921630859375,-0.10091813913714852,-3.4917222264813086e-06
0.070999999999999994,-0.135955810546875,-0.13595473315430698,-1.0773925680218621e-06
0.071124999999999994,-0.150360107421875,-0.150350233615862,-9.8738060129999194e-06
0.071249999999999994,-0.141937255859375,-0.1419433591353616,6.1032759866019859e-06
0.071374999999999994,-0.112030029296875,-0.11203105315441614,1.0238575411380957e-06
0.071499999999999994,-0.065155029296875,-0.065168461566596156,1.3432269721155854e-05
0.071624999999999994,-0.00848388671875,-0.0084752765566153149,-8.6101621346850593e-06
0.071749999999999994,0.0494384765625,0.049445926124713567,-7.4495622135670181e-06
0.071874999999999994,0.099822998046875,0.099815025919382794,7.9721274922062157e-06
0.071999999999999995,0.135009765625,0.13500530392310089,4.4617018991055524e-06
0.072124999999999995,0.149688720703125,0.14969824502959042,-9.5243264654210069e-06
0.072249999999999995,0.141693115234375,0.14168734251069431,5.7727236806859317e-06
0.072374999999999995,0.112213134765625,0.11220942556342296,3.7092022020374094e-06
0.072499999999999995,0.065765380859375,0.065753763072256541,1.1617787118459177e-05
0.072624999999999995,0.009368896484375,0.0093783979235349292,-9.5014391599292092e-06
0.072749999999999995,-0.048370361328125,-0.048362175987912683,-8.1853402123174823e-06
0.072874999999999995,-0.098724365234375,-0.098715078467951384,-9.286766423616255e-06
0.072999999999999995,-0.134063720703125,-0.13405588155564593,-7.8391474790662219e-06
0.073124999999999996,-0.1490478515625,-0.14904308932526816,-4.7622372318367745e-06
0.073249999999999996,-0.14141845703125,-0.14142545079030613,6.9937590561341967e-06
0.073374999999999996,-0.11236572265625,-0.11238009087616412,1.436821991411541e-05
0.073499999999999996,-0.06634521484375,-0.0663306782537669,-1.453658998309959e-05
0.073624999999999996,-0.010284423828125,-0.010273708309164423,-1.0715518960577319e-05
0.073749999999999996,0.047271728515625,0.04728449537277548,-1.2766857150479927e-05
0.073874999999999996,0.097625732421875,0.097618558071384309,7.1743504906907063e-06
0.073999999999999996,0.13311767578125,0.13310674417644816,1.0931604801839301e-05
0.074124999999999996,0.14837646484375,0.14838505367219287,-8.588828442873675e-06
0.074249999999999997,0.141143798828125,0.14115797103398156,-1.417220585656076e-05
0.074374999999999997,0.112548828125,0.11254332691434264,5.5012106573576469e-06
0.074499999999999997,0.06689453125,0.066899467975462715,-4.9367254627147306e-06
0.074624999999999997,0.01116943359375,0.011161446479039652,7.9871147103480894e-06
0.074749999999999997,-0.04620361328125,-0.046212669399415124,9.0561181651238609e-06
0.074874999999999997,-0.096527099609375,-0.096525271900272214,-1.8277091027862902e-06
0.074999999999999997,-0.132171630859375,-0.13215771583112951,-1.3915028245492511e-05
0.075124999999999997,-0.147735595703125,-0.14772397126303691,-1.1624440088092713e-05
0.075249999999999997,-0.140899658203125,-0.14088473647479863,-1.4921728326372508e-05
0.075374999999999998,-0.112701416015625,-0.11269895784774787,-2.4581678771257165e-06
0.075499999999999998,-0.067474365234375,-0.0674599396229279,-1.4425611447099751e-05
0.075624999999999998,-0.012054443359375,-0.012041397865247444,-1.3045494127556304e-05
0.075749999999999998,0.045135498046875,0.045146936425993218,-1.1438379118218489e-05
0.075874999999999998,0.095428466796875,0.09543548033212329,-7.0135352482902924e-06
0.075999999999999998,0.131195068359375,0.13120907381002547,-1.4005450650472762e-05
0.076124999999999998,0.147064208984375,0.14706012863613613,4.0803482388718226e-06
0.076249999999999998,0.140594482421875,0.14060603384021694,-1.1551418341942954e-05
0.076374999999999998,0.11285400390625,0.11284726151446785,6.7423917821524126e-06
0.076499999999999999,0.068023681640625,0.068012354422757201,1.1327217867798667e-05
0.076624999999999999,0.012908935546875,0.012913801886210861,-4.8663393358606977e-06
0.076749999999999999,-0.044097900390625,-0.044087080728353212,-1.0819662271788211e-05
0.076874999999999999,-0.0943603515625,-0.094348989630035046,-1.1361932464953872e-05
0.076999999999999999,-0.1302490234375,-0.13026064132564469,1.1617888144688227e-05
0.077124999999999999,-0.146392822265625,-0.14639335835162848,5.3608600347754276e-07
0.077249999999999999,-0.14031982421875,-0.14032169602702943,1.8718082794300095e-06
0.077374999999999999,-0.11297607421875,-0.11298806209493116,1.1987876181160373e-05
0.077499999999999999,-0.06854248046875,-0.068556520116144368,1.4039647394367694e-05
0.077625,-0.0137939453125,-0.013778444620342166,-1.5500692157834409e-05
0.07775,0.04302978515625,0.043033339825857227,-3.5546696072266681e-06
0.077875,0.09326171875,0.093266059267565024,-4.3405175650240713e-06
0.078,0.129302978515625,0.12931269483630409,-9.7163206790873424e-06
0.078125,0.145721435546875,0.1457239463137909,-2.5107669159030177e-06
0.07825,0.140045166015625,0.1400320094225036,1.3156593121399496e-05
0.078375,0.113128662109375,0.11312163743216425,7.02467721075406e-06
0.0785,0.069091796875,0.069092698278659145,-9.0140365914537224e-07
0.078625,0.0146484375,0.01463556612585524,1.2871374144759681e-05
0.078750000000000001,-0.0419921875,-0.041985497161022005,-6.6903389779951472e-06
0.078875000000000001,-0.092193603515625,-0.092186494607440161,-7.1089081848385582e-06
0.079000000000000001,-0.12835693359375,-0.12836505672362064,8.1231298706407884e-06
0.079125000000000001,-0.145050048828125,-0.14505172444722453,1.6756190995281806e-06
0.079250000000000001,-0.139739990234375,-0.13973680657937679,-3.1836549982122708e-06
0.079375000000000001,-0.113250732421875,-0.11324781170588516,-2.920715989840339e-06
0.079500000000000001,-0.069610595703125,-0.069620696993887482,1.0101290762482007e-05
0.079625000000000001,-0.015472412109375,-0.015484953114414397,1.2541005039397313e-05
0.079750000000000001,0.04095458984375,0.040943789425348188,1.0800418401811507e-05
0.079875000000000002,0.091094970703125,0.091110554226432633,-1.5583523307632907e-05
0.080000000000000002,0.127410888671875,0.12741800261619313,-7.1139443181267303e-06
0.080125000000000002,0.144378662109375,0.14437697801923868,1.6840901363168737e-06
0.080250000000000002,0.139434814453125,0.13943637353705332,-1.5590839283208258e-06
0.080375000000000002,0.113372802734375,0.11336686275279242,5.939981582575582e-06
0.080500000000000002,0.07012939453125,0.070140778173232984,-1.138364198298436e-05
0.080625000000000002,0.016326904296875,0.016326846270984709,5.802589029060834e-08
0.080750000000000002,-0.0399169921875,-0.039907999238978129,-8.9929485218714911e-06
0.080875000000000002,-0.09002685546875,-0.090038042594098117,1.1187125348116611e-05
0.081000000000000003,-0.12646484375,-0.12647135406712043,6.5103171204283772e-06
0.081125000000000003,-0.143707275390625,-0.14369953831608251,-7.7370745424909515e-06
0.081250000000000003,-0.139129638671875,-0.13913054249664605,9.0382477105355186e-07
0.081375000000000003,-0.11346435546875,-0.11347861474071713,1.4259271967131948e-05
0.081500000000000003,-0.070648193359375,-0.070652750229590569,4.5568702155690533e-06
0.081625000000000003,-0.01715087890625,-0.017161032927487763,1.015402123776335e-05
0.081750000000000003,0.03887939453125,0.03887836247650707,1.0320547429304439e-06
0.081875000000000003,0.088958740234375,0.088969217397671913,-1.0477163296912506e-05
0.082000000000000003,0.125518798828125,0.12552538587772419,-6.5870495991882105e-06
0.082125000000000004,0.14300537109375,0.1430196899653739,-1.4318871623897333e-05
0.082250000000000004,0.138824462890625,0.13881959914222292,4.8637484020841448e-06
0.082375000000000004,0.11358642578125,0.11358334548895001,3.0802922999922933e-06
0.082500000000000004,0.0711669921875,0.071156875397190927,1.0116790309072643e-05
0.082625000000000004,0.017974853515625,0.017987754382669384,-1.2900867044383924e-05
0.082750000000000004,-0.037841796875,-0.037854660946652366,1.2864071652365916e-05
0.082875000000000004,-0.087890625,-0.087903882220819296,1.3257220819296034e-05
0.083000000000000004,-0.12457275390625,-0.12457991877510277,7.1648688527714555e-06
0.083125000000000004,-0.142333984375,-0.14233726361237944,3.2792373794443552e-06
0.083250000000000005,-0.13848876953125,-0.13850337531590029,1.4605784650290055e-05
0.083375000000000005,-0.113677978515625,-0.11368087914243845,2.9006268134484925e-06
0.083500000000000005,-0.0716552734375,-0.071652962405289858,-2.3110322101421721e-06
0.083625000000000005,-0.018798828125,-0.018806798575783414,7.970450783413574e-06
0.083750000000000005,0.036834716796875,0.036837129718063619,-2.4129211886186885e-06
0.083875000000000005,0.08685302734375,0.086842293868567524,1.0733475182475583e-05
0.084000000000000005,0.123626708984375,0.1236352267358844,-8.5177515093959322e-06
0.084125000000000005,0.14166259765625,0.14165254324248661,1.0054413763393999e-05
0.084250000000000005,0.13818359375,0.13818215633913283,1.4374108671666441e-06
0.084375000000000006,0.11376953125,0.11377149349216477,-1.9622421647685906e-06
0.084500000000000006,0.0721435546875,0.072141273798064592,2.280889435407607e-06
0.084625000000000006,0.019622802734375,0.019618407406456876,4.3953279181239979e-06
0.084750000000000006,-0.03582763671875,-0.035825549798992752,-2.0869197572478959e-06
0.084875000000000006,-0.085784912109375,-0.085784255046059327,-6.5706331567327858e-07
0.085000000000000006,-0.1226806640625,-0.12269112966382595,1.0465601325948537e-05
0.085125000000000006,-0.140960693359375,-0.14096535885753003,4.6654981550320329e-06
0.085250000000000006,-0.137847900390625,-0.13785577368786106,7.8732972360606723e-06
0.085375000000000006,-0.113861083984375,-0.11385501264937524,-6.0713349997604249e-06
0.085500000000000007,-0.0726318359375,-0.072621618608328387,-1.0217329171613443e-05
0.085625000000000007,-0.020416259765625,-0.0204223694084123,6.1096427872997516e-06
0.085750000000000007,0.034820556640625,0.034820155463106607,4.0117751839291449e-07
0.085875000000000007,0.084716796875,0.084730021683511972,-1.3224808511971831e-05
0.085999999999999993,0.121734619140625,0.12174790071358751,-1.3281572962514643e-05
0.086124999999999993,0.140289306640625,0.14027599379830782,1.3312842317175777e-05
0.086249999999999993,0.13751220703125,0.13752451231384857,-1.2305282598573664e-05
0.086374999999999993,0.113922119140625,0.11393171436601916,-9.5952253941627985e-06
0.086499999999999994,0.073089599609375,0.073094259677465884,-4.6600680908837067e-06
0.086624999999999994,0.021209716796875,0.021218927069347054,-9.2102724720544149e-06
0.086749999999999994,-0.0338134765625,-0.03382072692914153,7.2503666415299484e-06
0.086874999999999994,-0.08367919921875,-0.083679395614984636,1.9639623463629796e-07
0.086999999999999994,-0.120819091796875,-0.12080535896838304,-1.3732828491958005e-05
0.087124999999999994,-0.13958740234375,-0.13958427742095464,-3.1249227953611403e-06
0.087249999999999994,-0.137176513671875,-0.13718820331987189,1.1689647996887542e-05
0.087374999999999994,-0.114013671875,-0.11400142270900207,-1.2249165997929579e-05
0.087499999999999994,-0.07354736328125,-0.073559006329170049,1.1643047920048555e-05
0.087624999999999995,-0.022003173828125,-0.02200786950465226,4.6956765272603007e-06
0.087749999999999995,0.0328369140625,0.032827497686758814,9.4163757411863669e-06
0.087874999999999995,0.0826416015625,0.08263263190336699,8.969659133009622e-06
0.087999999999999995,0.119873046875,0.1198637767637722,9.2701112277965292e-06
0.088124999999999995,0.138885498046875,0.13889049241950094,-4.9943726259382704e-06
0.088249999999999995,0.1368408203125,0.13684713128111564,-6.3109686156415101e-06
0.088374999999999995,0.11407470703125,0.11406441538068847,1.0291650561530807e-05
0.088499999999999995,0.074005126953125,0.074016121689420275,-1.0994736295275032e-05
0.088624999999999995,0.022796630859375,0.022789439777340912,7.1910820340879977e-06
0.088749999999999996,-0.031829833984375,-0.031840247176149965,1.0413191774964747e-05
0.088874999999999996,-0.08160400390625,-0.08158953151915635,-1.4472387093650285e-05
0.088999999999999996,-0.118927001953125,-0.11892297236534465,-4.0295877803547819e-06
0.089124999999999996,-0.13818359375,-0.13819446750228717,1.0873752287171579e-05
0.089249999999999996,-0.136505126953125,-0.1365011269204057,-4.0000327193034924e-06
0.089374999999999996,-0.114105224609375,-0.11412051639319956,1.5291783824561422e-05
0.089499999999999996,-0.074462890625,-0.074465415360270862,2.5247352708618331e-06
0.089624999999999996,-0.0235595703125,-0.023563427571783601,3.8572592836010056e-06
0.089749999999999996,0.030853271484375,0.030859208113901269,-5.9366295262694435e-06
0.089874999999999997,0.080535888671875,0.080550348665447857,-1.4459993572857321e-05
0.089999999999999997,0.11798095703125,0.11798321729256153,-2.260261311531897e-06
0.090124999999999997,0.137481689453125,0.13749648471457263,-1.4795261447625441e-05
0.090249999999999997,0.136138916015625,0.13615047442964923,-1.1558414024226416e-05
0.090374999999999997,0.114166259765625,0.11417000338894109,-3.7436233160936805e-06
0.090499999999999997,0.074920654296875,0.074907150739829106,1.3503557045893566e-05
0.090624999999999997,0.024322509765625,0.024330076513635834,-7.5667480108343455e-06
0.090749999999999997,-0.029876708984375,-0.029884159172627274,7.4501882522740037e-06
0.090874999999999997,-0.07952880859375,-0.079514883456761068,-1.3925136988932052e-05
0.090999999999999998,-0.117034912109375,-0.11704432899645614,9.4168870811428551e-06
0.091124999999999998,-0.136810302734375,-0.13679637211498938,-1.3930619385621457e-05
0.091249999999999998,-0.13580322265625,-0.135795004145119,-8.2185111310029146e-06
0.091374999999999998,-0.114227294921875,-0.11421270031496467,-1.4594606910334207e-05
0.091499999999999998,-0.075347900390625,-0.075341137696100513,-6.7626945244869674e-06
0.091624999999999998,-0.02508544921875,-0.025089176843597308,3.72762484730782e-06
0.091749999999999998,0.028900146484375,0.028915332306802856,-1.5185822427855877e-05
0.091874999999999998,0.0784912109375,0.078483389244026064,7.821693473936131e-06
0.091999999999999998,0.116119384765625,0.1161065781835163,1.2806582108698672e-05
0.092124999999999999,0.1361083984375,0.13609441109819556,1.398733930443874e-05
0.092249999999999999,0.13543701171875,0.13543499986893981,2.0118498101906468e-06
0.092374999999999999,0.1142578125,0.11424888474353036,8.9277564696427225e-06
0.092499999999999999,0.075775146484375,0.075767639886994781,7.5065973802190822e-06
0.092624999999999999,0.025848388671875,0.0258409727373725,7.4159345024998879e-06
0.092749999999999999,-0.0279541015625,-0.027952505432410624,-1.5961300893763131e-06
0.092874999999999999,-0.07745361328125,-0.077455665293432993,2.0520121829931126e-06
0.092999999999999999,-0.11517333984375,-0.11516978149341599,-3.5583503340125278e-06
0.093124999999999999,-0.1353759765625,-0.13539042907137083,1.4452508870832492e-05
0.09325,-0.13507080078125,-0.13507029154441944,-5.0923683056480762e-07
0.093375,-0.114288330078125,-0.11427838054651351,-9.949531611486151e-06
0.0935,-0.076171875,-0.07618646743421198,1.4592434211979644e-05
0.093625,-0.026580810546875,-0.026585254979437905,4.4444325629049153e-06
0.09375,0.027008056640625,0.026995909752769134,1.214688785586629e-05
0.093875,0.076446533203125,0.076431964111427872,1.4569091697128056e-05
0.094,0.114227294921875,0.11423420882293074,-6.9139010557411895e-06
0.094125,0.134674072265625,0.13468470677691363,-1.0634511288631909e-05
0.09425,0.13470458984375,0.13470116257758366,3.4272661663392601e-06
0.094375000000000001,0.114288330078125,0.11430146521601037,-1.3135137885367243e-05
0.094500000000000001,0.07659912109375,0.076597884243276751,1.2368504732490626e-06
0.094625000000000001,0.027313232421875,0.027322268283032143,-9.0358611571431102e-06
0.094750000000000001,-0.026031494140625,-0.02604532243817613,1.382829755113002e-05
0.094875000000000001,-0.075408935546875,-0.075412084123584647,3.1485767096467443e-06
0.095000000000000001,-0.113311767578125,-0.11329967600369013,-1.2091574434866526e-05
0.095125000000000001,-0.13397216796875,-0.13397707096898046,4.9030002304550901e-06
0.095250000000000001,-0.13433837890625,-0.1343274425125523,-1.0936393697702496e-05
0.095375000000000001,-0.11431884765625,-0.11431796253880001,-8.8511744998631681e-07
0.095500000000000002,-0.076995849609375,-0.077001700677452559,5.851068077558641e-06
0.095625000000000002,-0.028045654296875,-0.02805180396393572,6.1496670607195936e-06
0.095750000000000002,0.02508544921875,0.025100973951734357,-1.5524732984356637e-05
0.095875000000000002,0.07440185546875,0.07439627699962284,5.5784691271598685e-06
0.096000000000000002,0.11236572265625,0.11236645212613817,-7.294698881749051e-07
0.096125000000000002,0.133270263671875,0.13326780173622196,2.4619356530364289e-06
0.096250000000000002,0.133941650390625,0.13394941435311919,-7.7639624941894247e-06
0.096375000000000002,0.11431884765625,0.11432814991697951,-9.3022607295101256e-06
0.096500000000000002,0.077392578125,0.077398180877825573,-5.6027528255730985e-06
0.096625000000000003,0.028778076171875,0.028774107260473594,3.9689114014057614e-06
0.096750000000000003,-0.024169921875,-0.02416264072898253,-7.2811460174702913e-06
0.096875000000000003,-0.073394775390625,-0.07338434033228021,-1.0435058344790415e-05
0.097000000000000003,-0.111419677734375,-0.11143435221731546,1.46744829404577e-05
0.097125000000000003,-0.132568359375,-0.13255672517836353,-1.1634196636467475e-05
0.097250000000000003,-0.133575439453125,-0.13356690723817838,-8.5322149466215969e-06
0.097375000000000003,-0.11431884765625,-0.11433185104247101,1.3003386221011048e-05
0.097500000000000003,-0.077789306640625,-0.077787135437253324,-2.1712033716758672e-06
0.097625000000000003,-0.02947998046875,-0.029488970007332933,8.989538582932638e-06
0.097750000000000004,0.023223876953125,0.023230552503735229,-6.6755506102286755e-06
0.097875000000000004,0.0723876953125,0.072376524962345312,1.1170350154687814e-05
0.098000000000000004,0.110504150390625,0.11050364456484153,5.0582578346725082e-07
0.098125000000000004,0.1318359375,0.13184412072898638,-8.1832289863803531e-06
0.098250000000000004,0.1331787109375,0.13318020376334949,-1.4928258494917301e-06
0.098375000000000004,0.11431884765625,0.11432934321770952,-1.0495561459517022e-05
0.098500000000000004,0.078155517578125,0.078168828720470776,-1.3311142345776017e-05
0.098625000000000004,0.030181884765625,0.030196637955585956,-1.4753189960955981e-05
0.098750000000000004,-0.022308349609375,-0.022304484987714368,-3.8646216606319506e-06
0.098875000000000005,-0.071380615234375,-0.0713726276575576,-7.9875768174003658e-06
0.099000000000000005,-0.109588623046875,-0.10957414339472694,-1.4479652148055577e-05
0.099125000000000005,-0.131134033203125,-0.13112981383214994,-4.2193709750559805e-06
0.099250000000000005,-0.132781982421875,-0.13278913265644746,7.1502345724561156e-06
0.099375000000000005,-0.11431884765625,-0.11432045003019323,1.6023739432269313e-06
0.099500000000000005,-0.07855224609375,-0.078543071538070774,-9.1745556792255378e-06
0.099625000000000005,-0.0308837890625,-0.03089690344651343,1.3114384013430264e-05
0.099750000000000005,0.021392822265625,0.021384667196351296,8.155069273704102e-06
0.099875000000000005,0.07037353515625,0.070372898437657483,6.3671859251712704e-07
0.10000000000000001,0.108642578125,0.10864611619539427,-3.53807039427112e-06
0.10012500000000001,0.130401611328125,0.13041408326520632,-1.2471937081315332e-05
0.10025000000000001,0.13238525390625,0.13239397609915293,-8.722192902932413e-06
0.10037500000000001,0.11431884765625,0.11430544867320681,1.3398983043186319e-05
0.10050000000000001,0.07891845703125,0.078910128466673599,8.3285645764014093e-06
0.10062500000000001,0.031585693359375,0.031590012731644947,-4.3193722699466641e-06
0.10075000000000001,-0.020477294921875,-0.020470874128448571,-6.4207934264287614e-06
0.10087500000000001,-0.069366455078125,-0.069377133253270967,1.067817514596725e-05
0.10100000000000001,-0.10772705078125,-0.107719376395522,-7.6743857280042738e-06
0.10112500000000001,-0.12969970703125,-0.12969675381547086,-2.9532157791445357e-06
0.10125000000000001,-0.131988525390625,-0.13199456240253327,6.0370119082664431e-06
0.10137500000000001,-0.114288330078125,-0.11428416262041338,-4.1674577116179723e-06
0.10150000000000001,-0.07928466796875,-0.07926981052291393,-1.4857445836069516e-05
0.10162499999999999,-0.03228759765625,-0.032275758646644503,-1.1839009605496553e-05
0.10174999999999999,0.019561767578125,0.019563334091970461,-1.5665138454606931e-06
0.10187499999999999,0.068389892578125,0.068385581310999213,4.3112671257866664e-06
0.10199999999999999,0.106781005859375,0.10679419068806977,-1.3184828694765005e-05
0.10212499999999999,0.12896728515625,0.12897810360307502,-1.0818446825017203e-05
0.10224999999999999,0.131591796875,0.13159117332875328,6.2354624671967507e-07
0.10237499999999999,0.1142578125,0.1142568689466433,9.4355335669704665e-07
0.10249999999999999,0.079620361328125,0.079622382483651846,-2.02115552684623e-06
0.10262499999999999,0.032958984375,0.032954387931305389,4.596443694611374e-06
0.10274999999999999,-0.018646240234375,-0.018661821383696292,1.5581149321292065e-05
0.10287499999999999,-0.0673828125,-0.067398037752326292,1.522525232629246e-05
0.10299999999999999,-0.105865478515625,-0.10587037170819166,4.8931925666628739e-06
0.10312499999999999,-0.128265380859375,-0.12825795675767643,-7.4241016985721053e-06
0.10324999999999999,-0.131195068359375,-0.13118363676663944,-1.1431592735561269e-05
0.10337499999999999,-0.114227294921875,-0.11422339100249393,-3.9039193810708195e-06
0.10349999999999999,-0.0799560546875,-0.079967655559998158,1.1600872498157555e-05
0.10362499999999999,-0.03363037109375,-0.033625693903512659,-4.677190237341311e-06
0.10375,0.01776123046875,0.017766563615006427,-5.333146256426835e-06
0.103875,0.06640625,0.066414750978688958,-8.5009786889578276e-06
0.104,0.104949951171875,0.10494818535725618,1.7658146188176405e-06
0.104125,0.127532958984375,0.12753659074135124,-3.6317569762356339e-06
0.10425,0.130767822265625,0.13077223405344152,-4.4117878165161883e-06
0.104375,0.11419677734375,0.114184005735191,1.27716085590035e-05
0.1045,0.080291748046875,0.080305894717560417,-1.4146670685416529e-05
0.104625,0.0343017578125,0.034289923779259726,1.1834033240273878e-05
0.10475,-0.016876220703125,-0.016877334391512091,1.1136883870908887e-06
0.104875,-0.0654296875,-0.065435515330413238,5.8278304132380887e-06
0.105,-0.104034423828125,-0.10402744348078743,-6.9803473375651404e-06
0.105125,-0.126800537109375,-0.12681382902533864,1.329191596363688e-05
0.10525,-0.13037109375,-0.13035679265043876,-1.4301099561242481e-05
0.105375,-0.1141357421875,-0.11413853636323171,2.7941757317073712e-06
0.1055,-0.08062744140625,-0.080636911350518398,9.4699442683976454e-06
0.105625,-0.034942626953125,-0.034946871346577375,4.2443934523753168e-06
0.10575,0.0159912109375,0.015994360638873495,-3.1497013734949064e-06
0.105875,0.064453125,0.064460578411796518,-7.4534117965180391e-06
0.106,0.103118896484375,0.10310841119254688,1.0485291828121746e-05
0.106125,0.1260986328125,0.12608994841298196,8.6843995180385658e-06
0.10625,0.12994384765625,0.12993759346474526,6.2541915047398255e-06
0.106375,0.11407470703125,0.11408725969726005,-1.2552666010051672e-05
0.1065,0.080963134765625,0.080960970601875112,2.1641637498875932e-06
0.106625,0.03558349609375,0.035596784285638401,-1.3288191888401191e-05
0.10675,-0.015106201171875,-0.015117415282412935,1.1214110537935418e-05
0.106875,-0.0634765625,-0.063489733770059148,1.3171270059147977e-05
0.107,-0.102203369140625,-0.10219089955246106,-1.2469588163935286e-05
0.107125,-0.1253662109375,-0.12536477171650912,-1.4392209908842268e-06
0.10725,-0.1295166015625,-0.12951446352496049,-2.1380375395119167e-06
0.107375,-0.114044189453125,-0.11402999881478741,-1.4190638337588379e-05
0.1075,-0.081268310546875,-0.08127788403757702,9.5734907020195159e-06
0.107625,-0.0362548828125,-0.036239456842668605,-1.5425969831395214e-05
0.10775,0.014251708984375,0.014246724572897503,4.9844114774974524e-06
0.107875,0.062530517578125,0.062523228220441568,7.289357683432085e-06
0.108,0.101287841796875,0.10127517289075566,1.2668906119339685e-05
0.108125,0.1246337890625,0.12463857508000438,-4.7860175043795694e-06
0.10825,0.12908935546875,0.1290876833030182,1.6721657317975147e-06
0.108375,0.11395263671875,0.11396703038109003,-1.4393662340031477e-05
0.1085,0.081573486328125,0.081587916966823479,-1.4430638698478826e-05
0.108625,0.036865234375,0.036875137150077335,-9.90277507733478e-06
0.10875,-0.01336669921875,-0.013382060766179741,1.5361547429740621e-05
0.108875,-0.061553955078125,-0.061560854525154016,6.8994470290156817e-06
0.109,-0.100372314453125,-0.10036104148590774,-1.1272967217257346e-05
0.109125,-0.1239013671875,-0.12391118065623594,9.8134687359363593e-06
0.10925,-0.128662109375,-0.12865707938988283,-5.0299851171720089e-06
0.109375,-0.1138916015625,-0.11389817732397431,6.5757614743089388e-06
0.1095,-0.081878662109375,-0.081890881116196051,1.2219006821051481e-05
0.109625,-0.037506103515625,-0.037503619900405578,-2.4836152194215866e-06
0.10975,0.01251220703125,0.012523649448970362,-1.1442417720362169e-05
0.109875,0.06060791015625,0.060602858718484677,5.0514377653229636e-06
0.11,0.099456787109375,0.099448768888796932,8.0182205780682247e-06
0.110125,0.1231689453125,0.12318286392966454,-1.3918617164543345e-05
0.11025,0.12823486328125,0.1282229318174414,1.1931463808595444e-05
0.110375,0.11383056640625,0.11382371615472447,6.8502515255253194e-06
0.1105,0.082183837890625,0.082187041950006146,-3.2040593811455409e-06
0.110625,0.038116455078125,0.03812515366647861,-8.6985883536103148e-06
0.11075,-0.01165771484375,-0.011671262218457573,1.3547374707573168e-05
0.110875,-0.059661865234375,-0.059649032785773271,-1.2832448601729496e-05
0.111,-0.098541259765625,-0.09853816460068375,-3.0951649412497284e-06
0.111125,-0.122467041015625,-0.12245344639330483,-1.3594622320173277e-05
0.11125,-0.127777099609375,-0.12778506673424198,7.9671248669754835e-06
0.111375,-0.113739013671875,-0.11374346964291007,4.4559710350722259e-06
0.1115,-0.082489013671875,-0.082476211344471403,-1.2802327403596547e-05
0.111625,-0.038726806640625,-0.03873953357536284,1.2726934737840312e-05
0.11175,0.010833740234375,0.010825124008073415,8.6162263015845952e-06
0.111875,0.058685302734375,0.058699621988532354,-1.4319254157353634e-05
0.112,0.097625732421875,0.097629491397396004,-3.7589755210037934e-06
0.112125,0.121734619140625,0.12172320287177095,1.1416268854050338e-05
0.11225,0.127349853515625,0.12734376372742867,6.0897881963284384e-06
0.112375,0.1136474609375,0.11365771413736916,-1.025319986916462e-05
0.1125,0.082763671875,0.082758654908098334,5.0169669016664198e-06
0.112625,0.039337158203125,0.03934700862853794,-9.8504254129397339e-06
0.11275,-0.009979248046875,-0.009985005767120695,5.7577202456950138e-06
0.112875,-0.0577392578125,-0.05775441754340211,1.5159730902110369e-05
0.113,-0.096710205078125,-0.096722558007334966,1.2352929209966113e-05
0.113125,-0.121002197265625,-0.12099195419817924,-1.0243067445764309e-05
0.11325,-0.12689208984375,-0.12689884849852592,6.7586547759235227e-06
0.113375,-0.113555908203125,-0.1135662722410567,1.0364037931698267e-05
0.1135,-0.083038330078125,-0.08303418465588279,-4.1454222422104836e-06
0.113625,-0.039947509765625,-0.039947374375908069,-1.3538971693066726e-07
0.11375,0.0091552734375,0.0091511317865356559,4.1416509643441013e-06
0.113875,0.05682373046875,0.056813663947310515,1.0066521439484888e-05
0.114,0.0958251953125,0.095817626435665756,7.5688768342435653e-06
0.114125,0.120269775390625,0.12025997453723188,9.8008533931243091e-06
0.11425,0.12646484375,0.12645060018541335,1.4243564586652324e-05
0.114375,0.11346435546875,0.11346942013208522,-5.064663335219155e-06
0.1145,0.08331298828125,0.083303066329725436,9.9219515245635437e-06
0.114625,0.04052734375,0.040540880235965762,-1.3536485965762179e-05
0.11475,-0.008331298828125,-0.0083232723784748587,-8.026449650141293e-06
0.114875,-0.055877685546875,-0.055877151656437321,-5.3389043767892996e-07
0.115,-0.09490966796875,-0.094914504642369446,4.8366736194460636e-06
0.11512500000000001,-0.119537353515625,-0.1195270840621461,-1.0269453478900514e-05
0.11525000000000001,-0.126007080078125,-0.12599884403815265,-8.2360399723535593e-06
0.11537500000000001,-0.113372802734375,-0.11336698023860013,-5.8224957748681527e-06
0.11550000000000001,-0.08355712890625,-0.083565112072692571,7.9831664425711324e-06
0.11562500000000001,-0.0411376953125,-0.041127322169826695,-1.0373142673304747e-05
0.11575000000000001,0.00750732421875,0.007501651202102934,5.6730166470659801e-06
0.11587500000000001,0.054931640625,0.054945124411354573,-1.3483786354573368e-05
0.11600000000000001,0.094024658203125,0.09401345386645811,1.1204336666889581e-05
0.11612500000000001,0.118804931640625,0.11879355627778375,1.1375362841251069e-05
0.11625000000000001,0.12554931640625,0.12554385874100724,5.4576652427640315e-06
0.11637500000000001,0.113250732421875,0.11325922855986285,-8.49613798785398e-06
0.11650000000000001,0.083831787109375,0.083820587749442066,1.1199359932934083e-05
0.11662500000000001,0.041717529296875,0.041706950001447737,1.0579295427262658e-05
0.11675000000000001,-0.006683349609375,-0.006686037943171407,2.6883337964070039e-06
0.11687500000000001,-0.05401611328125,-0.054017371916028352,1.2586347783519192e-06
0.11700000000000001,-0.093109130859375,-0.093114281304029753,5.1504446547528948e-06
0.11712500000000001,-0.118072509765625,-0.11805921069761673,-1.3299068008273962e-05
0.11724999999999999,-0.125091552734375,-0.12508546908830914,-6.0836460658575398e-06
0.11737499999999999,-0.1131591796875,-0.11314598734118533,-1.3192346314666592e-05
0.11749999999999999,-0.084075927734375,-0.0840693056205251,-6.6221138498995247e-06
0.11762499999999999,-0.042266845703125,-0.042279560091657807,1.2714388532807097e-05
0.11774999999999999,0.005889892578125,0.0058766556397589131,1.3236938366086894e-05
0.11787499999999999,0.0531005859375,0.053094137162961318,6.4487745386823669e-06
0.11799999999999999,0.09222412109375,0.092217247432526225,6.8736612237746408e-06
0.11812499999999999,0.1173095703125,0.11732432016687931,-1.4749854379311755e-05
0.11824999999999999,0.1246337890625,0.12462395330651997,9.8357559800282823e-06
0.11837499999999999,0.113037109375,0.11302753239502693,9.5769799730721639e-06
0.11849999999999999,0.084320068359375,0.084311531662850631,8.5366965243693915e-06
0.11862499999999999,0.0428466796875,0.04284540265838975,1.2770291102498499e-06
0.11874999999999999,-0.00506591796875,-0.0050732733619059719,7.355393155971876e-06
0.11887499999999999,-0.05218505859375,-0.052175209112199458,-9.8494815505417721e-06
0.11899999999999999,-0.09130859375,-0.091322158688818836,1.3564938818835803e-05
0.11912499999999999,-0.1165771484375,-0.11658870353958994,1.1555102089944036e-05
0.11924999999999999,-0.1241455078125,-0.12415913573014163,1.3627917641631515e-05
0.119375,-0.1129150390625,-0.11290368577599383,-1.1353286506171623e-05
0.1195,-0.08453369140625,-0.084547078244022258,1.3386837772258464e-05
0.119625,-0.04339599609375,-0.0434042744507687,8.2783570186997779e-06
0.11975,0.0042724609375,0.0042761135372932566,-3.6525997932565502e-06
0.119875,0.05126953125,0.051260830016482767,8.7012335172331756e-06
0.12,0.090423583984375,0.090429274793465658,-5.690809090658222e-06
0.120125,0.1158447265625,0.11585263300172077,-7.9064392207728318e-06
0.12025,0.123687744140625,0.12369129412381773,-3.5499831927271464e-06
0.120375,0.112762451171875,0.11277472310197766,-1.2271930102655815e-05
0.1205,0.08477783203125,0.084776211442851274,1.6205883987263636e-06
0.120625,0.0439453125,0.043956426069350983,-1.1113569350983121e-05
0.12075,-0.00347900390625,-0.0034849446308675056,5.9407246175056071e-06
0.120875,-0.05035400390625,-0.050350788100243418,-3.2158060065817784e-06
0.121,-0.08953857421875,-0.089538401428832209,-1.7278991779057229e-07
0.121125,-0.1151123046875,-0.11511592674825435,3.6220607543546723e-06
0.12125,-0.12322998046875,-0.12322025235828514,-9.7281104648599959e-06
0.121375,-0.112640380859375,-0.11264046622917472,8.5369799715517836e-08
0.1215,-0.084991455078125,-0.084998743723702752,7.2886455777521064e-06
0.121625,-0.04449462890625,-0.044501654640236366,7.0257339863655233e-06
0.12175,0.002685546875,0.002699988470560551,-1.4441595560550982e-05
0.121875,0.0494384765625,0.04944532488479593,-6.8483222959297985e-06
0.122,0.088653564453125,0.088649797563371033,3.7668897539672175e-06
0.122125,0.1143798828125,0.11437885630640417,1.0265060958331018e-06
0.12225,0.12274169921875,0.12274628773251674,-4.588513766737301e-06
0.122375,0.11248779296875,0.11250119057328607,-1.3397604536072305e-05
0.1225,0.085205078125,0.085214941257054588,-9.8631320545883305e-06
0.122625,0.0450439453125,0.045040211135328023,3.7341771719767713e-06
0.12275,-0.001922607421875,-0.0019210129268597575,-1.5944950152424996e-06
0.122875,-0.048553466796875,-0.048544227867329641,-9.2389295453590425e-06
0.123,-0.0877685546875,-0.087763268129767175,-5.286557732825381e-06
0.123125,-0.1136474609375,-0.11364123921268984,-6.2217248101570366e-06
0.12325,-0.122283935546875,-0.12226922364971342,-1.4711897161581722e-05
0.123375,-0.11236572265625,-0.11235671778457444,-9.0048716755580793e-06
0.1235,-0.085418701171875,-0.085424616593886976,5.9154220119761458e-06
0.123625,-0.045562744140625,-0.045571893046465778,9.1489058407778767e-06
0.12375,0.00115966796875,0.0011482392385249438,1.1428730225056163e-05
0.123875,0.047637939453125,0.04764773784609596,-9.7983929709596906e-06
0.124,0.086883544921875,0.086879071349242429,4.4735726325711989e-06
0.124125,0.1129150390625,0.11290334633619392,1.1692726306078427e-05
0.12425,0.121795654296875,0.12178933693948808,6.3173573869174104e-06
0.124375,0.112213134765625,0.1122073230690999,5.811696525095944e-06
0.1245,0.08563232421875,0.085628035986276496,4.2882324735038502e-06
0.124625,0.046112060546875,0.046096951705723796,1.5108841151204033e-05
0.12475,-0.0003662109375,-0.00038143469216303055,1.5223754663030553e-05
0.124875,-0.0467529296875,-0.046755641599407483,2.7119119074825448e-06
0.125,-0.08599853515625,-0.08599701140971272,-1.5237465372797132e-06
0.12512499999999999,-0.112152099609375,-0.11216499455567439,1.2894946299385479e-05
0.12525,-0.121307373046875,-0.12130645053389762,-9.2251297738321636e-07
0.12537499999999999,-0.112060546875,-0.1120528278638193,-7.7190111806985096e-06
0.1255,-0.0858154296875,-0.085825012061810965,9.5823743109652026e-06
0.12562499999999999,-0.046600341796875,-0.046615184959574209,1.4843162699208767e-05
0.12575,-0.0003662109375,-0.00037918005206152313,1.2969114561523127e-05
0.12587499999999999,0.045867919921875,0.045868179210840972,-2.5928896597166018e-07
0.126,0.085113525390625,0.085117345790113499,-3.8203994884994374e-06
0.12612499999999999,0.111419677734375,0.11142645408285982,-6.7763484848243349e-06
0.12625,0.120819091796875,0.12082084078966683,-1.7489927918307169e-06
0.12637499999999999,0.111907958984375,0.11189350715786427,1.4451826510733512e-05
0.1265,0.086029052734375,0.086015811144216761,1.3241590158238892e-05
0.12662499999999999,0.047119140625,0.047126844489168103,-7.7038641681029252e-06
0.12675,0.001129150390625,0.001133838280893339,-4.6878902683390473e-06
0.12687499999999999,-0.04498291015625,-0.044985136748255154,2.2265920051542376e-06
0.127,-0.084228515625,-0.084239877938588129,1.1362313588128559e-05
0.12712499999999999,-0.110687255859375,-0.11068754113958219,2.8528020719342795e-07
0.12725,-0.120330810546875,-0.12033233016426051,1.5196173855092088e-06
0.12737499999999999,-0.111724853515625,-0.11172918216768128,4.3286520562818565e-06
0.1275,-0.086212158203125,-0.086200245927831223,-1.1912275293776697e-05
0.12762499999999999,-0.047637939453125,-0.047631728484568571,-6.2109685564290529e-06
0.12775,-0.00189208984375,-0.0018823199022547914,-9.7699414952085849e-06
0.12787499999999999,0.044097900390625,0.044106753588967505,-8.8531983425052529e-06
0.128,0.0833740234375,0.083364864596836438,9.1588406635617625e-06
0.12812499999999999,0.109954833984375,0.10994852528111106,6.3087032639436158e-06
0.12825,0.119842529296875,0.11984119453814708,1.3347587279194384e-06
0.12837499999999999,0.111572265625,0.11156012765835678,1.21379666432192e-05
0.1285,0.08636474609375,0.086378582798243092,-1.3836704493092045e-05
0.12862499999999999,0.048126220703125,0.048130088965056529,-3.8682619315291711e-06
0.12875,0.00262451171875,0.0026248587657233206,-3.4704697332056667e-07
0.12887499999999999,-0.043243408203125,-0.043232815098793405,-1.059310433159516e-05
0.129,-0.082489013671875,-0.082492108478301615,3.0948064266150821e-06
0.12912499999999999,-0.109222412109375,-0.10920922207331858,-1.3190036056417997e-05
0.12925,-0.119354248046875,-0.11934725589091001,-6.9921559649882559e-06
0.12937499999999999,-0.11138916015625,-0.1113861646187846,-2.9955374653972688e-06
0.1295,-0.0865478515625,-0.086550634506800728,2.7829443007276744e-06
0.12962499999999999,-0.048614501953125,-0.048621724453340932,7.2225002159323481e-06
0.12975,-0.00335693359375,-0.0033612353368416233,4.301743091623348e-06
0.12987499999999999,0.0423583984375,0.042363559957227993,-5.1615197279933356e-06
0.13,0.081634521484375,0.081621865592560863,1.2655891814136733e-05
0.13012499999999999,0.10845947265625,0.10846990041604744,-1.0427759797440594e-05
0.13025,0.11883544921875,0.11885078962355083,-1.5340404800834317e-05
0.13037499999999999,0.1112060546875,0.11120756758303574,-1.5128955357379681e-06
0.1305,0.08673095703125,0.086716667491309324,1.4289539940676166e-05
0.13062499999999999,0.049102783203125,0.049106887295946727,-4.1040928217273009e-06
0.13075000000000001,0.00408935546875,0.0040916840175750247,-2.3285488250247149e-06
0.13087499999999999,-0.04150390625,-0.041498772836493378,-5.1334135066222197e-06
0.13100000000000001,-0.08074951171875,-0.080753937923529723,4.4262047797227755e-06
0.13112499999999999,-0.10772705078125,-0.10773037522031054,3.3244390605369212e-06
0.13125000000000001,-0.11834716796875,-0.11835161723463913,4.4492658891337467e-06
0.13137499999999999,-0.11102294921875,-0.11102415730557577,1.2080868257713373e-06
0.13150000000000001,-0.086883544921875,-0.086876494550552949,-7.0503713220509967e-06
0.13162499999999999,-0.049591064453125,-0.049585376337415533,-5.6881157094665347e-06
0.13175000000000001,-0.00482177734375,-0.0048159858206330095,-5.7915231169904796e-06
0.13187499999999999,0.0406494140625,0.040638691726731339,1.0722335768660607e-05
0.13200000000000001,0.07989501953125,0.079888580753860128,6.4387773898721967e-06
0.13212499999999999,0.10699462890625,0.10699091473167652,3.7141745734825538e-06
0.13225000000000001,0.11785888671875,0.11785001364265478,8.8730760952199228e-06
0.13237499999999999,0.11083984375,0.11083620808266356,3.6356673364379422e-06
0.13250000000000001,0.0870361328125,0.087030382165027495,5.7506474725049772e-06
0.13262499999999999,0.050048828125,0.050057444240719062,-8.6161157190622895e-06
0.13275000000000001,0.005523681640625,0.0055343756899716295,-1.0694049346629542e-05
0.13287499999999999,-0.039794921875,-0.03978310061502318,-1.1821259976819987e-05
0.13300000000000001,-0.079010009765625,-0.079025595343176089,1.5585577551088803e-05
0.13312499999999999,-0.10626220703125,-0.1062513332075202,-1.0873823729801169e-05
0.13325000000000001,-0.117340087890625,-0.11734579986217682,5.7119715518166858e-06
0.13337499999999999,-0.11065673828125,-0.110643540427609,-1.3197853640997681e-05
0.13350000000000001,-0.087188720703125,-0.087178143171520964,-1.0577531604036294e-05
0.13362499999999999,-0.050537109375,-0.05052289016151576,-1.4219213484240045e-05
0.13375000000000001,-0.006256103515625,-0.0062466351750794019,-9.4683405455981209e-06
0.13387499999999999,0.0389404296875,0.038932236810630752,8.192876869247967e-06
0.13400000000000001,0.078155517578125,0.07816523625248098,-9.7186743559796174e-06
0.13412499999999999,0.105499267578125,0.10551189824042659,-1.2630662301588158e-05
0.13425000000000001,0.116851806640625,0.11683925032626251,1.2556314362491272e-05
0.13437499999999999,0.110443115234375,0.11044642839222292,-3.3131578479200785e-06
0.13450000000000001,0.087310791015625,0.087320044083849732,-9.2530682247321527e-06
0.13462499999999999,0.050994873046875,0.050981967068546977,1.2905978328023315e-05
0.13475000000000001,0.0069580078125,0.0069529997515217221,5.0080609782779048e-06
0.13487499999999999,-0.0380859375,-0.038085883623991686,-5.387600831435746e-08
0.13500000000000001,-0.077301025390625,-0.077307304022411788,6.2786317867880026e-06
0.135125,-0.104766845703125,-0.10477242343546492,5.5777323399175405e-06
0.13525000000000001,-0.1163330078125,-0.11633018556267646,-2.8222498235364046e-06
0.135375,-0.1102294921875,-0.11024469224209865,1.5200054598651924e-05
0.13550000000000001,-0.08746337890625,-0.087455897767494586,-7.4811387554135633e-06
0.135625,-0.051422119140625,-0.051434474417946449,1.2355277321449143e-05
0.13575000000000001,-0.007659912109375,-0.0076532514952552151,-6.6606141197848856e-06
0.135875,0.0372314453125,0.037244277691948151,-1.2832379448150799e-05
0.13600000000000001,0.076446533203125,0.076452052497689549,-5.5192945645488045e-06
0.136125,0.104034423828125,0.10403317573364998,1.2480944750203893e-06
0.13625000000000001,0.115814208984375,0.11581887951630611,-4.6705319311085569e-06
0.136375,0.11004638671875,0.11003860577811177,7.7809406382328694e-06
0.13650000000000001,0.08758544921875,0.087585970760383255,-5.2154163325546232e-07
0.136625,0.0518798828125,0.051880665473676979,-7.8266117697900484e-07
0.13675000000000001,0.00836181640625,0.0083476264031210421,1.4190003128957893e-05
0.136875,-0.036407470703125,-0.036407201656805069,-2.6904631993118766e-07
0.13700000000000001,-0.075592041015625,-0.075599281505359509,7.2404897345085262e-06
0.137125,-0.103302001953125,-0.10329396808922083,-8.0338639041749316e-06
0.13725000000000001,-0.11529541015625,-0.11530515222542732,9.7420691773236756e-06
0.137375,-0.109832763671875,-0.10982798901174612,-4.7746601288811696e-06
0.13750000000000001,-0.08770751953125,-0.08771007594751952,2.5564162695196346e-06
0.137625,-0.05230712890625,-0.052320339981808857,1.3211075558856866e-05
0.13775000000000001,-0.009033203125,-0.0090359070672313968,2.7039422313968053e-06
0.137875,0.03558349609375,0.035574891491505237,8.6046022447633375e-06
0.13800000000000001,0.074737548828125,0.074749244179256824,-1.1695351131824072e-05
0.138125,0.102569580078125,0.10255506679313167,1.4513284993328268e-05
0.13825000000000001,0.114776611328125,0.11478927714416139,-1.2665816036386279e-05
0.138375,0.109619140625,0.10961311548661258,6.0251383874193598e-06
0.13850000000000001,0.08782958984375,0.087828479881840865,1.1099619091348156e-06
0.138625,0.052764892578125,0.052753751491036033,1.1141087088967216e-05
0.13875000000000001,0.00970458984375,0.0097183299954750127,-1.3740151725012695e-05
0.138875,-0.034759521484375,-0.034747129178690536,-1.2392305684463811e-05
0.13900000000000001,-0.07391357421875,-0.0739017396383089,-1.1834580441100195e-05
0.139125,-0.101806640625,-0.10181628415038645,9.6435253864463055e-06
0.13925000000000001,-0.1142578125,-0.11427107381877388,1.3261318773882813e-05
0.139375,-0.109405517578125,-0.10939380495383373,-1.1712624291268514e-05
0.13950000000000001,-0.08795166015625,-0.087940995458882301,-1.0664697367698817e-05
0.139625,-0.053192138671875,-0.05318070002698002,-1.1438644894980199e-05
0.13975000000000001,-0.010406494140625,-0.010394678285857243,-1.1815854767756664e-05
0.139875,0.033935546875,0.033924150035935637,1.1396839064363451e-05
0.14000000000000001,0.07305908203125,0.073057020310973483,2.061720276516632e-06
0.140125,0.10107421875,0.10107788580353283,-3.6670535328298115e-06
0.14025000000000001,0.113739013671875,0.11375081521016839,-1.1801538293387814e-05
0.140375,0.109161376953125,0.10917033069360077,-8.9537404757700223e-06
0.14050000000000001,0.088043212890625,0.0880478892376306,-4.6763470055999345e-06
0.140625,0.0535888671875,0.053601439412679482,-1.2572225179481589e-05
0.14074999999999999,0.011077880859375,0.011065188947090375,1.2691912284625018e-05
0.140875,-0.033111572265625,-0.033105735394755136,-5.8368708698644522e-06
0.14099999999999999,-0.07220458984375,-0.072214884613553035,1.0294769803034787e-05
0.141125,-0.100341796875,-0.10033968341002539,-2.1134649746124001e-06
0.14124999999999999,-0.11322021484375,-0.11322832037022552,8.1055264755242051e-06
0.141375,-0.10894775390625,-0.10894251219057928,-5.2417156707201817e-06
0.14149999999999999,-0.088134765625,-0.08814897411526991,1.4208490269909668e-05
0.141625,-0.05401611328125,-0.054015769942972643,-3.4333827735738565e-07
0.14174999999999999,-0.01171875,-0.011729645572888359,1.0895572888358629e-05
0.141875,0.03228759765625,0.032292119925839496,-4.5222695894964193e-06
0.14199999999999999,0.071380615234375,0.071375584274709206,5.0309596657943656e-06
0.142125,0.099609375,0.099601941965775667,7.4330342243328351e-06
0.14224999999999999,0.112701416015625,0.11270386176433343,-2.4457487084322826e-06
0.142375,0.10870361328125,0.10871062245552299,-7.0091742729871953e-06
0.14249999999999999,0.0882568359375,0.088244516648033816,1.231928946618388e-05
0.142625,0.054412841796875,0.054423945705012737,-1.110390813773704e-05
0.14274999999999999,0.01239013671875,0.012388285662608817,1.851056141182611e-06
0.142875,-0.031494140625,-0.031483084318119622,-1.105630688037762e-05
0.14299999999999999,-0.070526123046875,-0.070538917013743693,1.2793966868693274e-05
0.143125,-0.098876953125,-0.098864472482516494,-1.248064248350611e-05
0.14324999999999999,-0.1121826171875,-0.11217725794775738,-5.3592397426249772e-06
0.143375,-0.10845947265625,-0.10847448070071747,1.5008044467468284e-05
0.14349999999999999,-0.088348388671875,-0.088334329726010116,-1.4058945864883765e-05
0.143625,-0.054840087890625,-0.054825767252625016,-1.4320637999984398e-05
0.14374999999999999,-0.013031005859375,-0.013040893295561552,9.8874361865522453e-06
0.143875,0.030670166015625,0.030678862603948521,-8.6965883235208541e-06
0.14399999999999999,0.0697021484375,0.069705133865108737,-2.9854276087371012e-06
0.144125,0.098114013671875,0.098127539311380171,-1.3525639505171383e-05
0.14424999999999999,0.11163330078125,0.11164878088820826,-1.5480106958259965e-05
0.144375,0.108245849609375,0.10823435966161568,1.1489947759318886e-05
0.14449999999999999,0.088409423828125,0.088418679894028587,-9.2560659035872961e-06
0.144625,0.05523681640625,0.055221488926899938,1.5327479350062123e-05
0.14474999999999999,0.013702392578125,0.013687706451624908,1.4686126500091518e-05
0.144875,-0.029876708984375,-0.029879234838167089,2.5258537920888613e-06
0.14499999999999999,-0.068878173828125,-0.068874031856748716,-4.141971376284137e-06
0.145125,-0.097381591796875,-0.097390952820318455,9.3610234434549078e-06
0.14524999999999999,-0.111114501953125,-0.11111824864225499,3.7466891299881011e-06
0.145375,-0.108001708984375,-0.10799007827233673,-1.1630712038274149e-05
0.14549999999999999,-0.0885009765625,-0.088497380026475433,-3.5965360245665545e-06
0.145625,-0.05560302734375,-0.055610911530576172,7.884186826172257e-06
0.14574999999999999,-0.01434326171875,-0.014328509685626085,-1.475203312391489e-05
0.145875,0.029083251953125,0.029084434423342392,-1.182470217391679e-06
0.14599999999999999,0.06805419921875,0.068045861334631225,8.3378841187753405e-06
0.146125,0.096649169921875,0.096654976717680516,-5.8067958055157964e-06
0.14624999999999999,0.110595703125,0.11058593267792056,9.7704470794351961e-06
0.14637500000000001,0.10772705078125,0.10774190898733906,-1.4858206089055082e-05
0.14649999999999999,0.08856201171875,0.088570696648252747,-8.6849295027474627e-06
0.14662500000000001,0.055999755859375,0.055994289648609752,5.466210765248114e-06
0.14674999999999999,0.01495361328125,0.014963541447901123,-9.9281666511227828e-06
0.14687500000000001,-0.028289794921875,-0.02829424078877852,4.4458669035199461e-06
0.14699999999999999,-0.067230224609375,-0.067220418641068674,-9.8059683063256298e-06
0.14712500000000001,-0.095916748046875,-0.095919420729660282,2.6726827852818769e-06
0.14724999999999999,-0.11004638671875,-0.11005165055113016,5.2638323801562636e-06
0.14737500000000001,-0.10748291015625,-0.10748967045694179,6.7603006917854591e-06
0.14749999999999999,-0.088653564453125,-0.088638442609584048,-1.5121843540952251e-05
0.14762500000000001,-0.056365966796875,-0.056371424322633923,5.4575257589228876e-06
0.14774999999999999,-0.015594482421875,-0.015592586758746484,-1.8956631285156622e-06
0.14787500000000001,0.027496337890625,0.027508886715755559,-1.2548825130558744e-05
0.14799999999999999,0.06640625,0.066397953439264523,8.296560735476799e-06
0.14812500000000001,0.095184326171875,0.095184547923929663,-2.2175205466323789e-07
0.14824999999999999,0.109527587890625,0.10951567322834931,1.1914662275694377e-05
0.14837500000000001,0.10723876953125,0.10723363484905131,5.134682198690288e-06
0.14849999999999999,0.088714599609375,0.088700884407044059,1.3715202330941145e-05
0.14862500000000001,0.056732177734375,0.056742570371554467,-1.0392637179466868e-05
0.14874999999999999,0.016204833984375,0.016215884528993026,-1.105054461802632e-05
0.14887500000000001,-0.0267333984375,-0.026728151016595928,-5.2474209040719033e-06
0.14899999999999999,-0.065582275390625,-0.065578261391694564,-4.013998930435525e-06
0.14912500000000001,-0.094451904296875,-0.094450167387081202,-1.736909793798036e-06
0.14924999999999999,-0.108978271484375,-0.10897781776305997,-4.537213150329622e-07
0.14937500000000001,-0.106964111328125,-0.10697362052471963,9.5091965946342283e-06
0.14949999999999999,-0.0887451171875,-0.088757834858398679,1.2717670898679256e-05
0.14962500000000001,-0.057098388671875,-0.057107529065986831,9.1403941118312071e-06
0.14974999999999999,-0.016845703125,-0.01683322023441549,-1.2482890584510076e-05
0.14987500000000001,0.02593994140625,0.025952265859841988,-1.2324453591987944e-05
0.14999999999999999,0.06475830078125,0.064761591484622183,-3.2907033721829571e-06
0.15012500000000001,0.093719482421875,0.093716541548303833,2.94087357116668e-06
0.15024999999999999,0.108428955078125,0.10843835461843297,-9.3995403079721873e-06
0.15037500000000001,0.106719970703125,0.10670989935989465,1.0071343230347307e-05
0.15049999999999999,0.08880615234375,0.088809560423635081,-3.4080798850810723e-06
0.15062500000000001,0.057464599609375,0.05746655544893265,-1.9558395576504961e-06
0.15075,0.0174560546875,0.017444833236377372,1.1221451122627596e-05
0.15087500000000001,-0.025177001953125,-0.025181009449352722,4.0074962277224235e-06
0.151,-0.063934326171875,-0.06394773870649402,1.3412534619020033e-05
0.15112500000000001,-0.092987060546875,-0.092983478856851612,-3.581690023388151e-06
0.15125,-0.10791015625,-0.10789710034384654,-1.3055906153455754e-05
0.15137500000000001,-0.1064453125,-0.10644228942103123,-3.0230789687668569e-06
0.1515,-0.0888671875,-0.08885587387987065,-1.1313620129349555e-05
0.15162500000000001,-0.057830810546875,-0.057819451010216724,-1.1359536658275826e-05
0.15175,-0.018035888671875,-0.018050509456254929,1.4620784379928975e-05
0.15187500000000001,0.0244140625,0.024414613349481005,-5.5084948100483921e-07
0.152,0.063140869140625,0.063136951372514197,3.9177681108032436e-06
0.15212500000000001,0.092254638671875,0.092251241105729409,3.3975661455909467e-06
0.15225,0.10736083984375,0.10735432489758509,6.5149461649094409e-06
0.15237500000000001,0.106170654296875,0.10617106228687138,-4.079899963843614e-07
0.1525,0.088897705078125,0.088897041642417379,6.6343570762072979e-07
0.15262500000000001,0.05816650390625,0.058166471007189822,3.2899060177504769e-08
0.15275,0.018646240234375,0.018650488696041207,-4.2484616662070984e-06
0.15287500000000001,-0.023651123046875,-0.023652855164139182,1.7321172641818205e-06
0.153,-0.06231689453125,-0.062329023803003133,1.2129271753133497e-05
0.15312500000000001,-0.091522216796875,-0.091519636109219871,-2.5806876551293101e-06
0.15325,-0.1068115234375,-0.10680984432339111,-1.6791141088934314e-06
0.15337500000000001,-0.10589599609375,-0.10589603572409224,3.9630342243968109e-08
0.1535,-0.08892822265625,-0.08893287643969236,4.6537834423598934e-06
0.15362500000000001,-0.058502197265625,-0.058507417139219357,5.2198735943573271e-06
0.15375,-0.019256591796875,-0.019244557312846678,-1.203448402832194e-05
0.15387500000000001,0.02288818359375,0.022895965862036009,-7.7822682860093084e-06
0.154,0.0615234375,0.061524203648010423,-7.6614801042262926e-07
0.15412500000000001,0.090789794921875,0.090788925026565215,8.698953097852069e-07
0.15425,0.10626220703125,0.10626392807320702,-1.7210419570173885e-06
0.15437500000000001,0.105621337890625,0.10561748100913018,3.8568814948181096e-06
0.1545,0.088958740234375,0.088963644634353065,-4.9043999780645775e-06
0.15462500000000001,0.058837890625,0.05884254486836616,-4.6542433661603266e-06
0.15475,0.01983642578125,0.019832955539487964,3.4702417620359471e-06
0.15487500000000001,-0.02215576171875,-0.022143722455686569,-1.2039263063430561e-05
0.155,-0.06072998046875,-0.060722284565686457,-7.6959030635426195e-06
0.15512500000000001,-0.090057373046875,-0.090058915039519252,1.5419926442522547e-06
0.15525,-0.105712890625,-0.10571639168375041,3.5010587504102908e-06
0.15537500000000001,-0.1053466796875,-0.10533521560385195,-1.1464083648049517e-05
0.1555,-0.0889892578125,-0.088989158898224563,-9.8914275437067545e-08
0.15562500000000001,-0.059173583984375,-0.059171656093949497,-1.9278904255029539e-06
0.15575,-0.020416259765625,-0.020415470159003378,-7.8960662162202988e-07
0.15587500000000001,0.021392822265625,0.021396355326648055,-3.5330610230546733e-06
0.156,0.0599365234375,0.059923513546882953,1.3009890617046715e-05
0.15612500000000001,0.089324951171875,0.089329866676083974,-4.9155042089743528e-06
0.15625,0.10516357421875,0.10516750409929441,-3.9298805444148988e-06
0.15637499999999999,0.10504150390625,0.10504951047743001,-8.0065711800109129e-06
0.1565,0.089019775390625,0.089009685533468719,1.0089857156281301e-05
0.15662499999999999,0.05950927734375,0.059495006473255438,1.4270870494562105e-05
0.15675,0.02099609375,0.0209923418252876,3.7519247124001565e-06
0.15687499999999999,-0.020660400390625,-0.020653640904570197,-6.7594860548025881e-06
0.157,-0.059112548828125,-0.059127683593587541,1.5134765462540556e-05
0.15712499999999999,-0.088592529296875,-0.088601586488049514,9.0571911745135347e-06
0.15725,-0.1046142578125,-0.1046170803482758,2.8225357757982739e-06
0.15737499999999999,-0.104766845703125,-0.10476018278203897,-6.6629210860313925e-06
0.1575,-0.089019775390625,-0.089025037147563518,5.2617569385182694e-06
0.15762499999999999,-0.059814453125,-0.059812398096067379,-2.0550289326209947e-06
0.15775,-0.021575927734375,-0.021563357737562419,-1.2569996812580864e-05
0.15787499999999999,0.019927978515625,0.019915808992422897,1.2169523202102545e-05
0.158,0.058349609375,0.058335041043491062,1.4568331508937882e-05
0.15812499999999999,0.087860107421875,0.087874334374785548,-1.4226952910548207e-05
0.15825,0.10406494140625,0.10406538886610275,-4.474598527537399e-07
0.15837499999999999,0.104461669921875,0.10446750317477409,-5.8332528990873156e-06
0.1585,0.08905029296875,0.089035479974472004,1.4812994277996205e-05
0.15862499999999999,0.06011962890625,0.060124086805453066,-4.4578992030655518e-06
0.15875,0.022125244140625,0.022128758961081393,-3.5148204563933971e-06
0.15887499999999999,-0.019195556640625,-0.019182635445490957,-1.2921195134043412e-05
0.159,-0.05755615234375,-0.057545378248434031,-1.0774095315968513e-05
0.15912499999999999,-0.087158203125,-0.087147916260784788,-1.0286864215211522e-05
0.15925,-0.103515625,-0.10351224417180716,-3.3808281928449091e-06
0.15937499999999999,-0.104156494140625,-0.10417128849338453,1.4794352759528451e-05
0.1595,-0.08905029296875,-0.089040826549686647,-9.4664190633531042e-06
0.15962499999999999,-0.0604248046875,-0.060429874872341964,5.0701848419640316e-06
0.15975,-0.022674560546875,-0.022688333101616165,1.37725547411649e-05
0.15987499999999999,0.018463134765625,0.018454349496623529,8.785269001471141e-06
0.16,0.0567626953125,0.05675894089903117,3.7544134688302644e-06
0.16012499999999999,0.08642578125,0.08642259141947857,3.1898305214300704e-06
0.16025,0.10296630859375,0.10295791419087408,8.3944028759219691e-06
0.16037499999999999,0.1038818359375,0.10387180907821995,1.0026859280046208e-05
0.1605,0.08905029296875,0.089041343031432074,8.9499373179258157e-06
0.16062499999999999,0.06072998046875,0.060730018316293585,-3.7847543585267651e-08
0.16075,0.02325439453125,0.023242321626123677,1.2072905126322975e-05
0.16087499999999999,-0.017730712890625,-0.017730726435285848,1.3544660847769618e-08
0.161,-0.05596923828125,-0.055975520703083842,6.2824218338419779e-06
0.16112499999999999,-0.085693359375,-0.085698165150823985,4.8057758239850035e-06
0.16125,-0.1024169921875,-0.10240221293192615,-1.4779255573846295e-05
0.16137499999999999,-0.10357666015625,-0.10356888144801048,-7.778708239522536e-06
0.1615,-0.08905029296875,-0.089036841875713882,-1.3451093036118134e-05
0.16162499999999999,-0.06103515625,-0.06102431958009788,-1.0836669902120066e-05
0.16175,-0.0238037109375,-0.02379051253730215,-1.3198400197849541e-05
0.16187499999999999,0.016998291015625,0.017011994932734486,-1.3703917109485902e-05
0.16200000000000001,0.055206298828125,0.055195362710215697,1.0936117909303433e-05
0.16212499999999999,0.0849609375,0.084974896105112233,-1.3958605112232569e-05
0.16225000000000001,0.101837158203125,0.10184540780959621,-8.2496064712084261e-06
0.16237499999999999,0.103271484375,0.10326277562183676,8.7087531632362714e-06
0.16250000000000001,0.089019775390625,0.089027589157585102,-7.8137669601019422e-06
0.16262499999999999,0.061309814453125,0.061313034850605345,-3.2203974803454716e-06
0.16275000000000001,0.024322509765625,0.024333147694274214,-1.0637928649213924e-05
0.16287499999999999,-0.01629638671875,-0.01629792972107233,1.543002322329512e-06
0.16300000000000001,-0.054412841796875,-0.054418257990341543,5.4161934665425404e-06
0.16312499999999999,-0.084259033203125,-0.084252588960616659,-6.4442425083410804e-06
0.16325000000000001,-0.101287841796875,-0.10128731232123198,-5.294756430240799e-07
0.16337499999999999,-0.10296630859375,-0.10295330779495511,-1.3000798794890467e-05
0.16350000000000001,-0.089019775390625,-0.089013397246228435,-6.3781443965654772e-06
0.16362499999999999,-0.06158447265625,-0.061595966733354345,1.1494077104344524e-05
0.16375000000000001,-0.024871826171875,-0.024870015487106756,-1.8106847682435034e-06
0.16387499999999999,0.015594482421875,0.015588758918473883,5.7235034011168112e-06
0.16400000000000001,0.05364990234375,0.053644450958268176,5.4513854818236118e-06
0.16412499999999999,0.083526611328125,0.083531501747392878,-4.8904192678778102e-06
0.16425000000000001,0.100738525390625,0.10072819336980002,1.0332020824982413e-05
0.16437499999999999,0.102630615234375,0.10264074766080265,-1.0132426427653107e-05
0.16450000000000001,0.0889892578125,0.088994532126228224,-5.274313728223512e-06
0.16462499999999999,0.061859130859375,0.061873371573384843,-1.4240714009843003e-05
0.16475000000000001,0.025390625,0.025401358157563201,-1.0733157563200951e-05
0.16487499999999999,-0.014892578125,-0.014884256708183753,-8.3214168162468183e-06
0.16500000000000001,-0.052886962890625,-0.052873732052173654,-1.3230838451346039e-05
0.16512499999999999,-0.08282470703125,-0.082811438524949071,-1.3268506300928573e-05
0.16525000000000001,-0.10015869140625,-0.10016786394063382,9.1725343838167106e-06
0.16537499999999999,-0.102325439453125,-0.10232491108684895,-5.2836627605079567e-07
0.16550000000000001,-0.088958740234375,-0.088970806072715,1.206583834000019e-05
0.16562499999999999,-0.0621337890625,-0.062145052129936679,1.1263067436678709e-05
0.16575000000000001,-0.02593994140625,-0.025926964473639708,-1.2976932610292424e-05
0.16587499999999999,0.014190673828125,0.014184650663738658,6.023164386342178e-06
0.16600000000000001,0.052093505859375,0.052106345058263781,-1.2839198888781045e-05
0.16612499999999999,0.08209228515625,0.082092656706099928,-3.715498499284875e-07
0.16625000000000001,0.099609375,0.099606590424356448,2.7845756435523894e-06
0.166375,0.102020263671875,0.10200606743664488,1.4196235230121146e-05
0.16650000000000001,0.08892822265625,0.088942484972670793,-1.4262316420793342e-05
0.166625,0.062408447265625,0.062411264897290257,-2.8176316652570033e-06
0.16675000000000001,0.026458740234375,0.026447077050282538,1.1663184092462059e-05
0.166875,-0.01348876953125,-0.013489714428014752,9.4489676475198459e-07
0.16700000000000001,-0.05133056640625,-0.051342079789215719,1.1513382965719354e-05
0.167125,-0.08135986328125,-0.081374959734627619,1.5096453377619334e-05
0.16725000000000001,-0.099029541015625,-0.09904418529365927,1.4644278034270375e-05
0.167375,-0.1016845703125,-0.10168403224570881,-5.38066791191949e-07
0.16750000000000001,-0.088897705078125,-0.088909381000080029,1.1675921955028867e-05
0.167625,-0.06268310546875,-0.06267181277944972,-1.1292689300279601e-05
0.16775000000000001,-0.026947021484375,-0.026961485023992936,1.4463539617936422e-05
0.167875,0.012786865234375,0.012799675038393086,-1.2809804018085527e-05
0.16800000000000001,0.050567626953125,0.050581179408844185,-1.355245571918462e-05
0.168125,0.080657958984375,0.080658604409157175,-6.4542478217521904e-07
0.16825000000000001,0.098480224609375,0.098480914426268273,-6.8981689327340945e-07
0.168375,0.101348876953125,0.10135907454360257,-1.0197590477573071e-05
0.16850000000000001,0.0888671875,0.088871759937295736,-4.5724372957356429e-06
0.168625,0.06292724609375,0.062926952411053463,2.9368269653662349e-07
0.16875000000000001,0.0274658203125,0.027470431373561276,-4.6110610612756786e-06
0.168875,-0.012115478515625,-0.012114305605803044,-1.1729098219562945e-06
0.16900000000000001,-0.049835205078125,-0.049823433110600016,-1.1771967524984439e-05
0.169125,-0.0799560546875,-0.079943393560870935,-1.2661126629065489e-05
0.16925000000000001,-0.097930908203125,-0.097916589781739741,-1.4318421385259295e-05
0.169375,-0.101043701171875,-0.10103100952985966,-1.26916420153389e-05
0.16950000000000001,-0.088836669921875,-0.088829433850223641,-7.2360716513591994e-06
0.169625,-0.06317138671875,-0.063176486832084502,5.100113334502443e-06
0.16975000000000001,-0.027984619140625,-0.027973705594638187,-1.0913545986812601e-05
0.169875,0.011444091796875,0.011433832639935476,1.0259156939524186e-05
0.17000000000000001,0.049072265625,0.04906908344219988,3.1821828001196706e-06
0.170125,0.0792236328125,0.07922958337737325,-5.9505648732499639e-06
0.17025000000000001,0.09735107421875,0.097351476724456654,-4.0250570665367746e-07
0.170375,0.1007080078125,0.10070010589609536,7.9019164046373325e-06
0.17050000000000001,0.088775634765625,0.088782668409695675,-7.0336440706753045e-06
0.170625,0.06341552734375,0.063420672808766912,-5.145465016911932e-06
0.17075000000000001,0.028472900390625,0.028471551020536903,1.3493700880967685e-06
0.170875,-0.010772705078125,-0.010758028728229582,-1.467634989541812e-05
0.17100000000000001,-0.048309326171875,-0.048317918984133942,8.5928122589423728e-06
0.171125,-0.078521728515625,-0.078516976080425835,-4.7524351991651281e-06
0.17125000000000001,-0.096771240234375,-0.096785386700468254,1.4146466093253873e-05
0.171375,-0.100372314453125,-0.10036617850196274,-6.135951162264397e-06
0.17150000000000001,-0.0887451171875,-0.088731275566716228,-1.3841620783772157e-05
0.171625,-0.06365966796875,-0.063659313508345139,-3.5446040486108998e-07
0.17175000000000001,-0.028961181640625,-0.028963757496821535,2.575856196534998e-06
0.171875,0.010101318359375,0.01008711986108143,1.4198498293569589e-05
0.17199999999999999,0.047576904296875,0.047570181674339476,6.7226225355238034e-06
0.172125,0.07781982421875,0.077805827249865372,1.3996968884627536e-05
0.17224999999999999,0.096221923828125,0.09621858456049856,3.3392676264398791e-06
0.172375,0.10003662109375,0.10002949569730309,7.1253964469136788e-06
0.17249999999999999,0.08868408203125,0.088675520873857702,8.5611573922977913e-06
0.172625,0.06390380859375,0.063892665820007577,1.1142773742423007e-05
0.17274999999999999,0.029449462890625,0.029450568702087846,-1.1058114628460791e-06
0.172875,-0.009429931640625,-0.0094208781108775369,-9.053529747463096e-06
0.17299999999999999,-0.04681396484375,-0.046825659486711815,1.1694642961815327e-05
0.173125,-0.07708740234375,-0.077095938501327246,8.5361575772463505e-06
0.17324999999999999,-0.09564208984375,-0.095650881236830076,8.7913930800764817e-06
0.173375,-0.099700927734375,-0.09968987199813556,-1.1055736239440339e-05
0.17349999999999999,-0.088623046875,-0.08861521616053139,-7.830714468609612e-06
0.173625,-0.064117431640625,-0.064120533029652996,3.1013890279957268e-06
0.17374999999999999,-0.029937744140625,-0.029931774822575429,-5.9693180495708209e-06
0.173875,0.008758544921875,0.008759528957146696,-9.8403527169603489e-07
0.17399999999999999,0.04608154296875,0.046084593755740928,-3.0507869909282559e-06
0.174125,0.076385498046875,0.07638756481018312,-2.0667633081200565e-06
0.17424999999999999,0.0950927734375,0.095082541066331405,1.0232371168594767e-05
0.174375,0.099334716796875,0.099347575408836014,-1.2858611961014121e-05
0.17449999999999999,0.08856201171875,0.088550626854430395,1.138486431960517e-05
0.174625,0.0643310546875,0.064343172140882088,-1.2117453382087806e-05
0.17474999999999999,0.0303955078125,0.030407619873015334,-1.211206051533395e-05
0.174875,-0.00811767578125,-0.0081028439655883872,-1.4831815661612777e-05
0.17499999999999999,-0.04534912109375,-0.045346771855050406,-2.3492386995935255e-06
0.175125,-0.07568359375,-0.075680507189313476,-3.0865606865243533e-06
0.17524999999999999,-0.094512939453125,-0.094513374467368641,4.350142436410076e-07
0.175375,-0.0989990234375,-0.099002420098165456,3.3966606654556308e-06
0.17549999999999999,-0.088470458984375,-0.088481564656830297,1.1105672455297144e-05
0.175625,-0.0645751953125,-0.064560386549795235,-1.4808762704765499e-05
0.17574999999999999,-0.0308837890625,-0.030877894371243175,-5.8946912568254295e-06
0.175875,0.0074462890625,0.0074510481132758558,-4.7590507758557554e-06
0.17599999999999999,0.04461669921875,0.044612434522097157,4.2646966528434027e-06
0.176125,0.074981689453125,0.074975020013047275,6.6694400777250751e-06
0.17624999999999999,0.09393310546875,0.09394364526287792,-1.0539794127920055e-05
0.176375,0.098663330078125,0.098654673721481539,8.6563566434605388e-06
0.17649999999999999,0.088409423828125,0.088408294864062445,1.1289640625550268e-06
0.176625,0.06475830078125,0.064772433365955284,-1.4132584705284224e-05
0.17674999999999999,0.031341552734375,0.031342842658989185,-1.2899246141853671e-06
0.176875,-0.006805419921875,-0.0068039124675996453,-1.5074542753547304e-06
0.17699999999999999,-0.04388427734375,-0.043881368536632284,-2.9088071177157948e-06
0.177125,-0.07427978515625,-0.074270903694935261,-8.881461314738659e-06
0.17724999999999999,-0.0933837890625,-0.093373163357282019,-1.0625705217981452e-05
0.177375,-0.098297119140625,-0.098304150096797632,7.0309561726322745e-06
0.17749999999999999,-0.08831787109375,-0.088330629042842307,1.2757949092306875e-05
0.17762500000000001,-0.064971923828125,-0.064979116087273636,7.1922591486361931e-06
0.17774999999999999,-0.03179931640625,-0.031802255576601497,2.9391703514972112e-06
0.17787500000000001,0.00616455078125,0.0061616615115211272,2.8892697288727606e-06
0.17799999999999999,0.04315185546875,0.043153814045463285,-1.9585767132845877e-06
0.17812500000000001,0.073577880859375,0.073568412011741954,9.4688476330456739e-06
0.17824999999999999,0.092803955078125,0.092802192059609948,1.7630185150524502e-06
0.17837500000000001,0.09796142578125,0.097951116527029772,1.0309254220228214e-05
0.17849999999999999,0.0882568359375,0.088248832351785933,8.0035857140670075e-06
0.17862500000000001,0.065185546875,0.065180691921000178,4.8549539998221647e-06
0.17874999999999999,0.032257080078125,0.03225637778384851,7.0229427649032283e-07
0.17887500000000001,-0.005523681640625,-0.0055240658225101102,3.8418188511024631e-07
0.17899999999999999,-0.04241943359375,-0.042429557240922011,1.0123647172011196e-05
0.17912500000000001,-0.0728759765625,-0.072867344781223115,-8.631781276885464e-06
0.17924999999999999,-0.09222412109375,-0.092230540760434548,6.4196666845484085e-06
0.17937500000000001,-0.09759521484375,-0.097595386476086773,1.716323367734196e-07
0.17949999999999999,-0.088165283203125,-0.088162716216758599,-2.5669863664007364e-06
0.17962500000000001,-0.06536865234375,-0.065376964458577255,8.3121148272552459e-06
0.17974999999999999,-0.03271484375,-0.032705000434585733,-9.8433154142665846e-06
0.17987500000000001,0.0048828125,0.0048913493977359359,-8.5368977359358972e-06
0.17999999999999999,0.041717529296875,0.041708837685583373,8.6916112916265997e-06
0.18012500000000001,0.072174072265625,0.072167955186121804,6.1170795031956215e-06
0.18024999999999999,0.091644287109375,0.091658472255012918,-1.4185145637918284e-05
0.18037500000000001,0.09722900390625,0.097237226891151621,-8.2229849016207668e-06
0.18049999999999999,0.08807373046875,0.088072545652436204,1.1848163137956336e-06
0.18062500000000001,0.065582275390625,0.065568190996712683,1.4084393912316973e-05
0.18074999999999999,0.03314208984375,0.033148368497645943,-6.2786538959427873e-06
0.18087500000000001,-0.0042724609375,-0.004263282333077047,-9.1786044229529712e-06
0.18099999999999999,-0.040985107421875,-0.040991440990810077,6.3335689350768609e-06
0.18112500000000001,-0.07147216796875,-0.071470042452001337,-2.1255167486633475e-06
0.18124999999999999,-0.091094970703125,-0.091085795420269594,-9.1752828554059196e-06
0.18137500000000001,-0.09686279296875,-0.096876450878804185,1.3657910054185041e-05
0.18149999999999999,-0.087982177734375,-0.087978131937688567,-4.045796686433234e-06
0.18162500000000001,-0.065765380859375,-0.065754175212256599,-1.1205647118400774e-05
0.18174999999999999,-0.033599853515625,-0.033586273431518876,-1.3580084106123991e-05
0.18187500000000001,0.003631591796875,0.0036400881482441818,-8.4963513691817781e-06
0.182,0.040283203125,0.040277606141427461,5.5969835725394601e-06
0.18212500000000001,0.070770263671875,0.07077385917122607,-3.5954993510695088e-06
0.18225,0.09051513671875,0.090512772537947997,2.3641808020030686e-06
0.18237500000000001,0.096527099609375,0.096513325027332522,1.3774582042477834e-05
0.1825,0.087890625,0.087879739937151938,1.0885062848062232e-05
0.18262500000000001,0.065948486328125,0.065935174483264969,1.3311844860031119e-05
0.18275,0.034027099609375,0.034018960505212928,8.1391041620720861e-06
0.18287500000000001,-0.003021240234375,-0.0030215364658107979,2.9623143579793343e-07
0.183,-0.039581298828125,-0.039567118174274406,-1.4180653850594249e-05
0.18312500000000001,-0.070068359375,-0.070079203980812479,1.084460581247948e-05
0.18325,-0.089935302734375,-0.089939211971620442,3.9092372454418989e-06
0.18337500000000001,-0.096160888671875,-0.096147662082890412,-1.3226588984588394e-05
0.1835,-0.0877685546875,-0.087777180776665922,8.6260891659223349e-06
0.18362500000000001,-0.06610107421875,-0.066110992563941179,9.9183451911788456e-06
0.18375,-0.034454345703125,-0.034446221473000554,-8.1242301244455195e-06
0.18387500000000001,0.002410888671875,0.0024078503363295432,3.0383355454567836e-06
0.184,0.038848876953125,0.038860215502929001,-1.1338549804000564e-05
0.18412500000000001,0.06939697265625,0.069386328886461124,1.0643769788876156e-05
0.18425,0.08935546875,0.089365375489883797,-9.9067398837970888e-06
0.18437500000000001,0.095794677734375,0.095779728271839601,1.4949462535399083e-05
0.1845,0.087677001953125,0.087670719164878078,6.2827882469224106e-06
0.18462500000000001,0.0662841796875,0.066281886905726797,2.2927817732026901e-06
0.18475,0.034881591796875,0.034868301895298444,1.3289901576556129e-05
0.18487500000000001,-0.001800537109375,-0.0017987989173279906,-1.738192047009415e-06
0.185,-0.03814697265625,-0.038156682596215061,9.7099399650607543e-06
0.18512500000000001,-0.068695068359375,-0.068695031940391588,-3.6418983412334072e-08
0.18525,-0.088775634765625,-0.088791070943378972,1.543617775397188e-05
0.18537500000000001,-0.09539794921875,-0.095409335976939,1.1386758188999813e-05
0.1855,-0.087554931640625,-0.087560166068692546,5.2344280675464816e-06
0.18562500000000001,-0.066436767578125,-0.066447661332234731,1.0893754109730924e-05
0.18575,-0.0352783203125,-0.035284993813385686,6.6735008856858014e-06
0.18587500000000001,0.001190185546875,0.0011946047984726206,-4.4192515976206395e-06
0.186,0.037445068359375,0.037456757302958159,-1.1688943583158806e-05
0.18612500000000001,0.0679931640625,0.068005564565391724,-1.2400502891724008e-05
0.18625,0.088226318359375,0.088216559588012777,9.7587713622226957e-06
0.18637500000000001,0.09503173828125,0.095036751059719413,-5.0127784694126154e-06
0.1865,0.087432861328125,0.087445786034929154,-1.2924706804154362e-05
0.18662500000000001,0.066619873046875,0.066608573360403614,1.1299686471386017e-05
0.18675,0.03570556640625,0.035696543070348995,9.0233359010052916e-06
0.18687500000000001,-0.000579833984375,-0.00059503668050782746,1.5202696132827456e-05
0.187,-0.036773681640625,-0.03676022353049737,-1.3458110127630152e-05
0.18712500000000001,-0.06732177734375,-0.067317724232703435,-4.0531110465646947e-06
0.18725,-0.087646484375,-0.087641648762021573,-4.8356129784266066e-06
0.18737500000000001,-0.09466552734375,-0.094661785536703069,-3.741807046930834e-06
0.1875,-0.08734130859375,-0.087327389865793262,-1.3918727956738208e-05
0.18762499999999999,-0.0667724609375,-0.066764426875458249,-8.0340620417507225e-06
0.18775,-0.036102294921875,-0.036102741985819697,4.4706394469740118e-07
0.18787499999999999,0,3.1670039638064414e-07,-3.1670039638064414e-07
0.188,0.03607177734375,0.036067318569421365,4.4587743286347847e-06
0.18812499999999999,0.066619873046875,0.066631761786054816,-1.1888739179816143e-05
0.18825,0.087066650390625,0.087066599209201206,5.1181423793567049e-08
0.18837499999999999,0.09429931640625,0.094284704901810665,1.4611504439335232e-05
0.1885,0.08721923828125,0.087205241940566211,1.3996340683788966e-05
0.18862499999999999,0.066925048828125,0.066915479452056573,9.5693760684273377e-06
0.18875,0.0364990234375,0.036503836676892804,-4.8132393928035366e-06
0.18887499999999999,0.000579833984375,0.00058978688963611371,-9.9529052611137129e-06
0.189,-0.035369873046875,-0.035377825772134566,7.9527252595662512e-06
0.18912499999999999,-0.065948486328125,-0.065947474119562297,-1.0122085627034538e-06
0.18925,-0.08648681640625,-0.086491217755996413,4.4013497464134854e-06
0.18937499999999999,-0.093902587890625,-0.0939053208026117,2.732911986699782e-06
0.1895,-0.087066650390625,-0.087079152891117964,1.2502500492964086e-05
0.18962499999999999,-0.067047119140625,-0.067061535029316374,1.4415888691374223e-05
0.18975,-0.036895751953125,-0.036899619732928435,3.8677798034347788e-06
0.18987499999999999,-0.001190185546875,-0.0011750523970982048,-1.5133149776795207e-05
0.19,0.034698486328125,0.034691981877553082,6.5044505719175083e-06
0.19012499999999999,0.065277099609375,0.065265111501813272,1.1988107561727857e-05
0.19025,0.085906982421875,0.085915764634774752,-8.7822128997522286e-06
0.19037499999999999,0.093536376953125,0.093523898362762578,1.2478590362421937e-05
0.1905,0.086944580078125,0.086949386923608235,-4.8068454832350671e-06
0.19062499999999999,0.06719970703125,0.067202851231971034,-3.1442007210336076e-06
0.19075,0.03729248046875,0.037290337536489977,2.1429322600227674e-06
0.19087499999999999,0.00177001953125,0.0017557120101959209,1.4307521054079085e-05
0.191,-0.03399658203125,-0.034009569689675202,1.2987658425202275e-05
0.19112499999999999,-0.0645751953125,-0.064584470253746404,9.2749412464038228e-06
0.19125,-0.0853271484375,-0.085340046160922722,1.2897723422722329e-05
0.19137499999999999,-0.0931396484375,-0.093140248858287686,6.0042078768585139e-07
0.1915,-0.086822509765625,-0.086815754494049241,-6.7552715757590587e-06
0.19162499999999999,-0.067352294921875,-0.067339232045423192,-1.3062876451808147e-05
0.19175,-0.037689208984375,-0.037675782938120489,-1.3426046254511048e-05
0.19187499999999999,-0.0023193359375,-0.00233154447270918,1.2208535209180024e-05
0.192,0.0333251953125,0.033330825402325952,-5.6300898259517562e-06
0.19212499999999999,0.06390380859375,0.063905800072768998,-1.991479018997877e-06
0.19225,0.08477783203125,0.08476432205614487,1.3509975105130412e-05
0.19237499999999999,0.092742919921875,0.092754637040047758,-1.1717118172757668e-05
0.1925,0.086669921875,0.086678519630038253,-8.5977550382532186e-06
0.19262499999999999,0.067474365234375,0.067470935136947088,3.4300974279116714e-06
0.19275,0.038055419921875,0.038056202577349478,-7.8265547447803341e-07
0.19287499999999999,0.002899169921875,0.0029027824050763262,-3.6124832013262331e-06
0.193,-0.03265380859375,-0.032655531277686937,1.7226839369374747e-06
0.19312499999999999,-0.063232421875,-0.06322889671065289,-3.5251643471095884e-06
0.19325000000000001,-0.084197998046875,-0.084188398125603789,-9.5999212712111204e-06
0.19337499999999999,-0.092376708984375,-0.092366873810052319,-9.8351743226809951e-06
0.19350000000000001,-0.0865478515625,-0.086537492606333949,-1.0358956166051092e-05
0.19362499999999999,-0.067596435546875,-0.067597764530732768,1.3289838577679181e-06
0.19375000000000001,-0.038421630859375,-0.038431389557464606,9.7586980896055553e-06
0.19387499999999999,-0.00347900390625,-0.0034692049792627981,-9.7989269872019412e-06
0.19400000000000001,0.031982421875,0.031983922971044618,-1.501096044617678e-06
0.19412499999999999,0.06256103515625,0.062554009297648067,7.025858601933388e-06
0.19425000000000001,0.0836181640625,0.083612533581222628,5.6304812773716462e-06
0.19437499999999999,0.09197998046875,0.091977223543957695,2.7569247923048268e-06
0.19450000000000001,0.086395263671875,0.086392937266637826,2.3264052371740895e-06
0.19462499999999999,0.067718505859375,0.067719977929148967,-1.4720697739667443e-06
0.19475000000000001,0.038787841796875,0.038801590766537768,-1.3748969662767674e-05
0.19487499999999999,0.0040283203125,0.0040310452398067921,-2.7249273067920729e-06
0.19500000000000001,-0.03131103515625,-0.031315782209367996,4.7470531179955033e-06
0.19512499999999999,-0.0618896484375,-0.061880933020431968,-8.7154170680323051e-06
0.19525000000000001,-0.083038330078125,-0.083036533718860356,-1.7963592646441651e-06
0.19537499999999999,-0.091583251953125,-0.09158549676740893,2.2448142839304186e-06
0.19550000000000001,-0.08624267578125,-0.086244663699201515,1.9879179515153167e-06
0.19562499999999999,-0.067840576171875,-0.067837379387814728,-3.1967840602720177e-06
0.19575000000000001,-0.039154052734375,-0.039166599552240708,1.2546817865707882e-05
0.19587499999999999,-0.00457763671875,-0.0045880827787444104,1.0446059994410374e-05
0.19600000000000001,0.0306396484375,0.030651344116015691,-1.1695678515690616e-05
0.19612499999999999,0.06121826171875,0.061209916446203431,8.3452725465685273e-06
0.19625000000000001,0.08245849609375,0.082460657241638438,-2.1611478884381308e-06
0.19637499999999999,0.0911865234375,0.091191957478569688,-5.4340410696879227e-06
0.19650000000000001,0.086090087890625,0.086092935558622519,-2.8476679975186769e-06
0.19662499999999999,0.067962646484375,0.067950226636857472,1.2419847517528004e-05
0.19675000000000001,0.039520263671875,0.039526663042843038,-6.3993709680382205e-06
0.19687499999999999,0.005126953125,0.0051405510566642082,-1.3597931664208196e-05
0.19700000000000001,-0.029998779296875,-0.029990389889316842,-8.3894075581583682e-06
0.19712499999999999,-0.060546875,-0.060540754200646717,-6.1207993532833016e-06
0.19725000000000001,-0.081878662109375,-0.081884708937129166,6.0468277541664284e-06
0.19737499999999999,-0.090789794921875,-0.090796415824491911,6.6209026169106178e-06
0.19750000000000001,-0.0859375,-0.085937562741499288,6.2741499287644054e-08
0.197625,-0.06805419921875,-0.068058323756044356,4.1245372943560232e-06
0.19775000000000001,-0.039886474609375,-0.039881574822090579,-4.8997872844208645e-06
0.197875,-0.00567626953125,-0.0056882300775945183,1.1960546344518333e-05
0.19800000000000001,0.029327392578125,0.029333154127325102,-5.761549200102023e-06
0.198125,0.05987548828125,0.05987369429207446,1.7939891755400228e-06
0.19825000000000001,0.081298828125,0.081308947000728299,-1.0118875728298837e-05
0.198375,0.09039306640625,0.090399135423676294,-6.0690174262939545e-06
0.19850000000000001,0.085784912109375,0.085778808708257312,6.1034011176880343e-06
0.198625,0.06817626953125,0.068161928496067434,1.4341035182566242e-05
0.19875000000000001,0.04022216796875,0.040231582250223115,-9.4142814731149049e-06
0.198875,0.0062255859375,0.0062313537101194444,-5.767772619444389e-06
0.19900000000000001,-0.0286865234375,-0.028679417506357937,-7.1059311420630655e-06
0.199125,-0.0592041015625,-0.059208530789371133,4.4292268711332294e-06
0.19925000000000001,-0.080718994140625,-0.080733175712847036,1.4181572222035643e-05
0.199375,-0.089996337890625,-0.089999926042471437,3.5881518464370155e-06
0.19950000000000001,-0.085601806640625,-0.085616483158819451,1.4676518194450816e-05
0.199625,-0.068267822265625,-0.068260844953671226,-6.9773119537736017e-06
0.19975000000000001,-0.04058837890625,-0.040576479138830564,-1.1899767419436269e-05
0.199875,-0.00677490234375,-0.0067697023622498827,-5.1999815001172942e-06
0.20000000000000001,0.02801513671875,0.028029414105753308,-1.4277387003307912e-05
0.200125,0.05853271484375,0.058545511146150087,-1.2796302400086557e-05
0.20025000000000001,0.080169677734375,0.080157652762307685,1.2024972067314899e-05
0.200375,0.089599609375,0.089599050917662057,5.5845733794301911e-07
0.20050000000000001,0.08544921875,0.085450849354478289,-1.6306044782893325e-06
0.200625,0.068359375,0.068355330892996669,4.0441070033314652e-06
0.20075000000000001,0.040924072265625,0.040916513071932857,7.5591936921429181e-06
0.200875,0.007293701171875,0.0073035103025489313,-9.8091306739312573e-06
0.20100000000000001,-0.027374267578125,-0.027382924086454978,8.6565083299780521e-06
0.201125,-0.057891845703125,-0.057884428878745446,-7.4168243795538769e-06
0.20125000000000001,-0.07958984375,-0.07958218192357952,-7.6618264204797448e-06
0.201375,-0.089202880859375,-0.089196319432900378,-6.5614264746216566e-06
0.20150000000000001,-0.085296630859375,-0.085281716793596529,-1.4914065778470764e-05
0.201625,-0.068450927734375,-0.06844519042073556,-5.737313639439523e-06
0.20175000000000001,-0.041259765625,-0.041251478080855955,-8.2875441440449782e-06
0.201875,-0.007843017578125,-0.0078325583350384274,-1.0459243086572562e-05
0.20200000000000001,0.0267333984375,0.026740181015727307,-6.7825782273066293e-06
0.202125,0.057220458984375,0.057225530890347813,-5.0719059728129845e-06
0.20225000000000001,0.079010009765625,0.079007020380176762,2.9893854482376803e-06
0.202375,0.08880615234375,0.088791994441320202,1.4157902429798308e-05
0.20250000000000001,0.085113525390625,0.08510934853349543,4.1768571295702772e-06
0.202625,0.06854248046875,0.068530681307471822,1.179916127817815e-05
0.20275000000000001,0.041595458984375,0.041581621965290673,1.3837019084327051e-05
0.202875,0.00836181640625,0.0083570811202831642,4.7352859668357838e-06
0.20300000000000001,-0.026092529296875,-0.026100964545742521,8.4352488675214221e-06
0.203125,-0.05657958984375,-0.056568610149009511,-1.0979694740488599e-05
0.20324999999999999,-0.07843017578125,-0.078431971401916933,1.7956206669333952e-06
0.203375,-0.08837890625,-0.088385884941996742,6.9786919967423922e-06
0.20349999999999999,-0.084930419921875,-0.084933553866205852,3.1339443308520121e-06
0.203625,-0.068603515625,-0.068611607662893412,8.0920378934118409e-06
0.20374999999999999,-0.041900634765625,-0.041906738968230196,6.1042026051963405e-06
0.203875,-0.008880615234375,-0.0088768598503534794,-3.7553840215205636e-06
0.20399999999999999,0.02545166015625,0.02546550773832628,-1.3847582076280396e-05
0.204125,0.055908203125,0.055913913011828235,-5.709886828235422e-06
0.20424999999999999,0.077850341796875,0.077857291668362472,-6.949871487471615e-06
0.204375,0.087982177734375,0.08797825340259316,3.9243317818404844e-06
0.20449999999999999,0.084747314453125,0.084754595640361322,-7.2811872363215402e-06
0.204625,0.068695068359375,0.068688227257160617,6.8411022143832767e-06
0.20474999999999999,0.042236328125,0.042227077097048836,9.2510279511640037e-06
0.204875,0.0093994140625,0.0093921295699194007,7.284492580599336e-06
0.20499999999999999,-0.02484130859375,-0.024833589743555793,-7.7188501942070109e-06
0.205125,-0.055267333984375,-0.055261231902930141,-6.1020814448586869e-06
0.20524999999999999,-0.0772705078125,-0.07728278394608025,1.2276133580249593e-05
0.205375,-0.087554931640625,-0.08756890843584475,1.3976795219750038e-05
0.20549999999999999,-0.084564208984375,-0.084572282937001544,8.0739526265444228e-06
0.205625,-0.068756103515625,-0.068760344196116152,4.2406804911521156e-06
0.20574999999999999,-0.04254150390625,-0.042542430798419614,9.2689216961427956e-07
0.205875,-0.0098876953125,-0.0099026718511782789,1.4976538678278944e-05
0.20599999999999999,0.024200439453125,0.024205443124458392,-5.0036713333916072e-06
0.206125,0.054595947265625,0.054610812637666151,-1.4865372041150682e-05
0.20624999999999999,0.07672119140625,0.076708704412105186,1.2486994144814134e-05
0.206375,0.087158203125,0.087158112122233483,9.1002766516856681e-08
0.20649999999999999,0.084381103515625,0.084386878391502565,-5.7748758775649778e-06
0.206625,0.068817138671875,0.068828216242709697,-1.1077570834697181e-05
0.20674999999999999,0.0428466796875,0.042853048279453756,-6.3685919537564972e-06
0.206875,0.010406494140625,0.010408722115004749,-2.2279743797492396e-06
0.20699999999999999,-0.023590087890625,-0.023580846535610819,-9.2413550141813572e-06
0.207125,-0.053955078125,-0.053962447100642422,7.3689756424216712e-06
0.20724999999999999,-0.076141357421875,-0.076134855331243007,-6.5020906319934735e-06
0.207375,-0.08673095703125,-0.086745672686504682,1.4715655254682325e-05
0.20749999999999999,-0.084197998046875,-0.084198190869373468,1.9282249846819255e-07
0.207625,-0.068878173828125,-0.068891647492235059,1.347366411005857e-05
0.20774999999999999,-0.04315185546875,-0.043158724182638449,6.8687138884485077e-06
0.207875,-0.01092529296875,-0.010910062305888715,-1.5230662861284716e-05
0.20799999999999999,0.02294921875,0.022960032047886957,-1.0813297886956563e-05
0.208125,0.053314208984375,0.053316380569889896,-2.1715855148957131e-06
0.20824999999999999,0.0755615234375,0.075561492379534106,3.1057965893532824e-08
0.208375,0.086334228515625,0.086331851820364805,2.3766952601950164e-06
0.20849999999999999,0.084014892578125,0.084006482788247308,8.40978987769192e-06
0.208625,0.068939208984375,0.068950895693753747,-1.1686709378747051e-05
0.20874999999999999,0.04345703125,0.043459706906957454,-2.6756569574543088e-06
0.20887500000000001,0.01141357421875,0.0114069282130514,6.6460056986003546e-06
0.20899999999999999,-0.0223388671875,-0.022342777827047775,3.9106395477751799e-06
0.20912500000000001,-0.05267333984375,-0.052672404394926278,-9.3544882372176286e-07
0.20924999999999999,-0.074981689453125,-0.074988417321577447,6.7278684524468835e-06
0.20937500000000001,-0.085906982421875,-0.085916457359025658,9.4749371506580582e-06
0.20949999999999999,-0.08380126953125,-0.083811562793702415,1.0293262452415464e-05
0.20962500000000001,-0.069000244140625,-0.069005764925390359,5.5207847653587772e-06
0.20974999999999999,-0.04376220703125,-0.04375579128288877,-6.4157483612298227e-06
0.20987500000000001,-0.01190185546875,-0.011899102145438873,-2.7533233111273064e-06
0.20999999999999999,0.021728515625,0.021729315458460945,-7.9983346094533725e-07
0.21012500000000001,0.052032470703125,0.052030763320937187,1.7073821878127449e-06
0.21024999999999999,0.07440185546875,0.074415885334037701,-1.4029865287701337e-05
0.21037500000000001,0.08551025390625,0.08549975060393486,1.0503302315140184e-05
0.21049999999999999,0.0836181640625,0.083613693081270923,4.4709812290766315e-06
0.21062500000000001,0.069061279296875,0.069056512915768156,4.7663811068437978e-06
0.21074999999999999,0.044036865234375,0.044047225893545684,-1.0360659170684239e-05
0.21087500000000001,0.01239013671875,0.012386820252848875,3.3164659011247072e-06
0.21099999999999999,-0.0211181640625,-0.02111942262569113,1.258563191129658e-06
0.21112500000000001,-0.0513916015625,-0.051391248166830168,-3.5339566983177972e-07
0.21124999999999999,-0.0738525390625,-0.073843697682965656,-8.8413795343439405e-06
0.21137500000000001,-0.0850830078125,-0.085081538999341816,-1.4688131581841457e-06
0.21149999999999999,-0.083404541015625,-0.083412682072301639,8.1410566766387804e-06
0.21162500000000001,-0.069091796875,-0.069102943719331109,1.1146844331108574e-05
0.21174999999999999,-0.044342041015625,-0.044333805749656577,-8.2352659684231666e-06
0.21187500000000001,-0.01287841796875,-0.012869865200891461,-8.5527678585391176e-06
0.21199999999999999,0.0205078125,0.020513330435262551,-5.5179352625514544e-06
0.21212500000000001,0.050750732421875,0.050754103149466316,-3.370727591316125e-06
0.21224999999999999,0.073272705078125,0.073272109047338413,5.960307865870984e-07
0.21237500000000001,0.08465576171875,0.084662083455055298,-6.3217363052980868e-06
0.21249999999999999,0.083221435546875,0.08320879173599742,1.2643810877580042e-05
0.21262500000000001,0.06915283203125,0.069145315037821661,7.5169934283386697e-06
0.21274999999999999,0.04461669921875,0.044615779610769242,9.1960798075801931e-07
0.21287500000000001,0.013336181640625,0.013348473492171052,-1.2291851546051766e-05
0.21299999999999999,-0.0198974609375,-0.019910816095206414,1.3355157706413517e-05
0.21312500000000001,-0.05010986328125,-0.050119118561690136,9.2552804401360711e-06
0.21325,-0.07269287109375,-0.072700920196400412,8.0491026504120322e-06
0.21337500000000001,-0.084228515625,-0.084241191023042339,1.2675398042338859e-05
0.2135,-0.0830078125,-0.083001830265296186,-5.9822347038135382e-06
0.21362500000000001,-0.069183349609375,-0.069183430895597586,8.1286222586296475e-08
0.21375,-0.044891357421875,-0.044892942660226455,1.5852383514550206e-06
0.21387500000000001,-0.013824462890625,-0.013822428141253531,-2.0347493714691078e-06
0.214,0.019317626953125,0.019312110239827918,5.5167132970816712e-06
0.21412500000000001,0.04949951171875,0.049486538096571928,1.2973622178072408e-05
0.21425,0.0721435546875,0.072130385313211337,1.3169374288662938e-05
0.21437500000000001,0.083831787109375,0.083819122220205614,1.2664889169386462e-05
0.2145,0.082794189453125,0.082792059398949569,2.1300541754309954e-06
0.21462500000000001,0.0692138671875,0.0692175489611771,-3.6817736770999865e-06
0.21475,0.045166015625,0.045165543826411317,4.7179858868318103e-07
0.21487500000000001,0.0142822265625,0.01429196599584024,-9.7394333402403555e-06
0.215,-0.018707275390625,-0.018716989608272293,9.7142176472934938e-06
0.21512500000000001,-0.048858642578125,-0.048856151525487682,-2.4910526373184139e-06
0.21525,-0.071563720703125,-0.071560304672035141,-3.4160310898589952e-06
0.21537500000000001,-0.083404541015625,-0.083395683705013532,-8.8573106114681055e-06
0.2155,-0.08258056640625,-0.082579287097425902,-1.2793088240981021e-06
0.21562500000000001,-0.069244384765625,-0.069247473222557018,3.0884569320183131e-06
0.21575,-0.045440673828125,-0.045433378457727602,-7.2953703973976936e-06
0.21587500000000001,-0.0147705078125,-0.014756870411751798,-1.3637400748202355e-05
0.216,0.01812744140625,0.018125684369286337,1.7570369636628336e-06
0.21612500000000001,0.0482177734375,0.048228202022316854,-1.0428584816854491e-05
0.21625,0.07098388671875,0.070990931961872325,-7.0452431223250178e-06
0.21637500000000001,0.082977294921875,0.08297113560029945,6.1593215755495478e-06
0.2165,0.082366943359375,0.082363774865022846,3.1684943521542719e-06
0.21662500000000001,0.06927490234375,0.06927346130877611,1.4410349738896988e-06
0.21675,0.045684814453125,0.045696695643841274,-1.1881190716274415e-05
0.21687500000000001,0.015228271484375,0.015217378574109248,1.0892910265751857e-05
0.217,-0.017547607421875,-0.017537970799788343,-9.6366220866568597e-06
0.21712500000000001,-0.047607421875,-0.047602478841567868,-4.943033432132371e-06
0.21725,-0.0704345703125,-0.070422066963891583,-1.2503348608416953e-05
0.21737500000000001,-0.082550048828125,-0.082545284169921698,-4.7646582033017415e-06
0.2175,-0.0821533203125,-0.082145330425795221,-7.989886704778959e-06
0.21762500000000001,-0.069305419921875,-0.069295317165286099,-1.0102756588900585e-05
0.21775,-0.04595947265625,-0.045955290890759427,-4.181765490572642e-06
0.21787500000000001,-0.01568603515625,-0.015673274172376836,-1.2760983873164045e-05
0.218,0.0169677734375,0.016954078609581733,1.3694827918266789e-05
0.21812500000000001,0.046966552734375,0.046979224642597836,-1.2671908222836037e-05
0.21825,0.069854736328125,0.069853962874994652,7.7345313034826724e-07
0.21837500000000001,0.082122802734375,0.08211838914159382,4.4135927811800313e-06
0.2185,0.0819091796875,0.081924215045689711,-1.5035358189710579e-05
0.21862500000000001,0.069305419921875,0.069313298375540705,-7.8784536657050541e-06
0.21875,0.04620361328125,0.046209413442019343,-5.8001607693425328e-06
0.21887499999999999,0.01611328125,0.016124794721493599,-1.1513471493598826e-05
0.219,-0.016387939453125,-0.016373783619984879,-1.4155833140121199e-05
0.21912499999999999,-0.046356201171875,-0.046358228167696594,2.0269958215940465e-06
0.21925,-0.06927490234375,-0.069286418985218048,1.1516641468048427e-05
0.21937499999999999,-0.081695556640625,-0.081690256383554219,-5.3002570707810781e-06
0.2195,-0.081695556640625,-0.081700236208520793,4.6795678957933795e-06
0.21962499999999999,-0.0693359375,-0.069327208836377094,-8.728663622906141e-06
0.21975,-0.04644775390625,-0.046458858953789026,1.1105047539025636e-05
0.21987499999999999,-0.016571044921875,-0.016571724236923886,6.7931504888624206e-07
0.22,0.01580810546875,0.015797315088547887,1.0790380202112954e-05
0.22012499999999999,0.045745849609375,0.04573973156638695,6.1180429880500209e-06
0.22025,0.0687255859375,0.068719688001363632,5.8979361363675764e-06
0.22037499999999999,0.081268310546875,0.081261145227437367,7.1653194376325446e-06
0.2205,0.08148193359375,0.081473654938115481,8.2786556345193496e-06
0.22062499999999999,0.0693359375,0.069337306079610778,-1.3685796107776316e-06
0.22075,0.04669189453125,0.046703876816149043,-1.1982284899042517e-05
0.22087499999999999,0.01702880859375,0.017014300555885379,1.4508037864621043e-05
0.221,-0.015228271484375,-0.015224448387596998,-3.8230967780022995e-06
0.22112499999999999,-0.045135498046875,-0.045123523073439413,-1.1974973435587011e-05
0.22125,-0.068145751953125,-0.068153568724414179,7.8167712891791252e-06
0.22137499999999999,-0.080841064453125,-0.080830861144969623,-1.0203308155376511e-05
0.2215,-0.08123779296875,-0.081244278474317977,6.4855055679768903e-06
0.22162499999999999,-0.0693359375,-0.069343393947492213,7.4564474922128587e-06
0.22175,-0.04693603515625,-0.046944262828142375,8.2276718923746106e-06
0.22187499999999999,-0.0174560546875,-0.017452308012327625,-3.7466751723752578e-06
0.222,0.0146484375,0.01465541232903364,-6.9748290336402174e-06
0.22212499999999999,0.04449462890625,0.044509844333221027,-1.5215426971026957e-05
0.22225,0.067596435546875,0.067588313373161776,8.1221737132236571e-06
0.22237499999999999,0.080413818359375,0.080399663070848809,1.4155288526190857e-05
0.2225,0.081024169921875,0.081012367595179074,1.1802326695925514e-05
0.22262499999999999,0.0693359375,0.069345729914326831,-9.7924143268313113e-06
0.22275,0.04718017578125,0.047180266519085641,-9.0737835641008235e-08
0.22287499999999999,0.01788330078125,0.017885984758172973,-2.6839769229729249e-06
0.223,-0.01409912109375,-0.014089981842876739,-9.139250873261423e-06
0.22312499999999999,-0.04388427734375,-0.043898483077766323,1.420573401632319e-05
0.22325,-0.0670166015625,-0.067023720261641481,7.1186991414812217e-06
0.22337499999999999,-0.0799560546875,-0.079967356079482063,1.1301391982063147e-05
0.2235,-0.080780029296875,-0.080777729292972264,-2.300003902735992e-06
0.22362499999999999,-0.0693359375,-0.069344117761911628,8.1802619116277953e-06
0.22375,-0.04742431640625,-0.04741168382367187,-1.2632582578130103e-05
0.22387499999999999,-0.018310546875,-0.018315115438390549,4.5685633905494238e-06
0.224,0.013519287109375,0.013528385301976533,-9.0981926015327313e-06
0.22412499999999999,0.043304443359375,0.043289680451032569,1.4762908342430547e-05
0.22425,0.06646728515625,0.066460041122799407,7.2440334505929904e-06
0.22437499999999999,0.07952880859375,0.079534198707888526,-5.3901141385259699e-06
0.22450000000000001,0.080535888671875,0.080540624096411578,-4.7354245365782699e-06
0.22462499999999999,0.0693359375,0.069338814901198156,-2.8774011981563818e-06
0.22475000000000001,0.047637939453125,0.047638764403301691,-8.2495017669076409e-07
0.22487499999999999,0.01873779296875,0.018739938512166834,-2.1455434168343723e-06
0.22500000000000001,-0.012969970703125,-0.012970397200637971,4.2649751297134386e-07
0.22512499999999999,-0.042694091796875,-0.04268322368705809,-1.0868109816909721e-05
0.22525000000000001,-0.065887451171875,-0.065897073785949833,9.6226140748334466e-06
0.22537499999999999,-0.0791015625,-0.079099995632454539,-1.5668675454605374e-06
0.22550000000000001,-0.080291748046875,-0.080300858746710196,9.1106998351964119e-06
0.22562499999999999,-0.0693359375,-0.069329625047795509,-6.312452204490504e-06
0.22575000000000001,-0.0478515625,-0.047861304321177085,9.7418211770852747e-06
0.22587499999999999,-0.0191650390625,-0.019160238928001859,-4.8001344981410399e-06
0.22600000000000001,0.012420654296875,0.012416245479331935,4.4088175430653798e-06
0.22612499999999999,0.042083740234375,0.042079353434226002,4.3868001489977271e-06
0.22625000000000001,0.065338134765625,0.065335069500412915,3.0652652120849444e-06
0.22637499999999999,0.07867431640625,0.078665004991860119,9.3114143898814783e-06
0.22650000000000001,0.080047607421875,0.080058693519811167,-1.108609793616655e-05
0.22662499999999999,0.069305419921875,0.069316805543614468,-1.138562173946811e-05
0.22675000000000001,0.048065185546875,0.048079553363646652,-1.4367816771651554e-05
0.22687499999999999,0.019561767578125,0.019576255444929334,-1.4487866804333699e-05
0.22700000000000001,-0.011871337890625,-0.011865704203233589,-5.6336873914108326e-06
0.22712499999999999,-0.041473388671875,-0.041477856433359758,4.4677614847582481e-06
0.22725000000000001,-0.064788818359375,-0.064773825613037697,-1.4992746337302854e-05
0.22737499999999999,-0.078216552734375,-0.07822903106386711,1.2478329492110474e-05
0.22750000000000001,-0.079803466796875,-0.07981393490247396,1.046810559895972e-05
0.22762499999999999,-0.069305419921875,-0.069300160032397556,-5.2598894774436022e-06
0.22775000000000001,-0.04827880859375,-0.048293307715388256,1.4499121638256174e-05
0.22787499999999999,-0.019989013671875,-0.019987773307624902,-1.240364250098408e-06
0.22800000000000001,0.011322021484375,0.011319000887013521,3.0205973614791382e-06
0.22812499999999999,0.0408935546875,0.040878972842065729,1.4581845434270824e-05
0.22825000000000001,0.064208984375,0.06421359289185756,-4.6085168575599189e-06
0.22837499999999999,0.077789306640625,0.077792331588272437,-3.024947647436993e-06
0.22850000000000001,0.079559326171875,0.079566842914545632,-7.5167426706324036e-06
0.22862499999999999,0.06927490234375,0.069279945781432803,-5.0434376828029093e-06
0.22875000000000001,0.048492431640625,0.048502817280707822,-1.0385640082821723e-05
0.228875,0.0203857421875,0.020395031567603729,-9.2893801037288726e-06
0.22900000000000001,-0.010772705078125,-0.010775909173363941,3.2040952389414401e-06
0.229125,-0.040283203125,-0.040282488912836686,-7.1421216331357673e-07
0.22925000000000001,-0.06365966796875,-0.063654168203581482,-5.4997651685179116e-06
0.229375,-0.077362060546875,-0.077354710443700458,-7.3501031745415446e-06
0.22950000000000001,-0.079315185546875,-0.079317223785061619,2.0382381866190791e-06
0.229625,-0.069244384765625,-0.069255966357066698,1.1581591441697792e-05
0.22975000000000001,-0.0487060546875,-0.04870787835874394,1.8236712439403946e-06
0.229875,-0.02081298828125,-0.020797815758333248,-1.5172522916752362e-05
0.23000000000000001,0.010223388671875,0.010236656157750226,-1.3267485875226304e-05
0.230125,0.039703369140625,0.039688644317331066,1.4724823293933709e-05
0.23025000000000001,0.0631103515625,0.06309580183731546,1.4549725184540008e-05
0.230375,0.076904296875,0.076916424970599889,-1.2128095599889255e-05
0.23050000000000001,0.079071044921875,0.079065337274545594,5.7076473294059848e-06
0.230625,0.0692138671875,0.06922847894644478,-1.4611758944779729e-05
0.23075000000000001,0.048919677734375,0.048908740964853988,1.0936769521012468e-05
0.230875,0.021209716796875,0.021196365216523773,1.3351580351227132e-05
0.23100000000000001,-0.00970458984375,-0.0097010150669344895,-3.5747768155104664e-06
0.231125,-0.039093017578125,-0.039097224824554737,4.207246429736855e-06
0.23125000000000001,-0.062530517578125,-0.062538290182070924,7.7726039459241614e-06
0.231375,-0.07647705078125,-0.076477278648060393,2.278668103927739e-07
0.23150000000000001,-0.07879638671875,-0.078810989351143002,1.4602632393001524e-05
0.231625,-0.069183349609375,-0.06919728703309215,1.3937423717150232e-05
0.23175000000000001,-0.049102783203125,-0.049105201505774035,2.4183026490348647e-06
0.231875,-0.021575927734375,-0.02159046575717475,1.4538022799749639e-05
0.23200000000000001,0.0091552734375,0.00916921258375979,-1.3939146259790008e-05
0.232125,0.03851318359375,0.03850846962513961,4.7139686103897516e-06
0.23225000000000001,0.061981201171875,0.061981883050453046,-6.8187857804602459e-07
0.232375,0.0760498046875,0.076037528416811787,1.2276270688213464e-05
0.23250000000000001,0.07855224609375,0.078554439512946578,-2.1934191965777838e-06
0.232625,0.06915283203125,0.069162647718638878,-9.8156873888782803e-06
0.23275000000000001,0.049285888671875,0.049297510101026933,-1.1621429151932594e-05
0.232875,0.02197265625,0.021980356994879272,-7.70074487927222e-06
0.23300000000000001,-0.008636474609375,-0.0086410215256790858,4.5469163040857963e-06
0.233125,-0.037933349609375,-0.037922164009500901,-1.1185599874098673e-05
0.23325000000000001,-0.061431884765625,-0.061426376356235386,-5.5084093896137776e-06
0.233375,-0.075592041015625,-0.075596977356085157,4.9363404601571181e-06
0.23350000000000001,-0.07830810546875,-0.078295493464152349,-1.2612004597650772e-05
0.233625,-0.069122314453125,-0.069124364398431171,2.0499453061706419e-06
0.23375000000000001,-0.04949951171875,-0.049485463258167918,-1.4048460582082034e-05
0.233875,-0.022369384765625,-0.022365825018962299,-3.5597466627006191e-06
0.23400000000000001,0.00811767578125,0.0081166681694550911,1.0076117949089219e-06
0.234125,0.037322998046875,0.03733854669212272,-1.5548645247720483e-05
0.23425000000000001,0.060882568359375,0.060872019438064584,1.054892131041596e-05
0.234375,0.075164794921875,0.075155882006635713,8.9129152392869448e-06
0.23449999999999999,0.078033447265625,0.078034410437411147,-9.6317178614746535e-07
0.234625,0.069091796875,0.069082694083301074,9.102791698925583e-06
0.23474999999999999,0.0496826171875,0.049669311194156657,1.3305993343343259e-05
0.234875,0.022735595703125,0.022747109714720319,-1.1514011595319118e-05
0.23499999999999999,-0.007598876953125,-0.0075959249297662575,-2.9520233587425337e-06
0.235125,-0.0367431640625,-0.036757402489753399,1.4238427253399077e-05
0.23524999999999999,-0.060333251953125,-0.060318607736995052,-1.4644216129948429e-05
0.235375,-0.07470703125,-0.074714045047604455,7.0137976044548633e-06
0.23549999999999999,-0.0777587890625,-0.077770995870020052,1.2206807520051544e-05
0.235625,-0.06903076171875,-0.06903744007520253,6.6783564525302319e-06
0.23574999999999999,-0.049835205078125,-0.04984885051060408,1.3645432479079955e-05
0.235875,-0.02313232421875,-0.023123997438573698,-8.326780176301507e-06
0.23599999999999999,0.007080078125,0.0070790176839024121,1.0604410975879192e-06
0.236125,0.03619384765625,0.036178969645705293,1.4878010544706888e-05
0.23624999999999999,0.05975341796875,0.059766390120282453,-1.2972151532453235e-05
0.236375,0.07427978515625,0.074271722619586256,8.0625366637443463e-06
0.23649999999999999,0.0775146484375,0.077505508726291139,9.1397112088609234e-06
0.236625,0.069000244140625,0.068988859288989998,1.1384851635001803e-05
0.23674999999999999,0.050018310546875,0.0500243315152357,-6.0209683606995967e-06
0.236875,0.02349853515625,0.023496728339397272,1.8068168527278494e-06
0.23699999999999999,-0.006561279296875,-0.0065657184502867496,4.4391534117496287e-06
0.237125,-0.035614013671875,-0.035603032507985834,-1.0981163889166312e-05
0.23724999999999999,-0.0592041015625,-0.059215161558900373,1.1059996400372696e-05
0.237375,-0.073822021484375,-0.073828717001514513,6.6955171395127744e-06
0.23749999999999999,-0.077239990234375,-0.077237754173769671,-2.2360606053289933e-06
0.237625,-0.068939208984375,-0.068936754928076507,-2.4540562984926018e-06
0.23774999999999999,-0.050201416015625,-0.050195550897124831,-5.8651185001687423e-06
0.237875,-0.02386474609375,-0.023865089033609434,3.4293985943373295e-07
0.23799999999999999,0.00604248046875,0.0060562527132472406,-1.3772244497240599e-05
0.238125,0.0350341796875,0.035029828853674005,4.3508338259945489e-06
0.23824999999999999,0.05865478515625,0.058665170451321094,-1.0385295071094203e-05
0.238375,0.073394775390625,0.073385283933728215,9.4914568967846558e-06
0.23849999999999999,0.07696533203125,0.076967990905636399,-2.6588743863992237e-06
0.238625,0.068878173828125,0.068881383806275273,-3.2099781502731295e-06
0.23874999999999999,0.05035400390625,0.050362759048176664,-8.7551419266640451e-06
0.238875,0.02423095703125,0.02422931992651713,1.6371047328704591e-06
0.23899999999999999,-0.00555419921875,-0.0055503921015339465,-3.8071172160534725e-06
0.239125,-0.034454345703125,-0.034459142567057323,4.7968639323228701e-06
0.23924999999999999,-0.05810546875,-0.058116211301103851,1.0742551103851139e-05
0.239375,-0.07293701171875,-0.072941225294902406,4.213576152406473e-06
0.23949999999999999,-0.076690673828125,-0.076696023816944167,5.3499888191671507e-06
0.239625,-0.068817138671875,-0.068822549023446075,5.4103515710751671e-06
0.23974999999999999,-0.050537109375,-0.050525752738377068,-1.1356636622932015e-05
0.239875,-0.02459716796875,-0.02458920788749477,-7.9600812552295397e-06
0.23999999999999999,0.005035400390625,0.0050483617130068475,-1.2961322381847482e-05
0.24012500000000001,0.033905029296875,0.033891210963943451,1.381833293154916e-05
0.24024999999999999,0.05755615234375,0.057568532040639685,-1.237969688968471e-05
0.24037500000000001,0.072509765625,0.072496796425137691,1.2969199862308822e-05
0.24049999999999999,0.076416015625,0.076422111327046585,-6.0957020465851608e-06
0.24062500000000001,0.068756103515625,0.068760507287363049,-4.403771738048512e-06
0.24074999999999999,0.050689697265625,0.050684782437284831,4.9148283401689863e-06
0.24087500000000001,0.024932861328125,0.024944993571267574,-1.2132243142573551e-05
0.24099999999999999,-0.004547119140625,-0.0045499327932276463,2.8136526026463493e-06
0.24112500000000001,-0.0333251953125,-0.033325817469873245,6.2215737324511355e-07
0.24124999999999999,-0.0570068359375,-0.057021926708788799,1.5090771288799043e-05
0.24137500000000001,-0.072052001953125,-0.072051798802888006,-2.0315023699368773e-07
0.24149999999999999,-0.076141357421875,-0.076146058055866231,4.7006339912308848e-06
0.24162500000000001,-0.068695068359375,-0.06869506158942211,-6.7699528899511918e-09
0.24174999999999999,-0.05084228515625,-0.050839644989361589,-2.6401668884110108e-06
0.24187500000000001,-0.025299072265625,-0.025296464093105119,-2.6081725198814909e-06
0.24199999999999999,0.004058837890625,0.0040553300601425118,3.5078304824881501e-06
0.24212500000000001,0.03277587890625,0.032763198944437744,1.2679961812256391e-05
0.24224999999999999,0.056488037109375,0.056476642774645841,1.1394334729158961e-05
0.24237500000000001,0.07159423828125,0.071606487368096577,-1.2249086846577439e-05
0.24249999999999999,0.07586669921875,0.075868122146342795,-1.4229275927951646e-06
0.24262500000000001,0.068634033203125,0.068626468526498716,7.5646766262843501e-06
0.24274999999999999,0.050994873046875,0.050990590935425899,4.2821114491012335e-06
0.24287500000000001,0.025634765625,0.025643860350193438,-9.0947251934377082e-06
0.24299999999999999,-0.003570556640625,-0.003564324382590679,-6.2322580343210192e-06
0.24312500000000001,-0.032196044921875,-0.032203138359425947,7.0934375509465464e-06
0.24324999999999999,-0.055938720703125,-0.055932473815140084,-6.2468879849161829e-06
0.24337500000000001,-0.0711669921875,-0.071160663199145588,-6.3289883544120906e-06
0.24349999999999999,-0.075592041015625,-0.075588107940727414,-3.9330748975857643e-06
0.24362500000000001,-0.06854248046875,-0.068554530976681016,1.2050507931016252e-05
0.24374999999999999,-0.0511474609375,-0.051137417188005165,-1.0043749494835497e-05
0.24387500000000001,-0.0260009765625,-0.025986969696768451,-1.4006865731549384e-05
0.24399999999999999,0.003082275390625,0.003077140105060419,5.1352855645809582e-06
0.24412500000000001,0.031646728515625,0.031645872123217234,8.5639240776647085e-07
0.24424999999999999,0.055389404296875,0.055389666838866682,-2.6254199168157522e-07
0.24437500000000001,0.070709228515625,0.07071458083598782,-5.3523203628197402e-06
0.2445,0.0753173828125,0.075306273303060375,1.1109509439624632e-05
0.24462500000000001,0.0684814453125,0.068479505421186984,1.9398913130158624e-06
0.24475,0.05126953125,0.051280374352869321,-1.0843102869320664e-05
0.24487500000000001,0.026336669921875,0.026326033265502976,1.0636656372024073e-05
0.245,-0.002593994140625,-0.0025935477261921983,-4.4641443280174498e-07
0.24512500000000001,-0.031097412109375,-0.0310911827589338,-6.2293504412003209e-06
0.24525,-0.054840087890625,-0.054848014963701133,7.9270730761332731e-06
0.24537500000000001,-0.070281982421875,-0.070268040957143257,-1.3941464731742625e-05
0.2455,-0.07501220703125,-0.075022422295486127,1.0215264236126953e-05
0.24562500000000001,-0.068389892578125,-0.068401194620088951,1.1302041963950904e-05
0.24575,-0.051422119140625,-0.051419259404346197,-2.8597362788027048e-06
0.24587500000000001,-0.02667236328125,-0.026660838642727783,-1.1524638522216607e-05
0.246,0.002105712890625,0.0021137712234517866,-8.0583328267865538e-06
0.24612500000000001,0.030548095703125,0.030539306228767674,8.7894743573263545e-06
0.24625,0.0543212890625,0.054307764740592269,1.3524321907730508e-05
0.24637500000000001,0.06982421875,0.069821297702852197,2.9210471478025024e-06
0.2465,0.074737548828125,0.074736812500756589,7.3632736841133806e-07
0.24662500000000001,0.068328857421875,0.068319854934256269,9.0024876187311254e-06
0.24675,0.051544189453125,0.051554323006877179,-1.0133553752178504e-05
0.24687500000000001,0.0269775390625,0.026991627189760056,-1.4088127260055566e-05
0.247,-0.00164794921875,-0.0016375807317054541,-1.0368487044545936e-05
0.24712500000000001,-0.029998779296875,-0.029990024612207723,-8.7546846672774403e-06
0.24725,-0.05377197265625,-0.053768708831242538,-3.2638250074615294e-06
0.24737500000000001,-0.069366455078125,-0.069374151352065913,7.6962739409131009e-06
0.2475,-0.074462890625,-0.074449247698573889,-1.3642926426110646e-05
0.24762500000000001,-0.0682373046875,-0.068235289001137248,-2.0156863627524002e-06
0.24775,-0.05169677734375,-0.051685362190410568,-1.141515333943216e-05
0.24787500000000001,-0.027313232421875,-0.027318186718139622,4.9542962646219324e-06
0.248,0.00115966796875,0.0011651998678872072,-5.5318991372072055e-06
0.24812500000000001,0.029449462890625,0.02944357343037084,5.8894602541596786e-06
0.24825,0.05322265625,0.053231093331914732,-8.4370819147319698e-06
0.24837500000000001,0.068939208984375,0.068926855645647225,1.2353338727774665e-05
0.2485,0.07415771484375,0.074159985188115549,-2.2703443655486266e-06
0.24862500000000001,0.068145751953125,0.068147753056694613,-2.0011035696126944e-06
0.24875,0.05181884765625,0.051812627671922309,6.2199843276905531e-06
0.24887500000000001,0.02764892578125,0.027640758811043799,8.1669702062005245e-06
0.249,-0.000701904296875,-0.00069639840949156553,-5.50588738343447e-06
0.24912500000000001,-0.028900146484375,-0.028899734324163234,-4.1216021176571083e-07
0.24925,-0.052703857421875,-0.052694710451073011,-9.1469708019889517e-06
0.24937500000000001,-0.0684814453125,-0.068479210463382095,-2.2348491179047247e-06
0.2495,-0.073883056640625,-0.07386882846440225,-1.4228176222749744e-05
0.24962500000000001,-0.06805419921875,-0.068057049611213033,2.8503924630329802e-06
0.24975,-0.05194091796875,-0.051935916530831398,-5.0014379186016922e-06
0.24987500000000001,-0.0279541015625,-0.027959131498466766,5.0299359667660415e-06
0.25,0.000244140625,0.00023139961931161024,1.274100568838976e-05
0.25012499999999999,0.028350830078125,0.028358742378685436,-7.9123005604364582e-06
0.25024999999999997,0.052154541015625,0.05215980583325535,-5.2648176303501937e-06
0.25037500000000001,0.068023681640625,0.06803146914717273,-7.787506547729528e-06
0.2505,0.073577880859375,0.073576034540848934,1.8463185260664261e-06
0.25062499999999999,0.067962646484375,0.067963434771289716,-7.882869147157745e-07
0.25074999999999997,0.05206298828125,0.052055479530596818,7.5087506531817949e-06
0.25087500000000001,0.02825927734375,0.028273546578649746,-1.4269234899746269e-05
0.251,0.000244140625,0.00023002707607455833,1.4113548925441673e-05
0.25112499999999999,-0.02783203125,-0.02782037880139724,-1.1652448602759991e-05
0.25124999999999997,-0.0516357421875,-0.051626171236727733,-9.5709507722668841e-06
0.25137500000000002,-0.067596435546875,-0.06758343117809712,-1.3004368777880249e-05
0.2515,-0.073272705078125,-0.073281406625655549,8.7015475305485257e-06
0.25162499999999999,-0.06787109375,-0.067866710915636536,-4.3828343634644273e-06
0.25174999999999997,-0.05218505859375,-0.052171113794099749,-1.3944799650250639e-05
0.25187500000000002,-0.028594970703125,-0.028583792293345574,-1.1178409779426246e-05
0.252,-0.000701904296875,-0.00068765876164764454,-1.4245535227355461e-05
0.25212499999999999,0.02728271484375,0.027284878246456735,-2.1634027067354844e-06
0.25224999999999997,0.05108642578125,0.05109405185731624,-7.6260760662402727e-06
0.25237500000000002,0.067138671875,0.067135349499622479,3.3223753775207809e-06
0.2525,0.072998046875,0.072985201444382711,1.2845430617289266e-05
0.25262499999999999,0.067779541015625,0.06776713401709572,1.2406998529279623e-05
0.25274999999999997,0.052276611328125,0.052283070125262544,-6.4587971375443254e-06
0.25287500000000002,0.028900146484375,0.028890110649193619,1.0035835181380903e-05
0.253,0.001129150390625,0.0011417263553911801,-1.2575964766180052e-05
0.25312499999999999,-0.026763916015625,-0.0267520214929583,-1.1894522666699991e-05
0.25324999999999998,-0.050567626953125,-0.050563239006126956,-4.3879469980440122e-06
0.25337500000000002,-0.066680908203125,-0.066687023194655928,6.1149915309283154e-06
0.2535,-0.07269287109375,-0.072687221916366562,-5.6491773834377312e-06
0.25362499999999999,-0.067657470703125,-0.067664506318495299,7.0356153702988422e-06
0.25374999999999998,-0.052398681640625,-0.052391145684505418,-7.5359561195822988e-06
0.25387500000000002,-0.029205322265625,-0.029192290092999885,-1.3032172625115218e-05
0.254,-0.0015869140625,-0.0015920072836420702,5.0932211420702186e-06
0.25412499999999999,0.026214599609375,0.026222042769274791,-7.4431598997906634e-06
0.25424999999999998,0.050048828125,0.050033977433390588,1.4850691609412381e-05
0.25437500000000002,0.066253662109375,0.066238704808806323,1.4957300568677057e-05
0.2545,0.0723876953125,0.072387724477318366,-2.9164818365901013e-08
0.25462499999999999,0.06756591796875,0.067559083654660887,6.8343140891130583e-06
0.25474999999999998,0.052490234375,0.052495591310333954,-5.3569353339541492e-06
0.25487500000000002,0.02947998046875,0.029490572833195946,-1.0592364445945884e-05
0.255,0.002044677734375,0.0020387328026159396,5.944931759060447e-06
0.25512499999999999,-0.02569580078125,-0.025694722431229312,-1.078350020687624e-06
0.25524999999999998,-0.04949951171875,-0.049506058006141128,6.5462873911278918e-06
0.25537500000000002,-0.0657958984375,-0.065790193027454674,-5.705410045325765e-06
0.2555,-0.07208251953125,-0.072086511755763638,3.9922245136381207e-06
0.25562499999999999,-0.06744384765625,-0.067450668128295921,6.8204720459208446e-06
0.25574999999999998,-0.052581787109375,-0.052596204194817676,1.4417085442676447e-05
0.25587500000000002,-0.02978515625,-0.029784747515065376,-4.0873493462392774e-07
0.25600000000000001,-0.002471923828125,-0.0024816806736894519,9.7568455644518777e-06
0.25612499999999999,0.025177001953125,0.025170294286509624,6.7076666153756404e-06
0.25624999999999998,0.048980712890625,0.048979725032126005,9.878584989950201e-07
0.25637500000000002,0.065338134765625,0.065341739999005624,-3.6052333806241288e-06
0.25650000000000001,0.07177734375,0.071783839895663962,-6.4961456639617277e-06
0.25662499999999999,0.067352294921875,0.067339515432045013,1.2779489829986557e-05
0.25674999999999998,0.052703857421875,0.05269323520525044,1.0622216624560366e-05
0.25687500000000002,0.03009033203125,0.030075056542218339,1.527548903166101e-05
0.25700000000000001,0.0029296875,0.0029210824849327422,8.6050150672578422e-06
0.25712499999999999,-0.024658203125,-0.024648538272842673,-9.6648521573268475e-06
0.25724999999999998,-0.0484619140625,-0.048454768937496666,-7.1451250033341407e-06
0.25737500000000002,-0.06488037109375,-0.06489314401200677,1.2772918256770405e-05
0.25750000000000001,-0.07147216796875,-0.071479511232881002,7.3432641310017255e-06
0.25762499999999999,-0.067230224609375,-0.067225427524371398,-4.7970850036022084e-06
0.25774999999999998,-0.05279541015625,-0.052786481559599162,-8.928596650838172e-06
0.25787500000000002,-0.030364990234375,-0.030361288751900889,-3.7014824741110619e-06
0.25800000000000001,-0.00335693359375,-0.003356716326472494,-2.1726727750595587e-07
0.25812499999999999,0.024139404296875,0.024129687782342535,9.716514532465137e-06
0.25824999999999998,0.047943115234375,0.047931433590676656,1.1681643698344124e-05
0.25837500000000002,0.064453125,0.064444656818419377,8.4681815806231242e-06
0.25850000000000001,0.0711669921875,0.071173781617822257,-6.7894303222570951e-06
0.25862499999999999,0.067108154296875,0.067108659951645125,-5.0565477012487481e-07
0.25874999999999998,0.052886962890625,0.052876194148185993,1.0768742439007384e-05
0.25887500000000002,0.0306396484375,0.03064368673641743,-4.0382989174303496e-06
0.25900000000000001,0.0037841796875,0.0037888141119574534,-4.6344244574534482e-06
0.25912499999999999,-0.02362060546875,-0.02361352233975637,-7.0831289936297559e-06
0.25924999999999998,-0.04742431640625,-0.047409508980117455,-1.4807426132544543e-05
0.25937500000000002,-0.063995361328125,-0.063996076310725847,7.1498260084679188e-07
0.25950000000000001,-0.07086181640625,-0.070866453091925477,4.6366856754770369e-06
0.25962499999999999,-0.066986083984375,-0.066989014524070106,2.9305396951062601e-06
0.25974999999999998,-0.052947998046875,-0.052962170209208376,1.4172162333375704e-05
0.25987500000000002,-0.030914306640625,-0.030922039518455829,7.7328778308287383e-06
0.26000000000000001,-0.00421142578125,-0.0042171542539289255,5.7284726789254975e-06
0.260125,0.023101806640625,0.02310027492681465,1.531713810350166e-06
0.26024999999999998,0.046875,0.04688923853817803,-1.4238538178029669e-05
0.26037500000000002,0.06353759765625,0.063547653845249741,-1.0056188999740812e-05
0.26050000000000001,0.070556640625,0.070557781210330267,-1.1405853302670632e-06
0.260625,0.066864013671875,0.066866746637770841,-2.7329658958408221e-06
0.26074999999999998,0.05303955078125,0.05304466065039283,-5.1098691428302923e-06
0.26087500000000002,0.03118896484375,0.031196589872591596,-7.6250288415964651e-06
0.26100000000000001,0.004638671875,0.0046419689853664896,-3.2971103664895807e-06
0.261125,-0.0225830078125,-0.022589724660410405,6.7168479104054435e-06
0.26124999999999998,-0.046356201171875,-0.046370411818837651,1.421064696265073e-05
0.26137500000000002,-0.0631103515625,-0.06309918691928193,-1.1164643218070092e-05
0.26150000000000001,-0.07025146484375,-0.070247567718386,-3.897125363999665e-06
0.261625,-0.066741943359375,-0.066741657950744146,-2.8540863085402268e-07
0.26174999999999998,-0.053131103515625,-0.053123462724536802,-7.6407910881981511e-06
0.26187500000000002,-0.031463623046875,-0.031467127000562312,3.5039536873116006e-06
0.26200000000000001,-0.00506591796875,-0.0050630370349928561,-2.8809337571438984e-06
0.262125,0.0220947265625,0.022082104117020232,1.2622445479767985e-05
0.26224999999999998,0.045867919921875,0.045853271821640576,1.4648100234423977e-05
0.26237500000000002,0.062652587890625,0.062650926494387443,1.6613962375566782e-06
0.26250000000000001,0.0699462890625,0.069936067874342117,1.0221188157882866e-05
0.262625,0.066619873046875,0.066614003704993541,5.8693418814592668e-06
0.26274999999999998,0.053192138671875,0.053198827351232221,-6.6886793572210057e-06
0.26287500000000003,0.03173828125,0.031733893852794945,4.3873972050550991e-06
0.26300000000000001,0.0054931640625,0.0054805909488273314,1.2573113672668598e-05
0.263125,-0.021575927734375,-0.021577192010885204,1.2642765102044429e-06
0.26324999999999998,-0.04534912109375,-0.04533760766941964,-1.1513424330360233e-05
0.26337500000000003,-0.06219482421875,-0.062202669673581276,7.8454548312761885e-06
0.26350000000000001,-0.069610595703125,-0.069623083125882765,1.2487422757764821e-05
0.263625,-0.066497802734375,-0.066483585402480977,-1.4217331894023078e-05
0.26374999999999998,-0.05328369140625,-0.053270551792380313,-1.3139613869686539e-05
0.26387500000000003,-0.031982421875,-0.031996679803725309,1.4257928725308622e-05
0.26400000000000001,-0.005889892578125,-0.0058944097655702788,4.5171874452788058e-06
0.264125,0.021087646484375,0.02107522051836511,1.2425966009890071e-05
0.26424999999999998,0.044830322265625,0.044823661932197285,6.6603334277146042e-06
0.26437500000000003,0.061767578125,0.061754667024649719,1.2911100350281035e-05
0.26450000000000001,0.069305419921875,0.069308868432840204,-3.4485109652038215e-06
0.264625,0.06634521484375,0.066350658127285481,-5.4432835354806253e-06
0.26474999999999999,0.0533447265625,0.053338886973937058,5.8395885629419775e-06
0.26487500000000003,0.032257080078125,0.032255727973340045,1.3521047849546219e-06
0.26500000000000001,0.006317138671875,0.006304726338092234,1.2412333782766023e-05
0.265125,-0.02056884765625,-0.020575967956189292,7.1202999392915023e-06
0.26524999999999999,-0.0443115234375,-0.04431122330497389,-3.0013252610983088e-07
0.26537500000000003,-0.061309814453125,-0.061306715257329947,-3.0991957950532445e-06
0.26550000000000001,-0.069000244140625,-0.068993224943746392,-7.0191968786076364e-06
0.265625,-0.06622314453125,-0.066215023221600861,-8.1213096491394854e-06
0.26574999999999999,-0.05340576171875,-0.053403630161496053,-2.1315572539468142e-06
0.26587499999999997,-0.032501220703125,-0.032510827902490727,9.6071993657270705e-06
0.26600000000000001,-0.0067138671875,-0.0067113200088342786,-2.5471786657214196e-06
0.266125,0.02008056640625,0.020079666105812084,9.0030043791572423e-07
0.26624999999999999,0.043792724609375,0.043800533931639123,-7.8093222641226201e-06
0.26637499999999997,0.06085205078125,0.060859064546644658,-7.013765394657534e-06
0.26650000000000001,0.06866455078125,0.068676407318574093,-1.1856537324092531e-05
0.266625,0.066070556640625,0.066076935607895612,-6.378967270612157e-06
0.26674999999999999,0.053466796875,0.053465032282008482,1.7645929915183212e-06
0.26687499999999997,0.03277587890625,0.032762222874423902,1.3656031826098092e-05
0.26700000000000002,0.007110595703125,0.0071144239313370152,-3.8282282120152486e-06
0.267125,-0.01959228515625,-0.019586092891596858,-6.1922646531417658e-06
0.26724999999999999,-0.043304443359375,-0.043291382082715817,-1.3061276659183385e-05
0.26737499999999997,-0.0604248046875,-0.060411511210128672,-1.3293477371327522e-05
0.26750000000000002,-0.068359375,-0.06835821640531016,-1.1585946898401422e-06
0.267625,-0.065948486328125,-0.065936196464934607,-1.2289863190392825e-05
0.26774999999999999,-0.05352783203125,-0.053522890599387876,-4.9414318621238129e-06
0.26787499999999997,-0.03302001953125,-0.033009702590174397,-1.0316941075602659e-05
0.26800000000000002,-0.00750732421875,-0.0075138177456482583,6.4935268982583075e-06
0.268125,0.01910400390625,0.019095479705240472,8.5242010095278042e-06
0.26824999999999999,0.04278564453125,0.042784009479335708,1.6350519142921405e-06
0.26837499999999997,0.059967041015625,0.059964305031162547,2.7359844624527674e-06
0.26850000000000002,0.068023681640625,0.068038906562716175,-1.522492209117543e-05
0.268625,0.0657958984375,0.06579306054998324,2.8378875167600626e-06
0.26874999999999999,0.0535888671875,0.05357745603629633,1.1411151203670478e-05
0.26887499999999998,0.03326416015625,0.03325351049011023,1.0649666139769809e-05
0.26900000000000002,0.007904052734375,0.0079097348998290531,-5.6821654540531452e-06
0.269125,-0.01861572265625,-0.018607604083958038,-8.1185722919617509e-06
0.26924999999999999,-0.042266845703125,-0.0422782039709933,1.1358267868299965e-05
0.26937499999999998,-0.05950927734375,-0.059517241936201566,7.9645924515661659e-06
0.26950000000000002,-0.067718505859375,-0.067718278336922816,-2.2752245218415901e-07
0.269625,-0.065643310546875,-0.065647328874831518,4.0183279565175756e-06
0.26974999999999999,-0.053619384765625,-0.053628525849725453,9.1410841004530008e-06
0.26987499999999998,-0.03350830078125,-0.033493436429279683,-1.4864351970317324e-05
0.27000000000000002,-0.00830078125,-0.0083019553253619854,1.1740753619853689e-06
0.270125,0.01812744140625,0.018122697034840613,4.744371409386855e-06
0.27024999999999999,0.041778564453125,0.041774206859476214,4.3575936487863509e-06
0.27037499999999998,0.05908203125,0.059070571318144333,1.1459931855667405e-05
0.27050000000000002,0.0673828125,0.067396585784215757,-1.3773284215756743e-05
0.270625,0.06549072265625,0.065499256028024075,-8.5333717740748716e-06
0.27074999999999999,0.053680419921875,0.053676350952804305,4.0689690706946502e-06
0.27087499999999998,0.033721923828125,0.033729723998993558,-7.8001708685576654e-06
0.27100000000000002,0.008697509765625,0.0086907127587352462,6.7970068897537511e-06
0.271125,-0.01763916015625,-0.017640535713108113,1.3755568581130806e-06
0.27124999999999999,-0.041259765625,-0.041271805576683279,1.2039951683279204e-05
0.27137499999999998,-0.058624267578125,-0.058624088713578916,-1.7886454608401214e-07
0.27150000000000002,-0.06707763671875,-0.067073629147652733,-4.0075710972670153e-06
0.27162500000000001,-0.065338134765625,-0.065348642850916544,1.0508085291544011e-05
0.27174999999999999,-0.0537109375,-0.053720728590445022,9.7910904450215774e-06
0.27187499999999998,-0.033966064453125,-0.033962163202242421,-3.9012508825791992e-06
0.27200000000000002,-0.009063720703125,-0.0090757874167896029,1.2066713664602921e-05
0.27212500000000001,0.01715087890625,0.017161350746459771,-1.0471840209771294e-05
0.27224999999999999,0.040771484375,0.040771241008564184,2.4336643581618356e-07
0.27237499999999998,0.05816650390625,0.058178043126175721,-1.1539219925721378e-05
0.27250000000000002,0.066741943359375,0.066749662179862571,-7.7188204875705546e-06
0.27262500000000001,0.065185546875,0.065195743759927469,-1.0196884927468619e-05
0.27274999999999999,0.05377197265625,0.053761909661128406,1.006299512159442e-05
0.27287499999999998,0.0341796875,0.034190997775233718,-1.1310275233718248e-05
0.27300000000000002,0.00946044921875,0.0094574133183113022,3.0359004386977528e-06
0.27312500000000001,-0.016693115234375,-0.016684918913297469,-8.1963210775311268e-06
0.27324999999999999,-0.040283203125,-0.040272300172891691,-1.0902952108308994e-05
0.27337499999999998,-0.0577392578125,-0.057732229703915713,-7.0281085842865965e-06
0.27350000000000002,-0.066436767578125,-0.066424484819692028,-1.2282758432971552e-05
0.27362500000000001,-0.065032958984375,-0.065040359422609967,7.400438234966833e-06
0.27374999999999999,-0.053802490234375,-0.053799691392575663,-2.7988417993368708e-06
0.27387499999999998,-0.034423828125,-0.034416017862825582,-7.8102621744180478e-06
0.27400000000000002,-0.00982666015625,-0.0098353709594564704,8.7108032064703994e-06
0.27412500000000001,0.016204833984375,0.016211470467076595,-6.6364827015948091e-06
0.27424999999999999,0.039764404296875,0.039775223543265084,-1.0819246390084136e-05
0.27437499999999998,0.057281494140625,0.057286897062533843,-5.4029219088425062e-06
0.27450000000000002,0.06610107421875,0.066098350515026161,2.7237037238392325e-06
0.27462500000000001,0.06488037109375,0.064882744079924809,-2.3729861748089665e-06
0.27474999999999999,0.0538330078125,0.0538343246635744,-1.3168510743996609e-06
0.27487499999999998,0.034637451171875,0.03463746734013981,-1.6168264810323407e-08
0.27500000000000002,0.010223388671875,0.010209894635283894,1.3494036591106193e-05
0.27512500000000001,-0.0157470703125,-0.015740781814558992,-6.2884979410079977e-06
0.27524999999999999,-0.039276123046875,-0.039279797726884981,3.6746800099810017e-06
0.27537499999999998,-0.056854248046875,-0.056841839962763721,-1.2408084111278916e-05
0.27550000000000002,-0.065765380859375,-0.065771058899446816,5.6780400718159374e-06
0.27562500000000001,-0.064727783203125,-0.064722698222352049,-5.0849807729513863e-06
0.27575,-0.053863525390625,-0.053865606679670337,2.0812890453372757e-06
0.27587499999999998,-0.03485107421875,-0.034855136487952118,4.0622692021180518e-06
0.27600000000000002,-0.010589599609375,-0.01058076511518859,-8.8344941864097748e-06
0.27612500000000001,0.0152587890625,0.015273082840171025,-1.429377767102509e-05
0.27625,0.038787841796875,0.038786262788541012,1.5790083339878302e-06
0.27637499999999998,0.056396484375,0.05639730663376176,-8.2225876175956447e-07
0.27650000000000002,0.0654296875,0.065442863115083419,-1.3175615083418912e-05
0.27662500000000001,0.0645751953125,0.064560475912169624,1.4719400330376331e-05
0.27675,0.05389404296875,0.053893788294996497,2.5467375350252119e-07
0.27687499999999998,0.035064697265625,0.035069269314321701,-4.5720486967007479e-06
0.27700000000000002,0.010955810546875,0.010948216964511287,7.5935823637129918e-06
0.27712500000000001,-0.014801025390625,-0.014808149584189672,7.124193564671949e-06
0.27725,-0.038299560546875,-0.038294404928394872,-5.1556184801279659e-06
0.27737499999999998,-0.055938720703125,-0.055953091450402802,1.4370747277801799e-05
0.27750000000000002,-0.06512451171875,-0.065113562489292551,-1.094922945744925e-05
0.27762500000000001,-0.06439208984375,-0.064395877459587927,3.7876158379274161e-06
0.27775,-0.053924560546875,-0.053918666687981745,-5.8938588932549996e-06
0.27787499999999998,-0.0352783203125,-0.035279656230056154,1.335917556154198e-06
0.27800000000000002,-0.011322021484375,-0.011312031219913182,-9.9902644618184155e-06
0.27812500000000001,0.01434326171875,0.014346211567166763,-2.9498484167625461e-06
0.27825,0.037811279296875,0.0378044638060007,6.8154908742998344e-06
0.27837499999999998,0.055511474609375,0.055509442256716085,2.0323526589149932e-06
0.27850000000000003,0.064788818359375,0.064783409857518764,5.4085018562355369e-06
0.27862500000000001,0.064239501953125,0.064229156745066823,1.0345208058176736e-05
0.27875,0.053955078125,0.053940492683240769,1.4585441759230877e-05
0.27887499999999998,0.035491943359375,0.035486541370298878,5.401989076121716e-06
0.27900000000000003,0.01165771484375,0.011672442710994883,-1.4727867244882648e-05
0.27912500000000001,-0.013885498046875,-0.013887044468114307,1.5464212393071636e-06
0.27925,-0.037322998046875,-0.037316225218102447,-6.772828772552697e-06
0.27937499999999998,-0.0550537109375,-0.055066153043180563,1.244210568056292e-05
0.27950000000000003,-0.064453125,-0.064452204240005154,-9.2075999484630966e-07
0.27962500000000001,-0.064056396484375,-0.064060113895456752,3.7174110817522754e-06
0.27975,-0.053955078125,-0.053959063427263705,3.9853022637051372e-06
0.27987499999999998,-0.035675048828125,-0.035689715270016971,1.4666441891970916e-05
0.28000000000000003,-0.01202392578125,-0.012029232735747099,5.3069544970994753e-06
0.28012500000000001,0.013427734375,0.013430877448862063,-3.1430738620628895e-06
0.28025,0.036834716796875,0.03682992842260692,4.7883742680804309e-06
0.28037499999999999,0.05462646484375,0.054623471270175791,2.9935735742087077e-06
0.28050000000000003,0.064117431640625,0.064120198164675055,-2.7665240500546195e-06
0.28062500000000001,0.06390380859375,0.063889002606338577,1.4805987411423138e-05
0.28075,0.053985595703125,0.05397462971032755,1.0965992797450086e-05
0.28087499999999999,0.035888671875,0.035889422185630869,-7.5031063086899996e-07
0.28100000000000003,0.01239013671875,0.012382636382112101,7.5003366378986747e-06
0.28112500000000001,-0.012969970703125,-0.012977485832308013,7.5151291830128503e-06
0.28125,-0.036346435546875,-0.036345358816444018,-1.0767304309822201e-06
0.28137499999999999,-0.054168701171875,-0.054181190545308552,1.2489373433552386e-05
0.28149999999999997,-0.06378173828125,-0.063787190343848083,5.4520625980825077e-06
0.28162500000000001,-0.063720703125,-0.063715622818201326,-5.0803067986743278e-06
0.28175,-0.053985595703125,-0.053986988642245021,1.3929391200206975e-06
0.28187499999999999,-0.03607177734375,-0.036085452770517577,1.3675426767577326e-05
0.28199999999999997,-0.012725830078125,-0.012732435203458563,6.605125333562778e-06
0.28212500000000001,0.01251220703125,0.012527098426774779,-1.4891395524779111e-05
0.28225,0.035858154296875,0.035862755259547456,-4.600962672456077e-06
0.28237499999999999,0.053741455078125,0.053739557946882913,1.8971312420873465e-06
0.28249999999999997,0.063446044921875,0.063453432997166451,-7.3880752914506909e-06
0.28262500000000002,0.06353759765625,0.063540228038789615,-2.6303825396145619e-06
0.28275,0.053985595703125,0.053996390974258325,-1.0795271133325068e-05
0.28287499999999999,0.036285400390625,0.036278051396632163,7.3489939928367276e-06
0.28299999999999997,0.013092041015625,0.013078864540160315,1.3176475464685145e-05
0.28312500000000002,-0.0120849609375,-0.012079490204193574,-5.4707333064264729e-06
0.28325,-0.035369873046875,-0.035381902752667081,1.2029705792081236e-05
0.28337499999999999,-0.05328369140625,-0.053298366701204997,1.4675294954996643e-05
0.28349999999999997,-0.0631103515625,-0.063118724528310063,8.3729658100634152e-06
0.28362500000000002,-0.0633544921875,-0.06336261801930404,8.125831804040029e-06
0.28375,-0.05401611328125,-0.054002633774809398,-1.347950644060153e-05
0.28387499999999999,-0.036468505859375,-0.03646700883002138,-1.4970293536198387e-06
0.28399999999999997,-0.013427734375,-0.013421706195080357,-6.0281799196433561e-06
0.28412500000000002,0.011627197265625,0.011634889624524818,-7.6923588998179665e-06
0.28425,0.034912109375,0.034903039761412159,9.0696135878406969e-06
0.28437499999999999,0.0528564453125,0.052857863506104226,-1.4181936042259591e-06
0.28449999999999998,0.062774658203125,0.062783316847942638,-8.6586448176384501e-06
0.28462500000000002,0.06317138671875,0.063183046076783489,-1.1659358033488942e-05
0.28475,0.05401611328125,0.054005967751491364,1.0145529758635863e-05
0.28487499999999999,0.036651611328125,0.03665256955251682,-9.5822439181991736e-07
0.28499999999999998,0.013763427734375,0.0137611957551952,2.2319791797998506e-06
0.28512500000000002,-0.011199951171875,-0.01119307131394055,-6.8798579344504784e-06
0.28525,-0.034423828125,-0.034425950894070745,2.1227690707448232e-06
0.28537499999999999,-0.05242919921875,-0.052417841208252852,-1.1358010497147797e-05
0.28549999999999998,-0.06243896484375,-0.062447008050467726,8.0432067177255151e-06
0.28562500000000002,-0.06298828125,-0.06300131177031433,1.3030520314330496e-05
0.28575,-0.05401611328125,-0.054006189926802471,-9.9233544475288427e-06
0.28587499999999999,-0.036834716796875,-0.036834524437209845,-1.9235966515485092e-07
0.28599999999999998,-0.01409912109375,-0.01409711526701646,-2.0058267335403696e-06
0.28612500000000002,0.0107421875,0.010754263389178625,-1.2075889178625107e-05
0.28625,0.033935546875,0.033950874225604659,-1.5327350604658896e-05
0.28637499999999999,0.051971435546875,0.051978546126664242,-7.1105797892420664e-06
0.28649999999999998,0.062103271484375,0.062110049736968334,-6.7782525933340887e-06
0.28662500000000002,0.06280517578125,0.062817668223434958,-1.2492442184958152e-05
0.28675,0.05401611328125,0.05400355096011878,1.2562321131219523e-05
0.28687499999999999,0.037017822265625,0.037013118070161569,4.704195463431371e-06
0.28699999999999998,0.014434814453125,0.014429700558247065,5.1138948779349408e-06
0.28712500000000002,-0.01031494140625,-0.010318240135788406,3.2987295384059173e-06
0.28725000000000001,-0.033477783203125,-0.033477593975530927,-1.8922759407319356e-07
0.28737499999999999,-0.051544189453125,-0.051539770730063821,-4.4187230611794637e-06
0.28749999999999998,-0.061767578125,-0.061772239691998444,4.6615669984442776e-06
0.28762500000000002,-0.0626220703125,-0.062631914800378261,9.8444878782605327e-06
0.28775000000000001,-0.053985595703125,-0.053997847823504225,1.225212037922474e-05
0.28787499999999999,-0.037200927734375,-0.037188141425948271,-1.2786308426729343e-05
0.28799999999999998,-0.0147705078125,-0.014758733913269536,-1.1773899230464041e-05
0.28812500000000002,0.0098876953125,0.0098852293324830538,2.4659800169461732e-06
0.28825000000000001,0.03302001953125,0.033006347831923341,1.3671699326658904e-05
0.28837499999999999,0.05108642578125,0.051101760960401421,-1.533517915142113e-05
0.28849999999999998,0.061431884765625,0.061433829206542424,-1.9444409174243504e-06
0.28862500000000002,0.06243896484375,0.062444304428486017,-5.3395847360165893e-06
0.28875000000000001,0.053985595703125,0.053989331123668376,-3.7354205433756671e-06
0.28887499999999999,0.037353515625,0.037359839189333964,-6.3235643339640268e-06
0.28899999999999998,0.01507568359375,0.015084451394748061,-8.7678009980610844e-06
0.28912500000000002,-0.00946044921875,-0.0094550049293189459,-5.4442894310540585e-06
0.28925000000000001,-0.03253173828125,-0.032536919629245084,5.1813479950840735e-06
0.28937499999999999,-0.0506591796875,-0.050664308910198394,5.1292226983939981e-06
0.28949999999999998,-0.06109619140625,-0.061094615754810899,-1.575651439100767e-06
0.28962500000000002,-0.062255859375,-0.062254636274473328,-1.2231005266719053e-06
0.28975000000000001,-0.053985595703125,-0.053977797777797543,-7.7979253274573779e-06
0.28987499999999999,-0.03753662109375,-0.037528002430832805,-8.6186629171952633e-06
0.28999999999999998,-0.015411376953125,-0.01540663551912717,-4.7414339978298081e-06
0.29012500000000002,0.009033203125,0.009027794372110317,5.4087528896830384e-06
0.29025000000000001,0.032073974609375,0.032069546672411915,4.4279369630847998e-06
0.29037499999999999,0.05023193359375,0.050227660146111394,4.2734476386058207e-06
0.29049999999999998,0.060760498046875,0.060754850317233745,5.6477296412546507e-06
0.29062500000000002,0.06207275390625,0.062063163066874705,9.590839375295257e-06
0.29075000000000001,0.053955078125,0.053963498335567135,-8.4202105671352112e-06
0.29087499999999999,0.037689208984375,0.037692875928450789,-3.666944075789158e-06
0.29099999999999998,0.015716552734375,0.01572552257830697,-8.9698439319704781e-06
0.29112500000000002,-0.00860595703125,-0.0086033712806063718,-2.5857506436282457e-06
0.29125000000000001,-0.0316162109375,-0.031604012414630928,-1.2198522869072415e-05
0.291375,-0.0498046875,-0.049791606386293062,-1.3081113706937819e-05
0.29149999999999998,-0.0604248046875,-0.060414330057275145,-1.0474630224854842e-05
0.29162500000000002,-0.061859130859375,-0.061869683772319266,1.0552912944265802e-05
0.29175000000000001,-0.053955078125,-0.053946229654959127,-8.8484700408730799e-06
0.291875,-0.037841796875,-0.0378542508432122,1.2453968212200461e-05
0.29199999999999998,-0.01605224609375,-0.016040895315088954,-1.1350778661045613e-05
0.29212500000000002,0.0081787109375,0.0081819627728398365,-3.2518353398364869e-06
0.29225000000000001,0.0311279296875,0.031140553781414473,-1.2624093914472695e-05
0.292375,0.049346923828125,0.04935639282393102,-9.4689958060195645e-06
0.29249999999999998,0.06005859375,0.060073305644429573,-1.4711894429572658e-05
0.29262500000000002,0.061676025390625,0.061674450917998579,1.5744726264213527e-06
0.29275000000000001,0.053924560546875,0.053926242224295394,-1.6816774203939899e-06
0.292875,0.03802490234375,0.038012372040918389,1.2530302831610662e-05
0.29299999999999998,0.016357421875,0.016352990244861875,4.4316301381248924e-06
0.29312500000000002,-0.00775146484375,-0.0077633421433655108,1.1877299615510768e-05
0.29325000000000001,-0.030670166015625,-0.030678953848480066,8.7878328550658469e-06
0.293375,-0.048919677734375,-0.048921810804659939,2.133070284938976e-06
0.29349999999999998,-0.059722900390625,-0.059731573931071084,8.6735404460844268e-06
0.29362500000000002,-0.06146240234375,-0.06147726326797192,1.4860924221919702e-05
0.29375000000000001,-0.05389404296875,-0.053903332838108102,9.2898693581019987e-06
0.293875,-0.038177490234375,-0.038167030767741972,-1.0459466633028214e-05
0.29399999999999998,-0.01666259765625,-0.016661590331119861,-1.0073251301388753e-06
0.29412500000000003,0.007354736328125,0.0073477361876061395,7.0001405188604982e-06
0.29425000000000001,0.03021240234375,0.03021944916576997,-7.0468220199695897e-06
0.294375,0.048492431640625,0.048488105150113779,4.3264905112208596e-06
0.29449999999999998,0.05938720703125,0.059389385275467887,-2.1782442178874817e-06
0.29462500000000003,0.061279296875,0.061278373145645923,9.2372935407702972e-07
0.29475000000000001,0.053863525390625,0.053877751919160798,-1.4226528535797589e-05
0.294875,0.038330078125,0.038318471971951096,1.1606153048904222e-05
0.29499999999999998,0.0169677734375,0.016966932307096765,8.4113040323477439e-07
0.29512500000000003,-0.006927490234375,-0.0069349178800250516,7.4276456500516064e-06
0.29525000000000001,-0.029754638671875,-0.029761822435301406,7.1837634264063088e-06
0.295375,-0.048065185546875,-0.04805506683531198,-1.0118711563020244e-05
0.29549999999999998,-0.059051513671875,-0.059046536218633427,-4.9774532415725048e-06
0.29562500000000003,-0.061065673828125,-0.061077579110101268,1.1905281976268278e-05
0.29575000000000001,-0.053863525390625,-0.053849296194339591,-1.4229196285409085e-05
0.295875,-0.0384521484375,-0.038466486979520736,1.4338542020736478e-05
0.29599999999999999,-0.01727294921875,-0.017268799351295074,-4.1498674549257653e-06
0.29612500000000003,0.00653076171875,0.0065251136985325581,5.6480202174418945e-06
0.29625000000000001,0.029296875,0.02930630983524686,-9.4348352468603958e-06
0.296375,0.047637939453125,0.047622940312263141,1.4999140861858551e-05
0.29649999999999999,0.0587158203125,0.058703276807375623,1.254350512437663e-05
0.29662500000000003,0.060882568359375,0.060875133278600717,7.4350807742831759e-06
0.29675000000000001,0.0538330078125,0.053818216016725623,1.4791795774377059e-05
0.296875,0.038604736328125,0.038611320815923458,-6.5844877984583272e-06
0.29699999999999999,0.017578125,0.017567428409191767,1.0696590808233208e-05
0.29712499999999997,-0.006103515625,-0.0061180963026417085,1.458067764170852e-05
0.29725000000000001,-0.028839111328125,-0.028852693697789408,1.3582369664408289e-05
0.297375,-0.04718017578125,-0.047191516187364009,1.134040611400905e-05
0.29749999999999999,-0.058349609375,-0.058359403271166212,9.7938961662116797e-06
0.29762499999999997,-0.0606689453125,-0.060670834002929434,1.8886904294343476e-06
0.29775000000000001,-0.05377197265625,-0.053784308041475284,1.2335385225284434e-05
0.297875,-0.03875732421875,-0.038752764881707542,-4.5593370424576452e-06
0.29799999999999999,-0.017852783203125,-0.017862602868716958,9.819665591957738e-06
0.29812499999999997,0.005706787109375,0.0057140918578643561,-7.3047484893560763e-06
0.29825000000000002,0.028411865234375,0.02840120983315304,1.0655401221960209e-05
0.298375,0.0467529296875,0.046761038544976291,-8.108857476291087e-06
0.29849999999999999,0.058013916015625,0.058015165345190342,-1.2493295653420722e-06
0.29862499999999997,0.060455322265625,0.060464933191921887,-9.6109262968865905e-06
0.29875000000000002,0.053741455078125,0.053747822547913271,-6.367469788270963e-06
0.298875,0.03887939453125,0.038891064274304887,-1.1669743054887327e-05
0.29899999999999999,0.018157958984375,0.018154559881970754,3.3991024042459572e-06
0.29912499999999997,-0.00531005859375,-0.0053128727138641229,2.8141201141229297e-06
0.29925000000000002,-0.0279541015625,-0.027951640207518145,-2.4613549818551517e-06
0.299375,-0.04632568359375,-0.046331297624877213,5.6140311272129262e-06
0.29949999999999999,-0.05767822265625,-0.057670358947251102,-7.8637089988981002e-06
0.29962499999999997,-0.060272216796875,-0.060257228987830022,-1.4987809044977873e-05
0.29975000000000002,-0.0537109375,-0.053708556115462734,-2.3813845372658293e-06
0.299875,-0.039031982421875,-0.039026010463674356,-5.9719582006442784e-06
0.29999999999999999,-0.0184326171875,-0.018443083040772593,1.046585327259264e-05
0.30012499999999998,0.004913330078125,0.0049146647288147898,-1.3346506897897806e-06
0.30025000000000002,0.027496337890625,0.027504220267056508,-7.8823764315082145e-06
0.300375,0.0458984375,0.045902537145848521,-4.0996458485209608e-06
0.30049999999999999,0.05731201171875,0.057325233500837014,-1.3221782087013967e-05
0.30062499999999998,0.06005859375,0.060047973088866738,1.0620661133262099e-05
0.30075000000000002,0.053680419921875,0.053666758945728546,1.3660976146454007e-05
0.300875,0.039154052734375,0.039157848614077818,-3.7958797028184166e-06
0.30099999999999999,0.01873779296875,0.018728409698329021,9.383270420978973e-06
0.30112499999999998,-0.0045166015625,-0.0045192399476188579,2.6383851188579305e-06
0.30125000000000002,-0.027069091796875,-0.027058731615796486,-1.0360181078514219e-05
0.301375,-0.04547119140625,-0.045474546983099294,3.3555768492940508e-06
0.30149999999999999,-0.056976318359375,-0.056979584612025548,3.2662526505480849e-06
0.30162499999999998,-0.059844970703125,-0.059836963425593769,-8.0072775312314826e-06
0.30175000000000002,-0.053619384765625,-0.053622227538447927,2.8427728229266092e-06
0.301875,-0.039276123046875,-0.039286370259740716,1.024721286571606e-05
0.30199999999999999,-0.019012451171875,-0.019010323644794314,-2.127527080685726e-06
0.30212499999999998,0.004119873046875,0.0041268239262416241,-6.9508793666241478e-06
0.30225000000000002,0.026611328125,0.026615409339717615,-4.0812147176147451e-06
0.302375,0.0450439453125,0.045047570491906552,-3.6251794065522702e-06
0.30249999999999999,0.056640625,0.056633661392586333,6.9636074136666948e-06
0.30262499999999998,0.05963134765625,0.059624451483485337,6.8961727646629778e-06
0.30275000000000002,0.0535888671875,0.053575212013622101,1.3655173877899496e-05
0.30287500000000001,0.039398193359375,0.039411820626692011,-1.3627267317010971e-05
0.30299999999999999,0.019287109375,0.01928906242900805,-1.9530540080504866e-06
0.30312499999999998,-0.00372314453125,-0.003737188409871505,1.404387862150502e-05
0.30325000000000002,-0.02618408203125,-0.026174034684620033,-1.0047346629966925e-05
0.30337500000000001,-0.04461669921875,-0.044621397185049774,4.6979662997742588e-06
0.30349999999999999,-0.0562744140625,-0.056287259136902142,1.284507440214161e-05
0.30362499999999998,-0.059417724609375,-0.059410234979335119,-7.4896300398807902e-06
0.30375000000000002,-0.05352783203125,-0.053525508787458313,-2.3232437916867466e-06
0.30387500000000001,-0.039520263671875,-0.039533991308394259,1.3727636519259012e-05
0.30399999999999999,-0.019561767578125,-0.019564410034007905,2.6424558829049594e-06
0.30412499999999998,0.00335693359375,0.003350558657311977,6.3749364380230079e-06
0.30425000000000002,0.025726318359375,0.025734842380168477,-8.5240207934773882e-06
0.30437500000000001,0.044189453125,0.044196270056422904,-6.8169314229038491e-06
0.30449999999999999,0.055938720703125,0.055940626645069727,-1.9059419447270409e-06
0.30462499999999998,0.0592041015625,0.059194565183844229,9.5363786557708941e-06
0.30475000000000002,0.053466796875,0.053473367894521888,-6.571019521887933e-06
0.30487500000000001,0.039642333984375,0.039653127587600707,-1.0793603225707493e-05
0.30499999999999999,0.01983642578125,0.019836604198778699,-1.7841752869909855e-07
0.30512499999999998,-0.002960205078125,-0.0029667061191379902,6.5010410129902156e-06
0.30525000000000002,-0.025299072265625,-0.025297613317820777,-1.458947804223315e-06
0.30537500000000001,-0.04376220703125,-0.04377197825852041,9.7712272704095215e-06
0.30549999999999999,-0.05560302734375,-0.055593558899857079,-9.468443892921008e-06
0.30562499999999998,-0.058990478515625,-0.058977239598043497,-1.3238917581502585e-05
0.30575000000000002,-0.05340576171875,-0.053418585663724982,1.2823944974982293e-05
0.30587500000000001,-0.039764404296875,-0.039769021112048039,4.6168151730391349e-06
0.30599999999999999,-0.020111083984375,-0.020105429093834108,-5.6548905408917993e-06
0.30612499999999998,0.002593994140625,0.0025858557620230338,8.1383786019661661e-06
0.30625000000000002,0.024871826171875,0.024862581874875594,9.2442969994062374e-06
0.30637500000000001,0.0433349609375,0.043348764426060511,-1.3803488560511223e-05
0.30649999999999999,0.05523681640625,0.05524630438982131,-9.487983571310199e-06
0.30662499999999998,0.058746337890625,0.058758509275901732,-1.2171385276732449e-05
0.30675000000000002,0.053375244140625,0.053361412040471352,1.3832100153647608e-05
0.30687500000000001,0.039886474609375,0.039881917216284334,4.5573930906664395e-06
0.307,0.0203857421875,0.020371122642919157,1.4619544580842664e-05
0.30712499999999998,-0.002197265625,-0.0022077787469524778,1.0513121952477819e-05
0.30725000000000002,-0.024444580078125,-0.024429528592350137,-1.5051485774863343e-05
0.30737500000000001,-0.042938232421875,-0.042926417353441833,-1.1815068433167208e-05
0.3075,-0.054901123046875,-0.054898657786262232,-2.4652606127675836e-06
0.30762499999999998,-0.05853271484375,-0.058538171500770807,5.4566570208067211e-06
0.30775000000000002,-0.053314208984375,-0.053301643262665385,-1.2565721709614786e-05
0.30787500000000001,-0.03997802734375,-0.03999160759737895,1.3580253628950323e-05
0.308,-0.0206298828125,-0.020633469198603562,3.5863861035621836e-06
0.30812499999999998,0.0018310546875,0.0018326997535463533,-1.6450660463532708e-06
0.30825000000000002,0.02398681640625,0.023998687499086332,-1.1871092836332475e-05
0.30837500000000001,0.042510986328125,0.042505179318418115,5.807009706884636e-06
0.3085,0.0545654296875,0.054550867266376896,1.4562421123104352e-05
0.30862499999999998,0.058319091796875,0.058316477108010155,2.6146888648451161e-06
0.30875000000000002,0.053253173828125,0.053239529182901965,1.3644645223034879e-05
0.30887500000000001,0.04010009765625,0.040098337636811823,1.7600194381767187e-06
0.309,0.020904541015625,0.020892706864052282,1.1834151572718415e-05
0.30912499999999998,-0.00146484375,-0.0014603896582082066,-4.4540917917934401e-06
0.30925000000000002,-0.0235595703125,-0.023569838789631904,1.0268477131904208e-05
0.30937500000000001,-0.042083740234375,-0.042084838759565646,1.0985251906459048e-06
0.3095,-0.05419921875,-0.054202727190229887,3.5084402298865558e-06
0.30962499999999998,-0.05810546875,-0.05809322316145174,-1.2245588548259745e-05
0.30975000000000003,-0.05316162109375,-0.053174865944469421,1.3244850719421053e-05
0.30987500000000001,-0.040191650390625,-0.040201899076155533,1.0248685530532542e-05
0.31,-0.021148681640625,-0.021148620168573488,-6.147205151157964e-08
0.31012499999999998,0.0010986328125,0.0010910728585038197,7.5599539961803113e-06
0.31025000000000003,0.02313232421875,0.023143216148295506,-1.0891929545505524e-05
0.31037500000000001,0.041656494140625,0.041665637599927759,-9.1434593027586719e-06
0.3105,0.053863525390625,0.053854485423903004,9.039966721996473e-06
0.31062499999999998,0.057861328125,0.057868660276045904,-7.3321510459037342e-06
0.31075000000000003,0.0531005859375,0.053107903303559495,-7.3173660594949563e-06
0.31087500000000001,0.040313720703125,0.040302537338981738,1.1183364143262098e-05
0.311,0.021392822265625,0.02140144738940096,-8.6251237759599197e-06
0.31112499999999998,-0.000732421875,-0.00072451995130541722,-7.901923694582781e-06
0.31125000000000003,-0.022705078125,-0.022718599427085623,1.3521302085622855e-05
0.31137500000000001,-0.041259765625,-0.041247363924533591,-1.240170046640926e-05
0.3115,-0.053497314453125,-0.053505936016502532,8.6215633775324485e-06
0.31162499999999999,-0.057647705078125,-0.057642585294343511,-5.1197837814889735e-06
0.31175000000000003,-0.05303955078125,-0.053038437305313928,-1.1134759360723057e-06
0.31187500000000001,-0.0404052734375,-0.040400044206603314,-5.2292308966861434e-06
0.312,-0.021636962890625,-0.021650973227309217,1.4010336684217028e-05
0.31212499999999999,0.0003662109375,0.00036095505710630958,5.2558803936904211e-06
0.31225000000000003,0.022308349609375,0.022296221969762681,1.2127639612318636e-05
0.31237500000000001,0.04083251953125,0.040830259304052992,2.2602271970081911e-06
0.3125,0.05316162109375,0.053157326523325207,4.2945704247926431e-06
0.31262499999999999,0.057403564453125,0.057415248609161272,-1.1684156036272098e-05
0.31274999999999997,0.052978515625,0.05296671760603211,1.1798018967890123e-05
0.31287500000000001,0.040496826171875,0.040494665139954276,2.1610319207235329e-06
0.313,0.02191162109375,0.021897436128351776,1.4184965398223587e-05
0.31312499999999999,0,-1.4849822004774313e-07,1.4849822004774313e-07
0.31324999999999997,-0.021881103515625,-0.021875863289744765,-5.2402258802347612e-06
0.31337500000000001,-0.0404052734375,-0.04041411147228427,8.8380347842698104e-06
0.3135,-0.05279541015625,-0.052808450682859442,1.3040526609442438e-05
0.31362499999999999,-0.05718994140625,-0.057186446840083741,-3.4945661662594274e-06
0.31374999999999997,-0.052886962890625,-0.052892540149229741,5.577258604741453e-06
0.31387500000000002,-0.04058837890625,-0.040586191955348995,-2.1869509010050137e-06
0.314,-0.02215576171875,-0.022140620959488287,-1.5140759261712822e-05
0.31412499999999999,-0.0003662109375,-0.0003576758769099063,-8.5350605900937049e-06
0.31424999999999997,0.021453857421875,0.021457756394216862,-3.8989723418619837e-06
0.31437500000000002,0.040008544921875,0.039999161649860331,9.3832720146694304e-06
0.3145,0.052459716796875,0.052459555739988714,1.6105688628587078e-07
0.31462499999999999,0.05694580078125,0.05695643015614673,-1.0629374896729826e-05
0.31474999999999997,0.052825927734375,0.052816154487891551,9.7732464834493493e-06
0.31487500000000002,0.040679931640625,0.040674870146420863,5.0614942041365962e-06
0.315,0.022369384765625,0.022380766330389004,-1.1381564764004204e-05
0.31512499999999999,0.000701904296875,0.00071274801557469499,-1.084371869969499e-05
0.31524999999999997,-0.021026611328125,-0.021041680461979108,1.5069133854107852e-05
0.31537500000000002,-0.039581298828125,-0.039585197221741766,3.8983936167663602e-06
0.3155,-0.0521240234375,-0.052110435123008607,-1.3588314491393139e-05
0.31562499999999999,-0.056732177734375,-0.056724994952358422,-7.1827820165779044e-06
0.31574999999999998,-0.052734375,-0.052737356460536247,2.9814605362471491e-06
0.31587500000000002,-0.040771484375,-0.040760491559856338,-1.0992815143662238e-05
0.316,-0.022613525390625,-0.022617657269019053,4.1318783940529069e-06
0.31612499999999999,-0.001068115234375,-0.0010648443364364647,-3.2708979385352548e-06
0.31624999999999998,0.0206298828125,0.020627868167588749,2.0146449112509734e-06
0.31637500000000002,0.0391845703125,0.039172459060914364,1.2111251585636418e-05
0.3165,0.0517578125,0.051761335766823006,-3.5232668230064657e-06
0.31662499999999999,0.056488037109375,0.056492391172401263,-4.3540630262628444e-06
0.31674999999999998,0.052642822265625,0.052656395513487837,-1.3573247862837257e-05
0.31687500000000002,0.04083251953125,0.040843301717355139,-1.0782186105139091e-05
0.317,0.022857666015625,0.022851532543455025,6.1334721699751737e-06
0.31712499999999999,0.00140380859375,0.0014141950513980994,-1.0386457648099354e-05
0.31724999999999998,-0.02020263671875,-0.020216098359246908,1.3461640496908317e-05
0.31737500000000002,-0.03875732421875,-0.038760734205891635,3.4099871416351513e-06
0.3175,-0.051422119140625,-0.051412050789998928,-1.0068350626071809e-05
0.31762499999999999,-0.056243896484375,-0.056258414985171881,1.4518500796881217e-05
0.31774999999999998,-0.052581787109375,-0.052573067376957966,-8.719732417034054e-06
0.31787500000000002,-0.040924072265625,-0.040923092491399519,-9.7977422548051196e-07
0.318,-0.0230712890625,-0.023082177337534572,1.088827503457207e-05
0.31812499999999999,-0.00177001953125,-0.0017605768413029282,-9.4426899470718278e-06
0.31824999999999998,0.019805908203125,0.019806603382864846,-6.9517973984647985e-07
0.31837500000000002,0.038360595703125,0.038350263184440354,1.0332518684645631e-05
0.31850000000000001,0.051055908203125,0.051062826817978024,-6.9186148530242519e-06
0.31862499999999999,0.0560302734375,0.056023316107501761,6.957329998238948e-06
0.31874999999999998,0.052490234375,0.05248762138733145,2.6129876685501707e-06
0.31887500000000002,0.040985107421875,0.041000109427230418,-1.5002005355417569e-05
0.31900000000000001,0.0233154296875,0.023309830572631345,5.5991148686547476e-06
0.31912499999999999,0.002105712890625,0.0021042201777515188,1.4927128734812389e-06
0.31924999999999998,-0.0194091796875,-0.019399161760012908,-1.0017927487091655e-05
0.31937500000000002,-0.037933349609375,-0.037940832691097041,7.4830817220414292e-06
0.31950000000000001,-0.05072021484375,-0.050713456660123217,-6.7581836267829876e-06
0.31962499999999999,-0.0557861328125,-0.0557868904807143,7.5766821430039988e-07
0.31974999999999998,-0.052398681640625,-0.052399853163288559,1.1715226635594655e-06
0.31987500000000002,-0.04107666015625,-0.04107414441861592,-2.5157376340803617e-06
0.32000000000000001,-0.023529052734375,-0.023534277583322567,5.2248489475666127e-06
0.32012499999999999,-0.00244140625,-0.0024449019988068634,3.4957488068633642e-06
0.32024999999999998,0.01898193359375,0.018994005511988848,-1.2071918238848456e-05
0.32037500000000002,0.03753662109375,0.037532682910860905,3.938182889094699e-06
0.32050000000000001,0.05035400390625,0.050364186632968232,-1.0182726718231672e-05
0.32062499999999999,0.0555419921875,0.055549387593364974,-7.3954058649738919e-06
0.32074999999999998,0.05230712890625,0.052310011928088589,-2.8830218385886286e-06
0.32087500000000002,0.0411376953125,0.041145443029839995,-7.7477173399953525e-06
0.32100000000000001,0.02374267578125,0.023755757439199627,-1.3081657949626929e-05
0.32112499999999999,0.002777099609375,0.0027828530308740716,-5.7534214990715912e-06
0.32124999999999998,-0.018585205078125,-0.018590912837715003,5.7077595900026368e-06
0.32137500000000002,-0.037139892578125,-0.037125600196761144,-1.4292381363856244e-05
0.32150000000000001,-0.050018310546875,-0.050014809237276484,-3.5013095985164666e-06
0.32162499999999999,-0.0552978515625,-0.055310603157817044,1.2751595317044007e-05
0.32174999999999998,-0.052215576171875,-0.052217893185711337,2.3170138363365345e-06
0.32187500000000002,-0.04119873046875,-0.041213797171526671,1.506670277667127e-05
0.32200000000000001,-0.02398681640625,-0.023974055620546986,-1.2760785703013616e-05
0.32212499999999999,-0.00311279296875,-0.003117850464353577,5.0574956035769926e-06
0.32224999999999998,0.0181884765625,0.018190115437862163,-1.6388753621629504e-06
0.32237500000000002,0.036712646484375,0.036719824393558802,-7.1779091838017339e-06
0.32250000000000001,0.049652099609375,0.049665570481294823,-1.3470871919822602e-05
0.322625,0.055084228515625,0.055070786432997246,1.3442082627754259e-05
0.32274999999999998,0.0521240234375,0.05212374604317923,2.7739432077039661e-07
0.32287500000000002,0.041290283203125,0.041279452422606416,1.083078051858366e-05
0.32300000000000001,0.024200439453125,0.024189411340141985,1.1028112983015037e-05
0.323125,0.003448486328125,0.0034501252755328952,-1.6389474078951777e-06
0.32324999999999998,-0.017791748046875,-0.017791391192748383,-3.5685412661662363e-07
0.32337500000000002,-0.03631591796875,-0.036315141515280834,-7.764534691659386e-07
0.32350000000000001,-0.04931640625,-0.04931626255782634,-1.4369217365972631e-07
0.323625,-0.054840087890625,-0.054829732900991836,-1.0354989633164224e-05
0.32374999999999998,-0.052032470703125,-0.052027365886697721,-5.1048164272787799e-06
0.32387500000000002,-0.041351318359375,-0.04134220070615735,-9.1176532176495684e-06
0.32400000000000001,-0.0244140625,-0.024401610218940356,-1.245228105964391e-05
0.324125,-0.0037841796875,-0.0037794549022709986,-4.7247852290013999e-06
0.32424999999999998,0.01739501953125,0.017394971486410997,4.8044839003058559e-08
0.32437500000000002,0.035919189453125,0.035911791068972604,7.3983841523961313e-06
0.32450000000000001,0.048980712890625,0.048967131167509413,1.3581723115586863e-05
0.324625,0.054595947265625,0.054587691589820089,8.2556758049107115e-06
0.32474999999999998,0.05194091796875,0.051929001703996537,1.1916264753462913e-05
0.32487500000000002,0.041412353515625,0.041402287611426093,1.0065904198906794e-05
0.32500000000000001,0.02459716796875,0.024610891607939167,-1.3723639189167081e-05
0.325125,0.004119873046875,0.0041060705658953192,1.3802480979680821e-05
0.32524999999999998,-0.016998291015625,-0.017000633884560371,2.3428689353705012e-06
0.32537500000000003,-0.0355224609375,-0.035509558732240452,-1.2902205259547606e-05
0.32550000000000001,-0.048614501953125,-0.048617968195907649,3.4662427826487319e-06
0.325625,-0.054351806640625,-0.054344457750046864,-7.3488905781363134e-06
0.32574999999999998,-0.05181884765625,-0.051828448760507163,9.6011042571633731e-06
0.32587500000000003,-0.041473388671875,-0.041459505069647823,-1.3883602227177105e-05
0.32600000000000001,-0.024810791015625,-0.024817041263823451,6.2502481984506864e-06
0.326125,-0.004425048828125,-0.0044297499468671543,4.7011187421543144e-06
0.32624999999999998,0.0166015625,0.016608609458653115,-7.0469586531153594e-06
0.32637500000000003,0.03509521484375,0.035108683676970301,-1.3468833220300902e-05
0.32650000000000001,0.04827880859375,0.048269019036778098,9.7895569719022579e-06
0.326625,0.054107666015625,0.054100280177573089,7.385838051911231e-06
0.32674999999999998,0.051727294921875,0.051725955921704099,1.3390001709009947e-06
0.32687500000000003,0.04150390625,0.041514098676084139,-1.0192426084139339e-05
0.32700000000000001,0.0250244140625,0.025020298670841712,4.1153916582881145e-06
0.327125,0.0047607421875,0.004750724506678519,1.0017680821480975e-05
0.32724999999999999,-0.016204833984375,-0.01621867546379395,1.3841479418949532e-05
0.32737500000000003,-0.034698486328125,-0.034708951246920638,1.0464918795638489e-05
0.32750000000000001,-0.04791259765625,-0.047920075269199829,7.4776129498285715e-06
0.327625,-0.053863525390625,-0.053854953890267857,-8.5715003571434911e-06
0.32774999999999999,-0.0516357421875,-0.051621318329303077,-1.4423858196922767e-05
0.32787500000000003,-0.04156494140625,-0.041565860365896337,9.1895964633714744e-07
0.32800000000000001,-0.02520751953125,-0.025220449716514763,1.2930185264763139e-05
0.328125,-0.00506591796875,-0.0050687721635792951,2.8541948292951091e-06
0.32824999999999999,0.015838623046875,0.015831062662863171,7.5603840118294852e-06
0.32837499999999997,0.0343017578125,0.03431060028143984,-8.8424689398403089e-06
0.32850000000000001,0.047576904296875,0.047571381980856212,5.5223160187883868e-06
0.328625,0.053619384765625,0.053608727450776938,1.0657314848061539e-05
0.32874999999999999,0.051513671875,0.051514784723628741,-1.1128486287412254e-06
0.32887499999999997,0.0416259765625,0.041615035736167115,1.0940826332885012e-05
0.32900000000000001,0.025421142578125,0.025417734013473567,3.4085646514331325e-06
0.329125,0.00537109375,0.0053841246144244702,-1.3030864424470184e-05
0.32924999999999999,-0.01544189453125,-0.015445548004413541,3.6534731635406298e-06
0.32937499999999997,-0.033905029296875,-0.0339134157930671,8.3864961921004122e-06
0.32950000000000002,-0.047210693359375,-0.047222730445151725,1.2037085776725465e-05
0.329625,-0.053375244140625,-0.053361395643167532,-1.3848497457467912e-05
0.32974999999999999,-0.0513916015625,-0.051406150119830504,1.4548557330504308e-05
0.32987499999999997,-0.041656494140625,-0.041661416721779088,4.922581154087613e-06
0.33000000000000002,-0.025604248046875,-0.025611937575180682,7.6895283056821473e-06
0.330125,-0.005706787109375,-0.0056965600104077274,-1.0227098967272551e-05
0.33024999999999999,0.01507568359375,0.015062361946775028,1.3321646974972026e-05
0.33037499999999997,0.03350830078125,0.033517636291233867,-9.3355099838668409e-06
0.33050000000000002,0.046875,0.046874365444533203,6.3455546679691555e-07
0.330625,0.0531005859375,0.05311320679575867,-1.2620858258670375e-05
0.33074999999999999,0.051300048828125,0.051295663130261376,4.3856978636236388e-06
0.33087499999999997,0.041717529296875,0.041705248917492603,1.2280379382396955e-05
0.33100000000000002,0.02581787109375,0.025803300137829385,1.4570955920615442e-05
0.331125,0.006011962890625,0.0060063102789698931,5.6526116551068595e-06
0.33124999999999999,-0.014678955078125,-0.014681281135952639,2.3260578276389221e-06
0.33137499999999998,-0.033111572265625,-0.033123046459891371,1.1474194266371252e-05
0.33150000000000002,-0.046539306640625,-0.046526077947620134,-1.3228693004865844e-05
0.331625,-0.0528564453125,-0.052863955457783336,7.5101452833362115e-06
0.33174999999999999,-0.051177978515625,-0.051183118640710436,5.140125085435765e-06
0.33187499999999998,-0.041748046875,-0.041746324253820945,-1.7226211790552504e-06
0.33200000000000002,-0.0260009765625,-0.02599160783602858,-9.3687264714203966e-06
0.332125,-0.006317138671875,-0.0063131537994839601,-3.9848723910398953e-06
0.33224999999999999,0.014312744140625,0.014302535729755149,1.0208410869851428e-05
0.33237499999999998,0.03271484375,0.032729884481243122,-1.5040731243122496e-05
0.33250000000000002,0.046173095703125,0.046178112432513137,-5.0167293881367425e-06
0.332625,0.0526123046875,0.052613889722230224,-1.5850347302240331e-06
0.33274999999999999,0.051055908203125,0.051068765132815462,-1.2856929690462093e-05
0.33287499999999998,0.041778564453125,0.041784888319124157,-6.3238659991568524e-06
0.33300000000000002,0.02618408203125,0.026177100524714756,6.9815065352439587e-06
0.333125,0.006622314453125,0.0066173227251701792,4.9917279548207516e-06
0.33324999999999999,-0.013916015625,-0.013925902075699182,9.8864506991817175e-06
0.33337499999999998,-0.0323486328125,-0.032337934713342106,-1.0698099157893659e-05
0.33350000000000002,-0.04583740234375,-0.045830259563963506,-7.1427797864939691e-06
0.333625,-0.0523681640625,-0.052362803902528308,-5.360159971691536e-06
0.33374999999999999,-0.05096435546875,-0.050952397360297781,-1.1958108452218841e-05
0.33387499999999998,-0.04180908203125,-0.041820733035497527,1.1651004247527352e-05
0.33400000000000002,-0.0263671875,-0.026359564454897091,-7.6230451029092594e-06
0.33412500000000001,-0.006927490234375,-0.0069185956588418305,-8.8945755331694756e-06
0.33424999999999999,0.0135498046875,0.013551610035085962,-1.8053475859623053e-06
0.33437499999999998,0.031951904296875,0.031947435013835179,4.4692830398207484e-06
0.33450000000000002,0.04547119140625,0.045482763516694821,-1.1572110444821315e-05
0.33462500000000001,0.0521240234375,0.052110945855405759,1.3077582094241091e-05
0.33474999999999999,0.05084228515625,0.050834263671393334,8.0214848566656505e-06
0.33487499999999998,0.041839599609375,0.041854103980874476,-1.4504371499475532e-05
0.33500000000000002,0.02655029296875,0.026539239595534062,1.1053373215937773e-05
0.33512500000000001,0.0072021484375,0.0072172049747727092,-1.5056537272709232e-05
0.33524999999999999,-0.01318359375,-0.013179435660958113,-4.1580890418873445e-06
0.33537499999999998,-0.03155517578125,-0.031558169417586372,2.9936363363722296e-06
0.33550000000000002,-0.045135498046875,-0.045135414652558735,-8.339431626508409e-08
0.33562500000000001,-0.051849365234375,-0.051858109657584563,8.7444232095626462e-06
0.33574999999999999,-0.05072021484375,-0.050714158685119803,-6.0561586301965953e-06
0.33587499999999998,-0.0418701171875,-0.041884793064964884,1.4675877464884191e-05
0.33600000000000002,-0.026702880859375,-0.026715912309291517,1.303144991651739e-05
0.33612500000000001,-0.00750732421875,-0.0075129294944497613,5.6052756997613043e-06
0.33624999999999999,0.0128173828125,0.012809608522176401,7.7742903235988176e-06
0.33637499999999998,0.031158447265625,0.031170375460432963,-1.1928194807962755e-05
0.33650000000000002,0.0447998046875,0.044788456843895916,1.1347843604084251e-05
0.33662500000000001,0.051605224609375,0.051604542928662497,6.8168071250263029e-07
0.33674999999999999,0.05059814453125,0.050592330613711163,5.8139175388369213e-06
0.33687499999999998,0.041900634765625,0.04191304585134098,-1.2411085715979819e-05
0.33700000000000002,0.026885986328125,0.02688982267447846,-3.8363463534599185e-06
0.33712500000000001,0.0078125,0.0078060018085008287,6.4981914991713019e-06
0.33724999999999999,-0.012451171875,-0.01244190438132458,-9.2674936754202908e-06
0.33737499999999998,-0.030792236328125,-0.030783836856772977,-8.3994713520225972e-06
0.33750000000000002,-0.04443359375,-0.044441680150704668,8.0864007046682618e-06
0.33762500000000001,-0.051361083984375,-0.05135003950782456,-1.1044476550439719e-05
0.33774999999999999,-0.05047607421875,-0.050468573938902903,-7.5002798470974463e-06
0.33787499999999998,-0.04193115234375,-0.041938654233392533,7.5018896425332882e-06
0.33800000000000002,-0.027069091796875,-0.027060757160771002,-8.3346361039980665e-06
0.33812500000000001,-0.008087158203125,-0.0080962009524006371,9.0427492756370992e-06
0.33825,0.0120849609375,0.012076552518838162,8.4084186618375162e-06
0.33837499999999998,0.0303955078125,0.030398790823370721,-3.2830108707207484e-06
0.33850000000000002,0.044097900390625,0.044095328143987145,2.5722466378552689e-06
0.33862500000000001,0.05108642578125,0.051094846776733767,-8.4209954837669021e-06
0.33875,0.05035400390625,0.050343136734397553,1.0867171852446678e-05
0.33887499999999998,0.041961669921875,0.041961863756461291,-1.9383458629146366e-07
0.33900000000000002,0.0272216796875,0.027228955951161121,-7.2762636611212184e-06
0.33912500000000001,0.008392333984375,0.0083837597284057031,8.5742559692968817e-06
0.33925,-0.01171875,-0.011713328410908958,-5.4215890910418174e-06
0.33937499999999998,-0.030029296875,-0.03001502075695087,-1.4276118049130065e-05
0.33950000000000002,-0.04376220703125,-0.043749190582957453,-1.3016448292546556e-05
0.33962500000000001,-0.05084228515625,-0.050838758336266249,-3.5268199837512615e-06
0.33975,-0.050201416015625,-0.050215813342154331,1.4397326529330678e-05
0.33987499999999998,-0.0419921875,-0.041982466293780329,-9.7212062196705418e-06
0.34000000000000002,-0.02740478515625,-0.02739420561773883,-1.0579538511169828e-05
0.34012500000000001,-0.0086669921875,-0.0086684573813199436,1.4651938199435749e-06
0.34025,0.0113525390625,0.011352461053561858,7.8008938142470896e-08
0.34037499999999998,0.029632568359375,0.029632763557967696,-1.9519859269581663e-07
0.34050000000000002,0.04339599609375,0.04340351073840041,-7.5146446504095743e-06
0.34062500000000001,0.050567626953125,0.050582021329418525,-1.4394376293525024e-05
0.34075,0.050079345703125,0.050086851694872488,-7.505991747487617e-06
0.34087499999999998,0.0419921875,0.042000707368625295,-8.5198686252951905e-06
0.34100000000000003,0.027557373046875,0.027556746443607987,6.2660326701283187e-07
0.34112500000000001,0.008941650390625,0.0089505269203839846,-8.8765297589846193e-06
0.34125,-0.010986328125,-0.010993725640610732,7.3975156107321943e-06
0.34137499999999998,-0.029266357421875,-0.029251802308248202,-1.4555113626798372e-05
0.34150000000000003,-0.043060302734375,-0.043058078069863844,-2.2246645111564933e-06
0.34162500000000001,-0.050323486328125,-0.050324429118050185,9.4278992518459503e-07
0.34175,-0.049957275390625,-0.049956045992310738,-1.2293983142619425e-06
0.34187499999999998,-0.042022705078125,-0.042016378830300995,-6.3262478240053155e-06
0.34200000000000003,-0.0277099609375,-0.027716365098681472,6.4041611814724675e-06
0.34212500000000001,-0.00921630859375,-0.0092297477950481471,1.343920129814706e-05
0.34225,0.010650634765625,0.010637350887734608,1.3283877890391677e-05
0.34237499999999998,0.02886962890625,0.028872373594767763,-2.7446885177626057e-06
0.34250000000000003,0.042724609375,0.04271313554905707,1.147382594293006e-05
0.34262500000000001,0.050079345703125,0.050066228605815388,1.3117097309611747e-05
0.34275,0.049835205078125,0.049823644023775766,1.1561054349233657e-05
0.34287499999999999,0.042022705078125,0.042029726176277996,-7.0210981529955641e-06
0.34300000000000003,0.027862548828125,0.027873301961654304,-1.0753133529304432e-05
0.34312500000000001,0.009521484375,0.0095063532169207907,1.513115807920927e-05
0.34325,-0.010284423828125,-0.010283111710381593,-1.3121177434068793e-06
0.34337499999999999,-0.02850341796875,-0.028494260187256336,-9.1577814936641411e-06
0.34350000000000003,-0.0423583984375,-0.042368472337055332,1.0073899555332333e-05
0.34362500000000001,-0.0498046875,-0.049807212914921684,2.5254149216835664e-06
0.34375,-0.0496826171875,-0.049689439844459296,6.8226569592960695e-06
0.34387499999999999,-0.04205322265625,-0.042040541228195845,-1.2681428054155119e-05
0.34399999999999997,-0.02801513671875,-0.028027343795771747,1.2207077021746809e-05
0.34412500000000001,-0.009765625,-0.0097801228354967486,1.4497835496748643e-05
0.34425,0.009918212890625,0.009931236547895737,-1.3023657270736996e-05
0.34437499999999999,0.028106689453125,0.028117698362022905,-1.1008908897904707e-05
0.34449999999999997,0.042022705078125,0.0420243311076752,-1.626029550200192e-06
0.34462500000000001,0.049560546875,0.049547628709067953,1.2918165932046533e-05
0.34475,0.049560546875,0.04955368109795507,6.8657770449301325e-06
0.34487499999999999,0.04205322265625,0.042049069454045664,4.1532022043364036e-06
0.34499999999999997,0.028167724609375,0.028178731070801002,-1.1006461426002478e-05
0.34512500000000002,0.010040283203125,0.010051290060113193,-1.100685698819312e-05
0.34525,-0.00958251953125,-0.0095815000414199974,-1.0194898300026206e-06
0.34537499999999999,-0.027740478515625,-0.027742470579567725,1.9920639427253861e-06
0.34549999999999997,-0.04168701171875,-0.041680500724747639,-6.5109940023608259e-06
0.34562500000000002,-0.049285888671875,-0.049287268870227989,1.380198352989026e-06
0.34575,-0.049407958984375,-0.049416161692601983,8.2027082269828244e-06
0.34587499999999999,-0.04205322265625,-0.042055102644159882,1.8799879098821415e-06
0.34599999999999997,-0.0283203125,-0.028327250638860709,6.9381388607091254e-06
0.34612500000000002,-0.01031494140625,-0.010319634735736573,4.6933294865734998e-06
0.34625,0.009246826171875,0.0092341303579712656,1.2695813903734407e-05
0.34637499999999999,0.027374267578125,0.027368812808369367,5.4547697556327213e-06
0.34649999999999997,0.041351318359375,0.041337223565457125,1.4094793917875104e-05
0.34662500000000002,0.04901123046875,0.049026379821604259,-1.5149352854258724e-05
0.34675,0.049285888671875,0.049277129124018562,8.7595478564378437e-06
0.34687499999999999,0.04205322265625,0.042058886233411287,-5.6635771612870145e-06
0.34699999999999998,0.028472900390625,0.028473143056381031,-2.4266575603115736e-07
0.34712500000000002,0.010589599609375,0.01058539046487489,4.2091445001096045e-06
0.34725,-0.008880615234375,-0.0088889018683932404,8.2866340182403964e-06
0.34737499999999999,-0.027008056640625,-0.026996507202545532,-1.1549438079468122e-05
0.34749999999999998,-0.040985107421875,-0.040994288197626134,9.1807757511344623e-06
0.34762500000000002,-0.04876708984375,-0.048764754204416616,-2.3356393333839875e-06
0.34775,-0.04913330078125,-0.049136377151473086,3.0763702230859891e-06
0.34787499999999999,-0.04205322265625,-0.042060211977247582,6.989320997581594e-06
0.34799999999999998,-0.02862548828125,-0.028616195259945583,-9.2930213044170595e-06
0.34812500000000002,-0.010833740234375,-0.010848337283372388,1.4597048997387618e-05
0.34825,0.008544921875,0.0085460424714301955,-1.1205964301954502e-06
0.34837499999999999,0.026611328125,0.02662578942564562,-1.4461300645619846e-05
0.34849999999999998,0.0406494140625,0.040651936703113296,-2.5226406132963786e-06
0.34862500000000002,0.048492431640625,0.048502638200881507,-1.0206560256506569e-05
0.34875,0.048980712890625,0.048994153120424995,-1.3440229799994985e-05
0.34887499999999999,0.04205322265625,0.042059325273877991,-6.1026176279913025e-06
0.34899999999999998,0.02874755859375,0.028756647888260087,-9.0892945100867761e-06
0.34912500000000002,0.0111083984375,0.011108708982379737,-3.1054487973670997e-07
0.34925,-0.008209228515625,-0.0082053262716281598,-3.9022439968401657e-06
0.34937499999999999,-0.0262451171875,-0.026256441328273827,1.132414077382668e-05
0.34949999999999998,-0.040313720703125,-0.040309957355051246,-3.7633480737542246e-06
0.34962500000000002,-0.048248291015625,-0.048239824211016101,-8.4668046088989812e-06
0.34975000000000001,-0.048858642578125,-0.048850250638912428,-8.3919392125722525e-06
0.34987499999999999,-0.04205322265625,-0.042056017840324186,2.7951840741863299e-06
0.34999999999999998,-0.028900146484375,-0.028894287957997845,-5.8585263771546159e-06
0.35012500000000002,-0.0113525390625,-0.011366285784106082,1.3746721606082424e-05
0.35025000000000001,0.00787353515625,0.0078669809034578476,6.5542527921524235e-06
0.35037499999999999,0.02587890625,0.025888698271930001,-9.7920219300010047e-06
0.35049999999999998,0.03997802734375,0.039968591941291258,9.435402458742026e-06
0.35062500000000002,0.0479736328125,0.047976558175621485,-2.9253631214851139e-06
0.35075000000000001,0.0487060546875,0.048704916900119244,1.1377873807560945e-06
0.35087499999999999,0.04205322265625,0.042050535034650449,2.6876215995508268e-06
0.35099999999999998,0.029022216796875,0.029029356185823078,-7.1393889480783623e-06
0.35112500000000002,0.011627197265625,0.011621301663797231,5.8956018277687289e-06
0.35125000000000001,-0.007537841796875,-0.00753078020921427,-7.0615876607300204e-06
0.35137499999999999,-0.0255126953125,-0.025522341806637781,9.6464941377813473e-06
0.35149999999999998,-0.039642333984375,-0.039627628441651921,-1.4705542723078557e-05
0.35162500000000002,-0.047698974609375,-0.047712632253112813,1.3657643737813308e-05
0.35175000000000001,-0.048553466796875,-0.048557945358770421,4.4785618954212847e-06
0.35187499999999999,-0.04205322265625,-0.042042668532003211,-1.0554124246789365e-05
0.35199999999999998,-0.0291748046875,-0.029161639664207449,-1.3165023292550926e-05
0.35212500000000002,-0.011871337890625,-0.011873537025544955,2.1991349199550203e-06
0.35225000000000001,0.0072021484375,0.0071969515630880988,5.1968744119012394e-06
0.35237499999999999,0.025146484375,0.025157606994747429,-1.1122619747429285e-05
0.35249999999999998,0.039276123046875,0.039287308351345113,-1.1185304470112678e-05
0.35262500000000002,0.047454833984375,0.047448292142517445,6.5418418575546866e-06
0.35275000000000001,0.04840087890625,0.048409583053716065,-8.7041474660654039e-06
0.35287499999999999,0.042022705078125,0.042032663646857524,-9.9585687325237648e-06
0.35299999999999998,0.029296875,0.029291379183466668,5.4958165333317266e-06
0.35312500000000002,0.012115478515625,0.012123226024223558,-7.7475085985580228e-06
0.35325000000000001,-0.006866455078125,-0.0068652685491137275,-1.1865290112725302e-06
0.35337499999999999,-0.0247802734375,-0.024794275088611827,1.4001651111827246e-05
0.35349999999999998,-0.0389404296875,-0.03894741935826472,6.989670764720457e-06
0.35362500000000002,-0.04718017578125,-0.047183329760308056,3.1539790580556448e-06
0.35375000000000001,-0.048248291015625,-0.048259623284351259,1.1332268726259309e-05
0.353875,-0.042022705078125,-0.042020312009098879,-2.3930690261214638e-06
0.35399999999999998,-0.0294189453125,-0.029418361907630655,-5.8340486934482794e-07
0.35412500000000002,-0.012359619140625,-0.012370149241307353,1.0530100682352994e-05
0.35425000000000001,0.00653076171875,0.0065359582852387542,-5.1965664887541896e-06
0.354375,0.024444580078125,0.024432580854394089,1.1999223730910918e-05
0.35449999999999998,0.038604736328125,0.038608202666423126,-3.4663382981262036e-06
0.35462500000000002,0.046905517578125,0.0469179905634272,-1.2472985302200423e-05
0.35475000000000001,0.048095703125,0.048108312933208802,-1.2609808208802198e-05
0.354875,0.0419921875,0.04200585888625933,-1.3671386259329898e-05
0.35499999999999998,0.029541015625,0.029542828696452302,-1.8130714523022229e-06
0.35512500000000002,0.012603759765625,0.012614541006863858,-1.0781241238858388e-05
0.35525000000000001,-0.006195068359375,-0.0062087941012206396,1.3725741845639627e-05
0.355375,-0.024078369140625,-0.024072305249705141,-6.0638909198593161e-06
0.35549999999999998,-0.03826904296875,-0.038269445673220541,4.0270447054097103e-07
0.35562500000000002,-0.046661376953125,-0.046652066226135137,-9.3107269898626277e-06
0.35575000000000001,-0.047943115234375,-0.047955445142395706,1.232990802070566e-05
0.355875,-0.0419921875,-0.041989095859615549,-3.0916403844505336e-06
0.35599999999999998,-0.0296630859375,-0.029664566781290987,1.480843790986619e-06
0.35612500000000002,-0.012847900390625,-0.01285618207533064,8.2816847056400161e-06
0.35625000000000001,0.005889892578125,0.0058840028627439043,5.8897153810957489e-06
0.356375,0.023712158203125,0.023713682747458813,-1.5245443338134101e-06
0.35649999999999998,0.037933349609375,0.037931389292921454,1.9603164535461626e-06
0.35662500000000003,0.04638671875,0.046385801963036224,9.1678696377550661e-07
0.35675000000000001,0.04779052734375,0.047801266636209254,-1.0739292459253924e-05
0.356875,0.041961669921875,0.041970268146466032,-8.5982245910318222e-06
0.35699999999999998,0.02978515625,0.029783817087173949,1.3391628260507604e-06
0.35712500000000003,0.013092041015625,0.013095306947516858,-3.265931891857643e-06
0.35725000000000001,-0.00555419921875,-0.0055613576493146015,7.1584305646014978e-06
0.357375,-0.023345947265625,-0.023356494013513841,1.0546747888841301e-05
0.35749999999999998,-0.03759765625,-0.037593820633934204,-3.8356160657962435e-06
0.35762500000000003,-0.046112060546875,-0.046118989205953538,6.9286590785380686e-06
0.35775000000000001,-0.047637939453125,-0.047645570397582902,7.6309444579023e-06
0.357875,-0.041961669921875,-0.041949167276219695,-1.2502645655304567e-05
0.35799999999999998,-0.0299072265625,-0.029900366908653043,-6.8596538469571644e-06
0.35812500000000003,-0.013336181640625,-0.013331696546436123,-4.4850941888774365e-06
0.35825000000000001,0.0052490234375,0.0052410850783262972,7.9383591737028011e-06
0.358375,0.02301025390625,0.023000973230490204,9.2806757597957423e-06
0.35849999999999999,0.037261962890625,0.037256980322267208,4.9825683577919833e-06
0.35862500000000003,0.04583740234375,0.045851872926969697,-1.4470583219697297e-05
0.35875000000000001,0.0474853515625,0.047488602990718783,-3.2514282187826038e-06
0.358875,0.04193115234375,0.041926038412689312,5.1139310606879151e-06
0.35899999999999999,0.030029296875,0.030014457231879468,1.4839643120531654e-05
0.35912500000000003,0.013580322265625,0.013565585539268354,1.4736726356646274e-05
0.35925000000000001,-0.004913330078125,-0.0049229579830015087,9.6279048765086916e-06
0.359375,-0.02264404296875,-0.022646900775458313,2.8578067083132042e-06
0.35949999999999999,-0.03692626953125,-0.036920655178848606,-5.6143524013937962e-06
0.35962499999999997,-0.04559326171875,-0.045584244315299158,-9.0174034508422318e-06
0.35975000000000001,-0.047332763671875,-0.04733015723755566,-2.6064343193396566e-06
0.359875,-0.041900634765625,-0.041900673030219944,3.8264594943993036e-08
0.35999999999999999,-0.030120849609375,-0.030125875410512138,5.0258011371380473e-06
0.36012499999999997,-0.0137939453125,-0.013796755013211535,2.8097007115351208e-06
0.36025000000000001,0.004608154296875,0.0046072027364552244,9.5156041977559336e-07
0.360375,0.022308349609375,0.022294510543759305,1.3839065615695034e-05
0.36049999999999999,0.036590576171875,0.03658508554299237,5.4906288826303551e-06
0.36062499999999997,0.045318603515625,0.045316348100370218,2.2554152547815676e-06
0.36075000000000002,0.04718017578125,0.047170479540411661,9.6962408383388654e-06
0.360875,0.0418701171875,0.041873316235973901,-3.1990484739008451e-06
0.36099999999999999,0.030242919921875,0.030234862487766769,8.0574341082308154e-06
0.36112499999999997,0.0140380859375,0.014025439797457486,1.2646140042513881e-05
0.36125000000000002,-0.004302978515625,-0.0042935919295853256,-9.3865860396743703e-06
0.361375,-0.021942138671875,-0.021943582626655248,1.4439547802481967e-06
0.36149999999999999,-0.0362548828125,-0.036250057949696865,-4.8248628031349883e-06
0.36162499999999997,-0.0450439453125,-0.0450479752286881,4.0299161881002243e-06
0.36175000000000002,-0.0469970703125,-0.047009362558468486,1.2292245968485715e-05
0.361875,-0.041839599609375,-0.041843759446075365,4.1598367003653491e-06
0.36199999999999999,-0.03033447265625,-0.030341205872337563,6.7332160875628599e-06
0.36212499999999997,-0.014251708984375,-0.014251421139051696,-2.8784532330426715e-07
0.36225000000000002,0.00396728515625,0.0039823516951823052,-1.5066538932305244e-05
0.362375,0.0216064453125,0.021594350635196193,1.2094677303807477e-05
0.36249999999999999,0.035919189453125,0.035915812453151098,3.3769999739016732e-06
0.36262499999999998,0.044769287109375,0.044779370186930824,-1.0083077555823883e-05
0.36275000000000002,0.046844482421875,0.04684705253043487,-2.570108559869777e-06
0.362875,0.04180908203125,0.041812247707933854,-3.1656766838542016e-06
0.36299999999999999,0.03045654296875,0.030445146660496962,1.1396308253038001e-05
0.36312499999999998,0.01446533203125,0.014474934024903229,-9.6019936532288491e-06
0.36325000000000002,-0.003662109375,-0.0036732543858169668,1.1145010816966845e-05
0.363375,-0.021240234375,-0.02124659437787399,6.3600028739896342e-06
0.36349999999999999,-0.03558349609375,-0.035582135304042896,-1.3607897071041264e-06
0.36362499999999998,-0.044525146484375,-0.044510323678849072,-1.4822805525928351e-05
0.36375000000000002,-0.04669189453125,-0.046683341951041693,-8.5525802083069591e-06
0.363875,-0.041778564453125,-0.041778572376381447,7.9232564467734967e-09
0.36399999999999999,-0.030548095703125,-0.030546472311992704,-1.6233911322958983e-06
0.36412499999999998,-0.01470947265625,-0.014695759857601439,-1.3712798648561272e-05
0.36425000000000002,0.00335693359375,0.0033665258978993434,-9.5923041493434051e-06
0.364375,0.020904541015625,0.020900547184450176,3.9938311748241584e-06
0.36449999999999999,0.035247802734375,0.035249266273043256,-1.4635386682559925e-06
0.36462499999999998,0.04425048828125,0.044241079948347362,9.4083329026384277e-06
0.36475000000000002,0.0465087890625,0.046518476893721988,-9.6878312219883522e-06
0.364875,0.041748046875,0.041742978436012268,5.0684389877320157e-06
0.36499999999999999,0.0306396484375,0.030645423972160912,-5.7755346609122959e-06
0.36512499999999998,0.014923095703125,0.014914133777450229,8.9619256747712484e-06
0.36525000000000002,-0.0030517578125,-0.0030619383496118518,1.0180537111851781e-05
0.36537500000000001,-0.02056884765625,-0.020555988583656017,-1.2859072593983389e-05
0.36549999999999999,-0.034912109375,-0.034916991328154713,4.8819531547131256e-06
0.36562499999999998,-0.043975830078125,-0.043971429456414912,-4.4006217100878153e-06
0.36575000000000002,-0.046356201171875,-0.046352249687123724,-3.9514847512758799e-06
0.36587500000000001,-0.041717529296875,-0.041705257177356986,-1.2272119518014213e-05
0.36599999999999999,-0.030731201171875,-0.030741789147872824,1.0587975997823629e-05
0.36612499999999998,-0.01513671875,-0.015129837338333833,-6.8814116661666813e-06
0.36625000000000002,0.00274658203125,0.0027597174049599463,-1.3135373709946292e-05
0.36637500000000001,0.02020263671875,0.020213151627023713,-1.0514908273712847e-05
0.36649999999999999,0.034576416015625,0.034585549958204856,-9.1339425798558915e-06
0.36662499999999998,0.043701171875,0.043701616204220202,-4.4432922020193333e-07
0.36675000000000002,0.046173095703125,0.046184906237804718,-1.1810534679718154e-05
0.36687500000000001,0.041656494140625,0.041665653519216,-9.1593785910004666e-06
0.36699999999999999,0.03082275390625,0.030835809029624295,-1.3055123374294819e-05
0.36712499999999998,0.015350341796875,0.015343105829713986,7.2359671610140036e-06
0.36725000000000002,-0.002471923828125,-0.0024596349516810027,-1.2288876443997294e-05
0.36737500000000001,-0.019866943359375,-0.019871815566547033,4.8722071720325166e-06
0.36749999999999999,-0.03424072265625,-0.034254727850172216,1.4005193922216053e-05
0.36762499999999998,-0.043426513671875,-0.04343143041003994,4.9167381649395381e-06
0.36775000000000002,-0.0460205078125,-0.046016238706759666,-4.2691057403343446e-06
0.36787500000000001,-0.0416259765625,-0.041623958684849638,-2.0178776503620988e-06
0.36799999999999999,-0.030914306640625,-0.030927271167495888,1.2964526870887921e-05
0.36812499999999998,-0.01556396484375,-0.015553720952504653,-1.0243891245346678e-05
0.36825000000000002,0.002166748046875,0.002161916425292345,4.8316215826549845e-06
0.36837500000000001,0.01953125,0.019532213178558348,-9.63178558348321e-07
0.36849999999999999,0.033935546875,0.033924764212719921,1.0782662280078847e-05
0.36862499999999998,0.04315185546875,0.04316111583238199,-9.260363631989621e-06
0.36875000000000002,0.04583740234375,0.045846492832130353,-9.0904883803533121e-06
0.36887500000000001,0.041595458984375,0.041580417524347602,1.5041460027398479e-05
0.36899999999999999,0.031005859375,0.031016416793290993,-1.0557418290993437e-05
0.36912499999999998,0.0157470703125,0.015761918141122766,-1.4847828622766013e-05
0.36925000000000002,-0.001861572265625,-0.0018663334870179743,4.7612213929743106e-06
0.36937500000000001,-0.019195556640625,-0.019194123441387531,-1.433199237468874e-06
0.3695,-0.033599853515625,-0.033595444453530306,-4.4090620946943271e-06
0.36962499999999998,-0.042877197265625,-0.042890462446927326,1.3265181302325735e-05
0.36975000000000002,-0.045684814453125,-0.045675460605750638,-9.35384737436179e-06
0.36987500000000001,-0.041534423828125,-0.041534821190813656,3.9736268865608881e-07
0.37,-0.031097412109375,-0.031103033496473389,5.6213870983888581e-06
0.37012499999999998,-0.015960693359375,-0.015967479239326853,6.7858799518531743e-06
0.37025000000000002,0.0015869140625,0.0015731113478385786,1.3802714661421446e-05
0.37037500000000001,0.01885986328125,0.018857778859222921,2.084422027079369e-06
0.3705,0.03326416015625,0.033267007502815617,-2.8473465656167485e-06
0.37062499999999998,0.042633056640625,0.04261971376965018,1.3342870974819565e-05
0.37075000000000002,0.045501708984375,0.045503387595869201,-1.6786114942005104e-06
0.37087500000000001,0.041473388671875,0.041487414462752843,-1.4025790877843225e-05
0.371,0.03118896484375,0.031187362546318761,1.6022974312392135e-06
0.37112499999999998,0.01617431640625,0.016170639822276862,3.6765839731382755e-06
0.37125000000000002,-0.00128173828125,-0.0012820214463680362,2.8316511803622504e-07
0.37137500000000001,-0.018524169921875,-0.018522958139773137,-1.2117821018634012e-06
0.3715,-0.032928466796875,-0.032939238490692538,1.0771693817537842e-05
0.37162499999999998,-0.0423583984375,-0.042348659533788573,-9.7389037114273269e-06
0.37175000000000002,-0.045318603515625,-0.045330065623710183,1.1462108085183442e-05
0.37187500000000001,-0.04144287109375,-0.041437988420280701,-4.8826734692988816e-06
0.372,-0.031280517578125,-0.031269191567899805,-1.1326010225194694e-05
0.37212499999999998,-0.016357421875,-0.016371181872425648,1.3759997425647624e-05
0.37225000000000003,0.001007080078125,0.00099328877294710535,1.3791305177894651e-05
0.37237500000000001,0.0181884765625,0.01818989351814964,-1.416955649639895e-06
0.3725,0.032623291015625,0.032612376070697766,1.0914944927234438e-05
0.37262499999999998,0.042083740234375,0.042077543012977232,6.1972213977676271e-06
0.37275000000000003,0.045166015625,0.045155740086212565,1.0275538787435368e-05
0.37287500000000001,0.0413818359375,0.041386787767524878,-4.9518300248782565e-06
0.373,0.031341552734375,0.031348761864216305,-7.2091298413054505e-06
0.37312499999999998,0.016571044921875,0.016569341101543691,1.7038203313085587e-06
0.37325000000000003,-0.000701904296875,-0.00070668454751635188,4.7802506413518759e-06
0.37337500000000001,-0.017852783203125,-0.017858363434535812,5.5802314108122086e-06
0.3735,-0.03228759765625,-0.03228620509715676,-1.3925590932398202e-06
0.37362499999999998,-0.04180908203125,-0.04180615369821436,-2.9283330356399961e-06
0.37375000000000003,-0.04498291015625,-0.044980202632604056,-2.7075236459436769e-06
0.37387500000000001,-0.04132080078125,-0.04133360350884132,1.2802727591319785e-05
0.374,-0.03143310546875,-0.031425861092197228,-7.2443765527716031e-06
0.37412499999999999,-0.016754150390625,-0.016764899626619773,1.0749235994773204e-05
0.37425000000000003,0.00042724609375,0.00042243354365989412,4.8125500901058794e-06
0.37437500000000001,0.01751708984375,0.017528599858029601,-1.1510014279601105e-05
0.3745,0.031951904296875,0.03196096394870715,-9.0596518321495179e-06
0.37462499999999999,0.041534423828125,0.041534734621023327,-3.107928983267505e-07
0.37475000000000003,0.0447998046875,0.044803698487155874,-3.8937996558741084e-06
0.37487500000000001,0.041290283203125,0.041278680271229107,1.1602931895893231e-05
0.375,0.031494140625,0.031500730584859062,-6.5899598590615782e-06
0.37512499999999999,0.0169677734375,0.01695809329193787,9.680145562129816e-06
0.37524999999999997,-0.000152587890625,-0.00014030676651614302,-1.228112410885698e-05
0.37537500000000001,-0.0172119140625,-0.017200380964357411,-1.1533098142588877e-05
0.3755,-0.031646728515625,-0.031636437205689816,-1.0291309935184234e-05
0.37562499999999999,-0.041259765625,-0.041263075030432105,3.3094054321045063e-06
0.37574999999999997,-0.04461669921875,-0.044626019125772229,9.319907022228846e-06
0.37587500000000001,-0.041229248046875,-0.041221808980580185,-7.4390662948148334e-06
0.376,-0.031585693359375,-0.031573158027320414,-1.2535332054586235e-05
0.37612499999999999,-0.01715087890625,-0.017148704344943672,-2.1745613063284264e-06
0.37624999999999997,-0.000152587890625,-0.00013947122316697116,-1.3116667458028844e-05
0.37637500000000002,0.016876220703125,0.016873938459719007,2.2822434059925623e-06
0.3765,0.03131103515625,0.031312862973683714,-1.827817433713852e-06
0.37662499999999999,0.040985107421875,0.04099141771612818,-6.3102942531798045e-06
0.37674999999999997,0.04443359375,0.044447409598758911,-1.3815848758910731e-05
0.37687500000000002,0.041168212890625,0.041163234184090791,4.9787065342088432e-06
0.377,0.031646728515625,0.031643384778955362,3.3437366696378867e-06
0.37712499999999999,0.017333984375,0.017336968758335427,-2.9843833354269156e-06
0.37724999999999997,0.00042724609375,0.0004171296311710607,1.0116462578939301e-05
0.37737500000000002,-0.01654052734375,-0.016549050258461311,8.5229147113105586e-06
0.3775,-0.030975341796875,-0.030990025560876131,1.4683764001131167e-05
0.37762499999999999,-0.04071044921875,-0.040719551685476807,9.1024667268069237e-06
0.37774999999999997,-0.044281005859375,-0.044267661207427929,-1.3344651947071184e-05
0.37787500000000002,-0.041107177734375,-0.041102746726526446,-4.4310078485543247e-06
0.378,-0.031707763671875,-0.031711198549438872,3.4348775638723406e-06
0.37812499999999999,-0.01751708984375,-0.017522668905958737,5.5790622087367736e-06
0.37824999999999998,-0.000701904296875,-0.00069244410576048009,-9.460191114519915e-06
0.37837500000000002,0.0162353515625,0.016225947806972302,9.4037555276975382e-06
0.3785,0.030670166015625,0.030668162801619409,2.0032140055914471e-06
0.37862499999999999,0.040435791015625,0.040447719486670718,-1.1928471045717648e-05
0.37874999999999998,0.044097900390625,0.044087018826880486,1.0881563744513656e-05
0.37887500000000002,0.041046142578125,0.041040591072664029,5.5515054609711623e-06
0.379,0.031768798828125,0.03177684072089601,-8.0418927710101951e-06
0.37912499999999999,0.0177001953125,0.017706040884901374,-5.8455724013736776e-06
0.37924999999999998,0.0009765625,0.00096564405975453778,1.0918440245462216e-05
0.37937500000000002,-0.015899658203125,-0.015904408761328776,4.7505582037761507e-06
0.3795,-0.03033447265625,-0.030347058733841102,1.2586077591102141e-05
0.37962499999999999,-0.0401611328125,-0.040175709885750359,1.4577073250358896e-05
0.37974999999999998,-0.043914794921875,-0.043905273582626567,-9.521339248433347e-06
0.37987500000000002,-0.040985107421875,-0.040976557983563318,-8.5494383116821449e-06
0.38,-0.031829833984375,-0.031840099023973965,1.0265039598965353e-05
0.38012499999999999,-0.01788330078125,-0.017886867191401767,3.5664101517667024e-06
0.38024999999999998,-0.001251220703125,-0.0012365053465453249,-1.4715356579675072e-05
0.38037500000000002,0.015594482421875,0.015584664311215343,9.8181106596567647e-06
0.3805,0.030029296875,0.030026950922561378,2.3459524386218455e-06
0.38062499999999999,0.0399169921875,0.039903765189802931,1.3226997697068921e-05
0.38074999999999998,0.043731689453125,0.04372267017338187,9.0192797431304372e-06
0.38087500000000002,0.040924072265625,0.04091089183900775,1.3180426617249996e-05
0.38100000000000001,0.031890869140625,0.031901214860025395,-1.0345719400395303e-05
0.38112499999999999,0.01806640625,0.018065384042907359,1.022207092641475e-06
0.38124999999999998,0.001495361328125,0.0015052575821938583,-9.8962540688583064e-06
0.38137500000000002,-0.0152587890625,-0.015266491857555365,7.7027950553653496e-06
0.38150000000000001,-0.029693603515625,-0.029707623137306786,1.4019621681786443e-05
0.38162499999999999,-0.039642333984375,-0.039631673923958777,-1.0660060416223249e-05
0.38174999999999998,-0.043548583984375,-0.043538999547701046,-9.5844366739539222e-06
0.38187500000000002,-0.04083251953125,-0.040843383313814763,1.0863782564762836e-05
0.38200000000000001,-0.031951904296875,-0.031959975977127401,8.0716802524014031e-06
0.38212499999999999,-0.01824951171875,-0.018241374054051976,-8.1376646980241274e-06
0.38224999999999998,-0.00177001953125,-0.0017716768213569033,1.6572901069033044e-06
0.38237500000000002,0.01495361328125,0.014950122336403729,3.4909448462707576e-06
0.38250000000000001,0.029388427734375,0.029389312675699889,-8.8494132488917132e-07
0.38262499999999999,0.03936767578125,0.039359678154601535,7.9976266484649283e-06
0.38274999999999998,0.043365478515625,0.043354506226791295,1.0972288833704935e-05
0.38287500000000002,0.040771484375,0.04077427670029244,-2.7923252924402786e-06
0.38300000000000001,0.032012939453125,0.032016623792340243,-3.6843392152430265e-06
0.38312499999999999,0.018402099609375,0.018415073558727641,-1.2973949352641095e-05
0.38324999999999998,0.002044677734375,0.0020359928794773338,8.6848548976662353e-06
0.38337500000000002,-0.0146484375,-0.014635332896667786,-1.3104603332213943e-05
0.38350000000000001,-0.029083251953125,-0.029071803040815049,-1.1448912309950515e-05
0.38362499999999999,-0.039093017578125,-0.039087566166412908,-5.4514117120915695e-06
0.38374999999999998,-0.043182373046875,-0.043168980981157491,-1.3392065717508783e-05
0.38387500000000002,-0.04071044921875,-0.040703362584533033,-7.086634216967036e-06
0.38400000000000001,-0.032073974609375,-0.032070946067738727,-3.0285416362726969e-06
0.38412499999999999,-0.018585205078125,-0.018586265285989841,1.0602078648405677e-06
0.38424999999999998,-0.002288818359375,-0.0022979820087147755,9.1636493397754919e-06
0.38437500000000002,0.014312744140625,0.014322354223917826,-9.6100832928259355e-06
0.38450000000000001,0.02874755859375,0.028755331264774951,-7.7726710249505226e-06
0.38462499999999999,0.038818359375,0.038815579785557427,2.7795894425725054e-06
0.38474999999999998,0.04296875,0.042982668153429271,-1.3918153429270941e-05
0.38487500000000002,0.040618896484375,0.040630885168915894,-1.198868454089369e-05
0.38500000000000001,0.032135009765625,0.032123184232623427,1.1825533001573463e-05
0.385125,0.018768310546875,0.018755185682220073,1.3124864654927293e-05
0.38524999999999998,0.0025634765625,0.0025578742200513885,5.6023424486115192e-06
0.38537500000000002,-0.014007568359375,-0.014010963218109546,3.3948587345455916e-06
0.38550000000000001,-0.0284423828125,-0.028439680586178618,-2.7022263213820341e-06
0.385625,-0.038543701171875,-0.038543507056738105,-1.9411513689504556e-07
0.38574999999999998,-0.04278564453125,-0.042795358335024118,9.7138037741181793e-06
0.38587500000000002,-0.040557861328125,-0.040556634948414862,-1.2263797101383367e-06
0.38600000000000001,-0.03216552734375,-0.032173126059625537,7.5987158755369544e-06
0.386125,-0.0189208984375,-0.018921617587039995,7.1914953999469011e-07
0.38624999999999998,-0.0028076171875,-0.002815445959315824,7.8287718158240142e-06
0.38637500000000002,0.013702392578125,0.013701390317479169,1.0022606458312544e-06
0.38650000000000001,0.02813720703125,0.02812508777363934,1.2119257610659906e-05
0.386625,0.03826904296875,0.038271589566430356,-2.5465976803557e-06
0.38674999999999998,0.0426025390625,0.042607295688984477,-4.7566264844770001e-06
0.38687500000000002,0.04046630859375,0.040480856033086196,-1.4547439336196066e-05
0.38700000000000001,0.0322265625,0.032221012986930364,5.5495130696359141e-06
0.387125,0.019073486328125,0.019085797555403638,-1.2311227278637843e-05
0.38724999999999998,0.003082275390625,0.0030709274292930336,1.1347961331966382e-05
0.38737500000000002,-0.013397216796875,-0.01339341217618379,-3.8046206912098479e-06
0.38750000000000001,-0.027801513671875,-0.027811335803219137,9.8221313441365643e-06
0.387625,-0.037994384765625,-0.037999615119910769,5.2303542857692897e-06
0.38774999999999998,-0.04241943359375,-0.042418270626654146,-1.1629670958537841e-06
0.38787500000000003,-0.0404052734375,-0.040403338824423055,-1.9346130769454239e-06
0.38800000000000001,-0.032257080078125,-0.032266632794336662,9.5527162116623709e-06
0.388125,-0.019256591796875,-0.019247508533600747,-9.0832632742531005e-06
0.38824999999999998,-0.003326416015625,-0.0033240952656649987,-2.3207499600013184e-06
0.38837500000000003,0.013092041015625,0.013087258988197683,4.7820274273174118e-06
0.38850000000000001,0.027496337890625,0.027498661182039055,-2.3232914140546013e-06
0.388625,0.0377197265625,0.037727825064501723,-8.0985020017229625e-06
0.38874999999999998,0.042236328125,0.042228527130534654,7.8009944653456564e-06
0.38887500000000003,0.040313720703125,0.040324327337842192,-1.060663471719181e-05
0.38900000000000001,0.032318115234375,0.03231022692555157,7.8883088234296683e-06
0.389125,0.0194091796875,0.019406987181357895,2.192506142105477e-06
0.38924999999999998,0.003570556640625,0.0035751798592129048,-4.6232185879047615e-06
0.38937500000000003,-0.012786865234375,-0.012782707165036558,-4.1580693384418721e-06
0.38950000000000001,-0.027191162109375,-0.027186846625654328,-4.3154837206724195e-06
0.389625,-0.037445068359375,-0.03745600696664992,1.0938607274919854e-05
0.38974999999999999,-0.042022705078125,-0.042037855430969828,1.5150352844828241e-05
0.38987500000000003,-0.040252685546875,-0.040243611879052253,-9.0736678227468226e-06
0.39000000000000001,-0.0323486328125,-0.032351583164262246,2.9503517622458952e-06
0.390125,-0.019561767578125,-0.01956401654777332,2.2489696483198041e-06
0.39024999999999999,-0.003814697265625,-0.0038239580317621078,9.2607661371078322e-06
0.39037500000000003,0.012481689453125,0.012479986659571923,1.7027935530766758e-06
0.39050000000000001,0.026885986328125,0.026876128381670784,9.8579464542156159e-06
0.390625,0.03717041015625,0.037184401935142941,-1.399177889294112e-05
0.39074999999999999,0.041839599609375,0.04184649932901531,-6.8997196403103311e-06
0.39087499999999997,0.0401611328125,0.040161436366570269,-3.0355407026894099e-07
0.39100000000000001,0.032379150390625,0.032390942956387163,-1.1792565762162865e-05
0.391125,0.01971435546875,0.019718833393505622,-4.4779247556220314e-06
0.39124999999999999,0.004058837890625,0.0040706603583024461,-1.1822467677446123e-05
0.39137499999999997,-0.012176513671875,-0.012178873643756281,2.3599718812807036e-06
0.39150000000000001,-0.026580810546875,-0.026566288907192398,-1.4521639682602006e-05
0.391625,-0.03692626953125,-0.036912797298198116,-1.3472233051883831e-05
0.39174999999999999,-0.041656494140625,-0.041654248873143625,-2.2452674813752682e-06
0.39187499999999997,-0.040069580078125,-0.040077591008077271,8.0109299522707067e-06
0.39200000000000002,-0.032440185546875,-0.032428094086217239,-1.2091460657760733e-05
0.392125,-0.019866943359375,-0.019871220866717609,4.2775073426093435e-06
0.39224999999999999,-0.004302978515625,-0.0043150638430245938,1.2085327399593768e-05
0.39237499999999997,0.011871337890625,0.011879597832511506,-8.2599418865063334e-06
0.39250000000000002,0.0262451171875,0.026257564192370356,-1.2447004870356354e-05
0.392625,0.036651611328125,0.036641433926729389,1.0177401395611296e-05
0.39274999999999999,0.041473388671875,0.041461347682120071,1.2040989754928677e-05
0.39287499999999997,0.03997802734375,0.039992319622964553,-1.4292279214553338e-05
0.39300000000000002,0.032470703125,0.032463277998679402,7.4251263205982188e-06
0.393125,0.02001953125,0.020021415825198268,-1.8845751982680958e-06
0.39324999999999999,0.004547119140625,0.0045573992414448461,-1.0280100819846059e-05
0.39337499999999997,-0.0115966796875,-0.011581935161408739,-1.4744526091261395e-05
0.39350000000000002,-0.02593994140625,-0.025949736437893355,9.7950316433545459e-06
0.393625,-0.036376953125,-0.036370098911406995,-6.8542135930049763e-06
0.39374999999999999,-0.041259765625,-0.04126758562172065,7.8199967206496468e-06
0.39387499999999998,-0.0399169921875,-0.039905412318714091,-1.1579868785908942e-05
0.39400000000000002,-0.032501220703125,-0.032496282475435859,-4.9382276891413168e-06
0.394125,-0.020172119140625,-0.020169201512392532,-2.9176282324676339e-06
0.39424999999999999,-0.004791259765625,-0.0047974437363609195,6.183970735919482e-06
0.39437499999999998,0.01129150390625,0.011286115110520935,5.388795729064505e-06
0.39450000000000002,0.025634765625,0.025643041378542574,-8.2757535425741213e-06
0.394625,0.036102294921875,0.036099032885934308,3.2620359406917987e-06
0.39474999999999999,0.04107666015625,0.041073206127629776,3.4540286202242032e-06
0.39487499999999998,0.039825439453125,0.039817112813447179,8.326639677820602e-06
0.39500000000000002,0.03253173828125,0.032527348957215284,4.3893240347162021e-06
0.395125,0.02032470703125,0.020314814879532395,9.8921517176046858e-06
0.39524999999999999,0.005035400390625,0.005035428260067175,-2.7869442175039449e-08
0.39537499999999998,-0.010986328125,-0.010991913382139822,5.5852571398222473e-06
0.39550000000000002,-0.02532958984375,-0.025337260960650924,7.6711169009237301e-06
0.395625,-0.03582763671875,-0.035828022704158552,3.8598540855194763e-07
0.39574999999999999,-0.040863037109375,-0.040877998882162911,1.4961772787910887e-05
0.39587499999999998,-0.03973388671875,-0.039727211112306371,-6.6756064436290785e-06
0.39600000000000002,-0.032562255859375,-0.03255626521992435,-5.9906394506495375e-06
0.396125,-0.02044677734375,-0.020458039261601672,1.126191785167166e-05
0.39624999999999999,-0.005279541015625,-0.0052711301703150795,-8.410845309920513e-06
0.39637499999999998,0.010711669921875,0.010699559224674034,1.2110697200966303e-05
0.39650000000000002,0.0250244140625,0.025032630665737483,-8.2166032374826614e-06
0.39662500000000001,0.035552978515625,0.035557308763317051,-4.3302476920512034e-06
0.39674999999999999,0.040679931640625,0.040682207137176719,-2.2754965517193804e-06
0.39687499999999998,0.039642333984375,0.039635950830039332,6.3831543356679399e-06
0.39700000000000002,0.0325927734375,0.032583272696938913,9.5007405610872397e-06
0.39712500000000001,0.020599365234375,0.020599111699559559,2.5353481544060363e-07
0.39724999999999999,0.0054931640625,0.0055047805724492442,-1.1616509949244173e-05
0.39737499999999998,-0.010406494140625,-0.010408828110293745,2.3339696687448008e-06
0.39750000000000002,-0.02471923828125,-0.024728932187905915,9.6939066559151299e-06
0.39762500000000001,-0.0352783203125,-0.035286677681157667,8.3573686576673967e-06
0.39774999999999999,-0.040496826171875,-0.040485620390814825,-1.1205781060175113e-05
0.39787499999999998,-0.03955078125,-0.03954312186739406,-7.6593826059401238e-06
0.39800000000000002,-0.032623291015625,-0.032608159155281098,-1.5131860343901848e-05
0.39812500000000001,-0.020751953125,-0.020737815616274323,-1.4137508725677039e-05
0.39824999999999999,-0.0057373046875,-0.0057361569954573364,-1.1476920426635798e-06
0.39837499999999998,0.0101318359375,0.010119949058829139,1.1886878670860912e-05
0.39850000000000002,0.0244140625,0.02442640075748435,-1.233825748435044e-05
0.39862500000000001,0.035003662109375,0.035016369619236806,-1.2707509861806243e-05
0.39874999999999999,0.040283203125,0.040288481710419558,-5.2785854195575022e-06
0.39887499999999998,0.039459228515625,0.039448967733694461,1.0260781930539198e-05
0.39900000000000002,0.032623291015625,0.032631166017922771,-7.8750022977705503e-06
0.39912500000000001,0.0208740234375,0.020874388138756014,-3.6470125601428816e-07
0.39924999999999999,0.005950927734375,0.005965490714110927,-1.4562979735927017e-05
0.39937499999999998,-0.00982666015625,-0.0098326973154963526,6.0371592463526191e-06
0.39950000000000002,-0.024139404296875,-0.024124817818495854,-1.4586478379145784e-05
0.39962500000000001,-0.034759521484375,-0.034746170960007948,-1.335052436705203e-05
0.39974999999999999,-0.04010009765625,-0.040090580409296681,-9.5172469533194581e-06
0.39987499999999998,-0.03936767578125,-0.039353278223271788,-1.4397557978211573e-05
0.40000000000000002,-0.03265380859375,-0.032652081039924501,-1.7275538254993283e-06
0.40012500000000001,-0.02099609375,-0.021008612774140602,1.2519024140601742e-05
0.40024999999999999,-0.006195068359375,-0.0061925594249376201,-2.5089344373799283e-06
0.40037499999999998,0.009552001953125,0.0095473016747147383,4.7002784102617018e-06
0.40050000000000002,0.023834228515625,0.023824418352236872,9.8101633881284012e-06
0.40062500000000001,0.03448486328125,0.034476321630129148,8.5416511208524781e-06
0.40075,0.039886474609375,0.039892159369639441,-5.6847602644405359e-06
0.40087499999999998,0.03924560546875,0.039256296738053247,-1.0691269303246542e-05
0.40100000000000002,0.032684326171875,0.032671145630802624,1.3180541072375929e-05
0.40112500000000001,0.021148681640625,0.02114072673185232,7.9549087726796253e-06
0.40125,0.00640869140625,0.0064175945684503367,-8.9031622003367047e-06
0.40137499999999998,-0.00927734375,-0.0092635371578329174,-1.3806592167082618e-05
0.40150000000000002,-0.023529052734375,-0.023524983554752885,-4.0691796221146992e-06
0.40162500000000001,-0.034210205078125,-0.034206607777603787,-3.5973005212130982e-06
0.40175,-0.039703369140625,-0.039693007719299567,-1.0361421325433273e-05
0.40187499999999998,-0.039154052734375,-0.03915781296398689,3.7602296118904865e-06
0.40200000000000002,-0.032684326171875,-0.032688147530680459,3.8213588054586412e-06
0.40212500000000001,-0.021270751953125,-0.021270513599669576,-2.3835345542427833e-07
0.40225,-0.00665283203125,-0.0066403740051243984,-1.2458026125601596e-05
0.40237499999999998,0.00897216796875,0.0089816323370265193,-9.4643682765193499e-06
0.40250000000000002,0.023223876953125,0.023226748160488777,-2.8712073637769675e-06
0.40262500000000001,0.033935546875,0.033937269095055095,-1.7222200550948141e-06
0.40275,0.03948974609375,0.039493368154737592,-3.6220609875917131e-06
0.40287499999999998,0.0390625,0.039058070193664321,4.4298063356790207e-06
0.40300000000000002,0.03271484375,0.032703328132618975,1.1515617381024912e-05
0.40312500000000001,0.021392822265625,0.02139821066589654,-5.3884002715401391e-06
0.40325,0.006866455078125,0.006861129337550456,5.3257405745439981e-06
0.40337499999999998,-0.008697509765625,-0.0087013620129344806,3.8522473094805554e-06
0.40350000000000003,-0.022918701171875,-0.022929493119702597,1.0791947827597237e-05
0.40362500000000001,-0.033660888671875,-0.033668091496876079,7.2028250010791606e-06
0.40375,-0.039306640625,-0.039293029617793948,-1.3611007206051906e-05
0.40387499999999998,-0.038970947265625,-0.038956858002758596,-1.4089262866404106e-05
0.40400000000000003,-0.03271484375,-0.032716475158829771,1.6314088297705864e-06
0.40412500000000001,-0.021514892578125,-0.021523601595368647,8.7090172436465885e-06
0.40425,-0.007080078125,-0.0070796385864989224,-4.3953850107757847e-07
0.40437499999999998,0.0084228515625,0.0084229545386009744,-1.0297610097444176e-07
0.40450000000000003,0.02264404296875,0.022633452922120864,1.0590046629135874e-05
0.40462500000000001,0.03338623046875,0.03339931444255681,-1.3083973806810034e-05
0.40475,0.039093017578125,0.039092234618651162,7.8295947383844045e-07
0.40487499999999998,0.038848876953125,0.038854419572641921,-5.5426195169211434e-06
0.40500000000000003,0.03271484375,0.032727829983017889,-1.2986233017889259e-05
0.40512500000000001,0.021636962890625,0.021646923751704388,-9.960861079388178e-06
0.40525,0.007293701171875,0.0072961335130780521,-2.4323412030520519e-06
0.40537499999999999,-0.008148193359375,-0.008146184497111502,-2.0088622634979736e-06
0.40550000000000003,-0.0223388671875,-0.022338408274423967,-4.589130760332405e-07
0.40562500000000001,-0.03314208984375,-0.033130723613800227,-1.1366229949773266e-05
0.40575,-0.03887939453125,-0.038890771912631128,1.1377381381127982e-05
0.40587499999999999,-0.03875732421875,-0.038750544366855724,-6.779851894275768e-06
0.40600000000000003,-0.032745361328125,-0.032737180306560219,-8.1810215647806772e-06
0.40612500000000001,-0.021759033203125,-0.021767960873320117,8.9276701951170045e-06
0.40625,-0.00750732421875,-0.0075103922947234057,3.0680759734056859e-06
0.40637499999999999,0.00787353515625,0.007871280025489865,2.2551307601349768e-06
0.40649999999999997,0.02203369140625,0.022044593423831815,-1.090201758181461e-05
0.40662500000000001,0.032867431640625,0.032862558237858282,4.8734027667182711e-06
0.40675,0.0386962890625,0.038688883823155773,7.4052393442269882e-06
0.40687499999999999,0.03863525390625,0.038645475453741279,-1.0221547491279237e-05
0.40699999999999997,0.032745361328125,0.032744767480913158,5.9384721184246869e-07
0.40712500000000001,0.021881103515625,0.021886950395623155,-5.8468799981545305e-06
0.40725,0.007720947265625,0.0077226468474422012,-1.6995818172011595e-06
0.40737499999999999,-0.007598876953125,-0.0075980154924221834,-8.6146070281661186e-07
0.40749999999999997,-0.021759033203125,-0.021751788835631034,-7.2443674939658143e-06
0.40762500000000002,-0.0325927734375,-0.032594603764701073,1.8303272010730676e-06
0.40775,-0.038482666015625,-0.038486358918556007,3.6929029310073247e-06
0.40787499999999999,-0.038543701171875,-0.038539002182906179,-4.6989889688209274e-06
0.40799999999999997,-0.032745361328125,-0.032750379183783082,5.0178556580821043e-06
0.40812500000000002,-0.022003173828125,-0.022003676127105149,5.0229898014911289e-07
0.40825,-0.0079345703125,-0.0079326755018081299,-1.8948106918700858e-06
0.40837499999999999,0.00732421875,0.0073266188220736184,-2.4000720736183992e-06
0.40849999999999997,0.021453857421875,0.021460228516757645,-6.3710948826449509e-06
0.40862500000000002,0.032318115234375,0.032327099190317753,-8.9839559427526416e-06
0.40875,0.03826904296875,0.038283439335059684,-1.4396366309683828e-05
0.40887499999999999,0.038421630859375,0.038431367507885311,-9.7366485103111966e-06
0.40899999999999997,0.032745361328125,0.032754256741526253,-8.8954134012525499e-06
0.40912500000000002,0.022125244140625,0.022118375571544575,6.8685690804252963e-06
0.40925,0.008148193359375,0.0081407103251320816,7.4830342429183655e-06
0.40937499999999999,-0.007049560546875,-0.0070568641718118299,7.3036249368298861e-06
0.40949999999999998,-0.02117919921875,-0.021169692693328745,-9.5065254212545192e-06
0.40962500000000002,-0.032073974609375,-0.032059829733894256,-1.4144875480744112e-05
0.40975,-0.0380859375,-0.038079913453597333,-6.0240464026667384e-06
0.40987499999999999,-0.038330078125,-0.038322360662620097,-7.7174623799025621e-06
0.40999999999999998,-0.032745361328125,-0.032756187805377215,1.0826477252215416e-05
0.41012500000000002,-0.022216796875,-0.02223083260404311,1.4035729043109652e-05
0.41025,-0.00836181640625,-0.0083465297975421904,-1.5286608707809624e-05
0.41037499999999999,0.00677490234375,0.0067889792561018547,-1.4076912351854674e-05
0.41049999999999998,0.0208740234375,0.020880415134236805,-6.3916967368050914e-06
0.41062500000000002,0.03179931640625,0.031793034161167924,6.2822450820759768e-06
0.41075,0.037872314453125,0.037876023222801626,-3.7087696766260891e-06
0.41087499999999999,0.0382080078125,0.038212224484117444,-4.2166716174435459e-06
0.41099999999999998,0.032745361328125,0.032756413673835659,-1.1052345710658995e-05
0.41112500000000002,0.0223388671875,0.022341284793305046,-2.4176058050461025e-06
0.41125,0.008544921875,0.0085503661341600583,-5.444259160058279e-06
0.41137499999999999,-0.00653076171875,-0.006522738024149698,-8.0236946003019866e-06
0.41149999999999998,-0.020599365234375,-0.020592175828648401,-7.1894057265993461e-06
0.41162500000000002,-0.031524658203125,-0.031526497461568999,1.839258443998848e-06
0.41175,-0.03765869140625,-0.037671556835841433,1.2865429591432664e-05
0.41187499999999999,-0.0380859375,-0.038100748088957394,1.4810588957393789e-05
0.41199999999999998,-0.032745361328125,-0.032754721968883765,9.360640758765415e-06
0.41212500000000002,-0.0224609375,-0.022449516077683185,-1.1421422316814506e-05
0.41225000000000001,-0.008758544921875,-0.0087519979611085687,-6.5469607664313256e-06
0.41237499999999999,0.006256103515625,0.0062583679837964167,-2.2644681714166504e-06
0.41249999999999998,0.020294189453125,0.020305208309677084,-1.1018856552084261e-05
0.41262500000000002,0.03125,0.031260458171583586,-1.0458171583585529e-05
0.41275000000000001,0.0374755859375,0.037466756053416476,8.8298840835235315e-06
0.41287499999999999,0.037994384765625,0.03798817419596464,6.2105696603600991e-06
0.41299999999999998,0.032745361328125,0.032751353958424233,-5.9926302992327485e-06
0.41312500000000002,0.022552490234375,0.022555764087402889,-3.2738530278894618e-06
0.41325000000000001,0.008941650390625,0.0089516576377722586,-1.0007247147258633e-05
0.41337499999999999,-0.0059814453125,-0.0059956428792389774,1.4197566738977443e-05
0.41349999999999998,-0.02001953125,-0.020019292331819077,-2.3891818092328099e-07
0.41362500000000002,-0.031005859375,-0.03099470105194924,-1.1158323050760449e-05
0.41375000000000001,-0.037261962890625,-0.037261408880602725,-5.5401002227450924e-07
0.41387499999999999,-0.037872314453125,-0.037874291802715683,1.9773495906830196e-06
0.41399999999999998,-0.032745361328125,-0.032746097232509486,7.3590438448567497e-07
0.41412500000000002,-0.022674560546875,-0.022659812820683283,-1.4747726191716853e-05
0.41425000000000001,-0.0091552734375,-0.0091491239328107422,-6.1495046892578314e-06
0.41437499999999999,0.0057373046875,0.0057347900148448866,2.5146726551133688e-06
0.41449999999999998,0.019744873046875,0.019734661194630132,1.021185224486798e-05
0.41462500000000002,0.030731201171875,0.03072946441098074,1.7367608942595036e-06
0.41475000000000001,0.03704833984375,0.037055756889876328,-7.4170461263275977e-06
0.41487499999999999,0.037750244140625,0.03775934350823696,-9.0993676119602296e-06
0.41499999999999998,0.032745361328125,0.032739193025750346,6.1683023746539334e-06
0.41512500000000002,0.02276611328125,0.022761899965970882,4.2133152791182238e-06
0.41525000000000001,0.00933837890625,0.0093446293463483061,-6.2504400983060676e-06
0.41537499999999999,-0.005462646484375,-0.0054755829328720388,1.2936448497038837e-05
0.41549999999999998,-0.019439697265625,-0.01945109442023199,1.1397154606990201e-05
0.41562500000000002,-0.03045654296875,-0.030464532781773697,7.9898130236968901e-06
0.41575000000000001,-0.036834716796875,-0.036849587897952764,1.4871101077763849e-05
0.41587499999999999,-0.037628173828125,-0.037643118189524427,1.494436139942712e-05
0.41599999999999998,-0.032745361328125,-0.03273042889359954,-1.4932434525459504e-05
0.41612500000000002,-0.022857666015625,-0.022861809578007122,4.1435623821216294e-06
0.41625000000000001,-0.009552001953125,-0.0095379527860703309,-1.4049167054669062e-05
0.416375,0.005218505859375,0.0052182487373596898,2.5712201531021689e-07
0.41649999999999998,0.0191650390625,0.019168825076926008,-3.7860144260076778e-06
0.41662500000000002,0.03021240234375,0.030200144245584811,1.2258098165188885e-05
0.41675000000000001,0.036651611328125,0.036643143288821768,8.4680393032318668e-06
0.416875,0.03753662109375,0.037525858324242503,1.0762769507496883e-05
0.41699999999999998,0.03271484375,0.032720046034772174,-5.2022847721738819e-06
0.41712500000000002,0.02294921875,0.022959779400135716,-1.0560650135715832e-05
0.41725000000000001,0.009735107421875,0.0097293268894186411,5.7805324563588861e-06
0.417375,-0.004974365234375,-0.0049625607717693199,-1.1804462605680133e-05
0.41749999999999998,-0.018890380859375,-0.018887632456703281,-2.7484026717192189e-06
0.41762500000000002,-0.029937744140625,-0.029936083108997313,-1.6610316276866044e-06
0.41775000000000001,-0.03643798828125,-0.036436210690616706,-1.7775906332936908e-06
0.417875,-0.03741455078125,-0.03740735266726853,-7.1981139814700223e-06
0.41799999999999998,-0.03271484375,-0.032707831967501537,-7.0117824984630706e-06
0.41812500000000002,-0.023040771484375,-0.023055593540379723,1.4822056004722833e-05
0.41825000000000001,-0.009918212890625,-0.0099185306996185784,3.1780899357840287e-07
0.418375,0.00469970703125,0.00470874594287437,-9.0389116243700177e-06
0.41849999999999998,0.01861572265625,0.018607749398928741,7.9732573212594471e-06
0.41862500000000002,0.0296630859375,0.029672587227309043,-9.5012898090433839e-06
0.41875000000000001,0.036224365234375,0.036229031298641926,-4.666064266925507e-06
0.418875,0.03729248046875,0.037287843573403999,4.6368953460010354e-06
0.41899999999999998,0.032684326171875,0.032694027852012045,-9.7016801370447547e-06
0.41912500000000003,0.023162841796875,0.023149489793696937,1.3352003178063176e-05
0.41925000000000001,0.010101318359375,0.010105796987956198,-4.478628581197977e-06
0.419375,-0.00445556640625,-0.0044565773984765241,1.0109922265241073e-06
0.41949999999999998,-0.018341064453125,-0.018328954967787841,-1.2109485337159082e-05
0.41962500000000003,-0.0294189453125,-0.02940944068175266,-9.5046307473402314e-06
0.41975000000000001,-0.0360107421875,-0.036021392552252805,1.0650364752805286e-05
0.419875,-0.03717041015625,-0.037167119673921216,-3.2904823287840945e-06
0.41999999999999998,-0.032684326171875,-0.032678421166786799,-5.9050050882011873e-06
0.42012500000000003,-0.02325439453125,-0.023241252318129096,-1.3142213120903579e-05
0.42025000000000001,-0.010284423828125,-0.010290904929811254,6.4811016862540566e-06
0.420375,0.00421142578125,0.0042062818512169208,5.1439300330791832e-06
0.42049999999999998,0.01806640625,0.018051481775973988,1.492447402601238e-05
0.42062500000000003,0.029144287109375,0.029146881102844639,-2.5939934696385392e-06
0.42075000000000001,0.03582763671875,0.03581353545791429,1.4101260835709672e-05
0.420875,0.03704833984375,0.03704542319929769,2.9166444523096025e-06
0.42099999999999999,0.03265380859375,0.032661253031014449,-7.4444372644491552e-06
0.42112500000000003,0.023345947265625,0.02333111895706683,1.482830855817005e-05
0.42125000000000001,0.010467529296875,0.010474087426866415,-6.5581299914154595e-06
0.421375,-0.00396728515625,-0.0039576322562910283,-9.6528999589716794e-06
0.42149999999999999,-0.01776123046875,-0.017775108662205406,1.3878193455406362e-05
0.42162500000000003,-0.02886962890625,-0.028884692347613022,1.5063441363021707e-05
0.42175000000000001,-0.035614013671875,-0.035605247266071838,-8.7664058031622361e-06
0.421875,-0.03692626953125,-0.036922542655774805,-3.7268754751948463e-06
0.42199999999999999,-0.03265380859375,-0.032642310880907466,-1.1497712842534202e-05
0.42212499999999997,-0.023406982421875,-0.02341887391535508,1.1891493480079701e-05
0.42225000000000001,-0.010650634765625,-0.010655123783221004,4.4890175960043965e-06
0.422375,0.00372314453125,0.0037108551353342762,1.228939591572378e-05
0.42249999999999999,0.017486572265625,0.017500068014848914,-1.3495749223914333e-05
0.42262499999999997,0.02862548828125,0.028623111822996199,2.376458253801339e-06
0.42275000000000001,0.035400390625,0.035396768794220469,3.6218307795307658e-06
0.422875,0.03680419921875,0.036798720148095855,5.4790706541449352e-06
0.42299999999999999,0.032623291015625,0.032621835792160596,1.4552234644041318e-06
0.42312499999999997,0.02349853515625,0.023504755081602369,-6.2199253523693987e-06
0.42325000000000002,0.010833740234375,0.010834247027606238,-5.0679323123845044e-07
0.423375,-0.00347900390625,-0.0034657232540589644,-1.3280652191035615e-05
0.42349999999999999,-0.0172119140625,-0.017226138449439824,1.4224386939824113e-05
0.42362499999999997,-0.028350830078125,-0.028361923163051975,1.1093084926975388e-05
0.42375000000000002,-0.035186767578125,-0.035187887103807811,1.1195256828105959e-06
0.423875,-0.03668212890625,-0.036673744056086081,-8.3848501639186002e-06
0.42399999999999999,-0.0325927734375,-0.032599615156244717,6.8417187447170069e-06
0.42412499999999997,-0.023590087890625,-0.023588546704322279,-1.5411863027205153e-06
0.42425000000000002,-0.011016845703125,-0.01101123658943237,-5.6091136926301327e-06
0.424375,0.00323486328125,0.0032224629461382538,1.2400335111746163e-05
0.42449999999999999,0.0169677734375,0.016953552132375642,1.4221305124358097e-05
0.42462499999999997,0.028106689453125,0.028101363552337093,5.3259007879065401e-06
0.42475000000000002,0.03497314453125,0.03497884282329259,-5.6982920425899253e-06
0.424875,0.03656005859375,0.036547856357402625,1.2202236347375051e-05
0.42499999999999999,0.032562255859375,0.032575890002914179,-1.3634143539179022e-05
0.42512499999999998,0.023681640625,0.023670486714226002,1.1153910773997744e-05
0.42525000000000002,0.011199951171875,0.011186325621083551,1.3625550791448657e-05
0.425375,-0.00299072265625,-0.0029808467909165511,-9.8758653334488945e-06
0.42549999999999999,-0.016693115234375,-0.01668208745837203,-1.1027776002970474e-05
0.42562499999999998,-0.02783203125,-0.02784121640317155,9.1851531715501922e-06
0.42575000000000002,-0.034759521484375,-0.034769422825058023,9.9013406830231188e-06
0.425875,-0.036407470703125,-0.036420845304119556,1.3374600994556229e-05
0.42599999999999999,-0.032562255859375,-0.032550447676512224,-1.1808182862775574e-05
0.42612499999999998,-0.02374267578125,-0.023750359400342157,7.6836190921573955e-06
0.42625000000000002,-0.0113525390625,-0.01135929367397112,6.7546114711197064e-06
0.426375,0.00274658203125,0.0027411009372160537,5.4810940339463168e-06
0.42649999999999999,0.01641845703125,0.01641197637415932,6.4806570906801586e-06
0.42662499999999998,0.027587890625,0.027581718679003976,6.171945996023831e-06
0.42675000000000002,0.0345458984375,0.034559867548503154,-1.3969111003153678e-05
0.426875,0.036285400390625,0.036292952745497362,-7.5523548723616107e-06
0.42699999999999999,0.03253173828125,0.032523529158455508,8.2091227944919298e-06
0.42712499999999998,0.023834228515625,0.023828402732371187,5.8257832538134713e-06
0.42725000000000002,0.01153564453125,0.011530374020763281,5.2705104867187963e-06
0.427375,-0.00250244140625,-0.0025029977810452904,5.5637479529037012e-07
0.42749999999999999,-0.016143798828125,-0.016142997056008013,-8.0177211698659323e-07
0.42762499999999998,-0.027313232421875,-0.027322653571661741,9.4211497867410787e-06
0.42775000000000002,-0.03436279296875,-0.034349963676944435,-1.2829291805564746e-05
0.42787500000000001,-0.036163330078125,-0.036163966804579797,6.3672645479739831e-07
0.42799999999999999,-0.032501220703125,-0.032494921743586543,-6.2989595384574382e-06
0.42812499999999998,-0.023895263671875,-0.023904401036814741,9.1373649397409606e-06
0.42825000000000002,-0.011688232421875,-0.011699346331516831,1.1113909641830705e-05
0.42837500000000001,0.00225830078125,0.002266763289478189,-8.4625082281890134e-06
0.42849999999999999,0.015869140625,0.015875381233361234,-6.2406083612340235e-06
0.42862499999999998,0.027069091796875,0.027064257824777168,4.8339720978320122e-06
0.42875000000000002,0.034149169921875,0.034139951460717098,9.2184611579018694e-06
0.42887500000000001,0.036041259765625,0.036034129200969676,7.1305646553235236e-06
0.42899999999999999,0.032470703125,0.032464866362669785,5.8367623302149618e-06
0.42912499999999998,0.02398681640625,0.023978592319283516,8.2240869664837457e-06
0.42925000000000002,0.011871337890625,0.011866443995913103,4.8938947118971898e-06
0.42937500000000001,-0.002044677734375,-0.0020321696782857209,-1.2508056089279105e-05
0.42949999999999999,-0.015594482421875,-0.015608906866362819,1.4424444487818808e-05
0.42962499999999998,-0.02679443359375,-0.026806314410996145,1.1880817246144593e-05
0.42975000000000002,-0.033935546875,-0.033929617394110469,-5.9294808895313245e-06
0.42987500000000001,-0.035888671875,-0.035903227927443597,1.4556052443596978e-05
0.42999999999999999,-0.032440185546875,-0.032433150258722752,-7.0352881522475763e-06
0.43012499999999998,-0.0240478515625,-0.024050760940693545,2.9093781935447816e-06
0.43025000000000002,-0.01202392578125,-0.01203144679932593,7.5210180759295586e-06
0.43037500000000001,0.001800537109375,0.0017994427358129336,1.0943735620663579e-06
0.43049999999999999,0.015350341796875,0.015343805469558816,6.5363273161842678e-06
0.43062499999999998,0.02655029296875,0.02654905985541104,1.233113338959535e-06
0.43075000000000002,0.033721923828125,0.033719201538456173,2.7222896688272602e-06
0.43087500000000001,0.0357666015625,0.035771504572739359,-4.9030102393585184e-06
0.43099999999999999,0.03240966796875,0.032400014309557475,9.6536591925253101e-06
0.43112499999999998,0.02410888671875,0.024121144939583589,-1.2258220833588629e-05
0.43125000000000002,0.01220703125,0.012194588245134834,1.2443004865166432e-05
0.43137500000000001,-0.001556396484375,-0.0015683545006821159,1.1958016307115878e-05
0.43149999999999999,-0.01507568359375,-0.015079854789361457,4.1711956114565824e-06
0.43162499999999998,-0.02630615234375,-0.026292276912825097,-1.3875430924903398e-05
0.43175000000000002,-0.03350830078125,-0.033508490199073218,1.8941782321812983e-07
0.43187500000000001,-0.03564453125,-0.035638746998178199,-5.7842518218012562e-06
0.432,-0.032379150390625,-0.032365245704123004,-1.3904686501996222e-05
0.43212499999999998,-0.024200439453125,-0.024189528708266506,-1.0910744858493721e-05
0.43225000000000002,-0.012359619140625,-0.012355648230799397,-3.9709098256027198e-06
0.43237500000000001,0.0013427734375,0.0013391305855935363,3.6428519064636566e-06
0.4325,0.01483154296875,0.014817286127753012,1.4256840996988013e-05
0.43262499999999998,0.026031494140625,0.026036201891143081,-4.7077505180813384e-06
0.43275000000000002,0.033294677734375,0.033297723248390768,-3.0455140157675809e-06
0.43287500000000001,0.035491943359375,0.035505196660468516,-1.3253301093515968e-05
0.433,0.032318115234375,0.032329085265027112,-1.0970030652111828e-05
0.43312499999999998,0.024261474609375,0.024256150315211916,5.3242941630837759e-06
0.43325000000000002,0.01251220703125,0.012514860370110048,-2.6533388600476909e-06
0.43337500000000001,-0.0010986328125,-0.001111542855026394,1.2910042526393956e-05
0.4335,-0.014556884765625,-0.014555877019818361,-1.007745806639454e-06
0.43362499999999998,-0.025787353515625,-0.02578061732864213,-6.7361869828704013e-06
0.43375000000000002,-0.0330810546875,-0.033086686802878719,5.6321153787189382e-06
0.43387500000000001,-0.035369873046875,-0.035370641288339527,7.6824146452714182e-07
0.434,-0.03228759765625,-0.032291320124922404,3.7224686724041112e-06
0.43412499999999998,-0.024322509765625,-0.024320794181207181,-1.7155844178190494e-06
0.43425000000000002,-0.012664794921875,-0.012672004669338505,7.2097474635053616e-06
0.43437500000000001,0.000885009765625,0.00088581674911005805,-8.0698348505804651e-07
0.4345,0.0142822265625,0.014295858557384657,-1.3631994884657356e-05
0.43462499999999998,0.0255126953125,0.025525759317418375,-1.3064004918374866e-05
0.43475000000000003,0.032867431640625,0.032875620546180109,-8.1889055551093159e-06
0.43487500000000001,0.035247802734375,0.035235322205353754,1.248052902124569e-05
0.435,0.032257080078125,0.032252191049039321,4.8890290856792862e-06
0.43512499999999998,0.024383544921875,0.024383698401696692,-1.5347982169205965e-07
0.43525000000000003,0.0128173828125,0.012827314849495099,-9.9320369950986476e-06
0.43537500000000001,-0.00067138671875,-0.00066172396124933698,-9.6627575006630155e-06
0.4355,-0.0140380859375,-0.014037008066556026,-1.0778709439735606e-06
0.43562499999999998,-0.0252685546875,-0.025271410180614774,2.8554931147742324e-06
0.43575000000000003,-0.03265380859375,-0.032664310406076903,1.0501812326903226e-05
0.43587500000000001,-0.03509521484375,-0.035099027006555372,3.8121628053722212e-06
0.436,-0.0322265625,-0.03221148511155407,-1.5077388445930429e-05
0.43612499999999998,-0.024444580078125,-0.024444647423006553,6.734488155329954e-08
0.43625000000000003,-0.012969970703125,-0.012980571022418182,1.060031929318167e-05
0.43637500000000001,0.00042724609375,0.00043948976199332574,-1.2243668243325744e-05
0.4365,0.0137939453125,0.013779556431421331,1.4388881078668952e-05
0.43662499999999999,0.0250244140625,0.025017805795873947,6.6082666260527945e-06
0.43675000000000003,0.032440185546875,0.032452995877606673,-1.2810330731673203e-05
0.43687500000000001,0.03497314453125,0.034961996881293929,1.1147649956071148e-05
0.437,0.03216552734375,0.032169443018163449,-3.9156744134488664e-06
0.43712499999999999,0.024505615234375,0.024503879364693511,1.7358696814892549e-06
0.43725000000000003,0.01312255859375,0.013132007013113723,-9.4484193637230096e-06
0.43737500000000001,-0.000213623046875,-0.00021888567673016999,5.2626298551699917e-06
0.4375,-0.013519287109375,-0.013523280771524676,3.9936621496761138e-06
0.43762499999999999,-0.024749755859375,-0.024764728272622116,1.4972413247115596e-05
0.43774999999999997,-0.0322265625,-0.032241462700037825,1.4900200037824829e-05
0.43787500000000001,-0.034820556640625,-0.034824019289882616,3.4626492576156354e-06
0.438,-0.032135009765625,-0.032125851782464007,-9.1579831609928108e-06
0.43812499999999999,-0.024566650390625,-0.024561178695727805,-5.4716948971952895e-06
0.43824999999999997,-0.013275146484375,-0.013281403035821839,6.2565514468392036e-06
0.43837500000000001,0,1.3680948086674839e-07,-1.3680948086674839e-07
0.4385,0.013275146484375,0.013268411765575085,6.7347187999149821e-06
0.43862499999999999,0.024505615234375,0.024512413275478248,-6.7980411032481092e-06
0.43874999999999997,0.03204345703125,0.032029950180019098,1.3506851230901673e-05
0.43887500000000002,0.034698486328125,0.034685335286435165,1.3151041689835052e-05
0.439,0.032073974609375,0.032080952048510129,-6.9774391351293263e-06
0.43912499999999999,0.024627685546875,0.024616783556904217,1.0901989970783094e-05
0.43924999999999997,0.013427734375,0.013428993016333678,-1.2586413336776459e-06
0.43937500000000002,0.000213623046875,0.00021698547940856712,-3.362432533567122e-06
0.4395,-0.01300048828125,-0.013014726328984582,1.4238047734581663e-05
0.43962499999999999,-0.024261474609375,-0.024260642701543971,-8.3190783102884969e-07
0.43974999999999997,-0.031829833984375,-0.031818243868550103,-1.1590115824897107e-05
0.43987500000000002,-0.0345458984375,-0.034545732195535112,-1.6624196488845833e-07
0.44,-0.03204345703125,-0.0320345307672334,-8.9262640165996276e-06
0.44012499999999999,-0.024658203125,-0.024670478437034571,1.2275312034570884e-05
0.44024999999999997,-0.013580322265625,-0.013574557268131603,-5.7649974933970255e-06
0.44037500000000002,-0.00042724609375,-0.00043225624940477906,5.0101556547790587e-06
0.4405,0.01275634765625,0.012762454937513688,-6.107281263687675e-06
0.44062499999999999,0.024017333984375,0.024009652003868922,7.6819805060780733e-06
0.44074999999999998,0.0316162109375,0.031606582884127883,9.6280533721168626e-06
0.44087500000000002,0.034393310546875,0.034405450935083869,-1.2140388208868591e-05
0.441,0.031982421875,0.031986828519011773,-4.4066440117729311e-06
0.44112499999999999,0.02471923828125,0.024722501495318502,-3.2632140685023847e-06
0.44124999999999998,0.01373291015625,0.013718329814675861,1.4580341574138914e-05
0.44137500000000002,0.000640869140625,0.00064590430216934032,-5.0351615443403183e-06
0.4415,-0.01251220703125,-0.012511374304811185,-8.3272643881457387e-07
0.44162499999999999,-0.023773193359375,-0.023759222868696344,-1.3970490678655995e-05
0.44174999999999998,-0.031402587890625,-0.031394752589738506,-7.8353008864939788e-06
0.44187500000000002,-0.034271240234375,-0.034264278692981404,-6.9615413935963932e-06
0.442,-0.031951904296875,-0.031937632190073666,-1.4272106801334339e-05
0.44212499999999999,-0.0247802734375,-0.024772637237596533,-7.6361999034671446e-06
0.44224999999999998,-0.01385498046875,-0.013860091065516122,5.1105967661217722e-06
0.44237500000000002,-0.0008544921875,-0.00085770485769917366,3.2126701991736601e-06
0.4425,0.01226806640625,0.01226171470612668,6.3517001233203557e-06
0.44262499999999999,0.02349853515625,0.023509590538934155,-1.1055382684154597e-05
0.44274999999999998,0.03118896484375,0.031182991916028635,5.972927721364929e-06
0.44287500000000002,0.03411865234375,0.034122456249985861,-3.8039062358607989e-06
0.443,0.031890869140625,0.031887182295105641,3.6868455193586613e-06
0.44312499999999999,0.024810791015625,0.02482112383873045,-1.0332823105450167e-05
0.44324999999999998,0.014007568359375,0.014000075138643233,7.4932207317669752e-06
0.44337500000000002,0.001068115234375,0.0010678868766413419,2.2835773365813793e-07
0.44350000000000001,-0.01202392578125,-0.012013252655786236,-1.0673125463763616e-05
0.44362499999999999,-0.02325439453125,-0.023260536491456801,6.1419602068006618e-06
0.44374999999999998,-0.030975341796875,-0.030971086038281598,-4.2557585934015207e-06
0.44387500000000002,-0.033966064453125,-0.0339797706564052,1.3706203280200446e-05
0.44400000000000001,-0.031829833984375,-0.031835265653667469,5.4316692924688548e-06
0.44412499999999999,-0.024871826171875,-0.024867745818817632,-4.080353057368119e-06
0.44424999999999998,-0.014129638671875,-0.014138062536607522,8.4238647325221572e-06
0.44437500000000002,-0.00128173828125,-0.0012762257365072239,-5.5125447427761126e-06
0.44450000000000001,0.01177978515625,0.011766218230906345,1.3566925343655445e-05
0.44462499999999999,0.02301025390625,0.023012295760531438,-2.0418542814384932e-06
0.44474999999999998,0.03076171875,0.03075927369959781,2.4450504021895914e-06
0.44487500000000002,0.033843994140625,0.033836462554967285,7.5315856577148899e-06
0.44500000000000001,0.031768798828125,0.031782122712786028,-1.3323884661027574e-05
0.44512499999999999,0.02490234375,0.024912741365630455,-1.0397615630455131e-05
0.44524999999999998,0.0142822265625,0.014274287468813754,7.9390936862464706e-06
0.44537500000000002,0.001495361328125,0.0014829505539902066,1.2410774134793403e-05
0.44550000000000001,-0.011505126953125,-0.011520387748936158,1.5260795811157871e-05
0.44562499999999999,-0.02276611328125,-0.022764649615125272,-1.4636661247284521e-06
0.44574999999999998,-0.030548095703125,-0.030547339887908233,-7.5581521676720831e-07
0.44587500000000002,-0.03369140625,-0.033692318857524599,9.1260752459881855e-07
0.44600000000000001,-0.03173828125,-0.031727540223407173,-1.0741026592826775e-05
0.44612499999999999,-0.02496337890625,-0.024955895010840244,-7.4838954097558585e-06
0.44624999999999998,-0.014404296875,-0.014408530527710685,4.2336527106851679e-06
0.44637500000000002,-0.001678466796875,-0.0016878368611134484,9.3700642384484095e-06
0.44650000000000001,0.011260986328125,0.011275991091300137,-1.5004763175136687e-05
0.44662499999999999,0.02252197265625,0.022517832882388004,4.1397738619955438e-06
0.44674999999999998,0.03033447265625,0.030335523159135319,-1.05050288531916e-06
0.44687500000000002,0.033538818359375,0.033547580067933423,-8.7617085584232313e-06
0.44700000000000001,0.03167724609375,0.031671758563000543,5.4875307494567371e-06
0.44712499999999999,0.024993896484375,0.024997444952419436,-3.5484680444355932e-06
0.44724999999999998,0.0145263671875,0.014541026011092889,-1.4658823592889059e-05
0.44737500000000002,0.00189208984375,0.0018911139276205932,9.7591612940677551e-07
0.44750000000000001,-0.01104736328125,-0.011032804380977524,-1.4558900272475944e-05
0.447625,-0.02227783203125,-0.022271626624913728,-6.2054063362723677e-06
0.44774999999999998,-0.030120849609375,-0.030123608314214973,2.7587048399731195e-06
0.44787500000000002,-0.033416748046875,-0.033402032958768972,-1.4715088106027896e-05
0.44800000000000001,-0.0316162109375,-0.031614564411998988,-1.6465255010117419e-06
0.448125,-0.0250244140625,-0.025037175730927997,1.2761668427997003e-05
0.44824999999999998,-0.014678955078125,-0.014671554598234859,-7.4004798901409347e-06
0.44837500000000002,-0.002105712890625,-0.0020925574371266141,-1.3155453498385917e-05
0.44850000000000001,0.01080322265625,0.010791057306146188,1.2165350103812006e-05
0.448625,0.02203369140625,0.022026265464228638,7.4259420213620975e-06
0.44874999999999998,0.0299072265625,0.029911833722295618,-4.6071597956179322e-06
0.44887500000000002,0.03326416015625,0.033255917894218848,8.2422620311523032e-06
0.44900000000000001,0.03155517578125,0.031556198076438592,-1.0222951885921483e-06
0.449125,0.02508544921875,0.025075325551900046,1.0123666849954499e-05
0.44924999999999998,0.014801025390625,0.014800350672262883,6.7471836211717429e-07
0.44937500000000002,0.002288818359375,0.0022923968094431773,-3.5784500681773461e-06
0.44950000000000001,-0.01055908203125,-0.010550525797726919,-8.5562335230809222e-06
0.449625,-0.02178955078125,-0.021781530258109239,-8.0205231407608213e-06
0.44974999999999998,-0.029693603515625,-0.029699983997739522,6.3804821145221902e-06
0.44987500000000002,-0.033111572265625,-0.033109021506805648,-2.5507588193515729e-06
0.45000000000000001,-0.031494140625,-0.031496446164408887,2.3055394088866699e-06
0.450125,-0.025115966796875,-0.025111678962139849,-4.2878347351511803e-06
0.45024999999999998,-0.014923095703125,-0.014927194996296089,4.0992931710885638e-06
0.45037500000000003,-0.00250244140625,-0.0024904078768017688,-1.2033529448231186e-05
0.45050000000000001,0.01031494140625,0.010311439353100166,3.5020531498342056e-06
0.450625,0.02154541015625,0.021537655424024024,7.7547322259764739e-06
0.45074999999999998,0.02947998046875,0.029488297323330134,-8.3168545801336202e-06
0.45087500000000003,0.032958984375,0.03296158402029075,-2.599645290750352e-06
0.45100000000000001,0.03143310546875,0.031435548908681839,-2.4434399318387645e-06
0.451125,0.025146484375,0.025146474172144075,1.0202855924706933e-08
0.45124999999999998,0.015045166015625,0.015052322035764247,-7.1560201392473904e-06
0.45137500000000003,0.002685546875,0.002686820206182306,-1.2733311823059576e-06
0.45150000000000001,-0.01007080078125,-0.010073573713586404,2.7729323364041047e-06
0.451625,-0.02130126953125,-0.021294421616456692,-6.8479147933078743e-06
0.45174999999999998,-0.029266357421875,-0.029276558127312093,1.0200705437092561e-05
0.45187500000000003,-0.032806396484375,-0.03281339192641216,6.9954420371595716e-06
0.45200000000000001,-0.0313720703125,-0.031373292843195635,1.2225306956353821e-06
0.452125,-0.025177001953125,-0.025179495732357796,2.4937792327955899e-06
0.45224999999999999,-0.015167236328125,-0.015175512634617656,8.2763064926556773e-06
0.45237500000000003,-0.00286865234375,-0.0028814097754719628,1.2757431721962826e-05
0.45250000000000001,0.00982666015625,0.0098371581881637228,-1.0498031913722811e-05
0.452625,0.02105712890625,0.02105206305040418,5.0658558458198388e-06
0.45274999999999999,0.029052734375,0.029065004406573423,-1.2270031573422685e-05
0.45287500000000003,0.03265380859375,0.032664685307794358,-1.0876714044358304e-05
0.45300000000000001,0.03131103515625,0.031309918125694322,1.1170305556779114e-06
0.453125,0.02520751953125,0.025210981855651661,-3.4623244016609989e-06
0.45324999999999999,0.015289306640625,0.01529700133765192,-7.6946970269196197e-06
0.45337499999999997,0.003082275390625,0.0030744062958727443,7.8690947522557127e-06
0.45350000000000001,-0.009613037109375,-0.0096019683310132869,-1.1068778361713119e-05
0.453625,-0.02081298828125,-0.020810360178653398,-2.6281025966023996e-06
0.45374999999999999,-0.028839111328125,-0.028853420403710927,1.430907558592695e-05
0.45387499999999997,-0.032501220703125,-0.032515250514696371,1.4029811571371342e-05
0.45400000000000001,-0.03125,-0.031245211214201953,-4.7887857980467852e-06
0.454125,-0.025238037109375,-0.025240717093587477,2.6799842124773654e-06
0.45424999999999999,-0.015411376953125,-0.015416569066665151,5.1921135401505891e-06
0.45437499999999997,-0.003265380859375,-0.0032655858880266614,2.050286516614222e-07
0.45450000000000002,0.009368896484375,0.0093682332651730989,6.6321920190112738e-07
0.454625,0.02056884765625,0.020569547015283948,-6.9935903394824361e-07
0.45474999999999999,0.028656005859375,0.028642043930220424,1.396192915457603e-05
0.45487499999999997,0.032379150390625,0.032365327487937003,1.3822902687997407e-05
0.45500000000000002,0.03118896484375,0.031179412189694198,9.5526540558020512e-06
0.455125,0.0252685546875,0.025268939658862073,-3.8497136207321647e-07
0.45524999999999999,0.015533447265625,0.015534450442850362,-1.0031772253622784e-06
0.45537499999999997,0.003448486328125,0.0034551784044340884,-6.6920763090883711e-06
0.45550000000000002,-0.009124755859375,-0.0091357283600841145,1.0972500709114513e-05
0.455625,-0.02032470703125,-0.02032940381300118,4.6967817511796295e-06
0.45574999999999999,-0.0284423828125,-0.028430659043553175,-1.1723768946824559e-05
0.45587499999999997,-0.0322265625,-0.032214702435650659,-1.1860064349340782e-05
0.45600000000000002,-0.031097412109375,-0.031112307432583031,1.4895323208030664e-05
0.456125,-0.025299072265625,-0.0252954341016263,-3.6381639987002889e-06
0.45624999999999999,-0.015655517578125,-0.015650426462959704,-5.0911151652961728e-06
0.45637499999999998,-0.003631591796875,-0.0036429601055832941,1.1368308708294052e-05
0.45650000000000002,0.0089111328125,0.0089046825553084855,6.4502571915144719e-06
0.456625,0.02008056640625,0.020090164386592002,-9.5979803420020993e-06
0.45674999999999999,0.028228759765625,0.028219503370349022,9.256395275977769e-06
0.45687499999999998,0.032073974609375,0.032063615156219687,1.0359453155313336e-05
0.45700000000000002,0.031036376953125,0.031044136945380003,-7.7599922550034006e-06
0.457125,0.02532958984375,0.025320438631938381,9.1512118116192365e-06
0.45724999999999999,0.015777587890625,0.015764731821645558,1.2856068979442276e-05
0.45737499999999998,0.003814697265625,0.0038291609823721145,-1.44637167471145e-05
0.45750000000000002,-0.0086669921875,-0.0086748710380120577,7.8788505120577085e-06
0.457625,-0.01983642578125,-0.019851608790262407,1.518300901240735e-05
0.45774999999999999,-0.02801513671875,-0.028008360783469494,-6.7759352805063511e-06
0.45787499999999998,-0.03192138671875,-0.031911851715043071,-9.5350037069286131e-06
0.45800000000000002,-0.030975341796875,-0.030974687029211294,-6.5476766370614614e-07
0.458125,-0.02532958984375,-0.025343737796051088,1.4147952301087757e-05
0.45824999999999999,-0.015869140625,-0.015877147587691116,8.0069626911156988e-06
0.45837499999999998,-0.0040283203125,-0.0040135574322419073,-1.4762880258092741e-05
0.45850000000000002,0.008453369140625,0.0084465225666830457,6.8465739419543148e-06
0.458625,0.019622802734375,0.019613970641149527,8.8320932254727647e-06
0.45874999999999999,0.027801513671875,0.027797468725238611,4.0449466363889908e-06
0.45887499999999998,0.031768798828125,0.031759651767483472,9.1470606415275379e-06
0.45900000000000002,0.030914306640625,0.030904197606491522,1.0109034133478495e-05
0.45912500000000001,0.025360107421875,0.025365569798917,-5.4623770419995332e-06
0.45924999999999999,0.0159912109375,0.01598790852635857,3.302411141430095e-06
0.45937499999999998,0.00421142578125,0.0041963795815954412,1.5046199654558841e-05
0.45950000000000002,-0.008209228515625,-0.0082194121486783619,1.0183633053361882e-05
0.45962500000000001,-0.019378662109375,-0.019377029796611798,-1.632312763202165e-06
0.45974999999999999,-0.027587890625,-0.027586610884516024,-1.2797404839760829e-06
0.45987499999999998,-0.0316162109375,-0.031606801235639553,-9.4097018604466509e-06
0.46000000000000002,-0.03082275390625,-0.030832454897431649,9.7009911816485495e-06
0.46012500000000001,-0.025390625,-0.025385719180485121,-4.9058195148790618e-06
0.46024999999999999,-0.016082763671875,-0.016096795775569793,1.4032103694792963e-05
0.46037499999999998,-0.004364013671875,-0.004377403961971422,1.3390290096421988e-05
0.46050000000000002,0.00799560546875,0.0079937683638788854,1.8371048711145893e-06
0.46062500000000001,0.019134521484375,0.019141019677745272,-6.4981933702717987e-06
0.46074999999999999,0.027374267578125,0.027376024519913496,-1.7569417884964744e-06
0.46087499999999998,0.031463623046875,0.031453539631302707,1.0083415572292864e-05
0.46100000000000002,0.03076171875,0.030759698742741686,2.0200072583138884e-06
0.46112500000000001,0.025390625,0.025404424138175775,-1.3799138175774744e-05
0.46124999999999999,0.016204833984375,0.016204044168319599,7.8981605540137667e-07
0.46137499999999998,0.004547119140625,0.004556860832393891,-9.7416917688910448e-06
0.46150000000000002,-0.007781982421875,-0.0077693660422360634,-1.2616379638936623e-05
0.46162500000000001,-0.0189208984375,-0.018905719946729932,-1.5178490770068054e-05
0.46174999999999999,-0.02716064453125,-0.027165493136875482,4.8486056254820609e-06
0.46187499999999998,-0.03131103515625,-0.031299652732747769,-1.1382423502230565e-05
0.46200000000000002,-0.03070068359375,-0.030685715280148948,-1.4968313601051997e-05
0.46212500000000001,-0.025421142578125,-0.025421469203227583,3.266251025826894e-07
0.46224999999999999,-0.01629638671875,-0.016309434908863597,1.3048190113596619e-05
0.46237499999999998,-0.004730224609375,-0.0047345268556160036,4.3022462410035808e-06
0.46250000000000002,0.007537841796875,0.0075464335874903541,-8.5917906153540682e-06
0.46262500000000001,0.0186767578125,0.018671363830298274,5.3939822017255723e-06
0.46274999999999999,0.026947021484375,0.026955253810936153,-8.2323265611534968e-06
0.46287499999999998,0.031158447265625,0.03114537990769143,1.3067357933570223e-05
0.46300000000000002,0.030609130859375,0.030610744267094918,-1.6134077199178587e-06
0.46312500000000001,0.02545166015625,0.025437092563181787,1.4567593068212648e-05
0.46325,0.01641845703125,0.016413202895082874,5.2541361671258613e-06
0.46337499999999998,0.004913330078125,0.0049106324204732463,2.6976576517536571e-06
0.46350000000000002,-0.00732421875,-0.0073247456546546089,5.2690465460886182e-07
0.46362500000000001,-0.0184326171875,-0.018437730797085654,5.1136095856538222e-06
0.46375,-0.0267333984375,-0.026745089864774675,1.1691427274675148e-05
0.46387499999999998,-0.030975341796875,-0.030990506790092326,1.5164993217325895e-05
0.46400000000000002,-0.030548095703125,-0.030534571757280856,-1.3523945844143986e-05
0.46412500000000001,-0.02545166015625,-0.025451078738200274,-5.8141804972627886e-07
0.46425,-0.016510009765625,-0.016515129394735678,5.1196291106780922e-06
0.46437499999999998,-0.005096435546875,-0.0050849543180671898,-1.148122880781019e-05
0.46450000000000002,0.007110595703125,0.0071045304737326264,6.0652293923735626e-06
0.46462500000000001,0.018218994140625,0.018205053881154867,1.3940259470133359e-05
0.46475,0.02655029296875,0.026535238191479533,1.5054777270467196e-05
0.46487499999999998,0.03082275390625,0.030835272603128999,-1.2518696878998509e-05
0.46500000000000002,0.03045654296875,0.030457437423374895,-8.9445462489456951e-07
0.46512500000000001,0.02545166015625,0.025463665903598737,-1.2005747348737411e-05
0.46525,0.0166015625,0.016615449367829358,-1.3886867829358135e-05
0.46537499999999998,0.0052490234375,0.0052577230641871475,-8.6996266871475214e-06
0.46550000000000002,-0.00689697265625,-0.0068855625272650576,-1.1410128984942411e-05
0.46562500000000001,-0.017974853515625,-0.017973112359298403,-1.7411563265970487e-06
0.46575,-0.026336669921875,-0.026325481931644652,-1.1187990230348416e-05
0.46587499999999998,-0.030670166015625,-0.030679462836000086,9.2968203750862233e-06
0.46600000000000003,-0.030364990234375,-0.030379127233553106,1.4136999178106235e-05
0.46612500000000001,-0.025482177734375,-0.025474638566174188,-7.5391682008117689e-06
0.46625,-0.0167236328125,-0.016713944142824778,-9.6886696752222778e-06
0.46637499999999998,-0.00543212890625,-0.0054287155754978852,-3.4133307521147863e-06
0.46650000000000003,0.00665283203125,0.0066680698739850072,-1.5237842735007188e-05
0.46662500000000001,0.017730712890625,0.017742139074566891,-1.1426183941891377e-05
0.46675,0.026123046875,0.026116057796607584,6.9890783924164701e-06
0.46687499999999998,0.030517578125,0.030523316566911624,-5.7384419116235375e-06
0.46700000000000003,0.030303955078125,0.030299880774232343,4.0743038926573105e-06
0.46712500000000001,0.025482177734375,0.025484234886710422,-2.057152335421808e-06
0.46725,0.016815185546875,0.016810848739070888,4.3368078041124136e-06
0.46737499999999998,0.005584716796875,0.0055981624919023395,-1.3445695027339451e-05
0.46750000000000003,-0.006439208984375,-0.0064518268263638124,1.2617841988812363e-05
0.46762500000000001,-0.01751708984375,-0.017511913113627167,-5.1767301228328177e-06
0.46775,-0.025909423828125,-0.025906748745552738,-2.6750825722621219e-06
0.46787499999999999,-0.030364990234375,-0.030366619139897567,1.6289055225666982e-06
0.46800000000000003,-0.03021240234375,-0.030219483926621479,7.0815828714793083e-06
0.46812500000000001,-0.025482177734375,-0.025492239356352964,1.0061621977964369e-05
0.46825,-0.01690673828125,-0.016905944543016381,-7.9373823361900131e-07
0.46837499999999999,-0.005767822265625,-0.0057658408527969307,-1.9814128280693302e-06
0.46850000000000003,0.0062255859375,0.0062370612743285255,-1.1475336828525515e-05
0.46862500000000001,0.01727294921875,0.017282667130242346,-9.7179114923462429e-06
0.46875,0.02569580078125,0.025697791308790796,-1.9905275407960943e-06
0.46887499999999999,0.03021240234375,0.03020960948780603,2.7928559439699407e-06
0.46899999999999997,0.0301513671875,0.030138176189452314,1.3190998047685892e-05
0.46912500000000001,0.0255126953125,0.025498890119123947,1.3805193376053432e-05
0.46925,0.016998291015625,0.016999466630598353,-1.1756149733525845e-06
0.46937499999999999,0.00592041015625,0.0059319814194383879,-1.1571263188387901e-05
0.46949999999999997,-0.006011962890625,-0.0060235473627381839,1.1584472113183863e-05
0.46962500000000001,-0.017059326171875,-0.01705418002263346,-5.1461492415402765e-06
0.46975,-0.025482177734375,-0.025488968264834922,6.7905304599220895e-06
0.46987499999999999,-0.030059814453125,-0.030052072809128992,-7.7416439960079075e-06
0.46999999999999997,-0.030059814453125,-0.030055743355549447,-4.0710975755531287e-06
0.47012500000000002,-0.0255126953125,-0.025503971648270771,-8.7236642292293221e-06
0.47025,-0.01708984375,-0.017091196443515366,1.3526935153662656e-06
0.47037499999999999,-0.006103515625,-0.0060963613511411923,-7.1542738588076943e-06
0.47049999999999997,0.00579833984375,0.0058115128151351829,-1.3172971385182891e-05
0.47062500000000002,0.016815185546875,0.016826684257015227,-1.1498710140226548e-05
0.47075,0.0252685546875,0.02528051596368705,-1.1961276187050229e-05
0.47087499999999999,0.0299072265625,0.029894247891009543,1.2978671490457283e-05
0.47099999999999997,0.02996826171875,0.029972424834578352,-4.1631158283518543e-06
0.47112500000000002,0.0255126953125,0.025507722068826944,4.9732436730558216e-06
0.47125,0.017181396484375,0.017181369111623372,2.737275162784103e-08
0.47137499999999999,0.006256103515625,0.006259211527711187,-3.1080120861870161e-06
0.47149999999999997,-0.005615234375,-0.0056007316112143494,-1.4502763785650616e-05
0.47162500000000002,-0.0166015625,-0.016599958544909026,-1.6039550909743849e-06
0.47175,-0.02508544921875,-0.025072217003955736,-1.3232214794264147e-05
0.47187499999999999,-0.02972412109375,-0.029735919786069355,1.1798692319354986e-05
0.47199999999999998,-0.029876708984375,-0.029888006329612977,1.1297345237977485e-05
0.47212500000000002,-0.0255126953125,-0.025509925833970045,-2.7694785299549329e-06
0.47225,-0.01727294921875,-0.017269766129164199,-3.1830895858009356e-06
0.47237499999999999,-0.00640869140625,-0.0064203092256472343,1.1617819397234316e-05
0.47249999999999998,0.005401611328125,0.0053914313105734111,1.0180017551588913e-05
0.47262500000000002,0.016387939453125,0.016374235166682006,1.3704286442994124e-05
0.47275,0.024871826171875,0.024864307556114587,7.5186157604129056e-06
0.47287499999999999,0.029571533203125,0.029577327135424998,-5.7939322999980836e-06
0.47299999999999998,0.029815673828125,0.029802727159899626,1.2946668225374131e-05
0.47312500000000002,0.0255126953125,0.0255108210475577,1.8742649422996693e-06
0.47325,0.017364501953125,0.017356622677221618,7.8792759033823045e-06
0.47337499999999999,0.006591796875,0.0065798854405180497,1.1911434481950284e-05
0.47349999999999998,-0.00518798828125,-0.0051833857301884605,-4.6025510615395337e-06
0.47362500000000002,-0.016143798828125,-0.016149292648915601,5.4938207906009284e-06
0.47375,-0.024658203125,-0.024656570039626732,-1.633085373268367e-06
0.47387499999999999,-0.0294189453125,-0.02941825484553719,-6.904669628098048e-07
0.47399999999999998,-0.02972412109375,-0.02971637293744013,-7.7481563098696915e-06
0.47412500000000002,-0.0255126953125,-0.025510192140530009,-2.5031719699912525e-06
0.47425,-0.0174560546875,-0.017441720299957136,-1.4334387542863647e-05
0.47437499999999999,-0.006744384765625,-0.0067377175632298072,-6.6672023951927506e-06
0.47449999999999998,0.004974365234375,0.0049768222681295365,-2.4570337545364723e-06
0.47462500000000002,0.01593017578125,0.01592536308789563,4.8126933543703176e-06
0.47475000000000001,0.024444580078125,0.02444924044624526,-4.66036812026005e-06
0.47487499999999999,0.029266357421875,0.029258941411223694,7.4160106513058988e-06
0.47499999999999998,0.029632568359375,0.029629182889753292,3.3854696217076874e-06
0.47512500000000002,0.0255126953125,0.025508277193454779,4.4181190452206864e-06
0.47525000000000001,0.01751708984375,0.017525294227022828,-8.2043832728279087e-06
0.47537499999999999,0.00689697265625,0.0068940367024072852,2.9359538427147988e-06
0.47549999999999998,-0.0047607421875,-0.0047715145811032447,1.0772393603244654e-05
0.47562500000000002,-0.015716552734375,-0.015702224826984031,-1.4327907390969397e-05
0.47575000000000001,-0.02423095703125,-0.024242101017109077,1.1143985859076583e-05
0.47587499999999999,-0.02911376953125,-0.029099171592517341,-1.4597938732659188e-05
0.47599999999999998,-0.029541015625,-0.029540942536479538,-7.3088520461533912e-08
0.47612500000000002,-0.0255126953125,-0.025504860612906466,-7.8346995935341113e-06
0.47625000000000001,-0.017608642578125,-0.017607126049855999,-1.516528269001477e-06
0.47637499999999999,-0.007049560546875,-0.0070486203606058015,-9.4018626919847165e-07
0.47649999999999998,0.00457763671875,0.0045676899081063893,9.9468106436106582e-06
0.47662500000000002,0.015472412109375,0.01548010978016425,-7.6976707892497526e-06
0.47675000000000001,0.0240478515625,0.024035387566049688,1.2463996450311904e-05
0.47687499999999999,0.0289306640625,0.028939183737701622,-8.5196752016222788e-06
0.47699999999999998,0.029449462890625,0.029451891012152058,-2.4281215270580137e-06
0.47712500000000002,0.0255126953125,0.025500180454054368,1.2514858445632215e-05
0.47725000000000001,0.0177001953125,0.017687451044099353,1.274426840064749e-05
0.47737499999999999,0.0072021484375,0.0072016997567574464,4.4868074255358797e-07
0.47749999999999998,-0.004364013671875,-0.0043651217479678574,1.1080760928573741e-06
0.47762500000000002,-0.0152587890625,-0.015258796109363731,7.046863731430264e-09
0.47775000000000001,-0.023834228515625,-0.023828882156729347,-5.3463588956526031e-06
0.47787499999999999,-0.028778076171875,-0.028778762460164073,6.8628828907291162e-07
0.47799999999999998,-0.02935791015625,-0.029361813742801564,3.9035865515638091e-06
0.47812500000000002,-0.025482177734375,-0.025494021097050786,1.1843362675786201e-05
0.47825000000000001,-0.01776123046875,-0.017766050845853736,4.8203771037362564e-06
0.47837499999999999,-0.007354736328125,-0.0073530525023874482,-1.683825737551839e-06
0.47849999999999998,0.004150390625,0.0041640371830618094,-1.3646558061809408e-05
0.47862500000000002,0.015045166015625,0.01503851554800233,6.6504676226701587e-06
0.47875000000000001,0.02362060546875,0.023622820425918536,-2.2149571685357861e-06
0.478875,0.02862548828125,0.02861814596144039,7.3423198096098097e-06
0.47899999999999998,0.029266357421875,0.029270949768747508,-4.5923468725075911e-06
0.47912500000000002,0.025482177734375,0.025486620569597059,-4.4428352220585166e-06
0.47925000000000001,0.017852783203125,0.017843160774155924,9.6224289690763354e-06
0.479375,0.00750732421875,0.0075029099240058105,4.4142947441894523e-06
0.47949999999999998,-0.00396728515625,-0.003964209556787981,-3.0755994620190394e-06
0.47962500000000002,-0.01483154296875,-0.014819046078369834,-1.2496890380166159e-05
0.47975000000000001,-0.023406982421875,-0.023416984260640233,1.0001838765233417e-05
0.479875,-0.0284423828125,-0.028457118708091391,1.4735895591391074e-05
0.47999999999999998,-0.0291748046875,-0.029179084421212483,4.2797337124825252e-06
0.48012500000000002,-0.025482177734375,-0.02547776322337322,-4.4145110017802802e-06
0.48025000000000001,-0.017913818359375,-0.017918562507238743,4.7441478637430534e-06
0.480375,-0.007659912109375,-0.0076510497393879034,-8.8623699870966216e-06
0.48049999999999998,0.003753662109375,0.0037658657972839795,-1.2203687908979473e-05
0.48062500000000002,0.01458740234375,0.014600619255124956,-1.3216911374956328e-05
0.48075000000000001,0.023223876953125,0.023211609121489934,1.2267831635066201e-05
0.480875,0.028289794921875,0.028295918754741207,-6.1238328662067965e-06
0.48099999999999998,0.029083251953125,0.029086456645114587,-3.2046919895868664e-06
0.48112500000000002,0.025482177734375,0.025467687056613286,1.4490677761713755e-05
0.48125000000000001,0.01800537109375,0.017992491404968228,1.2879688781771564e-05
0.481375,0.0078125,0.0077977033799706396,1.4796620029360399e-05
0.48149999999999998,-0.003570556640625,-0.0035687790949643998,-1.7775456606001529e-06
0.48162500000000003,-0.014373779296875,-0.014383012882675652,9.2335858006518945e-06
0.48175000000000001,-0.02301025390625,-0.023006476719749907,-3.7771865000930938e-06
0.481875,-0.02813720703125,-0.028134330420962691,-2.8766102873091504e-06
0.48199999999999998,-0.02899169921875,-0.028992851675700496,1.152456950495595e-06
0.48212500000000003,-0.02545166015625,-0.02545617639051392,4.5162342639203101e-06
0.48225000000000001,-0.01806640625,-0.018064729185160101,-1.6770648398993504e-06
0.482375,-0.0079345703125,-0.0079426486670795774,8.0783545795774098e-06
0.48249999999999998,0.003387451171875,0.0033731762261719144,1.4274945703085604e-05
0.48262500000000003,0.01416015625,0.014166458338732897,-6.3020887328974623e-06
0.48275000000000001,0.022796630859375,0.022801822340715108,-5.1914813401082727e-06
0.482875,0.027984619140625,0.02797259161433982,1.202752628517989e-05
0.48299999999999998,0.028900146484375,0.028898508361347351,1.638123027648819e-06
0.48312500000000003,0.02545166015625,0.025443469191849873,8.1909644001273985e-06
0.48325000000000001,0.01812744140625,0.01813551124602434,-8.0698397743397821e-06
0.483375,0.008087158203125,0.0080861171343884208,1.0410687365791649e-06
0.48349999999999999,-0.003173828125,-0.0031788302307153306,5.0021057153306313e-06
0.48362500000000003,-0.013946533203125,-0.013950733251641449,4.2000485164488816e-06
0.48375000000000001,-0.0225830078125,-0.022597427520850262,1.4419708350262017e-05
0.483875,-0.027801513671875,-0.027810486507346105,8.9728354711049452e-06
0.48399999999999999,-0.02880859375,-0.028803211840198108,-5.3819098018922928e-06
0.48412500000000003,-0.025421142578125,-0.02542934974939182,8.2071712668198293e-06
0.48425000000000001,-0.018218994140625,-0.018204619342442312,-1.4374798182687637e-05
0.484375,-0.00823974609375,-0.0082278867041507622,-1.1859389599237768e-05
0.48449999999999999,0.00299072265625,0.0029859677355787585,4.7549206712415443e-06
0.48462499999999997,0.01373291015625,0.013736068823930365,-3.1586676803654901e-06
0.48475000000000001,0.02239990234375,0.022393527371085027,6.3749726649728333e-06
0.484875,0.02764892578125,0.027648252860415324,6.7292083467604402e-07
0.48499999999999999,0.028717041015625,0.028707200862980724,9.8401526442762344e-06
0.48512499999999997,0.025421142578125,0.025414055996505182,7.0865816198181775e-06
0.48525000000000001,0.018280029296875,0.018272288908466466,7.7403884085336383e-06
0.485375,0.00836181640625,0.0083681890096071986,-6.372603357198553e-06
0.48549999999999999,-0.0028076171875,-0.0027943616323988689,-1.3255555101131071e-05
0.48562499999999997,-0.013519287109375,-0.013522242509721432,2.9554003464320189e-06
0.48575000000000002,-0.022186279296875,-0.022189903253976784,3.623957101784453e-06
0.485875,-0.027496337890625,-0.02748567469884472,-1.066319178028019e-05
0.48599999999999999,-0.02862548828125,-0.028610260469652832,-1.5227811597167545e-05
0.48612499999999997,-0.025390625,-0.025397372187594299,6.7471875942991255e-06
0.48625000000000002,-0.018341064453125,-0.018338301733604914,-2.7627195200857768e-06
0.486375,-0.008514404296875,-0.0085068020712795091,-7.6022255954908552e-06
0.48649999999999999,0.002593994140625,0.0026042384011728341,-1.0244260547834141e-05
0.48662499999999997,0.0133056640625,0.013309485338201081,-3.8212757010810949e-06
0.48675000000000002,0.02197265625,0.021986790107048858,-1.4133857048858472e-05
0.486875,0.027313232421875,0.027322989635857695,-9.7572139826952731e-06
0.48699999999999999,0.02850341796875,0.028512629312224286,-9.2113434742857603e-06
0.48712499999999997,0.025390625,0.025379536220722948,1.1088779277051986e-05
0.48725000000000002,0.018402099609375,0.018402893285283002,-7.9367590800211163e-07
0.487375,0.008636474609375,0.0086439576193825217,-7.4830100075216899e-06
0.48749999999999999,-0.002410888671875,-0.0024153707877929064,4.4821159179064471e-06
0.48762499999999998,-0.013092041015625,-0.013097574591031147,5.5335754061466152e-06
0.48775000000000002,-0.02178955078125,-0.021783969119921864,-5.5816613281356453e-06
0.487875,-0.02716064453125,-0.027159981549515145,-6.6298173485510037e-07
0.48799999999999999,-0.028411865234375,-0.028414092331417808,2.2270970428082959e-06
0.48812499999999998,-0.025360107421875,-0.025360332314054997,2.2489217999660527e-07
0.48825000000000002,-0.018463134765625,-0.018465845385181791,2.7106195567908054e-06
0.488375,-0.0087890625,-0.0087794337700669578,-9.6287299330422016e-06
0.48849999999999999,0.002227783203125,0.0022279851276939783,-2.0192456897825603e-07
0.48862499999999998,0.01287841796875,0.012886741125903938,-8.3231571539384847e-06
0.48875000000000002,0.021575927734375,0.021581675057657485,-5.7473232824845066e-06
0.488875,0.027008056640625,0.026996887905803627,1.1168734821372789e-05
0.48899999999999999,0.0283203125,0.028314888079500739,5.4244204992608125e-06
0.48912499999999998,0.02532958984375,0.025339998328469664,-1.0408484719663658e-05
0.48925000000000002,0.018524169921875,0.018527393531707112,-3.2236098321120066e-06
0.489375,0.0089111328125,0.0089134623478928643,-2.3295353928642903e-06
0.48949999999999999,-0.002044677734375,-0.002041854023386783,-2.8237109882169736e-06
0.48962499999999998,-0.012664794921875,-0.012676762053880032,1.1967132005031786e-05
0.48975000000000002,-0.021392822265625,-0.02137968893793302,-1.3133327691979696e-05
0.489875,-0.026824951171875,-0.026833492435537631,8.5412636626307215e-06
0.48999999999999999,-0.028228759765625,-0.028214801396950071,-1.3958368674928806e-05
0.49012499999999998,-0.02532958984375,-0.02531831844403588,-1.127139971411964e-05
0.49025000000000002,-0.018585205078125,-0.018587319576291183,2.1144981661828932e-06
0.49037500000000001,-0.009033203125,-0.0090458215620772987,1.2618437077298664e-05
0.49049999999999999,0.001861572265625,0.0018572036681620198,4.3685974629801682e-06
0.49062499999999998,0.012481689453125,0.012467868062951266,1.3821390173734266e-05
0.49075000000000002,0.02117919921875,0.021178245354353097,9.5386439690273161e-07
0.49087500000000001,0.02667236328125,0.026670032457455618,2.3308237943817089e-06
0.49099999999999999,0.028106689453125,0.028114070735298802,-7.3812821738024337e-06
0.49112499999999998,0.025299072265625,0.025295530482636552,3.5417829884476504e-06
0.49125000000000002,0.018646240234375,0.018645859045919123,3.81188455876591e-07
0.49137500000000001,0.009185791015625,0.0091767433289175193,9.0476867074806844e-06
0.49149999999999999,-0.001678466796875,-0.0016738065235636088,-4.660273311391178e-06
0.49162499999999998,-0.01226806640625,-0.012259836095432467,-8.2303108175328654e-06
0.49175000000000002,-0.020965576171875,-0.020977125153629574,1.1548981754573584e-05
0.49187500000000001,-0.026519775390625,-0.026506291555148439,-1.3483835476561096e-05
0.49199999999999999,-0.02801513671875,-0.028012480833810086,-2.6558849399137274e-06
0.49212499999999998,-0.0252685546875,-0.025271418584426084,2.8638969260842695e-06
0.49225000000000002,-0.018707275390625,-0.018702793819414074,-4.481571210926405e-06
0.49237500000000001,-0.009307861328125,-0.0093060059480993343,-1.8553800256657094e-06
0.49249999999999999,0.001495361328125,0.001491888643091271,3.4726850337289845e-06
0.49262499999999998,0.012054443359375,0.012052896671474536,1.5466879004638612e-06
0.49275000000000002,0.020782470703125,0.020776562758936631,5.9079441883692907e-06
0.49287500000000001,0.026336669921875,0.0263425069001453,-5.8369782703002193e-06
0.49299999999999999,0.027923583984375,0.02791027004232895,1.3313942046049715e-05
0.49312499999999998,0.025238037109375,0.02524622053049019,-8.1834211151897429e-06
0.49325000000000002,0.018768310546875,0.018758359449971226,9.951096903774298e-06
0.49337500000000001,0.009429931640625,0.0094338414251251956,-3.909784500195565e-06
0.49349999999999999,-0.001312255859375,-0.0013112223497295935,-1.0335096454064992e-06
0.49362499999999998,-0.0118408203125,-0.011846826566458121,6.0062539581212659e-06
0.49375000000000002,-0.02056884765625,-0.020576338847058041,7.491190808041337e-06
0.49387500000000001,-0.02618408203125,-0.026178461928849827,-5.6201024001729938e-06
0.49399999999999999,-0.027801513671875,-0.027807222997969765,5.709326094765349e-06
0.49412499999999998,-0.02520751953125,-0.02521972041931235,1.2200888062349757e-05
0.49425000000000002,-0.018798828125,-0.018812337841475114,1.3509716475113703e-05
0.49437500000000001,-0.009552001953125,-0.0095600281475734204,8.0261944484204262e-06
0.4945,0.001129150390625,0.0011320335595911223,-2.8831689661223091e-06
0.49462499999999998,0.011627197265625,0.011641856134560266,-1.4658868935266481e-05
0.49475000000000002,0.0203857421875,0.02037668767174736,9.0545157526399078e-06
0.49487500000000001,0.0260009765625,0.026014393665652859,-1.3417103152859461e-05
0.495,0.0277099609375,0.027703577947976961,6.3829895230391176e-06
0.49512499999999998,0.025177001953125,0.025192155989417993,-1.5154036292992779e-05
0.49525000000000002,0.01885986328125,0.018864964570993868,-5.1012897438681981e-06
0.49537500000000001,0.009674072265625,0.0096847982075860279,-1.0725941961027899e-05
0.4955,-0.000946044921875,-0.00095409445944372097,8.0495375687209729e-06
0.49562499999999998,-0.011444091796875,-0.011437761986098144,-6.3298107768564732e-06
0.49575000000000002,-0.020172119140625,-0.020177389740918716,5.2706002937157048e-06
0.49587500000000001,-0.025848388671875,-0.025850085399855154,1.6967279801542723e-06
0.496,-0.027587890625,-0.027599119426418794,1.1228801418794454e-05
0.49612499999999998,-0.025177001953125,-0.02516331129587519,-1.3690657249810362e-05
0.49625000000000002,-0.0189208984375,-0.018916021565147143,-4.8768723528574975e-06
0.49637500000000001,-0.009796142578125,-0.0098079300781329388,1.1787500007938781e-05
0.4965,0.000762939453125,0.0007776308304087065,-1.46913772837065e-05
0.49662499999999998,0.01123046875,0.011234774311097444,-4.3055610974441355e-06
0.49675000000000002,0.019989013671875,0.019978679139973834,1.0334531901166205e-05
0.49687500000000001,0.02569580078125,0.025685774008798734,1.0026772451265931e-05
0.497,0.027496337890625,0.027494085577060165,2.2523135648350179e-06
0.49712499999999998,0.025146484375,0.025133424032947604,1.306034205239559e-05
0.49725000000000003,0.018951416015625,0.018965744422607868,-1.4328406982868497e-05
0.49737500000000001,0.009918212890625,0.0099296559354517932,-1.1443044826793189e-05
0.4975,-0.0006103515625,-0.00060241472542294991,-7.9368370770500907e-06
0.49762499999999998,-0.01104736328125,-0.011032669556689339,-1.469372456066112e-05
0.49775000000000003,-0.019775390625,-0.019780336208997728,4.9455839977279037e-06
0.49787500000000001,-0.0255126953125,-0.025521242634797093,8.5473222970929019e-06
0.498,-0.027374267578125,-0.027388260830065184,1.3993251940184331e-05
0.49812499999999998,-0.025115966796875,-0.025102278210580808,-1.3688586294191563e-05
0.49825000000000003,-0.019012451171875,-0.019013915090436598,1.4639185615984707e-06
0.49837500000000001,-0.010040283203125,-0.010049754335370949,9.471132245949046e-06
0.4985,0.00042724609375,0.00042867179296635793,-1.4256992163579302e-06
0.49862499999999998,0.010833740234375,0.01083167775062889,2.0624837461097334e-06
0.49875000000000003,0.01959228515625,0.019582594866129344,9.6902901206563641e-06
0.49887500000000001,0.025360107421875,0.02535672800826317,3.3794136118300844e-06
0.499,0.02728271484375,0.027281883224877283,8.3161887271671064e-07
0.49912499999999999,0.025054931640625,0.025070111477088122,-1.5179836463121571e-05
0.49925000000000003,0.019073486328125,0.019060769186632676,1.2717141492323697e-05
0.49937500000000001,0.010162353515625,0.010168457535754355,-6.104020129354612e-06
0.4995,-0.000244140625,-0.00025617395452209179,1.2033329522091794e-05
0.49962499999999999,-0.0106201171875,-0.010631575178693542,1.1457991193541614e-05
0.49975000000000003,-0.019378662109375,-0.019385235284723527,6.5731753485266664e-06
0.49987500000000001,-0.025177001953125,-0.025192013124669496,1.501117154449616e-05
0.5,-0.02716064453125,-0.027174737086932649,1.4092555682649471e-05
0.50012500000000004,-0.0250244140625,-0.025036707795643171,1.2293733143171198e-05
0.50024999999999997,-0.01910400390625,-0.01910608867647608,2.0847702260802514e-06
0.50037500000000001,-0.010284423828125,-0.010285544172777633,1.1203446526331096e-06
0.50049999999999994,9.1552734375e-05,8.5146728270523938e-05,6.4060061044760616e-06
0.50062499999999999,0.01043701171875,0.010432591708254425,4.4200104955746666e-06
0.50075000000000003,0.019195556640625,0.019188491216726417,7.065423898583445e-06
0.50087499999999996,0.0250244140625,0.025027334567661076,-2.9205051610761701e-06
0.501,0.027069091796875,0.027067060350548924,2.0314463260763527e-06
0.50112500000000004,0.024993896484375,0.02500230476696225,-8.4082825872501543e-06
0.50124999999999997,0.0191650390625,0.019150109195050554,1.4929867449445938e-05
0.50137500000000002,0.010406494140625,0.010401246583430812,5.2475571941882487e-06
0.50149999999999995,9.1552734375e-05,8.4638093396628605e-05,6.9146409783713952e-06
0.50162499999999999,-0.010223388671875,-0.010234503465624805,1.1114793749805035e-05
0.50175000000000003,-0.01898193359375,-0.018992142669881112,1.0209076131112438e-05
0.50187499999999996,-0.024871826171875,-0.02486247518603444,-9.3509858405602109e-06
0.502,-0.026947021484375,-0.02695863723564693,1.1615751271929625e-05
0.50212500000000004,-0.02496337890625,-0.024966686305818515,3.3073995685146962e-06
0.50224999999999997,-0.019195556640625,-0.019192612723616234,-2.9439170087658395e-06
0.50237500000000002,-0.010528564453125,-0.010515343481799548,-1.3220971325451913e-05
0.50249999999999995,-0.000244140625,-0.00025295512021593564,8.8144952159356421e-06
0.50262499999999999,0.010040283203125,0.01003754015963281,2.7430434921902475e-06
0.50275000000000003,0.018798828125,0.018796423231068789,2.4048939312112938e-06
0.50287499999999996,0.024688720703125,0.024697671416855322,-8.9507137303219964e-06
0.503,0.02685546875,0.02684970557064895,5.7631793510502793e-06
0.50312500000000004,0.024932861328125,0.024930089963721543,2.7713644034574325e-06
0.50324999999999998,0.01922607421875,0.019233834912157861,-7.7606934078613965e-06
0.50337500000000002,0.0106201171875,0.010628067281522012,-7.950094022012022e-06
0.50349999999999995,0.00042724609375,0.00042003268656491384,7.2134071850861589e-06
0.50362499999999999,-0.00982666015625,-0.0098414777590223254,1.4817602772325411e-05
0.50375000000000003,-0.01861572265625,-0.018601112743518989,-1.460991273101106e-05
0.50387499999999996,-0.0245361328125,-0.02453270596244541,-3.426850054590036e-06
0.504,-0.0267333984375,-0.026740049469208976,6.6510317089756021e-06
0.50412500000000005,-0.02490234375,-0.024892299605452327,-1.0044144547673162e-05
0.50424999999999998,-0.019287109375,-0.019273557755747413,-1.3551619252587244e-05
0.50437500000000002,-0.0107421875,-0.010739196772127028,-2.9907278729715547e-06
0.50449999999999995,-0.000579833984375,-0.00058564552777912551,5.8115434041255054e-06
0.50462499999999999,0.0096435546875,0.0096465458159757048,-2.9911284757048323e-06
0.50475000000000003,0.018402099609375,0.018406444630194467,-4.345020819467027e-06
0.50487499999999996,0.02435302734375,0.024367815113509252,-1.4787769759251612e-05
0.505,0.026641845703125,0.026629906653120133,1.1939050004867308e-05
0.50512500000000005,0.02484130859375,0.024853552731753947,-1.2244138003946609e-05
0.50524999999999998,0.019317626953125,0.019312016917079237,5.6100360457632392e-06
0.50537500000000002,0.0108642578125,0.010848964441496189,1.5293371003810563e-05
0.50549999999999995,0.000762939453125,0.00075002210263691365,1.2917350488086347e-05
0.50562499999999999,-0.00946044921875,-0.0094525201435159308,-7.9290752340692439e-06
0.50575000000000003,-0.018218994140625,-0.018212198570966731,-6.7955696582688851e-06
0.50587499999999996,-0.024200439453125,-0.024202781426116319,2.3419729913189136e-06
0.50600000000000001,-0.026519775390625,-0.02651906112905332,-7.1426157167986393e-07
0.50612500000000005,-0.024810791015625,-0.024813633155855198,2.8421402301984089e-06
0.50624999999999998,-0.01934814453125,-0.019348994402874797,8.4987162479732703e-07
0.50637500000000002,-0.010955810546875,-0.010957149152157232,1.3386052822323552e-06
0.50649999999999995,-0.00091552734375,-0.00091293726972782542,-2.5900740221745802e-06
0.50662499999999999,0.009246826171875,0.0092596301390813276,-1.2803967206327649e-05
0.50675000000000003,0.01800537109375,0.018018607826005308,-1.3236732255308276e-05
0.50687499999999996,0.0240478515625,0.024037841044859259,1.0010517640740568e-05
0.50700000000000001,0.026397705078125,0.026407750511473,-1.0045433348000038e-05
0.50712500000000005,0.0247802734375,0.024772778326190563,7.4951113094370858e-06
0.50724999999999998,0.019378662109375,0.01938472588642531,-6.0637770503101096e-06
0.50737500000000002,0.011077880859375,0.011063983463802112,1.3897395572887508e-05
0.50749999999999995,0.001068115234375,0.0010746196099395884,-6.5043755645883845e-06
0.50762499999999999,-0.009063720703125,-0.0090676514618777924,3.9307587527924459e-06
0.50775000000000003,-0.017822265625,-0.017825451912997062,3.1862879970624702e-06
0.50787499999999997,-0.02386474609375,-0.023872776379821083,8.0302860710826374e-06
0.50800000000000001,-0.02630615234375,-0.026295758699385843,-1.0393644364156684e-05
0.50812500000000005,-0.02471923828125,-0.024730772002932437,1.1533721682437104e-05
0.50824999999999998,-0.0194091796875,-0.019418993383966895,9.8136964668954496e-06
0.50837500000000002,-0.01116943359375,-0.01116924630958567,-1.8728416432967077e-07
0.50849999999999995,-0.001220703125,-0.0012348441027746594,1.4140977774659358e-05
0.50862499999999999,0.008880615234375,0.0088768133564545611,3.8018779204389286e-06
0.50875000000000004,0.01763916015625,0.017632963930500314,6.1962257496862849e-06
0.50887499999999997,0.023712158203125,0.023707823429740215,4.3347733847849679e-06
0.50900000000000001,0.02618408203125,0.026183323199263787,7.5883198621257142e-07
0.50912500000000005,0.024688720703125,0.024687851580700842,8.6912242415818075e-07
0.50924999999999998,0.019439697265625,0.019452032577268581,-1.2335311643581204e-05
0.50937500000000002,0.011260986328125,0.011273170318600027,-1.2183990475027329e-05
0.50949999999999995,0.00140380859375,0.0013938394488941955,9.969144855804515e-06
0.50962499999999999,-0.008697509765625,-0.0086868913301080385,-1.0618435516961469e-05
0.50975000000000004,-0.0174560546875,-0.017440923235168302,-1.5131452331697964e-05
0.50987499999999997,-0.023529052734375,-0.023542764459007111,1.3711724632110844e-05
0.51000000000000001,-0.02606201171875,-0.026070227801800901,8.2160830509013516e-06
0.51012500000000005,-0.024658203125,-0.024643800765123704,-1.4402359876295595e-05
0.51024999999999998,-0.01947021484375,-0.019483625490014922,1.3410646264921944e-05
0.51037500000000002,-0.011383056640625,-0.011375534492228275,-7.5221483967248537e-06
0.51049999999999995,-0.001556396484375,-0.0015513807464369619,-5.0157379380380736e-06
0.510625,0.00848388671875,0.0084981144764076904,-1.4227757657690396e-05
0.51075000000000004,0.017242431640625,0.01724956276514715,-7.1311245221500341e-06
0.51087499999999997,0.02337646484375,0.023377835320813601,-1.3704770636009667e-06
0.51100000000000001,0.025970458984375,0.025956709904847275,1.3749079527725083e-05
0.51112500000000005,0.02459716796875,0.024598856895555014,-1.688926805014368e-06
0.51124999999999998,0.019500732421875,0.019514007810365615,-1.327538849061477e-05
0.51137500000000002,0.011474609375,0.011476571526624218,-1.9621516242178394e-06
0.51149999999999995,0.001708984375,0.0017076968135122641,1.287561487735853e-06
0.511625,-0.00830078125,-0.0083102581526007489,9.4769026007489321e-06
0.51175000000000004,-0.017059326171875,-0.017058661717263768,-6.6445461123151861e-07
0.51187499999999997,-0.023223876953125,-0.023212818134156137,-1.1058818968862766e-05
0.51200000000000001,-0.025848388671875,-0.025842553190171948,-5.8354817030516204e-06
0.51212500000000005,-0.024566650390625,-0.024552803621625988,-1.3846768999011688e-05
0.51224999999999998,-0.01953125,-0.01954296156738226,1.1711567382260285e-05
0.51237500000000002,-0.011566162109375,-0.011576060489023441,9.8983796484406611e-06
0.51249999999999996,-0.001861572265625,-0.0018625628645752613,9.9059895026132501e-07
0.512625,0.00811767578125,0.0081235513031892824,-5.8755219392823965e-06
0.51275000000000004,0.016876220703125,0.016868452870427736,7.7678326972641099e-06
0.51287499999999997,0.023040771484375,0.023047948607014975,-7.1771226399751364e-06
0.51300000000000001,0.025726318359375,0.025727994946404962,-1.6765870299619012e-06
0.51312500000000005,0.024505615234375,0.024505878225989965,-2.6299161496462498e-07
0.51324999999999998,0.019561767578125,0.019570722453595417,-8.9548754704169009e-06
0.51337500000000003,0.011688232421875,0.011674234140277131,1.3998281597869464e-05
0.51349999999999996,0.00201416015625,0.0020162078329223946,-2.0476766723945793e-06
0.513625,-0.0079345703125,-0.0079377691372851129,3.1988247851128665e-06
0.51375000000000004,-0.016693115234375,-0.016678715262863124,-1.4399971511876164e-05
0.51387499999999997,-0.02288818359375,-0.02288300871334099,-5.1748804090097356e-06
0.51400000000000001,-0.025604248046875,-0.025612818745811894,8.5706989368938835e-06
0.51412500000000005,-0.024444580078125,-0.024457864300881933,1.328422275693325e-05
0.51424999999999998,-0.01959228515625,-0.019597072501404161,4.7873451541613488e-06
0.51437500000000003,-0.01177978515625,-0.011770871611168566,-8.9135450814341322e-06
0.51449999999999996,-0.002166748046875,-0.0021684070470164903,1.6590001414903272e-06
0.514625,0.00775146484375,0.007753140452187576,-1.6756084375759567e-06
0.51475000000000004,0.0164794921875,0.016489681515474329,-1.0189327974328977e-05
0.51487499999999997,0.022705078125,0.02271823401624121,-1.315589124121011e-05
0.51500000000000001,0.025482177734375,0.02549726176724091,-1.5084032865909924e-05
0.51512500000000006,0.0244140625,0.024408999070855447,5.0634291445528223e-06
0.51524999999999999,0.019622802734375,0.019622247405686036,5.5532868896424059e-07
0.51537500000000003,0.011871337890625,0.011866205724905359,5.132165719640841e-06
0.51549999999999996,0.0023193359375,0.0023193895530380084,-5.3615538008443264e-08
0.515625,-0.007568359375,-0.0075694403107891646,1.0809357891645652e-06
0.51575000000000004,-0.01629638671875,-0.016301130509081684,4.7437903316835395e-06
0.51587499999999997,-0.022552490234375,-0.022553406344995908,9.1611062090837803e-07
0.51600000000000001,-0.025390625,-0.025381107472905225,-9.5175270947746304e-06
0.51612499999999994,-0.02435302734375,-0.02435906606937098,6.0387256209798457e-06
0.51624999999999999,-0.0196533203125,-0.019646029200204123,-7.2911122958770058e-06
0.51637500000000003,-0.011962890625,-0.011960015673489087,-2.8749515109133955e-06
0.51649999999999996,-0.002471923828125,-0.0024689307912127774,-2.9930369122225901e-06
0.516625,0.00738525390625,0.0073868973651036295,-1.6434588536295286e-06
0.51675000000000004,0.01611328125,0.016113294707831193,-1.3457831193192105e-08
0.51687499999999997,0.02239990234375,0.022388761118226932,1.1141225523068204e-05
0.51700000000000002,0.0252685546875,0.02526459293134261,3.961756157390417e-06
0.51712499999999995,0.024322509765625,0.024308302461525752,1.4207304099247975e-05
0.51724999999999999,0.019683837890625,0.019668653580190869,1.518431043413121e-05
0.51737500000000003,0.012054443359375,0.012052534340213,1.9090191619997032e-06
0.51749999999999996,0.00262451171875,0.002617259918313848,7.2518004361520408e-06
0.517625,-0.0072021484375,-0.0072052865336721412,3.1380961721411832e-06
0.51775000000000004,-0.01593017578125,-0.015925952836393701,-4.2229448562990102e-06
0.51787499999999997,-0.022216796875,-0.022224080020920935,7.2831459209353466e-06
0.51800000000000002,-0.025146484375,-0.025147501494201752,1.0171192017516262e-06
0.51812499999999995,-0.024261474609375,-0.02425649172066071,-4.9828887142902567e-06
0.51824999999999999,-0.019683837890625,-0.019689902578796874,6.0646881718737222e-06
0.51837500000000003,-0.01214599609375,-0.012143540975991138,-2.455117758861855e-06
0.51849999999999996,-0.002777099609375,-0.0027641524840444692,-1.2947125330530808e-05
0.518625,0.00701904296875,0.0070248363251416536,-5.7933563916536326e-06
0.51875000000000004,0.0157470703125,0.015739337203378275,7.733109121724896e-06
0.51887499999999998,0.022064208984375,0.022059598327628466,4.6106567465342696e-06
0.51900000000000002,0.0250244140625,0.025030070119209508,-5.6560567095083336e-06
0.51912499999999995,0.024200439453125,0.024203870951099497,-3.4314979744966279e-06
0.51924999999999999,0.01971435546875,0.019710011889682195,4.3435790678045261e-06
0.51937500000000003,0.012237548828125,0.012233268521908229,4.280306216771293e-06
0.51949999999999996,0.002899169921875,0.0029098377535426729,-1.0667831667672892e-05
0.519625,-0.0068359375,-0.0068453215156215131,9.3840156215130657e-06
0.51975000000000005,-0.01556396484375,-0.015553226378575168,-1.0738465174832401e-05
0.51987499999999998,-0.021881103515625,-0.021895097579469128,1.3994063844127713e-05
0.52000000000000002,-0.02490234375,-0.024912082046970593,9.7382969705926692e-06
0.52012499999999995,-0.024139404296875,-0.024150223564753194,1.0819267878194039e-05
0.52024999999999999,-0.01971435546875,-0.019728763543440161,1.4408074690160783e-05
0.52037500000000003,-0.0123291015625,-0.012321496285554297,-7.6052769457032876e-06
0.52049999999999996,-0.0030517578125,-0.0030540913837157038,2.3335712157038398e-06
0.520625,0.00665283203125,0.0066669704722621898,-1.4138441012189785e-05
0.52075000000000005,0.015380859375,0.015367852516332466,1.300685866753408e-05
0.52087499999999998,0.021728515625,0.021730812907336663,-2.2972823366627926e-06
0.52100000000000002,0.0247802734375,0.024793774123937521,-1.3500686437521031e-05
0.52112499999999995,0.02410888671875,0.024095786603883125,1.3100114866874957e-05
0.52124999999999999,0.019744873046875,0.019746393230229253,-1.5201833542533016e-06
0.52137500000000003,0.012420654296875,0.012408457263535148,1.2197033339851962e-05
0.52149999999999996,0.003204345703125,0.0031971427457992431,7.2029573257568515e-06
0.52162500000000001,-0.006500244140625,-0.0064895578306616948,-1.0686309963305225e-05
0.52175000000000005,-0.01519775390625,-0.015182994032802512,-1.4759873447487554e-05
0.52187499999999998,-0.021575927734375,-0.02156652570893525,-9.4020254397496339e-06
0.52200000000000002,-0.024688720703125,-0.024674929479217966,-1.3791223907034383e-05
0.52212499999999995,-0.0240478515625,-0.024040343417696407,-7.508144803592548e-06
0.52224999999999999,-0.019775390625,-0.019762682976204288,-1.270764879571229e-05
0.52237500000000003,-0.012481689453125,-0.012493930817858158,1.2241364733158247e-05
0.52249999999999996,-0.003326416015625,-0.0033387676016946788,1.2351586069678754e-05
0.52262500000000001,0.006317138671875,0.006313311818394899,3.8268534801010057e-06
0.52275000000000005,0.014984130859375,0.014998882929362285,-1.4752069987284885e-05
0.52287499999999998,0.021392822265625,0.021402470971965768,-9.6487063407681151e-06
0.52300000000000002,0.024566650390625,0.02455578484755876,1.0865543066240074e-05
0.52312499999999995,0.02398681640625,0.023984130985131472,2.6854211185277366e-06
0.52324999999999999,0.019775390625,0.019777868466124487,-2.4778411244867626e-06
0.52337500000000003,0.0125732421875,0.012578149998448319,-4.9078109483190885e-06
0.52349999999999997,0.00347900390625,0.0034791954264806147,-1.9152023061474316e-07
0.52362500000000001,-0.006134033203125,-0.0061380069324201434,3.9737292951433703e-06
0.52375000000000005,-0.014801025390625,-0.014815297469822771,1.4272079197770807e-05
0.52387499999999998,-0.021240234375,-0.021238429951167953,-1.8044238320469308e-06
0.52400000000000002,-0.024444580078125,-0.02443612324615491,-8.4568319700904782e-06
0.52412499999999995,-0.02392578125,-0.023926932591461666,1.1513414616658169e-06
0.52424999999999999,-0.019805908203125,-0.019791731719824054,-1.4176483300945564e-05
0.52437500000000004,-0.012664794921875,-0.012660894219495672,-3.9007023793277001e-06
0.52449999999999997,-0.003631591796875,-0.0036182020848041655,-1.3389712070834524e-05
0.52462500000000001,0.005950927734375,0.0059638712626578789,-1.2943528282878883e-05
0.52475000000000005,0.014617919921875,0.014632469503852609,-1.4549581977609319e-05
0.52487499999999998,0.021087646484375,0.021074637491538085,1.3008992836915229e-05
0.52500000000000002,0.024322509765625,0.024316181297641147,6.3284679838529478e-06
0.52512499999999995,0.02386474609375,0.023868985151076091,-4.2390573260914222e-06
0.52524999999999999,0.019805908203125,0.019804508414827619,1.3997882973813824e-06
0.52537500000000004,0.01275634765625,0.012742396582021552,1.3951074228447935e-05
0.52549999999999997,0.003753662109375,0.0037560171533954265,-2.3550440204265187e-06
0.52562500000000001,-0.00579833984375,-0.0057906791693480451,-7.6606744019548992e-06
0.52575000000000005,-0.01446533203125,-0.014450177144231125,-1.515488701887488e-05
0.52587499999999998,-0.020904541015625,-0.020910874705351634,6.333689726634173e-06
0.52600000000000002,-0.024200439453125,-0.024195741906915629,-4.6975462093708231e-06
0.52612499999999995,-0.0238037109375,-0.023810071884104691,6.3609466046908592e-06
0.52625,-0.019805908203125,-0.019815980562798069,1.0072359673068965e-05
0.52637500000000004,-0.0128173828125,-0.012822436550231651,5.0537377316514642e-06
0.52649999999999997,-0.00390625,-0.0038924165974118848,-1.3833402588115176e-05
0.52662500000000001,0.005615234375,0.0056186586066287493,-3.4242316287493024e-06
0.52675000000000005,0.0142822265625,0.014268652090234637,1.3574472265362805e-05
0.52687499999999998,0.020751953125,0.020747376295386619,4.5768296133806563e-06
0.52700000000000002,0.024078369140625,0.024075041584132199,3.3275564928006429e-06
0.52712499999999995,0.02374267578125,0.023750429639207028,-7.7538579570275712e-06
0.52725,0.01983642578125,0.019826383832190205,1.0041949059794858e-05
0.52737500000000004,0.012908935546875,0.012901247274044922,7.6882728300784603e-06
0.52749999999999997,0.0040283203125,0.0040276300930062936,6.902194937064357e-07
0.52762500000000001,-0.005462646484375,-0.0054475837999424662,-1.50626844325338e-05
0.52775000000000005,-0.01409912109375,-0.014087672304892603,-1.144878885739678e-05
0.52787499999999998,-0.02056884765625,-0.020583923231978052,1.5075575728051849e-05
0.52800000000000002,-0.023956298828125,-0.023953863121531457,-2.4357065935426414e-06
0.52812499999999996,-0.023681640625,-0.023689841570193725,8.2009451937252453e-06
0.52825,-0.01983642578125,-0.019835500224705951,-9.255565440492719e-07
0.52837500000000004,-0.012969970703125,-0.012978608265495887,8.6375623708865451e-06
0.52849999999999997,-0.004150390625,-0.0041614337036741363,1.1043078674136293e-05
0.52862500000000001,0.005279541015625,0.0052776825695656608,1.8584460593391861e-06
0.52875000000000005,0.013916015625,0.013907469338417447,8.5462865825527284e-06
0.52887499999999998,0.020416259765625,0.020420750076221073,-4.490310596072522e-06
0.52900000000000003,0.023834228515625,0.023832442916448437,1.7855991765632073e-06
0.52912499999999996,0.02362060546875,0.023628544458835513,-7.9389900855125761e-06
0.52925,0.01983642578125,0.019843565397926345,-7.1396166763451618e-06
0.52937500000000004,0.0130615234375,0.013054752721269207,6.7707162307931168e-06
0.52949999999999997,0.004302978515625,0.004294057202775467,8.9213128495330141e-06
0.52962500000000001,-0.005096435546875,-0.0051087290080148754,1.2293461139875443e-05
0.52975000000000005,-0.01373291015625,-0.013727821005418613,-5.0891508313870987e-06
0.52987499999999998,-0.020263671875,-0.020257637657030848,-6.0342179691516562e-06
0.53000000000000003,-0.023712158203125,-0.023710563648143352,-1.5945549816480387e-06
0.53012499999999996,-0.0235595703125,-0.023566321391492558,6.751078992558307e-06
0.53025,-0.01983642578125,-0.019850361341803829,1.3935560553828691e-05
0.53037500000000004,-0.01312255859375,-0.013129460199065695,6.9016053156952667e-06
0.53049999999999997,-0.004425048828125,-0.004425276749935151,2.2792181015099389e-07
0.53062500000000001,0.00494384765625,0.0049409508036246785,2.896852625321536e-06
0.53075000000000006,0.0135498046875,0.013548958708357864,8.4597914213647984e-07
0.53087499999999999,0.02008056640625,0.020094820394377846,-1.4253988127845701e-05
0.53100000000000003,0.023590087890625,0.023588461600816492,1.6262898085081523e-06
0.53112499999999996,0.02349853515625,0.023503409081920761,-4.8739256707612533e-06
0.53125,0.019866943359375,0.019856123701301534,1.0819658073465965e-05
0.53137500000000004,0.013214111328125,0.013202963940189728,1.1147387935271993e-05
0.53149999999999997,0.004547119140625,0.0045553222135678506,-8.2030729428505741e-06
0.53162500000000001,-0.0047607421875,-0.0047741219179048911,1.3379730404891078e-05
0.53174999999999994,-0.01336669921875,-0.013370660114757137,3.96089600713731e-06
0.53187499999999999,-0.019927978515625,-0.019932078976326834,4.1004607018342576e-06
0.53200000000000003,-0.023468017578125,-0.023465919340455079,-2.0982376699209271e-06
0.53212499999999996,-0.0234375,-0.023439590547920212,2.0905479202124044e-06
0.53225,-0.019866943359375,-0.019860634452864987,-6.308906510012896e-06
0.53237500000000004,-0.013275146484375,-0.013275043545898176,-1.0293847682411872e-07
0.53249999999999997,-0.004669189453125,-0.0046839698472330724,1.4780394108072394e-05
0.53262500000000002,0.004608154296875,0.0046084699091182985,-3.1561224329845761e-07
0.53274999999999995,0.01318359375,0.013193156480674697,-9.5627306746972479e-06
0.53287499999999999,0.019775390625,0.019769647682277462,5.7429427225384744e-06
0.53300000000000003,0.023345947265625,0.023343173037846839,2.7742277781614422e-06
0.53312499999999996,0.02337646484375,0.023375102434149274,1.3624096007261444e-06
0.53325,0.019866943359375,0.019864129227097346,2.8141322776543964e-06
0.53337500000000004,0.013336181640625,0.013345932299993517,-9.7506593685174614e-06
0.53349999999999997,0.00482177734375,0.0048114496122122867,1.0327731537713297e-05
0.53362500000000002,-0.00445556640625,-0.0044437686096856343,-1.1797796564365706e-05
0.53374999999999995,-0.013031005859375,-0.013016225327897639,-1.4780531477361081e-05
0.53387499999999999,-0.01959228515625,-0.019607307060035672,1.5021903785671781e-05
0.53400000000000003,-0.023223876953125,-0.023220005145433983,-3.8718076910172761e-06
0.53412499999999996,-0.0233154296875,-0.023309727688771226,-5.7019987287736107e-06
0.53425,-0.019866943359375,-0.019866389985238372,-5.5337413662828738e-07
0.53437500000000004,-0.013427734375,-0.013415409845201778,-1.2324529798221975e-05
0.53449999999999998,-0.00494384765625,-0.0049375378538672222,-6.3098023827777572e-06
0.53462500000000002,0.0042724609375,0.0042802454497146859,-7.7845122146858597e-06
0.53474999999999995,0.012847900390625,0.012840097767398161,7.8026232268393891e-06
0.53487499999999999,0.019439697265625,0.019445291249032718,-5.5939834077180228e-06
0.53500000000000003,0.023101806640625,0.023096651720343472,5.1549202815283357e-06
0.53512499999999996,0.02325439453125,0.023243702886286379,1.0691644963620878e-05
0.53525,0.019866943359375,0.019867652341820141,-7.0898244514117081e-07
0.53537500000000005,0.01348876953125,0.013483709505726409,5.0600255235913605e-06
0.53549999999999998,0.00506591796875,0.005062464624172632,3.4533445773679908e-06
0.53562500000000002,-0.004119873046875,-0.0041176741344049117,-2.1989124700883336e-06
0.53574999999999995,-0.012664794921875,-0.012664551176596379,-2.4374527862053297e-07
0.53587499999999999,-0.019287109375,-0.019283380657401705,-3.7287175982947396e-06
0.53600000000000003,-0.022979736328125,-0.022972895101237577,-6.8412268874225302e-06
0.53612499999999996,-0.023162841796875,-0.023176810904186357,1.396910731135681e-05
0.53625,-0.019866943359375,-0.019867698241180801,7.5488180580063347e-07
0.53637500000000005,-0.0135498046875,-0.01355061096367291,8.0627617290995879e-07
0.53649999999999998,-0.00518798828125,-0.0051860063581260557,-1.9819231239443305e-06
0.53662500000000002,0.00396728515625,0.0039562819676237388,1.1003188626261193e-05
0.53674999999999995,0.012481689453125,0.012489816522760471,-8.1270696354711347e-06
0.53687499999999999,0.019134521484375,0.019121809285229326,1.2712199145673703e-05
0.53700000000000003,0.022857666015625,0.02284897123135695,8.694784268049871e-06
0.53712499999999996,0.023101806640625,0.0231092882457853,-7.4816051603004974e-06
0.53725000000000001,0.019866943359375,0.019866763280127511,1.8007924748944526e-07
0.53737500000000005,0.01361083984375,0.013616347581608425,-5.5077378584254821e-06
0.53749999999999998,0.00531005859375,0.0053083931962839481,1.6653974660519114e-06
0.53762500000000002,-0.0037841796875,-0.003795842529262843,1.166284176284298e-05
0.53774999999999995,-0.0123291015625,-0.012315671040276484,-1.3430522223516206e-05
0.53787499999999999,-0.018951416015625,-0.018960357401610183,8.9413859851832089e-06
0.53800000000000003,-0.022735595703125,-0.022724662335378013,-1.0933367746986805e-05
0.53812499999999996,-0.023040771484375,-0.023040917716891055,1.4623251605450083e-07
0.53825000000000001,-0.019866943359375,-0.019864629384431742,-2.3139749432583845e-06
0.53837500000000005,-0.013671875,-0.013680699078952811,8.8240789528105934e-06
0.53849999999999998,-0.00543212890625,-0.0054294016611279236,-2.7272451220763938e-06
0.53862500000000002,0.003631591796875,0.0036365829988139167,-4.9912019389167402e-06
0.53874999999999995,0.01214599609375,0.012142345554091572,3.6505396584281952e-06
0.53887499999999999,0.018798828125,0.018799258867903533,-4.3074290353301015e-07
0.53900000000000003,0.022613525390625,0.022600204242457463,1.3321148167537433e-05
0.53912499999999997,0.022979736328125,0.022971935748643958,7.8005794810417917e-06
0.53925000000000001,0.019866943359375,0.019861532131525847,5.4112278491530441e-06
0.53937500000000005,0.01373291015625,0.013743898854583941,-1.0988698333940991e-05
0.53949999999999998,0.00555419921875,0.0055492619796516877,4.9372390983123265e-06
0.53962500000000002,-0.00347900390625,-0.0034782768327716214,-7.2707347837860925e-07
0.53974999999999995,-0.011962890625,-0.011969617156945524,6.7265319455243888e-06
0.53987499999999999,-0.018646240234375,-0.018638293814820517,-7.9464195544831639e-06
0.54000000000000004,-0.0224609375,-0.022475379063108484,1.4441563108483907e-05
0.54012499999999997,-0.02288818359375,-0.022902125074188009,1.3941480438008774e-05
0.54025000000000001,-0.019866943359375,-0.019857253427005596,-9.6899323694041306e-06
0.54037500000000005,-0.0137939453125,-0.013805726663234557,1.178135073455662e-05
0.54049999999999998,-0.00567626953125,-0.0056677507597307211,-8.5187715192789129e-06
0.54062500000000002,0.003326416015625,0.0033211510881560637,5.2649274689363368e-06
0.54074999999999995,0.011810302734375,0.011797716532816338,1.2586201558662316e-05
0.54087499999999999,0.018463134765625,0.018477695965658094,-1.4561200033093996e-05
0.54100000000000004,0.0223388671875,0.022350422512241494,-1.1555324741494011e-05
0.54112499999999997,0.0228271484375,0.02283172205152538,-4.573614025379924e-06
0.54125000000000001,0.019866943359375,0.01985202882730925,1.4914532065750385e-05
0.54137500000000005,0.01385498046875,0.013866415938065008,-1.1435469315007607e-05
0.54149999999999998,0.00579833984375,0.00578509831266656,1.324153108344002e-05
0.54162500000000002,-0.003173828125,-0.0031649790999410893,-8.8490250589106853e-06
0.54174999999999995,-0.011627197265625,-0.011626420634194645,-7.7663143035512638e-07
0.541875,-0.018310546875,-0.018317245313391146,6.6984383911457279e-06
0.54200000000000004,-0.022216796875,-0.022225116586047044,8.3197110470438485e-06
0.54212499999999997,-0.02276611328125,-0.022760509340195138,-5.6039410548623658e-06
0.54225000000000001,-0.01983642578125,-0.019845640216252632,9.2144350026315824e-06
0.54237500000000005,-0.013916015625,-0.013925746467104816,9.7308421048158955e-06
0.54249999999999998,-0.005889892578125,-0.0059010813296065988,1.118875148159882e-05
0.54262500000000002,0.003021240234375,0.0030099878045760755,1.1252429798924539e-05
0.54274999999999995,0.011444091796875,0.011455960005490857,-1.1868208615857176e-05
0.542875,0.018157958984375,0.018157175443939501,7.8354043549916375e-07
0.54300000000000004,0.0220947265625,0.022099696885054882,-4.970322554882084e-06
0.54312499999999997,0.022674560546875,0.022688723224128571,-1.4162677253570788e-05
0.54325000000000001,0.01983642578125,0.019838323127715416,-1.8973464654160888e-06
0.54337500000000005,0.01397705078125,0.013983951715831246,-6.9009345812463818e-06
0.54349999999999998,0.006011962890625,0.0060159302040918997,-3.9673134668996926e-06
0.54362500000000002,-0.00286865234375,-0.0028559504173872549,-1.2701926362745138e-05
0.54374999999999996,-0.01129150390625,-0.011286111460311755,-5.3924459382445611e-06
0.543875,-0.01800537109375,-0.017997266213236718,-8.1048805132821755e-06
0.54400000000000004,-0.02197265625,-0.021973945291012223,1.2890410122229357e-06
0.54412499999999997,-0.022613525390625,-0.022616146288342576,2.6208977175756765e-06
0.54425000000000001,-0.01983642578125,-0.019829859422159684,-6.5663590903160263e-06
0.54437500000000005,-0.0140380859375,-0.014040811503579304,2.7255660793035208e-06
0.54449999999999998,-0.006134033203125,-0.0061294217084351885,-4.611494689811535e-06
0.54462500000000003,0.002716064453125,0.0027030937561504818,1.2970696974518199e-05
0.54474999999999996,0.0111083984375,0.011117105404910345,-8.706967410345226e-06
0.544875,0.017852783203125,0.01783775107050176,1.5032132623240407e-05
0.54500000000000004,0.0218505859375,0.021848097289949318,2.4886475506816219e-06
0.54512499999999997,0.022552490234375,0.022543014741802436,9.4754925725644423e-06
0.54525000000000001,0.019805908203125,0.019820484609350195,-1.4576406225194627e-05
0.54537500000000005,0.01409912109375,0.014096559326164076,2.5617675859235245e-06
0.54549999999999998,0.006256103515625,0.006241786316318102,1.4317199306898044e-05
0.54562500000000003,-0.0025634765625,-0.0025511909184449473,-1.228564405505268e-05
0.54574999999999996,-0.010955810546875,-0.010948718515423873,-7.0920314511266347e-06
0.545875,-0.017669677734375,-0.017678409735341103,8.7320009661030762e-06
0.54600000000000004,-0.021728515625,-0.021721934649076648,-6.5809759233516341e-06
0.54612499999999997,-0.0224609375,-0.022469111094116812,8.1735941168115112e-06
0.54625000000000001,-0.019805908203125,-0.019809980524867501,4.0723217425014946e-06
0.54637500000000006,-0.01416015625,-0.014150975032296552,-9.1812177034477499e-06
0.54649999999999999,-0.00634765625,-0.0063528008791727949,5.144629172794922e-06
0.54662500000000003,0.002410888671875,0.002400468605225063,1.0420066649937006e-05
0.54674999999999996,0.010772705078125,0.010781181061325687,-8.4759832006866404e-06
0.546875,0.01751708984375,0.017519475520993262,-2.3856772432620521e-06
0.54700000000000004,0.0216064453125,0.021595692739844952,1.0752572655047671e-05
0.54712499999999997,0.02239990234375,0.022394671478414202,5.230865335797974e-06
0.54725000000000001,0.019805908203125,0.019798582652835312,7.3255502896878155e-06
0.54737499999999994,0.014190673828125,0.014204292146179355,-1.3618318054355386e-05
0.54749999999999999,0.0064697265625,0.0064626959487382252,7.0306137617747941e-06
0.54762500000000003,-0.00225830078125,-0.0022506997982193575,-7.6009830306425323e-06
0.54774999999999996,-0.0106201171875,-0.010614269582705766,-5.8476047942335879e-06
0.547875,-0.017364501953125,-0.017360728011451589,-3.7739416734114406e-06
0.54800000000000004,-0.021484375,-0.021469153214848796,-1.5221785151203759e-05
0.54812499999999997,-0.022308349609375,-0.022319478328045216,1.1128718670216226e-05
0.54825000000000002,-0.019775390625,-0.019786072802453845,1.0682177453844727e-05
0.54837499999999995,-0.014251708984375,-0.01425629054395341,4.5815595784096802e-06
0.54849999999999999,-0.006561279296875,-0.0065712484534905203,9.969156615520329e-06
0.54862500000000003,0.002105712890625,0.0021021110834550322,3.6018071699677953e-06
0.54874999999999996,0.01043701171875,0.010448214213683875,-1.1202494933875221e-05
0.548875,0.0172119140625,0.017202400384713261,9.5136777867391165e-06
0.54900000000000004,0.021331787109375,0.021342551330906102,-1.0764221531102403e-05
0.54912499999999997,0.022247314453125,0.022243767699461479,3.5467536635205854e-06
0.54925000000000002,0.019775390625,0.019772686430709695,2.7041942903052729e-06
0.54937499999999995,0.014312744140625,0.014307203776299793,5.5403643252072143e-06
0.54949999999999999,0.006683349609375,0.0066786890212029324,4.6605881720675549e-06
0.54962500000000003,-0.001953125,-0.0019544753286558684,1.3503286558683679e-06
0.54974999999999996,-0.010284423828125,-0.010282791359691941,-1.6324684330593781e-06
0.549875,-0.017059326171875,-0.017044272089890466,-1.5054081984534201e-05
0.55000000000000004,-0.021209716796875,-0.021215668625953747,5.951829078747195e-06
0.55012499999999998,-0.02215576171875,-0.022167321948931017,1.1560230181017345e-05
0.55025000000000002,-0.019744873046875,-0.01975820531894119,1.3332272066190337e-05
0.55037499999999995,-0.01434326171875,-0.014356811744895993,1.3550026145992683e-05
0.55049999999999999,-0.00677490234375,-0.006784794655340912,9.8923115909119869e-06
0.55062500000000003,0.001800537109375,0.0018080190068063379,-7.4818974313379475e-06
0.55074999999999996,0.0101318359375,0.010118231020925005,1.3604916574995116e-05
0.550875,0.016876220703125,0.016886576170492957,-1.0355467367956922e-05
0.55100000000000005,0.021087646484375,0.021088740242140989,-1.0937577659894671e-06
0.55112499999999998,0.0220947265625,0.022090377055422508,4.349507077491821e-06
0.55125000000000002,0.019744873046875,0.019742864895543652,2.0081513313480182e-06
0.55137499999999995,0.014404296875,0.014405348025008391,-1.0511500083913022e-06
0.55149999999999999,0.00689697265625,0.0068897960576508651,7.1765985991349007e-06
0.55162500000000003,-0.00164794921875,-0.0016625148735226664,1.4565654772666446e-05
0.55174999999999996,-0.00994873046875,-0.00995430946960278,5.57900085278e-06
0.551875,-0.0167236328125,-0.016729091941527552,5.4591290275518567e-06
0.55200000000000005,-0.020965576171875,-0.020961547602729759,-4.0285691452410233e-06
0.55212499999999998,-0.022003173828125,-0.022012715297326225,9.5414692012248115e-06
0.55225000000000002,-0.01971435546875,-0.019726446912544025,1.2091443794024631e-05
0.55237499999999995,-0.01446533203125,-0.014452592541950969,-1.2739489299031306e-05
0.55249999999999999,-0.006988525390625,-0.0069934703045830826,4.9449139580826085e-06
0.55262500000000003,0.00152587890625,0.0015181892905956136,7.6896156543863718e-06
0.55274999999999996,0.009796142578125,0.0097912565733998171,4.8860047251828714e-06
0.55287500000000001,0.016571044921875,0.016572052312771944,-1.0073908969440715e-06
0.55300000000000005,0.020843505859375,0.020834325735194739,9.180124180260818e-06
0.55312499999999998,0.021942138671875,0.021934572575349844,7.5660965251564405e-06
0.55325000000000002,0.01971435546875,0.019709186768314089,5.1687004359105004e-06
0.55337499999999995,0.014495849609375,0.014498778893714932,-2.929284339932281e-06
0.55349999999999999,0.007110595703125,0.0070960481698412138,1.4547533283786225e-05
0.55362500000000003,-0.001373291015625,-0.0013748149033805633,1.5238877555633079e-06
0.55374999999999996,-0.0096435546875,-0.0096288484727491217,-1.4706214750878285e-05
0.55387500000000001,-0.01641845703125,-0.016415236465891388,-3.2205653586123151e-06
0.55400000000000005,-0.020721435546875,-0.02070685594813124,-1.4579598743760108e-05
0.55412499999999998,-0.0218505859375,-0.021855731089244147,5.1451517441465644e-06
0.55425000000000002,-0.019683837890625,-0.01969086618414962,7.028293524620477e-06
0.55437499999999995,-0.014556884765625,-0.014543687027413836,-1.3197738211163587e-05
0.55449999999999999,-0.0072021484375,-0.0071973068008284354,-4.8416366715646475e-06
0.55462500000000003,0.001220703125,0.0012326179643638543,-1.1914839363854268e-05
0.55474999999999997,0.00946044921875,0.0094673149042559107,-6.8656855059107125e-06
0.55487500000000001,0.016265869140625,0.016258877177733274,6.9919628917260168e-06
0.55500000000000005,0.02056884765625,0.020579373154353802,-1.0525498103802072e-05
0.55512499999999998,0.02178955078125,0.02177642666070484,1.3124120545160434e-05
0.55525000000000002,0.019683837890625,0.019671720527002362,1.2117363622637933e-05
0.55537499999999995,0.01458740234375,0.014587550561900873,-1.4821815087252832e-07
0.55549999999999999,0.007293701171875,0.0072974770412200362,-3.7758693450361952e-06
0.55562500000000004,-0.0010986328125,-0.0010913710105113943,-7.2618019886056765e-06
0.55574999999999997,-0.009307861328125,-0.0093064318779847964,-1.4294501402035975e-06
0.55587500000000001,-0.01611328125,-0.016102753497421782,-1.0527752578218252e-05
0.55600000000000005,-0.02044677734375,-0.020451658547826202,4.8812040762021003e-06
0.55612499999999998,-0.021697998046875,-0.021696441410108264,-1.5566367667363412e-06
0.55625000000000002,-0.0196533203125,-0.019651531486044222,-1.7888264557779088e-06
0.55637499999999995,-0.014617919921875,-0.014630149464250326,1.2229542375325961e-05
0.55649999999999999,-0.00738525390625,-0.0073963361073663917,1.1082201116391702e-05
0.55662500000000004,0.000946044921875,0.00095130018683372577,-5.2552649587257663e-06
0.55674999999999997,0.0091552734375,0.0091464290009198226,8.8444365801774311e-06
0.55687500000000001,0.015960693359375,0.015947098069656367,1.3595289718632692e-05
0.55700000000000005,0.02032470703125,0.020323946926751803,7.601044981972449e-07
0.55712499999999998,0.0216064453125,0.021616011079420176,-9.5657669201762441e-06
0.55725000000000002,0.019622802734375,0.019630534395426433,-7.7316610514327477e-06
0.55737499999999995,0.014678955078125,0.014671717372380672,7.237705744327777e-06
0.5575,0.00750732421875,0.00749411491091215,1.3209307837849966e-05
0.55762500000000004,-0.000823974609375,-0.00081217792377783263,-1.179668559716737e-05
0.55774999999999997,-0.00897216796875,-0.0089870821542127298,1.4914185462729795e-05
0.55787500000000001,-0.015777587890625,-0.015791689811840363,1.4101921215363411e-05
0.55800000000000005,-0.02020263671875,-0.02019601937050941,-6.6173482405895712e-06
0.55812499999999998,-0.02154541015625,-0.021534917708936403,-1.049244731359672e-05
0.55825000000000002,-0.019622802734375,-0.019608510910850547,-1.4291823524453101e-05
0.55837499999999995,-0.01470947265625,-0.014712034271509142,2.5616152591421276e-06
0.5585,-0.007598876953125,-0.0075905907352031027,-8.2862179218972515e-06
0.55862500000000004,0.00067138671875,0.00067423026074603105,-2.8435419960310499e-06
0.55874999999999997,0.008819580078125,0.0088286208166443933,-9.0407385193932988e-06
0.55887500000000001,0.015625,0.015636761237353681,-1.176123735368087e-05
0.55900000000000005,0.02008056640625,0.020068110562764793,1.2455843485206786e-05
0.55912499999999998,0.021453857421875,0.021453396960201043,4.6046167395674686e-07
0.55925000000000002,0.01959228515625,0.019585696332316035,6.5888239339645382e-06
0.55937499999999996,0.014739990234375,0.014751333816814012,-1.1343582439012415e-05
0.5595,0.0076904296875,0.0076859945578678273,4.4351296321727338e-06
0.55962500000000004,-0.00054931640625,-0.00053722952348639764,-1.2086882763602362e-05
0.55974999999999997,-0.0086669921875,-0.0086708207419145897,3.8285544145897493e-06
0.55987500000000001,-0.015472412109375,-0.015482091132685234,9.679023310234236e-06
0.56000000000000005,-0.019927978515625,-0.019940001468397448,1.2022952772448164e-05
0.56012499999999998,-0.0213623046875,-0.02137123079275409,8.9261052540895447e-06
0.56025000000000003,-0.019561767578125,-0.019561872280717322,1.0470259232189805e-07
0.56037499999999996,-0.014801025390625,-0.014789396009895076,-1.162938072992413e-05
0.5605,-0.007781982421875,-0.0077801037272704487,-1.8786946045512565e-06
0.56062500000000004,0.000396728515625,0.00040140164765424275,-4.6731320292427506e-06
0.56074999999999997,0.008514404296875,0.008513911282064475,4.9301481052504981e-07
0.56087500000000001,0.01531982421875,0.01532791188073966,-8.0876619896596419e-06
0.56100000000000005,0.019805908203125,0.01981192665661792,-6.0184534929202949e-06
0.56112499999999998,0.02130126953125,0.021288654787055165,1.2614744194835298e-05
0.56125000000000003,0.01953125,0.019537274020598225,-6.0240205982248218e-06
0.56137499999999996,0.01483154296875,0.014826454521409909,5.0884473400906322e-06
0.5615,0.00787353515625,0.0078731492850962516,3.8587115374841274e-07
0.56162500000000004,-0.000274658203125,-0.00026651885615673431,-8.1393469682656942e-06
0.56174999999999997,-0.00836181640625,-0.0083576680647676326,-4.148341482367382e-06
0.56187500000000001,-0.015167236328125,-0.01517400213794347,6.7658098184698173e-06
0.56200000000000006,-0.019683837890625,-0.019683666977916098,-1.7091270890223775e-07
0.56212499999999999,-0.021209716796875,-0.021205450821239733,-4.2659756352668443e-06
0.56225000000000003,-0.019500732421875,-0.019511683136738289,1.0950714863289246e-05
0.56237499999999996,-0.014862060546875,-0.014862289367572648,2.2882069764841584e-07
0.5625,-0.007965087890625,-0.0079649086427677172,-1.7924785728276604e-07
0.56262500000000004,0.0001220703125,0.00013280698271289141,-1.0736670212891411e-05
0.56274999999999997,0.008209228515625,0.0082023203167937413,6.9081988312586634e-06
0.56287500000000001,0.0150146484375,0.015020594157555531,-5.9457200555310813e-06
0.56299999999999994,0.019561767578125,0.019555456887165083,6.3106909599167094e-06
0.56312499999999999,0.0211181640625,0.02112185439404966,-3.6903315496598921e-06
0.56325000000000003,0.01947021484375,0.019485334856932188,-1.5120013182188391e-05
0.56337499999999996,0.014892578125,0.014897134232796158,-4.5561077961584623e-06
0.5635,0.008056640625,0.0080556129040753408,1.0277209246591784e-06
0.56362500000000004,0,-3.8149240160091811e-08,3.8149240160091811e-08
0.56374999999999997,-0.008056640625,-0.0080476435412606753,-8.9970837393246739e-06
0.56387500000000002,-0.014862060546875,-0.01486746646680725,5.4059199322501611e-06
0.56399999999999995,-0.019439697265625,-0.01942707712059152,-1.2620145033479663e-05
0.56412499999999999,-0.021026611328125,-0.021037647301595581,1.1035973470581439e-05
0.56425000000000003,-0.01947021484375,-0.019458010728582931,-1.2204115167068624e-05
0.56437499999999996,-0.014923095703125,-0.014930769146165663,7.6734430406628917e-06
0.5645,-0.008148193359375,-0.0081450395415976762,-3.1538177773238196e-06
0.56462500000000004,-0.0001220703125,-0.00013156191063098724,9.4915981309872386e-06
0.56474999999999997,0.007904052734375,0.0078938668410993007,1.0185893275699298e-05
0.56487500000000002,0.01470947265625,0.014714851190186428,-5.3785339364283841e-06
0.56499999999999995,0.019287109375,0.019298762018874087,-1.1652643874086877e-05
0.56512499999999999,0.020965576171875,0.020953064960295233,1.2511211579767367e-05
0.56525000000000003,0.019439697265625,0.019429945941471356,9.7513241536437145e-06
0.56537499999999996,0.01495361328125,0.014963427804118348,-9.8145228683479274e-06
0.5655,0.00823974609375,0.0082334197192962671,6.3263744537328526e-06
0.56562500000000004,0.000274658203125,0.00026222117417207122,1.2437028952928776e-05
0.56574999999999998,-0.00775146484375,-0.0077407655963464533,-1.0699247403546733e-05
0.56587500000000002,-0.014556884765625,-0.014562526726581043,5.6419609560428435e-06
0.56599999999999995,-0.0191650390625,-0.019170292204119858,5.2531416198584036e-06
0.56612499999999999,-0.0208740234375,-0.020867889083642406,-6.1343538575939216e-06
0.56625000000000003,-0.0194091796875,-0.019400922004373378,-8.2576831266223394e-06
0.56637499999999996,-0.014984130859375,-0.014994890246922826,1.0759387547826238e-05
0.5665,-0.008331298828125,-0.0083205309689801787,-1.0767859144821326e-05
0.56662500000000005,-0.000396728515625,-0.00039171400600069081,-5.0145096243091867e-06
0.56674999999999998,0.007598876953125,0.0075885687875708093,1.0308165554190687e-05
0.56687500000000002,0.014404296875,0.014410725072597129,-6.4281975971289262e-06
0.56699999999999995,0.01904296875,0.019041901902979098,1.0668470209022896e-06
0.56712499999999999,0.020782470703125,0.020782355005152287,1.1569797271279714e-07
0.56725000000000003,0.019378662109375,0.019371174067836224,7.4880415387758303e-06
0.56737499999999996,0.0150146484375,0.015025390181334603,-1.0741743834603162e-05
0.5675,0.008392333984375,0.0084066045129049805,-1.4270528529980453e-05
0.56762500000000005,0.000518798828125,0.00052026848074051234,-1.46965261551234e-06
0.56774999999999998,-0.0074462890625,-0.0074370516731668427,-9.2373893331573406e-06
0.56787500000000002,-0.014251708984375,-0.014259224499675649,7.5155153006489783e-06
0.56799999999999995,-0.0189208984375,-0.018913371623610769,-7.526813889231071e-06
0.56812499999999999,-0.02069091796875,-0.020696244355137165,5.3263863871652606e-06
0.56825000000000003,-0.01934814453125,-0.019340483600786655,-7.6609304633448727e-06
0.56837499999999996,-0.015045166015625,-0.015054707657111994,9.541641486993796e-06
0.56850000000000001,-0.00848388671875,-0.0084914179402022574,7.5312214522574306e-06
0.56862500000000005,-0.000640869140625,-0.00064765905946706536,6.78991884206536e-06
0.56874999999999998,0.007293701171875,0.0072864431128212828,7.2580590537172154e-06
0.56887500000000002,0.01409912109375,0.014108256877413758,-9.1357836637575435e-06
0.56899999999999995,0.018798828125,0.018784935478823459,1.3892646176540818e-05
0.56912499999999999,0.020599365234375,0.020609792383658194,-1.0427149283193798e-05
0.56925000000000003,0.019317626953125,0.019309085713330284,8.5412397947161323e-06
0.56937499999999996,0.01507568359375,0.015083076389677371,-7.3927959273710486e-06
0.56950000000000001,0.008575439453125,0.0085752025295223258,2.3692360267418833e-07
0.56962500000000005,0.000762939453125,0.00077411391232703889,-1.1174459202038887e-05
0.56974999999999998,-0.00714111328125,-0.0071365182447681464,-4.5950364818535955e-06
0.56987500000000002,-0.013946533203125,-0.013957600350715794,1.1067147590793774e-05
0.56999999999999995,-0.018646240234375,-0.018656373863029468,1.0133628654467736e-05
0.57012499999999999,-0.0205078125,-0.02052278063730888,1.4968137308880164e-05
0.57025000000000003,-0.019287109375,-0.01927676183336639,-1.0347541633610319e-05
0.57037499999999997,-0.015106201171875,-0.015110276436609935,4.0752647349345805e-06
0.57050000000000001,-0.0086669921875,-0.0086577359254678393,-9.2562620321607475e-06
0.57062500000000005,-0.000885009765625,-0.00089940759502863516,1.4397829403635159e-05
0.57074999999999998,0.006988525390625,0.0069875058092560395,1.019581368960458e-06
0.57087500000000002,0.0137939453125,0.013807486663087237,-1.3541350587236919e-05
0.57099999999999995,0.018524169921875,0.018527920775391001,-3.7508535160012124e-06
0.57112499999999999,0.02044677734375,0.020435444282172591,1.1333061577408626e-05
0.57125000000000004,0.019256591796875,0.019243747029379154,1.2844767495846093e-05
0.57137499999999997,0.01513671875,0.015136541520342429,1.7722965757124842e-07
0.57150000000000001,0.00872802734375,0.0087392494612023534,-1.1222117452353367e-05
0.57162500000000005,0.00103759765625,0.0010237683714626792,1.382928478732082e-05
0.57174999999999998,-0.0068359375,-0.0068391808258434711,3.2433258434711246e-06
0.57187500000000002,-0.013671875,-0.013657693833788906,-1.4181166211093763e-05
0.57199999999999995,-0.018402099609375,-0.018399356496797172,-2.7431125778284993e-06
0.57212499999999999,-0.020355224609375,-0.020347564780612497,-7.6598287625032069e-06
0.57225000000000004,-0.019195556640625,-0.019209822687074527,1.4266046449527142e-05
0.57237499999999997,-0.015167236328125,-0.015161651704659735,-5.5846234652649762e-06
0.57250000000000001,-0.008819580078125,-0.008819520834926901,-5.9243198098982153e-08
0.57262500000000005,-0.00115966796875,-0.0011469708901529049,-1.2697078597095077e-05
0.57274999999999998,0.006683349609375,0.0066917719168272513,-8.422307452251275e-06
0.57287500000000002,0.013519287109375,0.013508453481165136,1.083362820986436e-05
0.57299999999999995,0.018280029296875,0.01827091491299801,9.1143838769902619e-06
0.573125,0.020263671875,0.020259377214237415,4.2946607625854449e-06
0.57325000000000004,0.0191650390625,0.019175223832177974,-1.018476967797402e-05
0.57337499999999997,0.01519775390625,0.015185840717373328,1.1913188876671796e-05
0.57350000000000001,0.0089111328125,0.0088987814324927184,1.2351380007281573e-05
0.57362500000000005,0.00128173828125,0.0012692435069211977,1.2494774328802296e-05
0.57374999999999998,-0.00653076171875,-0.006545053984538537,1.4292265788536963e-05
0.57387500000000002,-0.01336669921875,-0.013359543499770268,-7.1557189797316623e-06
0.57399999999999995,-0.01812744140625,-0.018142376191586675,1.4934785336675332e-05
0.574125,-0.020172119140625,-0.020170662960696577,-1.4561799284232291e-06
0.57425000000000004,-0.019134521484375,-0.019139731807064138,5.2103226891378474e-06
0.57437499999999997,-0.01519775390625,-0.015208888626854355,1.113472060435515e-05
0.57450000000000001,-0.00897216796875,-0.0089768090038444964,4.6410350944964263e-06
0.57462500000000005,-0.00140380859375,-0.0013903609613397942,-1.3447632410205782e-05
0.57474999999999998,0.00640869140625,0.0063992555348111662,9.4358714388337664e-06
0.57487500000000002,0.013214111328125,0.013211195383699947,2.9159444250529548e-06
0.57499999999999996,0.01800537109375,0.018013974105156701,-8.6030114067013608e-06
0.575125,0.02008056640625,0.020081657016651894,-1.0906104018944263e-06
0.57525000000000004,0.01910400390625,0.019103581593575596,4.2231267440365206e-07
0.57537499999999997,0.015228271484375,0.015231029164713986,-2.7576803389856019e-06
0.57550000000000001,0.009063720703125,0.0090538349856753263,9.885717449673731e-06
0.57562500000000005,0.001495361328125,0.001510551699357095,-1.5190371232094973e-05
0.57574999999999998,-0.006256103515625,-0.0062541513542388461,-1.95216138615395e-06
0.57587500000000003,-0.0130615234375,-0.013063186903751788,1.6634662517878845e-06
0.57599999999999996,-0.01788330078125,-0.017885488708271408,2.1879270214082702e-06
0.576125,-0.019989013671875,-0.01999214067458166,3.1270027066598871e-06
0.57625000000000004,-0.019073486328125,-0.019066554489659035,-6.9318384659650123e-06
0.57637499999999997,-0.0152587890625,-0.015252042402315069,-6.7466601849312108e-06
0.57650000000000001,-0.009124755859375,-0.0091296371778741801,4.8813184991801373e-06
0.57662500000000005,-0.001617431640625,-0.0016295905497935523,1.2158909168552253e-05
0.57674999999999998,0.006103515625,0.0061099698336441145,-6.4542086441144939e-06
0.57687500000000003,0.012908935546875,0.012915749430728648,-6.8138838536478674e-06
0.57699999999999996,0.01776123046875,0.017757153660626204,4.0768081237957388e-06
0.577125,0.0198974609375,0.01990234884575677,-4.8879082567704346e-06
0.57725000000000004,0.01904296875,0.019028885432177633,1.4083317822367186e-05
0.57737499999999997,0.0152587890625,0.015272162073486093,-1.3373010986092795e-05
0.57750000000000001,0.00921630859375,0.0092044470661483344,1.1861527601665645e-05
0.57762500000000006,0.001739501953125,0.0017477060469694927,-8.2040938444926607e-06
0.57774999999999999,-0.0059814453125,-0.0059664856453750812,-1.4959667124918828e-05
0.57787500000000003,-0.01275634765625,-0.012768660612602317,1.2312956352317217e-05
0.57799999999999996,-0.01763916015625,-0.017628748904041511,-1.0411252208488569e-05
0.578125,-0.019805908203125,-0.019812062737050731,6.154533925731287e-06
0.57825000000000004,-0.01898193359375,-0.018990355673567175,8.422079817174688e-06
0.57837499999999997,-0.015289306640625,-0.015291168251038687,1.8616104136871814e-06
0.57850000000000001,-0.00927734375,-0.0092780424985123601,6.9874851236009783e-07
0.57862499999999994,-0.001861572265625,-0.0018646731071712138,3.100841546213812e-06
0.57874999999999999,0.005828857421875,0.0058239270667356652,4.9303551393348188e-06
0.57887500000000003,0.01263427734375,0.0126221516978509,1.2125645899099813e-05
0.57899999999999996,0.017486572265625,0.017500507985611726,-1.3935719986726131e-05
0.579125,0.01971435546875,0.019721517173925431,-7.1617051754305217e-06
0.57925000000000004,0.018951416015625,0.018951200104654994,2.1591097000561721e-07
0.57937499999999997,0.01531982421875,0.015309294669461031,1.0529549288968917e-05
0.57950000000000002,0.00933837890625,0.0093506550079148088,-1.2276101664808817e-05
0.57962499999999995,0.001983642578125,0.0019807203512860355,2.9222268389645333e-06
0.57974999999999999,-0.00567626953125,-0.0056820686572827987,5.799126032798689e-06
0.57987500000000003,-0.012481689453125,-0.012476000212594237,-5.6892405307634036e-06
0.57999999999999996,-0.017364501953125,-0.017372210734702999,7.7087815779988689e-06
0.580125,-0.019622802734375,-0.019630493277244299,7.6905428692992939e-06
0.58025000000000004,-0.0189208984375,-0.018911199931310439,-9.6985061895614455e-06
0.58037499999999997,-0.01531982421875,-0.015326321401468109,6.4971827181091457e-06
0.58050000000000002,-0.009429931640625,-0.0094220624886954766,-7.8691519295234075e-06
0.58062499999999995,-0.002105712890625,-0.0020956227813111192,-1.0090109313880789e-05
0.58074999999999999,0.00555419921875,0.0055411385822958428,1.306063645415724e-05
0.58087500000000003,0.0123291015625,0.01233043728393415,-1.3357214341501444e-06
0.58099999999999996,0.017242431640625,0.017244090586126068,-1.6589455010679321e-06
0.581125,0.01953125,0.0195392257862642,-7.9757862641999244e-06
0.58125000000000004,0.01885986328125,0.018870589997282857,-1.0726716032857103e-05
0.58137499999999998,0.015350341796875,0.015342482180700862,7.8596161741384396e-06
0.58150000000000002,0.009490966796875,0.0094924965192528989,-1.5297223778989316e-06
0.58162499999999995,0.002197265625,0.0022096091029725601,-1.2343477972560132e-05
0.58174999999999999,-0.005401611328125,-0.0054009112900351985,-7.0003808980145799e-07
0.58187500000000003,-0.012176513671875,-0.012185240317123926,8.7266452489260377e-06
0.58199999999999996,-0.017120361328125,-0.017115927257120096,-4.4340710049044219e-06
0.582125,-0.019439697265625,-0.019447495735458738,7.7984698337377201e-06
0.58225000000000005,-0.018829345703125,-0.018829151460858558,-1.9424226644151887e-07
0.58237499999999998,-0.015350341796875,-0.01535755707825686,7.2152813818601724e-06
0.58250000000000002,-0.009552001953125,-0.0095617350385058791,9.7330853808790668e-06
0.58262499999999995,-0.0023193359375,-0.0023224544021918803,3.1184646918803322e-06
0.58274999999999999,0.0052490234375,0.005261614835212031,-1.2591397712031008e-05
0.58287500000000003,0.012054443359375,0.012040640318880049,1.3803040494950874e-05
0.58299999999999996,0.016998291015625,0.016987954070530154,1.0336945094845812e-05
0.583125,0.01934814453125,0.019355537777512546,-7.393246262546449e-06
0.58325000000000005,0.018798828125,0.018787119117693842,1.1709007306157787e-05
0.58337499999999998,0.015380859375,0.01537177982542124,9.0795495787596159e-06
0.58350000000000002,0.0096435546875,0.0096300096685301186,1.3545018969881445e-05
0.58362499999999995,0.00244140625,0.0024343874677612664,7.0187822387335515e-06
0.58374999999999999,-0.005126953125,-0.0051230235562857258,-3.9295687142741967e-06
0.58387500000000003,-0.01190185546875,-0.011896414574554382,-5.44089419561751e-06
0.58399999999999996,-0.016845703125,-0.0168599506318153,1.4247506815300015e-05
0.58412500000000001,-0.019256591796875,-0.019263132860150505,6.5410632755051601e-06
0.58425000000000005,-0.01873779296875,-0.01874427407749019,6.4811087401896172e-06
0.58437499999999998,-0.015380859375,-0.015384930490203083,4.071115203082773e-06
0.58450000000000002,-0.00970458984375,-0.009697098391059783,-7.4914526902170042e-06
0.58462499999999995,-0.002532958984375,-0.002545183467807743,1.2224483432742971e-05
0.58474999999999999,0.004974365234375,0.0049853653988951065,-1.1000164520106465e-05
0.58487500000000003,0.011749267578125,0.011752793971479936,-3.526393354935653e-06
0.58499999999999996,0.0167236328125,0.01673215015221146,-8.5173397114599037e-06
0.58512500000000001,0.0191650390625,0.019170515549142845,-5.4764866428448633e-06
0.58525000000000005,0.018707275390625,0.018700851086833604,6.4243037913962187e-06
0.58537499999999998,0.015411376953125,0.015397242800047692,1.4134153077308489e-05
0.58550000000000002,0.009765625,0.009763232870128407,2.3921298715930128e-06
0.58562499999999995,0.002655029296875,0.0026550712724311425,-4.1975556142482412e-08
0.58574999999999999,-0.004852294921875,-0.004848414593156063,-3.8803287189369956e-06
0.58587500000000003,-0.0115966796875,-0.011609555676114309,1.2875988614309206e-05
0.58599999999999997,-0.0166015625,-0.016604332125744119,2.7696257441194028e-06
0.58612500000000001,-0.019073486328125,-0.019077466705135913,3.9803770109127223e-06
0.58625000000000005,-0.018646240234375,-0.018656631205865724,1.0390971490723683e-05
0.58637499999999998,-0.015411376953125,-0.015408496818403773,-2.880134721227473e-06
0.58650000000000002,-0.00982666015625,-0.0098281911285404769,1.5309722904768841e-06
0.58662499999999995,-0.002777099609375,-0.0027638261302104315,-1.3273479164568544e-05
0.58674999999999999,0.00469970703125,0.0047123989771312635,-1.269194588126351e-05
0.58687500000000004,0.011474609375,0.011466930457387951,7.6789176120493907e-06
0.58699999999999997,0.0164794921875,0.016476729652415676,2.7625350843239749e-06
0.58712500000000001,0.01898193359375,0.018984220806663003,-2.2872129130033225e-06
0.58725000000000005,0.01861572265625,0.018611849131140425,3.8735251095753376e-06
0.58737499999999998,0.015411376953125,0.015418926267441483,-7.5493143164833548e-06
0.58750000000000002,0.0098876953125,0.0098922048705515648,-4.5095580515647909e-06
0.58762499999999995,0.00286865234375,0.0028716769908439768,-3.0246470939768351e-06
0.58774999999999999,-0.00457763671875,-0.0045770926740893933,-5.4404466060670176e-07
0.58787500000000004,-0.011322021484375,-0.011324695363881641,2.6738795066410387e-06
0.58799999999999997,-0.016357421875,-0.016349122115202907,-8.2997597970931036e-06
0.58812500000000001,-0.018890380859375,-0.018890558626986614,1.7776761161367172e-07
0.58825000000000005,-0.0185546875,-0.018566285872301091,1.1598372301090815e-05
0.58837499999999998,-0.01544189453125,-0.015428311204601763,-1.3583326648237276e-05
0.58850000000000002,-0.00994873046875,-0.0099550521583442637,6.3216895942637408e-06
0.58862499999999995,-0.00299072265625,-0.0029783991816192479,-1.2323474630752083e-05
0.58875,0.00445556640625,0.0044427234159749255,1.2842990275074503e-05
0.58887500000000004,0.01116943359375,0.011183081047145743,-1.3647453395743137e-05
0.58899999999999997,0.0162353515625,0.016221742503248888,1.3609059251112193e-05
0.58912500000000001,0.018798828125,0.018796714557109909,2.113567890090623e-06
0.58925000000000005,0.018524169921875,0.018520176074934031,3.9938469409694921e-06
0.58937499999999998,0.01544189453125,0.015436885345344254,5.009185905745922e-06
0.58950000000000002,0.010009765625,0.010016964734679135,-7.1991096791349657e-06
0.58962499999999995,0.003082275390625,0.0030842217300947406,-1.9463394697405781e-06
0.58975,-0.004302978515625,-0.0043090652207054591,6.0867050804590608e-06
0.58987500000000004,-0.01104736328125,-0.011041864438880063,-5.4988423699373068e-06
0.58999999999999997,-0.016082763671875,-0.016094370088885125,1.1606417010125158e-05
0.59012500000000001,-0.018707275390625,-0.018702469282624715,-4.8061080002853585e-06
0.59025000000000005,-0.018463134765625,-0.018473300697262,1.0165931636999664e-05
0.59037499999999998,-0.01544189453125,-0.015444428739702429,2.5342084524291458e-06
0.59050000000000002,-0.01007080078125,-0.010077720699409093,6.9199181590932218e-06
0.59062499999999996,-0.003173828125,-0.0031889200405720774,1.5091915572077418e-05
0.59075,0.004180908203125,0.0041763457156032361,4.5624875217638999e-06
0.59087500000000004,0.010894775390625,0.010901276074287074,-6.5006836620744302e-06
0.59099999999999997,0.015960693359375,0.015967237750807776,-6.5443914327757702e-06
0.59112500000000001,0.01861572265625,0.018608057106734962,7.6655495150380892e-06
0.59125000000000005,0.0184326171875,0.018425894333003758,6.722854496241798e-06
0.59137499999999998,0.01544189453125,0.015451175095014456,-9.2805637644556571e-06
0.59150000000000003,0.0101318359375,0.010137551832134785,-5.7158946347845435e-06
0.59162499999999996,0.0032958984375,0.0032927232167419464,3.1752207580535569e-06
0.59175,-0.004058837890625,-0.0040443388146924357,-1.4499075932564338e-05
0.59187500000000004,-0.010772705078125,-0.0107610927692225,-1.1612308902500187e-05
0.59199999999999997,-0.015838623046875,-0.01584012465110415,1.5016042291503273e-06
0.59212500000000001,-0.018524169921875,-0.018513258627104449,-1.0911294770550584e-05
0.59225000000000005,-0.01837158203125,-0.018377737888065133,6.1558568151334758e-06
0.59237499999999998,-0.01544189453125,-0.015456904452507372,1.5009921257372327e-05
0.59250000000000003,-0.01019287109375,-0.010196236268690555,3.3651749405550629e-06
0.59262499999999996,-0.003387451171875,-0.0033954067381973792,7.9555663223792109e-06
0.59275,0.00390625,0.0039132720421683771,-7.0220421683770545e-06
0.59287500000000004,0.0106201171875,0.010621544943550866,-1.4277560508660359e-06
0.59299999999999997,0.015716552734375,0.01571326355845383,3.2891759211700622e-06
0.59312500000000001,0.0184326171875,0.018418308058886047,1.4309128613953365e-05
0.59325000000000006,0.018341064453125,0.018329065903413867,1.1998549711133427e-05
0.59337499999999999,0.015472412109375,0.015461850510033674,1.0561599341325778e-05
0.59350000000000003,0.01025390625,0.010254005823837561,-9.9573837560734679e-08
0.59362499999999996,0.003509521484375,0.0034971997830821541,1.2321701292845877e-05
0.59375,-0.0037841796875,-0.0037829192096567378,-1.2604778432622442e-06
0.59387500000000004,-0.010467529296875,-0.010482409298329885,1.4880001454884925e-05
0.59399999999999997,-0.015594482421875,-0.015586433525139023,-8.0488967359772234e-06
0.59412500000000001,-0.018310546875,-0.018322985911581838,1.2439036581837759e-05
0.59424999999999994,-0.018280029296875,-0.018279659231777694,-3.7006509730555526e-07
0.59437499999999999,-0.015472412109375,-0.01546579329863923,-6.6188107357700865e-06
0.59450000000000003,-0.01031494140625,-0.010310638667754181,-4.3027384958194831e-06
0.59462499999999996,-0.00360107421875,-0.0035978779045687465,-3.1963141812535109e-06
0.59475,0.003662109375,0.0036535077396826002,8.601635317399825e-06
0.59487500000000004,0.010345458984375,0.010343916139136607,1.5428452383933755e-06
0.59499999999999997,0.015472412109375,0.015459867210249839,1.2544899125161227e-05
0.59512500000000002,0.018218994140625,0.01822752631207146,-8.5321714464597909e-06
0.59524999999999995,0.018218994140625,0.018229752360514755,-1.0758219889755311e-05
0.59537499999999999,0.015472412109375,0.015468966505328101,3.4456040468987953e-06
0.59550000000000003,0.0103759765625,0.01036636664870149,9.6099137985097838e-06
0.59562499999999996,0.003692626953125,0.0036976703535474245,-5.0434004224245328e-06
0.59575,-0.0035400390625,-0.003524811342966921,-1.5227719533078988e-05
0.59587500000000004,-0.01019287109375,-0.01020584205325397,1.297095950397037e-05
0.59599999999999997,-0.01531982421875,-0.015333343556719821,1.3519337969820563e-05
0.59612500000000002,-0.01812744140625,-0.018131709681477811,4.2682752278110081e-06
0.59624999999999995,-0.0181884765625,-0.018179126088327197,-9.3504741728034357e-06
0.59637499999999999,-0.015472412109375,-0.015471150149636102,-1.2619597388983939e-06
0.59650000000000003,-0.010406494140625,-0.010420967969550688,1.4473828925687729e-05
0.59662499999999996,-0.0037841796875,-0.0037963527551067161,1.2173067606716104e-05
0.59675,0.003387451171875,0.0033970573418576865,-9.6061699826864577e-06
0.59687500000000004,0.01007080078125,0.010068417233030627,2.3835482193725749e-06
0.59699999999999998,0.01519775390625,0.015207095114514553,-9.3412082645526889e-06
0.59712500000000002,0.018035888671875,0.018035770058208247,1.1861366675317009e-07
0.59724999999999995,0.01812744140625,0.018128014848141003,-5.7344189100319576e-07
0.59737499999999999,0.015472412109375,0.01547257790638022,-1.6579700522038887e-07
0.59750000000000003,0.010467529296875,0.010474674510453006,-7.1452135780060433e-06
0.59762499999999996,0.00390625,0.0038941544311878531,1.2095568812146851e-05
0.59775,-0.003265380859375,-0.0032700193476261318,4.6384882511317505e-06
0.59787500000000005,-0.009918212890625,-0.0099314181530379686,1.3205262412968599e-05
0.59799999999999998,-0.01507568359375,-0.015080900717671172,5.2171239211720039e-06
0.59812500000000002,-0.0179443359375,-0.017939487774818751,-4.8481626812486855e-06
0.59824999999999995,-0.01806640625,-0.018076199383817843,9.7931338178432192e-06
0.59837499999999999,-0.015472412109375,-0.015473029782259498,6.1767288449775248e-07
0.59850000000000003,-0.010528564453125,-0.010527264505340337,-1.299947784662997e-06
0.59862499999999996,-0.003997802734375,-0.0039908510771054125,-6.9516572695875467e-06
0.59875,0.003143310546875,0.0031439245839347154,-6.1403705971544917e-07
0.59887500000000005,0.009796142578125,0.0097950748934319248,1.0676846930752354e-06
0.59899999999999998,0.01495361328125,0.01495499280751245,-1.3795262624495541e-06
0.59912500000000002,0.017852783203125,0.017843096781060521,9.6864220644789223e-06
0.59924999999999995,0.018035888671875,0.018023914073041117,1.1974598833883188e-05
0.59937499999999999,0.015472412109375,0.015472739438610043,-3.2732923504336098e-07
0.59950000000000003,0.010589599609375,0.010578969864631395,1.0629744743605174e-05
0.59962499999999996,0.00408935546875,0.0040866720842043548,2.6833845456451788e-06
0.59975000000000001,-0.003021240234375,-0.0030185465640956539,-2.6936702793461421e-06
0.59987500000000005,-0.009674072265625,-0.0096591638171436185,-1.4908448481381481e-05
0.59999999999999998,-0.01483154296875,-0.014829150109669047,-2.3928590809525752e-06
0.60012500000000002,-0.01776123046875,-0.017746377320757564,-1.485314799243645e-05
0.60024999999999995,-0.017974853515625,-0.01797093960403931,-3.9139115856900997e-06
0.60037499999999999,-0.015472412109375,-0.015471486867991385,-9.2524138361506358e-07
0.60050000000000003,-0.0106201171875,-0.010629568851736758,9.4516642367582088e-06
0.60062499999999996,-0.004180908203125,-0.0041813932163466665,4.8501322166653871e-07
0.60075000000000001,0.002899169921875,0.0028941124145385019,5.0575073364980509e-06
0.60087500000000005,0.009521484375,0.0095239148932079257,-2.4305182079256693e-06
0.60099999999999998,0.01470947265625,0.014703604957297544,5.8676989524563544e-06
0.60112500000000002,0.01763916015625,0.017649563254850963,-1.0403098600963306e-05
0.60124999999999995,0.017913818359375,0.017917510298477952,-3.6919391029517634e-06
0.60137499999999999,0.015472412109375,0.015469505716967863,2.9063924071367347e-06
0.60150000000000003,0.01068115234375,0.010679293405739067,1.858938010933231e-06
0.60162499999999997,0.0042724609375,0.0042752439326080582,-2.7829951080582394e-06
0.60175000000000001,-0.002777099609375,-0.0027703955521051135,-6.7040572698864875e-06
0.60187500000000005,-0.0093994140625,-0.0093891043739735471,-1.0309688526452879e-05
0.60199999999999998,-0.01458740234375,-0.014578135968128309,-9.2663756216908311e-06
0.60212500000000002,-0.017547607421875,-0.017552434738281723,4.8273164067226537e-06
0.60224999999999995,-0.017852783203125,-0.017863406788182878,1.0623585057878415e-05
0.60237499999999999,-0.015472412109375,-0.015466575962700589,-5.836146674410847e-06
0.60250000000000004,-0.0107421875,-0.010727921817933559,-1.4265682066440938e-05
0.60262499999999997,-0.004364013671875,-0.0043680000637672765,3.9863918922765362e-06
0.60275000000000001,0.002655029296875,0.0026476230074797256,7.4062893952744034e-06
0.60287500000000005,0.009246826171875,0.0092549621184334525,-8.1359465584525392e-06
0.60299999999999998,0.01446533203125,0.014452975367665778,1.2356663584222119e-05
0.60312500000000002,0.0174560546875,0.017455225543048982,8.2914445101792134e-07
0.60324999999999995,0.017822265625,0.017808863338044541,1.3402286955458559e-05
0.60337499999999999,0.015472412109375,0.01546293123571512,9.4808736598797627e-06
0.60350000000000004,0.010772705078125,0.010775686054512694,-2.9809763876943035e-06
0.60362499999999997,0.00445556640625,0.0044598911349694667,-4.3247287194667083e-06
0.60375000000000001,-0.002532958984375,-0.0025255681024834282,-7.3908818915718356e-06
0.60387500000000005,-0.009124755859375,-0.0091212642694191229,-3.4915899558771168e-06
0.60399999999999998,-0.014312744140625,-0.014327901666240204,1.5157525615204157e-05
0.60412500000000002,-0.017364501953125,-0.01735771573508979,-6.7862180352096235e-06
0.60424999999999995,-0.01776123046875,-0.01775366052274719,-7.5699460028097465e-06
0.604375,-0.015472412109375,-0.015458351496518859,-1.4060612856140603e-05
0.60450000000000004,-0.010833740234375,-0.01082236443308152,-1.1375801293480453e-05
0.60462499999999997,-0.004547119140625,-0.0045506930422546015,3.5739016296014794e-06
0.60475000000000001,0.002410888671875,0.0024044577735402445,6.4308983347555193e-06
0.60487500000000005,0.009002685546875,0.0089882405769679038,1.444496990709622e-05
0.60499999999999998,0.014190673828125,0.014203146982233676,-1.2473154108676165e-05
0.60512500000000002,0.01727294921875,0.017260138997342512,1.2810221407488082e-05
0.60524999999999995,0.0177001953125,0.017698032549673687,2.1627628263125309e-06
0.605375,0.01544189453125,0.015453070358374359,-1.1175827124359008e-05
0.60550000000000004,0.0108642578125,0.010868188945380219,-3.9311328802194012e-06
0.60562499999999997,0.004638671875,0.0046406353752235906,-1.963500223590639e-06
0.60575000000000001,-0.002288818359375,-0.0022840652489342973,-4.7531104407027257e-06
0.60587500000000005,-0.00885009765625,-0.0088556670754873171,5.5694192373171442e-06
0.60599999999999998,-0.014068603515625,-0.014078489719113716,9.8862034887160777e-06
0.60612500000000002,-0.01715087890625,-0.017162275306640974,1.1396400390974171e-05
0.60624999999999996,-0.01763916015625,-0.017641759935646272,2.5997793962721782e-06
0.606375,-0.01544189453125,-0.015446867763903763,4.9732326537627047e-06
0.60650000000000004,-0.01092529296875,-0.010912937933787899,-1.2355034962101274e-05
0.60662499999999997,-0.004730224609375,-0.0047294940935340406,-7.3051584095935873e-07
0.60675000000000001,0.002166748046875,0.0021646173722753284,2.1306745996716239e-06
0.60687500000000005,0.00872802734375,0.0087237734071240487,4.2539366259513461e-06
0.60699999999999998,0.013946533203125,0.013954161888663013,-7.6286855380126167e-06
0.60712500000000003,0.017059326171875,0.01706435825677299,-5.0320848979899802e-06
0.60724999999999996,0.017578125,0.01758507682983719,-6.9518298371901155e-06
0.607375,0.01544189453125,0.015439977307886725,1.9172233632746422e-06
0.60750000000000004,0.010955810546875,0.010956843414049662,-1.0328671746617085e-06
0.60762499999999997,0.00482177734375,0.0048174988496049514,4.278494145048585e-06
0.60775000000000001,-0.002044677734375,-0.0020458872797913894,1.2095454163894154e-06
0.60787500000000005,-0.00860595703125,-0.0085923354989615314,-1.362153228846863e-05
0.60799999999999998,-0.013824462890625,-0.013829941788038895,5.478897413894665e-06
0.60812500000000003,-0.0169677734375,-0.016966167735385059,-1.605702114940849e-06
0.60824999999999996,-0.01751708984375,-0.017527763690510553,1.0673846760553274e-05
0.608375,-0.01544189453125,-0.01543217891387043,-9.7156173795697603e-06
0.60850000000000004,-0.010986328125,-0.010999683751801367,1.3355626801367371e-05
0.60862499999999997,-0.004913330078125,-0.0049044256651152784,-8.9044130097215915e-06
0.60875000000000001,0.001922607421875,0.0019281017237573143,-5.4943018823142703e-06
0.60887500000000006,0.008453369140625,0.0084615828863588479,-8.2137457338479075e-06
0.60899999999999999,0.013702392578125,0.013706061322984565,-3.6687448595647265e-06
0.60912500000000003,0.016876220703125,0.016867937247045894,8.2834560791063272e-06
0.60924999999999996,0.0174560546875,0.017470054607943826,-1.3999920443825975e-05
0.609375,0.015411376953125,0.015423706156955272,-1.2329203830272265e-05
0.60950000000000004,0.01104736328125,0.011041690985269543,5.672295980457126e-06
0.60962499999999997,0.0050048828125,0.0049905042536766151,1.4378558823384922e-05
0.60975000000000001,-0.001800537109375,-0.0018110337497867354,1.049664041173539e-05
0.60987499999999994,-0.008331298828125,-0.0083312913901463625,-7.437978637517273e-09
0.60999999999999999,-0.013580322265625,-0.013582298684892097,1.9764192670974901e-06
0.61012500000000003,-0.01678466796875,-0.016769446590150974,-1.5221378599026419e-05
0.61024999999999996,-0.017425537109375,-0.017411729981175333,-1.3807128199667257e-05
0.610375,-0.015411376953125,-0.015414338940428728,2.9619873037275979e-06
0.61050000000000004,-0.011077880859375,-0.011082643501829574,4.7626424545740842e-06
0.61062499999999997,-0.00506591796875,-0.0050755106973698269,9.5927286198269068e-06
0.61075000000000002,0.001708984375,0.0016949100202956291,1.4074354704370897e-05
0.61087499999999995,0.008209228515625,0.0082016904400117312,7.5380756132687604e-06
0.61099999999999999,0.013458251953125,0.013458885674039687,-6.3372091468720526e-07
0.61112500000000003,0.01666259765625,0.016670929180002216,-8.3315237522155194e-06
0.61124999999999996,0.017364501953125,0.017353023840927555,1.1478112197444573e-05
0.611375,0.015411376953125,0.015404310818556494,7.0661345685056609e-06
0.61150000000000004,0.0111083984375,0.011122773360710155,-1.4374923210155183e-05
0.61162499999999997,0.005157470703125,0.0051596747694205745,-2.2040662955745069e-06
0.61175000000000002,-0.0015869140625,-0.0015795034917536056,-7.4105707463943855e-06
0.61187499999999995,-0.008087158203125,-0.0080725557516443114,-1.4602451480688616e-05
0.61199999999999999,-0.013336181640625,-0.013335600376635783,-5.8126398921713729e-07
0.61212500000000003,-0.016571044921875,-0.016572164725707619,1.1198038326193371e-06
0.61224999999999996,-0.017303466796875,-0.017293716526364654,-9.750270510346104e-06
0.612375,-0.015380859375,-0.015393401673204968,1.2542298204968466e-05
0.61250000000000004,-0.01116943359375,-0.01116185896952834,-7.5746242216602477e-06
0.61262499999999998,-0.0052490234375,-0.005242772610704609,-6.250826795391011e-06
0.61275000000000002,0.00146484375,0.0014650407381663576,-1.9698816635760168e-07
0.61287499999999995,0.0079345703125,0.0079441166501401581,-9.5463376401580535e-06
0.61299999999999999,0.013214111328125,0.013212674488059678,1.4368400653216179e-06
0.61312500000000003,0.0164794921875,0.016473386553265846,6.1056342341540837e-06
0.61324999999999996,0.017242431640625,0.017234042008021273,8.3896326037273539e-06
0.613375,0.015380859375,0.015381845036655325,-9.8566165532450178e-07
0.61350000000000005,0.011199951171875,0.011200132407026664,-1.8123515166390547e-07
0.61362499999999998,0.00531005859375,0.0053250340524608284,-1.4975458710828407e-05
0.61375000000000002,-0.0013427734375,-0.0013512946283261329,8.5211908261329395e-06
0.61387499999999995,-0.0078125,-0.007816148747165309,3.6487471653089826e-06
0.61399999999999999,-0.013092041015625,-0.013089885989931847,-2.155025693152679e-06
0.61412500000000003,-0.016387939453125,-0.016374374282481344,-1.3565170643655561e-05
0.61424999999999996,-0.017181396484375,-0.017173780564562594,-7.6159198124058081e-06
0.614375,-0.015380859375,-0.015369420768231411,-1.1438606768589266e-05
0.61450000000000005,-0.01123046875,-0.011237372099612801,6.9033496128013266e-06
0.61462499999999998,-0.005401611328125,-0.0054062352927994458,4.6239646744458338e-06
0.61475000000000002,0.001251220703125,0.001238491649273439,1.2729053851560966e-05
0.61487499999999995,0.0076904296875,0.0076888812643305477,1.5484231694522579e-06
0.61499999999999999,0.012969970703125,0.012967466473335245,2.5042297897553273e-06
0.61512500000000003,0.016265869140625,0.016275361150043431,-9.4920094184311465e-06
0.61524999999999996,0.017120361328125,0.01711316610572227,7.1952224027296841e-06
0.61537500000000001,0.015350341796875,0.015356362377103246,-6.0205802282463361e-06
0.61550000000000005,0.011260986328125,0.011273810144074243,-1.2823815949242548e-05
0.61562499999999998,0.0054931640625,0.0054866062193843993,6.5578431156006894e-06
0.61575000000000002,-0.001129150390625,-0.0011264045835858152,-2.7458070391847902e-06
0.61587499999999995,-0.007568359375,-0.0075620897103945046,-6.2696646054953564e-06
0.61599999999999999,-0.012847900390625,-0.012845193815888837,-2.7065747361630643e-06
0.61612500000000003,-0.01617431640625,-0.016176126686446204,1.810280196204439e-06
0.61624999999999996,-0.017059326171875,-0.017051978849067995,-7.347322807004647e-06
0.61637500000000001,-0.015350341796875,-0.015342449698938648,-7.8920979363523991e-06
0.61650000000000005,-0.011322021484375,-0.011309224984149937,-1.2796500225063442e-05
0.61662499999999998,-0.00555419921875,-0.0055659230859784756,1.1723867228475605e-05
0.61675000000000002,0.001007080078125,0.0010152598328031881,-8.179754678188083e-06
0.61687499999999995,0.0074462890625,0.0074360032046081256,1.0285857891874362e-05
0.61699999999999999,0.012725830078125,0.012723299504995268,2.5305731297317613e-06
0.61712500000000003,0.016082763671875,0.016076904039083423,5.8596327915765023e-06
0.61724999999999997,0.016998291015625,0.016990452642942515,7.8383726824851618e-06
0.61737500000000001,0.01531982421875,0.015327916218703663,-8.0919999536632758e-06
0.61750000000000005,0.0113525390625,0.011343848733249536,8.6903292504641322e-06
0.61762499999999998,0.005645751953125,0.0056444158351286796,1.336117996320399e-06
0.61775000000000002,-0.00091552734375,-0.00090483009471568497,-1.069724903431503e-05
0.61787499999999995,-0.00732421875,-0.0073103971539190222,-1.3821596080977779e-05
0.61799999999999999,-0.012603759765625,-0.012601561314894679,-2.1984507303212525e-06
0.61812500000000004,-0.0159912109375,-0.015977472649162376,-1.3738288337623861e-05
0.61824999999999997,-0.016937255859375,-0.016928367643237512,-8.8882161374884139e-06
0.61837500000000001,-0.01531982421875,-0.015312541747319627,-7.2824714303729859e-06
0.61850000000000005,-0.011383056640625,-0.011377459851003364,-5.5967896216355117e-06
0.61862499999999998,-0.005706787109375,-0.0057218607746813621,1.5073665306362082e-05
0.61875000000000002,0.00079345703125,0.0007953416868228464,-1.8846555728463995e-06
0.61887499999999995,0.007171630859375,0.0071855005763484933,-1.3869716973493283e-05
0.61899999999999999,0.012481689453125,0.012480210629915502,1.4788232094980341e-06
0.61912500000000004,0.015869140625,0.015878065574803382,-8.9249498033822094e-06
0.61924999999999997,0.016876220703125,0.016865957636340131,1.026306678486924e-05
0.61937500000000001,0.015289306640625,0.015296559744477897,-7.2531038528972358e-06
0.61950000000000005,0.01141357421875,0.011410290466012923,3.283752737077289e-06
0.61962499999999998,0.00579833984375,0.0057984879005039567,-1.4805675395673096e-07
0.61975000000000002,-0.00067138671875,-0.0006865672235853756,1.5180504835375598e-05
0.61987499999999995,-0.007049560546875,-0.0070610887781655867,1.1528231290586742e-05
0.62,-0.012359619140625,-0.012359025121554693,-5.9401907030742773e-07
0.62012500000000004,-0.015777587890625,-0.015778462167969892,8.7427734489151088e-07
0.62024999999999997,-0.016815185546875,-0.016803002715910474,-1.2182830964525826e-05
0.62037500000000001,-0.015289306640625,-0.015279749995285752,-9.5566453392481598e-06
0.62050000000000005,-0.011444091796875,-0.011442119052405381,-1.9727444696190227e-06
0.62062499999999998,-0.005859375,-0.0058740735730031671,1.4698573003167105e-05
0.62075000000000002,0.000579833984375,0.00057873293988329336,1.1010444917066396e-06
0.62087499999999995,0.006927490234375,0.0069373906772652368,-9.9004428902368241e-06
0.621,0.012237548828125,0.012238236071705839,-6.8724358083874226e-07
0.62112500000000004,0.01568603515625,0.015678895397561302,7.1397586886984277e-06
0.62124999999999997,0.016754150390625,0.01673973660583572,1.4413784789280015e-05
0.62137500000000001,0.0152587890625,0.015262345933101794,-3.5568706017938267e-06
0.62150000000000005,0.011474609375,0.011473177752563211,1.4316224367892649e-06
0.62162499999999998,0.005950927734375,0.0059488478398173365,2.0798945576635045e-06
0.62175000000000002,-0.000457763671875,-0.00047161136830108221,1.3847696426082213e-05
0.62187499999999996,-0.006805419921875,-0.0068141814803746445,8.7615584996444604e-06
0.622,-0.012115478515625,-0.012117621049755504,2.1425341305038315e-06
0.62212500000000004,-0.01556396484375,-0.015579144526347529,1.5179682597529429e-05
0.62224999999999997,-0.01666259765625,-0.016675939337012998,1.3341680762998104e-05
0.62237500000000001,-0.0152587890625,-0.015244127316187213,-1.4661746312786758e-05
0.62250000000000005,-0.011505126953125,-0.011503245053709171,-1.881899415828725e-06
0.62262499999999998,-0.006011962890625,-0.0060225871123740018,1.062422174900185e-05
0.62275000000000003,0.0003662109375,0.00036542866255005036,7.8227494994964229e-07
0.62287499999999996,0.006683349609375,0.0066916900064011376,-8.3403970261375707e-06
0.623,0.011993408203125,0.011997411235814288,-4.0030326892877277e-06
0.62312500000000004,0.015472412109375,0.015479442434078479,-7.0303247034792654e-06
0.62324999999999997,0.0166015625,0.016611844570307704,-1.028207030770445e-05
0.62337500000000001,0.015228271484375,0.015225327550532509,2.9439338424912254e-06
0.62350000000000005,0.01153564453125,0.011532553110640442,3.0914206095578045e-06
0.62362499999999998,0.006103515625,0.0060955214885676989,7.9941364323011035e-06
0.62375000000000003,-0.000274658203125,-0.00025995727475234225,-1.4700928372657753e-05
0.62387499999999996,-0.006561279296875,-0.0065696913636395099,8.4120667645098957e-06
0.624,-0.011871337890625,-0.011877384097803227,6.046207178226834e-06
0.62412500000000004,-0.015380859375,-0.01537956829441128,-1.2910805887202115e-06
0.62424999999999997,-0.01654052734375,-0.016547232273343249,6.7049295932493369e-06
0.62437500000000001,-0.01519775390625,-0.015205726366528574,7.9724602785741228e-06
0.62450000000000006,-0.011566162109375,-0.011560880422293522,-5.2816870814778594e-06
0.62462499999999999,-0.00616455078125,-0.0061674274293205744,2.8766480705743822e-06
0.62475000000000003,0.000152587890625,0.00015542327889622791,-2.8353882712279089e-06
0.62487499999999996,0.006439208984375,0.0064484142731520257,-9.2052887770257066e-06
0.625,0.011749267578125,0.01175777071471395,-8.5031365889502025e-06
0.62512500000000004,0.015289306640625,0.015279754898024174,9.5517426008263212e-06
0.62524999999999997,0.0164794921875,0.016482336043464621,-2.8438559646210004e-06
0.62537500000000001,0.01519775390625,0.015185557141798799,1.2196764451201034e-05
0.62549999999999994,0.0115966796875,0.011588459154513408,8.2205329865921162e-06
0.62562499999999999,0.0062255859375,0.0062385350812813019,-1.2949143781301915e-05
0.62575000000000003,-6.103515625e-05,-5.1599048084594546e-05,-9.4361081654054544e-06
0.62587499999999996,-0.006317138671875,-0.0063276337459454522,1.0495074070452151e-05
0.626,-0.011627197265625,-0.011638348453674438,1.1151188049438043e-05
0.62612500000000004,-0.015167236328125,-0.015179781329560726,1.2545001435725761e-05
0.62624999999999997,-0.01641845703125,-0.016416935784532946,-1.5212467170538924e-06
0.62637500000000002,-0.015167236328125,-0.015164599577862141,-2.6367502628590889e-06
0.62649999999999995,-0.011627197265625,-0.011615067816599026,-1.2129449025974001e-05
0.62662499999999999,-0.006317138671875,-0.006308620953353836,-8.5177185211639944e-06
0.62675000000000003,-6.103515625e-05,-5.1289422010957941e-05,-9.7457342390420594e-06
0.62687499999999996,0.006195068359375,0.0062075784063518845,-1.2510046976884487e-05
0.627,0.011505126953125,0.011519348293212075,-1.4221340087074846e-05
0.62712500000000004,0.01507568359375,0.01507988029073575,-4.1966969857500785e-06
0.62724999999999997,0.016357421875,0.016351265029895121,6.1568451048786554e-06
0.62737500000000002,0.01513671875,0.015143087022984256,-6.368272984256379e-06
0.62749999999999995,0.011627197265625,0.011640938584090417,-1.3741318465416638e-05
0.62762499999999999,0.006378173828125,0.0063779152394312305,2.5858869376945565e-07
0.62775000000000003,0.000152587890625,0.00015346983586919584,-8.8194524419584353e-07
0.62787499999999996,-0.006072998046875,-0.0060880231692377303,1.5025122362730299e-05
0.628,-0.01141357421875,-0.01140054750034592,-1.3026718404080331e-05
0.62812500000000004,-0.014984130859375,-0.014979830777283907,-4.3000820910930881e-06
0.62824999999999998,-0.01629638671875,-0.016285103619183634,-1.1283099566366389e-05
0.62837500000000002,-0.015106201171875,-0.015120799148845912,1.459797697091203e-05
0.62849999999999995,-0.01165771484375,-0.011665849975332303,8.1351315823034731e-06
0.62862499999999999,-0.006439208984375,-0.0064461944949275474,6.9855105525474387e-06
0.62875000000000003,-0.000244140625,-0.00025471627470035376,1.0575649700353764e-05
0.62887499999999996,0.0059814453125,0.0059691965633542014,1.224874914579864e-05
0.629,0.01129150390625,0.011282176953828878,9.3269524211216093e-06
0.62912500000000005,0.014892578125,0.014879865402082866,1.2712722917133934e-05
0.62924999999999998,0.016204833984375,0.01621868502129141,-1.3851036916409654e-05
0.62937500000000002,0.015106201171875,0.015097969273386757,8.2318984882430446e-06
0.62949999999999995,0.011688232421875,0.011690034174226311,-1.8017523513106509e-06
0.62962499999999999,0.006500244140625,0.0065136889594840548,-1.3444818859054825e-05
0.62975000000000003,0.0003662109375,0.0003552565191664997,1.0954418333500304e-05
0.62987499999999996,-0.005859375,-0.0058508734085470342,-8.5015914529657649e-06
0.63,-0.01116943359375,-0.011164013821242717,-5.4197725072833991e-06
0.63012500000000005,-0.0147705078125,-0.014779763072093426,9.255259593426296e-06
0.63024999999999998,-0.016143798828125,-0.016151789011176941,7.9901830519410466e-06
0.63037500000000002,-0.01507568359375,-0.015074377037492032,-1.3065562579680362e-06
0.63049999999999995,-0.01171875,-0.011713269706833737,-5.4802931662625148e-06
0.63062499999999999,-0.006591796875,-0.0065801752335354945,-1.1621641464505499e-05
0.63075000000000003,-0.000457763671875,-0.00045486472593069801,-2.898945944301986e-06
0.63087499999999996,0.0057373046875,0.0057332821391386799,4.0225483613201204e-06
0.63100000000000001,0.01104736328125,0.011046288882266759,1.0743989832407569e-06
0.63112500000000005,0.014678955078125,0.014679756311486951,-8.0123336195121742e-07
0.63124999999999998,0.016082763671875,0.016084648992844841,-1.8853209698410645e-06
0.63137500000000002,0.015045166015625,0.015050255727841595,-5.0897122165945163e-06
0.63149999999999995,0.011749267578125,0.011735788764129621,1.3478813995378841e-05
0.63162499999999999,0.00665283203125,0.0066458836010194538,6.9484302305461779e-06
0.63175000000000003,0.00054931640625,0.00055376875041223891,-4.4523441622389137e-06
0.63187499999999996,-0.005615234375,-0.0056161974811042743,9.6310610427433052e-07
0.63200000000000001,-0.01092529296875,-0.010928779205751787,3.4862370017867128e-06
0.63212500000000005,-0.01458740234375,-0.014579623938602983,-7.7784051470165816e-06
0.63224999999999998,-0.016021728515625,-0.016017044676155869,-4.6838394691314789e-06
0.63237500000000002,-0.0150146484375,-0.015025384953589923,1.0736516089923306e-05
0.63249999999999995,-0.011749267578125,-0.011757369878587364,8.1023004623644729e-06
0.63262499999999999,-0.0067138671875,-0.0067105907059156894,-3.2764815843105977e-06
0.63275000000000003,-0.000640869140625,-0.0006517428233371764,1.0873682712176399e-05
0.63287499999999997,0.0054931640625,0.0054998477754715875,-6.683712971587534e-06
0.63300000000000001,0.01080322265625,0.010811715472991312,-8.4928167413123035e-06
0.63312500000000005,0.01446533203125,0.014479598389067745,-1.426635781774481e-05
0.63324999999999998,0.015960693359375,0.015949209399812432,1.1483959562567925e-05
0.63337500000000002,0.0150146484375,0.014999997969232719,1.4650468267280586e-05
0.63349999999999995,0.01177978515625,0.011778245246960499,1.5399092895013872e-06
0.63362499999999999,0.00677490234375,0.0067745268749892767,3.7546876072332147e-07
0.63375000000000004,0.000762939453125,0.00074901487346211123,1.3924579662888772e-05
0.63387499999999997,-0.00537109375,-0.0053840076554976428,1.2913905497642826e-05
0.63400000000000001,-0.01068115234375,-0.010694874654822085,1.3722311072085491e-05
0.63412500000000005,-0.014373779296875,-0.014379458392755831,5.6790958808308062e-06
0.63424999999999998,-0.015869140625,-0.015880922808174946,1.1782183174945809e-05
0.63437500000000002,-0.014984130859375,-0.014973874351292044,-1.025650808295607e-05
0.63449999999999995,-0.011810302734375,-0.011798193406871892,-1.2109327503107697e-05
0.63462499999999999,-0.0068359375,-0.0068374687943331333,1.5312943331333151e-06
0.63475000000000004,-0.0008544921875,-0.00084535920415925846,-9.1329833407415364e-06
0.63487499999999997,0.005279541015625,0.0052689053700520619,1.0635645572938147e-05
0.63500000000000001,0.010589599609375,0.010578487334873946,1.1112274501054453e-05
0.63512500000000005,0.0142822265625,0.014279436296926556,2.7902655734442228e-06
0.63524999999999998,0.01580810546875,0.015812418174251455,-4.3127055014552385e-06
0.63537500000000002,0.01495361328125,0.014947247321176957,6.3659600730431309e-06
0.63549999999999995,0.011810302734375,0.011817446559578029,-7.1438252030285587e-06
0.635625,0.00689697265625,0.0068996468320849007,-2.6741758349007119e-06
0.63575000000000004,0.000946044921875,0.00094100381614168466,5.0411057333153405e-06
0.63587499999999997,-0.005157470703125,-0.0051543154608283672,-3.1552422966327556e-06
0.63600000000000001,-0.010467529296875,-0.010462330386672773,-5.1989102022274858e-06
0.63612500000000005,-0.014190673828125,-0.014179310743176184,-1.1363084948815688e-05
0.63624999999999998,-0.0157470703125,-0.015743475076518954,-3.5952359810458023e-06
0.63637500000000002,-0.014923095703125,-0.01491989642188541,-3.1992812395895132e-06
0.63649999999999995,-0.0118408203125,-0.011835783246587612,-5.0370659123877976e-06
0.636625,-0.0069580078125,-0.0069608377150026379,2.8299025026379265e-06
0.63675000000000004,-0.00103759765625,-0.0010357230840174281,-1.8745722325718903e-06
0.63687499999999997,0.005035400390625,0.0050404660856970722,-5.0656950720722252e-06
0.63700000000000001,0.010345458984375,0.010346634296917002,-1.1753125420017885e-06
0.63712500000000005,0.014068603515625,0.014079313990578206,-1.0710474953205817e-05
0.63724999999999998,0.01568603515625,0.015674326721919776,1.1708434330223727e-05
0.63737500000000002,0.014892578125,0.014892054840869938,5.2328413006202945e-07
0.63749999999999996,0.0118408203125,0.011853435672418556,-1.2615359918555571e-05
0.637625,0.00701904296875,0.0070212718511849766,-2.2288824349766048e-06
0.63775000000000004,0.001129150390625,0.0011297450790489229,-5.9468842392293095e-07
0.63787499999999997,-0.004913330078125,-0.0049271316959174716,1.3801617792471611e-05
0.63800000000000001,-0.010223388671875,-0.010231175842558862,7.7871706838615606e-06
0.63812500000000005,-0.01397705078125,-0.013979224592653734,2.1738114037335443e-06
0.63824999999999998,-0.015594482421875,-0.01560475262268634,1.0270200811339503e-05
0.63837500000000003,-0.014862060546875,-0.014863502086734324,1.4415398593235068e-06
0.63849999999999996,-0.011871337890625,-0.011870182381221069,-1.1555094039314429e-06
0.638625,-0.007080078125,-0.00708072600662118,6.4788162118002701e-07
0.63875000000000004,-0.001220703125,-0.0012228442457086525,2.1411207086524837e-06
0.63887499999999997,0.00482177734375,0.0048145403595217153,7.2369842282846847e-06
0.63900000000000001,0.010101318359375,0.010116185414083259,-1.4867054708258762e-05
0.63912500000000005,0.013885498046875,0.01387927472050177,6.2233263732301702e-06
0.63924999999999998,0.015533447265625,0.015534985919342461,-1.5386537174609527e-06
0.63937500000000003,0.01483154296875,0.01483447131211519,-2.9283433651897117e-06
0.63949999999999996,0.011871337890625,0.011886255579551461,-1.4917688926460726e-05
0.639625,0.00714111328125,0.0071394306279438761,1.6826533061238547e-06
0.63975000000000004,0.001312255859375,0.001315248724408114,-2.992865033113988e-06
0.63987499999999997,-0.00469970703125,-0.0047024664384963761,2.7594072463761263e-06
0.64000000000000001,-0.010009765625,-0.010001439692615658,-8.3259323843416083e-06
0.64012500000000006,-0.0137939453125,-0.013779242839773477,-1.4702472726522975e-05
0.64024999999999999,-0.015472412109375,-0.015464806057535299,-7.6060518397012139e-06
0.64037500000000003,-0.014801025390625,-0.014804741990383754,3.7165997587539079e-06
0.64049999999999996,-0.01190185546875,-0.01190143381297646,-4.216557735400861e-07
0.640625,-0.0072021484375,-0.0071971625189824456,-4.9859185175544357e-06
0.64075000000000004,-0.00140380859375,-0.0014067330280873225,2.9244343373224704e-06
0.64087499999999997,0.00457763671875,0.004591137912166943,-1.3501193416943016e-05
0.64100000000000001,0.0098876953125,0.0098871689731789905,5.2633932100948355e-07
0.64112499999999994,0.013671875,0.013679361033817566,-7.4860338175660596e-06
0.64124999999999999,0.015380859375,0.015394446111039477,-1.358673603947709e-05
0.64137500000000003,0.0147705078125,0.014774547238522779,-4.0394260227786388e-06
0.64149999999999996,0.01190185546875,0.011915949288872813,-1.4093820122813155e-05
0.641625,0.00726318359375,0.0072541521634907451,9.03143025925493e-06
0.64175000000000004,0.001495361328125,0.001497525364945384,-2.1640368203840101e-06
0.64187499999999997,-0.004486083984375,-0.004480329054410064,-5.7549299649359634e-06
0.64200000000000002,-0.009765625,-0.009773149841803835,7.5248418038350445e-06
0.64212499999999995,-0.013580322265625,-0.013579407680657126,-9.1458496787391597e-07
0.64224999999999999,-0.01531982421875,-0.01532368545859384,3.8612398438400697e-06
0.64237500000000003,-0.014739990234375,-0.014743666493843453,3.6762594684529998e-06
0.64249999999999996,-0.011932373046875,-0.011929580553036166,-2.7924938388341342e-06
0.642625,-0.00732421875,-0.0073101764017325212,-1.4042348267478792e-05
0.64275000000000004,-0.0015869140625,-0.0015874003150000255,4.8625250002550836e-07
0.64287499999999997,0.004364013671875,0.0043702677570079092,-6.2540851329092109e-06
0.64300000000000002,0.009674072265625,0.0096596124988119186,1.4459766813081434e-05
0.64312499999999995,0.01348876953125,0.013479614776124176,9.1547551258237825e-06
0.64324999999999999,0.0152587890625,0.015252757106913236,6.0319555867643232e-06
0.64337500000000003,0.01470947265625,0.014712332836867448,-2.8601806174484434e-06
0.64349999999999996,0.011932373046875,0.011942559812464988,-1.0186765589987809e-05
0.643625,0.007354736328125,0.0073654657532124844,-1.072942508748443e-05
0.64375000000000004,0.001678466796875,0.0016765861528516795,1.8806440233204609e-06
0.64387499999999998,-0.0042724609375,-0.0042607282068607344,-1.1732730639265644e-05
0.64400000000000002,-0.009552001953125,-0.0095463334359041484,-5.6685172208515572e-06
0.64412499999999995,-0.01336669921875,-0.013379760610846721,1.3061392096721386e-05
0.64424999999999999,-0.015167236328125,-0.015181440367527438,1.4204039402438209e-05
0.64437500000000003,-0.014678955078125,-0.014680325668039697,1.3705899146974898e-06
0.64449999999999996,-0.011962890625,-0.011954665611994602,-8.2250130053976994e-06
0.644625,-0.007415771484375,-0.0074197970932373299,4.0256088623298603e-06
0.64475000000000005,-0.00177001953125,-0.0017648575242446853,-5.1620070053146928e-06
0.64487499999999998,0.004150390625,0.0041519382093716103,-1.5475843716103097e-06
0.64500000000000002,0.009429931640625,0.0094335427594462659,-3.6111188212659129e-06
0.64512499999999995,0.013275146484375,0.013280077093403689,-4.9306090286888038e-06
0.64524999999999999,0.015106201171875,0.015109968179797626,-3.7670079226261033e-06
0.64537500000000003,0.0146484375,0.014647878030624934,5.5946937506552719e-07
0.64549999999999996,0.011962890625,0.011966130157085602,-3.2395320856016402e-06
0.645625,0.007476806640625,0.0074734009756782941,3.4056649467059316e-06
0.64575000000000005,0.001861572265625,0.0018524427688019021,9.1294968230979344e-06
0.64587499999999998,-0.004058837890625,-0.0040436718656289717,-1.5166024996028302e-05
0.64600000000000002,-0.009307861328125,-0.0093210168675834267,1.3155539458426652e-05
0.64612499999999995,-0.01318359375,-0.013180342427295998,-3.2513227040016635e-06
0.64624999999999999,-0.015045166015625,-0.015038119787763473,-7.0462278615266577e-06
0.64637500000000003,-0.014617919921875,-0.014614769287425455,-3.1506344495453587e-06
0.64649999999999996,-0.011962890625,-0.011976731990442937,1.3841365442936876e-05
0.64662500000000001,-0.007537841796875,-0.0075260543095355213,-1.178748733947875e-05
0.64675000000000005,-0.001953125,-0.0019391165966190656,-1.4008403380934373e-05
0.64687499999999998,0.003936767578125,0.0039361568957915344,6.1068233346561751e-07
0.64700000000000002,0.00921630859375,0.0092089857735035453,7.3228202464546699e-06
0.64712499999999995,0.013092041015625,0.013080788434106712,1.1252581518288174e-05
0.64724999999999999,0.01495361328125,0.014966128063161135,-1.2514781911134726e-05
0.64737500000000003,0.01458740234375,0.014581232443674161,6.1699000758388273e-06
0.64749999999999996,0.011993408203125,0.011986703314828743,6.7048882962574691e-06
0.64762500000000001,0.007568359375,0.0075779876816769037,-9.6283066769037307e-06
0.64775000000000005,0.00201416015625,0.0020251074110011246,-1.0947254751124576e-05
0.64787499999999998,-0.003814697265625,-0.0038291673163009551,1.447005067595512e-05
0.64800000000000002,-0.00909423828125,-0.0090972257825538902,2.9875013038901943e-06
0.64812499999999995,-0.012969970703125,-0.012981193230491076,1.1222527366076124e-05
0.64824999999999999,-0.014892578125,-0.0148937721822749,1.1940572748996015e-06
0.64837500000000003,-0.014556884765625,-0.014547046823766131,-9.837941858869062e-06
0.64849999999999997,-0.011993408203125,-0.011995822669685862,2.4144665608620552e-06
0.64862500000000001,-0.00762939453125,-0.0076289780334333306,-4.1649781666944219e-07
0.64875000000000005,-0.002105712890625,-0.0021101899850276577,4.4770944026576928e-06
0.64887499999999998,0.00372314453125,0.0037229307632368077,2.1376801319231489e-07
0.64900000000000002,0.00897216796875,0.0089859668155309602,-1.3798846780960217e-05
0.64912499999999995,0.01287841796875,0.012881788551325079,-3.370582575079259e-06
0.64924999999999999,0.01483154296875,0.014821284948963844,1.0258019786156189e-05
0.64937500000000004,0.0145263671875,0.014512445394156517,1.3921793343482994e-05
0.64949999999999997,0.011993408203125,0.01200432225393647,-1.0914050811470372e-05
0.64962500000000001,0.0076904296875,0.0076792559833408708,1.1173704159129182e-05
0.64975000000000005,0.002197265625,0.0021945927843219715,2.6728406780284972e-06
0.64987499999999998,-0.003631591796875,-0.003617221169529334,-1.4370627345665962e-05
0.65000000000000002,-0.008880615234375,-0.0088749850857745716,-5.6301486004283613e-06
0.65012499999999995,-0.012786865234375,-0.012782352426699036,-4.5128076759642227e-06
0.65024999999999999,-0.014739990234375,-0.014748445471514321,8.4552371393212949e-06
0.65037500000000004,-0.01446533203125,-0.014477207440089302,1.1875408839302423e-05
0.65049999999999997,-0.01202392578125,-0.012011980602629251,-1.1945178620749453e-05
0.65062500000000001,-0.007720947265625,-0.0077285985037129964,7.6512380879963787e-06
0.65075000000000005,-0.002288818359375,-0.0022780906436183097,-1.0727715756690334e-05
0.65087499999999998,0.003509521484375,0.0035122660883442386,-2.7446039692386077e-06
0.65100000000000002,0.008758544921875,0.0087645104224596242,-5.9655005846242365e-06
0.65112499999999995,0.0126953125,0.012683116505085301,1.2195994914698804e-05
0.65125,0.014678955078125,0.014675486485671137,3.4685924538632729e-06
0.65137500000000004,0.014434814453125,0.01444156588850823,-6.7514353832304891e-06
0.65149999999999997,0.01202392578125,0.012019029909742488,4.8958715075115428e-06
0.65162500000000001,0.007781982421875,0.0077772362434130118,4.7461784619881597e-06
0.65175000000000005,0.002349853515625,0.0023609120895025323,-1.1058573877532289e-05
0.65187499999999998,-0.00341796875,-0.0034078393702656022,-1.0129379734397786e-05
0.65200000000000002,-0.0086669921875,-0.0086543189477166962,-1.2673239783303827e-05
0.65212499999999995,-0.0125732421875,-0.012583858730319801,1.0616542819801011e-05
0.65225,-0.01458740234375,-0.014602187031499118,1.4784687749118397e-05
0.65237500000000004,-0.014404296875,-0.014405299984790346,1.0031097903463737e-06
0.65249999999999997,-0.01202392578125,-0.012025248704817675,1.3229235676752438e-06
0.65262500000000001,-0.0078125,-0.0078249462044296877,1.2446204429687746e-05
0.65275000000000005,-0.00244140625,-0.0024428320170117005,1.425767011700458e-06
0.65287499999999998,0.0032958984375,0.003304168486680682,-8.2700491806819883e-06
0.65300000000000002,0.008544921875,0.008544640399901101,2.8147509889900335e-07
0.65312499999999996,0.012481689453125,0.012484810664773227,-3.1212116482267488e-06
0.65325,0.0145263671875,0.014528779776414456,-2.4125889144556434e-06
0.65337500000000004,0.014373779296875,0.014368642615654749,5.1366812202514184e-06
0.65349999999999997,0.01202392578125,0.012030869175785521,-6.9433945355211468e-06
0.65362500000000001,0.00787353515625,0.0078719590646272805,1.5760916227194888e-06
0.65375000000000005,0.002532958984375,0.0025240790123766056,8.8799719983943641e-06
0.65387499999999998,-0.003204345703125,-0.0032010272069923325,-3.3184961326674853e-06
0.65400000000000003,-0.0084228515625,-0.0084352508107153022,1.2399248215302222e-05
0.65412499999999996,-0.01239013671875,-0.012385750166351878,-4.3865523981223564e-06
0.65425,-0.01446533203125,-0.014455043692050763,-1.0288339199237065e-05
0.65437500000000004,-0.01434326171875,-0.014331372985908418,-1.1888732841582386e-05
0.65449999999999997,-0.01202392578125,-0.012035669845604068,1.1744064354068245e-05
0.65462500000000001,-0.007904052734375,-0.0079180518543508042,1.3999119975804247e-05
0.65475000000000005,-0.002593994140625,-0.0026044280295934516,1.0433888968451599e-05
0.65487499999999998,0.00311279296875,0.0030986429219740761,1.4150046775923946e-05
0.65500000000000003,0.008331298828125,0.0083263798285043971,4.9189996206028958e-06
0.65512499999999996,0.012298583984375,0.01228690871165644,1.1675272718560462e-05
0.65525,0.014373779296875,0.014381211377299918,-7.4320804249183858e-06
0.65537500000000004,0.0142822265625,0.014293723941359724,-1.1497378859724044e-05
0.65549999999999997,0.012054443359375,0.012039882895071749,1.4560464303250628e-05
0.65562500000000001,0.007965087890625,0.0079634552791795227,1.6326114454772583e-06
0.65575000000000006,0.002685546875,0.002684107713198373,1.4391618016269987e-06
0.65587499999999999,-0.00299072265625,-0.0029967893209824534,6.0666647324534272e-06
0.65600000000000003,-0.008209228515625,-0.0082178033953556398,8.5748797306398061e-06
0.65612499999999996,-0.012176513671875,-0.012188064072986159,1.1550401111158973e-05
0.65625,-0.014312744140625,-0.01430706173517767,-5.6824054473301328e-06
0.65637500000000004,-0.014251708984375,-0.014255474645562623,3.7656611876230733e-06
0.65649999999999997,-0.012054443359375,-0.012043286839487752,-1.1156519887247848e-05
0.65662500000000001,-0.00799560546875,-0.0080079463965103976,1.2340927760397594e-05
0.65674999999999994,-0.002777099609375,-0.0027628930748442825,-1.4206534530717546e-05
0.65687499999999999,0.002899169921875,0.0028956937153412827,3.4762065337172986e-06
0.65700000000000003,0.00811767578125,0.0081097510703956911,7.9247108543088751e-06
0.65712499999999996,0.0120849609375,0.012089447641517108,-4.4867040171082256e-06
0.65725,0.01422119140625,0.014232827295868881,-1.1635889618881456e-05
0.65737500000000004,0.01422119140625,0.014216857902741751,4.333503508249445e-06
0.65749999999999997,0.012054443359375,0.012046113851469538,8.329507905462108e-06
0.65762500000000002,0.008056640625,0.008051755938340675,4.8846866593250243e-06
0.65774999999999995,0.002838134765625,0.0028410128160382114,-2.878050413211361e-06
0.65787499999999999,-0.0028076171875,-0.0027951297155244114,-1.2487471975588648e-05
0.65800000000000003,-0.00799560546875,-0.0080019987069164349,6.3932381664348614e-06
0.65812499999999996,-0.011993408203125,-0.011990837104293592,-2.5710988314081584e-06
0.65825,-0.01416015625,-0.014158286893603012,-1.8693563969881394e-06
0.65837500000000004,-0.014190673828125,-0.014177652834541357,-1.3020993583643184e-05
0.65849999999999997,-0.012054443359375,-0.012048142437600887,-6.30092177411265e-06
0.65862500000000002,-0.008087158203125,-0.0080946609878548136,7.5027847298136247e-06
0.65874999999999995,-0.0029296875,-0.0029182420047531073,-1.1445495246892659e-05
0.65887499999999999,0.002685546875,0.0026953245545398245,-9.7776795398244604e-06
0.65900000000000003,0.007904052734375,0.0078947757756492598,9.276958725740192e-06
0.65912499999999996,0.01190185546875,0.011892463767409578,9.3917013404224564e-06
0.65925,0.014068603515625,0.014083672989698379,-1.5069474073379011e-05
0.65937500000000004,0.014129638671875,0.014138092202949268,-8.4535310742681752e-06
0.65949999999999998,0.012054443359375,0.012049604761271029,4.8385981039709286e-06
0.65962500000000002,0.008148193359375,0.0081368923021858438,1.1301057189156208e-05
0.65974999999999995,0.00299072265625,0.0029948093981801284,-4.0867419301283785e-06
0.65987499999999999,-0.002593994140625,-0.0025960517651412375,2.0576245162375224e-06
0.66000000000000003,-0.007781982421875,-0.0077878580418924894,5.8756200174894108e-06
0.66012499999999996,-0.01177978515625,-0.011794105233019823,1.4320076769823095e-05
0.66025,-0.014007568359375,-0.014008764349441922,1.1959900669215179e-06
0.66037500000000005,-0.01409912109375,-0.014097955087056762,-1.1660066932383389e-06
0.66049999999999998,-0.012054443359375,-0.012050279319327065,-4.164040047934664e-06
0.66062500000000002,-0.0081787109375,-0.0081782269890308332,-4.8394846916682832e-07
0.66074999999999995,-0.003082275390625,-0.0030704901193132047,-1.1785271311795346e-05
0.66087499999999999,0.00250244140625,0.002497538503182782,4.9029030672179987e-06
0.66100000000000003,0.0076904296875,0.0076814748888118824,8.9547986881176322e-06
0.66112499999999996,0.011688232421875,0.011695992722508111,-7.7603006331111724e-06
0.66125,0.013946533203125,0.0139337933651437,1.2739837981300128e-05
0.66137500000000005,0.014068603515625,0.014057474205987219,1.112930963778104e-05
0.66149999999999998,0.012054443359375,0.012050398264901464,4.0450944735360289e-06
0.66162500000000002,0.008209228515625,0.0082188958294157222,-9.6673137907222345e-06
0.66174999999999995,0.003143310546875,0.0031455129797006674,-2.2024328256674275e-06
0.66187499999999999,-0.002410888671875,-0.0023995582248303353,-1.1330447044664675e-05
0.66200000000000003,-0.007568359375,-0.0075754019945449827,7.0426195449826631e-06
0.66212499999999996,-0.0115966796875,-0.011597903753501431,1.2240660014310734e-06
0.66225000000000001,-0.01385498046875,-0.013858538733015145,3.5582642651452168e-06
0.66237500000000005,-0.014007568359375,-0.01401642859565537,8.8602362803696932e-06
0.66249999999999998,-0.012054443359375,-0.012049740084085386,-4.7032752896140201e-06
0.66262500000000002,-0.008270263671875,-0.0082586759542902163,-1.1587717584783663e-05
0.66274999999999995,-0.00323486328125,-0.0032196531560543672,-1.5210125195632817e-05
0.66287499999999999,0.002288818359375,0.0023023380099447361,-1.3519650569736134e-05
0.66300000000000003,0.007476806640625,0.0074698686555031034,6.9379851218966462e-06
0.66312499999999996,0.011505126953125,0.011500069463058137,5.0574900668631101e-06
0.66325000000000001,0.0137939453125,0.01378323277622772,1.0712536272279582e-05
0.66337500000000005,0.01397705078125,0.013975050931706244,1.9998495437555802e-06
0.66349999999999998,0.012054443359375,0.012048536918760516,5.9064406144841014e-06
0.66362500000000002,0.00830078125,0.0082977981673205553,2.983082679444693e-06
0.66374999999999995,0.0032958984375,0.0032931395130033495,2.7589244966505153e-06
0.66387499999999999,-0.002197265625,-0.0022056512392638426,8.3856142638425585e-06
0.66400000000000003,-0.007354736328125,-0.0073646504635018302,9.9141353768301618e-06
0.66412499999999997,-0.01141357421875,-0.011402267284668494,-1.130693408150571e-05
0.66425000000000001,-0.013702392578125,-0.01370765412180182,5.261543676820038e-06
0.66437500000000005,-0.013946533203125,-0.013933120206279008,-1.3412996845992009e-05
0.66449999999999998,-0.012054443359375,-0.012046567243261424,-7.8761161135757624e-06
0.66462500000000002,-0.008331298828125,-0.0083360396214878629,4.7407933628628579e-06
0.66474999999999995,-0.00335693359375,-0.0033657472796767684,8.8136859267683859e-06
0.66487499999999999,0.002105712890625,0.0021097249177853832,-4.0120271603831699e-06
0.66500000000000004,0.00726318359375,0.0072599766290397921,3.2069647102079407e-06
0.66512499999999997,0.01129150390625,0.011304728271445874,-1.3224365195874457e-05
0.66525000000000001,0.013641357421875,0.013632035023663325,9.3223982116745485e-06
0.66537500000000005,0.013885498046875,0.013890869050945878,-5.3710040708778578e-06
0.66549999999999998,0.012054443359375,0.012044063187227569,1.0380172147430797e-05
0.66562500000000002,0.00836181640625,0.0083736311418610102,-1.1814735611010221e-05
0.66574999999999995,0.003448486328125,0.0034377053724882283,1.0780955636771703e-05
0.66587499999999999,-0.00201416015625,-0.0020143323519772392,1.7219572723920981e-07
0.66600000000000004,-0.00714111328125,-0.0071556226584305622,1.450937718056218e-05
0.66612499999999997,-0.011199951171875,-0.011207229773147302,7.278601272302232e-06
0.66625000000000001,-0.0135498046875,-0.013556154039536574,6.3493520365744821e-06
0.66637500000000005,-0.01385498046875,-0.013848076413485568,-6.9040552644322045e-06
0.66649999999999998,-0.012054443359375,-0.01204080321227002,-1.3640147104979766e-05
0.66662500000000002,-0.0084228515625,-0.0084103499022222788,-1.2501660277721219e-05
0.66674999999999995,-0.003509521484375,-0.0035087890717208051,-7.3241265419491872e-07
0.666875,0.001922607421875,0.0019197004731311619,2.9069487438380514e-06
0.66700000000000004,0.007049560546875,0.0070518176771074683,-2.2571302324683393e-06
0.66712499999999997,0.0111083984375,0.011110002759350675,-1.6043218506751195e-06
0.66725000000000001,0.01348876953125,0.013480243354011948,8.5261772380523793e-06
0.66737500000000005,0.0137939453125,0.013804974880826696,-1.1029568326695674e-05
0.66749999999999998,0.01202392578125,0.012037019434813084,-1.309365356308434e-05
0.66762500000000002,0.008453369140625,0.008446426747843714,6.9423927812860275e-06
0.66774999999999995,0.003570556640625,0.003579227344285691,-8.6707036606910315e-06
0.667875,-0.0018310546875,-0.0018256025145726286,-5.4521729273713983e-06
0.66800000000000004,-0.0069580078125,-0.0069483371067321619,-9.6707057678380864e-06
0.66812499999999997,-0.011016845703125,-0.011012824496478262,-4.0212066467378016e-06
0.66825000000000001,-0.013397216796875,-0.013404081455436161,6.8646585611609884e-06
0.66837500000000005,-0.013763427734375,-0.013761343355821761,-2.0843785532385223e-06
0.66849999999999998,-0.01202392578125,-0.012032490302780511,8.5645215305105854e-06
0.66862500000000002,-0.00848388671875,-0.0084816388720934961,-2.2478466565039462e-06
0.66874999999999996,-0.003662109375,-0.0036487955203374695,-1.3313854662530458e-05
0.668875,0.001739501953125,0.0017322653350424334,7.2366180825665562e-06
0.66900000000000004,0.0068359375,0.0068454099885007606,-9.4724885007606285e-06
0.66912499999999997,0.01092529296875,0.010915925870994022,9.367097755978368e-06
0.66925000000000001,0.013336181640625,0.013327900458983881,8.28118164111942e-06
0.66937500000000005,0.013702392578125,0.013717414380199472,-1.5021802074471555e-05
0.66949999999999998,0.01202392578125,0.012027447918441495,-3.5221371914948701e-06
0.66962500000000003,0.008514404296875,0.0085162171392389897,-1.8128423639896668e-06
0.66974999999999996,0.00372314453125,0.0037177226160349259,5.4219152150741107e-06
0.669875,-0.00164794921875,-0.0016394620958775797,-8.4871228724203024e-06
0.67000000000000004,-0.006744384765625,-0.0067428116602783299,-1.5731053466701284e-06
0.67012499999999997,-0.010833740234375,-0.010819084066412833,-1.4656167962166788e-05
0.67025000000000001,-0.01324462890625,-0.013251478783559355,6.8498773093551152e-06
0.67037500000000005,-0.013671875,-0.013672966811343199,1.0918113431991616e-06
0.67049999999999998,-0.01202392578125,-0.012021670715087071,-2.2550661629289204e-06
0.67062500000000003,-0.008544921875,-0.0085499387610566569,5.0168860566569135e-06
0.67074999999999996,-0.0037841796875,-0.0037857840101311333,1.6043226311332828e-06
0.670875,0.001556396484375,0.0015474195843923821,8.9768999826178933e-06
0.67100000000000004,0.00665283203125,0.0066407710798815928,1.2060951368407166e-05
0.67112499999999997,0.010711669921875,0.010722529886500642,-1.0859964625641733e-05
0.67125000000000001,0.01318359375,0.013175048474864802,8.5452751351980383e-06
0.67137500000000006,0.013641357421875,0.013628233145244318,1.3124276630681678e-05
0.67149999999999999,0.01202392578125,0.012015390779894974,8.5350013550259535e-06
0.67162500000000003,0.008575439453125,0.0085830346196163719,-7.5951664913719019e-06
0.67174999999999996,0.00384521484375,0.0038532087667641109,-7.9939230141108653e-06
0.671875,-0.00146484375,-0.001455910891086867,-8.9328589131330155e-06
0.67200000000000004,-0.00653076171875,-0.0065390635022146712,8.3017834646712321e-06
0.67212499999999997,-0.0106201171875,-0.010626040432303873,5.9232448038730456e-06
0.67225000000000001,-0.013092041015625,-0.013098387882306028,6.3468666810281155e-06
0.67237499999999994,-0.013580322265625,-0.013582992193289553,2.6699276645530956e-06
0.67249999999999999,-0.011993408203125,-0.012008386530610354,1.4978327485353632e-05
0.67262500000000003,-0.00860595703125,-0.0086152819439175021,9.3249126675021277e-06
0.67274999999999996,-0.00390625,-0.003919772312049115,1.3522312049115033e-05
0.672875,0.001373291015625,0.0013651627329991087,8.1282826258912647e-06
0.67300000000000004,0.006439208984375,0.0064379178025775448,1.2911817974551806e-06
0.67312499999999997,0.010528564453125,0.010529846425335037,-1.2819722100369801e-06
0.67325000000000002,0.013031005859375,0.013021728982072444,9.2768773025560247e-06
0.67337499999999995,0.0135498046875,0.013537476405215864,1.2328282284135988e-05
0.67349999999999999,0.011993408203125,0.012000890038401397,-7.4818352763968143e-06
0.67362500000000003,0.008636474609375,0.008646911632676748,-1.0437023301747977e-05
0.67374999999999996,0.003997802734375,0.0039857037568446245,1.2098977530375539e-05
0.673875,-0.00128173828125,-0.0012749481309130626,-6.7901503369373513e-06
0.67400000000000004,-0.00634765625,-0.0063371091537783386,-1.0547096221661355e-05
0.67412499999999997,-0.01043701171875,-0.010433724884604834,-3.2868341451660482e-06
0.67425000000000002,-0.012939453125,-0.012944850054039002,5.3969290390015051e-06
0.67437499999999995,-0.01348876953125,-0.013491464545904115,2.695014654115202e-06
0.67449999999999999,-0.011993408203125,-0.011992679704558303,-7.2849856669679469e-07
0.67462500000000003,-0.0086669921875,-0.0086777009309460685,1.0708743446068494e-05
0.67474999999999996,-0.004058837890625,-0.0040507785733740614,-8.059317250938558e-06
0.674875,0.001190185546875,0.0011854937327380457,4.6918141369542768e-06
0.67500000000000004,0.0062255859375,0.0062368663494429093,-1.1280411942909269e-05
0.67512499999999998,0.010345458984375,0.01033790644982807,7.5525345469302368e-06
0.67525000000000002,0.01287841796875,0.012867983004850057,1.043496389994264e-05
0.67537499999999995,0.013458251953125,0.01344518901833883,1.3062934786169794e-05
0.67549999999999999,0.011993408203125,0.011983987583353133,9.4206197718670753e-06
0.67562500000000003,0.008697509765625,0.0087078807529261323,-1.0370987301132339e-05
0.67574999999999996,0.004119873046875,0.0041152259179940238,4.6471288809761882e-06
0.675875,-0.0010986328125,-0.0010965724906880218,-2.0603218119782333e-06
0.67600000000000005,-0.006134033203125,-0.0061369644811527495,2.9312780277495482e-06
0.67612499999999998,-0.01025390625,-0.010242168058440915,-1.1738191559085287e-05
0.67625000000000002,-0.012786865234375,-0.01279090604483323,4.0408104582303345e-06
0.67637499999999995,-0.013397216796875,-0.013398428540404185,1.2117435291853634e-06
0.67649999999999999,-0.011962890625,-0.011974592058730194,1.17014337301935e-05
0.67662500000000003,-0.00872802734375,-0.0087372283585877633,9.2010148377633105e-06
0.67674999999999996,-0.004180908203125,-0.0041788213077918555,-2.0868953331445311e-06
0.676875,0.001007080078125,0.0010084109846604167,-1.3309065354167367e-06
0.67700000000000005,0.00604248046875,0.006037632261731072,4.8482070189280468e-06
0.67712499999999998,0.0101318359375,0.010146740268809363,-1.4904331309363236e-05
0.67725000000000002,0.012725830078125,0.012713851011079158,1.1979067045841604e-05
0.67737499999999995,0.013336181640625,0.013351415467851112,-1.5233827226112176e-05
0.67749999999999999,0.011962890625,0.011964725167183455,-1.8345421834552872e-06
0.67762500000000003,0.008758544921875,0.0087659746764678463,-7.4297545928463105e-06
0.67774999999999996,0.004241943359375,0.0042417939433828855,1.4941599211452244e-07
0.67787500000000001,-0.00091552734375,-0.00092078209944220066,5.2547556922006569e-06
0.67800000000000005,-0.005950927734375,-0.0059386447023817351,-1.2283031993264894e-05
0.67812499999999998,-0.010040283203125,-0.010051399937266956,1.1116734141955811e-05
0.67825000000000002,-0.01263427734375,-0.012636596044359046,2.31870060904589e-06
0.67837499999999995,-0.0133056640625,-0.013303928471094824,-1.7355914051758042e-06
0.67849999999999999,-0.011962890625,-0.011954165274451117,-8.7253505488826821e-06
0.67862500000000003,-0.0087890625,-0.0087938969803157824,4.8344803157823746e-06
0.67874999999999996,-0.004302978515625,-0.0043039193855102737,9.4086988527367771e-07
0.67887500000000001,0.000823974609375,0.00083391234806036115,-9.937738685361153e-06
0.67900000000000005,0.005828857421875,0.0058402304360008189,-1.1373014125818856e-05
0.67912499999999998,0.00994873046875,0.009956377541308058,-7.6470725580580351e-06
0.67925000000000002,0.0125732421875,0.012559372912216702,1.386927528329758e-05
0.67937499999999995,0.01324462890625,0.013256199858188692,-1.1570951938691745e-05
0.67949999999999999,0.011932373046875,0.011943144398385059,-1.0771351510058605e-05
0.67962500000000003,0.008819580078125,0.0088212262118929231,-1.6461337679230664e-06
0.67974999999999997,0.004364013671875,0.0043654268778186263,-1.4132059436263236e-06
0.67987500000000001,-0.000732421875,-0.00074757454898724594,1.5152673987245944e-05
0.68000000000000005,-0.0057373046875,-0.0057421643942919907,4.8597067919906728e-06
0.68012499999999998,-0.009857177734375,-0.0098614498566280528,4.2721222530527764e-06
0.68025000000000002,-0.012481689453125,-0.01248195968588146,2.7023275646007039e-07
0.68037499999999995,-0.013214111328125,-0.013208008251626045,-6.1030764989550984e-06
0.68049999999999999,-0.011932373046875,-0.011931440885662279,-9.3216121272061969e-07
0.68062500000000004,-0.00885009765625,-0.0088477396576020825,-2.3579986479175391e-06
0.68074999999999997,-0.004425048828125,-0.00442609202348241,1.0431953574099873e-06
0.68087500000000001,0.00067138671875,0.00066199514951747421,9.3915692325257857e-06
0.68100000000000005,0.005645751953125,0.0056446751310790001,1.0768220459998756e-06
0.68112499999999998,0.009765625,0.0097668472803371497,-1.2222803371497032e-06
0.68125000000000002,0.01239013671875,0.012404588063363793,-1.4451344613792758e-05
0.68137499999999995,0.013153076171875,0.013159585911316701,-6.5097394417006071e-06
0.68149999999999999,0.011932373046875,0.011919286734658542,1.3086312216458243e-05
0.68162500000000004,0.008880615234375,0.0088736682713114051,6.9469630635948798e-06
0.68174999999999997,0.004486083984375,0.0044861441079819039,-6.0123606903869642e-08
0.68187500000000001,-0.000579833984375,-0.00057694690294513875,-2.8870814298612548e-06
0.68200000000000005,-0.00555419921875,-0.0055475374994463931,-6.6617193036069486e-06
0.68212499999999998,-0.009674072265625,-0.009672346507985095,-1.7257576399049707e-06
0.68225000000000002,-0.0123291015625,-0.012327036046380881,-2.0655161191186766e-06
0.68237499999999995,-0.01312255859375,-0.013110711411394915,-1.1847182355084751e-05
0.6825,-0.01190185546875,-0.0119064602721524,4.6048034024002288e-06
0.68262500000000004,-0.0089111328125,-0.0088987893509873735,-1.2343461512626455e-05
0.68274999999999997,-0.004547119140625,-0.0045453587757084898,-1.7603649165101598e-06
0.68287500000000001,0.00048828125,0.00049265619193992268,-4.3749419399226764e-06
0.68300000000000005,0.005462646484375,0.0054509799750284103,1.1666509346589665e-05
0.68312499999999998,0.00958251953125,0.0095781778567773992,4.3416744726007539e-06
0.68325000000000002,0.012237548828125,0.012249535263447041,-1.1986435322040856e-05
0.68337499999999995,0.0130615234375,0.013061616963200169,-9.3525700168781145e-08
0.6835,0.01190185546875,0.011893193476215036,8.6619925349640248e-06
0.68362500000000004,0.0089111328125,0.0089233338615023559,-1.2201049002355871e-05
0.68374999999999997,0.004608154296875,0.0046039653527687316,4.1889441062684454e-06
0.68387500000000001,-0.000396728515625,-0.00040889570575036266,1.2167190125362659e-05
0.68400000000000005,-0.005340576171875,-0.0053547773331505451,1.4201161275545146e-05
0.68412499999999998,-0.009490966796875,-0.0094841179426206276,-6.8488542543723718e-06
0.68425000000000002,-0.012176513671875,-0.012171863646802847,-4.6500250721528275e-06
0.68437499999999996,-0.01300048828125,-0.013012081092088169,1.1592810838168682e-05
0.6845,-0.011871337890625,-0.011879264652918508,7.926762293507944e-06
0.68462500000000004,-0.008941650390625,-0.0089470791112914415,5.4287206664414833e-06
0.68474999999999997,-0.004669189453125,-0.0046617395235920558,-7.4499295329441897e-06
0.68487500000000001,0.000335693359375,0.00032589176355205462,9.8015958229453809e-06
0.68500000000000005,0.0052490234375,0.0052591579721436091,-1.0134534643609083e-05
0.68512499999999998,0.0093994140625,0.0093903970033228559,9.0170591771441405e-06
0.68525000000000003,0.0120849609375,0.012094252755518464,-9.2918180184635435e-06
0.68537499999999996,0.012969970703125,0.012962335960417258,7.6347427077419483e-06
0.6855,0.011871337890625,0.011864905759218692,6.4321314063083695e-06
0.68562500000000004,0.00897216796875,0.0089702560751635067,1.9118935864932685e-06
0.68574999999999997,0.004730224609375,0.0047189106537122109,1.131395566278913e-05
0.68587500000000001,-0.000244140625,-0.00024341699165004595,-7.2363334995405207e-07
0.68600000000000005,-0.005157470703125,-0.0051638965904616625,6.4258873366624877e-06
0.68612499999999998,-0.009307861328125,-0.0092967915756413163,-1.1069752483683706e-05
0.68625000000000003,-0.01202392578125,-0.012016480452417093,-7.4453288329071055e-06
0.68637499999999996,-0.012908935546875,-0.012912160044363559,3.224497488558617e-06
0.6865,-0.0118408203125,-0.011849895079679111,9.0747671791114454e-06
0.68662500000000004,-0.009002685546875,-0.0089926420709423079,-1.0043475932692073e-05
0.68674999999999997,-0.0047607421875,-0.0047752544664026566,1.4512278902656557e-05
0.68687500000000001,0.000152587890625,0.00016169764685274024,-9.1097562277402426e-06
0.68700000000000006,0.00506591796875,0.0050692215099968655,-3.303541246865542e-06
0.68712499999999999,0.00921630859375,0.0092035318185034517,1.2776775246548314e-05
0.68725000000000003,0.011932373046875,0.011938778227181826,-6.4051803068260194e-06
0.68737499999999996,0.012847900390625,0.012861785456910876,-1.3885066285876033e-05
0.6875,0.0118408203125,0.011834464549358064,6.3557631419363519e-06
0.68762500000000004,0.009002685546875,0.0090144680823007577,-1.1782535425757662e-05
0.68774999999999997,0.00482177734375,0.0048310003654604278,-9.2230217104277701e-06
0.68787500000000001,-9.1552734375e-05,-8.0506293646603538e-05,-1.1046440728396462e-05
0.68799999999999994,-0.004974365234375,-0.0049749073532170049,5.4211884200489058e-07
0.68812499999999999,-0.009124755859375,-0.0091103941900385777,-1.4361669336422286e-05
0.68825000000000003,-0.011871337890625,-0.011860923873292201,-1.0414017332798647e-05
0.68837499999999996,-0.0128173828125,-0.012810990624670917,-6.3921878290830458e-06
0.6885,-0.011810302734375,-0.011818392430526068,8.0896961510684012e-06
0.68862500000000004,-0.009033203125,-0.0090355114354055965,2.3083104055965364e-06
0.68874999999999997,-0.0048828125,-0.0048859241118194233,3.111611819423335e-06
0.68887500000000002,0,6.9127569133568275e-08,-6.9127569133568275e-08
0.68899999999999995,0.0048828125,0.0048811823664782397,1.6301335217603491e-06
0.68912499999999999,0.009002685546875,0.0090176087708011884,-1.4923223926188375e-05
0.68925000000000003,0.01177978515625,0.011783148811124996,-3.3636548749955281e-06
0.68937499999999996,0.01275634765625,0.01276000761087721,-3.6599546272102212e-06
0.6895,0.011810302734375,0.011801910635568008,8.3920988069915298e-06
0.68962500000000004,0.009063720703125,0.0090560031217364525,7.7175813885475147e-06
0.68974999999999997,0.00494384765625,0.0049402551463615507,3.5925098884493495e-06
0.68987500000000002,9.1552734375e-05,7.9841347591108413e-05,1.1711386783891587e-05
0.68999999999999995,-0.004791259765625,-0.0047878210971390844,-3.438668485915633e-06
0.69012499999999999,-0.0089111328125,-0.008924951940823234,1.3819128323233967e-05
0.69025000000000003,-0.01171875,-0.011705230764894175,-1.3519235105825464e-05
0.69037499999999996,-0.0126953125,-0.01270861479220934,1.3302292209339817e-05
0.6905,-0.01177978515625,-0.011784797403704672,5.012247454671756e-06
0.69062500000000004,-0.009063720703125,-0.0090757204747531749,1.1999771628174935e-05
0.69074999999999998,-0.0050048828125,-0.0049937692665324353,-1.1113545967564656e-05
0.69087500000000002,-0.000152587890625,-0.00015899899644898291,6.411105823982908e-06
0.69099999999999995,0.00469970703125,0.004695051716884566,4.6553143654339685e-06
0.69112499999999999,0.008819580078125,0.008832653702821238,-1.3073624696238045e-05
0.69125000000000003,0.011627197265625,0.011627401085765042,-2.0382014004165228e-07
0.69137499999999996,0.012664794921875,0.012657044181791293,7.7507400837069362e-06
0.6915,0.01177978515625,0.011767284623889089,1.2500532360910921e-05
0.69162500000000005,0.00909423828125,0.0090948944927184625,-6.5621146846245315e-07
0.69174999999999998,0.005035400390625,0.0050466959491309946,-1.1295558505994632e-05
0.69187500000000002,0.000244140625,0.00023763137482372764,6.5092501762723594e-06
0.69199999999999995,-0.004608154296875,-0.0046026486988676183,-5.5055980073817276e-06
0.69212499999999999,-0.00872802734375,-0.0087404903592507004,1.2463015500700433e-05
0.69225000000000003,-0.01153564453125,-0.011549437428787732,1.3792897537731955e-05
0.69237499999999996,-0.012603759765625,-0.012605074106019656,1.3143403946556942e-06
0.6925,-0.011749267578125,-0.011749150511542465,-1.1706658253549107e-07
0.69262500000000005,-0.009124755859375,-0.0091133025153505281,-1.1453344024471915e-05
0.69274999999999998,-0.005096435546875,-0.0050988110269519727,2.3754800769727399e-06
0.69287500000000002,-0.00030517578125,-0.00031551240636850433,1.0336625118504328e-05
0.69299999999999995,0.0045166015625,0.0045108401410015684,5.7614214984316042e-06
0.69312499999999999,0.008636474609375,0.008648691835533899,-1.2217226158899031e-05
0.69325000000000003,0.011474609375,0.011471571076014618,3.0382989853819375e-06
0.69337499999999996,0.012542724609375,0.012552936527566418,-1.0211918191418284e-05
0.69350000000000001,0.01171875,0.011730626931454531,-1.1876931454530767e-05
0.69362500000000005,0.009124755859375,0.0091311755466678586,-6.4196872928586057e-06
0.69374999999999998,0.005157470703125,0.0051503440115779706,7.1266915470293707e-06
0.69387500000000002,0.000396728515625,0.00039286970539856032,3.8588102264396811e-06
0.69399999999999995,-0.004425048828125,-0.0044194004431047807,-5.6483850202192903e-06
0.69412499999999999,-0.008544921875,-0.008557034357097865,1.2112482097864988e-05
0.69425000000000003,-0.011383056640625,-0.011393579613447457,1.0522972822456927e-05
0.69437499999999996,-0.01251220703125,-0.012500409722211,-1.1797309039000142e-05
0.69450000000000001,-0.01171875,-0.011711492074514268,-7.2579254857315506e-06
0.69462500000000005,-0.0091552734375,-0.0091482909316453857,-6.9825058546142682e-06
0.69474999999999998,-0.00518798828125,-0.0052010707700009297,1.3082488750929683e-05
0.69487500000000002,-0.000457763671875,-0.00046947725352181887,1.1713581646818872e-05
0.69499999999999995,0.00433349609375,0.0043285576302176977,4.9384635323022896e-06
0.69512499999999999,0.008453369140625,0.0084657477726041881,-1.2378631979188121e-05
0.69525000000000003,0.011322021484375,0.011315694254147883,6.3272302271173003e-06
0.69537499999999997,0.012451171875,0.01244772560184702,3.4462731529801005e-06
0.69550000000000001,0.011688232421875,0.011691977780623981,-3.7453587489813533e-06
0.69562500000000005,0.0091552734375,0.0091648796790451976,-9.606241545197583e-06
0.69574999999999998,0.0052490234375,0.0052512208474405214,-2.197409940521422e-06
0.69587500000000002,0.00054931640625,0.00054556272244249697,3.7536838075030287e-06
0.69599999999999995,-0.004241943359375,-0.0042380860297238842,-3.857329651115772e-06
0.69612499999999999,-0.00836181640625,-0.0083746082310077515,1.2791824757751522e-05
0.69625000000000004,-0.01123046875,-0.011237692515187712,7.2237651877124498e-06
0.69637499999999997,-0.01239013671875,-0.012394662391319127,4.5256725691271427e-06
0.69650000000000001,-0.01165771484375,-0.011671862215434037,1.4147371684036791e-05
0.69662500000000005,-0.009185791015625,-0.009180719138094243,-5.0718775307569824e-06
0.69674999999999998,-0.00531005859375,-0.0053005701439681353,-9.4884497818647356e-06
0.69687500000000002,-0.0006103515625,-0.0006209001506186319,1.0548588118631901e-05
0.69699999999999995,0.004150390625,0.0041482135946675526,2.1770303324473994e-06
0.69712499999999999,0.008270263671875,0.0082838455047698524,-1.3581832894852403e-05
0.69725000000000004,0.01116943359375,0.011159805540773369,9.6280529766311351e-06
0.69737499999999997,0.0123291015625,0.012341451951433045,-1.2350388933045006e-05
0.69750000000000001,0.01165771484375,0.011651377193252248,6.3376504977515069e-06
0.69762500000000005,0.009185791015625,0.0091960403213185334,-1.0249305693533356e-05
0.69774999999999998,0.005340576171875,0.0053493482373047282,-8.7720654297282485e-06
0.69787500000000002,0.000701904296875,0.00069571726606681636,6.1870308081836412e-06
0.69799999999999995,-0.004058837890625,-0.0040587145808989684,-1.2330972603159102e-07
0.698125,-0.0081787109375,-0.0081932356669188796,1.4524729418879598e-05
0.69825000000000004,-0.011077880859375,-0.011081810779188805,3.929919813804722e-06
0.69837499999999997,-0.012298583984375,-0.012287872455796331,-1.0711528578668736e-05
0.69850000000000001,-0.011627197265625,-0.011630300853791676,3.1035881666759135e-06
0.69862500000000005,-0.00921630859375,-0.0092106205812073714,-5.6880125426286149e-06
0.69874999999999998,-0.005401611328125,-0.0053973310594707009,-4.2802686542990631e-06
0.69887500000000002,-0.000762939453125,-0.0007697881629955566,6.8487098705565961e-06
0.69899999999999995,0.00396728515625,0.0039698168703684008,-2.5317141184007588e-06
0.699125,0.00811767578125,0.008103008414284199,1.4667366965800954e-05
0.69925000000000004,0.011016845703125,0.011003939305923053,1.2906397201946709e-05
0.69937499999999997,0.012237548828125,0.012234155713833596,3.3931142914035706e-06
0.69950000000000001,0.0115966796875,0.011608864985084063,-1.2185297584062921e-05
0.69962500000000005,0.00921630859375,0.0092246909330703213,-8.3823393203213276e-06
0.69974999999999998,0.00543212890625,0.0054447482195863093,-1.2619313336309328e-05
0.69987500000000002,0.0008544921875,0.00084334062463668389,1.1151562863316112e-05
0.69999999999999996,-0.003875732421875,-0.0038812946482719409,5.5622263969408794e-06
0.700125,-0.008026123046875,-0.0080129397445399212,-1.3183302335078792e-05
0.70025000000000004,-0.01092529296875,-0.010925968500627286,6.7553187728559838e-07
0.70037499999999997,-0.012176513671875,-0.012180079847630042,3.56617575504245e-06
0.70050000000000001,-0.0115966796875,-0.011586847700223389,-9.8319872766112343e-06
0.70062500000000005,-0.009246826171875,-0.0092380287316958191,-8.7974401791809237e-06
0.70074999999999998,-0.0054931640625,-0.0054913756805014821,-1.7883819985178503e-06
0.70087500000000003,-0.00091552734375,-0.0009161487998798957,6.2145612989570123e-07
0.70099999999999996,0.0037841796875,0.0037933757263695781,-9.1960388695780729e-06
0.701125,0.0079345703125,0.0079232592794406809,1.1311033059319131e-05
0.70125000000000004,0.010833740234375,0.010848129370234549,-1.4389135859549373e-05
0.70137499999999997,0.012115478515625,0.012125876614950525,-1.039809932552524e-05
0.70150000000000001,0.011566162109375,0.011564480760291845,1.6813490831546485e-06
0.70162500000000005,0.009246826171875,0.0092508649942116584,-4.0388223366584486e-06
0.70174999999999998,0.005523681640625,0.0055374430816216933,-1.3761440996693311e-05
0.70187500000000003,0.0009765625,0.00098844052608037538,-1.1878026080375378e-05
0.70199999999999996,-0.003692626953125,-0.0037058342201075197,1.3207266982519748e-05
0.702125,-0.007843017578125,-0.0078337429418861345,-9.2746362388654996e-06
0.70225000000000004,-0.010772705078125,-0.010770199225919921,-2.5058522050789428e-06
0.70237499999999997,-0.0120849609375,-0.012071324086088592,-1.3636851411407552e-05
0.70250000000000001,-0.01153564453125,-0.011541542251107354,5.8977198573537809e-06
0.70262500000000006,-0.00927734375,-0.0092629770767565754,-1.4366673243424583e-05
0.70274999999999999,-0.005584716796875,-0.0055827264155403596,-1.9903813346404051e-06
0.70287500000000003,-0.001068115234375,-0.0010599900057197478,-8.1252286552521702e-06
0.70299999999999996,0.003631591796875,0.0036188978719365805,1.2693924938419511e-05
0.703125,0.00775146484375,0.007744620279139673,6.8445646103270155e-06
0.70325000000000004,0.01068115234375,0.010692409006233246,-1.1256662483246499e-05
0.70337499999999997,0.01202392578125,0.012016653966887631,7.2718143623688725e-06
0.70350000000000001,0.011505126953125,0.011518263906145765,-1.3136953020765132e-05
0.70362499999999994,0.00927734375,0.0092745959973280362,2.7477526719638101e-06
0.70374999999999999,0.005615234375,0.005627455350847555,-1.2220975847554959e-05
0.70387500000000003,0.001129150390625,0.0011310251292149319,-1.8747385899318524e-06
0.70399999999999996,-0.0035400390625,-0.0035323407284584239,-7.698334041576077e-06
0.704125,-0.007659912109375,-0.0076556671398968316,-4.2449694781683533e-06
0.70425000000000004,-0.0106201171875,-0.010614535954056252,-5.5812334437480016e-06
0.70437499999999997,-0.011962890625,-0.011961644275594877,-1.2463494051227764e-06
0.70450000000000002,-0.011505126953125,-0.011494423783300393,-1.0703169824606562e-05
0.70462499999999995,-0.00927734375,-0.0092854991124667538,8.1553624667538016e-06
0.70474999999999999,-0.00567626953125,-0.0056714059087777614,-4.8636224722386004e-06
0.70487500000000003,-0.001190185546875,-0.0012013201515557051,1.113460468070513e-05
0.70499999999999996,0.003448486328125,0.0034463904637205035,2.0958644044964669e-06
0.705125,0.007568359375,0.0075671129975120278,1.2463774879721903e-06
0.70525000000000004,0.010528564453125,0.010536810939733229,-8.2464866082293531e-06
0.70537499999999997,0.01190185546875,0.011906526665886224,-4.6711971362235066e-06
0.70550000000000002,0.011474609375,0.011470253587807323,4.3557871926766523e-06
0.70562499999999995,0.009307861328125,0.0092959174401185552,1.1943888006444789e-05
0.70574999999999999,0.005706787109375,0.005714807786030918,-8.0206766559180048e-06
0.70587500000000003,0.00128173828125,0.0012711030151396896,1.0635266110310378e-05
0.70599999999999996,-0.00335693359375,-0.0033608210563651321,3.887462615132127e-06
0.706125,-0.007476806640625,-0.00747873362707721,1.9269864522100319e-06
0.70625000000000004,-0.010467529296875,-0.010459011138037383,-8.5181588376174316e-06
0.70637499999999998,-0.0118408203125,-0.01185107910372328,1.0258791223280439e-05
0.70650000000000002,-0.011444091796875,-0.011445531349006298,1.4395521312979276e-06
0.70662499999999995,-0.009307861328125,-0.0093056283362999426,-2.2329918250574288e-06
0.70674999999999999,-0.005767822265625,-0.0057574370314106595,-1.0385234214340539e-05
0.70687500000000003,-0.0013427734375,-0.0013401480264085138,-2.6254110914861791e-06
0.70699999999999996,0.003265380859375,0.0032758601129325247,-1.0479253557524673e-05
0.707125,0.00738525390625,0.0073907584286312944,-5.5045223812943966e-06
0.70725000000000005,0.0103759765625,0.010381367351305874,-5.390788805874e-06
0.70737499999999998,0.011810302734375,0.011795533190383355,1.4769543991644679e-05
0.70750000000000002,0.01141357421875,0.011420488743267457,-6.914524517457471e-06
0.70762499999999995,0.009307861328125,0.0093148628179791585,-7.0014898541585074e-06
0.70774999999999999,0.00579833984375,0.0057995233686458179,-1.1835248958178696e-06
0.70787500000000003,0.00140380859375,0.0014086831786759156,-4.8745849259156267e-06
0.70799999999999996,-0.003204345703125,-0.0031912815450203104,-1.3064158104689628e-05
0.708125,-0.007293701171875,-0.00730296310424048,9.2619323654799524e-06
0.70825000000000005,-0.01031494140625,-0.010303656686405304,-1.1284719844696298e-05
0.70837499999999998,-0.011749267578125,-0.011739666839318744,-9.6007388062559901e-06
0.70850000000000002,-0.011383056640625,-0.011394903770763038,1.1847130138038092e-05
0.70862499999999995,-0.00933837890625,-0.0093233982397506934,-1.4980666499306641e-05
0.70874999999999999,-0.005828857421875,-0.0058408428730386758,1.198545116367581e-05
0.70887500000000003,-0.00146484375,-0.001476482828754852,1.1639078754851952e-05
0.70899999999999996,0.00311279296875,0.0031073128925632756,5.4800761867244453e-06
0.70912500000000001,0.0072021484375,0.0072155769812304541,-1.3428543730454115e-05
0.70925000000000005,0.010223388671875,0.01022610987786826,-2.7212059932595761e-06
0.70937499999999998,0.011688232421875,0.011683711599193269,4.5208226817309433e-06
0.70950000000000002,0.011383056640625,0.011369008078398055,1.40485622269447e-05
0.70962499999999995,0.00933837890625,0.0093314656167010571,6.9132895489428664e-06
0.70974999999999999,0.005889892578125,0.0058816252942914763,8.2672838335236948e-06
0.70987500000000003,0.001556396484375,0.0015437750198111413,1.2621464563858723e-05
0.70999999999999996,-0.003021240234375,-0.0030237280009930093,2.4877666180093266e-06
0.71012500000000001,-0.00714111328125,-0.0071283756892514165,-1.2737591998583479e-05
0.71025000000000005,-0.010162353515625,-0.010148503964872378,-1.3849550752622133e-05
0.71037499999999998,-0.011627197265625,-0.011627445330742113,2.4806511711265855e-07
0.71050000000000002,-0.0113525390625,-0.011342579636578441,-9.9594259215587955e-06
0.71062499999999995,-0.00933837890625,-0.0093388423011007467,4.633948507467428e-07
0.71074999999999999,-0.00592041015625,-0.0059216467331388717,1.2365768888716877e-06
0.71087500000000003,-0.001617431640625,-0.0016103341579920059,-7.0974826329940795e-06
0.71099999999999997,0.0029296875,0.0029407543445437107,-1.1066844543710687e-05
0.71112500000000001,0.007049560546875,0.0070415884835118691,7.9720633631309018e-06
0.71125000000000005,0.01007080078125,0.010071069614366461,-2.6883311646068442e-07
0.71137499999999998,0.011566162109375,0.011571099529812065,-4.9374204370653679e-06
0.71150000000000002,0.011322021484375,0.011315850062151812,6.171422223187964e-06
0.71162499999999995,0.00933837890625,0.0093457593052734475,-7.3803990234475036e-06
0.71174999999999999,0.005950927734375,0.0059611369642004995,-1.0209229825499516e-05
0.71187500000000004,0.001678466796875,0.0016763883352543852,2.078461620614756e-06
0.71199999999999997,-0.00286865234375,-0.0028581657033910548,-1.0486640358945212e-05
0.71212500000000001,-0.0069580078125,-0.006954990921862185,-3.0168906378150173e-06
0.71225000000000005,-0.009979248046875,-0.0099935837980523485,1.4335751177348491e-05
0.71237499999999998,-0.011505126953125,-0.011514452004228196,9.3250511031955918e-06
0.71250000000000002,-0.01129150390625,-0.01128859729517937,-2.9066110706302967e-06
0.71262499999999995,-0.00933837890625,-0.0093519939782788636,1.3615072028863584e-05
0.71274999999999999,-0.006011962890625,-0.0059998721126161714,-1.2090778008828559e-05
0.71287500000000004,-0.001739501953125,-0.0017417120060164658,2.2100528914658323e-06
0.71299999999999997,0.002777099609375,0.0027761894869580959,9.1012241690410431e-07
0.71312500000000001,0.006866455078125,0.0068688121880086887,-2.35710988368866e-06
0.71325000000000005,0.009918212890625,0.0099162771155271324,1.9357750978676175e-06
0.71337499999999998,0.011444091796875,0.011457734196835285,-1.3642399960284851e-05
0.71350000000000002,0.011260986328125,0.011261052921875457,-6.6593750456742096e-08
0.71362499999999995,0.009368896484375,0.0093577773288016346,1.1119155573365361e-05
0.71375,0.00604248046875,0.0060380819768779933,4.398491872006742e-06
0.71387500000000004,0.001800537109375,0.0018065333099873469,-5.9962006123469129e-06
0.71399999999999997,-0.002685546875,-0.0026945994110746307,9.0525360746307112e-06
0.71412500000000001,-0.00677490234375,-0.0067828277685987228,7.9254248487228146e-06
0.71425000000000005,-0.00982666015625,-0.0098389264712572238,1.2266315007223791e-05
0.71437499999999998,-0.01141357421875,-0.011400723862367916,-1.285035638208358e-05
0.71450000000000002,-0.01123046875,-0.011232994851389908,2.5261013899078449e-06
0.71462499999999995,-0.009368896484375,-0.0093628867018377346,-6.0097825372654179e-06
0.71475,-0.006072998046875,-0.0060755427054870271,2.5446586120270523e-06
0.71487500000000004,-0.001861572265625,-0.0018706267487992826,9.0544831742825783e-06
0.71499999999999997,0.00262451171875,0.0026136228212574131,1.0888897492586889e-05
0.71512500000000001,0.006683349609375,0.0066972667764574299,-1.3917167082429932e-05
0.71525000000000005,0.009765625,0.0097617623977232001,3.862602276799923e-06
0.71537499999999998,0.0113525390625,0.011343652390498827,8.8866720011730738e-06
0.71550000000000002,0.011199951171875,0.011204654638751504,-4.7034668765044696e-06
0.71562499999999996,0.009368896484375,0.0093675531015710509,1.3433828039491336e-06
0.71575,0.006103515625,0.0061124841197879665,-8.9684947879664981e-06
0.71587500000000004,0.001922607421875,0.001934220508864974,-1.1613086989973979e-05
0.71599999999999997,-0.002532958984375,-0.0025330333698694646,7.4385494464555835e-08
0.71612500000000001,-0.006622314453125,-0.0066119046276572942,-1.0409825467705761e-05
0.71625000000000005,-0.009674072265625,-0.0096845617324076289,1.0489466782628853e-05
0.71637499999999998,-0.01129150390625,-0.011286297482708532,-5.2064235414681775e-06
0.71650000000000003,-0.01116943359375,-0.011175810161647721,6.376567897720814e-06
0.71662499999999996,-0.009368896484375,-0.0093715538680762926,2.6573837012926205e-06
0.71675,-0.006134033203125,-0.0061486823906109064,1.4649187485906399e-05
0.71687500000000004,-0.001983642578125,-0.0019970891380113307,1.3446559886330731e-05
0.71699999999999997,0.00244140625,0.002453058339425876,-1.1652089425876009e-05
0.71712500000000001,0.00653076171875,0.0065269703647563024,3.7913539936975868e-06
0.71725000000000005,0.009613037109375,0.0096075549409288443,5.4821684461556913e-06
0.71737499999999998,0.01123046875,0.011228890475337146,1.5782746628535682e-06
0.71750000000000003,0.011138916015625,0.011146692943377339,-7.7769277523394992e-06
0.71762499999999996,0.009368896484375,0.0093751200001989023,-6.2235158239023342e-06
0.71775,0.006195068359375,0.0061843673611310657,1.0700998243934334e-05
0.71787500000000004,0.002044677734375,0.0020594608683123117,-1.4783133937311746e-05
0.71799999999999997,-0.00238037109375,-0.0023734713197324613,-6.8997740175387456e-06
0.71812500000000001,-0.006439208984375,-0.0064422393338859274,3.0303495109273645e-06
0.71825000000000006,-0.009521484375,-0.0095305187940313875,9.0344190313874917e-06
0.71837499999999999,-0.01116943359375,-0.011171209016461724,1.7754227117239979e-06
0.71850000000000003,-0.0111083984375,-0.011117080829633816,8.6823921338161775e-06
0.71862499999999996,-0.009368896484375,-0.0093780288322498039,9.1323478748038533e-06
0.71875,-0.0062255859375,-0.0062193152235132977,-6.2707139867022865e-06
0.71887500000000004,-0.00213623046875,-0.0021211102927451617,-1.5120176004838285e-05
0.71899999999999997,0.002288818359375,0.0022944995311915107,-5.6811718165106738e-06
0.71912500000000001,0.00634765625,0.0063579405079693561,-1.0284257969356107e-05
0.71924999999999994,0.00946044921875,0.0094536836907334297,6.7655280165702936e-06
0.71937499999999999,0.0111083984375,0.011113484388948304,-5.0859514483039825e-06
0.71950000000000003,0.011077880859375,0.011087205311457489,-9.3244520824892901e-06
0.71962499999999996,0.009368896484375,0.0093805113569037733,-1.161487252877326e-05
0.71975,0.006256103515625,0.006253755841752499,2.3476738725009688e-06
0.71987500000000004,0.002197265625,0.0021822656880246811,1.4999936975318862e-05
0.71999999999999997,-0.002227783203125,-0.0022159165019605088,-1.1866701164491185e-05
0.72012500000000002,-0.00628662109375,-0.006273849163810759,-1.2771929939241027e-05
0.72024999999999995,-0.009368896484375,-0.0093768263353201046,7.9298509451045801e-06
0.72037499999999999,-0.01104736328125,-0.011055494187332563,8.1309060825634355e-06
0.72050000000000003,-0.01104736328125,-0.011056844202028231,9.4809207782306504e-06
0.72062499999999996,-0.009368896484375,-0.0093823449018977483,1.3448417522748252e-05
0.72075,-0.00628662109375,-0.0062874654283387428,8.4433458874284134e-07
0.72087500000000004,-0.002227783203125,-0.0022427016912409136,1.4918488115913623e-05
0.72099999999999997,0.00213623046875,0.0021379493912324159,-1.7189224824159209e-06
0.72112500000000002,0.006195068359375,0.0061901942053361652,4.8741540388348367e-06
0.72124999999999995,0.009307861328125,0.0093001770604821121,7.6842676428878764e-06
0.72137499999999999,0.010986328125,0.010997469640879366,-1.1141515879366237e-05
0.72150000000000003,0.011016845703125,0.011026228959621364,-9.3832564963640397e-06
0.72162499999999996,0.009368896484375,0.0093837604529180049,-1.4863968543004855e-05
0.72175,0.006317138671875,0.0063206738671002967,-3.5351952252966889e-06
0.72187500000000004,0.002288818359375,0.0023026466227203529,-1.382826334535292e-05
0.72199999999999998,-0.0020751953125,-0.0020603716663942112,-1.4823646105788842e-05
0.72212500000000002,-0.006103515625,-0.0061067508406669564,3.2352156669563856e-06
0.72224999999999995,-0.00921630859375,-0.0092235125043087576,7.2039105587576313e-06
0.72237499999999999,-0.01092529296875,-0.010939188290461858,1.3895321711858422e-05
0.72250000000000003,-0.010986328125,-0.010995137364398807,8.8092393988065815e-06
0.72262499999999996,-0.0093994140625,-0.0093845353303139423,-1.487873218605773e-05
0.72275,-0.00634765625,-0.0063531573898547265,5.5011398547265278e-06
0.72287500000000005,-0.002349853515625,-0.0023618751626652327,1.2021647040232671e-05
0.72299999999999998,0.001983642578125,0.0019834104263322227,2.321517927773159e-07
0.72312500000000002,0.006011962890625,0.0060237479053619584,-1.1785014736958449e-05
0.72324999999999995,0.0091552734375,0.0091470629334546843,8.2105040453157169e-06
0.72337499999999999,0.010894775390625,0.010880881311624419,1.3894079000580789e-05
0.72350000000000003,0.010955810546875,0.010963800841373128,-7.9902944981283947e-06
0.72362499999999996,0.0093994140625,0.0093849005119886492,1.4513550511350767e-05
0.72375,0.006378173828125,0.0063851458992759229,-6.9720711509228817e-06
0.72387500000000005,0.002410888671875,0.0024206156739911668,-9.7270021161667899e-06
0.72399999999999998,-0.00189208984375,-0.0019068390785701812,1.4749234820181194e-05
0.72412500000000002,-0.005950927734375,-0.0059409605395092588,-9.9671948657412135e-06
0.72424999999999995,-0.009063720703125,-0.009070604920109783,6.8842169847829759e-06
0.72437499999999999,-0.010833740234375,-0.01082232619147014,-1.1414042904859742e-05
0.72450000000000003,-0.01092529296875,-0.010931997137202229,6.7041684522293338e-06
0.72462499999999996,-0.0093994140625,-0.0093846333101053458,-1.478075239465422e-05
0.72475000000000001,-0.00640869140625,-0.0064164156455480247,7.7242392980247238e-06
0.72487500000000005,-0.002471923828125,-0.0024786428789883713,6.7190508633713231e-06
0.72499999999999998,0.0018310546875,0.0018308846625743806,1.7002492561936887e-07
0.72512500000000002,0.005859375,0.0058586175109481154,7.5748905188459392e-07
0.72524999999999995,0.009002685546875,0.0089943686651711881,8.3168817038119236e-06
0.72537499999999999,0.010772705078125,0.010763754051723208,8.9510264017923086e-06
0.72550000000000003,0.010894775390625,0.010899957643153749,-5.1822525287490567e-06
0.72562499999999996,0.009368896484375,0.0093839646939952327,-1.5068209620232656e-05
0.72575000000000001,0.006439208984375,0.0064471965492141573,-7.9875648391573156e-06
0.72587500000000005,0.002532958984375,0.0025361851821608244,-3.2261977858244473e-06
0.72599999999999998,-0.00177001953125,-0.0017553205269113077,-1.4699004338692345e-05
0.72612500000000002,-0.005767822265625,-0.0057764938923619688,8.6716267369687725e-06
0.72624999999999995,-0.0089111328125,-0.0089181306752299759,6.9978627299759066e-06
0.72637499999999999,-0.010711669921875,-0.010704942325619544,-6.7275962554562418e-06
0.72650000000000003,-0.0108642578125,-0.010867460071907815,3.2022594078154332e-06
0.72662499999999997,-0.009368896484375,-0.0093826719668674893,1.3775482492489263e-05
0.72675000000000001,-0.0064697265625,-0.0064772648778501892,7.53831535018918e-06
0.72687500000000005,-0.002593994140625,-0.002593017346869671,-9.7679375532901472e-07
0.72699999999999998,0.001678466796875,0.0016803736525276194,-1.9068556526193742e-06
0.72712500000000002,0.005706787109375,0.0056948183845228094,1.1968724852190644e-05
0.72724999999999995,0.00885009765625,0.0088421210857341469,7.9765705158531264e-06
0.72737499999999999,0.010650634765625,0.010646122080977136,4.5126846478643623e-06
0.72750000000000004,0.010833740234375,0.010834735780525158,-9.9554615015824688e-07
0.72762499999999997,0.009368896484375,0.0093809860887069628,-1.2089604331962794e-05
0.72775000000000001,0.006500244140625,0.0065068505689161093,-6.6064282911093217e-06
0.72787500000000005,0.002655029296875,0.0026493678181985923,5.6614786764076601e-06
0.72799999999999998,-0.001617431640625,-0.0016058173299074708,-1.1614310717529249e-05
0.72812500000000002,-0.005615234375,-0.0056133659933682257,-1.868381631774281e-06
0.72824999999999995,-0.008758544921875,-0.0087661163379775774,7.5714161025773608e-06
0.72837499999999999,-0.010589599609375,-0.010587070697084257,-2.5289122907428546e-06
0.72850000000000004,-0.01080322265625,-0.01080156244724923,-1.6602090007703657e-06
0.72862499999999997,-0.009368896484375,-0.0093786843529987708,9.7878686237708179e-06
0.72875000000000001,-0.00653076171875,-0.0065357299064165838,4.9681876665838218e-06
0.72887500000000005,-0.002716064453125,-0.0027050113995989206,-1.105305352607942e-05
0.72899999999999998,0.00152587890625,0.0015318784823769721,-5.999576126972106e-06
0.72912500000000002,0.005523681640625,0.0055323653532468858,-8.6837126218857613e-06
0.72924999999999995,0.008697509765625,0.0086903465022772214,7.1632633477786145e-06
0.729375,0.010528564453125,0.010528019187773036,5.4526535196372516e-07
0.72950000000000004,0.010772705078125,0.010768171394481538,4.533683643462294e-06
0.72962499999999997,0.009368896484375,0.0093759977096292847,-7.1012252542846516e-06
0.72975000000000001,0.006561279296875,0.0065641328437753728,-2.8535469003727887e-06
0.72987500000000005,0.00274658203125,0.0027601765757323056,-1.3594544482305616e-05
0.72999999999999998,-0.00146484375,-0.001458330343241238,-6.5134067587619641e-06
0.73012500000000002,-0.005462646484375,-0.0054515914040136606,-1.1055080361339377e-05
0.73024999999999995,-0.00860595703125,-0.0086145879549496245,8.6309236996245237e-06
0.730375,-0.010467529296875,-0.010468744878316673,1.2155814416731775e-06
0.73050000000000004,-0.0107421875,-0.010734340265587233,-7.8472344127670374e-06
0.73062499999999997,-0.009368896484375,-0.0093727034416042406,3.8069572292406123e-06
0.73075000000000001,-0.006591796875,-0.0065918356804986773,3.8805498677255135e-08
0.73087500000000005,-0.0028076171875,-0.0028146381891372128,7.0210016372127849e-06
0.73099999999999998,0.001373291015625,0.00138539977908855,-1.2108763463550016e-05
0.73112500000000002,0.00537109375,0.0053712727142548409,-1.7896425484088818e-07
0.73124999999999996,0.008544921875,0.0085390707014903772,5.8511735096227618e-06
0.731375,0.010406494140625,0.010409478728501679,-2.9845878766789069e-06
0.73150000000000004,0.010711669921875,0.010700300347871438,1.1369574003562352e-05
0.73162499999999997,0.009368896484375,0.0093690324879658962,-1.360035908962165e-07
0.73175000000000001,0.006622314453125,0.006619068385032352,3.2460680926479912e-06
0.73187500000000005,0.00286865234375,0.002868624763073202,2.7580676797978043e-08
0.73199999999999998,-0.001312255859375,-0.0013128599669464894,6.0410757148944561e-07
0.73212500000000003,-0.005279541015625,-0.0052911841583842588,1.1643142759258825e-05
0.73224999999999996,-0.008453369140625,-0.0084635710535677384,1.0201912942738381e-05
0.732375,-0.010345458984375,-0.010349998009528117,4.5390251531170211e-06
0.73250000000000004,-0.01068115234375,-0.010665829249391847,-1.5323094358152614e-05
0.73262499999999997,-0.009368896484375,-0.0093647621205145606,-4.13436386043943e-06
0.73275000000000001,-0.00665283203125,-0.0066456072714442876,-7.2247598057123899e-06
0.73287500000000005,-0.0029296875,-0.002921911178170305,-7.7763218296949752e-06
0.73299999999999998,0.001251220703125,0.0012409377175612345,1.0282985563765494e-05
0.73312500000000003,0.005218505859375,0.0052115542398907993,6.9516194842007481e-06
0.73324999999999996,0.008392333984375,0.0083883189521924955,4.0150321825044993e-06
0.733375,0.010284423828125,0.010290533627090273,-6.1097989652730833e-06
0.73350000000000004,0.0106201171875,0.010631158221938632,-1.104103443863233e-05
0.73362499999999997,0.009368896484375,0.0093601232667167699,8.7732176582300953e-06
0.73375000000000001,0.006683349609375,0.0066716823222842453,1.1667287090754742e-05
0.73387500000000006,0.002960205078125,0.0029747259952988209,-1.4520917173820903e-05
0.73399999999999999,-0.00115966796875,-0.0011694061525532587,9.7381838032586585e-06
0.73412500000000003,-0.005126953125,-0.0051321577684184314,5.2046434184313539e-06
0.73424999999999996,-0.00830078125,-0.0083130906447137359,1.2309394713735933e-05
0.734375,-0.010223388671875,-0.010230862798273566,7.4741263985655948e-06
0.73450000000000004,-0.010589599609375,-0.010596064837847349,6.4652284723493159e-06
0.73462499999999997,-0.009368896484375,-0.0093548931864404061,-1.4003297934593942e-05
0.73475000000000001,-0.006683349609375,-0.006697069865253924,1.3720255878924004e-05
0.73487499999999994,-0.003021240234375,-0.0030268441322250975,5.6038978500975133e-06
0.73499999999999999,0.0010986328125,0.0010984920277205426,1.4078477945738375e-07
0.73512500000000003,0.00506591796875,0.0050532231830146355,1.2694785735364519e-05
0.73524999999999996,0.00823974609375,0.0082381160080030671,1.6300857469328522e-06
0.735375,0.010162353515625,0.010171216374638251,-8.8628590132512619e-06
0.73550000000000004,0.01055908203125,0.010560780312985119,-1.6982817351192392e-06
0.73562499999999997,0.00933837890625,0.0093493027948661385,-1.0923888616138494e-05
0.73575000000000002,0.0067138671875,0.0067219998960887746,-8.1327085887745662e-06
0.73587499999999995,0.003082275390625,0.0030784941864409254,3.7812041840746061e-06
0.73599999999999999,-0.00103759765625,-0.0010279684101742216,-9.6292460757783915e-06
0.73612500000000003,-0.004974365234375,-0.0049745252292283581,1.5999485335812386e-07
0.73624999999999996,-0.008148193359375,-0.0081631712254373618,1.4977866062361803e-05
0.736375,-0.010101318359375,-0.010111371519126028,1.0053159751027829e-05
0.73650000000000004,-0.010528564453125,-0.010525082183566877,-3.4822695581231827e-06
0.73662499999999997,-0.00933837890625,-0.0093431293392169101,4.7504329669101342e-06
0.73675000000000002,-0.006744384765625,-0.0067462487552309046,1.8639896059045521e-06
0.73687499999999995,-0.003143310546875,-0.0031294511118634314,-1.3859435011568614e-05
0.73699999999999999,0.000946044921875,0.00095806200164137874,-1.2017079766378741e-05
0.73712500000000003,0.0048828125,0.0048962922823380514,-1.3479782338051381e-05
0.73724999999999996,0.008087158203125,0.0080884861100851413,-1.3279069601412896e-06
0.737375,0.010040283203125,0.010051559029141625,-1.1275826016624718e-05
0.73750000000000004,0.010498046875,0.010489201629143319,8.8452458566808806e-06
0.73762499999999998,0.00933837890625,0.0093366037216843483,1.7751845656516912e-06
0.73775000000000002,0.00677490234375,0.0067700464506947472,4.8558930552528023e-06
0.73787499999999995,0.003173828125,0.0031799435416615144,-6.115416661514432e-06
0.73799999999999999,-0.000885009765625,-0.00088854581561927267,3.5360499942726662e-06
0.73812500000000003,-0.00482177734375,-0.0048182990244504745,-3.478319299525523e-06
0.73824999999999996,-0.008026123046875,-0.0080138367817065743,-1.2286265168425653e-05
0.738375,-0.009979248046875,-0.0099915560134622924,1.230796658729244e-05
0.73850000000000005,-0.010467529296875,-0.010452916149423001,-1.4613147451998654e-05
0.73862499999999998,-0.00933837890625,-0.0093295031761617044,-8.8757300882955775e-06
0.73875000000000002,-0.006805419921875,-0.0067931693347581239,-1.2250587116876058e-05
0.73887499999999995,-0.00323486328125,-0.0032297464649389076,-5.1168163110923946e-06
0.73899999999999999,0.000823974609375,0.00081964650065362321,4.328108721376794e-06
0.73912500000000003,0.004730224609375,0.0047407737677508293,-1.0549158375829266e-05
0.73924999999999996,0.0079345703125,0.007939452989929846,-4.8826774298460496e-06
0.739375,0.009918212890625,0.0099315932153282646,-1.3380324703264612e-05
0.73950000000000005,0.010406494140625,0.010416456887263781,-9.9627466387808283e-06
0.73962499999999998,0.009307861328125,0.0093220585911622453,-1.4197263037245278e-05
0.73975000000000002,0.006805419921875,0.0068158474268306185,-1.042750495561847e-05
0.73987499999999995,0.003265380859375,0.0032790885495629953,-1.3707690187995253e-05
0.73999999999999999,-0.000762939453125,-0.00075113701749227946,-1.1802435632720537e-05
0.74012500000000003,-0.004669189453125,-0.0046634911315853317,-5.6983215396683162e-06
0.74024999999999996,-0.00787353515625,-0.0078651107912531687,-8.4243649968313017e-06
0.74037500000000001,-0.009857177734375,-0.009871447689348006,1.4269954973005969e-05
0.74050000000000005,-0.0103759765625,-0.01037960130549611,3.6247429961097644e-06
0.74062499999999998,-0.009307861328125,-0.0093140471865648961,6.1858584398961219e-06
0.74075000000000002,-0.0068359375,-0.0068378570901331181,1.9195901331181195e-06
0.74087499999999995,-0.003326416015625,-0.0033277448188678322,1.3288032428321501e-06
0.74099999999999999,0.00067138671875,0.00068324396238682327,-1.1857243636823273e-05
0.74112500000000003,0.00457763671875,0.0045866793657121591,-9.0426469621590969e-06
0.74124999999999996,0.007781982421875,0.0077910398722355464,-9.0574503605464138e-06
0.74137500000000001,0.009796142578125,0.0098113501245916633,-1.5207546466663308e-05
0.74150000000000005,0.010345458984375,0.010342580509919826,2.8784744551743624e-06
0.74162499999999998,0.009307861328125,0.0093056998365358672,2.1614915891327718e-06
0.74175000000000002,0.006866455078125,0.0068594283545871651,7.0267235378349349e-06
0.74187499999999995,0.003387451171875,0.0033759439744848324,1.1507197390167589e-05
0.74199999999999999,-0.0006103515625,-0.00061574024422644921,5.3886817264492144e-06
0.74212500000000003,-0.0045166015625,-0.0045101130274017055,-6.4885350982944734e-06
0.74224999999999997,-0.007720947265625,-0.0077170162264853437,-3.9310391396563463e-06
0.74237500000000001,-0.009765625,-0.0097510775215064877,-1.4547478493512345e-05
0.74250000000000005,-0.01031494140625,-0.010305171926130745,-9.7694801192548669e-06
0.74262499999999998,-0.009307861328125,-0.0092967937462694085,-1.1067581855591507e-05
0.74275000000000002,-0.006866455078125,-0.0068803375934973487,1.3882515372348747e-05
0.74287499999999995,-0.00341796875,-0.0034234610730249871,5.4923230249871377e-06
0.74299999999999999,0.00054931640625,0.00054885240783903897,4.6399841096102842e-07
0.74312500000000004,0.004425048828125,0.0044340203046670653,-8.9714765420653361e-06
0.74324999999999997,0.00762939453125,0.0076432694778530048,-1.387494660300484e-05
0.74337500000000001,0.00970458984375,0.0096908605150074888,1.3729328742511163e-05
0.74350000000000005,0.01025390625,0.010267606622519798,-1.3700372519798165e-05
0.74362499999999998,0.00927734375,0.0092875597749233416,-1.021602492334156e-05
0.74375000000000002,0.00689697265625,0.0069008148464255008,-3.8421901755007759e-06
0.74387499999999995,0.00347900390625,0.003470524848929703,8.479057320296985e-06
0.74399999999999999,-0.00048828125,-0.00048235331114309418,-5.9279388569058195e-06
0.74412500000000004,-0.004364013671875,-0.0043581756933650092,-5.8379785099907724e-06
0.74424999999999997,-0.007568359375,-0.0075695755574370855,1.2161824370854682e-06
0.74437500000000001,-0.0096435546875,-0.0096304760513956488,-1.3078636104351185e-05
0.74450000000000005,-0.010223388671875,-0.010229661987104488,6.2733152294876943e-06
0.74462499999999998,-0.00927734375,-0.0092777751123631815,4.3136236318151722e-07
0.74475000000000002,-0.006927490234375,-0.0069206364958905118,-6.8537384844882115e-06
0.74487499999999995,-0.003509521484375,-0.0035169103911547686,7.3889067797685594e-06
0.745,0.00042724609375,0.00041646944842469434,1.0776645325305664e-05
0.74512500000000004,0.0042724609375,0.0042828073204483081,-1.03463829483081e-05
0.74524999999999997,0.00750732421875,0.0074961640267665313,1.1160191983468695e-05
0.74537500000000001,0.00958251953125,0.0095701547114577339,1.2364819792266141e-05
0.74550000000000005,0.01019287109375,0.010191569050531387,1.3020432186126168e-06
0.74562499999999998,0.00927734375,0.0092676706020906781,9.6731479093219164e-06
0.74575000000000002,0.006927490234375,0.0069400325902451692,-1.2542355870169206e-05
0.74587499999999995,0.003570556640625,0.0035628464660056518,7.710174619348243e-06
0.746,-0.0003662109375,-0.00035097362748876085,-1.5237310011239149e-05
0.74612500000000004,-0.00421142578125,-0.0042076896210504304,-3.7361601995695992e-06
0.74624999999999997,-0.007415771484375,-0.0074228107548085119,7.0392704335118725e-06
0.74637500000000001,-0.009521484375,-0.0095096733873795726,-1.1810987620427399e-05
0.74650000000000005,-0.010162353515625,-0.010153105162909581,-9.2483527154192668e-06
0.74662499999999998,-0.009246826171875,-0.0092570234179997352,1.019724612473516e-05
0.74675000000000002,-0.0069580078125,-0.0069587795203652891,7.717078652890591e-07
0.74687499999999996,-0.00360107421875,-0.0036081081938453526,7.0339750953525917e-06
0.747,0.000274658203125,0.00028609229295870829,-1.1434089833708288e-05
0.74712500000000004,0.004119873046875,0.0041330506617385104,-1.3177614863510434e-05
0.74724999999999997,0.007354736328125,0.0073497452411652574,4.991086959742555e-06
0.74737500000000001,0.00946044921875,0.0094492626058486507,1.1186612901349299e-05
0.74750000000000005,0.010101318359375,0.01011450131681786,-1.3182957442859841e-05
0.74762499999999998,0.009246826171875,0.0092460643873081023,7.6178456689772467e-07
0.74775000000000003,0.006988525390625,0.0069771073425465473,1.1418048078452696e-05
0.74787499999999996,0.003662109375,0.0036529243719316045,9.18500306839546e-06
0.748,-0.000213623046875,-0.00022159820340821542,7.9751565332154167e-06
0.74812500000000004,-0.004058837890625,-0.0040586648176154866,-1.7307300951337895e-07
0.74824999999999997,-0.00726318359375,-0.0072767432930679575,1.3559699317957502e-05
0.74837500000000001,-0.0093994140625,-0.0093886992049781008,-1.0714857521899185e-05
0.74850000000000005,-0.01007080078125,-0.010075534824140709,4.7340428907093751e-06
0.74862499999999998,-0.009246826171875,-0.0092345706673092141,-1.2255504565785932e-05
0.74875000000000003,-0.006988525390625,-0.0069947924551964124,6.2670645714123577e-06
0.74887499999999996,-0.003692626953125,-0.003697070151104842,4.4431979798419639e-06
0.749,0.000152587890625,0.00015771775466023058,-5.1298640352305817e-06
0.74912500000000004,0.003997802734375,0.0039847600955526105,1.304263882238952e-05
0.74924999999999997,0.0072021484375,0.0072040343485754027,-1.885911075402702e-06
0.74937500000000001,0.00933837890625,0.0093282136574058348,1.0165248844165239e-05
0.74950000000000006,0.010040283203125,0.010036436639079532,3.8465640454683758e-06
0.74962499999999999,0.00921630859375,0.0092227730683166805,-6.4644745666805198e-06
0.74975000000000003,0.00701904296875,0.0070120649217168965,6.9780470331034725e-06
0.74987499999999996,0.003753662109375,0.0037407743586449324,1.2887750730067576e-05
0.75,-9.1552734375e-05,-9.422365693628179e-05,2.6709225612817902e-06
0.75012500000000004,-0.00390625,-0.0039111108112921357,4.8608112921356625e-06
0.75024999999999997,-0.00714111328125,-0.007131394153585496,-9.7191276645040153e-06
0.75037500000000001,-0.00927734375,-0.0092675827472211442,-9.7610027788557624e-06
0.75049999999999994,-0.010009765625,-0.0099969840349919473,-1.2781590008052734e-05
0.75062499999999999,-0.00921630859375,-0.009210448730419445,-5.8598633305550346e-06
0.75075000000000003,-0.00701904296875,-0.0070287011472130534,9.6581784630534254e-06
0.75087499999999996,-0.0037841796875,-0.003783812174960956,-3.6751253904400774e-07
0.751,3.0517578125e-05,3.1342258131769817e-05,-8.2468000676981702e-07
0.75112500000000004,0.00384521484375,0.0038379449127014216,7.2699310485783639e-06
0.75124999999999997,0.007049560546875,0.0070590520850230204,-9.49153814802043e-06
0.75137500000000002,0.00921630859375,0.0092070368930734312,9.2717006765687809e-06
0.75149999999999995,0.00994873046875,0.0099574079274054889,-8.677458655488926e-06
0.75162499999999999,0.009185791015625,0.0091978284464202479,-1.2037430795247897e-05
0.75175000000000003,0.007049560546875,0.0070449312013783965,4.6293454966034667e-06
0.75187499999999996,0.003814697265625,0.0038264124564331287,-1.1715190808128662e-05
0.752,3.0517578125e-05,3.1153779035505882e-05,-6.3620091050588202e-07
0.75212500000000004,-0.003753662109375,-0.0037650366568551022,1.1374547480102245e-05
0.75224999999999997,-0.006988525390625,-0.0069867838278528929,-1.7415627721071095e-06
0.75237500000000002,-0.0091552734375,-0.0091463528250930251,-8.9206124069748927e-06
0.75249999999999995,-0.009918212890625,-0.0099174855508610531,-7.2733976394685762e-07
0.75262499999999999,-0.009185791015625,-0.0091846893386016738,-1.1016770233261697e-06
0.75275000000000003,-0.007049560546875,-0.0070605314951935234,1.0970948318523438e-05
0.75287499999999996,-0.003875732421875,-0.0038683504121256717,-7.3820097493283027e-06
0.753,-9.1552734375e-05,-9.3038153727972313e-05,1.4854193529723135e-06
0.75312500000000004,0.003692626953125,0.0036926139333106111,1.3019814388941231e-08
0.75324999999999998,0.006927490234375,0.0069148186982824602,1.2671536092539841e-05
0.75337500000000002,0.00909423828125,0.0090857609080026019,8.4773732473980568e-06
0.75349999999999995,0.0098876953125,0.0098774477819296297,1.0247530570370311e-05
0.75362499999999999,0.009185791015625,0.0091712621816677723,1.4528833957227691e-05
0.75375000000000003,0.007080078125,0.0070757321038304767,4.3460211695232898e-06
0.75387499999999996,0.00390625,0.0039098549266307269,-3.6049266307269442e-06
0.754,0.000152587890625,0.00015453824985894936,-1.9503592339493569e-06
0.75412500000000005,-0.003631591796875,-0.0036204509411699153,-1.1140855705084676e-05
0.75424999999999998,-0.0068359375,-0.0068429323207604316,6.9948207604315915e-06
0.75437500000000002,-0.009033203125,-0.0090250378180492027,-8.1653069507973269e-06
0.75449999999999995,-0.00982666015625,-0.0098370718160587962,1.0411659808796242e-05
0.75462499999999999,-0.0091552734375,-0.0091573240795067117,2.0506420067116504e-06
0.75475000000000003,-0.007080078125,-0.007090309443354227,1.0231318354226963e-05
0.75487499999999996,-0.003936767578125,-0.003950701236762195,1.3933658637194958e-05
0.755,-0.000213623046875,-0.00021542781279602175,1.8047659210217539e-06
0.75512500000000005,0.0035400390625,0.0035487755123554702,-8.7364498554702227e-06
0.75524999999999998,0.00677490234375,0.0067713539511808736,3.5483925691264309e-06
0.75537500000000002,0.00897216796875,0.0089644138661114908,7.7541026385092443e-06
0.75549999999999995,0.009796142578125,0.0097965884905928148,-4.4591246781480742e-07
0.75562499999999999,0.0091552734375,0.0091431057881441492,1.2167649355850768e-05
0.75575000000000003,0.007110595703125,0.0071044935936139184,6.1021095110816437e-06
0.75587499999999996,0.003997802734375,0.0039911182544185974,6.6844799564026031e-06
0.75600000000000001,0.000274658203125,0.00027593427221470431,-1.2760690897043142e-06
0.75612500000000005,-0.00347900390625,-0.0034773617886932999,-1.6421175567001012e-06
0.75624999999999998,-0.0067138671875,-0.006699859153899786,-1.4008033600214007e-05
0.75637500000000002,-0.0089111328125,-0.008903665674634317,-7.4671378656829962e-06
0.75649999999999995,-0.009765625,-0.0097557749616226444,-9.8500383773555966e-06
0.75662499999999999,-0.009124755859375,-0.0091283843925091621,3.6285331341621291e-06
0.75675000000000003,-0.007110595703125,-0.0071180609749631292,7.4652718381291658e-06
0.75687499999999996,-0.0040283203125,-0.0040308812432787661,2.5609307787661031e-06
0.75700000000000001,-0.000335693359375,-0.00033583141882507958,1.3805945007957501e-07
0.75712500000000005,0.00341796875,0.0034064375451726128,1.1531204827387211e-05
0.75724999999999998,0.006622314453125,0.0066286771249279373,-6.3626718029372725e-06
0.75737500000000002,0.00885009765625,0.008843023500745853,7.0741555041470283e-06
0.75749999999999995,0.00970458984375,0.0097148620270088287,-1.0272183258828657e-05
0.75762499999999999,0.009124755859375,0.0091133906293824844,1.1365229992515644e-05
0.75775000000000003,0.00714111328125,0.0071312416711386646,9.8716101113354229e-06
0.75787499999999997,0.004058837890625,0.0040702191416505974,-1.1381251025597422e-05
0.75800000000000001,0.000396728515625,0.00039534672722635252,1.3817883986474793e-06
0.75812500000000005,-0.003326416015625,-0.003335776867029292,9.3608514042920442e-06
0.75824999999999998,-0.006561279296875,-0.0065575833689489986,-3.6959279260014022e-06
0.75837500000000002,-0.0087890625,-0.0087822639131856818,-6.7985868143181916e-06
0.75849999999999995,-0.009674072265625,-0.0096736268032346102,-4.4546239038982527e-07
0.75862499999999999,-0.00909423828125,-0.0090979015641725249,3.6632829225249214e-06
0.75875000000000004,-0.00714111328125,-0.0071438121059989555,2.698824748955525e-06
0.75887499999999997,-0.004119873046875,-0.0041089072391890915,-1.0965807685908539e-05
0.75900000000000001,-0.000457763671875,-0.0004542540326120543,-3.5096392629457027e-06
0.75912500000000005,0.003265380859375,0.0032656074730224457,-2.2661364744566356e-07
0.75924999999999998,0.006500244140625,0.0064868070225269202,1.3437118098079751e-05
0.75937500000000002,0.00872802734375,0.0087216171154244713,6.410228325528719e-06
0.75949999999999995,0.0096435546875,0.0096323000484324663,1.1254639067533739e-05
0.75962499999999999,0.00909423828125,0.0090821479138666356,1.2090367383364373e-05
0.75975000000000004,0.00714111328125,0.0071560023664056895,-1.4889085155689492e-05
0.75987499999999997,0.004150390625,0.0041471744997471117,3.2161252528882522e-06
0.76000000000000001,0.000518798828125,0.00051278085364345031,6.017974481549687e-06
0.76012500000000005,-0.003204345703125,-0.0031957033924974901,-8.6423106275099366e-06
0.76024999999999998,-0.00640869140625,-0.006416123531109437,7.4321248594369504e-06
0.76037500000000002,-0.0086669921875,-0.008660859622603663,-6.1325648963370116e-06
0.76049999999999995,-0.00958251953125,-0.0095906588392400422,8.1393079900422133e-06
0.760625,-0.009063720703125,-0.009065906723804501,2.1860206795010217e-06
0.76075000000000004,-0.007171630859375,-0.0071675888789499067,-4.0419804250933083e-06
0.76087499999999997,-0.004180908203125,-0.0041847962380752888,3.8880349502888253e-06
0.76100000000000001,-0.000579833984375,-0.00057070106915558096,-9.132915219419043e-06
0.76112500000000005,0.00311279296875,0.0031262922886630372,-1.3499319913037183e-05
0.76124999999999998,0.00634765625,0.0063457619722369438,1.8942777630561597e-06
0.76137500000000002,0.00860595703125,0.0086002215846485534,5.7354466014465644e-06
0.76149999999999995,0.009552001953125,0.0095489338938295858,3.0680592954142327e-06
0.761625,0.009063720703125,0.0090494086906401199,1.4312012484880149e-05
0.76175000000000004,0.007171630859375,0.0071788017328487091,-7.1708734737090801e-06
0.76187499999999997,0.00421142578125,0.0042220014426911064,-1.0575661441106395e-05
0.76200000000000001,0.000640869140625,0.00062824224101421802,1.2626899610781984e-05
0.76212500000000005,-0.0030517578125,-0.0030571481356749734,5.3903231749734097e-06
0.76224999999999998,-0.00628662109375,-0.0062754977325637385,-1.1123361186261491e-05
0.76237500000000002,-0.008544921875,-0.0085394794632198904,-5.44241178010961e-06
0.76249999999999996,-0.009521484375,-0.0095069022487680923,-1.4582126231907702e-05
0.762625,-0.009033203125,-0.0090324308391183331,-7.7228588166687595e-07
0.76275000000000004,-0.0072021484375,-0.0071894173566740618,-1.2731080825938157e-05
0.76287499999999997,-0.0042724609375,-0.0042585654525806975,-1.3895484919302509e-05
0.76300000000000001,-0.00067138671875,-0.0006851782908447175,1.3791572094717496e-05
0.76312500000000005,0.00299072265625,0.0029884985418970312,2.2241143529688236e-06
0.76324999999999998,0.006195068359375,0.0062055598310554105,-1.0491471680410501e-05
0.76337500000000003,0.00848388671875,0.0084788633548199249,5.0233639300751448e-06
0.76349999999999996,0.00946044921875,0.0094647945820485156,-4.3453632985156199e-06
0.763625,0.009002685546875,0.0090152038450326821,-1.2518298157682128e-05
0.76375000000000004,0.0072021484375,0.0071996658412409927,2.4825962590072775e-06
0.76387499999999997,0.004302978515625,0.004294717280054549,8.2612355704510254e-06
0.76400000000000001,0.000732421875,0.00074173682288993946,-9.3149478899394586e-06
0.76412500000000005,-0.0029296875,-0.0029201174269851719,-9.5700730148281024e-06
0.76424999999999998,-0.006134033203125,-0.0061357235960114954,1.6903928864954107e-06
0.76437500000000003,-0.0084228515625,-0.0084181496677464412,-4.7018947535587552e-06
0.76449999999999996,-0.009429931640625,-0.0094223878899529385,-7.54375067206145e-06
0.764625,-0.009002685546875,-0.0089975047120111045,-5.1808348638954921e-06
0.76475000000000004,-0.0072021484375,-0.0072093236163535716,7.1751788535715996e-06
0.76487499999999997,-0.00433349609375,-0.0043302322874708317,-3.2638062791683076e-06
0.76500000000000001,-0.00079345703125,-0.00079769180071833214,4.2347694683321372e-06
0.76512500000000006,0.002838134765625,0.0028522323451647528,-1.40975795397528e-05
0.76524999999999999,0.006072998046875,0.0060662179882774213,6.7800585975786795e-06
0.76537500000000003,0.00836181640625,0.0083575684452107304,4.2479610392696238e-06
0.76549999999999996,0.009368896484375,0.0093799128100881674,-1.1016325713167352e-05
0.765625,0.00897216796875,0.0089795640944767899,-7.3961257267898817e-06
0.76575000000000004,0.007232666015625,0.0072186207736959409,1.4045241929059107e-05
0.76587499999999997,0.004364013671875,0.0043653395100931866,-1.3258382181866382e-06
0.76600000000000001,0.0008544921875,0.00085327087010461156,1.2213173953884351e-06
0.76612499999999994,-0.002777099609375,-0.0027846171622905556,7.517552915555642e-06
0.76624999999999999,-0.006011962890625,-0.0059968182782521931,-1.5144612372806898e-05
0.76637500000000003,-0.00830078125,-0.0082968960422864675,-3.8852077135324847e-06
0.76649999999999996,-0.00933837890625,-0.0093371462982508886,-1.232607999111443e-06
0.766625,-0.00897216796875,-0.0089611589744319486,-1.1008994318051357e-05
0.76675000000000004,-0.007232666015625,-0.0072273337435669058,-5.3322720580941882e-06
0.76687499999999997,-0.00439453125,-0.004399814332796779,5.2830827967790053e-06
0.76700000000000002,-0.00091552734375,-0.00090824803571748307,-7.2793080325169292e-06
0.76712499999999995,0.002716064453125,0.0027174993791404603,-1.4349260154603027e-06
0.76724999999999999,0.00592041015625,0.0059277533691017197,-7.3432128517196896e-06
0.76737500000000003,0.00823974609375,0.0082363624490299249,3.3836447200751019e-06
0.76749999999999996,0.009307861328125,0.0092943189514661326,1.3542376658867358e-05
0.767625,0.008941650390625,0.0089425199844283109,-8.6959380331090574e-07
0.76775000000000004,0.007232666015625,0.0072356926177853144,-3.02660216031439e-06
0.76787499999999997,0.004425048828125,0.0044338858129437664,-8.8369848187663802e-06
0.76800000000000002,0.0009765625,0.00096285098402272627,1.3711515977273729e-05
0.76812499999999995,-0.002655029296875,-0.0026506528084757081,-4.3764883992918752e-06
0.76824999999999999,-0.005859375,-0.0058587984737842429,-5.7652621575712826e-07
0.76837500000000003,-0.0081787109375,-0.0081757439674392356,-2.9669700607644345e-06
0.76849999999999996,-0.009246826171875,-0.0092512076848570816,4.3815129820816423e-06
0.768625,-0.0089111328125,-0.0089234240843540421,1.2291271854042093e-05
0.76875000000000004,-0.007232666015625,-0.0072434738264272958,1.0807810802295793e-05
0.76887499999999998,-0.00445556640625,-0.0044673293570913234,1.1762950841323443e-05
0.76900000000000002,-0.001007080078125,-0.0010168537599719583,9.773681846958265e-06
0.76912499999999995,0.002593994140625,0.0025843048983183385,9.6892423066615059e-06
0.76924999999999999,0.00579833984375,0.0057901824382518988,8.1574054981011987e-06
0.76937500000000003,0.00811767578125,0.0081152705345669714,2.4052466830286334e-06
0.76949999999999996,0.00921630859375,0.0092080430546844696,8.2655390655304167e-06
0.769625,0.0089111328125,0.0089041018844009372,7.0309280990627637e-06
0.76975000000000005,0.00726318359375,0.0072509074607238913,1.2276133026108658e-05
0.76987499999999998,0.004486083984375,0.0045003740438544016,-1.4290059479401575e-05
0.77000000000000002,0.001068115234375,0.0010704840898855021,-2.3688555105020551e-06
0.77012499999999995,-0.002532958984375,-0.0025182294090360701,-1.4729575338929927e-05
0.77024999999999999,-0.005706787109375,-0.0057216804184774522,1.4893309102452165e-05
0.77037500000000003,-0.008056640625,-0.0080547183994816446,-1.9222255183554138e-06
0.77049999999999996,-0.0091552734375,-0.0091646019352193166,9.3284977193165697e-06
0.770625,-0.008880615234375,-0.0088843303218608324,3.7150874858324356e-06
0.77075000000000005,-0.00726318359375,-0.007257769949814509,-5.413643935490986e-06
0.77087499999999998,-0.004547119140625,-0.0045327953006345139,-1.4323839990486135e-05
0.77100000000000002,-0.001129150390625,-0.0011235160581593419,-5.6343324656581064e-06
0.77112499999999995,0.00244140625,0.0024526537366035134,-1.1247486603513379e-05
0.77124999999999999,0.005645751953125,0.0056535212036703392,-7.769250545339168e-06
0.77137500000000003,0.00799560546875,0.007994317446392625,1.2880223573749627e-06
0.77149999999999996,0.009124755859375,0.009121114841787294,3.6410175877060053e-06
0.77162500000000001,0.00885009765625,0.0088643399840900947,-1.4242327840094729e-05
0.77175000000000005,0.00726318359375,0.0072642913836473396,-1.1077898973395686e-06
0.77187499999999998,0.00457763671875,0.0045648222264846085,1.2814492265391525e-05
0.77200000000000002,0.001190185546875,0.0011761774301489751,1.4008116726024929e-05
0.77212499999999995,-0.00238037109375,-0.0023873515896871813,6.9804959371812594e-06
0.77224999999999999,-0.005584716796875,-0.0055854798932881786,7.6309641317863497e-07
0.77237500000000003,-0.0079345703125,-0.0079338438716059084,-7.2644089409157342e-07
0.77249999999999996,-0.009063720703125,-0.0090773586076428065,1.3637904517806512e-05
0.77262500000000001,-0.00885009765625,-0.0088439077853148737,-6.1898709351262959e-06
0.77275000000000005,-0.00726318359375,-0.0072702481897223932,7.0645959723931659e-06
0.77287499999999998,-0.004608154296875,-0.0045962302688214267,-1.1924028053573316e-05
0.77300000000000002,-0.001220703125,-0.0012282423288609355,7.5392038609354943e-06
0.77312499999999995,0.0023193359375,0.0023225503129228795,-3.2143754228794973e-06
0.77324999999999999,0.005523681640625,0.0055177852202540831,5.8964203709169216e-06
0.77337500000000003,0.00787353515625,0.007873527506651181,7.6495988189650976e-09
0.77349999999999997,0.009033203125,0.0090335637070160738,-3.6058201607382101e-07
0.77362500000000001,0.008819580078125,0.0088232642895986861,-3.6842114736861109e-06
0.77375000000000005,0.00726318359375,0.0072758704560054576,-1.2686862255457607e-05
0.77387499999999998,0.004638671875,0.0046272485463110281,1.1423328688971862e-05
0.77400000000000002,0.00128173828125,0.0012799385578585508,1.7997233914492008e-06
0.77412499999999995,-0.00225830078125,-0.0022580235639806053,-2.7721726939466604e-07
0.77424999999999999,-0.005462646484375,-0.0054502122279858527,-1.2434256389147295e-05
0.77437500000000004,-0.0078125,-0.0078131444952481924,6.4449524819244763e-07
0.77449999999999997,-0.009002685546875,-0.008989506931992337,-1.317861488266299e-05
0.77462500000000001,-0.0087890625,-0.0088021863876450463,1.3123887645046309e-05
0.77475000000000005,-0.007293701171875,-0.0072809346076737761,-1.2766564201223927e-05
0.77487499999999998,-0.004669189453125,-0.0046576525255652944,-1.1536927559705618e-05
0.77500000000000002,-0.0013427734375,-0.00133104027795459,-1.1733159545409969e-05
0.77512499999999995,0.002197265625,0.0021939986368419585,3.2669881580415366e-06
0.77524999999999999,0.00537109375,0.0053829895935980079,-1.1895843598007903e-05
0.77537500000000004,0.00775146484375,0.0077529246164255534,-1.4597726755534099e-06
0.77549999999999997,0.008941650390625,0.0089454187155590635,-3.7683249340635105e-06
0.77562500000000001,0.0087890625,0.0087809046197727426,8.1578802272573581e-06
0.77575000000000005,0.007293701171875,0.0072856707300229797,8.0304418520202661e-06
0.77587499999999998,0.00469970703125,0.0046876713440475483,1.2035687202451711e-05
0.77600000000000002,0.001373291015625,0.0013817753300974691,-8.4843144724691243e-06
0.77612499999999995,-0.00213623046875,-0.0021302491388852105,-5.9813298647895183e-06
0.77625,-0.00531005859375,-0.0053158923049487043,5.8337111987043222e-06
0.77637500000000004,-0.0076904296875,-0.00769264396148929,2.2142739892899721e-06
0.77649999999999997,-0.0089111328125,-0.0089010758084879064,-1.0057004012093557e-05
0.77662500000000001,-0.008758544921875,-0.0087591958527213822,6.5093084638222221e-07
0.77675000000000005,-0.007293701171875,-0.0072898552452280094,-3.8459266469906273e-06
0.77687499999999998,-0.004730224609375,-0.0047170804867712026,-1.314412260379743e-05
0.77700000000000002,-0.001434326171875,-0.0014319179120817023,-2.4082597932977359e-06
0.77712499999999995,0.0020751953125,0.0020670023141465595,8.1929983534404643e-06
0.77725,0.0052490234375,0.0052491489838263619,-1.2554632636187918e-07
0.77737500000000004,0.00762939453125,0.0076325322571542302,-3.1377259042302333e-06
0.77749999999999997,0.00885009765625,0.0088567086023875682,-6.610946137568241e-06
0.77762500000000001,0.00872802734375,0.0087372906026258468,-9.2632588758467804e-06
0.77775000000000005,0.007293701171875,0.0072937182352528591,-1.7063377859109774e-08
0.77787499999999998,0.0047607421875,0.0047461091091896609,1.4633078310339123e-05
0.77800000000000002,0.001495361328125,0.0014816959014351731,1.3665426689826862e-05
0.77812499999999996,-0.00201416015625,-0.0020040317204052184,-1.012843584478158e-05
0.77825,-0.00518798828125,-0.0051825345629977274,-5.4537182522726435e-06
0.77837500000000004,-0.007568359375,-0.0075723655425063629,4.0061675063629218e-06
0.77849999999999997,-0.008819580078125,-0.0088120938065856767,-7.4862715393232693e-06
0.77862500000000001,-0.00872802734375,-0.0087149657118297773,-1.3061631920222722e-05
0.77875000000000005,-0.007293701171875,-0.007297036118601931,3.3349467269310276e-06
0.77887499999999998,-0.0047607421875,-0.0047745327139115269,1.3790526411526852e-05
0.77900000000000003,-0.00152587890625,-0.0015308835321147182,5.0046258647182002e-06
0.77912499999999996,0.001953125,0.0019415645524605125,1.1560447539487543e-05
0.77925,0.005126953125,0.0051162776094121447,1.0675515587855317e-05
0.77937500000000004,0.00750732421875,0.0075123734921362503,-5.0492733862502956e-06
0.77949999999999997,0.008758544921875,0.0087674617711876908,-8.9168493126907944e-06
0.77962500000000001,0.008697509765625,0.0086924516718630256,5.0580937619743721e-06
0.77975000000000005,0.007293701171875,0.0073000389732425846,-6.3378013675846265e-06
0.77987499999999998,0.004791259765625,0.0048025804735925123,-1.1320707967512299e-05
0.78000000000000003,0.0015869140625,0.0015797087174147669,7.2053450852331037e-06
0.78012499999999996,-0.00189208984375,-0.0018793743191970087,-1.271552455299127e-05
0.78025,-0.005035400390625,-0.0050501530012374892,1.4752610612489211e-05
0.78037500000000004,-0.0074462890625,-0.0074523320931121333,6.0430306121333349e-06
0.78049999999999997,-0.00872802734375,-0.008722589163958204,-5.4381797917960051e-06
0.78062500000000001,-0.0086669921875,-0.0086695253002533092,2.5331127533091691e-06
0.78075000000000006,-0.007293701171875,-0.0073025032133591187,8.8020414841186861e-06
0.78087499999999999,-0.00482177734375,-0.0048300279076392092,8.2505638892092087e-06
0.78100000000000003,-0.001617431640625,-0.0016279457266641347,1.051408603913468e-05
0.78112499999999996,0.0018310546875,0.0018176881668615478,1.3366520638452171e-05
0.78125,0.004974365234375,0.004984389251065491,-1.0024016690490974e-05
0.78137500000000004,0.00738525390625,0.0073924709681046086,-7.2170618546085752e-06
0.78149999999999997,0.0086669921875,0.0086777062933825321,-1.0714105882532118e-05
0.78162500000000001,0.008636474609375,0.0086464170635106256,-9.9424541356255697e-06
0.78174999999999994,0.007293701171875,0.0073046589122689543,-1.0957740393954286e-05
0.78187499999999999,0.004852294921875,0.0048571042051203106,-4.8092832453106027e-06
0.78200000000000003,0.001678466796875,0.0016758225081157908,2.6442887592092491e-06
0.78212499999999996,-0.00177001953125,-0.001756279556148121,-1.3739975101879041e-05
0.78225,-0.004913330078125,-0.0049187611829619917,5.4311048369917042e-06
0.78237500000000004,-0.00732421875,-0.0073325660523617308,8.3473023617308337e-06
0.78249999999999997,-0.008636474609375,-0.0086325897855541577,-3.8848238208422786e-06
0.78262500000000002,-0.008636474609375,-0.0086229037539416829,-1.3570855433317139e-05
0.78274999999999995,-0.007293701171875,-0.007306282479193198,1.2581307318198023e-05
0.78287499999999999,-0.0048828125,-0.0048835849014725241,7.7240147252407437e-07
0.78300000000000003,-0.001708984375,-0.001723113365661048,1.4128990661047957e-05
0.78312499999999996,0.001708984375,0.0016953755854549424,1.3608789545057612e-05
0.78325,0.004852294921875,0.0048534972556567016,-1.2023337817015575e-06
0.78337500000000004,0.00726318359375,0.007272846916846573,-9.6633230965729663e-06
0.78349999999999997,0.008575439453125,0.0085874699072363541,-1.2030454111354102e-05
0.78362500000000002,0.00860595703125,0.0085992158126341513,6.7412186158487264e-06
0.78374999999999995,0.007293701171875,0.0073076039821666511,-1.3902810291651149e-05
0.78387499999999999,0.004913330078125,0.0049096992013969564,3.6308767280435889e-06
0.78400000000000003,0.00177001953125,0.001770046281720464,-2.6750470463960188e-08
0.78412499999999996,-0.00164794921875,-0.0016347496679888468,-1.3199550761153244e-05
0.78425,-0.004791259765625,-0.0047883722395944371,-2.8875260305628869e-06
0.78437500000000004,-0.0072021484375,-0.0072130894452056803,1.0941007705680267e-05
0.78449999999999998,-0.008544921875,-0.0085421232427521608,-2.798632247839189e-06
0.78462500000000002,-0.008575439453125,-0.0085751300062781033,-3.0944684689671043e-07
0.78474999999999995,-0.007293701171875,-0.0073083998248109246,1.4698652935924567e-05
0.78487499999999999,-0.00494384765625,-0.0049352226555809363,-8.6250006690637149e-06
0.78500000000000003,-0.0018310546875,-0.0018163955939437244,-1.4659093556275557e-05
0.78512499999999996,0.0015869140625,0.0015746288550025705,1.2285207497429512e-05
0.78525,0.004730224609375,0.004723614540142489,6.6100692325109928e-06
0.78537500000000005,0.00714111328125,0.007153523156908489,-1.2409875658488979e-05
0.78549999999999998,0.00848388671875,0.0084967800170519421,-1.2893298301942108e-05
0.78562500000000002,0.008544921875,0.0085508767501531417,-5.9548751531416505e-06
0.78574999999999995,0.007293701171875,0.0073089000692564124,-1.5198897381412356e-05
0.78587499999999999,0.004974365234375,0.004960384483596432,1.398075077856803e-05
0.78600000000000003,0.001861572265625,0.0018623893181213844,-8.1705249638437151e-07
0.78612499999999996,-0.00152587890625,-0.0015147865128989871,-1.1092393351012876e-05
0.78625,-0.004669189453125,-0.0046589988746295182,-1.0190578495481752e-05
0.78637500000000005,-0.007080078125,-0.0070939238842267658,1.3845759226765834e-05
0.78649999999999998,-0.008453369140625,-0.0084512167726019764,-2.1523680230235709e-06
0.78662500000000002,-0.008514404296875,-0.0085262327849488367,1.182848807383674e-05
0.78674999999999995,-0.007293701171875,-0.0073088811129047087,1.5179941029708731e-05
0.78687499999999999,-0.004974365234375,-0.0049849602506111196,1.0595016236119616e-05
0.78700000000000003,-0.001922607421875,-0.0019078018248860232,-1.4805596988976813e-05
0.78712499999999996,0.00146484375,0.0014554496464877973,9.3941035122027412e-06
0.78725000000000001,0.004608154296875,0.0045947535955538658,1.3400701321134197e-05
0.78737500000000005,0.007049560546875,0.0070345210953647215,1.5039451510278495e-05
0.78749999999999998,0.008392333984375,0.008405663692454662,-1.3329708079662037e-05
0.78762500000000002,0.008514404296875,0.0085014284997580146,1.2975797116985405e-05
0.78774999999999995,0.007293701171875,0.0073085730113644698,-1.4871839489469761e-05
0.78787499999999999,0.0050048828125,0.0050091791903052975,-4.2963778052974508e-06
0.78800000000000003,0.001953125,0.0019528611626057988,2.6383739420120234e-07
0.78812499999999996,-0.00140380859375,-0.0013963915760738335,-7.4170176761665339e-06
0.78825000000000001,-0.0045166015625,-0.0045306533676366728,1.4051805136672778e-05
0.78837500000000005,-0.006988525390625,-0.0069750905714403453,-1.3434819184654674e-05
0.78849999999999998,-0.00836181640625,-0.0083598972771437192,-1.9191291062807536e-06
0.78862500000000002,-0.00848388671875,-0.0084762406088999369,-7.6461098500631153e-06
0.78874999999999995,-0.007293701171875,-0.0073077521552060102,1.4050983331010194e-05
0.78887499999999999,-0.005035400390625,-0.005032816881585152,-2.5835090398480462e-06
0.78900000000000003,-0.001983642578125,-0.0019973417341025714,1.36991559775714e-05
0.78912499999999997,0.0013427734375,0.0013378392607135965,4.9341767864034998e-06
0.78925000000000001,0.00445556640625,0.0044669264910144404,-1.1360084764440448e-05
0.78937500000000005,0.006927490234375,0.0069158617296286593,1.1628504746340716e-05
0.78949999999999998,0.00830078125,0.008314147667753808,-1.3366417753808008e-05
0.78962500000000002,0.008453369140625,0.0084508994749139914,2.4696657110086229e-06
0.78974999999999995,0.007293701171875,0.0073066485929104297,-1.2947421035429743e-05
0.78987499999999999,0.00506591796875,0.005056102571485646,9.8153972643540491e-06
0.79000000000000004,0.002044677734375,0.0020414716195466705,3.206114828329526e-06
0.79012499999999997,-0.00128173828125,-0.0012795659753187163,-2.1723059312837162e-06
0.79025000000000001,-0.00439453125,-0.0044033475782930482,8.8163282930481604e-06
0.79037500000000005,-0.006866455078125,-0.0068566103001359213,-9.8447779890787138e-06
0.79049999999999998,-0.008270263671875,-0.0082681913228182038,-2.0723490567961522e-06
0.79062500000000002,-0.0084228515625,-0.0084251817853889469,2.3302228889469229e-06
0.79074999999999995,-0.007293701171875,-0.0073050387076269412,1.1337535751941227e-05
0.79087499999999999,-0.00506591796875,-0.0050788118518990625,1.2893883149062493e-05
0.79100000000000004,-0.0020751953125,-0.0020850252531612709,9.8299406612709257e-06
0.79112499999999997,0.001220703125,0.0012217986338929324,-1.0955088929323533e-06
0.79125000000000001,0.00433349609375,0.0043401448777577786,-6.6487840077785604e-06
0.79137500000000005,0.006805419921875,0.0067975656493446911,7.8542725303089311e-06
0.79149999999999998,0.008209228515625,0.0082222583413946483,-1.3029825769648312e-05
0.79162500000000002,0.008392333984375,0.0083993178759595027,-6.9838915845027438e-06
0.79174999999999995,0.007293701171875,0.0073031525401143112,-9.4513682393111698e-06
0.791875,0.005096435546875,0.0051011739824799573,-4.7384356049572779e-06
0.79200000000000004,0.00213623046875,0.0021282307461374383,7.999722612561655e-06
0.79212499999999997,-0.00115966796875,-0.0011643104666352914,4.642497885291386e-06
0.79225000000000001,-0.0042724609375,-0.0042770929504148776,4.6320129148775743e-06
0.79237500000000005,-0.006744384765625,-0.0067385034567990863,-5.8813088259137419e-06
0.79249999999999998,-0.0081787109375,-0.008176125139960997,-2.5857975390029819e-06
0.79262500000000002,-0.00836181640625,-0.0083730844071352364,1.1268000885236371e-05
0.79274999999999995,-0.007293701171875,-0.0073007664655093786,7.0652936343786402e-06
0.792875,-0.005126953125,-0.0051229645673635969,-3.9885576364031075e-06
0.79300000000000004,-0.002166748046875,-0.0021708625633398548,4.1145164648547644e-06
0.79312499999999997,0.0010986328125,0.0011073283431960832,-8.6955306960831858e-06
0.79325000000000001,0.00421142578125,0.0042144199932023941,-2.9942119523940908e-06
0.79337500000000005,0.006683349609375,0.0066796530383401182,3.6965710348817876e-06
0.79349999999999998,0.00811767578125,0.0081300217754935317,-1.2345994243531666e-05
0.79362500000000002,0.00836181640625,0.0083467116873026,1.5104718947400037e-05
0.79374999999999996,0.007293701171875,0.0072981105162710381,-4.4093443960380868e-06
0.793875,0.005157470703125,0.0051444128780886314,1.3057825036368563e-05
0.79400000000000004,0.002227783203125,0.0022131488462043465,1.4634356920653537e-05
0.79412499999999997,-0.00103759765625,-0.0010506254497642932,1.302779351429321e-05
0.79425000000000001,-0.004150390625,-0.0041519005160458042,1.5098910458042139e-06
0.79437500000000005,-0.006622314453125,-0.0066207900230927288,-1.5244300322712206e-06
0.79449999999999998,-0.008087158203125,-0.0080837246223697708,-3.4335807552292319e-06
0.79462500000000003,-0.008331298828125,-0.0083199763495565363,-1.1322478568463745e-05
0.79474999999999996,-0.007293701171875,-0.0072949610589438836,1.2598870688836084e-06
0.794875,-0.005157470703125,-0.0051652945303177307,7.8238271927306632e-06
0.79500000000000004,-0.00225830078125,-0.0022548640894601603,-3.4366917898397131e-06
0.79512499999999997,0.001007080078125,0.0009944286123232803,1.2651465801719703e-05
0.79525000000000001,0.00408935546875,0.0040897626650530355,-4.0719630303547028e-07
0.79537500000000005,0.006561279296875,0.0065621436766144106,-8.6437973941064922e-07
0.79549999999999998,0.008026123046875,0.0080374636954455899,-1.1340648570589903e-05
0.79562500000000003,0.00830078125,0.0082931086747033977,7.6725752966022576e-06
0.79574999999999996,0.007293701171875,0.0072915481171145491,2.153054760450912e-06
0.795875,0.00518798828125,0.0051858388067470666,2.1494745029333739e-06
0.79600000000000004,0.002288818359375,0.0022962364640287578,-7.4181046537578031e-06
0.79612499999999997,-0.000946044921875,-0.00093851097375298952,-7.5339481220104785e-06
0.79625000000000001,-0.0040283203125,-0.0040277808995708379,-5.3941292916213912e-07
0.79637500000000006,-0.006500244140625,-0.0065034895778747969,3.2454372497969439e-06
0.79649999999999999,-0.00799560546875,-0.0079910153269603275,-4.5901417896725139e-06
0.79662500000000003,-0.008270263671875,-0.0082658852680978154,-4.3784037771846251e-06
0.79674999999999996,-0.007293701171875,-0.0072876480481780213,-6.0531236969786628e-06
0.796875,-0.005218505859375,-0.0052058213338415944,-1.2684525533405641e-05
0.79700000000000004,-0.002349853515625,-0.0023370404937329064,-1.281302189209358e-05
0.79712499999999997,0.000885009765625,0.00088309931706634435,1.9104485586556464e-06
0.79725000000000001,0.00396728515625,0.0039661833153971345,1.1018408528655141e-06
0.79737499999999994,0.006439208984375,0.0064450569424059148,-5.8479580309148127e-06
0.79749999999999999,0.0079345703125,0.0079446094896206132,-1.0039177120613196e-05
0.79762500000000003,0.00823974609375,0.0082385363826483621,1.2097111016379225e-06
0.79774999999999996,0.007293701171875,0.007283490866287174,1.0210305587825957e-05
0.797875,0.005218505859375,0.0052254714047465928,-6.965545371592774e-06
0.79800000000000004,0.00238037109375,0.0023775043782151943,2.8667155348056916e-06
0.79812499999999997,-0.000823974609375,-0.00082796674251108785,3.992133136087846e-06
0.79825000000000002,-0.00390625,-0.0039047443218248349,-1.5056781751650664e-06
0.79837499999999995,-0.006378173828125,-0.0063866212992905692,8.4474711655692022e-06
0.79849999999999999,-0.007904052734375,-0.0078980224735026479,-6.0302608723521167e-06
0.79862500000000003,-0.008209228515625,-0.008210838595654843,1.6100800298429752e-06
0.79874999999999996,-0.007293701171875,-0.007278852919129491,-1.4848252745509015e-05
0.798875,-0.0052490234375,-0.0052445646560135206,-4.4587814864794142e-06
0.79900000000000004,-0.002410888671875,-0.0024174026696485084,6.5139977735084384e-06
0.79912499999999997,0.000762939453125,0.00077333999082468549,-1.0400537699685485e-05
0.79925000000000002,0.00384521484375,0.0038436919648548763,1.5228788951236749e-06
0.79937499999999995,0.006317138671875,0.006328411814311991,-1.1273142436991034e-05
0.79949999999999999,0.007843017578125,0.0078514842091384138,-8.4666310134137723e-06
0.79962500000000003,0.0081787109375,0.0081830221318186843,-4.3111943186843055e-06
0.79974999999999996,0.00726318359375,0.0072739642108791422,-1.0780617129142224e-05
0.799875,0.0052490234375,0.0052633303905284716,-1.4306953028471632e-05
