frequency_Hz,correct_normalized_chi_real,correct_normalized_chi_loss,naive_normalized_chi_real,naive_normalized_chi_loss,relative_complex_residual
10,0.99993704238242431,0.0078054368685873321,0.99996165670572978,0.005612979618692897,0.0021926666637751176
10.115794542598982,0.99993557601169436,0.0078958074521898527,0.99996076363125097,0.0056779679800857945,0.0022180562448662028
10.232929922807541,0.99993407548954172,0.0079872240521032169,0.99995984975701435,0.0057437086295029404,0.0022437398128286419
10.351421666793437,0.99993254002070087,0.0080796987656667953,0.99995891459865471,0.0058102102695353347,0.0022697207714967131
10.471285480508996,0.99993096879139276,0.0081732438297750041,0.99995795766053053,0.0058774817032468275,0.0022960025641061135
10.592537251772887,0.99992936096889384,0.0082678716224748143,0.99995697843546116,0.0059455318353270449,0.0023225886737497517
10.715193052376065,0.99992771570109584,0.0083635946645811317,0.99995597640445844,0.0060143696732573165,0.0023494826238388009
10.839269140212034,0.99992603211605413,0.0084604256213101602,0.99995495103645271,0.0060840043284897082,0.0023766879785690658
10.964781961431852,0.99992430932152676,0.0085583773039310546,0.99995390178801058,0.0061544450176393333,0.0024042083433927341
11.091748152624008,0.99992254640450151,0.008657462671435889,0.99995282810304786,0.0062257010636900308,0.0024320473654955654
11.220184543019636,0.99992074243071372,0.008757694832228333,0.9999517294125353,0.0062977818972136251,0.0024602087342796143
11.350108156723149,0.99991889644415188,0.0088590870458309951,0.99995060513419709,0.0063706970576028156,0.002488696181851476
11.481536214968829,0.99991700746654999,0.0089616527246118276,0.9999494546722032,0.0064444561943179371,0.0025175134835162386
11.614486138403427,0.99991507449687222,0.009065405435529637,0.99994827741685333,0.0065190690681476496,0.0025466644582770471
11.748975549395297,0.99991309651078253,0.0091703589018990068,0.99994707274425498,0.0065945455524837829,0.0025761529693404885
11.885022274370183,0.99991107246010169,0.0092765270051747076,0.99994584001599285,0.0066708956346103881,0.0026059829246278059
12.022644346174131,0.99990900127225402,0.0093839237867559284,0.99994457857879127,0.0067481294170072537,0.0026361582772919828
12.161860006463678,0.99990688184969934,0.0094925634498103789,0.99994328776416808,0.0068262571186679223,0.0026666830262408016
12.302687708123818,0.99990471306935236,0.009602460361118597,0.99994196688808135,0.0069052890764324613,0.0026975612166659471
12.44514611771385,0.99990249378198914,0.009713629052938556,0.99994061525056765,0.0069852357463350539,0.002728796940578199
12.589254117941675,0.99990022281163893,0.0098260842248908322,0.9999392321353715,0.0070661077049666236,0.0027603943373487889
12.735030810166617,0.99989789895496139,0.0099398407458644918,0.99993781680956595,0.00714791565085259,0.0027923575942570204
12.882495516931343,0.99989552098061174,0.010054913655943966,0.99993636852316548,0.007230670405845979,0.0028246909470441761
13.031667784522993,0.9998930876285882,0.010171318168357013,0.99993488650872941,0.0073143829165359603,0.0028573986804738358
13.182567385564074,0.99989059760956611,0.010289069671444098,0.99993336998095517,0.0073990642556720516,0.0028904851288986374
13.33521432163324,0.99988804960421684,0.010408183730649246,0.99993181813626375,0.0074847256236040566,0.0029239546768335509
13.489628825916533,0.99988544226250919,0.010528676090532754,0.99993023015237448,0.0075713783497380043,0.0029578117595358143
13.645831365889245,0.99988277420299621,0.010650562676805789,0.99992860518786997,0.007659033894008134,0.0029920608635914856
13.803842646028853,0.99988004401208441,0.010773859598387196,0.99992694238175128,0.0077477038483651541,0.0030267065275088028
13.963683610559377,0.999877250243287,0.010898583149482685,0.99992524085298229,0.0078373999382809374,0.0030617533423183351
14.12537544622754,0.99987439141645928,0.011024749811686649,0.99992349970002481,0.0079281340242697944,0.0030972059521801056
14.288939585111029,0.99987146601701538,0.011152376256106699,0.99992171800036067,0.0080199181034264697,0.0031330690549976337
14.454397707459272,0.99986847249512867,0.011281479345511276,0.99991989481000498,0.0081127643109810445,0.0031693474030391098
14.621771744567184,0.99986540926491263,0.011412076136500504,0.99991802916300632,0.0082066849218709655,0.0032060458035656743
14.791083881682072,0.99986227470358213,0.011544183881700386,0.99991612007093722,0.0083016923523302148,0.0032431691194669825
14.962356560944336,0.99985906715059703,0.011677820031980779,0.9999141665223702,0.0083977991614959894,0.0032807222699040182
15.135612484362079,0.99985578490678373,0.011813002238697076,0.99991216748234479,0.008495018053032842,0.0033187102309593596
15.310874616820303,0.99985242623343773,0.01194974835595611,0.99991012189181872,0.0085933618767746588,0.0033571380362949093
15.488166189124811,0.9998489893514052,0.012088076442906204,0.99990802866711037,0.0086928436303844482,0.0033960107778171931
15.667510701081493,0.99984547244014377,0.012228004766051851,0.99990588669932445,0.0087934764610322798,0.0034353336063503025
15.848931924611133,0.99984187363676003,0.012369551801592951,0.99990369485376662,0.0088952736670913982,0.0034751117323165615
16.032453906900418,0.99983819103502569,0.012512736237789139,0.99990145196934455,0.008998248699852808,0.0035153504264251109
16.218100973589298,0.99983442268437173,0.01265757697734908,0.99989915685795339,0.0091024151652583721,0.0035560550203682603
16.405897731995395,0.99983056658885805,0.012804093139845273,0.99989680830384953,0.0092077868256527414,0.0035972309075259887
16.595869074375607,0.99982662070611861,0.012952304064154247,0.9998944050630072,0.0093143776015541125,0.0036388835436784589
16.788040181225607,0.99982258294628479,0.013102229310922685,0.99989194586246177,0.0094222015734441635,0.003681018447726741
16.982436524617441,0.99981845117088142,0.013253888665059409,0.99988942939963843,0.0095312729835772027,0.0037236412024218156
17.179083871575884,0.99981422319169744,0.013407302138253646,0.99988685434166291,0.0096416062378087801,0.0037667574551019816
17.378008287493753,0.99980989676963206,0.013562489971519615,0.99988421932465843,0.0097532159074438778,0.0038103729184386617
17.579236139586932,0.99980546961351258,0.013719472637767825,0.99988152295302613,0.009866116731104926,0.0038544933711908754
17.782794100389228,0.9998009393788857,0.013878270844403068,0.99987876379870744,0.0099803236166197146,0.0038991246589682531
17.988709151287875,0.99979630366677952,0.014038905535949569,0.99987594040043026,0.010095851642929494,0.0039442726950029297
18.197008586099834,0.99979156002244007,0.014201397896703284,0.99987305126293902,0.010212716062017329,0.0039899434609301995
18.407720014689563,0.99978670593403396,0.014365769353411653,0.99987009485620371,0.010330932300856917,0.0040361430075782044
18.620871366628673,0.99978173883132571,0.014532041577980997,0.99986706961461413,0.010450515963382079,0.0040828774557666071
18.836490894898002,0.99977665608432065,0.014700236490211802,0.99986397393615256,0.010571482832477067,0.0041301529971145062
19.054607179632473,0.99977145500187992,0.014870376260561964,0.99986080618154993,0.010693848871987821,0.0041779758948575245
19.275249131909366,0.99976613283029991,0.01504248331293832,0.9998575646734198,0.010817630228754385,0.0042263524846743632
19.498445997580454,0.99976068675186158,0.015216580327516613,0.99985424769537445,0.010942843234664695,0.0042752891755227351
19.724227361148532,0.99975511388334526,0.015392690243590098,0.99985085349111935,0.011069504408729806,0.0043247924504849558
19.952623149688797,0.99974941127451111,0.015570836262446939,0.99984738026352749,0.011197630459180832,0.0043748688676231665
20.183663636815606,0.99974357590654361,0.015751041850276572,0.99984382617369105,0.011327238285587651,0.0044255250608443699
20.417379446695296,0.99973760469046313,0.015933330741105423,0.99984018933995289,0.011458344980999706,0.0044767677407753928
20.65380155810529,0.9997314944654967,0.016117726939761753,0.9998364678369146,0.011590967834108861,0.0045286036956478188
20.892961308540396,0.99972524199741453,0.016304254724870331,0.99983265969442092,0.011725124331434699,0.0045810397921931031
21.134890398366466,0.99971884397682587,0.016492938651876555,0.99982876289652234,0.011860832159532209,0.0046340829765478524
21.379620895022324,0.99971229701743736,0.016683803556100722,0.99982477538041314,0.011998109207222213,0.0046877402751695644
21.627185237270201,0.99970559765426936,0.016876874555822173,0.99982069503534376,0.012136973567844551,0.0047420187957627324
21.877616239495531,0.99969874234183376,0.017072177055393822,0.99981651970151031,0.012277443541534292,0.0047969257282156072
22.130947096056374,0.99969172745226587,0.017269736748386895,0.9998122471689157,0.012419537637521008,0.0048524683455476126
22.387211385683401,0.99968454927341743,0.017469579620766434,0.99980787517620739,0.012563274576451447,0.0049086540048676533
22.646443075930595,0.99967720400690274,0.017671731954097231,0.99980340140948565,0.012708673292735492,0.0049654901483432599
22.908676527677724,0.99966968776610088,0.017876220328780851,0.99979882350108629,0.012855752936915875,0.0050229843041809412
23.173946499684785,0.99966199657411203,0.018083071627323439,0.99979413902833469,0.013004532878061534,0.0050811440876175756
23.442288153199225,0.99965412636166606,0.01829231303763465,0.99978934551227006,0.013155032706184832,0.0051399772019231991
23.713737056616552,0.99964607296498431,0.018503972056357943,0.99978444041634273,0.013307272234682905,0.0051994914394152478
23.9883291901949,0.9996378321235897,0.01871807649223205,0.99977942114507812,0.01346127150280311,0.0052596946824842814
24.266100950824157,0.99962939947806917,0.018934654469483975,0.99977428504271348,0.013617050778132769,0.0053205949046314779
24.547089156850312,0.99962077056778276,0.019153734431253538,0.99976902939180001,0.01377463055911338,0.0053822001715178877
24.831331052955704,0.99961194082852134,0.019375345143049592,0.99976365141177537,0.013934031577579395,0.0054445186420256754
25.118864315095795,0.99960290559010911,0.019599515696237933,0.99975814825750153,0.014095274801321691,0.0055075585693313981
25.40972705549305,0.9995936600739519,0.019826275511561124,0.99975251701776979,0.014258381436675845,0.0055713283019915927
25.703957827688647,0.99958419939052923,0.020055654342690046,0.99974675471377183,0.014423372931135325,0.0056358362850405762
26.001595631652723,0.99957451853682777,0.020287682279807519,0.99974085829753412,0.014590270975989764,0.0057010910611008086
26.302679918953814,0.99956461239371708,0.02052238975322394,0.99973482465031727,0.014759097508988392,0.0057671012715058622
26.607250597988099,0.99955447572326472,0.020759807537024891,0.99972865058098015,0.014929874717028691,0.0058338756574361885
26.915348039269155,0.99954410316598907,0.020999966752750746,0.99972233282430234,0.015102625038870391,0.0059014230610676182
27.227013080779127,0.99953348923804941,0.021242898873108575,0.99971586803927248,0.015277371167874991,0.0059697524267331731
27.542287033381662,0.99952262832837324,0.021488635725715875,0.99970925280733458,0.015454136054770714,0.0060388728020977205
27.861211686297708,0.99951151469571442,0.021737209496876634,0.99970248363059455,0.015632942910443183,0.0061087933393462659
28.183829312644534,0.99950014246564711,0.021988652735389195,0.99969555692998679,0.015813815208751636,0.0061795232963855005
28.510182675039097,0.99948850562748892,0.022242998356386368,0.99968846904339648,0.015996776689371092,0.0062510720380589864
28.840315031266059,0.9994765980311543,0.02250027964520733,0.99968121622374151,0.016181851360660103,0.0063234490373762064
29.174270140011675,0.99946441338393577,0.022760530261301624,0.9996737946370079,0.016369063502554591,0.0063966638767554151
29.512092266663856,0.99945194524721215,0.023023784242164773,0.9996662003602419,0.016558437669487409,0.0064707262492805428
29.853826189179603,0.99943918703307999,0.023290076007305809,0.99965842937949523,0.016749998693333969,0.0065456459599723864
30.199517204020161,0.99942613200090957,0.023559440362246251,0.99965047758772418,0.016943771686383759,0.0066214329270740625
30.549211132155122,0.99941277325382127,0.023831912502550758,0.99964234078263892,0.017139782044337918,0.0066980971833510549
30.902954325135905,0.99939910373508234,0.024107528017888947,0.99963401466450574,0.017338055449332763,0.0067756488774058489
31.260793671239558,0.99938511622441961,0.02438632289612841,0.9996254948338974,0.017538617872989271,0.0068540982750074806
31.622776601683793,0.99937080333425077,0.024668333527458751,0.99961677678939265,0.017741495579488634,0.0069334557604359233
31.988951096913972,0.99935615750582685,0.024953596708546404,0.99960785592522328,0.017946715128673716,0.0070137318378418155
32.359365692962825,0.99934117100528985,0.025242149646719874,0.99959872752886714,0.018154303379176444,0.0070949371326212551
32.734069487883829,0.99932583591963708,0.025534029964185297,0.99958938677858677,0.018364287491571034,0.007177082392806268
33.113112148259113,0.99931014415259622,0.025829275702271962,0.99957982874091056,0.018576694931553075,0.0072601784904707187
33.496543915782759,0.99929408742040626,0.026127925325707645,0.99957004836805852,0.018791553473144398,0.0073442364231521623
33.884415613920254,0.99927765724750106,0.026430017726923109,0.99956004049530756,0.019008891201923513,0.0074292673152895452
34.276778654645049,0.99926084496209522,0.026735592230385623,0.99954979983829695,0.019228736518281615,0.0075152824196770517
34.673685045253166,0.99924364169167179,0.027044688596961176,0.99953932099027365,0.019451118140704077,0.0076022931189342266
35.075187395256798,0.99922603835836432,0.027357347028304866,0.99952859841927411,0.019676065109077278,0.0076903109269926282
35.481338923357548,0.99920802567423561,0.027673608171278896,0.999517626465241,0.019903606788020476,0.0077793474905990152
35.892193464500536,0.99918959413645059,0.027993513122397951,0.99950639933707663,0.020133772870242792,0.0078694145908353511
36.307805477010142,0.99917073402233714,0.028317103432301254,0.9994949111096274,0.020366593379924951,0.0079605241446558447
36.72823004980846,0.99915143538433826,0.028644421110250881,0.99948315572060076,0.020602098676125689,0.0080526882064410315
37.15352290971726,0.99913168804484642,0.028975508628655673,0.99947112696741214,0.02084031945621255,0.0081459189695693296
37.583740428844429,0.99911148159092411,0.029310408927619991,0.99945881850395957,0.021081286759316732,0.0082402287680058972
38.018939632056124,0.9990908053689036,0.029649165419517121,0.99944622383732673,0.021325031969812065,0.0083356300779093631
38.459178204535355,0.99906964847886481,0.029991821993586004,0.99943333632440967,0.021571586820817376,0.0084321355192562841
38.904514499428046,0.99904799976898939,0.030338423020551088,0.99942014916846855,0.021820983397722364,0.0085297578574836715
39.355007545577742,0.99902584782978565,0.030689013357264185,0.99940665541559981,0.022073254141736328,0.0086285100051497997
39.810717055349734,0.99900318098818564,0.0310436383513676,0.99939284795113026,0.022328431853459584,0.0087284050236133177
40.271703432545905,0.99897998730150861,0.031402343845977801,0.99937871949592938,0.02258654969647721,0.0088294561247310097
40.738027780411258,0.99895625455128678,0.031765176184388455,0.99936426260263655,0.022847641200974603,0.0089316766725743065
41.209751909733022,0.99893197023695535,0.032132182214792103,0.99934946965180615,0.023111740267374486,0.009035080185164801
41.686938347033553,0.99890712156939854,0.03250340929501918,0.99933433284796314,0.023378881169994863,0.0091396803362288268
42.169650342858226,0.99888169546435168,0.032878905297293558,0.99931884421557182,0.023649098560727548,0.0092454909569714069
42.657951880159253,0.99885567853565527,0.033258718613003446,0.99930299559491165,0.023922427472736624,0.0093525260378697957
43.151907682776525,0.99882905708835856,0.033642898157486265,0.99928677863786342,0.024198903324176381,0.0094607997304866319
43.651583224016612,0.99880181711166782,0.034031493374826298,0.99927018480359742,0.024478561921928023,0.0095703263493029621
44.157044735331255,0.99877394427173649,0.034424554242664045,0.9992532053541674,0.024761439465354668,0.0096811203735716021
44.668359215096302,0.9987454239042971,0.034822131277015687,0.9992358313500046,0.025047572550074025,0.0097931964491904666
45.185594437492242,0.99871624100712486,0.035224275537101134,0.99921805364531036,0.025336998171747793,0.0099065693905966562
45.708818961487516,0.99868638023233769,0.035631038630179308,0.99919986288334728,0.025629753729887361,0.010021254182680985
46.238102139926035,0.99865582587852031,0.0360424727163891,0.99918124949162324,0.025925877031674927,0.010137265982723615
46.77351412871981,0.99862456188267645,0.036458630513594117,0.99916220367696851,0.026225406295799135,0.010254620122350577
47.315125896148054,0.99859257181200145,0.036879565302229834,0.99914271542050437,0.02652838015630464,0.010373332109511716
47.863009232263849,0.99855983885547128,0.037305330930150718,0.99912277447249653,0.026834837666454264,0.010493417630479904
48.417236758409942,0.99852634581524735,0.037735981817476311,0.99910237034709715,0.027144818302603436,0.010614892551872087
48.977881936844611,0.99849207509788784,0.038171572961433427,0.99908149231696808,0.027458361968085297,0.010737772922692242
49.54501908047903,0.99845700870536902,0.03861215994119286,0.99906012940778455,0.027775508997105867,0.010862074976396062
50.118723362727245,0.99842112822590401,0.03905779892269827,0.99903827039261828,0.02809630015864794,0.010987815132978376
50.699070827470443,0.99838441482456208,0.03950854666348512,0.99901590378619431,0.028420776660382799,0.011115010001082632
51.286138399136483,0.99834684923368022,0.03996446051748706,0.99899301783902184,0.028748980152588314,0.011243676380133256
51.880003892896092,0.99830841174306417,0.040425598439827543,0.99896960053139527,0.02908095273207234,0.011373831262490837
52.480746024977257,0.99826908218997434,0.040892018991593893,0.99894563956726179,0.029416736946100069,0.011505491835630294
53.088444423098849,0.99822883994889211,0.041363781344591233,0.99892112236795527,0.029756375796323897,0.011638675484342418
53.703179637025272,0.99818766392106162,0.041840945286073489,0.99889603606579036,0.030099912742714459,0.011773399792958826
54.325033149243303,0.99814553252380434,0.042323571223448618,0.99887036749751656,0.03044739170749141,0.011909682547600536
54.954087385762456,0.998102423679599,0.042811720188954745,0.99884410319762973,0.030798857079052125,0.01204754173845054
55.590425727040369,0.99805831480492346,0.043305453844304252,0.99881722939153361,0.031154353715896858,0.012186995562050277
56.234132519034908,0.99801318279885665,0.043804834485292751,0.9987897319885557,0.031513926950548804,0.012328062423620509
56.885293084384131,0.99796700403142924,0.044309925046368957,0.9987615965748069,0.031877622593466964,0.012470760939406557
57.543993733715695,0.99791975433172364,0.044820789105162386,0.99873280840588707,0.032245486936950146,0.01261510993904837
58.210321777087159,0.99787140897571769,0.045337490886964815,0.99870335239943142,0.03261756675903011,0.012761128467975152
58.884365535558899,0.99782194267386271,0.04586009526916196,0.99867321312749424,0.032993909327351877,0.012908835789825462
59.566214352901035,0.99777132955839742,0.046388667785611216,0.99864237480876761,0.033374562403039126,0.013058251388892207
60.25595860743578,0.99771954317038625,0.046923274630961007,0.99861082130063028,0.033759574244542241,0.013209394972593212
60.953689724016932,0.99766655644648039,0.047463982664907985,0.99857853609102665,0.034148993611467067,0.013362286473967639
61.659500186148222,0.99761234170539481,0.048010859416387018,0.9985455022901677,0.034542869768381779,0.013516946054197889
62.373483548241914,0.99755687063409693,0.048563973087689644,0.99851170262205402,0.034941252488599361,0.01367339410515782
63.095734448019329,0.99750011427370044,0.049123392558505986,0.99847711941581763,0.035344192057933335,0.013831651251987041
63.82634861905489,0.99744204300505701,0.049689187389884926,0.9984417345968748,0.035751739278423643,0.013991738355691759
64.56542290346556,0.99738262653404541,0.050261427828107615,0.9984055296778922,0.036163945472030376,0.014153676515772012
65.31305526474722,0.99732183387654594,0.05084018480846874,0.99836848574955783,0.03658086248429214,0.01431748707287594
66.069344800759609,0.99725963334309875,0.051425529958959694,0.99833058347115622,0.03700254268794604,0.014483191611480895
66.834391756861493,0.99719599252323821,0.05201753560384792,0.9982918030609409,0.037429038986506138,0.014650811962601616
67.60829753919819,0.99713087826949864,0.052616274767146615,0.99825212428630472,0.037860404817797379,0.014820370206525914
68.391164728142925,0.99706425668108289,0.053221821175968104,0.99821152645373956,0.038296694157441254,0.014991888675577828
69.183097091893629,0.9969960930871915,0.053834249263754304,0.99816998839858539,0.038737961522289796,0.015165389956908274
69.984199600227342,0.99692635203000224,0.054453634173378,0.99812748847456167,0.03918426197380432,0.015340896895313885
70.794578438413808,0.99685499724729709,0.055080051760107135,0.99808400454307866,0.039635651121374967,0.015518432596083393
71.614341021290201,0.99678199165472769,0.05571357859442562,0.99803951396232515,0.040092185125577273,0.01569802042787273
72.443596007498982,0.9967072973277159,0.056354291964702499,0.99799399357612695,0.040553920701361539,0.015879684025608007
73.2824533138904,0.99663087548297846,0.057002269879702,0.99794741970257217,0.041020915121170835,0.01606344729341733
74.131024130091774,0.99655268645967565,0.057657591070925912,0.99789976812240178,0.041493226217983022,0.016249334407590989
74.989420933245583,0.99647268970017144,0.058320334994780516,0.99785101406715582,0.041970912388272538,0.01643736981957053
75.857757502918361,0.99639084373040165,0.058990581834558992,0.99780113220707789,0.042454032594887128,0.016627578258966959
76.736148936181891,0.99630710613984363,0.059668412502230171,0.99775009663876735,0.042942646369834296,0.016819984736607726
77.624711662869188,0.99622143356107984,0.060353908640024462,0.99769788087257871,0.043436813816972744,0.017014614547612963
78.523563461007186,0.99613378164894784,0.06104715262180746,0.99764445781976219,0.04393659561460337,0.017211493274501301
79.43282347242814,0.99604410505927288,0.061748227554230949,0.99758979977934215,0.044442053017954404,0.017410646790324811
80.352612218561731,0.9959523574271737,0.062457217277651196,0.99753387842472718,0.044953247861554989,0.017612101261833678
81.283051616409949,0.99585849134493554,0.063174206366803487,0.99747666479005015,0.045470242561491139,0.017815883152670575
82.224264994707113,0.99576245833944355,0.063899280131222244,0.9974181292562303,0.045993100117538467,0.018022019226594674
83.176377110267083,0.99566420884917084,0.064632524615395245,0.99735824153675612,0.046521884115164946,0.018230536550735726
84.139514164519511,0.99556369220071295,0.06537402659863964,0.99729697066318135,0.047056658727397394,0.018441462498877785
85.113803820237678,0.99546085658486227,0.066123873594688035,0.99723428497033328,0.047597488716544803,0.018654824754773352
86.099375218460068,0.99535564903221707,0.066882153850971765,0.9971701520812255,0.048144439435771791,0.018870651315487222
87.096358995608057,0.99524801538831542,0.067648956347588482,0.99710453889167061,0.048697576830514698,0.019088970494770874
88.104887300801423,0.99513790028829097,0.068424370795940159,0.9970374115545918,0.049256967439733026,0.019309810926466702
89.12509381337459,0.99502524713104112,0.069208487637027902,0.99696873546402465,0.049822678396988292,0.0195332015679428
90.157113760595706,0.99490999805290192,0.070001398039388971,0.99689847523880681,0.050394777431342623,0.019759171703557822
91.201083935590972,0.99479209390082302,0.070803193896661495,0.99682659470595048,0.05097333286806871,0.019987750948156392
92.257142715476292,0.99467147420503588,0.071613967824760677,0.99675305688369231,0.051558413629162352,0.020218969250594521
93.325430079699103,0.99454807715121019,0.072433813158651578,0.99667782396421822,0.052150089233649222,0.020452856897295559
94.40608762859236,0.99442183955208929,0.073262823948701358,0.9966008572960563,0.052748429797676299,0.020689444515836441
95.499258602143584,0.99429269681860288,0.074101094956594574,0.99652211736613516,0.053353506034378967,0.020928763078564016
96.60508789898131,0.99416058293044296,0.074948721650793762,0.99644156378150139,0.053965389253513879,0.021170843906241958
97.723722095581067,0.99402543040610802,0.075805800201527371,0.99635915525069441,0.054584151360847419,0.021415718671727486
98.855309465693907,0.99388717027239892,0.07667242747528652,0.99627484956477064,0.055209864857289626,0.021663419403678455
100,0.99374573203336813,0.077548701028811479,0.99618860357797767,0.055842602837762885,0.021913978490290375
101.15794542598982,0.99360104363871193,0.078434719102548053,0.99610037318806799,0.056482438989794242,0.022167428683063421
102.32929922807536,0.99345303145160357,0.079330580613553539,0.996010113316254,0.057129447591820079,0.022423803100599191
103.51421666793441,0.99330162021596036,0.080236385147831102,0.99591777788679692,0.057783703511191324,0.022683135232427109
104.71285480508996,0.99314673302314005,0.08115223295207119,0.99582331980622696,0.058445282201866913,0.022945458942860656
105.92537251772886,0.99298829127806187,0.082078224924777912,0.9957266909421888,0.059114259701783835,0.023210808474882483
107.1519305237607,0.99282621466474708,0.083014462606756878,0.99562784210191146,0.059790712629889817,0.023479218454059213
108.39269140212039,0.99266042111127695,0.083961048170940938,0.9955267230102981,0.0604747181828258,0.023750723892484834
109.64781961431851,0.992490826754161,0.084918084411530453,0.99542328228763011,0.061166354131245271,0.024025360192753073
110.91748152624008,0.99231734590211496,0.085885674732421521,0.99531746742688543,0.061865698815755127,0.024303163151958011
112.2018454301963,0.9921398909992426,0.086863923134897769,0.9952092247706652,0.062572831142464549,0.02458416896572321
113.50108156723144,0.99195837258762154,0.08785293420455835,0.99509849948772799,0.063287830578126467,0.024868414232258565
114.81536214968828,0.99177269926928646,0.088852813097455324,0.99498523554912577,0.064010777144856632,0.02515593595644482
116.14486138403426,0.99158277766761305,0.089863665525411876,0.99486937570394318,0.064741751414413934,0.025446771553945133
117.48975549395303,0.99138851238809489,0.090885597740493679,0.99475086145463365,0.065480834502026602,0.025740958855344068
118.85022274370189,0.99118980597851813,0.091918716518601756,0.99462963303195273,0.066228108059746327,0.02603853611031217
120.22644346174131,0.99098655888852871,0.092963129142158998,0.99450562936948539,0.066983654269314505,0.026339541991797558
121.61860006463679,0.99077866942859538,0.094018943381856665,0.99437878807776658,0.067747555834521689,0.026644015600242262
123.02687708123811,0.99056603372836582,0.095086267477429973,0.99424904541799364,0.068519895973042755,0.026951996467824233
124.45146117713844,0.99034854569442199,0.096165210117430011,0.99411633627532825,0.069300758407729007,0.027263524562723483
125.89254117941675,0.99012609696742993,0.097255880417957241,0.99398059413178896,0.070090227357338025,0.027578640293412553
127.35030810166616,0.98989857687869165,0.098358387900322017,0.99384175103873162,0.070888387526680946,0.027897384512970087
128.82495516931348,0.98966587240610238,0.099472842467598049,0.99369973758892161,0.071695324096168661,0.028219798523417425
130.31667784523,0.989427868129512,0.10059935438002916,0.99355448288819348,0.072511122710733539,0.028545924080077171
131.82567385564073,0.98918444618550239,0.10173803422925552,0.99340591452670224,0.073335869468108258,0.028875803395953248
133.35214321633239,0.98893548622158201,0.10288899291131776,0.99325395854976639,0.074169650906437457,0.029209479146131347
134.89628825916532,0.98868086534980448,0.10405234159840181,0.99309853942830351,0.075012553991201325,0.029546994472199644
136.45831365889239,0.98842045809982204,0.10522819170928317,0.99293958002886296,0.0758646661014276,0.029888392986688207
138.03842646028852,0.98815413637137883,0.10641665487842975,0.99277700158325621,0.076726075015168621,0.030233718777526616
139.63683610559377,0.98788176938625627,0.10761784292372062,0.99261072365778824,0.077596868894218865,0.030583016412518819
141.25375446227554,0.98760322363967867,0.10883186781273874,0.99244066412209597,0.078477136268049447,0.030936330943834574
142.88939585111038,0.98731836285119623,0.11005884162759146,0.99226673911759522,0.079366966016932702,0.031293707912515199
144.54397707459279,0.98702704791505202,0.11129887652821614,0.992088863025544,0.08026644735423269,0.031655193352994521
146.21771744567184,0.98672913685005204,0.11255208471412299,0.99190694843472516,0.081175669807833931,0.03202083379763232
147.91083881682073,0.98642448474895539,0.11381857838452862,0.99172090610875907,0.082094723200681938,0.032390676281259391
149.62356560944329,0.98611294372739644,0.11509846969683267,0.99153064495304732,0.083023697630408011,0.032764768345733546
151.35612484362071,0.9857943628723641,0.11639187072338832,0.99133607198136287,0.08396268344801,0.033143158044504822
153.10874616820303,0.98546858819025496,0.11769889340651653,0.99113709228208924,0.084911771235560235,0.033525893947188433
154.88166189124811,0.985135462554524,0.11901964951171293,0.99093360898412186,0.085871051782910934,0.033913025144144161
156.67510701081503,0.98479482565295595,0.12035425057899699,0.99072552322244145,0.086840616063368528,0.03430460125106103
158.48931924611142,0.98444651393458471,0.1217028078723479,0.99051273410337104,0.087820555208304091,0.034700672413544832
160.32453906900417,0.98409036055628485,0.12306543232717708,0.99029513866952823,0.088810960480671525,0.035101289311708167
162.18100973589299,0.98372619532907135,0.12444223449577929,0.99007263186448902,0.089811923247399394,0.035506503164759583
164.05897731995387,0.98335384466413034,0.12583332449070919,0.98984510649717317,0.090823534950625867,0.035916365735591753
165.95869074375597,0.98297313151862509,0.12723881192602604,0.9896124532059738,0.091845887077743341,0.036330929335365254
167.88040181225605,0.98258387534130154,0.12865880585635017,0.98937456042264027,0.092879071130219773,0.036750246828087953
169.82436524617444,0.98218589201794415,0.1300934147136715,0.98913131433593904,0.093923178591162254,0.037174371635184951
171.79083871575892,0.98177899381671319,0.131542746241855,0.98888259885510987,0.094978300891590428,0.037603357740060642
173.78008287493762,0.98136298933341204,0.13300690742877877,0.98862829557313658,0.096044529375381812,0.038037259692647436
175.79236139586931,0.98093768343672727,0.13448600443604966,0.98836828372985641,0.097121955262857593,0.03847613261394095
177.82794100389228,0.98050287721349583,0.135980142526232,0.98810244017493276,0.098210669612969981,0.038920032200517859
179.88709151287873,0.98005836791404222,0.13748942598753022,0.98783063933071324,0.099310763284056996,0.039369014729035388
181.97008586099827,0.97960394889765012,0.13901395805586278,0.98755275315500413,0.10042232689312768,0.039823137060707961
184.07720014689562,0.97913940957821766,0.14055384083426542,0.98726865110378514,0.10154545077364076,0.040282456645759877
186.20871366628674,0.97866453537016196,0.14210917520956085,0.98697820009389792,0.10268022493173967,0.040747031527850565
188.3649089489802,0.97817910763463534,0.14368006076623283,0.98668126446573923,0.10382673900090741,0.041216920348469355
190.54607179632484,0.97768290362612209,0.14526659569743963,0.98637770594599261,0.10498508219500172,0.041692182351296639
192.75249131909365,0.97717569643948354,0.14686887671310617,0.986067383610433,0.10615534325963497,0.042172877386529022
194.98445997580455,0.97665725495752964,0.14848699894502893,0.98575015384684295,0.10733761042185901,0.042659065915163892
197.24227361148533,0.97612734379919508,0.1501210558489319,0.9854258703180816,0.10853197133811771,0.043150809013240872
199.52623149688787,0.9755857232683981,0.1517711391034102,0.98509438392534321,0.10973851304042916,0.043648168376036328
201.83663636815598,0.97503214930367377,0.15343733850569796,0.98475554277165467,0.11095732188075874,0.044151206322207315
204.17379446695296,0.97446637342866871,0.15511974186419863,0.9844091921256537,0.11218848347354581,0.04465998579788065
206.53801558105292,0.97388814270359281,0.15681843488771519,0.98405517438569923,0.11343208263634533,0.045174570380683711
208.92961308540407,0.97329719967772554,0.15853350107132008,0.98369332904436102,0.11468820332854793,0.045695024283712644
211.34890398366477,0.97269328234308472,0.1602650215788026,0.98332349265334584,0.11595692858813908,0.04622141235943289
213.79620895022325,0.97207612408935962,0.16201307512163679,0.98294549878891191,0.11723834046646284,0.046753800103509033
216.271852372702,0.97144545366022539,0.16377773783440897,0.98255917801783177,0.11853251996095139,0.047292253658557826
218.77616239495518,0.97080099511115636,0.16555908314664974,0.9821643578639645,0.11983954694578573,0.04783683981782038
221.30947096056366,0.97014246776885849,0.16735718165101485,0.9817608627754999,0.12115950010045183,0.048387626028748854
223.87211385683401,0.96946958619245016,0.16917210096776017,0.98134851409293922,0.12249245683615752,0.048944680396501183
226.46443075930597,0.96878206013652624,0.17100390560545997,0.98092713001788689,0.12383849322007646,0.049508071687339575
229.08676527677747,0.96807959451623826,0.17285265681791964,0.98049652558271749,0.12519768389738742,0.050077869331927316
231.73946499684797,0.96736188937454159,0.17471841245723332,0.98005651262120064,0.12657010201107516,0.050654143428516978
234.42288153199226,0.96662863985175118,0.17660122682294488,0.97960689974015447,0.1279558191194653,0.051236964746025515
237.13737056616552,0.96587953615756772,0.17850115050726803,0.97914749229221454,0.12935490511146186,0.051826404726988462
239.88329190194898,0.96511426354572927,0.18041823023632939,0.97867809234979863,0.13076742811946152,0.052422535490388895
242.66100950824142,0.96433250229145928,0.18235250870739783,0.97819849868035647,0.13219345442991814,0.053025429834352128
245.47089156850311,0.96353392767187818,0.18430402442207028,0.9777085067229927,0.13363304839153431,0.05363516123870124
248.31331052955704,0.96271820994956192,0.18627281151538583,0.97720790856656037,0.13508627232105658,0.0542518038673655
251.18864315095823,0.96188501435942753,0.18825889958084766,0.97669649292931759,0.13655318640665726,0.054875432570634597
254.09727055493065,0.9610340010991395,0.19026231349133133,0.9761740451402523,0.13803384860888196,0.055506122887250417
257.03957827688646,0.96016482532322878,0.19228307321587162,0.97564034712217373,0.13952831455915188,0.056143951046329965
260.01595631652719,0.95927713714113261,0.19432119363231595,0.97509517737668239,0.14103663745580494,0.056788993969109546
263.02679918953817,0.95837058161935795,0.19637668433584676,0.97453831097112675,0.14255886795766987,0.057441329270503674
266.07250597988087,0.95744479878798916,0.19844954944337598,0.9739695195276602,0.14409505407516507,0.058101035260468156
269.15348039269139,0.956499423651754,0.20053978739382411,0.97338857121451616,0.14564524105892104,0.058768190945160295
272.27013080779125,0.95553408620588254,0.20264739074430327,0.97279523073962215,0.14720947128592682,0.059442876027885387
275.4228703338166,0.95454841145698544,0.20477234596222885,0.97218925934667699,0.14878778414320448,0.06012517090982121
278.61211686297725,0.95354201944919481,0.20691463321339804,0.97157041481381767,0.15038021590902365,0.060815156690509777
281.83829312644548,0.9525145252958116,0.20907422614607371,0.97093845145500701,0.15198679963166439,0.061512915168106364
285.10182675039096,0.9514655392167074,0.21125109167113065,0.9702931201242766,0.15360756500575223,0.062218528839376418
288.40315031266056,0.95039466658174288,0.21344518973832241,0.96963416822296089,0.15524253824618275,0.062932080899427825
291.74270140011657,0.9493015079604582,0.21565647310874153,0.96896133971006448,0.15689174195966751,0.063653655241168394
295.12092266663842,0.94818565917830822,0.21788488712355719,0.96827437511590309,0.15855519501393273,0.064383336454476886
298.53826189179603,0.94704671137970953,0.22013036946912123,0.96757301155916764,0.16023291240461032,0.065121209825076382
301.99517204020162,0.94588425109818175,0.22239284993854919,0.96685698276755794,0.16192490511986624,0.065867361333095786
305.49211132155153,0.94469786033385894,0.22467225018989498,0.96612601910213747,0.16363118000281845,0.06662187765130996
309.0295432513592,0.94348711663866325,0.22696848350104593,0.96537984758556639,0.16535173961180039,0.067384846143042118
312.6079367123956,0.94225159320942486,0.22928145452148624,0.96461819193436449,0.16708658207853749,0.068156354859718118
316.2277660168379,0.94099085898924439,0.23161105902108275,0.96384077259536671,0.16883570096430664,0.068936492538057184
319.88951096913974,0.93970447877739616,0.23395718363606768,0.96304730678652939,0.17059908511415958,0.069725348596884784
323.59365692962808,0.93839201334806532,0.23631970561240404,0.96223750854224943,0.17237671850929706,0.070523013133554607
327.34069487883829,0.93705301957822729,0.23869849254673869,0.96141108876336179,0.1741685801176906,0.07132957691996307
331.13112148259108,0.93568705058496637,0.2410934021251592,0.96056775527197635,0.17597464374305294,0.072145131398141549
334.96543915782792,0.93429365587254098,0.24350428185999654,0.95970721287132343,0.17779487787227594,0.072969768675410995
338.84415613920271,0.93287238148949725,0.24593096882491952,0.95882916341077173,0.1796292455214504,0.073803581519081896
342.76778654645045,0.93142277019613728,0.24837328938860168,0.95793330585618386,0.18147770408060659,0.07464666335068286
346.73685045253166,0.9299443616426426,0.25083105894724395,0.95701933636577952,0.18334020515731159,0.075499108239701296
350.75187395256796,0.92843669255815275,0.25330408165626705,0.95608694837166486,0.18521669441927657,0.076361010896818307
354.81338923357532,0.92689929695110296,0.2557921501615022,0.95513583266719881,0.18710711143613634,0.077232466666618108
358.92193464500497,0.92533170632110617,0.25829504533022973,0.95416567750035353,0.18901138952057139,0.078113571519756717
363.0780547701014,0.92373344988267814,0.26081253598243681,0.95317616867323363,0.19092945556895718,0.079004422044567368
367.28230049808462,0.9221040548010847,0.26334437862268395,0.95216698964790847,0.1928612299017323,0.079905115438084443
371.53522909717276,0.92044304644058939,0.26589031717299905,0.95113782165871386,0.19480662610369481,0.080815749496467151
375.8374042884443,0.91874994862537407,0.26845008270722659,0.95008834383117469,0.19676555086443825,0.081736422604799269
380.18939632056123,0.91702428391338953,0.27102339318729879,0.94901823330769308,0.19873790381916159,0.082667233726247263
384.59178204535351,0.91526557388339114,0.2736099532019024,0.94792716538014599,0.20072357739008884,0.083608282390552444
389.04514499428046,0.9134733394353941,0.27620945370804817,0.94681481362952602,0.20272245662875388,0.084559668681836384
393.55007545577723,0.91164710110477842,0.27882157177607059,0.94568085007275537,0.20473441905941395,0.085521493225696771
398.10717055349733,0.90978637939025109,0.28144597033860558,0.94452494531679654,0.20675933452386927,0.086493857175570774
402.71703432545905,0.90789069509586973,0.28408229794412232,0.94334676872017176,0.20879706502797662,0.087476862198339972
407.38027780411301,0.90595956968729396,0.28673018851560667,0.9421459885619996,0.21084746459016179,0.088470610459157703
412.09751909733041,0.90399252566243848,0.28938926111501417,0.94092227221864155,0.2129103790922397,0.089475204605466957
416.86938347033549,0.90198908693665469,0.29205911971414067,0.93967528634804742,0.2149856461328733,0.090490747750190656
421.69650342858222,0.89994877924256689,0.29473935297257414,0.93840469708187124,0.21707309488400522,0.091517343454063302
426.57951880159254,0.89787113054465206,0.29742953402342037,0.93711017022542231,0.21917254595061547,0.092555095707079399
431.51907682776499,0.89575567146863033,0.30012922026751293,0.93579137146549785,0.22128381123416357,0.093604108909033493
436.51583224016611,0.89360193574570768,0.30283795317684276,0.9344479665861336,0.22340669380009176,0.094664487849120835
441.57044735331255,0.89140946067168159,0.30555525810796097,0.93307962169229353,0.22554098774976999,0.095736337684573486
446.68359215096348,0.88917778758088484,0.30828064412613482,0.93168600344149932,0.22768647809728154,0.096819763918303922
451.85594437492261,0.88690646233491965,0.31101360384104493,0.93026677928338941,0.2298429406514492,0.097914872375523432
457.08818961487515,0.88459503582608656,0.31375361325484602,0.92882161770717486,0.2320101419035229,0.099021769179310715
462.38102139926036,0.88224306449538792,0.31650013162341573,0.92735018849694306,0.23418783892094713,0.10014056072509686
467.73514128719813,0.87985011086493514,0.31925260133164196,0.92585216299473849,0.23637577924764352,0.10127135365403907
473.15125896148027,0.8774157440845588,0.32201044778361193,0.92432721437132881,0.23857370081124823,0.10241425482525025
478.63009232263801,0.87493954049236899,0.32477307930857541,0.92277501790454541,0.24078133183775008,0.1035693712868552
484.17236758409939,0.87242108418897535,0.3275398870835719,0.92119525126505863,0.24299839077398239,0.10473681024583929
489.77881936844614,0.86985996762502549,0.33031024507361417,0.91958759480943297,0.24522458621842569,0.10591667903665984
495.45019080479057,0.86725579220167281,0.33308350999033831,0.91795173188027157,0.24745961686078449,0.10710908508858717
501.18723362727246,0.8646081688835392,0.33585902127002154,0.91628734911324461,0.24970317143079857,0.10831413589174084
506.99070827470445,0.86191671882367837,0.33863610107188674,0.91459413675076096,0.25195492865675839,0.10953193896179
512.86138399136485,0.8591810739999991,0.34141405429760152,0.91287178896202092,0.2542145572341859,0.11076260180328447
518.80003892896093,0.85640087786255181,0.34419216863288365,0.91112000416915695,0.25648171580514811,0.11200623187158003
524.80746024977225,0.85357578599102102,0.34696971461211767,0.90933848537913919,0.25875605294866216,0.11326293653332738
530.88444423098849,0.85070546676171643,0.34974594570688006,0.90752694052109883,0.26103720718265,0.11453282302548959
537.03179637025266,0.84778960202328935,0.35252009843925308,0.90568508278868443,0.26332480697789057,0.11581599841285102
543.25033149243359,0.84482788778034545,0.35529139252080705,0.90381263098704112,0.26561847078441608,0.11711256954398935
549.54087385762477,0.84182003488406987,0.35805903101809122,0.90190930988397433,0.26791780707077861,0.11842264300566867
555.90425727040372,0.83876576972890327,0.36082220054547315,0.89997485056481641,0.27022241437661376,0.11974632507562596
562.34132519034904,0.83566483495427002,0.36358007148612304,0.89800899079050245,0.27253188137890316,0.12108372167371161
568.85293084384125,0.83251699015027336,0.36633179824192158,0.89601147535830905,0.27484578697232903,0.12243493831135346
575.43993733715661,0.82932201256623261,0.36907651951302867,0.89398205646469731,0.27716370036409299,0.12380008003930629
582.10321777087154,0.8260796978208591,0.37181335860781684,0.89192049406965579,0.27948518118355131,0.12517925139365657
588.84365535558902,0.82278986061281922,0.37454142378382554,0.88982655626191909,0.28180977960699494,0.12657255634004588
595.6621435290109,0.81945233543036666,0.37725980862035624,0.88770001962440093,0.28413703649788402,0.12798009821608181
602.55958607435809,0.81606697725866728,0.37996759242325867,0.8855406695991539,0.28646648356280702,0.12940197967190242
609.53689724016931,0.81263366228338685,0.3826638406624252,0.88334830085113714,0.28879764352342097,0.13083830260886128
616.59500186148216,0.80915228858905375,0.3853476054424313,0.88112271763005201,0.29113003030458318,0.13228916811630304
623.73483548241916,0.80562277685065187,0.38801792600670537,0.87886373412946872,0.29346314923885908,0.13375467640639851
630.957344480193,0.80204507101685585,0.39067382927553929,0.87657117484245095,0.29579649728755208,0.13523492674700649
638.26348619054829,0.79841913898326555,0.39331433041817643,0.87424487491285785,0.29812956327836104,0.13673001739253576
645.6542290346556,0.79474497325395244,0.39593843345913732,0.87188468048148138,0.30046182815973144,0.13824004551277982
653.13055264747231,0.79102259158959431,0.39854513191885632,0.86949044902615791,0.30279276527192134,0.13976510711969256
660.69344800759643,0.78725203764042606,0.40113340948862464,0.86706204969497169,0.30512184063476117,0.14130529699208461
668.34391756861487,0.78343338156221443,0.40370224073973082,0.86459936363166179,0.30744851325203126,0.14286070859821368
676.0829753919819,0.77956672061342103,0.40625059186660911,0.86210228429231472,0.30977223543234189,0.14443143401624331
683.91164728142928,0.77565217973170553,0.4087774214636955,0.8595707177524341,0.31209245312633782,0.14601756385255385
691.83097091893626,0.7716899120878935,0.41128168133559667,0.85700458300345472,0.31440860628000494,0.14761918715788186
699.84199600227305,0.76768009961552486,0.41376231734006952,0.85440381223777617,0.31672012920379788,0.14923639134127364
707.94578438413805,0.76362295351408893,0.41621827026319808,0.85176835112137961,0.31902645095724991,0.15086926208183457
716.14341021290193,0.75951871472405486,0.4186484767260471,0.84909815905310548,0.32132699574867107,0.1525178832382626
724.43596007499059,0.7553676543717992,0.42105187012195838,0.84639320940966201,0.32362118334948375,0.1541823367561575
732.82453313890448,0.75117007418256987,0.42342738158353527,0.84365348977546062,0.32590842952267884,0.15586270257309087
741.31024130091771,0.74692630685961237,0.42577394097825422,0.84087900215636924,0.32818814646482419,0.15755905852144003
749.89420933245583,0.74263671642763973,0.42809047793151456,0.83806976317651016,0.3304597432609897,0.15927148022897802
758.57757502918355,0.73830169853884575,0.43037592287582438,0.83522580425723814,0.33272262635189731,0.1610000410172211
767.3614893618186,0.73392168073970954,0.43262920812470623,0.83234717177746553,0.33497620001254286,0.16274481179753955
776.24711662869197,0.72949712269688538,0.43484926896977832,0.82943392721453146,0.33721986684147581,0.16450586096503905
785.23563461007177,0.72502851638053933,0.43703504479936239,0.82648614726484637,0.33945302825986656,0.16628325429022192
794.3282347242822,0.72051638620354497,0.43918548023684667,0.82350392394357863,0.34167508501943322,0.16807705480844731
803.52612218561774,0.71596128911504553,0.4412995262969206,0.82048736466270311,0.34388543771823826,0.16988732270720769
812.83051616409955,0.71136381464695042,0.44337614155769417,0.8174365922867628,0.34608348732332261,0.17171411521124555
822.24264994707119,0.70672458491204782,0.4454142933466001,0.81435174516576647,0.34826863569907862,0.17355748646553959
831.76377110267083,0.70204425455249231,0.4474129589378803,0.81123297714468401,0.35044028614022471,0.17541748741619512
841.39514164519471,0.69732351063755127,0.4493711267593607,0.80808045754907187,0.35259784390819277,0.17729416568927497
851.13803820237592,0.69256307250959726,0.45128779760612325,0.8048943711464227,0.35474071676969621,0.17918756546761691
860.99375218460079,0.68776369157745876,0.45316198585860001,0.80167491808289926,0.35686831553620663,0.18109772736568749
870.96358995608057,0.68292615105637533,0.45499272070253388,0.79842231379518802,0.35898005460303128,0.18302468830252422
881.04887300801465,0.67805126565392659,0.45677904734817959,0.79513678889727957,0.36107535248665251,0.18496848137283403
891.25093813374588,0.67313988120146795,0.45852002824604982,0.79181858904206792,0.36315363235895837,0.18692913571630748
901.57113760595701,0.66819287423072393,0.46021474429646059,0.788467974757731,0.36521432257697761,0.18890667638523373
912.01083935590964,0.66321115149537935,0.46186229605007723,0.7850852212589523,0.36725685720670803,0.19090112421048433
922.57142715476289,0.65819564943763187,0.46346180489662614,0.78167061823312012,0.36928067653961894,0.19291249566596749
933.25430079699049,0.65314733359985844,0.46501241423891171,0.77822446960173108,0.37128522760040145,0.19494080273163672
944.06087628592354,0.64806719798169743,0.46651329064925207,0.77474709325732039,0.3732699646445366,0.19698605275516698
954.99258602143584,0.64295626434303121,0.46796362500544836,0.77123882077632522,0.37523434964425995,0.19904824831239792
966.05087898981412,0.63781558145350348,0.4693626336033998,0.76769999710837966,0.37717785276151172,0.20112738706667557
977.23722095581115,0.63264622428941064,0.47070955924348956,0.76413098024264281,0.37909995280647535,0.20322346162720539
988.55309465693904,0.6274492931789406,0.47200367228789986,0.76053214085183563,0.38100013768033941,0.20533645940656531
1000,0.62222591289694107,0.47324427168604194,0.75690386191477077,0.38287790480093931,0.20746636247751027
1011.5794542598983,0.61697723171054664,0.47443068596534255,0.75324653831824062,0.38473276150997915,0.20961314742922876
1023.2929922807547,0.61170442037717165,0.47556227418468516,0.74956057643921614,0.38656422546057445,0.211776785223209
1035.1421666793442,0.60640867109655106,0.47663842684787638,0.74584639370840711,0.38837182498390621,0.21395724104888375
1047.1285480508996,0.60109119641865427,0.47765856677459395,0.74210441815630102,0.39015509943383753,0.21615447417923797
1059.2537251772887,0.59575322810948084,0.47862214992636121,0.73833508794289682,0.39191359950839927,0.21836843782656074
1071.5193052376071,0.59039601597688163,0.47952866618520484,0.73453885087241522,0.39364688754712684,0.22059907899854467
1083.9269140212039,0.58502082665870569,0.48037764008276551,0.73071616389434624,0.39535453780330226,0.22284633835493653
1096.4781961431852,0.57962894237570362,0.48116863147775585,0.72686749259225691,0.39703613669023508,0.22511015006495996
1109.1748152624009,0.57422165965177163,0.48190123617980085,0.72299331066186157,0.39869128300080425,0.22739044166572914
1122.0184543019629,0.56880028800421578,0.4825750865178362,0.71909409937989288,0.40031958809956902,0.22968713392189677
1135.0108156723154,0.56336614860685574,0.48318985185139729,0.71517034706538674,0.40192067608685922,0.23200014068677535
1148.1536214968828,0.55792057292888075,0.48374523902329358,0.71122254853502653,0.40349418393434772,0.23432936876518742
1161.4486138403427,0.55246490135245985,0.4842409927523299,0.70725120455423496,0.40503976159171762,0.23667471777831148
1174.8975549395291,0.54700048177221183,0.48467689596491642,0.70325682128574263,0.4065570720641396,0.23903608003078797
1188.502227437019,0.54152866817968404,0.48505277006458519,0.69923990973737427,0.40804579146038616,0.24141334038037568
1202.2644346174131,0.53605081923607967,0.48536847513862413,0.69520098521083029,0.40950560901152211,0.24380637611044059
1216.1860006463678,0.53056829683648976,0.48562391010122541,0.6911405667532301,0.41093622706022587,0.24621505680558067
1230.268770812381,0.5250824646689497,0.48581901277274053,0.68705917661320948,0.41233736102090729,0.24863924423068962
1244.5146117713857,0.51959468677164178,0.48595375989483086,0.68295733970334283,0.41370873931091046,0.25107879221377333
1258.9254117941675,0.51410632609158513,0.48602816708149971,0.67883558307065639,0.41505010325319958,0.2535335465328411
1273.5030810166616,0.50861874304814036,0.48604228870618948,0.67469443537697193,0.41636120695104917,0.25600334480720133
1288.2495516931335,0.50313329410465557,0.48599621772532342,0.67053442639080019,0.4176418171353673,0.25848801639348978
1303.1667784522999,0.49765133035153036,0.48589008543886969,0.66635608649245437,0.4188917129853994,0.26098738228677704
1318.2567385564073,0.49217419610394952,0.48572406118869516,0.66215994619402285,0.42011068592366996,0.26350125502709426
1333.5214321633241,0.4867032275174637,0.48549835199566826,0.65794653567576922,0.42129853938612766,0.26602943861173151
1348.9628825916532,0.4812397512245481,0.48521320213665292,0.6537163843404894,0.4224550885685624,0.26857172841365778
1364.5831365889253,0.47578508299517019,0.48486889266271865,0.64947002038726742,0.42358016015046884,0.27112791110642032
1380.3842646028852,0.47034052642432167,0.48446574086006117,0.64520797040601285,0.42467359199762211,0.27369776459588091
1396.3683610559376,0.46490737164935114,0.484004099655299,0.64093075899406426,0.42573523284472881,0.27628105795915003
1412.537544622754,0.45948689409984267,0.48348435696696723,0.63663890839607484,0.42676494195959613,0.27887755139107462
1428.8939585111036,0.45408035328264107,0.48290693500518284,0.63233293816828384,0.42776258879034923,0.2814869961586417
1445.4397707459279,0.44868899160450926,0.48227228952159573,0.62801336486819137,0.42872805259729541,0.28410913456365372
1462.1771744567184,0.44331403323474827,0.48158090901187212,0.62368070177053425,0.42966122207110458,0.2867436999140302
1479.1083881682071,0.43795668300998325,0.48083331387308159,0.6193354586103722,0.43056199493903335,0.28939041650408376
1496.2356560944343,0.43261812538313882,0.48003005551846489,0.61497814135395579,0.43143027756097341,0.29204899960411895
1513.5612484362086,0.4272995234184922,0.47917171545216686,0.61060925199795135,0.43226598451715048,0.29471915545968824
1531.0874616820304,0.42200201783450042,0.47825890430660056,0.60622928839745649,0.4330690381893364,0.29740058130084013
1548.8166189124811,0.41672672609595585,0.47729226084519316,0.60183874412314142,0.43383936833746406,0.30009296536167834
1566.7510701081485,0.41147474155682695,0.4762724509333246,0.59743810834770117,0.43457691167355922,0.3027959869105426
1584.893192461114,0.40624713265497797,0.47520016648032704,0.59302786576169497,0.43528161143490918,0.30550931629111461
1603.2453906900416,0.40104494215978359,0.47407612435545332,0.58860849651871705,0.43595341695839723,0.30823261497472937
1621.8100973589299,0.39586918647346436,0.47290106528075215,0.5841804762097077,0.4365922832579231,0.3109655356241709
1640.5897731995387,0.39072085498680914,0.47167575270380985,0.57974427586610189,0.43719817060681465,0.31370772216920001
1659.5869074375614,0.38560090948975473,0.47040097165331785,0.57530036199137391,0.43777104412711643,0.31645880989405945
1678.8040181225606,0.38051028363713069,0.46907752758042959,0.57084919662042011,0.4383108733876081,0.31921842553717006
1698.2436524617442,0.37544988246969013,0.46770624518884268,0.56639123740609132,0.43881763201236457,0.32198618740322099
1717.9083871575876,0.37042058199039457,0.4662879672565286,0.56192693773208191,0.43929129730162514,0.32476170548782723
1737.8008287493763,0.36542322879573619,0.46482355345198129,0.55745674685125002,0.43973184986668079,0.32754458161491079
1757.9236139586931,0.36045863976173576,0.4633138791478203,0.55298111004834793,0.44013927328042701,0.33033440958693217
1778.2794100389228,0.35552760178407744,0.46175983423451633,0.54850046882601422,0.4405135537451571,0.33313077534807906
1798.8709151287874,0.35063087157171763,0.46016232193695084,0.54401526111280274,0.4408546797790952,0.33593325716048378
1819.7008586099844,0.34576917549313413,0.45852225763643778,0.53952592149190082,0.44116264192308208,0.33874142579351768
1840.7720014689564,0.3409432094742646,0.45684056770076004,0.53503288144911942,0.44143743246873568,0.34155484472618342
1862.0871366628676,0.33615363894703476,0.45511818832467593,0.53053656963863061,0.44167904520931256,0.3443730703625863
1883.6490894898002,0.33140109884727287,0.45335606438326154,0.52603741216487521,0.44188747521439364,0.34719565226044535
1905.4607179632483,0.32668619366067747,0.45155514830034593,0.52153583287897065,0.44206271862940894,0.35002213337256066
1927.5249131909366,0.32200949751540492,0.44971639893419069,0.51703225368789574,0.44220477250090595,0.35285205030112776
1949.8445997580454,0.31737155431974218,0.4478407804824503,0.51252709487466741,0.44231363462834905,0.35568493356475489
1972.4227361148535,0.31277287794324682,0.44592926140833361,0.50802077542768476,0.44238930344311661,0.35852030787799805
1995.2623149688809,0.30821395243964744,0.44398281338976542,0.50351371337736217,0.44243177791524324,0.36135769244319721
2018.3663636815618,0.30369523230973156,0.44200241029322263,0.49900632613815465,0.44244105748832585,0.36419660125436515
2041.7379446695295,0.2992171428023791,0.43998902717379285,0.49449903085404112,0.44241714204288773,0.36703654341283448
2065.3801558105292,0.29478008025185459,0.43794363930287677,0.48999224474553038,0.4423600318883647,0.36987702345433926
2089.2961308540389,0.29038441244941388,0.43586722122482652,0.48548638545623501,0.44226972778375062,0.37271754168717081
2113.4890398366479,0.28603047904725459,0.43376074584368307,0.48098187139706977,0.44214623098680927,0.37555759454100546
2137.9620895022326,0.28171859199280413,0.4316251835410454,0.47647912208613591,0.44198954333162888,0.37839667492597484
2162.7185237270201,0.27744903599132031,0.42946150132597594,0.47197855848237169,0.44179966733417275,0.38123427260150694
2187.7616239495519,0.27322206899477219,0.42727066201772479,0.46748060331108382,0.44157660632534773,0.38406987455443287
2213.0947096056389,0.26903792271495869,0.42505362346192049,0.46298568137950108,0.44132036461099233,0.38690296538582197
2238.7211385683399,0.26489680315882863,0.42281133778076174,0.45849421988054334,0.44103094765806283,0.38973302770597573
2264.6443075930597,0.26079889118397404,0.42054475065761482,0.45400664868304225,0.44070836230617838,0.39255954253697811
2290.8676527677726,0.25674434307229305,0.4182548006563136,0.44952340060672191,0.44035261700357098,0.39538198972216371
2317.3946499684798,0.25273329111983306,0.41594241857533631,0.44504491168030325,0.43996372206637779,0.39819984834184907
2344.2288153199229,0.24876584424086501,0.41360852683693011,0.44057162138117911,0.43954168996010584,0.40101259713463094
2371.3737056616551,0.24484208858426493,0.41125403891114021,0.43610397285517882,0.43908653560200045,0.40381971492354346
2398.83291901949,0.24096208816033418,0.40887985877460942,0.43164241311504142,0.43859827668295354,0.40662068104632842
2426.6100950824166,0.23712588547622548,0.40648688040390679,0.42718739321629873,0.43807693400750142,0.40941497578905989
2454.7089156850311,0.23333350217819879,0.40407598730305816,0.42273936840937754,0.43752253185037793,0.41220208082234933
2483.1331052955702,0.2295849396989835,0.40164805206485871,0.41829879826682503,0.43693509832801436,0.41498147963932713
2511.8864315095798,0.2258801799085895,0.39920393596547332,0.41386614678468459,0.4363146657833113,0.41775265799459099
2540.9727055493063,0.22221918576696575,0.39674448859174566,0.40944188245715052,0.43566127118194797,0.42051510434330058
2570.3957827688646,0.21860190197697515,0.39427054750057045,0.40502647832375371,0.43497495651843832,0.42326831027958245
2600.1595631652722,0.21502825563622094,0.39178293790961466,0.400620411988446,0.434255769230105,0.42601177097340664
2630.2679918953813,0.21149815688633536,0.38928247241861674,0.39622416561008228,0.43350376261710188,0.42874498560509239
2660.7250597988113,0.20801149955840911,0.38676995076043369,0.39183822586391426,0.43271899626659061,0.43146745779659473
2691.5348039269165,0.20456816181331869,0.38424615958095937,0.38746308387384432,0.43190153647915752,0.43417869603873338
2722.7013080779129,0.20116800677577898,0.38171187224699049,0.38309923511530597,0.43105145669554573,0.43687821411352312
2754.2287033381663,0.19781088316103329,0.37916784868108355,0.37874717928877771,0.43016883792177674,0.43956553151077477
2786.1211686297693,0.19449662589316064,0.37661483522240552,0.37440742016405004,0.42925376915074309,0.44224017383814712
2818.3829312644548,0.19122505671406251,0.3740535645125595,0.37008046539550099,0.4283063477783684,0.44490167322384266
2851.0182675039096,0.18799598478226714,0.37148475540533993,0.36576682630875684,0.42732668001245394,0.44754956871115448
2884.0315031266055,0.18480920726076053,0.36890911289935335,0.36146701765923184,0.42631488127236683,0.45018340664409634
2917.4270140011658,0.18166450989313704,0.36632732809243113,0.35718155736317148,0.4252710765777602,0.45280274104336016
2951.2092266663872,0.17856166756742853,0.36374007815674891,0.35291096620192797,0.42419540092456981,0.45540713397187949
2985.3826189179604,0.17550044486704791,0.36114802633356496,0.34865576750031663,0.42308799964658217,0.45799615588929476
3019.9517204020162,0.17248059660835041,0.35855182194648583,0.34441648678000264,0.4219490287609356,0.46056938599465386
3054.9211132155124,0.1695018683643903,0.35595210043217934,0.34019365138898033,0.42077865529598635,0.46312641255671044
3090.295432513592,0.16656399697451238,0.35334948338745686,0.33598779010829349,0.41957705760004582,0.46566683323120461
3126.0793671239558,0.16366671103948638,0.35074457863165837,0.33179943273724638,0.41834442562958191,0.46819025536457171
3162.2776601683795,0.16080973140194987,0.34813798028329246,0.32762910965843012,0.41708096121556093,0.47069629628353332
3198.895109691397,0.15799277161199349,0.34553026884989912,0.32347735138398115,0.41578687830670802,0.4731845835700858
3235.9365692962842,0.15521553837777019,0.34292201133012495,0.31934468808454713,0.41446240318855504,0.47565475532142726
3273.4069487883826,0.15247773200107279,0.34031376132702368,0.31523164910251145,0.41310777467725279,0.47810646039441834
3311.3112148259111,0.14977904679786727,0.33770605917161911,0.31113876245107119,0.41172324428722912,0.48053935863420599
3349.6543915782759,0.14711917150382853,0.3350994320558025,0.30706655430083102,0.41030907637188474,0.48295312108668476
3388.4415613920273,0.14449778966496074,0.33249439417365884,0.3030155484555993,0.40886554823663146,0.48534743019452092
3427.6778654645045,0.14191458001343485,0.32989144687035377,0.29898626581911891,0.4073929502236896,0.48772197997650052
3467.3685045253169,0.1393692168288084,0.3272910787977425,0.29497922385447922,0.40589158576817841,0.49007647619001776
3507.5187395256794,0.13686137028483802,0.3246937660759035,0.29099493603798887,0.40436177142515106,0.49241063647655603
3548.1338923357566,0.13439070678211912,0.32209997245982652,0.28703391130928108,0.40280383686733823,0.49472419049007132
3589.2193464500533,0.13195688926682614,0.31951014951053031,0.28309665351943786,0.40121812485348429,0.49701688000821603
3630.7805477010138,0.12955957753584596,0.31692473676991467,0.27918366087890323,0.39960499116727205,0.49928845902640778
3672.8230049808462,0.12719842852863023,0.31434416193869663,0.2752954254069509,0.39796480452694782,0.50153869383477256
3715.352290971724,0.12487309660610693,0.31176884105681268,0.27143243238444081,0.39629794646586858,0.50376736307804471
3758.374042884443,0.12258323381701294,0.30919917868571101,0.2675951598115755,0.39460481118430113,0.5059742577985481
3801.8939632056126,0.1203284901520271,0.30663556809199305,0.2637840778723306,0.39288580537291129,0.50815918146242389
3845.9178204535356,0.11810851378609104,0.30407839143190096,0.25999964840718554,0.39114134800847822,0.51032194996931013
3890.4514499428046,0.11592295130932456,0.30152801993619055,0.25624232439574063,0.3893718701224741,0.51246239164570606
3935.5007545577764,0.11377144794694043,0.29898481409495581,0.25251254945074203,0.38757781454323459,0.5145803472223206
3981.0717055349733,0.11165364776857867,0.29644912384201694,0.24881075732498159,0.38575963561254201,0.51667566979570267
4027.170343254591,0.10956919388747544,0.29392128873850987,0.24513737143246564,0.38391779887751831,0.51874822477451255
4073.8027780411262,0.10751772864989231,0.29140163815535863,0.24149280438518561,0.3820527807588121,0.52079788981080966
4120.9751909733041,0.1054988938152224,0.28889049145433504,0.23787745754673773,0.38016506819612705,0.52282455471677258
4168.6938347033547,0.10351233072719497,0.28638815816745106,0.23429172060396725,0.37825515827221295,0.52482812136728219
4216.9650342858222,0.10155768047658925,0.28389493817445005,0.23073597115772454,0.37632355781649318,0.52680850358884013
4265.7951880159253,0.099634584055869488,0.28141112187820316,0.22721057433374134,0.37437078298956439,0.5287656270353005
4315.1907682776546,0.097742682506140738,0.2789369903778347,0.22371588241454213,0.37239735884984326,0.53069942905093082
4365.1583224016613,0.095881617056819399,0.27647281563943465,0.22025223449321951,0.37040381890368224,0.53260985852132192
4415.7044735331256,0.094051029258400365,0.27401886066423387,0.2168199561498077,0.36839070464030499,0.53449687571269844
4466.8359215096307,0.092250561108696311,0.27157537965415018,0.21341935915090321,0.36635856505294662,0.53636045210018013
4518.5594437492264,0.090479855172907797,0.26914261817462581,0.21005074117308165,0.36430795614759687,0.53820057018556999
4570.8818961487514,0.088738554697874811,0.26672081331470493,0.20671438555057489,0.36223944044076828,0.54001722330525093
4623.8102139926032,0.087026303720843246,0.26431019384431237,0.20341056104757166,0.36015358644770967,0.54181041542877195
4677.3514128719808,0.085342747173070915,0.26191098036871913,0.20013952165542748,0.35805096816249843,0.5435801609487273
4731.5125896148074,0.083687530978578617,0.25952338548018883,0.19690150641496623,0.35593216453143317,0.54532648446252263
4786.3009232263848,0.082060302148341785,0.25714761390682073,0.19369673926398012,0.35379775892114507,0.54704942054662731
4841.7236758409936,0.080460708870198183,0.25478386265861014,0.1905254289099374,0.35164833858282479,0.54874901352391725
4897.7881936844615,0.078888400594739339,0.25243232117076847,0.18738776872783802,0.34948449411395066,0.55042531722469912
4954.5019080479005,0.07734302811743167,0.25009317144434662,0.18428393668306514,0.34730681891887205,0.55207839474201892
5011.8723362727251,0.075824243657202181,0.24776658818421848,0.18121409527900864,0.34511590866957303,0.55370831818183697
5069.9070827470441,0.074331700931708822,0.24545273893449143,0.17817839152916512,0.34291236076791276,0.55531516840865269
5128.613839913648,0.072865055229497835,0.24315178421140973,0.17517695695334018,0.34069677381059227,0.55689903478715463
5188.0003892896093,0.071423963479241473,0.24086387763383249,0.17220990759752447,0.33846974705806554,0.55846001492045572
5248.0746024977279,0.070008084316229999,0.23858916605136291,0.16927734407694073,0.33623187990855852,0.55999821438546593
5308.8444423098845,0.06861707814628222,0.23632778967021553,0.16637935164170881,0.33398377137831964,0.56151374646594499
5370.3179637025269,0.067250607207222618,0.23407988217690517,0.16351600026451388,0.33172601958916609,0.56300673188375205
5432.5033149243309,0.065908335628063613,0.23184557085984883,0.16068734474962293,0.32945922126434657,0.56447729852881634
5495.4087385762477,0.064589929486016245,0.22962497672896695,0.15789342486253752,0.3271839712336776,0.56592558118830993
5559.0425727040374,0.063295056861443225,0.22741821463337492,0.15513426547953948,0.32490086194885942,0.56735172127550926
5623.4132519034911,0.062023387890854639,0.22522539337725025,0.15240987675634005,0.32261048300981482,0.56875586655880639
5688.529308438413,0.060774594818039367,0.22304661583396546,0.1497202543150192,0.3203134207028403,0.57013817089131014
5754.3993733715724,0.059548352043412245,0.22088197905856927,0.147065379448407,0.31801025755129397,0.57149879394146519
5821.0321777087156,0.058344336171649969,0.21873157439870081,0.14444521934103849,0.31570157187948872,0.57283790092509568
5888.43655355589,0.057162226057677124,0.21659548760401326,0.14185972730578841,0.31338793739039345,0.57415566233925797
5956.6214352901034,0.056001702851060084,0.21447379893418844,0.13930884303528623,0.31106992275769302,0.57545225369827291
6025.5958607435805,0.054862450038854135,0.21236658326561086,0.13679249286718823,0.30874809123268937,0.57672785527228765
6095.368972401694,0.053744153486946077,0.21027391019677438,0.1343105900623848,0.30642300026647323,0.57798265182868847
6165.9500186148225,0.052646501479925167,0.20819584415248299,0.13186303509520902,0.30409520114773336,0.57921683237668486
6237.3483548241911,0.05156918475951304,0.20613244448691118,0.12944971595472013,0.3017652386565185,0.58043058991534136
6309.5734448019366,0.050511896561574066,0.20408376558557659,0.12707050845612919,0.29943365073420503,0.5816241211853419
6382.6348619054888,0.04947433265172746,0.20204985696628233,0.12472527656144812,0.29710096816987647,0.58279762642471855
6456.542290346556,0.048456191359572888,0.20003076337907041,0.12241387270844314,0.2947677143032586,0.58395130912879656
6531.3055264747227,0.047457173611544182,0.19802652490523703,0.120136138146995,0.29243440474431592,0.58508537581455045
6606.9344800759573,0.046476982962397037,0.19603717705544399,0.11789190328197444,0.29010154710955466,0.58620003578957924
6683.4391756861487,0.045515325625337263,0.19406275086696301,0.11568098802176131,0.28776964077503686,0.58729550092586325
6760.8297539198184,0.044571910500793316,0.19210327300008373,0.11350320213155593,0.28543917664606577,0.58837198543847502
6839.1164728142921,0.043646449203833357,0.19015876583371003,0.11135834559064636,0.28311063694345473,0.58942970566937103
6918.3097091893624,0.042738656090229199,0.18822924756016909,0.10924620895282698,0.28078449500626074,0.59046887987640484
6998.4199600227385,0.041848248281164742,0.18631473227925069,0.10716657370917851,0.27846121511081579,0.5914897280276481
7079.457843841381,0.040974945686588583,0.18441523009149105,0.10511921265245297,0.27614125230586217,0.5924924716011355
7161.4341021290202,0.040118471027207975,0.18253074719071191,0.10310389024232766,0.27382505226355758,0.59347733339009423
7244.3596007498982,0.039278549855123523,0.18066128595582429,0.10112036297082708,0.2715130511460917,0.59444453731372582
7328.2453313890446,0.038454910573101894,0.17880684504189928,0.099168379727234704,0.26920567548762153,0.59539430823358963
7413.1024130091773,0.037647284452486218,0.17696741947050962,0.097247682161851187,0.26690334209121241,0.59632687177562527
7498.9420933245583,0.036855405649741942,0.17514300071933725,0.095358005047980171,0.26460645794043963,0.59724245415783139
7585.7757502918357,0.036079011221640159,0.17333357681104708,0.093499076641561846,0.26231542012529496,0.59814128202361905
7673.6148936181935,0.035317841139077912,0.17153913240141808,0.091670619037897361,0.26003061578201281,0.59902358228082708
7762.4711662869195,0.034571638299538548,0.16975964886672457,0.089872348524944495,0.25775242204642163,0.59988958194640507
7852.3563461007179,0.033840148538194309,0.16799510439035553,0.088103975932690856,0.25548120602040236,0.60073950799672282
7943.2823472428136,0.033123120637657121,0.16624547404866286,0.086365206978149145,0.25321732475103453,0.60157358722349119
8035.2612218561771,0.032420306336382328,0.16451072989602261,0.084655742605542664,0.25096112522198777,0.60239204609524177
8128.3051616409948,0.031731460335733735,0.16279084104909605,0.082975279321285261,0.24871294435671648,0.60319511062432629
8222.4264994707119,0.031056340305717547,0.1610857737702725,0.081323509523386253,0.24647310903300013,0.6039830062393664
8317.6377110267094,0.030394706889396939,0.15939549155027971,0.079700121824945069,0.24424193610837597,0.60475595766310741
8413.9514164519569,0.029746323705998126,0.15771995518994206,0.07810480137142474,0.24201973245599678,0.60551418879558849
8511.3803820237681,0.029110957352721879,0.15605912288107038,0.076537230151425911,0.23980679501045241,0.60625792260255806
8609.9375218460082,0.028488377405274531,0.15441295028646176,0.074997087300707019,0.23760341082308595,0.6069873810090588
8709.6358995608043,0.027878356417135982,0.15278139061899459,0.07348404939922823,0.23540985712634399,0.60770278479808337
8810.4887300801383,0.027280669917581393,0.1511643947197964,0.071997790761017269,0.23322640140669376,0.60840435351421573
8912.5093813374588,0.026695096408476501,0.14956191113546791,0.070537983716685654,0.23105330148565073,0.60909230537216041
9015.7113760595712,0.026121417359866735,0.14797388619434404,0.069104298888444937,0.22889080560845926,0.60976685717005585
9120.1083935590959,0.025559417204381832,0.14640026408177217,0.067696405457496445,0.22673915253997567,0.61042822420747456
9225.7142715476293,0.025008883330479501,0.14484098691439207,0.066313971423693358,0.22459857166731204,0.61107662020799891
9332.5430079699145,0.024469606074552112,0.14329599481339864,0.064956663857391517,0.22246928310880243,0.61171225724626321
9440.6087628592359,0.023941378711921819,0.1417652259767711,0.063624149143428982,0.22035149782886382,0.61233534567935899
9549.9258602143582,0.023423997446750215,0.14024861675045122,0.062316093217191101,0.21824541775832962,0.61294609408248046
9660.508789898131,0.022917261400890419,0.13874610169845791,0.061032161792740354,0.21615123591984872,0.61354470918870396
9772.3722095581106,0.022420972601709444,0.1372576136719213,0.059772020583003675,0.21406913655794677,0.61413139583278287
9885.5309465693899,0.021934935968909955,0.13578308387702367,0.058535335512029295,0.21199929527336042,0.61470635689884734
10000,0.021458959300380855,0.13432244194183415,0.057321772919338564,0.20994187916126422,0.61526979327188336
10115.794542598982,0.02099285325710766,0.13287561598202635,0.056130999756415952,0.20789704695302405,0.61582190379288737
10232.929922807536,0.020536431347172906,0.13144253266546696,0.054962683775390209,0.20586494916111814,0.61636288521757143
10351.421666793451,0.020089509908878415,0.13002311727566712,0.053816493709975551,0.20384572822688268,0.61689293217850494
10471.285480508985,0.019651908093021305,0.12861729377408795,0.052692099448752611,0.2018395186707499,0.61741223715058346
10592.537251772897,0.019223447844354469,0.12722498486128886,0.051589172200876117,0.19984644724465156,0.61792099041970439
10715.193052376071,0.018803953882266751,0.12584611203692161,0.05050738465431695,0.19786663308629315,0.61841938005453556
10839.269140212038,0.018393253680711649,0.1244805956585531,0.049446411126738816,0.19590018787498556,0.61890759188127165
10964.781961431851,0.017991177447420112,0.12312835499932206,0.048405927709135287,0.19394721598876419,0.61938580946126209
11091.748152624008,0.017597558102428541,0.12178930830442244,0.047385612402348461,0.19200781466251721,0.61985421407140018
11220.184543019652,0.017212231255954835,0.12046337284641195,0.046385145246602817,0.1900820741468649,0.62031298468717089
11350.108156723143,0.016835035185655524,0.11915046497934681,0.045404208444193635,0.18817007786754517,0.62076229796824656
11481.536214968841,0.016465810813294679,0.11785050019173776,0.044442486475469986,0.18627190258506277,0.62120232824652977
11614.486138403414,0.016104401680859592,0.11656339315833852,0.043499666208268208,0.18438761855439281,0.62163324751653648
11748.975549395303,0.015750653926151176,0.11528905779075518,0.042575437000938417,0.18251728968450726,0.62205522542802549
11885.022274370189,0.015404416257884763,0.11402740728689509,0.041669490799131292,0.18066097369754602,0.6224684292807694
12022.644346174131,0.015065539930328543,0.11277835417924502,0.040781522226493762,0.17881872228742285,0.62287302402137645
12161.860006463679,0.014733878717513268,0.11154181038199523,0.039911228669442647,0.17699058127770351,0.6232691722420638
12302.687708123811,0.014409288887041835,0.11031768723700835,0.039058310356175546,0.17517659077858044,0.62365703418129825
12445.14611771387,0.014091629173529052,0.10910589555864329,0.038222470430084539,0.17337678534278944,0.62403676772620487
12589.254117941662,0.013780760751701116,0.10790634567744209,0.037403415017739146,0.17159119412032342,0.62440852841666439
12735.030810166629,0.013476547209182128,0.10671894748268376,0.036600853291601274,0.16981984101179926,0.62477246945101439
12882.495516931323,0.013178854518998173,0.10554361046382396,0.035814497527644269,0.16806274482036407,0.62512874169326349
13031.667784523001,0.012887551011823255,0.10438024375081767,0.035044063158033628,0.1663199194020043,0.62547749368174776
13182.567385564074,0.012602507347997179,0.10322875615334916,0.034289268819043303,0.16459137381416883,0.62581887163914851
13335.214321633241,0.012323596489338683,0.10208905619896867,0.033549836394363854,0.16287711246258721,0.62615301948379343
13489.628825916532,0.012050693670781246,0.10096105217015629,0.032825491053970875,0.16117713524620431,0.62648007884216894
13645.831365889238,0.01178367637185551,0.099844652140321288,0.032115961288712462,0.15949143770014088,0.62680018906257795
13803.842646028867,0.01152242428804251,0.098739764008751202,0.031420978940775848,0.15782001113660499,0.62711348722986482
13963.683610559363,0.011266819302021402,0.097646295534525057,0.030740279230191493,0.15616284278368739,0.62742010818115135
14125.375446227554,0.011016745454833402,0.096564154369401217,0.030073600777527649,0.15451991592197303,0.62772018452251321
14288.939585111037,0.010772088916985636,0.095493248089701457,0.029420685622932936,0.15289121001892469,0.62801384664653648
14454.39770745928,0.010532737959513904,0.094433484227197148,0.028781279241671721,0.15127670086097664,0.628301222750696
14621.771744567182,0.010298582925026566,0.093384770299019995,0.028155130556304593,0.14967636068330697,0.62858243885649945
14791.083881682072,0.010069516198748395,0.092347013836609315,0.027541991945656409,0.14809015829724625,0.62885761882933489
14962.356560944358,0.0098454321795835749,0.091320122413712207,0.026941619250714484,0.14651805921529321,0.62912688439897979
15135.612484362071,0.0096262272512163786,0.090304003673454161,0.026353771777596357,0.1449600257737132,0.62939035518071007
15310.874616820318,0.0094117997532661458,0.089298565354491988,0.025778212297720482,0.14341601725269285,0.62964814869696439
15488.166189124795,0.0092020499525150914,0.088303715316273637,0.025214707045316975,0.141885989994047,0.62990038039951857
15667.510701081501,0.0089968800142227658,0.08731936156341083,0.024663025712401452,0.14036989751645043,0.63014716369212143
15848.931924611141,0.0087961939735449485,0.086345412269192443,0.024122941441344307,0.13886769062820428,0.63038860995355017
16032.453906900417,0.0085998977070695596,0.085381775798245588,0.02359423081515229,0.1373793175375187,0.6306248285610434
16218.100973589299,0.0084078989044851157,0.084428360728368304,0.023076673845585666,0.13590472396032338,0.63085592691407477
16405.897731995388,0.008220107040394331,0.083485075871547715,0.022570053959224595,0.13444385322560481,0.63108201045842316
16595.869074375631,0.0080364333462856312,0.082551830294180617,0.022074157981597595,0.13299664637827785,0.631303182710509
16788.040181225588,0.0078567907826749932,0.081628533336515832,0.021588776119481776,0.13156304227960561,0.63151954528196086
16982.43652461746,0.0076810940114285676,0.080715094631330489,0.021113701941478297,0.13014297770517341,0.63173119790437815
17179.083871575858,0.0075092593682783964,0.079811424121864968,0.020648732356969055,0.12873638744044474,0.63193823845425789
17378.008287493762,0.0073412048355394333,0.078917432079023714,0.020193667593548494,0.12734320437390262,0.63214076297805621
17579.23613958693,0.0071768500150394179,0.07803302911786876,0.019748311173031306,0.12596335958781271,0.63233886571735987
17782.794100389227,0.0070161161012688485,0.077158126213413988,0.019312469886123687,0.12459678244661723,0.63253263913413393
17988.709151287872,0.0068589258547607189,0.076292634715742949,0.018885953765850394,0.12324340068299404,0.63272217393602459
18197.008586099826,0.006705203575707204,0.075436466364463592,0.018468576059821835,0.12190314048160253,0.6329075591016935
18407.720014689581,0.0065548750778208877,0.074589533302517469,0.018060153201424296,0.12057592656054597,0.63308888190615265
18620.871366628657,0.0064078676624473811,0.073751748089359734,0.017660504780013221,0.11926168225058076,0.63326622794609577
18836.490894898019,0.0062641100929351906,0.07292302371352391,0.017269453510184649,0.11796032957209887,0.63343968116517979
19054.607179632483,0.0061235325692696255,0.072103273604592455,0.016886825200201138,0.11667178930992475,0.6336093238792605
19275.249131909368,0.0059860667029748944,0.071292411644581999,0.016512448719639437,0.11539598108594863,0.6337752368015529
19498.445997580453,0.0058516454922902493,0.070490352178764634,0.016146155966330324,0.11413282342963915,0.6339374990676967
19724.227361148533,0.0057202032976241476,0.069697010025937423,0.015787781832654228,0.11288223384646595,0.63409618826072156
19952.623149688829,0.0055916758172906006,0.068912300488156261,0.01543716417125526,0.11164412888426849,0.63425138043588114
20183.663636815596,0.0054660000635314426,0.068136139359949721,0.015094143760233537,0.11041842419760931,0.63440315014535742
20417.379446695315,0.0053431143388272713,0.067368442937024334,0.014758564267871385,0.10920503461014293,0.63455157046281341
20653.801558105271,0.0052229582125008743,0.066609128024482156,0.014430272216950549,0.10800387417504748,0.63469671300777919
20892.961308540409,0.0051054724976143488,0.065858111944556513,0.014109116948708908,0.10681485623354381,0.63483864796986944
21134.890398366475,0.0049905992281633789,0.065115312543888512,0.013794950586489827,0.10563789347155306,0.63497744413280799
21379.620895022323,0.0048782816365693241,0.064380648200350457,0.01348762799912832,0.10447289797451909,0.63511316889826941
21627.185237270201,0.0047684641314714206,0.063654037829435378,0.013187006764121252,0.10331978128044195,0.63524588830949869
21877.616239495517,0.0046610922758198595,0.062935400890222787,0.012892947130623257,0.10217845443115667,0.63537566707473381
22130.94709605641,0.0045561127652707385,0.062224657390934704,0.012605311982309388,0.10104882802189628,0.63550256859039789
22387.211385683378,0.0044534734068835862,0.061521727894095365,0.012323966800143431,0.099930812249178269,0.63562665496406334
22646.44307593062,0.0043531230981214367,0.060826533521304411,0.012048779625087517,0.098824316957048491,0.63574798703718449
22908.676527677701,0.0042550118061542488,0.060138995957641078,0.011779621020789782,0.097729251681728066,0.63586662440758368
23173.946499684796,0.0041590905474645223,0.059459037455704154,0.011516364036280213,0.096645525694689829,0.63598262545169515
23442.288153199228,0.0040653113677558209,0.058786580839307545,0.011258884168708865,0.095573048044213918,0.63609604734655312
23713.737056616552,0.00397362732216258,0.058121549506835332,0.011007059326152936,0.094511727595447931,0.63620694609152462
23988.329190194898,0.0038839924557611313,0.057463867434273355,0.010760769790522611,0.093461473069017004,0.63631537652978276
24266.100950824144,0.0037963617843805387,0.056813459177925046,0.010519898180590579,0.092422193078215142,0.63642139236951345
24547.089156850336,0.0037106912757121817,0.056170249876823515,0.010284329415170233,0.091393796164815744,0.63652504620485828
24831.331052955677,0.0036269378307167768,0.055534165254850665,0.010053950676465776,0.090376190833536957,0.63662638953658368
25118.86431509582,0.0035450592653269862,0.05490513162257131,0.0098286513736150303,0.089369285585193498,0.63672547279248171
25409.727055493066,0.0034650142924445449,0.054283075878796966,0.0096083231064469504,0.088372988948576703,0.63682234534749182
25703.957827688646,0.0033867625042293035,0.05366792551188318,0.0093928596294707255,0.08738720951108768,0.63691705554355138
26001.595631652723,0.0033102643546788334,0.053059608600774751,0.0091821568161158593,0.086411855948164792,0.63700965070916971
26302.679918953814,0.0032354811424961903,0.052458053815805795,0.0089761126232388872,0.085446837051534399,0.6371001771787187
26607.250597988139,0.0031623749942436578,0.051863190419263912,0.0087746270559122038,0.084492061756318251,0.63718868031145015
26915.348039269138,0.0030909088477802668,0.051274948265728378,0.0085776021325095573,0.083547439167030862,0.6372752045102329
27227.013080779154,0.0030210464359803281,0.050693257802188321,0.0083849418501004951,0.082612878582494165,0.63735979324001146
27542.287033381632,0.0029527522707310156,0.050118050067953834,0.0081965521501674195,0.081688289519707635,0.63744248904598544
27861.21168629772,0.0028859916272056434,0.049549256694362068,0.0080123408846544536,0.080773581736694272,0.6375233335715107
28183.82931264455,0.0028207305284106976,0.048986809904292751,0.0078322177823603872,0.079868665254362703,0.63760236757572331
28510.182675039097,0.0027569357300031754,0.048430642511494926,0.0076560944156832686,0.078973450377405011,0.6376796309508892
28840.315031266058,0.002694574705375854,0.04788068791973666,0.0074838841677263897,0.078087847714265399,0.63775516273947364
29174.27014001166,0.002633615631007352,0.047336880121782915,0.0073155021997727545,0.077211768196204678,0.6378290011509411
29512.092266663902,0.002574027372074053,0.046799153698208924,0.0071508654191350263,0.076345123095487855,0.63790118357827863
29853.82618917957,0.0025157794683209741,0.046267443816057033,0.0069898924473874502,0.075487824042723764,0.63797174661425249
30199.517204020191,0.0024588421201882471,0.045741686227341025,0.0068325035889844742,0.074639783043378274,0.63804072606739093
30549.211132155091,0.0024031861751905676,0.045221817267408919,0.0066786208002721885,0.073800912493493992,0.63810815697769996
30902.954325135921,0.0023487831145458772,0.044707773853164642,0.0065281676588951091,0.072971125194632239,0.63817407363211842
31260.793671239557,0.0022956050400507267,0.044199493481160951,0.0063810693336036591,0.07215033436807132,0.63823850957970352
31622.776601683792,0.0022436246611985638,0.043696914225563918,0.0062372525544638069,0.071338453668276361,0.63830149764655864
31988.951096913974,0.0021928152825381334,0.043199974735998764,0.0060966455834724877,0.070535397195670119,0.63836306995050074
32359.365692962809,0.0021431507912685237,0.042708614235280502,0.0059591781855802151,0.069741079508724463,0.63842325791547438
32734.069487883862,0.0020946056450676714,0.042222772517035295,0.0058247816001224962,0.068955415635395159,0.63848209228570807
33113.112148259075,0.0020471548601511168,0.041742389943218591,0.0056933885126613255,0.068178321083922994,0.63853960313962166
33496.543915782793,0.0020007739995575174,0.041267407441532636,0.0055649330272367521,0.067409711853018556,0.63859581990348635
33884.415613920275,0.0019554391616580214,0.040797766502752429,0.0054393506390297743,0.066649504441457424,0.63865077136483439
34276.778654645044,0.0019111269688857754,0.040333409177960106,0.0053165782074351721,0.065897615857098607,0.63870448568563132
34673.685045253165,0.0018678145566826346,0.039874278075696074,0.0051965539295447082,0.065153963625351349,0.63875699041520617
35075.187395256791,0.0018254795626596262,0.039420316359029477,0.0050792173140393367,0.064418465797106306,0.63880831250294201
35481.338923357602,0.0017841001159679337,0.038971467742552779,0.0049645091554893477,0.063691040956150372,0.63885847831073483
35892.193464500495,0.0017436548268771946,0.038527676489305052,0.0048523715090610878,0.062971608226083872,0.63890751362522158
36307.805477010173,0.0017041227765576957,0.038088887407626275,0.0047427476656280425,0.06226008727675468,0.63895544366977974
36728.230049808422,0.001665483507063545,0.037655045847950069,0.004635582127285107,0.061556398330231785,0.63900229311629686
37153.522909717278,0.0016277170115131826,0.037226097699533695,0.0045308205832626245,0.060860462166327449,0.6390480860967277
37583.74042884443,0.0015908037244644719,0.036801989387134269,0.0044284098862389142,0.06017220012769188,0.63909284621442253
38018.939632056128,0.0015547245124807947,0.036382667867630038,0.0043282980290474879,0.059491534124488946,0.63913659655524535
38459.178204535354,0.0015194606648852738,0.035968080626593332,0.0042304341217768238,0.05881838663867317,0.63917935969847761
38904.514499428049,0.0014849938846998325,0.035558175674816887,0.004134768369259207,0.058152680727880129,0.63922115772751065
39355.007545577806,0.0014513062797660301,0.035152901544797145,0.0040412520489455156,0.05749434002894542,0.63926201224033541
39810.717055349691,0.001418380354044603,0.0347522072871779,0.0039498374891625667,0.056843288761066355,0.6393019443598229
40271.703432545946,0.0013861989990905294,0.034356042467155748,0.0038604780477491905,0.056199451728617782,0.63934097474381124
40738.027780411219,0.0013547454857008299,0.033964357160853283,0.0037731280910679541,0.055562754323639739,0.63937912359498639
41209.751909733044,0.0013240034557317573,0.033577101951658368,0.0036877429733878598,0.054933122528003038,0.6394164106705803
41686.938347033552,0.0012939569140827699,0.033194227926536993,0.0036042790166350507,0.05431048291527231,0.63945285529186524
42169.650342858222,0.0012645902208440018,0.032815686672317733,0.0035226934905066296,0.053694762652271785,0.63948847635346984
42657.951880159257,0.0012358880836045689,0.032441430271953647,0.0034429445929441385,0.053085889500370381,0.6395232923325056
43151.907682776502,0.0012078355499186965,0.032071411300762132,0.0033649914309621656,0.052483791816494603,0.63955732129751131
43651.583224016656,0.0011804179999268536,0.031705582822645552,0.0032887940018279196,0.051888398553880978,0.63959058091722099
44157.044735331205,0.001153621139129108,0.031343898386295144,0.0032143131745875266,0.051299639262579057,0.63962308846915383
44668.359215096345,0.0011274309913078188,0.030986312021378991,0.0031415106719343863,0.050717444089712946,0.6396548608480298
45185.594437492262,0.0011018338915971049,0.030632778234718543,0.0030703490524157024,0.050141743779515621,0.6396859145740188
45708.818961487515,0.0010768164796961517,0.030283252006452582,0.0030007916929720691,0.04957246967314026,0.63971626580082164
46238.102139926035,0.0010523656932238566,0.029937688786192986,0.002932802771806129,0.049009553708262057,0.6397459303235834
46773.514128719813,0.0010284687612120893,0.029596044489172829,0.0028663472515755408,0.048452928418477571,0.63977492358664878
47315.125896148122,0.0010051131977349618,0.029258275492388658,0.0028013908629057217,0.047902526932510417,0.63980326069116078
47863.009232263801,0.00098228679567159065,0.028924338630739344,0.0027379000882179214,0.04735828297323276,0.63983095640249776
48417.236758409992,0.00095997762059970258,0.028594191193161336,0.0026758421458677735,0.046820130856508213,0.63985802515756307
48977.881936844562,0.00093817400481777395,0.028267790918764725,0.0026151849745902232,0.046288005489868389,0.6398844810719212
49545.019080479055,0.00091686454149299658,0.027945095992967885,0.0025558972182456036,0.045761842371024958,0.63991033794678787
50118.723362727251,0.0008960380789329068,0.027626065043635951,0.0024979482108629866,0.045241577586230722,0.63993560927587678
50699.070827470445,0.00087568371497805109,0.027310657137221001,0.0024413079619755858,0.044727147808491199,0.6399603082521016
51286.138399136478,0.00085579079151350604,0.026998831774907774,0.0023859471422441134,0.044218490295637708,0.63998444777413843
51880.003892896093,0.00083634888909684627,0.026690548888764751,0.0023318370693633217,0.043715542888266484,0.6400080404528542
52480.746024977336,0.00081734782170030801,0.026385768837902206,0.002278949694247238,0.043218244007550803,0.64003109861760132
53088.444423098794,0.0007987776315649134,0.026084452404638622,0.0022272575874886522,0.042726532652932692,0.64005363432237383
53703.179637025321,0.00078062858416428683,0.025786560790675407,0.0021767339260881807,0.042240348399698681,0.64007565935184407
54325.033149243252,0.00076289116327611238,0.025492055613283084,0.0021273524804487935,0.041759631396448449,0.64009718522726178
54954.087385762483,0.00074555606615892282,0.025200898901496998,0.0020790876016309212,0.04128432236245768,0.64011822321224099
55590.425727040369,0.00072861419883230613,0.024913053092326661,0.0020319142088642259,0.040814362584945182,0.64013878431841309
56234.132519034909,0.00071205667145828608,0.024628481026976682,0.0019858077773112332,0.040349693916245176,0.64015887931097004
56885.293084384131,0.00069587479382197492,0.024347145947082312,0.001940744326078824,0.03989025877089291,0.64017851871408116
57543.993733715666,0.00068006007090942874,0.024069011490959191,0.0018967004064731198,0.039436000122626831,0.64019771281620352
58210.321777087214,0.00066460419858076149,0.023794041689868463,0.0018536530904935636,0.038986861501312378,0.64021647167527451
58884.365535558842,0.00064949905933660323,0.023522200964298225,0.0018115799595620262,0.038542786989792382,0.64023480512379416
59566.214352901094,0.00063473671817594786,0.023253454120260968,0.0017704590934826162,0.038103721220666749,0.64025272277379996
60255.958607435809,0.00062030941854363019,0.022987766345609537,0.0017302690596283543,0.037669609373008679,0.64027023402173588
60953.689724016935,0.00060620957836547652,0.022725103206369945,0.0016909889023502846,0.037240397169017697,0.64028734805321796
61659.500186148223,0.00059242978616943424,0.022465430643093573,0.0016525981326052852,0.036816030870616467,0.64030407384769261
62373.483548241915,0.00057896279729085717,0.022208714967228142,0.0016150767177984197,0.036396457275993478,0.64032042018300328
63095.73444801943,0.0005658015301602306,0.021954922857508448,0.0015784050718359549,0.035981623716095687,0.64033639563985223
63826.348619054828,0.00055293906267164295,0.021704021356367387,0.0015425640453851706,0.035571478051074801,0.64035200860616892
64565.422903465624,0.00054036862863028796,0.021455977866367049,0.0015075349163370048,0.035165968666689418,0.64036726728138449
65313.055264747163,0.00052808361427744753,0.021210760146651873,0.0014732993804679865,0.0347650444706687,0.64038217968061295
66069.344800759645,0.00051607755489121922,0.020968336309421996,0.0014398395422973768,0.03436865488903703,0.6403967536387436
66834.391756861485,0.00050434413146154434,0.020728674816429735,0.0014071379061361925,0.033976749862406785,0.64041099681444424
67608.297539198189,0.00049287716743786204,0.020491744475497189,0.0013751773673241429,0.033589279842238105,0.64042491669407531
68391.164728142932,0.00048167062554795931,0.020257514437057065,0.0013439412036511374,0.033206195787071485,0.64043852059552397
69183.097091893622,0.00047071860468647652,0.020025954190716087,0.0013134130669596909,0.032827449158734125,0.64045181567195064
69984.199600227454,0.0004600153368716144,0.019797033561841523,0.0012835769749247852,0.032452991918523036,0.64046480891545809
70794.578438413737,0.00044955518426862448,0.019570722708171475,0.0012544173030077819,0.032082776523367836,0.6404775071606732
71614.341021290267,0.00043933263627862534,0.019346992116448043,0.0012259187765808911,0.031716755921974066,0.64048991708826319
72443.596007498913,0.00042934230669144403,0.019125812599075503,0.0011980664632190723,0.031354883550951881,0.64050204522836329
73282.453313890452,0.00041957893090102623,0.018907155290801364,0.001170845765155817,0.030997113330928854,0.64051389796393421
74131.02413009177,0.00041003736318219399,0.0186909916454229,0.0011442424118998785,0.030643399662652733,0.64052548153404831
74989.420933245579,0.00040071257402734964,0.018477293432517139,0.0011182424530095005,0.030293697423082577,0.64053680203710139
75857.75750291835,0.00039159964754192358,0.018266032734196146,0.0010928322510212231,0.029947961961472834,0.64054786543395448
76736.148936181853,0.0003826937788972737,0.018057181941886775,0.0010679984745300816,0.029606149095450781,0.64055867755100626
77624.711662869275,0.00037399027183982185,0.017850713753135381,0.0010437280914182081,0.029268215107089483,0.64056924408320071
78523.563461007099,0.00036548453625523327,0.01764660116843772,0.0010200083622288879,0.028934116738978291,0.64057957059696535
79432.823472428208,0.00035717208578642533,0.017444817488093383,0.00099682683368304244,0.028603811190291137,0.6405896625330878
80352.612218561771,0.00034904853550431507,0.017245336309086323,0.00097417133233545529,0.028277256112856624,0.64059952520952634
81283.051616409954,0.00034110959963009734,0.017048131521989768,0.000952029958367693,0.027954409607228493,0.64060916382416244
82224.264994707119,0.00033335108930800366,0.016853177307896983,0.00093039107951511664,0.027635230218760083,0.6406185834574879
83176.377110267087,0.0003257689104274262,0.016660448135377207,0.00090924332512517245,0.027319676933683094,0.64062778907523643
84139.514164519642,0.00031835906149334697,0.01646991875745699,0.00088857558034429731,0.027007709175192084,0.64063678553095715
85113.80382023759,0.00031111763154404099,0.016281564208627166,0.00086837698043083398,0.026699286799536353,0.64064557756852736
86099.375218460162,0.00030404079811499802,0.016095359801874685,0.00084863690519128548,0.026394370092119132,0.64065416982461609
87096.358995607967,0.00029712482524812164,0.015911281125740816,0.00082934497353752629,0.026092919763607544,0.6406625668310868
88104.887300801463,0.00029036606154514698,0.015729304041403696,0.00081049103816226631,0.025794896946051214,0.64067077301735187
89125.093813374595,0.00028376093826439791,0.015549404679787344,0.00079206518033054195,0.025500263189013942,0.64067879271267136
90157.113760595705,0.00027730596745987273,0.015371559438695222,0.0007740577047846358,0.025208980455716387,0.64068663014840377
91201.08393559097,0.00027099774016178536,0.015195744979969648,0.00075645913476019846,0.024921011119192794,0.64069428946020524
92257.142715476279,0.00026483292459763722,0.015021938226676365,0.00073926020711119879,0.024636317958461624,0.64070177469018019
93325.430079699247,0.00025880826445294041,0.014850116360314339,0.00072245186754143391,0.024354864154711067,0.64070908978898533
94406.087628592257,0.00025292057717073602,0.014680256818051012,0.00070602526594040326,0.024076613287500718,0.64071623861788374
95499.258602143687,0.00024716675228903396,0.014512337289982124,0.00068997175182127716,0.023801529330978857,0.64072322495075995
96605.087898981204,0.00024154374981539319,0.014346335716417493,0.00067428286985895321,0.023529576650118292,0.64073005247608095
97723.722095581121,0.00023604859863776749,0.014182230285190806,0.00065895035552591768,0.023260719996968528,0.6407367247988216
98855.309465693907,0.00023067839497088743,0.014019999428995265,0.00064396613082403189,0.022994924506927993,0.64074324544234418
100000,0.00022543030083734152,0.013859621822743289,0.00062932230011005386,0.022732155695034076,0.64074961785023454
101157.94542598982,0.00022030154258263741,0.013701076380951431,0.00061501114601302659,0.02247237945227366,0.64075584538810082
102329.29922807537,0.00021528940942347512,0.013544342255149739,0.00060102512544152786,0.022215562041913536,0.64076193134532833
103514.21666793431,0.00021039125202850932,0.013389398831315701,0.00058735686567888863,0.021961670095851642,0.64076787893679776
104712.85480509006,0.00020560448113088358,0.013236225727332539,0.00057399916056450121,0.021710670610989368,0.64077369130456541
105925.37251772897,0.00020092656617184322,0.013084802790471996,0.00056094496675940112,0.021462530945625787,0.6407793715195037
107151.9305237607,0.00019635503397472912,0.012935110094901014,0.00054818740009428485,0.021217218815873445,0.64078492258290731
108392.69140212038,0.0001918874674486988,0.012787127939212758,0.00053571973199824775,0.020974702292097067,0.64079034742806107
109647.81961431851,0.00018752150432150687,0.012640836843981436,0.00052353538600647819,0.020734949795374796,0.64079564892177676
110917.4815262401,0.00018325483590070883,0.012496217549340985,0.00051162793434523113,0.02049793009398267,0.64080082986588871
112201.84543019629,0.00017908520586265776,0.012353251012587404,0.00049999109459241461,0.02026361229990252,0.64080589299872548
113501.08156723143,0.00017501040906868059,0.012211918405804675,0.00048861872641216633,0.020031965865353638,0.64081084099653796
114815.3621496884,0.0001710282904078321,0.012072201113514021,0.00047750482836182321,0.019802960579348407,0.64081567647490589
116144.86138403438,0.00016713674366564064,0.011934080730346578,0.00046664353476973347,0.01957656656427241,0.64082040199010404
117489.75549395302,0.00016333371041826197,0.01179753905873895,0.00045602911268235509,0.019352754272488656,0.64082502004044439
118850.22274370189,0.00015961717895148842,0.011662558106651965,0.00044565595887917657,0.019131494482966853,0.64082953306758239
120226.44346174131,0.00015598518320405569,0.011529120085312143,0.00043551859695396838,0.018912758297937485,0.64083394345780087
121618.60006463679,0.00015243580173470781,0.011397207406975869,0.00042561167446093329,0.018696517139570892,0.64083825354325841
123026.87708123811,0.00014896715671249575,0.011266802682716088,0.00041592996012434894,0.018482742746681644,0.64084246560321212
124451.46117713844,0.00014557741292979033,0.011137888720231352,0.0004064683411103225,0.018271407171458288,0.64084658186521726
125892.54117941661,0.00014226477683750705,0.011010448521677121,0.00039722182035930491,0.018062482776218549,0.64085060450629117
127350.30810166629,0.00013902749560204547,0.010884465281519038,0.00038818551397804235,0.017855942230190137,0.64085453565406059
128824.95516931349,0.00013586385618346566,0.010759922384408271,0.00037935464868967721,0.017651758506317415,0.64085837738787621
130316.67784523001,0.00013277218443441834,0.010636803403078311,0.00037072455934070533,0.017449904878093447,0.64086213173990358
131825.67385564075,0.00012975084421937934,0.010515092096263622,0.00036229068646358365,0.017250354916418333,0.64086580069619281
133352.14321633239,0.00012679823655372543,0.010394772406639545,0.000354048573893741,0.01705308248648317,0.64086938619772038
134896.28825916533,0.00012391279876221368,0.010275828458783474,0.00034599386643981666,0.016858061744680047,0.64087289014141091
136458.31365889238,0.00012109300365643108,0.01015824455715717,0.00033812230760595785,0.016665267135538002,0.64087631438113146
138038.42646028838,0.00011833735873078922,0.010042005184109906,0.00033042973736503121,0.01647467338868493,0.64087966072866898
139636.83610559392,0.00011564440537665136,0.0099270949979024144,0.00032291208998163571,0.016286255515835485,0.64088293095467974
141253.75446227554,0.00011301271811418832,0.0098134988307514871,0.00031556539188382543,0.016099988807805152,0.64088612678962342
142889.39585111037,0.00011044090384155999,0.0097012016868947837,0.00030838575958245574,0.015915848831549933,0.640889249924673
144543.97707459281,0.00010792760110104513,0.0095901887406761241,0.00030136939763712826,0.015733811427232323,0.64089230201260106
146217.71744567182,0.00010547147936173235,0.0094804453346507399,0.00029451259666769304,0.015553852705313113,0.64089528466865286
147910.8388168207,0.00010307123831840471,0.0093719569777104376,0.00028781173141030565,0.015375949043669013,0.64089819947139703
149623.56560944326,0.00010072560720625551,0.0092647093432285752,0.0002812632588170635,0.015200077084736212,0.64090104796355241
151356.12484362072,9.8433344131079628e-05,0.009158688267224541,0.00027486371619825172,0.015026213732679664,0.64090383165280418
153108.74616820319,9.619323541459421e-05,0.0090538797465476838,0.00026860971940626216,0.014854336150588107,0.64090655201259628
154881.66189124828,9.4004094954551156e-05,0.0089502699370805367,0.0002624979610602676,0.014684421757694847,0.64090921048290594
156675.107010815,9.186476359930461e-05,0.0088478451519609473,0.00025652520881073575,0.014516448226623853,0.64091180847100471
158489.31924611141,8.977410853651632e-05,0.0087465918598233026,0.00025068830364292178,0.014350393480661633,0.64091434735219743
160324.53906900418,8.77310226956766e-05,0.0086464966830583946,0.00024498415821846108,0.014186235691054387,0.64091682847054821
162181.00973589299,8.5734424164132084e-05,0.0085475463960918586,0.00023940975525422203,0.01402395327433046,0.64091925313958953
164058.97731995388,8.3783255616317644e-05,0.0084497279236810576,0.00023396214593759504,0.013863524889648057,0.64092162264301156
165958.69074375596,8.1876483755895273e-05,0.0083530283392301546,0.00022863844837740622,0.013704929436168016,0.64092393823534011
167880.40181225588,8.0013098770510211e-05,0.0082574348631232822,0.00022343584608966737,0.013548146050451629,0.64092620114260068
169824.3652461746,7.8192113798880366e-05,0.0081629348610756068,0.00021835158651738483,0.013393154103883271,0.64092841256295974
171790.83871575893,7.6412564409943708e-05,0.0080695158425021993,0.00021338297958367895,0.013239933200117958,0.64093057366736106
173780.08287493762,7.4673508093787551e-05,0.0079771654589043187,0.00020852739627745613,0.013088463172553253,0.64093268560013983
175792.36139586929,7.2974023764101645e-05,0.0078858715022732759,0.00020378226727093063,0.012938724081825972,0.64093474947963014
177827.94100389228,7.1313211271890011e-05,0.0077956219035114696,0.00019914508156827077,0.012790696213333112,0.64093676639874952
179887.09151287875,6.9690190930191245e-05,0.0077064047308705022,0.00019461338518468393,0.012644360074777077,0.64093873742558038
181970.08586099825,6.8104103049558236e-05,0.0076182081884062416,0.00019018477985525926,0.01249969639373499,0.64094066360393132
184077.20014689545,6.6554107484055375e-05,0.0075310206144506339,0.00018585692177290557,0.012356686115251982,0.64094254595388667
186208.71366628693,6.5039383187536279e-05,0.0074448304801000877,0.00018162752035473501,0.012215310399458274,0.64094438547234944
188364.90894898021,6.35591277799716e-05,0.0073596263877204054,0.0001774943370362606,0.012075550619210049,0.64094618313356111
190546.07179632483,6.2112557123597084e-05,0.0072753970694678233,0.00017345518409277763,0.011937388357753638,0.64094793988962173
192752.49131909365,6.0698904908665016e-05,0.0071921313858263275,0.00016950792348733443,0.011800805406413269,0.64094965667098791
194984.45997580455,5.9317422248579419e-05,0.0071098183241608626,0.00016565046574468825,0.011665783762301953,0.64095133438696694
197242.27361148535,5.7967377284204565e-05,0.0070284469972863757,0.00016188076885067048,0.011532305626055469,0.64095297392619566
199526.23149688786,5.6648054797139622e-05,0.0069480066420524976,0.0001581968371763901,0.011400353399589214,0.64095457615711104
201836.63636815597,5.535875583175727e-05,0.0068684866179437335,0.00015459672042672116,0.011269909683877819,0.64095614192840644
204173.79446695317,5.4098797325808509e-05,0.0067898764056949848,0.00015107851261253035,0.011140957276757341,0.64095767206948218
206538.01558105313,5.2867511749401224e-05,0.0067121656059223322,0.00014764035104611491,0.011013479170749968,0.64095916739088177
208929.6130854041,5.1664246752160634e-05,0.0066353439377687187,0.00014428041535932386,0.010887458550910764,0.64096062868472137
211348.90398366476,5.0488364818391095e-05,0.0065594012375646688,0.00014099692654386515,0.010762878792696749,0.64096205672510886
213796.20895022326,4.9339242930055137e-05,0.0064843274575036676,0.00013778814601329205,0.010639723459857742,0.64096345226855
216271.85237270201,4.8216272237394968e-05,0.0064101126643321639,0.00013465237468618759,0.01051797630234905,0.64096481605435029
218776.16239495517,4.7118857737023035e-05,0.0063367470380539968,0.00013158795209006961,0.010397621254265707,0.64096614880500613
221309.47096056363,4.6046417957313344e-05,0.0062642208706491362,0.00012859325548555169,0.010278642431798133,0.64096745122658549
223872.11385683424,4.4998384650928017e-05,0.0061925245648065518,0.00012566669901030499,0.010161024131209034,0.6409687240091001
226464.43075930618,4.3974202494319302e-05,0.0061216486326711632,0.00012280673284237965,0.010044750826831494,0.64096996782687288
229086.76527677747,4.2973328794046267e-05,0.0060515836946045129,0.00012001184238244253,0.0099298071690877461,0.64097118333889291
231739.46499684796,4.1995233199755981e-05,0.0059823204779593095,0.00011728054745451656,0.0098161779825289008,0.64097237118916173
234422.88153199226,4.1039397423675672e-05,0.0059138498158674566,0.00011461140152479913,0.0097038482638951411,0.64097353200703766
237137.37056616554,4.0105314966469792e-05,0.0058461626460415677,0.00011200299093815485,0.0095928031801963236,0.64097466640756529
239883.29190194898,3.9192490849317694e-05,0.0057792500095897566,0.00010945393417188557,0.0094830280668128149,0.64097577499180414
242661.00950824143,3.830044135207132e-05,0.0057131030498436056,0.00010696288110638825,0.0093745084256163461,0.64097685834714135
245470.89156850285,3.742869375735535e-05,0.0056477130111991453,0.00010452851231232151,0.0092672299231107858,0.64097791704760809
248313.31052955729,3.6576786100475089e-05,0.0055830712379707319,0.00010214953835390822,0.0091611783885925668,0.64097895165417806
251188.6431509582,3.5744266925001723e-05,0.0055191691732577181,9.9824699108013679e-05,0.0090563398123307583,0.64097996271506741
254097.27055493064,3.4930695043903975e-05,0.005455998357823638,9.7552763098637601e-05,0.0089527003437662959,0.64098095076602324
257039.57827688646,3.4135639306103835e-05,0.0053935504289880001,9.5332526846481346e-05,0.0088502462897306067,0.64098191633060819
260015.95631652721,3.3358678368331121e-05,0.0053318171195303734,9.3162814233244292e-05,0.0087489641126831368,0.64098285992047499
263026.79918953817,3.2599400472158017e-05,0.0052707902566067159,9.104247588032004e-05,0.0086488404289677672,0.64098378203564044
266072.50597988087,3.185740322609582e-05,0.0052104617606777981,8.8970388541567284e-05,0.0085498620070878772,0.64098468316474655
269153.48039269139,3.1132293392639488e-05,0.0051508236444495958,8.6945454509838066e-05,0.0084520157659999425,0.6409855637853229
272270.13080779155,3.0423686680147863e-05,0.0050918680118255252,8.4966601036953117e-05,0.0083552887734254233,0.64098642436403319
275422.87033381691,2.9731207539450453e-05,0.0050335870568704311,8.3032779766822618e-05,0.0082596682441809354,0.6409872653569294
278612.11686297721,2.9054488965072126e-05,0.0049759730627860748,8.1142966181410855e-05,0.0081651415385262157,0.64098808720968825
281838.2931264455,2.8393172300973362e-05,0.0049190184008981877,7.929615905926166e-05,0.0080716961605301028,0.64098889035784834
285101.82675039099,2.7746907050702114e-05,0.004862715529654827,7.7491379946296587e-05,0.0079793197564541046,0.64098967522704109
288403.15031266055,2.7115350691857746e-05,0.0048070569936359588,7.5727672638609689e-05,0.0078880001131534563,0.64099044223321566
291742.70140011661,2.6498168494769402e-05,0.0047520354225741475,7.4004102676988932e-05,0.0077977251564955163,0.64099119178285813
295120.92266663839,2.5895033345293278e-05,0.0046976435303862337,7.2319756852898764e-05,0.0077084829497953327,0.64099192427320784
298538.26189179631,2.5305625571635105e-05,0.0046438741142158626,7.0673742725664356e-05,0.0076202616922681791,0.64099264009246737
301995.1720402019,2.4729632775107533e-05,0.0045907200534868169,6.9065188150607267e-05,0.0075330497174990185,0.64099333962000871
305492.11132155155,2.4166749664731346e-05,0.0045381743089668893,6.7493240817879648e-05,0.0074468354919284717,0.64099402322657184
309029.54325135919,2.361667789559558e-05,0.004486229921842359,6.5957067801761485e-05,0.0073616076133554472,0.64099469127446229
312607.93671239557,2.307912591088973e-05,0.0044348800128028339,6.4455855120180332e-05,0.0072773548094560653,0.64099534411774461
316227.76601683791,2.2553808787525328e-05,0.0043841177811364011,6.2988807304223404e-05,0.0071940659363187573,0.64099598210242636
319889.51096913969,2.2040448085265421e-05,0.0043339365038349391,6.1555146977416663e-05,0.0071117299769954132,0.64099660556664484
323593.65692962811,2.1538771699282407e-05,0.0042843295347095248,6.0154114444549412e-05,0.0070303360400683912,0.64099721484084227
327340.69487883797,2.1048513716066345e-05,0.0042352903035157829,5.8784967289828949e-05,0.0069498733582332474,0.640997810247944
331131.12148259144,2.0569414272607811e-05,0.0041868123150890857,5.7446979984153578e-05,0.0068703312868970004,0.64099839210352849
334965.43915782793,2.0101219418781277e-05,0.0041388891484895416,5.6139443501299398e-05,0.006791699302791868,0.64099896071599394
338844.15613920277,1.9643680982855424e-05,0.0040915144561565371,5.4861664942815702e-05,0.0067139670026041143,0.64099951638672148
342767.78654645046,1.9196556440060875e-05,0.0040446819630729014,5.3612967171436398e-05,0.0066371241016181387,0.64100005941023486
346736.85045253165,1.875960878414475e-05,0.0039983854659384425,5.2392688452811174e-05,0.0065611604323754062,0.64100059007435728
350751.87395256793,1.8332606401844866e-05,0.0039526188323528383,5.1200182105369796e-05,0.0064860659433482199,0.64100110866036308
354813.38923357532,1.791532295021713e-05,0.0039073760000077383,5.0034816158134893e-05,0.0064118306976280997,0.64100161544312606
358921.93464500498,1.7507537236751441e-05,0.0038626509758879976,4.8895973016303474e-05,0.0063384448716286793,0.64100211069126645
363078.05477010173,1.7109033102212559e-05,0.0038184378354819077,4.7783049134420667e-05,0.0062658987538029036,0.64100259466729159
367282.30049808498,1.6719599306144774e-05,0.0037747307220004122,4.6695454696975539e-05,0.0061941827433745055,0.64100306762773684
371535.22909717279,1.6339029414978632e-05,0.0037315238456050582,4.5632613306247462e-05,0.0061232873490834035,0.64100352982329922
375837.40428844432,1.5967121692682113e-05,0.0036888114826447507,4.4593961677242889e-05,0.0060532031879451179,0.64100398149897198
380189.39632056124,1.5603678993897446e-05,0.0036465879749011058,4.3578949339558918e-05,0.0059839209840238956,0.6410044228941737
384591.78204535355,1.5248508659507522e-05,0.0036048477288423476,4.2587038346017812e-05,0.0059154315672194577,0.64100485424287468
389045.14499428048,1.4901422414576726e-05,0.0035635852148856451,4.1617702987919326e-05,0.0058477258720672377,0.64100527577372246
393550.07545577723,1.4562236268612116e-05,0.0035227949666677967,4.0670429516759902e-05,0.0057807949365519268,0.64100568771015964
398107.17055349774,1.4230770418092411e-05,0.0034824715803241724,3.9744715872273127e-05,0.0057146299009342462,0.64100609027054589
402717.03432545951,1.3906849151213404e-05,0.0034426097137758424,3.8840071416648292e-05,0.0056492220065907962,0.6410064836682724
407380.27780411305,1.3590300754798802e-05,0.0034032040860247281,3.7956016674785034e-05,0.005584562594866737,0.64100686811187246
412097.5190973304,1.3280957423328269e-05,0.0033642494764567895,3.7092083080450244e-05,0.005520643105941362,0.64100724380513607
416869.38347033551,1.2978655170033873e-05,0.003325740724153088,3.6247812728201131e-05,0.0054574550777062658,0.64100761094721581
421696.50342858222,1.2683233740018223e-05,0.0032876727272086645,3.5422758130944545e-05,0.0053949901446560455,0.64100796973273022
426579.51880159252,1.2394536525348252e-05,0.0032500404420591246,3.4616481983004623e-05,0.0053332400367913776,0.64100832035187172
431519.07682776503,1.2112410482079952e-05,0.0032128388828148841,3.382855692857398e-05,0.0052721965785343678,0.64100866299050274
436515.83224016562,1.1836706049169964e-05,0.003176063120602945,3.3058565335426084e-05,0.0052118516876560068,0.64100899783025733
441570.44735331298,1.1567277069231246e-05,0.0031397082829161425,3.2306099073769471e-05,0.0051521973742156219,0.64100932504863539
446683.59215096349,1.1303980711091187e-05,0.0031037695529698068,3.1570759300128073e-05,0.0050932257395122447,0.64100964481909817
451855.9443749226,1.1046677394110472e-05,0.0030682421690656613,3.0852156246131446e-05,0.0050349289750476192,0.64100995731115862
457088.18961487518,1.0795230714223629e-05,0.0030331214239630051,3.0149909012106261e-05,0.0049772993615009257,0.64101026269047312
462381.02139926032,1.0549507371661476e-05,0.0029984026642570043,2.9463645365358151e-05,0.0049203292677149485,0.64101056111892751
467735.14128719812,1.0309377100317467e-05,0.0029640812897640512,2.8793001543038179e-05,0.00486401114969362,0.64101085275472358
473151.25896148029,1.0074712598720583e-05,0.0029301527529140988,2.8137622059489844e-05,0.0048083375496108076,0.64101113775246266
478630.09232263803,9.8453894625782286e-06,0.0028966125581499046,2.7497159517974941e-05,0.0047533010948302363,0.64101141626322866
484172.36758409988,9.6212861188534072e-06,0.0028634562613330909,2.6871274426678732e-05,0.0046988944969363917,0.64101168843466649
489778.81936844665,9.4022837613415716e-06,0.002830679469156985,2.6259635018897963e-05,0.0046451105507763707,0.64101195441106107
495450.19080479053,9.1882662877124572e-06,0.0027982778385660751,2.5661917077315211e-05,0.0045919421335124024,0.64101221433341316
501187.23362727248,8.9791202379843435e-06,0.0027662470761821208,2.5077803762268819e-05,0.0045393822036851085,0.64101246833951575
506990.70827470446,8.7747347343976896e-06,0.0027345829377367638,2.4506985443926336e-05,0.0044874238002872661,0.64101271656402503
512861.3839913648,8.5750014226564822e-06,0.0027032812275105934,2.3949159538273245e-05,0.0044360600418479968,0.64101295913853384
518800.03892896092,8.3798144145061731e-06,0.0026723377977785918,2.3404030346830295e-05,0.0043852841255272584,0.64101319619163843
524807.4602497723,8.1890702316179243e-06,0.0026417485482618888,2.2871308900014954e-05,0.0043350893262205483,0.64101342784900972
530884.44423098897,8.0026677507492724e-06,0.0026115094255857447,2.2350712804063934e-05,0.0042854689956736726,0.64101365423345835
537031.7963702532,7.8205081501525083e-06,0.0025816164227437316,2.1841966091436508e-05,0.0042364165616075398,0.64101387546499944
543250.33149243356,7.6424948572018915e-06,0.0025520655785679558,2.1344799074618324e-05,0.004187925526852738,0.64101409166091705
549540.87385762483,7.468533497212604e-06,0.0025228529772053612,2.08589482032502e-05,0.0041399894684939521,0.64101430293582617
555904.25727040367,7.2985318434239011e-06,0.0024939747475999732,2.0384155924504967e-05,0.004092602037023994,0.64101450940173232
562341.32519034913,7.1323997681201513e-06,0.0024654270629810337,1.9920170546639354e-05,0.0040457569555073956,0.64101471116809472
568852.93084384128,6.9700491948639064e-06,0.0024372061403569725,1.9466746105648397e-05,0.0039994480187534251,0.64101490834187702
575439.93733715662,6.811394051815654e-06,0.0024093082400151334,1.9023642234952191e-05,0.003953669092498468,0.64101510102761206
582103.21777087101,6.6563502261155963e-06,0.0023817296650272012,1.8590624038045881e-05,0.003908414112597622,0.64101528932745244
588843.65535558958,6.5048355193032655e-06,0.0023544667607602585,1.8167461964045624e-05,0.003863677084225432,0.64101547334122555
595662.14352901094,6.3567696037515086e-06,0.0023275159143934308,1.7753931686065114e-05,0.0038194520810856938,0.64101565316648645
602559.58607435809,6.2120739800914188e-06,0.0023008735544399945,1.7349813982357299e-05,0.0037757332446301164,0.64101582889857134
609536.89724016935,6.070671935606178e-06,0.0022745361502749767,1.6954894620159891e-05,0.0037325147832858955,0.64101600063064457
616595.00186148216,5.9324885035713939e-06,0.0022485002116681124,1.6568964242182161e-05,0.0036897909716919934,0.64101616845375242
623734.83548241912,5.7974504235205528e-06,0.0022227622883221297,1.6191818255673404e-05,0.0036475561499440578,0.64101633245686751
630957.34448019299,5.6654861024145472e-06,0.0021973189694162979,1.582325672401442e-05,0.0036058047228478989,0.64101649272693761
638263.48619054828,5.5365255766946931e-06,0.0021721668831551776,1.5463084260774557e-05,0.0035645311591814121,0.64101664934893132
645654.22903465619,5.4105004751991258e-06,0.0021473026963225099,1.5111109926178347e-05,0.0035237299909648542,0.64101680240588377
653130.55264747294,5.2873439829230726e-06,0.0021227231138402102,1.4767147125927229e-05,0.0034833958127394177,0.64101695197894126
660693.44800759642,5.1669908056035163e-06,0.0020984248783323593,1.4431013512322034e-05,0.0034435232808539178,0.64101709814740093
668343.91756861494,5.0493771351098391e-06,0.0020744047696941875,1.4102530887635009e-05,0.0034041071127596176,0.6410172409887569
676082.97539198189,4.9344406156219291e-06,0.002050659604665976,1.3781525109679559e-05,0.0033651420863130338,0.64101738057873914
683911.64728142926,4.8221203105778257e-06,0.0020271862364118045,1.3467825999527833e-05,0.0033266230390866301,0.64101751699135323
691830.97091893631,4.7123566703734701e-06,0.0020039815541031073,1.3161267251327525e-05,0.0032885448676873439,0.64101765029892155
699841.99600227305,4.6050915007974623e-06,0.0019810424825069915,1.2861686344170111e-05,0.0032509025270828452,0.64101778057211933
707945.78438413877,4.5002679321839849e-06,0.0019583659815792251,1.2568924455963648e-05,0.0032136910299354138,0.641017907880014
716143.4102129027,4.3978303892677967e-06,0.0019359490460619114,1.2282826379265217e-05,0.0031769054459434335,0.64101803229010057
724435.96007499064,4.2977245617249645e-06,0.0019137887050856954,1.2003240439027338e-05,0.0031405409011902702,0.64101815386833749
732824.53313890449,4.19989737538413e-06,0.0018918820217765618,1.173001841221616e-05,0.0031045925775006304,0.64101827267918288
741310.2413009177,4.1042969640927935e-06,0.001870226092867091,1.1463015449257925e-05,0.0030690557118041762,0.64101838878562689
749894.20933245588,4.0108726422237841e-06,0.0018488180483121595,1.1202089997272464e-05,0.0030339255955063819,0.64101850224922652
758577.57502918353,3.919574877807407e-06,0.0018276550509090271,1.0947103725053181e-05,0.0029991975738665418,0.64101861313013786
767361.48936181853,3.8303552662749451e-06,0.0018067342959217554,1.069792144975363e-05,0.0029648670453828328,0.64101872148714689
776247.1166286912,3.7431665047996847e-06,0.0017860530107099179,1.0454411065242019e-05,0.0029309294611843733,0.64101882737770277
785235.63461007259,3.6579623672218167e-06,0.0017656084543615446,1.0216443472085614e-05,0.0028973803244301834,0.64101893085794515
794328.23472428217,3.5746976795440052e-06,0.0017453979173302659,9.9838925091282171e-06,0.0028642151897149992,0.64101903198273857
803526.12218561769,3.4933282959844885e-06,0.0017254187210765789,9.7566348866239656e-06,0.0028314296624817967,0.64101913080569672
812830.51616409956,3.4138110755752276e-06,0.001705668217713229,9.534550120892747e-06,0.0027990193984410391,0.64101922737921435
822242.64994707122,3.3361038592925671e-06,0.0016861437896546353,9.317520470462148e-06,0.0027669801029965115,0.64101932175449228
831763.77110267081,3.2601654477083214e-06,0.0016668428492703127,9.1054308736622838e-06,0.0027353075306776817,0.64101941398156637
841395.14164519473,3.1859555791494594e-06,0.0016477628385422553,8.8981688876404587e-06,0.0027039974845785241,0.64101950410933473
851138.03820237587,3.1134349083548337e-06,0.0016289012287262375,8.6956246287634302e-06,0.002673045815802729,0.6410195921855818
860993.75218460162,3.0425649856175758e-06,0.0016102555200169706,8.4976907143755405e-06,0.0026424484229152119,0.64101967825700334
870963.58995608147,2.9733082364022413e-06,0.0015918232412171053,8.3042622058822495e-06,0.0026122012513998994,0.64101976236923364
881048.87300801463,2.9056279414256902e-06,0.0015736019494099818,8.1152365531282914e-06,0.0025823002931236283,0.64101984456686756
891250.93813374592,2.8394882171913981e-06,0.0015555892296361482,7.9305135400417699e-06,0.0025527415858062012,0.6410199248934858
901571.13760595699,2.7748539969667012e-06,0.0015377826945735602,7.7499952315148348e-06,0.0025235212124964496,0.6410200033916762
912010.83935590961,2.7116910121929751e-06,0.0015201799842214339,7.573585921493051e-06,0.002494635301054266,0.64102008010305755
922571.42715476279,2.6499657743188742e-06,0.0015027787655877145,7.4011920822459456e-06,0.0024660800236385371,0.64102015506830112
933254.30079699052,2.5896455570470185e-06,0.0014855767323801103,7.2327223147918247e-06,0.0024378515962009063,0.64102022832715289
944060.87628592458,2.5306983789846932e-06,0.0014685716047006581,7.0680873004506031e-06,0.0024099462779852976,0.64102029991845355
954992.58602143684,2.4730929866894499e-06,0.0014517611287437897,6.9071997534991853e-06,0.0023823603710331656,0.64102036988016053
966050.87898981408,2.4167988381004527e-06,0.0014351430764978205,6.7499743749038258e-06,0.0023550902196943337,0.64102043824936694
977237.22095581109,2.3617860863470126e-06,0.0014187152454498788,6.5963278071056238e-06,0.0023281322101434531,0.64102050506232122
988553.09465693904,2.3080255639255489e-06,0.0014024754582941884,6.4461785898346768e-06,0.002301482769901947,0.64102057035444793
1000000,2.2554887672366969e-06,0.0013864215626436941,6.2994471169297639e-06,0.0022751383673654093,0.64102063416036292
