x_omega_tau,time_within_last_cycle_s,H_A_per_m,M_A_per_m
0.10000000000000001,0,1,0.019801980196192046
0.10000000000000001,1.2271846303065101e-07,0.99992470183914506,0.019824789219311505
0.10000000000000001,2.4543692606187049e-07,0.99969881869620436,0.019844612702095844
0.10000000000000001,3.681553890925215e-07,0.99932238458835043,0.019861447659201469
0.10000000000000001,4.9087385212374098e-07,0.99879545620517185,0.019875291555345766
0.10000000000000001,6.1359231515439199e-07,0.99811811290014973,0.019886142305688893
0.10000000000000001,7.36310778185043e-07,0.99729045667869232,0.019893998276147764
0.10000000000000001,8.5902924121626248e-07,0.99631261218277722,0.019898858283642126
0.10000000000000001,9.8174770424691338e-07,0.99518472667219804,0.019900721596272722
0.10000000000000001,1.1044661672775646e-06,0.9939069700023595,0.019899587933431526
0.10000000000000001,1.227184630308784e-06,0.9924795345987093,0.019895457465843997
0.10000000000000001,1.349903093339435e-06,0.99090263542778201,0.019888330815543344
0.10000000000000001,1.472621556370086e-06,0.98917650996478601,0.019878209055776912
0.10000000000000001,1.5953400194013056e-06,0.98730141815785799,0.019865093710844474
0.10000000000000001,1.7180584824319564e-06,0.98527764238894422,0.019848986755868738
0.10000000000000001,1.8407769454626076e-06,0.98310548743122328,0.019829890616497887
0.10000000000000001,1.9634954084938268e-06,0.98078528040323065,0.019807808168540254
0.10000000000000001,2.0862138715244782e-06,0.97831737071963198,0.019782742737531289
0.10000000000000001,2.2089323345551292e-06,0.97570213003853756,0.019754698098232701
0.10000000000000001,2.3316507975863486e-06,0.97293995220556106,0.019723678474064001
0.10000000000000001,2.4543692606169996e-06,0.97003125319454986,0.0196896885364665
0.10000000000000001,2.577087723648219e-06,0.96697647104484885,0.019652733404199783
0.10000000000000001,2.69980618667887e-06,0.96377606579544184,0.01961281864257081
0.10000000000000001,2.8225246497095214e-06,0.96043051941557345,0.019569950262595892
0.10000000000000001,2.9452431127407404e-06,0.95694033573220616,0.019524134720095378
0.10000000000000001,3.0679615757713918e-06,0.95330604035419708,0.019475378914721397
0.10000000000000001,3.1906800388020424e-06,0.94952818059304633,0.019423690188918954
0.10000000000000001,3.3133985018332622e-06,0.94560732538051928,0.019369076326820004
0.10000000000000001,3.4361169648639128e-06,0.94154406518302547,0.019311545553071286
0.10000000000000001,3.5588354278945642e-06,0.93733901191258673,0.019251106531595737
0.10000000000000001,3.6815538909257836e-06,0.93299279883473785,0.019187768364287656
0.10000000000000001,3.8042723539564346e-06,0.92850608047322192,0.019121540589642071
0.10000000000000001,3.926990816987086e-06,0.92387953251130095,0.019052433181318253
0.10000000000000001,4.0497092800183054e-06,0.91911385169005788,0.018980456546637679
0.10000000000000001,4.1724277430489564e-06,0.91420975570353891,0.018905621525016778
0.10000000000000001,4.2951462060796066e-06,0.90916798309053914,0.01882793938633457
0.10000000000000001,4.4178646691108268e-06,0.90398929312344489,0.018747421829235365
0.10000000000000001,4.5405831321414778e-06,0.89867446569396414,0.018664080979367118
0.10000000000000001,4.6633015951726972e-06,0.89322430119550933,0.018577929387555283
0.10000000000000001,4.7860200582033482e-06,0.88763962040285704,0.01848898002791264
0.10000000000000001,4.9087385212339992e-06,0.88192126434836771,0.018397246295885628
0.10000000000000001,5.0314569842652186e-06,0.87607009419540183,0.018302742006236869
0.10000000000000001,5.1541754472958687e-06,0.87008699110871635,0.018205481390964701
0.10000000000000001,5.2768939103265206e-06,0.86397285612160191,0.018105479097160104
0.10000000000000001,5.39961237335774e-06,0.85772861000026857,0.018002750184800666
0.10000000000000001,5.522330836388391e-06,0.85135519310527208,0.017897310124482688
0.10000000000000001,5.6450492994190428e-06,0.84485356524972488,0.017789174795091473
0.10000000000000001,5.7677677624502613e-06,0.83822470555483608,0.017678360481409829
0.10000000000000001,5.8904862254809124e-06,0.83146961230255434,0.017564883871665795
0.10000000000000001,6.0132046885115634e-06,0.82458930278504594,0.01744876205501944
0.10000000000000001,6.1359231515427836e-06,0.81758481315158349,0.017330012518989173
0.10000000000000001,6.2586416145734338e-06,0.81045719825260631,0.017208653146818333
0.10000000000000001,6.3813600776040848e-06,0.80320753148066859,0.017084702214782012
0.10000000000000001,6.504078540635305e-06,0.79583690460888534,0.016958178389434583
0.10000000000000001,6.626797003665956e-06,0.78834642762662033,0.0168291007247988
0.10000000000000001,6.7495154666971745e-06,0.78073722857208583,0.01669748865949619
0.10000000000000001,6.8722339297278255e-06,0.77301045336274088,0.016563362013819589
0.10000000000000001,6.9949523927584774e-06,0.76516726562247583,0.016426740986748577
0.10000000000000001,7.1176708557896968e-06,0.75720884650647757,0.01628764615290729
0.10000000000000001,7.2403893188203478e-06,0.74913639452346559,0.016146098459465991
0.10000000000000001,7.3631077818509979e-06,0.74095112535497887,0.016002119222986746
0.10000000000000001,7.4858262448822182e-06,0.73265427167240782,0.015855730126212945
0.10000000000000001,7.6085447079128692e-06,0.72424708295147566,0.015706953214804063
0.10000000000000001,7.731263170943521e-06,0.71573082528384147,0.015555810894015778
0.10000000000000001,7.8539816339747395e-06,0.70710678118654458,0.015402325925325632
0.10000000000000001,7.9767000970053906e-06,0.69837624940898424,0.0152465214230053
0.10000000000000001,8.0994185600360416e-06,0.68954054473709292,0.01508842085063981
0.10000000000000001,8.2221370230672618e-06,0.68060099779545236,0.014928048017593771
0.10000000000000001,8.3448554860979128e-06,0.67155895484703254,0.014765427075425948
0.10000000000000001,8.4675739491285621e-06,0.66241577759020109,0.014600582514252112
0.10000000000000001,8.5902924121597823e-06,0.65317284295377853,0.014433539159056747
0.10000000000000001,8.7130108751904333e-06,0.64383154288980859,0.014264322165954774
0.10000000000000001,8.8357293382210844e-06,0.63439328416367824,0.01409295701840294
0.10000000000000001,8.9584478012523029e-06,0.62485948814239067,0.013919469523362066
0.10000000000000001,9.0811662642829556e-06,0.61523159058064703,0.013743885807410814
0.10000000000000001,9.2038847273141741e-06,0.60551104140431655,0.013566232312810993
0.10000000000000001,9.3266031903448251e-06,0.59569930449244035,0.013386535793525311
0.10000000000000001,9.4493216533754778e-06,0.58579785745646218,0.013204823311188716
0.10000000000000001,9.5720401164066964e-06,0.57580819141783879,0.013021122231032623
0.10000000000000001,9.6947585794373474e-06,0.56573181078362311,0.012835460217763944
0.10000000000000001,9.8174770424679984e-06,0.55557023301962882,0.012647865231399043
0.10000000000000001,9.9401955054992186e-06,0.54532498842204236,0.012458365523052808
0.10000000000000001,1.0062913968529868e-05,0.53499761988711003,0.012266989630684226
0.10000000000000001,1.0185632431560521e-05,0.52458968267849893,0.012073766374798843
0.10000000000000001,1.0308350894591737e-05,0.51410274419322044,0.011878724854108196
0.10000000000000001,1.043106935762239e-05,0.50353838372573356,0.011681894441147891
0.10000000000000001,1.0553787820653041e-05,0.49289819222981751,0.011483304777854173
0.10000000000000001,1.067650628368426e-05,0.48218377207912422,0.011282985771099775
0.10000000000000001,1.0799224746714912e-05,0.47139673682601679,0.011080967588190348
0.10000000000000001,1.0921943209745563e-05,0.46053871095827709,0.010877280652321185
0.10000000000000001,1.1044661672776782e-05,0.44961132965461098,0.010671955637995514
0.10000000000000001,1.1167380135807433e-05,0.43861623853855003,0.010465023466405314
0.10000000000000001,1.1290098598838653e-05,0.42755509343027137,0.010256515300774496
0.10000000000000001,1.1412817061869302e-05,0.41642956009764459,0.010046462541665729
0.10000000000000001,1.1535535524899955e-05,0.40524131400501562,0.0098348968222520261
0.10000000000000001,1.1658253987931175e-05,0.39399204006104016,0.0096218500035524981
0.10000000000000001,1.1780972450961825e-05,0.38268343236510027,0.0094073541696343306
0.10000000000000001,1.1903690913992477e-05,0.37131719395186669,0.0091914416227812327
0.10000000000000001,1.2026409377023694e-05,0.35989503653498311,0.0089741448786285326
0.10000000000000001,1.2149127840054347e-05,0.34841868024944828,0.0087554966612665586
0.10000000000000001,1.2271846303084998e-05,0.33688985339225269,0.0085355298983126934
0.10000000000000001,1.2394564766116216e-05,0.32531029216226087,0.0083142777159522681
0.10000000000000001,1.2517283229146868e-05,0.31368174039890845,0.0080917734339501189
0.10000000000000001,1.264000169217752e-05,0.30200594931926417,0.0078680505606327448
0.10000000000000001,1.2762720155208739e-05,0.29028467725446339,0.0076431427878418806
0.10000000000000001,1.288543861823939e-05,0.27851968938507338,0.0074170839858608388
0.10000000000000001,1.3008157081270042e-05,0.266712757474938,0.0071899081983137518
0.10000000000000001,1.3130875544301259e-05,0.25486565960451874,0.0069616496370385039
0.10000000000000001,1.3253594007331912e-05,0.24298017990328749,0.006732342676934895
0.10000000000000001,1.3376312470363132e-05,0.23105810828065898,0.0065020218507876896
0.10000000000000001,1.3499030933393782e-05,0.21910124015687715,0.006270721844065982
0.10000000000000001,1.3621749396424433e-05,0.20711137619224551,0.0060384774897001368
0.10000000000000001,1.3744467859455651e-05,0.1950903220161192,0.0058053237628356551
0.10000000000000001,1.3867186322486304e-05,0.18303988795515155,0.0055712957755660597
0.10000000000000001,1.3989904785516955e-05,0.17096188876033158,0.0053364287716455502
0.10000000000000001,1.4112623248548173e-05,0.15885814333385551,0.0051007581211809684
0.10000000000000001,1.4235341711578824e-05,0.1467304744553756,0.0048643193153053484
0.10000000000000001,1.4358060174609477e-05,0.13458070850715992,0.0046271479608332652
0.10000000000000001,1.4480778637640696e-05,0.12241067519921343,0.0043892797748982457
0.10000000000000001,1.4603497100671347e-05,0.1102222072939002,0.004150750579574149
0.10000000000000001,1.4726215563701996e-05,0.098017140329597685,0.003911596296480478
0.10000000000000001,1.4848934026733216e-05,0.085797312344440338,0.0036718529413725149
0.10000000000000001,1.4971652489763869e-05,0.073564563599687841,0.0034315566187177004
0.10000000000000001,1.5094370952794518e-05,0.061320736302249004,0.0031907435162584125
0.10000000000000001,1.5217089415825738e-05,0.049067674327421693,0.002949449899561995
0.10000000000000001,1.5339807878856389e-05,0.036807222941382528,0.0027077121065596506
0.10000000000000001,1.5462526341887608e-05,0.024541228522899187,0.0024655665420738539
0.10000000000000001,1.5585244804918261e-05,0.012271538285726845,0.0022230496723357972
0.10000000000000001,1.570796326794891e-05,2.6946562445697887e-14,0.0019801980194941583
0.10000000000000001,1.5830681730980132e-05,-0.012271538285729796,0.0017370481561145704
0.10000000000000001,1.5953400194010781e-05,-0.024541228522902137,0.001493636699671946
0.10000000000000001,1.6076118657041434e-05,-0.036807222941328668,0.0012500003070364302
0.10000000000000001,1.6198837120072652e-05,-0.049067674327424642,0.0010061756689525479
0.10000000000000001,1.6321555583103302e-05,-0.061320736302195214,0.00076219950451387325
0.10000000000000001,1.6444274046133954e-05,-0.073564563599634092,0.00051810855563345904
0.10000000000000001,1.6566992509165173e-05,-0.08579731234444328,0.00027393958151029614
0.10000000000000001,1.6689710972195826e-05,-0.098017140329544061,2.972935309377033e-05
0.10000000000000001,1.6812429435226475e-05,-0.11022220729384663,-0.00021448535245392953
0.10000000000000001,1.6935147898257693e-05,-0.12241067519921636,-0.00045866775729651326
0.10000000000000001,1.7057866361288346e-05,-0.13458070850710652,-0.00070278108846197817
0.10000000000000001,1.7180584824318999e-05,-0.14673047445532231,-0.00094678858338050498
0.10000000000000001,1.7303303287350214e-05,-0.15885814333385842,-0.0011906534954209936
0.10000000000000001,1.7426021750380867e-05,-0.17096188876027846,-0.0014343390994246219
0.10000000000000001,1.7548740213412089e-05,-0.18303988795515444,-0.0016778086972357442
0.10000000000000001,1.7671458676442738e-05,-0.19509032201612209,-0.0019210256232286165
0.10000000000000001,1.7794177139473391e-05,-0.2071113761921928,-0.002163953249828667
0.10000000000000001,1.7916895602504606e-05,-0.21910124015688004,-0.0024065549930288935
0.10000000000000001,1.8039614065535258e-05,-0.23105810828066184,-0.0026487943178992637
0.10000000000000001,1.8162332528565911e-05,-0.2429801799032352,-0.0028906347440883396
0.10000000000000001,1.828505099159713e-05,-0.25486565960452157,-0.0031320398513175357
0.10000000000000001,1.8407769454627779e-05,-0.2667127574748861,-0.0033729732848657218
0.10000000000000001,1.8530487917658432e-05,-0.27851968938502158,-0.0036133987610439296
0.10000000000000001,1.865320638068965e-05,-0.29028467725446622,-0.0038532800726598405
0.10000000000000001,1.8775924843720303e-05,-0.30200594931921282,-0.0040925810944703375
0.10000000000000001,1.8898643306750956e-05,-0.31368174039885727,-0.0043312657886216575
0.10000000000000001,1.9021361769782171e-05,-0.32531029216226365,-0.0045692982100768807
0.10000000000000001,1.9144080232812823e-05,-0.33688985339220195,-0.0048066425120288827
0.10000000000000001,1.9266798695843473e-05,-0.34841868024939776,-0.0050432629512987479
0.10000000000000001,1.9389517158874695e-05,-0.35989503653498583,-0.0052791238937187806
0.10000000000000001,1.9512235621905347e-05,-0.37131719395181667,-0.0055141898194985463
0.10000000000000001,1.9634954084935997e-05,-0.38268343236505048,-0.0057484253285742352
0.10000000000000001,1.9757672547967215e-05,-0.39399204006104288,-0.0059817951459398642
0.10000000000000001,1.9880391010997868e-05,-0.40524131400496638,-0.0062142641269592718
0.10000000000000001,2.0003109474029087e-05,-0.41642956009764726,-0.0064457972626589758
0.10000000000000001,2.0125827937059736e-05,-0.42755509343027404,-0.0066763596850005127
0.10000000000000001,2.0248546400090385e-05,-0.43861623853850162,-0.0069059166721310208
0.10000000000000001,2.0371264863121607e-05,-0.44961132965461365,-0.0071344336536126544
0.10000000000000001,2.049398332615226e-05,-0.46053871095822924,-0.0073618762156286086
0.10000000000000001,2.0616701789182909e-05,-0.47139673682596928,-0.0075882101061655544
0.10000000000000001,2.0739420252214131e-05,-0.48218377207912683,-0.0078134012401721332
0.10000000000000001,2.086213871524478e-05,-0.49289819222977066,-0.0080374157046919376
0.10000000000000001,2.098485717827543e-05,-0.50353838372568693,-0.0082602197639705093
0.10000000000000001,2.1107575641306648e-05,-0.51410274419322288,-0.0084817798645361268
0.10000000000000001,2.1230294104337304e-05,-0.52458968267845307,-0.0087020626402525975
0.10000000000000001,2.1353012567367954e-05,-0.53499761988706451,-0.0089210349173441048
0.10000000000000001,2.1475731030399172e-05,-0.54532498842204491,-0.0091386637193912549
0.10000000000000001,2.1598449493429825e-05,-0.55557023301958408,-0.0093549162722968947
0.10000000000000001,2.1721167956460474e-05,-0.5657318107835787,-0.0095697600092219757
0.10000000000000001,2.1843886419491693e-05,-0.57580819141784112,-0.0097831625754900581
0.10000000000000001,2.1966604882522342e-05,-0.58579785745641855,-0.0099950918334595577
0.10000000000000001,2.2089323345553564e-05,-0.59569930449244279,-0.010205515867363736
0.10000000000000001,2.2212041808584217e-05,-0.60551104140431888,-0.010414402988117202
0.10000000000000001,2.2334760271614866e-05,-0.6152315905806045,-0.010621721738087802
0.10000000000000001,2.2457478734646088e-05,-0.624859488142393,-0.010827440895834397
0.10000000000000001,2.2580197197676737e-05,-0.63439328416363661,-0.01103152948080858
0.10000000000000001,2.2702915660707386e-05,-0.64383154288976729,-0.011233956758020067
0.10000000000000001,2.2825634123738605e-05,-0.65317284295378075,-0.011434692242665532
0.10000000000000001,2.2948352586769261e-05,-0.66241577759016068,-0.011633705704719393
0.10000000000000001,2.307107104979991e-05,-0.67155895484699257,-0.011830967173486218
0.10000000000000001,2.3193789512831129e-05,-0.68060099779545458,-0.01202644694211445
0.10000000000000001,2.3316507975861778e-05,-0.68954054473705384,-0.012220115572069963
0.10000000000000001,2.3439226438892431e-05,-0.6983762494089456,-0.012411943897569404
0.10000000000000001,2.3561944901923649e-05,-0.70710678118654668,-0.012601903029972633
0.10000000000000001,2.3684663364954299e-05,-0.71573082528380383,-0.012789964362132976
0.10000000000000001,2.3807381827984955e-05,-0.72424708295143847,-0.012976099572705535
0.10000000000000001,2.3930100291016173e-05,-0.73265427167240982,-0.013160280630412326
0.10000000000000001,2.4052818754046823e-05,-0.74095112535494267,-0.013342479798263486
0.10000000000000001,2.4175537217078045e-05,-0.74913639452346747,-0.013522669637734491
0.10000000000000001,2.4298255680108694e-05,-0.75720884650647957,-0.013700823012898402
0.10000000000000001,2.4420974143139343e-05,-0.76516726562244108,-0.013876913094512127
0.10000000000000001,2.4543692606170562e-05,-0.77301045336274277,-0.014050913364057083
0.10000000000000001,2.4666411069201218e-05,-0.7807372285720876,-0.014222797617732791
0.10000000000000001,2.4789129532231867e-05,-0.78834642762658724,-0.014392539970402801
0.10000000000000001,2.4911847995263086e-05,-0.79583690460888712,-0.01456011485949318
0.10000000000000001,2.5034566458293735e-05,-0.80320753148063651,-0.014725497048842066
0.10000000000000001,2.5157284921324388e-05,-0.81045719825257478,-0.0148886616325
0.10000000000000001,2.5280003384355606e-05,-0.81758481315158527,-0.015049584038480897
0.10000000000000001,2.5402721847386256e-05,-0.82458930278501541,-0.015208240032462331
0.10000000000000001,2.5525440310416908e-05,-0.83146961230252447,-0.015364605721435148
0.10000000000000001,2.564815877344813e-05,-0.83822470555483775,-0.015518657557301791
0.10000000000000001,2.5770877236478779e-05,-0.84485356524969601,-0.015670372340422421
0.10000000000000001,2.5893595699509429e-05,-0.85135519310524377,-0.015819727223108721
0.10000000000000001,2.6016314162540651e-05,-0.85772861000027012,-0.015966699713064782
0.10000000000000001,2.61390326255713e-05,-0.86397285612157471,-0.016111267676774184
0.10000000000000001,2.6261751088602519e-05,-0.87008699110871779,-0.016253409342833338
0.10000000000000001,2.6384469551633175e-05,-0.87607009419540316,-0.016393103305230243
0.10000000000000001,2.6507188014663824e-05,-0.88192126434834228,-0.016530328526567929
0.10000000000000001,2.6629906477695042e-05,-0.88763962040285838,-0.01666506434123282
0.10000000000000001,2.6752624940725692e-05,-0.89322430119551066,-0.016797290458506888
0.10000000000000001,2.6875343403756345e-05,-0.89867446569394049,-0.016926986965623166
0.10000000000000001,2.6998061866787563e-05,-0.90398929312344611,-0.017054134330764775
0.10000000000000001,2.7120780329818212e-05,-0.90916798309051672,-0.017178713406006227
0.10000000000000001,2.7243498792848865e-05,-0.91420975570351704,-0.017300705430196985
0.10000000000000001,2.7366217255880087e-05,-0.91911385169005899,-0.017420092031786964
0.10000000000000001,2.7488935718910736e-05,-0.9238795325112803,-0.017536855231593092
0.10000000000000001,2.7611654181941386e-05,-0.92850608047320193,-0.017650977445506952
0.10000000000000001,2.7734372644972608e-05,-0.93299279883473885,-0.017762441487142924
0.10000000000000001,2.7857091108003257e-05,-0.93733901191256797,-0.01787123057042633
0.10000000000000001,2.797980957103391e-05,-0.94154406518300726,-0.017977328312121368
0.10000000000000001,2.8102528034065131e-05,-0.94560732538052028,-0.01808071873429843
0.10000000000000001,2.8225246497095781e-05,-0.94952818059302935,-0.018181386266740214
0.10000000000000001,2.8347964960126999e-05,-0.95330604035419797,-0.018279315749286602
0.10000000000000001,2.8470683423157649e-05,-0.95694033573220694,-0.018374492434117786
0.10000000000000001,2.8593401886188301e-05,-0.96043051941555846,-0.018466901987975071
0.10000000000000001,2.871612034921952e-05,-0.96377606579544262,-0.018556530494319559
0.10000000000000001,2.8838838812250169e-05,-0.96697647104484963,-0.01864336445542791
0.10000000000000001,2.8961557275280822e-05,-0.97003125319453676,-0.018727390794424943
0.10000000000000001,2.9084275738312044e-05,-0.97293995220556173,-0.018808596857253088
0.10000000000000001,2.9206994201342693e-05,-0.97570213003852568,-0.018886970414578003
0.10000000000000001,2.9329712664373342e-05,-0.97831737071962077,-0.018962499663630204
0.10000000000000001,2.9452431127404564e-05,-0.98078528040323121,-0.019035173229982615
0.10000000000000001,2.9575149590435214e-05,-0.9831054874312134,-0.019104980169263475
0.10000000000000001,2.9697868053465866e-05,-0.985277642388935,-0.019171909968804475
0.10000000000000001,2.9820586516497081e-05,-0.98730141815785843,-0.019235952549224004
0.10000000000000001,2.9943304979527738e-05,-0.98917650996477813,-0.019297098265945018
0.10000000000000001,3.0066023442558387e-05,-0.99090263542777468,-0.019355337910647478
0.10000000000000001,3.0188741905589605e-05,-0.99247953459870963,-0.019410662712655128
0.10000000000000001,3.0311460368620258e-05,-0.99390697000235351,-0.019463064340256284
0.10000000000000001,3.0434178831650911e-05,-0.99518472667219271,-0.019512534901958565
0.10000000000000001,3.0556897294682129e-05,-0.99631261218277756,-0.019559066947677364
0.10000000000000001,3.0679615757712779e-05,-0.99729045667868832,-0.019602653469857741
0.10000000000000001,3.0802334220743997e-05,-0.99811811290014985,-0.01964328790452978
0.10000000000000001,3.0925052683774647e-05,-0.99879545620517196,-0.019680964132297096
0.10000000000000001,3.1047771146805296e-05,-0.99932238458834843,-0.019715676479258357
0.10000000000000001,3.1170489609836521e-05,-0.99969881869620436,-0.0197474197178618
0.10000000000000001,3.129320807286717e-05,-0.99992470183914439,-0.019776189067692455
0.10000000000000001,3.141592653589782e-05,-1,-0.019801980196192052
0.10000000000000001,3.1538644998929038e-05,-0.9999247018391445,-0.019824789219311512
0.10000000000000001,3.1661363461959694e-05,-0.99969881869620458,-0.019844612702095851
0.10000000000000001,3.1784081924990344e-05,-0.99932238458835077,-0.019861447659201475
0.10000000000000001,3.1906800388021562e-05,-0.99879545620517229,-0.019875291555345766
0.10000000000000001,3.2029518851052212e-05,-0.9981181129001504,-0.019886142305688893
0.10000000000000001,3.2152237314082868e-05,-0.99729045667869309,-0.019893998276147767
0.10000000000000001,3.2274955777114086e-05,-0.99631261218277822,-0.019898858283642126
0.10000000000000001,3.2397674240144735e-05,-0.99518472667219904,-0.019900721596272718
0.10000000000000001,3.2520392703175385e-05,-0.99390697000236072,-0.019899587933431526
0.10000000000000001,3.2643111166206603e-05,-0.99247953459871063,-0.01989545746584399
0.10000000000000001,3.2765829629237253e-05,-0.99090263542778345,-0.019888330815543344
0.10000000000000001,3.2888548092268478e-05,-0.98917650996477924,-0.019878209055776915
0.10000000000000001,3.3011266555299127e-05,-0.98730141815785977,-0.019865093710844474
0.10000000000000001,3.3133985018329777e-05,-0.98527764238894611,-0.019848986755868738
0.10000000000000001,3.3256703481360995e-05,-0.98310548743121484,-0.019829890616497887
0.10000000000000001,3.3379421944391651e-05,-0.98078528040323276,-0.019807808168540247
0.10000000000000001,3.3502140407422301e-05,-0.97831737071963421,-0.019782742737531282
0.10000000000000001,3.3624858870453519e-05,-0.97570213003852746,-0.019754698098232694
0.10000000000000001,3.3747577333484168e-05,-0.97293995220556362,-0.019723678474063987
0.10000000000000001,3.3870295796514824e-05,-0.97003125319455252,-0.019689688536466497
0.10000000000000001,3.3993014259546043e-05,-0.96697647104485163,-0.019652733404199773
0.10000000000000001,3.4115732722576692e-05,-0.96377606579544473,-0.019612818642570803
0.10000000000000001,3.4238451185607342e-05,-0.96043051941557644,-0.019569950262595892
0.10000000000000001,3.436116964863856e-05,-0.95694033573220927,-0.019524134720095353
0.10000000000000001,3.4483888111669209e-05,-0.9533060403542003,-0.019475378914721387
0.10000000000000001,3.4606606574699866e-05,-0.94952818059304966,-0.019423690188918954
0.10000000000000001,3.4729325037731084e-05,-0.94560732538052283,-0.019369076326819994
0.10000000000000001,3.4852043500761733e-05,-0.94154406518302902,-0.019311545553071283
0.10000000000000001,3.4974761963792952e-05,-0.93733901191257063,-0.019251106531595744
0.10000000000000001,3.5097480426823608e-05,-0.93299279883474173,-0.01918776836428765
0.10000000000000001,3.5220198889854257e-05,-0.92850608047322591,-0.019121540589642074
0.10000000000000001,3.5342917352885476e-05,-0.9238795325112833,-0.019052433181318267
0.10000000000000001,3.5465635815916125e-05,-0.9191138516900621,-0.018980456546637672
0.10000000000000001,3.5588354278946781e-05,-0.91420975570354324,-0.018905621525016784
0.10000000000000001,3.5711072741978e-05,-0.90916798309052005,-0.018827939386334574
0.10000000000000001,3.5833791205008649e-05,-0.90398929312344944,-0.018747421829235361
0.10000000000000001,3.5956509668039298e-05,-0.89867446569396892,-0.018664080979367125
0.10000000000000001,3.6079228131070517e-05,-0.89322430119551421,-0.018577929387555273
0.10000000000000001,3.6201946594101166e-05,-0.88763962040286204,-0.01848898002791264
0.10000000000000001,3.6324665057131822e-05,-0.8819212643483727,-0.018397246295885641
0.10000000000000001,3.6447383520163041e-05,-0.87607009419540693,-0.018302742006236862
0.10000000000000001,3.657010198319369e-05,-0.87008699110872167,-0.018205481390964708
0.10000000000000001,3.669282044622434e-05,-0.86397285612160724,-0.018105479097160121
0.10000000000000001,3.6815538909255558e-05,-0.85772861000027412,-0.018002750184800659
0.10000000000000001,3.6938257372286214e-05,-0.85135519310527774,-0.017897310124482698
0.10000000000000001,3.7060975835317433e-05,-0.84485356524970023,-0.017789174795091494
0.10000000000000001,3.7183694298348082e-05,-0.83822470555484196,-0.017678360481409829
0.10000000000000001,3.7306412761378738e-05,-0.83146961230256033,-0.017564883871665812
0.10000000000000001,3.7429131224409957e-05,-0.82458930278501985,-0.017448762055019468
0.10000000000000001,3.7551849687440606e-05,-0.81758481315158971,-0.017330012518989177
0.10000000000000001,3.7674568150471255e-05,-0.81045719825261264,-0.01720865314681835
0.10000000000000001,3.7797286613502474e-05,-0.80320753148064117,-0.017084702214782022
0.10000000000000001,3.7920005076533123e-05,-0.79583690460889178,-0.01695817838943459
0.10000000000000001,3.8042723539563779e-05,-0.78834642762662699,-0.016829100724798818
0.10000000000000001,3.8165442002594991e-05,-0.78073722857209249,-0.01669748865949618
0.10000000000000001,3.8288160465625647e-05,-0.77301045336274765,-0.016563362013819596
0.10000000000000001,3.8410878928656303e-05,-0.76516726562248272,-0.016426740986748598
0.10000000000000001,3.8533597391687515e-05,-0.75720884650648468,-0.016287646152907283
0.10000000000000001,3.8656315854718171e-05,-0.74913639452347269,-0.016146098459466001
0.10000000000000001,3.8779034317748813e-05,-0.74095112535498608,-0.01600211922298677
0.10000000000000001,3.8901752780780039e-05,-0.73265427167241515,-0.015855730126212938
0.10000000000000001,3.9024471243810695e-05,-0.7242470829514831,-0.015706953214804073
0.10000000000000001,3.9147189706841907e-05,-0.71573082528380927,-0.015555810894015807
0.10000000000000001,3.9269908169872563e-05,-0.70710678118655224,-0.015402325925325606
0.10000000000000001,3.9392626632903212e-05,-0.6983762494089919,-0.015246521423005295
0.10000000000000001,3.9515345095934431e-05,-0.6895405447370595,-0.015088420850639826
0.10000000000000001,3.963806355896508e-05,-0.68060099779546024,-0.014928048017593759
0.10000000000000001,3.9760782021995736e-05,-0.67155895484704053,-0.014765427075425957
0.10000000000000001,3.9883500485026948e-05,-0.66241577759016657,-0.014600582514252114
0.10000000000000001,4.0006218948057604e-05,-0.65317284295378664,-0.014433539159056746
0.10000000000000001,4.0128937411088253e-05,-0.64383154288981681,-0.014264322165954791
0.10000000000000001,4.0251655874119472e-05,-0.6343932841636426,-0.014092957018402925
0.10000000000000001,4.0374374337150128e-05,-0.62485948814239911,-0.013919469523362045
0.10000000000000001,4.049709280018077e-05,-0.61523159058065546,-0.013743885807410818
0.10000000000000001,4.0619811263211996e-05,-0.6055110414043251,-0.013566232312810962
0.10000000000000001,4.0742529726242652e-05,-0.59569930449244901,-0.013386535793525308
0.10000000000000001,4.0865248189273294e-05,-0.58579785745647095,-0.013204823311188734
0.10000000000000001,4.098796665230452e-05,-0.57580819141784756,-0.013021122231032606
0.10000000000000001,4.1110685115335169e-05,-0.56573181078363199,-0.012835460217763947
0.10000000000000001,4.1233403578365818e-05,-0.55557023301963782,-0.012647865231399071
0.10000000000000001,4.1356122041397037e-05,-0.54532498842205146,-0.0124583655230528
0.10000000000000001,4.1478840504427693e-05,-0.53499761988711925,-0.012266989630684242
0.10000000000000001,4.1601558967458905e-05,-0.52458968267845973,-0.012073766374798876
0.10000000000000001,4.1724277430489561e-05,-0.51410274419322965,-0.011878724854108189
0.10000000000000001,4.184699589352021e-05,-0.50353838372574289,-0.011681894441147905
0.10000000000000001,4.1969714356551428e-05,-0.49289819222977743,-0.011483304777854175
0.10000000000000001,4.2092432819582085e-05,-0.48218377207913365,-0.01128298577109977
0.10000000000000001,4.2215151282612727e-05,-0.47139673682602629,-0.011080967588190367
0.10000000000000001,4.2337869745643952e-05,-0.46053871095823617,-0.010877280652321193
0.10000000000000001,4.2460588208674608e-05,-0.44961132965462064,-0.010671955637995514
0.10000000000000001,4.2583306671705251e-05,-0.43861623853855974,-0.010465023466405337
0.10000000000000001,4.2706025134736476e-05,-0.42755509343028109,-0.010256515300774479
0.10000000000000001,4.2828743597767126e-05,-0.41642956009765442,-0.010046462541665736
0.10000000000000001,4.2951462060797775e-05,-0.4052413140050255,-0.0098348968222520556
0.10000000000000001,4.3074180523828993e-05,-0.3939920400610501,-0.0096218500035524842
0.10000000000000001,4.319689898685965e-05,-0.38268343236511027,-0.0094073541696343427
0.10000000000000001,4.3319617449890299e-05,-0.37131719395187673,-0.0091914416227812674
0.10000000000000001,4.3442335912921517e-05,-0.35989503653499316,-0.0089741448786285257
0.10000000000000001,4.3565054375952167e-05,-0.34841868024945838,-0.008755496661266576
0.10000000000000001,4.3687772838983385e-05,-0.33688985339220928,-0.0085355298983127315
0.10000000000000001,4.3810491302014041e-05,-0.32531029216227109,-0.0083142777159522629
0.10000000000000001,4.3933209765044684e-05,-0.31368174039891866,-0.008091773433950138
0.10000000000000001,4.4055928228075909e-05,-0.30200594931922026,-0.0078680505606327517
0.10000000000000001,4.4178646691106565e-05,-0.29028467725447371,-0.0076431427878418503
0.10000000000000001,4.4301365154137208e-05,-0.2785196893850837,-0.0074170839858608362
0.10000000000000001,4.4424083617168433e-05,-0.26671275747489365,-0.0071899081983137405
0.10000000000000001,4.4546802080199082e-05,-0.25486565960452917,-0.0069616496370384882
0.10000000000000001,4.4669520543229732e-05,-0.24298017990329795,-0.0067323426769349062
0.10000000000000001,4.479223900626095e-05,-0.23105810828066944,-0.0065020218507876575
0.10000000000000001,4.4914957469291606e-05,-0.21910124015688767,-0.0062707218440659785
0.10000000000000001,4.5037675932322256e-05,-0.20711137619225606,-0.0060384774897001585
0.10000000000000001,4.5160394395353474e-05,-0.19509032201612977,-0.0058053237628355979
0.10000000000000001,4.5283112858384124e-05,-0.18303988795516216,-0.0055712957755660328
0.10000000000000001,4.5405831321414773e-05,-0.17096188876034218,-0.005336428771645552
0.10000000000000001,4.5528549784445998e-05,-0.15885814333386614,-0.0051007581211809302
0.10000000000000001,4.5651268247476641e-05,-0.14673047445538628,-0.0048643193153053389
0.10000000000000001,4.5773986710507866e-05,-0.13458070850711426,-0.0046271479608332809
0.10000000000000001,4.5896705173538522e-05,-0.12241067519922413,-0.0043892797748982205
0.10000000000000001,4.6019423636569165e-05,-0.11022220729391091,-0.0041507505795741516
0.10000000000000001,4.614214209960039e-05,-0.098017140329551847,-0.0039115962964805049
0.10000000000000001,4.6264860562631039e-05,-0.085797312344451079,-0.0036718529413725001
0.10000000000000001,4.6387579025661689e-05,-0.073564563599698596,-0.0034315566187177113
0.10000000000000001,4.6510297488692907e-05,-0.061320736302203027,-0.0031907435162584112
0.10000000000000001,4.6633015951723556e-05,-0.049067674327432462,-0.0029494498995619877
0.10000000000000001,4.6755734414754212e-05,-0.036807222941393304,-0.0027077121065596692
0.10000000000000001,4.6878452877785431e-05,-0.024541228522909964,-0.002465566542073827
0.10000000000000001,4.700117134081608e-05,-0.012271538285737627,-0.0022230496723357985
0.10000000000000001,4.712388980384673e-05,-3.7727168162014125e-14,-0.0019801980194941843
0.10000000000000001,4.7246608266877955e-05,0.012271538285719016,-0.0017370481561145507
0.10000000000000001,4.7369326729908597e-05,0.024541228522891357,-0.0014936366996719536
0.10000000000000001,4.7492045192939254e-05,0.036807222941317899,-0.0012500003070364618
0.10000000000000001,4.7614763655970479e-05,0.049067674327413872,-0.0010061756689525351
0.10000000000000001,4.7737482119001121e-05,0.061320736302184452,-0.00076219950451388702
0.10000000000000001,4.7860200582032347e-05,0.073564563599680041,-0.00051810855563349612
0.10000000000000001,4.7982919045062996e-05,0.085797312344432539,-0.00027393958151029034
0.10000000000000001,4.8105637508093645e-05,0.098017140329533334,-2.9729353093789985e-05
0.10000000000000001,4.8228355971124864e-05,0.11022220729389241,0.00021448535245388741
0.10000000000000001,4.8351074434155513e-05,0.12241067519920566,0.0004586677572965144
0.10000000000000001,4.8473792897186169e-05,0.13458070850709583,0.00070278108846195443
0.10000000000000001,4.8596511360217388e-05,0.14673047445536785,0.00094678858338049317
0.10000000000000001,4.8719229823248037e-05,0.15885814333384776,0.0011906534954209895
0.10000000000000001,4.8841948286278686e-05,0.17096188876026785,0.0014343390994245935
0.10000000000000001,4.8964666749309912e-05,0.18303988795514384,0.0016778086972357611
0.10000000000000001,4.9087385212340554e-05,0.19509032201611151,0.0019210256232286066
0.10000000000000001,4.921010367537121e-05,0.20711137619218226,0.0021639532498286336
0.10000000000000001,4.9332822138402436e-05,0.21910124015686952,0.0024065549930289065
0.10000000000000001,4.9455540601433078e-05,0.23105810828065135,0.0026487943178992506
0.10000000000000001,4.9578259064463734e-05,0.24298017990322476,0.002890634744088304
0.10000000000000001,4.9700977527494953e-05,0.25486565960451119,0.0031320398513175435
0.10000000000000001,4.9823695990525602e-05,0.26671275747487566,0.0033729732848657048
0.10000000000000001,4.9946414453556821e-05,0.27851968938506583,0.0036133987610438905
0.10000000000000001,5.006913291658747e-05,0.29028467725445589,0.0038532800726598748
0.10000000000000001,5.0191851379618126e-05,0.30200594931920255,0.0040925810944703453
0.10000000000000001,5.0314569842649345e-05,0.31368174039890101,0.0043312657886216402
0.10000000000000001,5.0437288305679994e-05,0.32531029216225349,0.0045692982100769023
0.10000000000000001,5.0560006768710643e-05,0.3368898533921918,0.0048066425120288784
0.10000000000000001,5.0682725231741869e-05,0.34841868024944095,0.0050432629512987539
0.10000000000000001,5.0805443694772511e-05,0.35989503653497579,0.005279123893718791
0.10000000000000001,5.0928162157803167e-05,0.37131719395180668,0.0055141898194985316
0.10000000000000001,5.1050880620834392e-05,0.38268343236509306,0.0057484253285742613
0.10000000000000001,5.1173599083865035e-05,0.393992040061033,0.0059817951459398937
0.10000000000000001,5.1296317546895691e-05,0.4052413140049565,0.0062142641269592735
0.10000000000000001,5.1419036009926903e-05,0.41642956009763749,0.0064457972626590166
0.10000000000000001,5.1541754472957559e-05,0.42755509343026427,0.0066763596850005248
0.10000000000000001,5.1664472935988215e-05,0.43861623853849191,0.0069059166721310104
0.10000000000000001,5.1787191399019427e-05,0.44961132965460399,0.0071344336536126821
0.10000000000000001,5.1909909862050083e-05,0.46053871095821969,0.007361876215628612
0.10000000000000001,5.2032628325080732e-05,0.47139673682595978,0.0075882101061655353
0.10000000000000001,5.2155346788111951e-05,0.48218377207911739,0.0078134012401721541
0.10000000000000001,5.22780652511426e-05,0.49289819222976128,0.0080374157046919342
0.10000000000000001,5.2400783714173825e-05,0.50353838372572679,0.0082602197639704868
0.10000000000000001,5.2523502177204468e-05,0.51410274419321367,0.0084817798645361389
0.10000000000000001,5.2646220640235124e-05,0.52458968267844386,0.0087020626402525853
0.10000000000000001,5.2768939103266349e-05,0.53499761988710348,0.008921034917344103
0.10000000000000001,5.2891657566296992e-05,0.54532498842203581,0.0091386637193912584
0.10000000000000001,5.3014376029327648e-05,0.55557023301957509,0.0093549162722968791
0.10000000000000001,5.313709449235886e-05,0.56573181078361667,0.0095697600092219687
0.10000000000000001,5.3259812955389516e-05,0.57580819141783235,0.0097831625754900564
0.10000000000000001,5.3382531418420172e-05,0.58579785745640978,0.0099950918334595368
0.10000000000000001,5.3505249881451384e-05,0.59569930449243413,0.010205515867363756
0.10000000000000001,5.362796834448204e-05,0.60551104140431034,0.010414402988117197
0.10000000000000001,5.3750686807512689e-05,0.61523159058059607,0.010621721738087777
0.10000000000000001,5.3873405270543908e-05,0.62485948814238457,0.010827440895834409
0.10000000000000001,5.3996123733574557e-05,0.63439328416362828,0.011031529480808573
0.10000000000000001,5.4118842196605213e-05,0.64383154288975908,0.011233956758020042
0.10000000000000001,5.4241560659636425e-05,0.65317284295377254,0.011434692242665538
0.10000000000000001,5.4364279122667081e-05,0.66241577759015258,0.011633705704719381
0.10000000000000001,5.4486997585698306e-05,0.67155895484702677,0.011830967173486192
0.10000000000000001,5.4609716048728949e-05,0.68060099779544658,0.012026446942114459
0.10000000000000001,5.4732434511759605e-05,0.68954054473704607,0.012220115572069954
0.10000000000000001,5.4855152974790816e-05,0.69837624940897858,0.012411943897569402
0.10000000000000001,5.4977871437821473e-05,0.70710678118653902,0.012601903029972635
0.10000000000000001,5.5100589900852129e-05,0.71573082528379628,0.01278996436213296
0.10000000000000001,5.522330836388334e-05,0.72424708295147022,0.012976099572705527
0.10000000000000001,5.5346026826913997e-05,0.73265427167240249,0.013160280630412325
0.10000000000000001,5.5468745289944646e-05,0.74095112535493546,0.013342479798263467
0.10000000000000001,5.5591463752975864e-05,0.74913639452346037,0.013522669637734503
0.10000000000000001,5.5714182216006514e-05,0.75720884650647247,0.013700823012898398
0.10000000000000001,5.5836900679037163e-05,0.76516726562243409,0.013876913094512104
0.10000000000000001,5.5959619142068382e-05,0.77301045336273588,0.014050913364057114
0.10000000000000001,5.6082337605099038e-05,0.78073722857208094,0.014222797617732803
0.10000000000000001,5.6205056068129687e-05,0.78834642762658058,0.014392539970402796
0.10000000000000001,5.6327774531160905e-05,0.79583690460888057,0.014560114859493201
0.10000000000000001,5.6450492994191562e-05,0.80320753148063007,0.01472549704884207
0.10000000000000001,5.6573211457222773e-05,0.81045719825260176,0.014888661632499989
0.10000000000000001,5.6695929920253429e-05,0.81758481315157905,0.015049584038480907
0.10000000000000001,5.6818648383284085e-05,0.8245893027850093,0.015208240032462324
0.10000000000000001,5.6941366846315297e-05,0.83146961230255001,0.015364605721435148
0.10000000000000001,5.7064085309345953e-05,0.83822470555483186,0.015518657557301814
0.10000000000000001,5.7186803772376603e-05,0.84485356524969024,0.015670372340422432
0.10000000000000001,5.7309522235407821e-05,0.85135519310526797,0.015819727223108739
0.10000000000000001,5.743224069843847e-05,0.85772861000026457,0.015966699713064799
0.10000000000000001,5.755495916146912e-05,0.86397285612156927,0.016111267676774184
0.10000000000000001,5.7677677624500338e-05,0.87008699110871246,0.016253409342833362
0.10000000000000001,5.7800396087530994e-05,0.87607009419539805,0.016393103305230253
0.10000000000000001,5.7923114550561644e-05,0.88192126434833717,0.016530328526567925
0.10000000000000001,5.8045833013592862e-05,0.88763962040285349,0.016665064341232837
0.10000000000000001,5.8168551476623518e-05,0.89322430119550589,0.016797290458506892
0.10000000000000001,5.8291269939654161e-05,0.89867446569393583,0.016926986965623163
0.10000000000000001,5.8413988402685386e-05,0.90398929312344145,0.017054134330764789
0.10000000000000001,5.8536706865716042e-05,0.90916798309051228,0.017178713406006227
0.10000000000000001,5.8659425328747254e-05,0.91420975570353569,0.017300705430196978
0.10000000000000001,5.878214379177791e-05,0.91911385169005477,0.01742009203178697
0.10000000000000001,5.8904862254808559e-05,0.92387953251127619,0.017536855231593092
0.10000000000000001,5.9027580717839778e-05,0.92850608047321903,0.017650977445506939
0.10000000000000001,5.9150299180870427e-05,0.93299279883473496,0.017762441487142927
0.10000000000000001,5.9273017643901077e-05,0.93733901191256419,0.017871230570426326
0.10000000000000001,5.9395736106932295e-05,0.9415440651830228,0.017977328312121368
0.10000000000000001,5.9518454569962951e-05,0.94560732538051673,0.01808071873429843
0.10000000000000001,5.9641173032993601e-05,0.94952818059302602,0.018181386266740204
0.10000000000000001,5.9763891496024819e-05,0.95330604035419464,0.018279315749286609
0.10000000000000001,5.9886609959055475e-05,0.95694033573220383,0.018374492434117786
0.10000000000000001,6.0009328422086118e-05,0.96043051941555546,0.018466901987975064
0.10000000000000001,6.0132046885117343e-05,0.96377606579543973,0.018556530494319563
0.10000000000000001,6.0254765348147999e-05,0.96697647104484685,0.018643364455427906
0.10000000000000001,6.0377483811178642e-05,0.9700312531945342,0.018727390794424929
0.10000000000000001,6.0500202274209867e-05,0.97293995220555929,0.018808596857253085
0.10000000000000001,6.0622920737240516e-05,0.97570213003852335,0.018886970414577993
0.10000000000000001,6.0745639200271735e-05,0.97831737071963032,0.018962499663630193
0.10000000000000001,6.0868357663302384e-05,0.9807852804032291,0.019035173229982622
0.10000000000000001,6.0991076126333033e-05,0.9831054874312114,0.019104980169263479
0.10000000000000001,6.1113794589364259e-05,0.98527764238894289,0.019171909968804472
0.10000000000000001,6.1236513052394901e-05,0.98730141815785677,0.019235952549224004
0.10000000000000001,6.1359231515425557e-05,0.98917650996477657,0.019297098265945011
0.10000000000000001,6.1481949978456769e-05,0.9909026354277809,0.019355337910647471
0.10000000000000001,6.1604668441487425e-05,0.99247953459870841,0.019410662712655121
0.10000000000000001,6.1727386904518081e-05,0.9939069700023524,0.01946306434025627
0.10000000000000001,6.1850105367549293e-05,0.99518472667219726,0.019512534901958558
0.10000000000000001,6.1972823830579949e-05,0.99631261218277656,0.019559066947677357
0.10000000000000001,6.2095542293610592e-05,0.99729045667868754,0.01960265346985773
0.10000000000000001,6.2218260756641817e-05,0.99811811290014918,0.019643287904529773
0.10000000000000001,6.234097921967246e-05,0.99879545620517141,0.019680964132297089
0.10000000000000001,6.2463697682703116e-05,0.99932238458834799,0.01971567647925835
0.10000000000000001,6.2586416145734341e-05,0.99969881869620414,0.019747419717861793
0.10000000000000001,6.2709134608764983e-05,0.99992470183914428,0.019776189067692448
0.10000000000000001,6.283185307179564e-05,1,0.019801980196192046
1,0,1,0.0099999999999970651
1,1.2271846303065102e-08,0.99992470183914506,0.010121962401245617
1,2.4543692606187049e-08,0.99969881869620436,0.010242400472188044
1,3.6815538909252151e-08,0.99932238458835043,0.010361296075293871
1,4.9087385212374098e-08,0.99879545620517185,0.010478631305322601
1,6.1359231515439207e-08,0.99811811290014973,0.010594388492020183
1,7.3631077818504303e-08,0.99729045667869232,0.010708550202780092
1,8.5902924121626256e-08,0.99631261218277722,0.010821099245268605
1,9.8174770424691351e-08,0.99518472667219804,0.010932018670013912
1,1.1044661672775646e-07,0.9939069700023595,0.01104129177295864
1,1.2271846303087841e-07,0.9924795345987093,0.011148902097975423
1,1.3499030933394351e-07,0.99090263542778201,0.011254833439345137
1,1.4726215563700861e-07,0.98917650996478601,0.011359069844197416
1,1.5953400194013056e-07,0.98730141815785799,0.011461595614913101
1,1.7180584824319565e-07,0.98527764238894422,0.011562395311488241
1,1.8407769454626078e-07,0.98310548743122328,0.011661453753859304
1,1.963495408493827e-07,0.98078528040323065,0.011758756024189234
1,2.0862138715244783e-07,0.97831737071963198,0.011854287469114027
1,2.2089323345551292e-07,0.97570213003853756,0.011948033701949466
1,2.3316507975863487e-07,0.97293995220556106,0.012039980604857711
1,2.4543692606169997e-07,0.97003125319454986,0.012130114330973397
1,2.577087723648219e-07,0.96697647104484885,0.012218421306488906
1,2.6998061866788702e-07,0.96377606579544184,0.012304888232698541
1,2.8225246497095214e-07,0.96043051941557345,0.012389502088001268
1,2.9452431127407407e-07,0.95694033573220616,0.012472250129861716
1,3.0679615757713919e-07,0.95330604035419708,0.012553119896729144
1,3.1906800388020426e-07,0.94952818059304633,0.01263209920991413
1,3.3133985018332624e-07,0.94560732538051928,0.012709176175422615
1,3.4361169648639131e-07,0.94154406518302547,0.012784339185747102
1,3.5588354278945643e-07,0.93733901191258673,0.012857576921614716
1,3.6815538909257836e-07,0.93299279883473785,0.012928878353691817
1,3.8042723539564348e-07,0.92850608047322192,0.012998232744245004
1,3.926990816987086e-07,0.92387953251130095,0.013065629648758166
1,4.0497092800183053e-07,0.91911385169005788,0.013131058917505387
1,4.1724277430489565e-07,0.91420975570353891,0.013194510697079465
1,4.2951462060796072e-07,0.90916798309053914,0.013255975431875788
1,4.417864669110827e-07,0.90398929312344489,0.013315443865531381
1,4.5405831321414777e-07,0.89867446569396414,0.013372907042318872
1,4.6633015951726975e-07,0.89322430119550933,0.013428356308495209
1,4.7860200582033482e-07,0.88763962040285704,0.013481783313604863
1,4.9087385212339994e-07,0.88192126434836771,0.013533180011737388
1,5.0314569842652192e-07,0.87607009419540183,0.013582538662739093
1,5.1541754472958694e-07,0.87008699110871635,0.013629851833378687
1,5.2768939103265206e-07,0.86397285612160191,0.013675112398466716
1,5.3996123733577404e-07,0.85772861000026857,0.013718313541928552
1,5.5223308363883916e-07,0.85135519310527208,0.013759448757830892
1,5.6450492994190428e-07,0.84485356524972488,0.013798511851361536
1,5.7677677624502616e-07,0.83822470555483608,0.013835496939762279
1,5.8904862254809128e-07,0.83146961230255434,0.013870398453214852
1,6.013204688511564e-07,0.82458930278504594,0.013903211135679706
1,6.1359231515427838e-07,0.81758481315158349,0.013933930045687555
1,6.258641614573434e-07,0.81045719825260631,0.013962550557083547
1,6.3813600776040852e-07,0.80320753148066859,0.01398906835972394
1,6.504078540635305e-07,0.79583690460888534,0.014013479460125194
1,6.6267970036659562e-07,0.78834642762662033,0.014035780182065383
1,6.7495154666971749e-07,0.78073722857208583,0.014055967167137811
1,6.8722339297278262e-07,0.77301045336274088,0.014074037375256776
1,6.9949523927584774e-07,0.76516726562247583,0.014089988085115409
1,7.1176708557896972e-07,0.75720884650647757,0.014103816894595472
1,7.2403893188203484e-07,0.74913639452346559,0.014115521721129119
1,7.3631077818509986e-07,0.74095112535497887,0.014125100802012541
1,7.4858262448822184e-07,0.73265427167240782,0.014132552694671381
1,7.6085447079128696e-07,0.72424708295147566,0.014137876276878016
1,7.7312631709435208e-07,0.71573082528384147,0.014141070746920555
1,7.8539816339747395e-07,0.70710678118654458,0.01414213562372355
1,7.9767000970053908e-07,0.69837624940898424,0.014141070746920472
1,8.099418560036042e-07,0.68954054473709292,0.014137876276877862
1,8.2221370230672618e-07,0.68060099779545236,0.014132552694671143
1,8.344855486097913e-07,0.67155895484703254,0.01412510080201222
1,8.4675739491285632e-07,0.66241577759020109,0.014115521721128725
1,8.590292412159783e-07,0.65317284295377853,0.014103816894594993
1,8.7130108751904342e-07,0.64383154288980859,0.01408998808511485
1,8.8357293382210854e-07,0.63439328416367824,0.014074037375256143
1,8.9584478012523042e-07,0.62485948814239067,0.014055967167137097
1,9.0811662642829554e-07,0.61523159058064703,0.014035780182064589
1,9.2038847273141752e-07,0.60551104140431655,0.014013479460124323
1,9.3266031903448264e-07,0.59569930449244035,0.013989068359722984
1,9.4493216533754776e-07,0.58579785745646218,0.013962550557082514
1,9.5720401164066964e-07,0.57580819141783879,0.013933930045686445
1,9.6947585794373486e-07,0.56573181078362311,0.013903211135678512
1,9.8174770424679988e-07,0.55557023301962882,0.013870398453213584
1,9.9401955054992186e-07,0.54532498842204236,0.013835496939760935
1,1.0062913968529869e-06,0.53499761988711003,0.013798511851360109
1,1.0185632431560521e-06,0.52458968267849893,0.01375944875782939
1,1.0308350894591739e-06,0.51410274419322044,0.01371831354192697
1,1.0431069357622391e-06,0.50353838372573356,0.013675112398465056
1,1.0553787820653041e-06,0.49289819222981751,0.013629851833376956
1,1.0676506283684261e-06,0.48218377207912422,0.013582538662737278
1,1.0799224746714913e-06,0.47139673682601679,0.013533180011735497
1,1.0921943209745563e-06,0.46053871095827709,0.013481783313602903
1,1.1044661672776783e-06,0.44961132965461098,0.013428356308493171
1,1.1167380135807433e-06,0.43861623853855003,0.013372907042316756
1,1.1290098598838653e-06,0.42755509343027137,0.013315443865529193
1,1.1412817061869303e-06,0.41642956009764459,0.013255975431873524
1,1.1535535524899956e-06,0.40524131400501562,0.013194510697077128
1,1.1658253987931175e-06,0.39399204006104016,0.013131058917502981
1,1.1780972450961826e-06,0.38268343236510027,0.013065629648755683
1,1.1903690913992478e-06,0.37131719395186669,0.012998232744242451
1,1.2026409377023696e-06,0.35989503653498311,0.01292887835368919
1,1.2149127840054348e-06,0.34841868024944828,0.012857576921612013
1,1.2271846303084998e-06,0.33688985339225269,0.012784339185744328
1,1.2394564766116218e-06,0.32531029216226087,0.012709176175419765
1,1.2517283229146868e-06,0.31368174039890845,0.012632099209911206
1,1.264000169217752e-06,0.30200594931926417,0.012553119896726151
1,1.276272015520874e-06,0.29028467725446339,0.012472250129858654
1,1.288543861823939e-06,0.27851968938507338,0.012389502087998137
1,1.3008157081270042e-06,0.266712757474938,0.012304888232695342
1,1.313087554430126e-06,0.25486565960451874,0.012218421306485636
1,1.3253594007331912e-06,0.24298017990328749,0.01213011433097006
1,1.3376312470363132e-06,0.23105810828065898,0.012039980604854311
1,1.3499030933393782e-06,0.21910124015687715,0.011948033701945991
1,1.3621749396424433e-06,0.20711137619224551,0.011854287469110485
1,1.3744467859455652e-06,0.1950903220161192,0.011758756024185631
1,1.3867186322486305e-06,0.18303988795515155,0.011661453753855629
1,1.3989904785516955e-06,0.17096188876033158,0.011562395311484501
1,1.4112623248548175e-06,0.15885814333385551,0.011461595614909297
1,1.4235341711578825e-06,0.1467304744553756,0.011359069844193546
1,1.4358060174609477e-06,0.13458070850715992,0.011254833439341206
1,1.4480778637640697e-06,0.12241067519921343,0.01114890209797143
1,1.4603497100671347e-06,0.1102222072939002,0.011041291772954582
1,1.4726215563701997e-06,0.098017140329597685,0.010932018670009796
1,1.4848934026733217e-06,0.085797312344440338,0.010821099245264429
1,1.4971652489763869e-06,0.073564563599687841,0.010708550202775852
1,1.5094370952794519e-06,0.061320736302249004,0.010594388492015888
1,1.5217089415825739e-06,0.049067674327421693,0.010478631305318243
1,1.5339807878856389e-06,0.036807222941382528,0.010361296075289454
1,1.5462526341887609e-06,0.024541228522899187,0.010242400472183572
1,1.5585244804918261e-06,0.012271538285726845,0.01012196240124108
1,1.5707963267948912e-06,2.6946562445697887e-14,0.0099999999999924715
1,1.5830681730980131e-06,-0.012271538285729796,0.0098765316355267571
1,1.5953400194010782e-06,-0.024541228522902137,0.0097515759017254653
1,1.6076118657041434e-06,-0.036807222941328668,0.0096251516164624906
1,1.6198837120072654e-06,-0.049067674327424642,0.0094972778187701699
1,1.6321555583103304e-06,-0.061320736302195214,0.0093679737659720704
1,1.6444274046133954e-06,-0.073564563599634092,0.009237258930782935
1,1.6566992509165174e-06,-0.08579731234444328,0.0091051529983761301
1,1.6689710972195826e-06,-0.098017140329544061,0.008971675863419154
1,1.6812429435226476e-06,-0.11022220729384663,0.0088368476270775705
1,1.6935147898257696e-06,-0.12241067519921636,0.008700688593987824
1,1.7057866361288346e-06,-0.13458070850710652,0.0085632192691994704
1,1.7180584824318998e-06,-0.14673047445532231,0.0084244603550871749
1,1.7303303287350216e-06,-0.15885814333385842,0.0082844327482329994
1,1.7426021750380868e-06,-0.17096188876027846,0.008143157536279479
1,1.7548740213412088e-06,-0.18303988795515444,0.0080006559947538875
1,1.7671458676442738e-06,-0.19509032201612209,0.0078569495838642037
1,1.7794177139473391e-06,-0.2071113761921928,0.0077120599452673256
1,1.7916895602504608e-06,-0.21910124015688004,0.0075660088988098815
1,1.8039614065535261e-06,-0.23105810828066184,0.0074188184392422361
1,1.8162332528565911e-06,-0.2429801799032352,0.0072705107329062045
1,1.8285050991597131e-06,-0.25486565960452157,0.0071211081143968385
1,1.8407769454627781e-06,-0.2667127574748861,0.0069706330831989342
1,1.8530487917658433e-06,-0.27851968938502158,0.0068191083002987077
1,1.8653206380689653e-06,-0.29028467725446622,0.0066665565847711088
1,1.8775924843720303e-06,-0.30200594931921282,0.0065130009103433611
1,1.8898643306750955e-06,-0.31368174039885727,0.0063584644019352198
1,1.9021361769782173e-06,-0.32531029216226365,0.0062029703321764152
1,1.9144080232812825e-06,-0.33688985339220195,0.006046542117901902
1,1.9266798695843475e-06,-0.34841868024939776,0.0058892033166253665
1,1.9389517158874697e-06,-0.35989503653498583,0.0057309776229915342
1,1.9512235621905347e-06,-0.37131719395181667,0.0055718888652078729
1,1.9634954084935998e-06,-0.38268343236505048,0.0054119610014561337
1,1.9757672547967215e-06,-0.39399204006104288,0.0052512181162843261
1,1.988039101099787e-06,-0.40524131400496638,0.0050896844169797074
1,2.0003109474029087e-06,-0.41642956009764726,0.0049273842299232262
1,2.0125827937059738e-06,-0.42755509343027404,0.0047643419969260539
1,2.0248546400090388e-06,-0.43861623853850162,0.0046005822715487763
1,2.037126486312161e-06,-0.44961132965461365,0.004436129715403676
1,2.049398332615226e-06,-0.46053871095822924,0.0042710090944407999
1,2.061670178918291e-06,-0.47139673682596928,0.0041052452752183104
1,2.0739420252214132e-06,-0.48218377207912683,0.0039388632211576537
1,2.0862138715244782e-06,-0.49289819222977066,0.0037718879887841629
1,2.0984857178275432e-06,-0.50353838372568693,0.0036043447239536603
1,2.110757564130665e-06,-0.51410274419322288,0.0034362586580655497
1,2.1230294104337304e-06,-0.52458968267845307,0.003267655104263086
1,2.1353012567367954e-06,-0.53499761988706451,0.003098559453621304
1,2.1475731030399172e-06,-0.54532498842204491,0.0029289971713232
1,2.1598449493429826e-06,-0.55557023301958408,0.0027589937928247936
1,2.1721167956460477e-06,-0.5657318107835787,0.0025885749200095691
1,2.1843886419491694e-06,-0.57580819141784112,0.0024177662173329138
1,2.1966604882522344e-06,-0.58579785745641855,0.0022465934079571714
1,2.2089323345553566e-06,-0.59569930449244279,0.0020750822698778148
1,2.2212041808584217e-06,-0.60551104140431888,0.0019032586320413603
1,2.2334760271614867e-06,-0.6152315905806045,0.0017311483704556597
1,2.2457478734646089e-06,-0.624859488142393,0.0015587774042930336
1,2.2580197197676739e-06,-0.63439328416363661,0.0013861716919869502
1,2.2702915660707389e-06,-0.64383154288976729,0.0012133572273227979
1,2.2825634123738607e-06,-0.65317284295378075,0.0010403600355232904
1,2.2948352586769261e-06,-0.66241577759016068,0.00086720616932917409
1,2.3071071049799911e-06,-0.67155895484699257,0.00069392170507579529
1,2.3193789512831129e-06,-0.68060099779545458,0.00052053273876607521
1,2.3316507975861779e-06,-0.68954054473705384,0.00034706538214056531
1,2.3439226438892433e-06,-0.6983762494089456,0.00017354575874511537
1,2.3561944901923651e-06,-0.70710678118654668,-3.2540723587937138e-15
1,2.3684663364954301e-06,-0.71573082528380383,-0.00017354575875162202
1,2.3807381827984956e-06,-0.72424708295143847,-0.00034706538214706998
1,2.3930100291016173e-06,-0.73265427167240982,-0.00052053273877257728
1,2.4052818754046824e-06,-0.74095112535494267,-0.00069392170508229432
1,2.4175537217078045e-06,-0.74913639452346747,-0.00086720616933566726
1,2.4298255680108696e-06,-0.75720884650647957,-0.0010403600355297794
1,2.4420974143139346e-06,-0.76516726562244108,-0.0012133572273292823
1,2.4543692606170563e-06,-0.77301045336274277,-0.0013861716919934246
1,2.4666411069201218e-06,-0.7807372285720876,-0.001558777404299499
1,2.4789129532231868e-06,-0.78834642762658724,-0.0017311483704621168
1,2.4911847995263086e-06,-0.79583690460888712,-0.0019032586320478064
1,2.5034566458293736e-06,-0.80320753148063651,-0.002075082269884248
1,2.515728492132439e-06,-0.81045719825257478,-0.0022465934079635946
1,2.5280003384355608e-06,-0.81758481315158527,-0.0024177662173393236
1,2.5402721847386258e-06,-0.82458930278501541,-0.0025885749200159655
1,2.5525440310416908e-06,-0.83146961230252447,-0.002758993792831177
1,2.564815877344813e-06,-0.83822470555483775,-0.002928997171329566
1,2.577087723647878e-06,-0.84485356524969601,-0.0030985594536276518
1,2.589359569950943e-06,-0.85135519310524377,-0.0032676551042694164
1,2.6016314162540652e-06,-0.85772861000027012,-0.0034362586580718607
1,2.6139032625571303e-06,-0.86397285612157471,-0.0036043447239599521
1,2.626175108860252e-06,-0.87008699110871779,-0.0037718879887904343
1,2.6384469551633175e-06,-0.87607009419540316,-0.0039388632211639039
1,2.6507188014663825e-06,-0.88192126434834228,-0.0041052452752245406
1,2.6629906477695042e-06,-0.88763962040285838,-0.004271009094447005
1,2.6752624940725693e-06,-0.89322430119551066,-0.0044361297154098559
1,2.6875343403756347e-06,-0.89867446569394049,-0.0046005822715549319
1,2.6998061866787565e-06,-0.90398929312344611,-0.0047643419969321827
1,2.7120780329818215e-06,-0.90916798309051672,-0.0049273842299293246
1,2.7243498792848865e-06,-0.91420975570351704,-0.0050896844169857807
1,2.7366217255880087e-06,-0.91911385169005899,-0.005251218116290369
1,2.7488935718910737e-06,-0.9238795325112803,-0.0054119610014621445
1,2.7611654181941387e-06,-0.92850608047320193,-0.0055718888652138542
1,2.7734372644972609e-06,-0.93299279883473885,-0.0057309776229974817
1,2.7857091108003259e-06,-0.93733901191256797,-0.0058892033166312793
1,2.797980957103391e-06,-0.94154406518300726,-0.0060465421179077819
1,2.8102528034065131e-06,-0.94560732538052028,-0.0062029703321822595
1,2.8225246497095782e-06,-0.94952818059302935,-0.0063584644019410276
1,2.8347964960126999e-06,-0.95330604035419797,-0.0065130009103491343
1,2.8470683423157649e-06,-0.95694033573220694,-0.006666556584776843
1,2.8593401886188304e-06,-0.96043051941555846,-0.0068191083003044063
1,2.8716120349219522e-06,-0.96377606579544262,-0.0069706330832045946
1,2.8838838812250172e-06,-0.96697647104484963,-0.0071211081144024581
1,2.8961557275280822e-06,-0.97003125319453676,-0.0072705107329117851
1,2.9084275738312044e-06,-0.97293995220556173,-0.0074188184392477751
1,2.9206994201342694e-06,-0.97570213003852568,-0.0075660088988153762
1,2.9329712664373344e-06,-0.97831737071962077,-0.0077120599452727813
1,2.9452431127404566e-06,-0.98078528040323121,-0.0078569495838696143
1,2.9575149590435216e-06,-0.9831054874312134,-0.0080006559947592513
1,2.9697868053465866e-06,-0.985277642388935,-0.0081431575362847994
1,2.9820586516497084e-06,-0.98730141815785843,-0.0082844327482382712
1,2.9943304979527738e-06,-0.98917650996477813,-0.0084244603550923964
1,3.0066023442558389e-06,-0.99090263542777468,-0.0085632192692046468
1,3.0188741905589606e-06,-0.99247953459870963,-0.0087006885939929501
1,3.0311460368620261e-06,-0.99390697000235351,-0.0088368476270826463
1,3.0434178831650911e-06,-0.99518472667219271,-0.008971675863424183
1,3.0556897294682129e-06,-0.99631261218277756,-0.0091051529983811053
1,3.0679615757712779e-06,-0.99729045667868832,-0.0092372589307878564
1,3.0802334220744001e-06,-0.99811811290014985,-0.0093679737659769398
1,3.0925052683774651e-06,-0.99879545620517196,-0.0094972778187749837
1,3.1047771146805301e-06,-0.99932238458834843,-0.0096251516164672507
1,3.1170489609836523e-06,-0.99969881869620436,-0.0097515759017301716
1,3.1293208072867173e-06,-0.99992470183914439,-0.0098765316355314044
1,3.1415926535897823e-06,-1,-0.0099999999999970651
1,3.1538644998929041e-06,-0.9999247018391445,-0.010121962401245617
1,3.1661363461959695e-06,-0.99969881869620458,-0.010242400472188044
1,3.1784081924990345e-06,-0.99932238458835077,-0.010361296075293871
1,3.1906800388021563e-06,-0.99879545620517229,-0.010478631305322601
1,3.2029518851052213e-06,-0.9981181129001504,-0.010594388492020183
1,3.2152237314082868e-06,-0.99729045667869309,-0.010708550202780092
1,3.2274955777114085e-06,-0.99631261218277822,-0.010821099245268605
1,3.2397674240144735e-06,-0.99518472667219904,-0.010932018670013912
1,3.2520392703175386e-06,-0.99390697000236072,-0.01104129177295864
1,3.2643111166206608e-06,-0.99247953459871063,-0.011148902097975423
1,3.2765829629237258e-06,-0.99090263542778345,-0.011254833439345141
1,3.288854809226848e-06,-0.98917650996477924,-0.011359069844197418
1,3.301126655529913e-06,-0.98730141815785977,-0.011461595614913101
1,3.313398501832978e-06,-0.98527764238894611,-0.011562395311488241
1,3.3256703481360998e-06,-0.98310548743121484,-0.011661453753859304
1,3.3379421944391652e-06,-0.98078528040323276,-0.011758756024189234
1,3.3502140407422302e-06,-0.97831737071963421,-0.011854287469114027
1,3.362485887045352e-06,-0.97570213003852746,-0.011948033701949466
1,3.374757733348417e-06,-0.97293995220556362,-0.012039980604857711
1,3.3870295796514824e-06,-0.97003125319455252,-0.012130114330973397
1,3.3993014259546042e-06,-0.96697647104485163,-0.012218421306488902
1,3.4115732722576692e-06,-0.96377606579544473,-0.012304888232698539
1,3.4238451185607342e-06,-0.96043051941557644,-0.012389502088001266
1,3.4361169648638564e-06,-0.95694033573220927,-0.012472250129861709
1,3.4483888111669215e-06,-0.9533060403542003,-0.012553119896729137
1,3.4606606574699865e-06,-0.94952818059304966,-0.012632099209914123
1,3.4729325037731087e-06,-0.94560732538052283,-0.012709176175422608
1,3.4852043500761737e-06,-0.94154406518302902,-0.012784339185747095
1,3.4974761963792954e-06,-0.93733901191257063,-0.012857576921614709
1,3.5097480426823609e-06,-0.93299279883474173,-0.012928878353691806
1,3.5220198889854259e-06,-0.92850608047322591,-0.012998232744244994
1,3.5342917352885477e-06,-0.9238795325112833,-0.013065629648758155
1,3.5465635815916127e-06,-0.9191138516900621,-0.013131058917505377
1,3.5588354278946781e-06,-0.91420975570354324,-0.013194510697079454
1,3.5711072741977999e-06,-0.90916798309052005,-0.013255975431875774
1,3.5833791205008649e-06,-0.90398929312344944,-0.013315443865531365
1,3.5956509668039299e-06,-0.89867446569396892,-0.013372907042318858
1,3.6079228131070521e-06,-0.89322430119551421,-0.013428356308495197
1,3.6201946594101171e-06,-0.88763962040286204,-0.013481783313604851
1,3.6324665057131821e-06,-0.8819212643483727,-0.013533180011737376
1,3.6447383520163043e-06,-0.87607009419540693,-0.013582538662739081
1,3.6570101983193694e-06,-0.87008699110872167,-0.013629851833378677
1,3.6692820446224344e-06,-0.86397285612160724,-0.013675112398466705
1,3.6815538909255561e-06,-0.85772861000027412,-0.013718313541928536
1,3.6938257372286216e-06,-0.85135519310527774,-0.013759448757830877
1,3.7060975835317433e-06,-0.84485356524970023,-0.013798511851361522
1,3.7183694298348084e-06,-0.83822470555484196,-0.01383549693976226
1,3.7306412761378738e-06,-0.83146961230256033,-0.013870398453214833
1,3.7429131224409956e-06,-0.82458930278501985,-0.01390321113567969
1,3.7551849687440606e-06,-0.81758481315158971,-0.013933930045687538
1,3.7674568150471256e-06,-0.81045719825261264,-0.013962550557083529
1,3.7797286613502478e-06,-0.80320753148064117,-0.013989068359723923
1,3.7920005076533128e-06,-0.79583690460889178,-0.014013479460125178
1,3.8042723539563778e-06,-0.78834642762662699,-0.014035780182065367
1,3.8165442002594996e-06,-0.78073722857209249,-0.014055967167137796
1,3.828816046562565e-06,-0.77301045336274765,-0.014074037375256761
1,3.8410878928656305e-06,-0.76516726562248272,-0.014089988085115395
1,3.8533597391687518e-06,-0.75720884650648468,-0.014103816894595457
1,3.8656315854718173e-06,-0.74913639452347269,-0.01411552172112911
1,3.8779034317748819e-06,-0.74095112535498608,-0.014125100802012531
1,3.890175278078004e-06,-0.73265427167241515,-0.01413255269467137
1,3.9024471243810695e-06,-0.7242470829514831,-0.014137876276878006
1,3.9147189706841908e-06,-0.71573082528380927,-0.014141070746920543
1,3.9269908169872563e-06,-0.70710678118655224,-0.014142135623723533
1,3.9392626632903217e-06,-0.6983762494089919,-0.01414107074692046
1,3.9515345095934431e-06,-0.6895405447370595,-0.014137876276877849
1,3.9638063558965085e-06,-0.68060099779546024,-0.014132552694671131
1,3.9760782021995739e-06,-0.67155895484704053,-0.014125100802012212
1,3.9883500485026953e-06,-0.66241577759016657,-0.014115521721128716
1,4.0006218948057607e-06,-0.65317284295378664,-0.014103816894594983
1,4.0128937411088253e-06,-0.64383154288981681,-0.014089988085114842
1,4.0251655874119475e-06,-0.6343932841636426,-0.014074037375256129
1,4.0374374337150129e-06,-0.62485948814239911,-0.014055967167137083
1,4.0497092800180775e-06,-0.61523159058065546,-0.014035780182064576
1,4.0619811263211997e-06,-0.6055110414043251,-0.014013479460124309
1,4.0742529726242652e-06,-0.59569930449244901,-0.013989068359722974
1,4.0865248189273298e-06,-0.58579785745647095,-0.013962550557082506
1,4.098796665230452e-06,-0.57580819141784756,-0.013933930045686431
1,4.1110685115335174e-06,-0.56573181078363199,-0.013903211135678502
1,4.123340357836582e-06,-0.55557023301963782,-0.013870398453213573
1,4.1356122041397042e-06,-0.54532498842205146,-0.013835496939760921
1,4.1478840504427696e-06,-0.53499761988711925,-0.0137985118513601
1,4.160155896745891e-06,-0.52458968267845973,-0.013759448757829385
1,4.1724277430489564e-06,-0.51410274419322965,-0.013718313541926963
1,4.184699589352021e-06,-0.50353838372574289,-0.013675112398465056
1,4.1969714356551432e-06,-0.49289819222977743,-0.013629851833376954
1,4.2092432819582086e-06,-0.48218377207913365,-0.013582538662737276
1,4.2215151282612732e-06,-0.47139673682602629,-0.013533180011735497
1,4.2337869745643954e-06,-0.46053871095823617,-0.0134817833136029
1,4.2460588208674608e-06,-0.44961132965462064,-0.013428356308493166
1,4.2583306671705254e-06,-0.43861623853855974,-0.013372907042316756
1,4.2706025134736476e-06,-0.42755509343028109,-0.013315443865529186
1,4.2828743597767131e-06,-0.41642956009765442,-0.013255975431873518
1,4.2951462060797777e-06,-0.4052413140050255,-0.013194510697077125
1,4.3074180523828999e-06,-0.3939920400610501,-0.013131058917502969
1,4.3196898986859653e-06,-0.38268343236511027,-0.013065629648755673
1,4.3319617449890299e-06,-0.37131719395187673,-0.01299823274424244
1,4.3442335912921521e-06,-0.35989503653499316,-0.012928878353689175
1,4.3565054375952167e-06,-0.34841868024945838,-0.012857576921611999
1,4.3687772838983389e-06,-0.33688985339220928,-0.01278433918574432
1,4.3810491302014043e-06,-0.32531029216227109,-0.012709176175419752
1,4.3933209765044689e-06,-0.31368174039891866,-0.012632099209911193
1,4.4055928228075911e-06,-0.30200594931922026,-0.012553119896726139
1,4.4178646691106565e-06,-0.29028467725447371,-0.012472250129858635
1,4.4301365154137211e-06,-0.2785196893850837,-0.012389502087998123
1,4.4424083617168433e-06,-0.26671275747489365,-0.01230488823269533
1,4.4546802080199088e-06,-0.25486565960452917,-0.012218421306485623
1,4.4669520543229733e-06,-0.24298017990329795,-0.012130114330970051
1,4.4792239006260955e-06,-0.23105810828066944,-0.012039980604854297
1,4.491495746929161e-06,-0.21910124015688767,-0.011948033701945983
1,4.5037675932322256e-06,-0.20711137619225606,-0.011854287469110476
1,4.5160394395353478e-06,-0.19509032201612977,-0.011758756024185616
1,4.5283112858384124e-06,-0.18303988795516216,-0.011661453753855619
1,4.5405831321414778e-06,-0.17096188876034218,-0.011562395311484494
1,4.5528549784446e-06,-0.15885814333386614,-0.011461595614909288
1,4.5651268247476646e-06,-0.14673047445538628,-0.011359069844193537
1,4.5773986710507868e-06,-0.13458070850711426,-0.011254833439341199
1,4.5896705173538522e-06,-0.12241067519922413,-0.011148902097971421
1,4.6019423636569168e-06,-0.11022220729391091,-0.011041291772954575
1,4.614214209960039e-06,-0.098017140329551847,-0.010932018670009791
1,4.6264860562631044e-06,-0.085797312344451079,-0.010821099245264419
1,4.638757902566169e-06,-0.073564563599698596,-0.010708550202775844
1,4.6510297488692912e-06,-0.061320736302203027,-0.010594388492015881
1,4.6633015951723558e-06,-0.049067674327432462,-0.010478631305318233
1,4.6755734414754212e-06,-0.036807222941393304,-0.010361296075289446
1,4.6878452877785434e-06,-0.024541228522909964,-0.010242400472183562
1,4.700117134081608e-06,-0.012271538285737627,-0.010121962401241073
1,4.7123889803846735e-06,-3.7727168162014125e-14,-0.009999999999992468
1,4.7246608266877957e-06,0.012271538285719016,-0.0098765316355267502
1,4.7369326729908603e-06,0.024541228522891357,-0.0097515759017254601
1,4.7492045192939257e-06,0.036807222941317899,-0.0096251516164624889
1,4.7614763655970479e-06,0.049067674327413872,-0.0094972778187701629
1,4.7737482119001125e-06,0.061320736302184452,-0.0093679737659720669
1,4.7860200582032347e-06,0.073564563599680041,-0.009237258930782935
1,4.7982919045063001e-06,0.085797312344432539,-0.0091051529983761266
1,4.8105637508093647e-06,0.098017140329533334,-0.0089716758634191523
1,4.8228355971124869e-06,0.11022220729389241,-0.0088368476270775705
1,4.8351074434155515e-06,0.12241067519920566,-0.0087006885939878206
1,4.8473792897186169e-06,0.13458070850709583,-0.0085632192691994721
1,4.8596511360217391e-06,0.14673047445536785,-0.0084244603550871766
1,4.8719229823248037e-06,0.15885814333384776,-0.0082844327482330012
1,4.8841948286278692e-06,0.17096188876026785,-0.0081431575362794842
1,4.8964666749309913e-06,0.18303988795514384,-0.0080006559947538892
1,4.9087385212340559e-06,0.19509032201611151,-0.0078569495838642072
1,4.9210103675371214e-06,0.20711137619218226,-0.0077120599452673334
1,4.9332822138402436e-06,0.21910124015686952,-0.0075660088988098841
1,4.9455540601433082e-06,0.23105810828065135,-0.0074188184392422422
1,4.9578259064463736e-06,0.24298017990322476,-0.007270510732906214
1,4.9700977527494958e-06,0.25486565960451119,-0.0071211081143968437
1,4.9823695990525604e-06,0.26671275747487566,-0.0069706330831989403
1,4.9946414453556826e-06,0.27851968938506583,-0.0068191083002987164
1,5.0069132916587472e-06,0.29028467725445589,-0.0066665565847711106
1,5.0191851379618126e-06,0.30200594931920255,-0.0065130009103433655
1,5.0314569842649348e-06,0.31368174039890101,-0.0063584644019352259
1,5.0437288305679994e-06,0.32531029216225349,-0.0062029703321764178
1,5.0560006768710648e-06,0.3368898533921918,-0.0060465421179019055
1,5.068272523174187e-06,0.34841868024944095,-0.0058892033166253691
1,5.0805443694772516e-06,0.35989503653497579,-0.0057309776229915359
1,5.0928162157803171e-06,0.37131719395180668,-0.0055718888652078781
1,5.1050880620834392e-06,0.38268343236509306,-0.0054119610014561371
1,5.1173599083865038e-06,0.393992040061033,-0.0052512181162843305
1,5.1296317546895693e-06,0.4052413140049565,-0.0050896844169797143
1,5.1419036009926906e-06,0.41642956009763749,-0.0049273842299232288
1,5.1541754472957561e-06,0.42755509343026427,-0.0047643419969260591
1,5.1664472935988215e-06,0.43861623853849191,-0.0046005822715487841
1,5.1787191399019429e-06,0.44961132965460399,-0.0044361297154036803
1,5.1909909862050083e-06,0.46053871095821969,-0.0042710090944408068
1,5.2032628325080737e-06,0.47139673682595978,-0.004105245275218319
1,5.2155346788111951e-06,0.48218377207911739,-0.0039388632211576589
1,5.2278065251142605e-06,0.49289819222976128,-0.0037718879887841707
1,5.2400783714173827e-06,0.50353838372572679,-0.0036043447239536702
1,5.2523502177204473e-06,0.51410274419321367,-0.0034362586580655558
1,5.2646220640235127e-06,0.52458968267844386,-0.0032676551042630942
1,5.2768939103266349e-06,0.53499761988710348,-0.0030985594536213118
1,5.2891657566296995e-06,0.54532498842203581,-0.0029289971713232065
1,5.301437602932765e-06,0.55557023301957509,-0.0027589937928248027
1,5.3137094492358863e-06,0.56573181078361667,-0.0025885749200095769
1,5.3259812955389517e-06,0.57580819141783235,-0.0024177662173329203
1,5.3382531418420172e-06,0.58579785745640978,-0.0022465934079571805
1,5.3505249881451385e-06,0.59569930449243413,-0.0020750822698778204
1,5.362796834448204e-06,0.60551104140431034,-0.0019032586320413677
1,5.3750686807512694e-06,0.61523159058059607,-0.0017311483704556688
1,5.3873405270543908e-06,0.62485948814238457,-0.0015587774042930395
1,5.3996123733574562e-06,0.63439328416362828,-0.0013861716919869582
1,5.4118842196605216e-06,0.64383154288975908,-0.0012133572273228077
1,5.424156065963643e-06,0.65317284295377254,-0.0010403600355232967
1,5.4364279122667084e-06,0.66241577759015258,-0.00086720616932918222
1,5.4486997585698306e-06,0.67155895484702677,-0.00069392170507580537
1,5.4609716048728952e-06,0.68060099779544658,-0.00052053273876608182
1,5.4732434511759606e-06,0.68954054473704607,-0.00034706538214057377
1,5.485515297479082e-06,0.69837624940897858,-0.00017354575874512317
1,5.4977871437821474e-06,0.70710678118653902,3.2469339716900692e-15
1,5.5100589900852129e-06,0.71573082528379628,0.0001735457587516131
1,5.5223308363883342e-06,0.72424708295147022,0.0003470653821470618
1,5.5346026826913997e-06,0.73265427167240249,0.00052053273877256969
1,5.5468745289944651e-06,0.74095112535493546,0.0006939217050822851
1,5.5591463752975864e-06,0.74913639452346037,0.00086720616933566098
1,5.5714182216006519e-06,0.75720884650647247,0.0010403600355297713
1,5.5836900679037165e-06,0.76516726562243409,0.0012133572273292728
1,5.5959619142068387e-06,0.77301045336273588,0.0013861716919934203
1,5.6082337605099041e-06,0.78073722857208094,0.0015587774042994929
1,5.6205056068129687e-06,0.78834642762658058,0.001731148370462109
1,5.6327774531160909e-06,0.79583690460888057,0.0019032586320478009
1,5.6450492994191563e-06,0.80320753148063007,0.0020750822698842411
1,5.6573211457222777e-06,0.81045719825260176,0.0022465934079635868
1,5.6695929920253431e-06,0.81758481315157905,0.002417766217339318
1,5.6818648383284085e-06,0.8245893027850093,0.0025885749200159577
1,5.6941366846315299e-06,0.83146961230255001,0.0027589937928311692
1,5.7064085309345953e-06,0.83822470555483186,0.0029289971713295604
1,5.7186803772376608e-06,0.84485356524969024,0.0030985594536276453
1,5.7309522235407821e-06,0.85135519310526797,0.0032676551042694103
1,5.7432240698438476e-06,0.85772861000026457,0.003436258658071855
1,5.7554959161469121e-06,0.86397285612156927,0.0036043447239599447
1,5.7677677624500343e-06,0.87008699110871246,0.0037718879887904283
1,5.7800396087530998e-06,0.87607009419539805,0.0039388632211638961
1,5.7923114550561644e-06,0.88192126434833717,0.004105245275224532
1,5.8045833013592866e-06,0.88763962040285349,0.0042710090944469989
1,5.816855147662352e-06,0.89322430119550589,0.0044361297154098481
1,5.8291269939654166e-06,0.89867446569393583,0.0046005822715549224
1,5.8413988402685388e-06,0.90398929312344145,0.004764341996932174
1,5.8536706865716042e-06,0.90916798309051228,0.0049273842299293151
1,5.8659425328747256e-06,0.91420975570353569,0.0050896844169857694
1,5.878214379177791e-06,0.91911385169005477,0.0052512181162903604
1,5.8904862254808565e-06,0.92387953251127619,0.005411961001462135
1,5.9027580717839778e-06,0.92850608047321903,0.0055718888652138447
1,5.9150299180870432e-06,0.93299279883473496,0.0057309776229974739
1,5.9273017643901078e-06,0.93733901191256419,0.0058892033166312724
1,5.93957361069323e-06,0.9415440651830228,0.0060465421179077749
1,5.9518454569962955e-06,0.94560732538051673,0.0062029703321822543
1,5.9641173032993601e-06,0.94952818059302602,0.0063584644019410224
1,5.9763891496024822e-06,0.95330604035419464,0.0065130009103491282
1,5.9886609959055477e-06,0.95694033573220383,0.0066665565847768369
1,6.0009328422086123e-06,0.96043051941555546,0.0068191083003044011
1,6.0132046885117345e-06,0.96377606579543973,0.0069706330832045903
1,6.0254765348147999e-06,0.96697647104484685,0.0071211081144024529
1,6.0377483811178645e-06,0.9700312531945342,0.007270510732911779
1,6.0500202274209867e-06,0.97293995220555929,0.0074188184392477716
1,6.0622920737240521e-06,0.97570213003852335,0.007566008898815371
1,6.0745639200271735e-06,0.97831737071963032,0.0077120599452727761
1,6.0868357663302389e-06,0.9807852804032291,0.0078569495838696091
1,6.0991076126333035e-06,0.9831054874312114,0.0080006559947592443
1,6.1113794589364257e-06,0.98527764238894289,0.0081431575362847924
1,6.1236513052394911e-06,0.98730141815785677,0.008284432748238266
1,6.1359231515425557e-06,0.98917650996477657,0.0084244603550923912
1,6.1481949978456779e-06,0.9909026354277809,0.0085632192692046399
1,6.1604668441487434e-06,0.99247953459870841,0.0087006885939929432
1,6.172738690451808e-06,0.9939069700023524,0.0088368476270826377
1,6.1850105367549302e-06,0.99518472667219726,0.0089716758634241743
1,6.1972823830579956e-06,0.99631261218277656,0.0091051529983810966
1,6.2095542293610602e-06,0.99729045667868754,0.0092372589307878478
1,6.2218260756641824e-06,0.99811811290014918,0.0093679737659769311
1,6.234097921967247e-06,0.99879545620517141,0.0094972778187749751
1,6.2463697682703124e-06,0.99932238458834799,0.009625151616467242
1,6.2586416145734346e-06,0.99969881869620414,0.0097515759017301629
1,6.2709134608764992e-06,0.99992470183914428,0.0098765316355313958
1,6.2831853071795646e-06,1,0.0099999999999970564
10,0,1,0.0001980198019801455
10,1.2271846303065102e-09,0.99992470183914506,0.000222304967266551
10,2.4543692606187047e-09,0.99969881869620436,0.00024655665424258805
10,3.6815538909252153e-09,0.99932238458835043,0.00027077121069340288
10,4.9087385212374094e-09,0.99879545620517185,0.00029494498999586204
10,6.1359231515439208e-09,0.99811811290014973,0.00031907435166772074
10,7.3631077818504306e-09,0.99729045667869232,0.00034315566191586608
10,8.5902924121626256e-09,0.99631261218277722,0.00036718529418355259
10,9.8174770424691345e-09,0.99518472667219804,0.00039115962969654867
10,1.1044661672775647e-08,0.9939069700023595,0.00041507505800811062
10,1.2271846303087842e-08,0.9924795345987093,0.00043892797754270264
10,1.3499030933394351e-08,0.99090263542778201,0.00046271479613838062
10,1.4726215563700861e-08,0.98917650996478601,0.00048643193158775903
10,1.5953400194013054e-08,0.98730141815785799,0.00051007581217747753
10,1.7180584824319567e-08,0.98527764238894422,0.0005336428772260884
10,1.8407769454626079e-08,0.98310548743122328,0.00055712957762028186
10,1.9634954084938269e-08,0.98078528040323065,0.00058053237634936934
10,2.0862138715244781e-08,0.97831737071963198,0.00060384774903794443
10,2.2089323345551293e-08,0.97570213003853756,0.00062707218447664111
10,2.3316507975863487e-08,0.97293995220556106,0.00065020218515090839
10,2.4543692606169996e-08,0.97003125319454986,0.00067323426776772345
10,2.5770877236482189e-08,0.96697647104484885,0.00069616496378016297
10,2.6998061866788701e-08,0.96377606579544184,0.00071899081990975324
10,2.8225246497095213e-08,0.96043051941557345,0.00074170839866652112
10,2.9452431127407407e-08,0.95694033573220616,0.00076431427886666792
10,3.0679615757713919e-08,0.95330604035419708,0.00078680505614778587
10,3.1906800388020425e-08,0.94952818059304633,0.00080917734348154454
10,3.3133985018332621e-08,0.94560732538051928,0.00083142777168376315
10,3.4361169648639133e-08,0.94154406518302547,0.00085355298992179779
10,3.5588354278945646e-08,0.93733901191258673,0.000875549666219165
10,3.6815538909257836e-08,0.93299279883473785,0.00089741448795732431
10,3.8042723539564348e-08,0.92850608047322192,0.00091914416237454707
10,3.926990816987086e-08,0.92387953251130095,0.00094073541706179433
10,4.049709280018305e-08,0.91911385169005788,0.00096218500045552879
10,4.1724277430489562e-08,0.91420975570353891,0.00098348968232738919
10,4.2951462060796075e-08,0.90916798309053914,0.0010046462542706506
10,4.4178646691108271e-08,0.90398929312344489,0.0010256515301833979
10,4.5405831321414777e-08,0.89867446569396414,0.0010465023467483426
10,4.6633015951726973e-08,0.89322430119550933,0.0010671955639092053
10,4.7860200582033479e-08,0.88763962040285704,0.0010877280653435967
10,4.9087385212339991e-08,0.88192126434836771,0.0011080967589323259
10,5.0314569842652195e-08,0.87607009419540183,0.0011282985772250603
10,5.1541754472958694e-08,0.87008699110871635,0.0011483304779022726
10,5.2768939103265206e-08,0.86397285612160191,0.0011681894442334047
10,5.3996123733577402e-08,0.85772861000026857,0.0011878724855311734
10,5.5223308363883915e-08,0.85135519310527208,0.0012073766376019593
10,5.6450492994190427e-08,0.84485356524972488,0.0012266989631922029
10,5.7677677624502617e-08,0.83822470555483608,0.001245836552430743
10,5.8904862254809129e-08,0.83146961230255434,0.0012647865232670338
10,6.0132046885115635e-08,0.82458930278504594,0.0012835460219051715
10,6.1359231515427838e-08,0.81758481315158349,0.0013021122232336636
10,6.2586416145734337e-08,0.81045719825260631,0.0013204823312508815
10,6.3813600776040849e-08,0.80320753148066859,0.0013386535794861294
10,6.5040785406353052e-08,0.79583690460888534,0.0013566232314162611
10,6.6267970036659565e-08,0.78834642762662033,0.001374388580877794
10,6.7495154666971755e-08,0.78073722857208583,0.0013919469524744453
10,6.8722339297278267e-08,0.77301045336274088,0.0014092957019800367
10,6.9949523927584779e-08,0.76516726562247583,0.0014264322167367074
10,7.1176708557896969e-08,0.75720884650647757,0.0014433539160483681
10,7.2403893188203481e-08,0.74913639452346559,0.0014600582515693441
10,7.363107781850998e-08,0.74095112535497887,0.0014765427076881502
10,7.4858262448822184e-08,0.73265427167240782,0.0014928048019063295
10,7.6085447079128696e-08,0.72424708295147566,0.0015088420852123088
10,7.7312631709435208e-08,0.71573082528384147,0.0015246521424502129
10,7.8539816339747398e-08,0.70710678118654458,0.0015402325926835755
10,7.976700097005391e-08,0.69837624940898424,0.0015555810895539009
10,8.0994185600360423e-08,0.68954054473709292,0.0015706953216340165
10,8.2221370230672613e-08,0.68060099779545236,0.001585573012776165
10,8.3448554860979125e-08,0.67155895484703254,0.0016002119224547853
10,8.4675739491285637e-08,0.66241577759020109,0.001614609846103926
10,8.5902924121597827e-08,0.65317284295377853,0.0016287646154492449
10,8.7130108751904339e-08,0.64383154288980859,0.0016426740988345449
10,8.8357293382210852e-08,0.63439328416367824,0.0016563362015427905
10,8.9584478012523042e-08,0.62485948814239067,0.0016697488661115668
10,9.0811662642829554e-08,0.61523159058064703,0.0016829100726429257
10,9.2038847273141757e-08,0.60551104140431655,0.0016958178391075749
10,9.3266031903448269e-08,0.59569930449244035,0.001708470221643362
10,9.4493216533754781e-08,0.58579785745646218,0.0017208653148480173
10,9.5720401164066958e-08,0.57580819141783879,0.0017330012520660966
10,9.6947585794373484e-08,0.56573181078362311,0.0017448762056700936
10,9.8174770424679983e-08,0.55557023301962882,0.0017564883873356762
10,9.9401955054992186e-08,0.54532498842204236,0.0017678360483109987
10,1.0062913968529868e-07,0.53499761988711003,0.0017789174796800573
10,1.0185632431560521e-07,0.52458968267849893,0.0017897310126200486
10,1.0308350894591739e-07,0.51410274419322044,0.0018002750186526875
10,1.0431069357622391e-07,0.50353838372573356,0.0018105479098894494
10,1.0553787820653041e-07,0.49289819222981751,0.0018205481392707008
10,1.0676506283684261e-07,0.48218377207912422,0.0018302742007986798
10,1.0799224746714913e-07,0.47139673682601679,0.0018397246297642963
10,1.0921943209745564e-07,0.46053871095827709,0.0018488980029677097
10,1.1044661672776783e-07,0.44961132965461098,0.0018577929389326569
10,1.1167380135807433e-07,0.43861623853855003,0.0018664080981145004
10,1.1290098598838653e-07,0.42755509343027137,0.0018747421831019568
10,1.1412817061869303e-07,0.41642956009764459,0.0018827939388124809
10,1.1535535524899956e-07,0.40524131400501562,0.0018905621526812807
10,1.1658253987931176e-07,0.39399204006104016,0.0018980456548439216
10,1.1780972450961826e-07,0.38268343236510027,0.0019052433183125025
10,1.1903690913992478e-07,0.37131719395186669,0.0019121540591453821
10,1.2026409377023696e-07,0.35989503653498311,0.0019187768366104095
10,1.2149127840054347e-07,0.34841868024944828,0.0019251106533416588
10,1.2271846303084998e-07,0.33688985339225269,0.0019311545554896287
10,1.2394564766116219e-07,0.32531029216226087,0.0019369076328648869
10,1.2517283229146867e-07,0.31368174039890845,0.0019423690190751414
10,1.2640001692177521e-07,0.30200594931926417,0.0019475378916557185
10,1.2762720155208739e-07,0.29028467725446339,0.0019524134721934192
10,1.288543861823939e-07,0.27851968938507338,0.0019569950264437487
10,1.3008157081270041e-07,0.266712757474938,0.0019612818644414894
10,1.3130875544301259e-07,0.25486565960451874,0.0019652733406046066
10,1.3253594007331913e-07,0.24298017990328749,0.0019689688538314723
10,1.3376312470363133e-07,0.23105810828065898,0.0019723678475913877
10,1.3499030933393782e-07,0.21910124015687715,0.0019754698100083947
10,1.3621749396424433e-07,0.20711137619224551,0.0019782742739383637
10,1.3744467859455653e-07,0.1950903220161192,0.001980780817039343
10,1.3867186322486305e-07,0.18303988795515155,0.0019829890618351595
10,1.3989904785516956e-07,0.17096188876033158,0.0019848986757722712
10,1.4112623248548174e-07,0.15885814333385551,0.001986509371269843
10,1.4235341711578825e-07,0.1467304744553756,0.0019878209057630565
10,1.4358060174609476e-07,0.13458070850715992,0.0019888330817396426
10,1.4480778637640696e-07,0.12241067519921343,0.0019895457467696215
10,1.4603497100671348e-07,0.1102222072939002,0.0019899587935282609
10,1.4726215563701996e-07,0.098017140329597685,0.0019900721598122392
10,1.4848934026733216e-07,0.085797312344440338,0.0019898858285490105
10,1.497165248976387e-07,0.073564563599687841,0.001989399827799377
10,1.5094370952794519e-07,0.061320736302249004,0.0019886142307532655
10,1.5217089415825739e-07,0.049067674327421693,0.0019875291557187001
10,1.533980787885639e-07,0.036807222941382528,0.0019861447661039902
10,1.5462526341887608e-07,0.024541228522899187,0.0019844612703931197
10,1.5585244804918262e-07,0.012271538285726845,0.0019824789221143499
10,1.5707963267948911e-07,2.6946562445697887e-14,0.0019801980198020405
10,1.5830681730980131e-07,-0.012271538285729796,0.0019776189069516904
10,1.5953400194010782e-07,-0.024541228522902137,0.0019747419719682064
10,1.6076118657041433e-07,-0.036807222941328668,0.0019715676481074158
10,1.6198837120072654e-07,-0.049067674327424642,0.0019680964134108168
10,1.6321555583103305e-07,-0.061320736302195214,0.0019643287906335846
10,1.6444274046133953e-07,-0.073564563599634092,0.001960265347165853
10,1.6566992509165174e-07,-0.08579731234444328,0.0019559066949472602
10,1.6689710972195825e-07,-0.098017140329544061,0.0019512534903747989
10,1.6812429435226476e-07,-0.11022220729384663,0.0019463064342039619
10,1.6935147898257697e-07,-0.12241067519921636,0.0019410662714432112
10,1.7057866361288345e-07,-0.13458070850710652,0.0019355337912417836
10,1.7180584824318999e-07,-0.14673047445532231,0.0019297098267708486
10,1.7303303287350217e-07,-0.15885814333385842,0.0019235952550980321
10,1.7426021750380868e-07,-0.17096188876027846,0.0019171909970553372
10,1.7548740213412088e-07,-0.18303988795515444,0.0019104980171004691
10,1.7671458676442739e-07,-0.19509032201612209,0.0019035173231715889
10,1.7794177139473391e-07,-0.2071113761921928,0.0018962499665355259
10,1.7916895602504608e-07,-0.21910124015688004,0.0018886970416294594
10,1.803961406553526e-07,-0.23105810828066184,0.0018808596858960963
10,1.8162332528565911e-07,-0.2429801799032352,0.0018727390796123831
10,1.8285050991597131e-07,-0.25486565960452157,0.0018643364457117562
10,1.840776945462778e-07,-0.2667127574748861,0.0018556530495999729
10,1.8530487917658434e-07,-0.27851968938502158,0.0018466901989645484
10,1.8653206380689654e-07,-0.29028467725446622,0.0018374492435778206
10,1.8775924843720302e-07,-0.30200594931921282,0.0018279315750936791
10,1.8898643306750956e-07,-0.31368174039885727,0.0018181386268379897
10,1.9021361769782174e-07,-0.32531029216226365,0.0018080718735927377
10,1.9144080232812825e-07,-0.33688985339220195,0.001797732831373933
10,1.9266798695843476e-07,-0.34841868024939776,0.0017871230572033051
10,1.9389517158874697e-07,-0.35989503653498583,0.0017762441488738171
10,1.9512235621905348e-07,-0.37131719395181667,0.0017650977447090485
10,1.9634954084935997e-07,-0.38268343236505048,0.0017536855233164666
10,1.9757672547967214e-07,-0.39399204006104288,0.0017420092033346357
10,1.9880391010997871e-07,-0.40524131400496638,0.0017300705431743957
10,2.0003109474029088e-07,-0.41642956009764726,0.0017178713407540538
10,2.0125827937059737e-07,-0.42755509343027404,0.0017054134332286212
10,2.0248546400090388e-07,-0.43861623853850162,0.0016926986967131478
10,2.0371264863121609e-07,-0.44961132965461365,0.0016797290460001848
10,2.049398332615226e-07,-0.46053871095822924,0.0016665064342714232
10,2.0616701789182911e-07,-0.47139673682596928,0.0016530328528035528
10,2.0739420252214131e-07,-0.48218377207912683,0.001639310330668383
10,2.0862138715244783e-07,-0.49289819222977066,0.0016253409344272713
10,2.0984857178275431e-07,-0.50353838372568693,0.0016111267678199093
10,2.1107575641306649e-07,-0.51410274419322288,0.0015966699714475029
10,2.1230294104337305e-07,-0.52458968267845307,0.0015819727224504108
10,2.1353012567367954e-07,-0.53499761988706451,0.0015670372341802705
10,2.1475731030399172e-07,-0.54532498842204491,0.0015518657558666784
10,2.1598449493429825e-07,-0.55557023301958408,0.0015364605722784639
10,2.1721167956460477e-07,-0.5657318107835787,0.0015208240033796107
10,2.1843886419491694e-07,-0.57580819141784112,0.0015049584039798782
10,2.1966604882522346e-07,-0.58579785745641855,0.0014888661633801787
10,2.2089323345553566e-07,-0.59569930449244279,0.0014725497050127549
10,2.2212041808584217e-07,-0.60551104140431888,0.0014560114860762189
10,2.2334760271614866e-07,-0.6152315905806045,0.0014392539971655113
10,2.2457478734646089e-07,-0.624859488142393,0.001422279761896823
10,2.258019719767674e-07,-0.63439328416363661,0.0014050913365275487
10,2.2702915660707388e-07,-0.64383154288976729,0.0013876913095713255
10,2.2825634123738606e-07,-0.65317284295378075,0.0013700823014082112
10,2.294835258676926e-07,-0.66241577759016068,0.001352266963890063
10,2.3071071049799911e-07,-0.67155895484699257,0.0013342479799411822
10,2.3193789512831129e-07,-0.68060099779545458,0.0013160280631542719
10,2.331650797586178e-07,-0.68954054473705384,0.0012976099573817821
10,2.3439226438892434e-07,-0.6983762494089456,0.0012789964363226949
10,2.3561944901923652e-07,-0.70710678118654668,0.0012601903031048164
10,2.36846633649543e-07,-0.71573082528380383,0.0012411943898626345
10,2.3807381827984957e-07,-0.72424708295143847,0.0012220115573108113
10,2.3930100291016174e-07,-0.73265427167240982,0.0012026446943133684
10,2.4052818754046826e-07,-0.74095112535494267,0.001183096717448637
10,2.4175537217078043e-07,-0.74913639452346747,0.00116337057057003
10,2.4298255680108695e-07,-0.75720884650647957,0.0011434692243627077
10,2.4420974143139346e-07,-0.76516726562244108,0.001123395675896207
10,2.4543692606170563e-07,-0.77301045336274277,0.0011031529481730909
10,2.466641106920122e-07,-0.7807372285720876,0.0010827440896736945
10,2.4789129532231866e-07,-0.78834642762658724,0.0010621721738970395
10,2.4911847995263084e-07,-0.79583690460888712,0.0010414402988979722
10,2.5034566458293735e-07,-0.80320753148063651,0.0010205515868206086
10,2.5157284921324391e-07,-0.81045719825257478,0.00099950918342815395
10,2.5280003384355609e-07,-0.81758481315158527,0.0009783162576291588
10,2.540272184738626e-07,-0.82458930278501541,0.00095697600100029458
10,2.5525440310416906e-07,-0.83146961230252447,0.00093549162730571431
10,2.5648158773448129e-07,-0.83822470555483775,0.00091386637201307025
10,2.577087723647878e-07,-0.84485356524969601,0.00089210349180626563
10,2.5893595699509432e-07,-0.85135519310524377,0.00087020626409500985
10,2.6016314162540655e-07,-0.85772861000027012,0.00084817798652125117
10,2.61390326255713e-07,-0.86397285612157471,0.00082602197646256654
10,2.6261751088602518e-07,-0.87008699110871779,0.00080374157053257427
10,2.6384469551633175e-07,-0.87607009419540316,0.00078134012407845329
10,2.6507188014663826e-07,-0.88192126434834228,0.00075882101067564116
10,2.6629906477695044e-07,-0.88763962040285838,0.00073618762161978453
10,2.6752624940725695e-07,-0.89322430119551066,0.00071344336541602233
10,2.6875343403756346e-07,-0.89867446569394049,0.00069059166726567962
10,2.6998061866787564e-07,-0.90398929312344611,0.00066763596855044284
10,2.7120780329818215e-07,-0.90916798309051672,0.00064457972631409995
10,2.7243498792848866e-07,-0.91420975570351704,0.00062142641274192507
10,2.7366217255880089e-07,-0.91911385169005899,0.00059817951463777706
10,2.7488935718910735e-07,-0.9238795325112803,0.00057484253289900172
10,2.7611654181941386e-07,-0.92850608047320193,0.00055141898198920905
10,2.7734372644972609e-07,-0.93299279883473885,0.00052791238940900717
10,2.785709110800326e-07,-0.93733901191256797,0.0005043262951647746
10,2.7979809571033912e-07,-0.94154406518300726,0.00048066425123554832
10,2.8102528034065129e-07,-0.94560732538052028,0.00045692982103810774
10,2.8225246497095781e-07,-0.94952818059302935,0.00043312657889033886
10,2.8347964960126998e-07,-0.95330604035419797,0.00040925810947295405
10,2.8470683423157649e-07,-0.95694033573220694,0.00038532800728965195
10,2.8593401886188306e-07,-0.96043051941555846,0.00036133987612580002
10,2.8716120349219524e-07,-0.96377606579544262,0.00033729732850571614
10,2.883883881225017e-07,-0.96697647104484963,0.00031320398514863619
10,2.8961557275280821e-07,-0.97003125319453676,0.00028906347442344773
10,2.9084275738312044e-07,-0.97293995220556173,0.00026487943180227019
10,2.9206994201342695e-07,-0.97570213003852568,0.00024065549931296626
10,2.9329712664373346e-07,-0.97831737071962077,0.00021639532499066635
10,2.9452431127404564e-07,-0.98078528040323121,0.00019210256232838743
10,2.9575149590435215e-07,-0.9831054874312134,0.00016778086972683051
10,2.9697868053465866e-07,-0.985277642388935,0.00014343390994343936
10,2.9820586516497084e-07,-0.98730141815785843,0.00011906534954080209
10,2.9943304979527741e-07,-0.98917650996477813,9.4678858334480698e-05
10,3.0066023442558386e-07,-0.99090263542777468,7.0278108840350436e-05
10,3.0188741905589604e-07,-0.99247953459870963,4.5866775721531929e-05
10,3.0311460368620261e-07,-0.99390697000235351,2.144853523500104e-05
10,3.0434178831650912e-07,-0.99518472667219271,-2.9729353220422754e-06
10,3.055689729468213e-07,-0.99631261218277756,-2.7393958165961463e-05
10,3.0679615757712781e-07,-0.99729045667868832,-5.1810855580543737e-05
10,3.0802334220743998e-07,-0.99811811290014985,-7.6219950470850852e-05
10,3.092505268377465e-07,-0.99879545620517196,-0.00010061756691697612
10,3.1047771146805301e-07,-0.99932238458834843,-0.0001250000307276242
10,3.1170489609836524e-07,-0.99969881869620436,-0.00014936366999343092
10,3.1293208072867175e-07,-0.99992470183914439,-0.00017370481563993938
10,3.1415926535897821e-07,-1,-0.000198019801980149
10,3.1538644998929039e-07,-0.9999247018391445,-0.0002223049672665545
10,3.1661363461959695e-07,-0.99969881869620458,-0.00024655665424259157
10,3.1784081924990346e-07,-0.99932238458835077,-0.00027077121069340635
10,3.1906800388021564e-07,-0.99879545620517229,-0.00029494498999586556
10,3.2029518851052215e-07,-0.9981181129001504,-0.00031907435166772421
10,3.2152237314082867e-07,-0.99729045667869309,-0.00034315566191586954
10,3.2274955777114084e-07,-0.99631261218277822,-0.00036718529418355595
10,3.2397674240144735e-07,-0.99518472667219904,-0.00039115962969655204
10,3.2520392703175387e-07,-0.99390697000236072,-0.00041507505800811398
10,3.264311116620661e-07,-0.99247953459871063,-0.00043892797754270594
10,3.2765829629237256e-07,-0.99090263542778345,-0.00046271479613838393
10,3.2888548092268479e-07,-0.98917650996477924,-0.00048643193158776239
10,3.301126655529913e-07,-0.98730141815785977,-0.00051007581217748089
10,3.3133985018329781e-07,-0.98527764238894611,-0.00053364287722609187
10,3.3256703481360999e-07,-0.98310548743121484,-0.00055712957762028533
10,3.337942194439165e-07,-0.98078528040323276,-0.0005805323763493727
10,3.3502140407422301e-07,-0.97831737071963421,-0.0006038477490379479
10,3.3624858870453519e-07,-0.97570213003852746,-0.00062707218447664457
10,3.374757733348417e-07,-0.97293995220556362,-0.00065020218515091175
10,3.3870295796514827e-07,-0.97003125319455252,-0.00067323426776772692
10,3.3993014259546044e-07,-0.96697647104485163,-0.00069616496378016644
10,3.411573272257669e-07,-0.96377606579544473,-0.00071899081990975671
10,3.4238451185607341e-07,-0.96043051941557644,-0.00074170839866652459
10,3.4361169648638564e-07,-0.95694033573220927,-0.00076431427886667095
10,3.4483888111669216e-07,-0.9533060403542003,-0.00078680505614778891
10,3.4606606574699867e-07,-0.94952818059304966,-0.00080917734348154757
10,3.4729325037731084e-07,-0.94560732538052283,-0.00083142777168376618
10,3.4852043500761736e-07,-0.94154406518302902,-0.00085355298992180104
10,3.4974761963792953e-07,-0.93733901191257063,-0.00087554966621916825
10,3.509748042682361e-07,-0.93299279883474173,-0.00089741448795732735
10,3.5220198889854261e-07,-0.92850608047322591,-0.00091914416237455011
10,3.5342917352885479e-07,-0.9238795325112833,-0.00094073541706179769
10,3.5465635815916125e-07,-0.9191138516900621,-0.00096218500045553215
10,3.5588354278946781e-07,-0.91420975570354324,-0.00098348968232739244
10,3.5711072741977999e-07,-0.90916798309052005,-0.0010046462542706539
10,3.583379120500865e-07,-0.90398929312344944,-0.0010256515301834011
10,3.5956509668039301e-07,-0.89867446569396892,-0.0010465023467483461
10,3.6079228131070519e-07,-0.89322430119551421,-0.0010671955639092086
10,3.620194659410117e-07,-0.88763962040286204,-0.0010877280653435999
10,3.6324665057131821e-07,-0.8819212643483727,-0.0011080967589323293
10,3.6447383520163044e-07,-0.87607009419540693,-0.0011282985772250636
10,3.6570101983193696e-07,-0.87008699110872167,-0.0011483304779022758
10,3.6692820446224342e-07,-0.86397285612160724,-0.0011681894442334079
10,3.6815538909255559e-07,-0.85772861000027412,-0.0011878724855311767
10,3.6938257372286216e-07,-0.85135519310527774,-0.0012073766376019626
10,3.7060975835317433e-07,-0.84485356524970023,-0.0012266989631922064
10,3.7183694298348085e-07,-0.83822470555484196,-0.0012458365524307463
10,3.7306412761378736e-07,-0.83146961230256033,-0.0012647865232670373
10,3.7429131224409954e-07,-0.82458930278501985,-0.0012835460219051751
10,3.7551849687440605e-07,-0.81758481315158971,-0.0013021122232336666
10,3.7674568150471256e-07,-0.81045719825261264,-0.0013204823312508846
10,3.7797286613502479e-07,-0.80320753148064117,-0.0013386535794861325
10,3.792000507653313e-07,-0.79583690460889178,-0.0013566232314162641
10,3.8042723539563776e-07,-0.78834642762662699,-0.0013743885808777971
10,3.8165442002594994e-07,-0.78073722857209249,-0.0013919469524744483
10,3.828816046562565e-07,-0.77301045336274765,-0.0014092957019800397
10,3.8410878928656307e-07,-0.76516726562248272,-0.0014264322167367109
10,3.8533597391687519e-07,-0.75720884650648468,-0.0014433539160483711
10,3.8656315854718171e-07,-0.74913639452347269,-0.0014600582515693471
10,3.8779034317748816e-07,-0.74095112535498608,-0.0014765427076881535
10,3.8901752780780039e-07,-0.73265427167241515,-0.0014928048019063325
10,3.9024471243810696e-07,-0.7242470829514831,-0.0015088420852123123
10,3.9147189706841908e-07,-0.71573082528380927,-0.0015246521424502166
10,3.9269908169872565e-07,-0.70710678118655224,-0.001540232592683579
10,3.9392626632903216e-07,-0.6983762494089919,-0.0015555810895539041
10,3.9515345095934428e-07,-0.6895405447370595,-0.0015706953216340198
10,3.9638063558965085e-07,-0.68060099779546024,-0.0015855730127761678
10,3.9760782021995741e-07,-0.67155895484704053,-0.0016002119224547882
10,3.9883500485026954e-07,-0.66241577759016657,-0.001614609846103929
10,4.0006218948057605e-07,-0.65317284295378664,-0.0016287646154492484
10,4.0128937411088251e-07,-0.64383154288981681,-0.0016426740988345482
10,4.0251655874119474e-07,-0.6343932841636426,-0.0016563362015427935
10,4.037437433715013e-07,-0.62485948814239911,-0.0016697488661115698
10,4.0497092800180776e-07,-0.61523159058065546,-0.0016829100726429291
10,4.0619811263211999e-07,-0.6055110414043251,-0.001695817839107578
10,4.0742529726242651e-07,-0.59569930449244901,-0.001708470221643365
10,4.0865248189273297e-07,-0.58579785745647095,-0.0017208653148480207
10,4.098796665230452e-07,-0.57580819141784756,-0.0017330012520660998
10,4.1110685115335176e-07,-0.56573181078363199,-0.0017448762056700973
10,4.1233403578365822e-07,-0.55557023301963782,-0.0017564883873356807
10,4.135612204139704e-07,-0.54532498842205146,-0.0017678360483110026
10,4.1478840504427696e-07,-0.53499761988711925,-0.0017789174796800612
10,4.1601558967458909e-07,-0.52458968267845973,-0.0017897310126200531
10,4.1724277430489565e-07,-0.51410274419322965,-0.0018002750186526916
10,4.1846995893520211e-07,-0.50353838372574289,-0.0018105479098894537
10,4.1969714356551434e-07,-0.49289819222977743,-0.001820548139270705
10,4.2092432819582085e-07,-0.48218377207913365,-0.0018302742007986837
10,4.2215151282612731e-07,-0.47139673682602629,-0.0018397246297643002
10,4.2337869745643954e-07,-0.46053871095823617,-0.0018488980029677136
10,4.2460588208674611e-07,-0.44961132965462064,-0.0018577929389326606
10,4.2583306671705257e-07,-0.43861623853855974,-0.0018664080981145048
10,4.2706025134736474e-07,-0.42755509343028109,-0.0018747421831019611
10,4.2828743597767131e-07,-0.41642956009765442,-0.0018827939388124859
10,4.2951462060797777e-07,-0.4052413140050255,-0.0018905621526812862
10,4.3074180523829e-07,-0.3939920400610501,-0.0018980456548439262
10,4.3196898986859651e-07,-0.38268343236511027,-0.0019052433183125077
10,4.3319617449890297e-07,-0.37131719395187673,-0.0019121540591453873
10,4.344233591292152e-07,-0.35989503653499316,-0.0019187768366104147
10,4.3565054375952166e-07,-0.34841868024945838,-0.0019251106533416642
10,4.3687772838983389e-07,-0.33688985339220928,-0.0019311545554896348
10,4.3810491302014045e-07,-0.32531029216227109,-0.0019369076328648925
10,4.3933209765044691e-07,-0.31368174039891866,-0.0019423690190751473
10,4.4055928228075909e-07,-0.30200594931922026,-0.0019475378916557241
10,4.4178646691106565e-07,-0.29028467725447371,-0.0019524134721934242
10,4.4301365154137211e-07,-0.2785196893850837,-0.0019569950264437539
10,4.4424083617168434e-07,-0.26671275747489365,-0.0019612818644414946
10,4.4546802080199085e-07,-0.25486565960452917,-0.0019652733406046118
10,4.4669520543229731e-07,-0.24298017990329795,-0.0019689688538314775
10,4.4792239006260954e-07,-0.23105810828066944,-0.0019723678475913929
10,4.4914957469291611e-07,-0.21910124015688767,-0.0019754698100083999
10,4.5037675932322257e-07,-0.20711137619225606,-0.0019782742739383693
10,4.516039439535348e-07,-0.19509032201612977,-0.0019807808170393478
10,4.5283112858384126e-07,-0.18303988795516216,-0.0019829890618351647
10,4.5405831321414777e-07,-0.17096188876034218,-0.0019848986757722764
10,4.5528549784446e-07,-0.15885814333386614,-0.0019865093712698473
10,4.5651268247476646e-07,-0.14673047445538628,-0.0019878209057630613
10,4.5773986710507869e-07,-0.13458070850711426,-0.0019888330817396473
10,4.589670517353852e-07,-0.12241067519922413,-0.0019895457467696259
10,4.6019423636569166e-07,-0.11022220729391091,-0.0019899587935282661
10,4.6142142099600389e-07,-0.098017140329551847,-0.0019900721598122444
10,4.6264860562631045e-07,-0.085797312344451079,-0.0019898858285490148
10,4.6387579025661691e-07,-0.073564563599698596,-0.0019893998277993818
10,4.6510297488692914e-07,-0.061320736302203027,-0.0019886142307532699
10,4.663301595172356e-07,-0.049067674327432462,-0.0019875291557187045
10,4.6755734414754211e-07,-0.036807222941393304,-0.0019861447661039949
10,4.6878452877785434e-07,-0.024541228522909964,-0.0019844612703931244
10,4.700117134081608e-07,-0.012271538285737627,-0.0019824789221143551
10,4.7123889803846737e-07,-3.7727168162014125e-14,-0.0019801980198020457
10,4.7246608266877955e-07,0.012271538285719016,-0.0019776189069516952
10,4.73693267299086e-07,0.024541228522891357,-0.0019747419719682116
10,4.7492045192939257e-07,0.036807222941317899,-0.0019715676481074215
10,4.761476365597048e-07,0.049067674327413872,-0.001968096413410822
10,4.7737482119001121e-07,0.061320736302184452,-0.0019643287906335898
10,4.7860200582032349e-07,0.073564563599680041,-0.0019602653471658587
10,4.7982919045063005e-07,0.085797312344432539,-0.0019559066949472658
10,4.8105637508093651e-07,0.098017140329533334,-0.0019512534903748048
10,4.8228355971124869e-07,0.11022220729389241,-0.001946306434203968
10,4.8351074434155515e-07,0.12241067519920566,-0.0019410662714432171
10,4.8473792897186171e-07,0.13458070850709583,-0.0019355337912417901
10,4.8596511360217389e-07,0.14673047445536785,-0.0019297098267708551
10,4.8719229823248035e-07,0.15885814333384776,-0.0019235952550980386
10,4.8841948286278692e-07,0.17096188876026785,-0.0019171909970553439
10,4.8964666749309909e-07,0.18303988795514384,-0.0019104980171004754
10,4.9087385212340555e-07,0.19509032201611151,-0.0019035173231715951
10,4.9210103675371212e-07,0.20711137619218226,-0.0018962499665355326
10,4.933282213840244e-07,0.21910124015686952,-0.0018886970416294654
10,4.9455540601433086e-07,0.23105810828065135,-0.0018808596858961024
10,4.9578259064463732e-07,0.24298017990322476,-0.0018727390796123896
10,4.970097752749496e-07,0.25486565960451119,-0.0018643364457117623
10,4.9823695990525606e-07,0.26671275747487566,-0.0018556530495999794
10,4.9946414453556824e-07,0.27851968938506583,-0.0018466901989645553
10,5.006913291658747e-07,0.29028467725445589,-0.0018374492435778271
10,5.0191851379618126e-07,0.30200594931920255,-0.0018279315750936857
10,5.0314569842649344e-07,0.31368174039890101,-0.0018181386268379962
10,5.043728830567999e-07,0.32531029216225349,-0.0018080718735927438
10,5.0560006768710646e-07,0.3368898533921918,-0.0017977328313739398
10,5.0682725231741874e-07,0.34841868024944095,-0.0017871230572033118
10,5.080544369477252e-07,0.35989503653497579,-0.0017762441488738238
10,5.0928162157803166e-07,0.37131719395180668,-0.0017650977447090553
10,5.1050880620834395e-07,0.38268343236509306,-0.0017536855233164731
10,5.1173599083865041e-07,0.393992040061033,-0.0017420092033346418
10,5.1296317546895697e-07,0.4052413140049565,-0.0017300705431744024
10,5.1419036009926904e-07,0.41642956009763749,-0.0017178713407540599
10,5.1541754472957561e-07,0.42755509343026427,-0.0017054134332286273
10,5.1664472935988217e-07,0.43861623853849191,-0.0016926986967131547
10,5.1787191399019424e-07,0.44961132965460399,-0.0016797290460001913
10,5.1909909862050081e-07,0.46053871095821969,-0.0016665064342714295
10,5.2032628325080737e-07,0.47139673682595978,-0.0016530328528035593
10,5.2155346788111955e-07,0.48218377207911739,-0.0016393103306683891
10,5.2278065251142601e-07,0.49289819222976128,-0.0016253409344272776
10,5.2400783714173829e-07,0.50353838372572679,-0.0016111267678199158
10,5.2523502177204475e-07,0.51410274419321367,-0.0015966699714475092
10,5.2646220640235132e-07,0.52458968267844386,-0.001581972722450417
10,5.2768939103266349e-07,0.53499761988710348,-0.0015670372341802768
10,5.2891657566296995e-07,0.54532498842203581,-0.0015518657558666847
10,5.3014376029327652e-07,0.55557023301957509,-0.00153646057227847
10,5.3137094492358859e-07,0.56573181078361667,-0.0015208240033796167
10,5.3259812955389515e-07,0.57580819141783235,-0.0015049584039798841
10,5.3382531418420172e-07,0.58579785745640978,-0.001488866163380185
10,5.350524988145139e-07,0.59569930449243413,-0.0014725497050127609
10,5.3627968344482035e-07,0.60551104140431034,-0.001456011486076225
10,5.3750686807512692e-07,0.61523159058059607,-0.0014392539971655174
10,5.387340527054391e-07,0.62485948814238457,-0.0014222797618968289
10,5.3996123733574566e-07,0.63439328416362828,-0.0014050913365275548
10,5.4118842196605212e-07,0.64383154288975908,-0.0013876913095713318
10,5.424156065963643e-07,0.65317284295377254,-0.0013700823014082166
10,5.4364279122667086e-07,0.66241577759015258,-0.0013522669638900686
10,5.4486997585698304e-07,0.67155895484702677,-0.0013342479799411877
10,5.460971604872895e-07,0.68060099779544658,-0.0013160280631542771
10,5.4732434511759606e-07,0.68954054473704607,-0.0012976099573817873
10,5.4855152974790824e-07,0.69837624940897858,-0.0012789964363227008
10,5.497787143782147e-07,0.70710678118653902,-0.0012601903031048221
10,5.5100589900852127e-07,0.71573082528379628,-0.0012411943898626402
10,5.5223308363883344e-07,0.72424708295147022,-0.0012220115573108169
10,5.5346026826914001e-07,0.73265427167240249,-0.001202644694313374
10,5.5468745289944647e-07,0.74095112535493546,-0.0011830967174486428
10,5.5591463752975864e-07,0.74913639452346037,-0.0011633705705700356
10,5.5714182216006521e-07,0.75720884650647247,-0.0011434692243627133
10,5.5836900679037167e-07,0.76516726562243409,-0.001123395675896213
10,5.5959619142068384e-07,0.77301045336273588,-0.0011031529481730963
10,5.6082337605099041e-07,0.78073722857208094,-0.0010827440896737002
10,5.6205056068129687e-07,0.78834642762658058,-0.0010621721738970453
10,5.6327774531160905e-07,0.79583690460888057,-0.0010414402988979776
10,5.6450492994191561e-07,0.80320753148063007,-0.0010205515868206142
10,5.6573211457222779e-07,0.81045719825260176,-0.0009995091834281598
10,5.6695929920253435e-07,0.81758481315157905,-0.00097831625762916422
10,5.6818648383284081e-07,0.8245893027850093,-0.00095697600100030011
10,5.6941366846315299e-07,0.83146961230255001,-0.00093549162730571984
10,5.7064085309345955e-07,0.83822470555483186,-0.00091386637201307545
10,5.7186803772376612e-07,0.84485356524969024,-0.00089210349180627094
10,5.7309522235407819e-07,0.85135519310526797,-0.00087020626409501517
10,5.7432240698438476e-07,0.85772861000026457,-0.00084817798652125648
10,5.7554959161469121e-07,0.86397285612156927,-0.00082602197646257196
10,5.7677677624500339e-07,0.87008699110871246,-0.00080374157053257947
10,5.7800396087530996e-07,0.87607009419539805,-0.0007813401240784585
10,5.7923114550561642e-07,0.88192126434833717,-0.00075882101067564647
10,5.804583301359287e-07,0.88763962040285349,-0.00073618762161978973
10,5.8168551476623516e-07,0.89322430119550589,-0.00071344336541602786
10,5.8291269939654162e-07,0.89867446569393583,-0.00069059166726568536
10,5.841398840268539e-07,0.90398929312344145,-0.00066763596855044826
10,5.8536706865716047e-07,0.90916798309051228,-0.00064457972631410548
10,5.8659425328747254e-07,0.91420975570353569,-0.0006214264127419306
10,5.878214379177791e-07,0.91911385169005477,-0.00059817951463778259
10,5.8904862254808567e-07,0.92387953251127619,-0.00057484253289900736
10,5.9027580717839774e-07,0.92850608047321903,-0.0005514189819892148
10,5.915029918087043e-07,0.93299279883473496,-0.0005279123894090127
10,5.9273017643901076e-07,0.93733901191256419,-0.00050432629516478024
10,5.9395736106932304e-07,0.9415440651830228,-0.00048066425123555385
10,5.951845456996295e-07,0.94560732538051673,-0.00045692982103811327
10,5.9641173032993596e-07,0.94952818059302602,-0.0004331265788903445
10,5.9763891496024825e-07,0.95330604035419464,-0.00040925810947295952
10,5.9886609959055481e-07,0.95694033573220383,-0.00038532800728965748
10,6.0009328422086127e-07,0.96043051941555546,-0.00036133987612580555
10,6.0132046885117345e-07,0.96377606579543973,-0.00033729732850572161
10,6.0254765348148001e-07,0.96697647104484685,-0.00031320398514864166
10,6.0377483811178647e-07,0.9700312531945342,-0.00028906347442345326
10,6.0500202274209865e-07,0.97293995220555929,-0.00026487943180227561
10,6.0622920737240521e-07,0.97570213003852335,-0.00024065549931297163
10,6.0745639200271739e-07,0.97831737071963032,-0.0002163953249906718
10,6.0868357663302385e-07,0.9807852804032291,-0.00019210256232839274
10,6.0991076126333031e-07,0.9831054874312114,-0.00016778086972683588
10,6.1113794589364259e-07,0.98527764238894289,-0.00014343390994344475
10,6.1236513052394916e-07,0.98730141815785677,-0.0001190653495408074
10,6.1359231515425562e-07,0.98917650996477657,-9.4678858334486037e-05
10,6.1481949978456779e-07,0.9909026354277809,-7.0278108840355748e-05
10,6.1604668441487436e-07,0.99247953459870841,-4.5866775721537221e-05
10,6.1727386904518082e-07,0.9939069700023524,-2.1448535235006356e-05
10,6.1850105367549299e-07,0.99518472667219726,2.9729353220370085e-06
10,6.1972823830579956e-07,0.99631261218277656,2.7393958165956205e-05
10,6.2095542293610602e-07,0.99729045667868754,5.1810855580538465e-05
10,6.221826075664182e-07,0.99811811290014918,7.6219950470845621e-05
10,6.2340979219672465e-07,0.99879545620517141,0.00010061756691697089
10,6.2463697682703122e-07,0.99932238458834799,0.00012500003072761894
10,6.258641614573435e-07,0.99969881869620414,0.00014936366999342566
10,6.2709134608764996e-07,0.99992470183914428,0.00017370481563993415
10,6.2831853071795642e-07,1,0.0001980198019801438
