x_omega_tau,frequency_Hz,chi_real,chi_loss,loss_per_cycle_J_per_m3,power_W_per_m3,tau_scan_s,tau_scan_fixed_frequency_power_W_per_m3
0.001,159.15494309189535,0.019999980000020002,1.9999980000020004e-05,7.8956756251958626e-11,1.2566358048001127e-08,1.0000000000000001e-09,1.2566358048001127e-05
0.0010115794542598982,160.99787047566466,0.019999979534161095,2.0231568382375816e-05,7.9871030539054662e-11,1.2859065829484579e-08,1.0115794542598982e-09,1.2711869320134279e-05
0.0010232929922807535,162.86213795277862,0.019999979057450969,2.0465838415251404e-05,8.0795891558059566e-11,1.3158591636946438e-08,1.0232929922807534e-09,1.2859065522981917e-05
0.0010351421666793441,164.74799262987227,0.019999978569636857,2.0702821150114345e-05,8.1731461895253747e-11,1.346509428194795e-08,1.035142166679344e-09,1.300796616675652e-05
0.0010471285480508996,166.65568447493993,0.019999978070460122,2.0942547997970736e-05,8.2677865556318829e-11,1.3778736275215375e-08,1.0471285480508995e-09,1.3158590987575297e-05
0.0010592537251772887,168.58546635046955,0.019999977559656091,2.1185050733527894e-05,8.3635227982771295e-11,1.4099683912803339e-08,1.0592537251772886e-09,1.3310959950075659e-05
0.001071519305237606,170.53759404695842,0.019999977036953935,2.1430361499404955e-05,8.4603676068585228e-11,1.4428107364264758e-08,1.0715193052376059e-09,1.346509325006083e-05
0.0010839269140212038,172.51232631681845,0.019999976502076508,2.1678512810392381e-05,8.5583338177008267e-11,1.4764180762874675e-08,1.0839269140212038e-09,1.3621011317176185e-05
0.0010964781961431851,174.5099249086727,0.019999975954740217,2.192953755776063e-05,8.6574344157571475e-11,1.5108082297955385e-08,1.0964781961431852e-09,1.3778734817616451e-05
0.0011091748152624009,176.53065460205096,0.019999975394654854,2.2183469013618861e-05,8.7576825363296839e-11,1.545999430935229e-08,1.1091748152624008e-09,1.3938284656864365e-05
0.001122018454301963,178.57478324248532,0.019999974821523464,2.2440340835323935e-05,8.8590914668103336e-11,1.5820103384110067e-08,1.122018454301963e-09,1.4099681982460943e-05
0.0011350108156723154,180.64258177701308,0.01999997423504216,2.2700187069940491e-05,8.9616746484414562e-11,1.6188600455400708e-08,1.1350108156723152e-09,1.4262948186807809e-05
0.0011481536214968829,182.73432429008994,0.019999973634899984,2.296304215875259e-05,9.0654456780970005e-11,1.6565680903755718e-08,1.1481536214968828e-09,1.4428104910001969e-05
0.0011614486138403425,184.85028803992046,0.019999973020778744,2.3228940941827721e-05,9.1704183100843057e-11,1.6951544660656445e-08,1.1614486138403425e-09,1.4595174042703428e-05
0.0011748975549395291,186.99075349520774,0.019999972392352815,2.3497918662633407e-05,9.2766064579666572e-11,1.7346396314536956e-08,1.1748975549395291e-09,1.4764177729035922e-05
0.001188502227437019,189.15600437232962,0.019999971749289011,2.3770010972707441e-05,9.3840241964070266e-11,1.7750445219256146e-08,1.1885022274370189e-09,1.4935138369521292e-05
0.001202264434617413,191.34632767294411,0.01999997109124637,2.4045253936381923e-05,9.4926857630330487e-11,1.8163905605096133e-08,1.202264434617413e-09,1.51080786240477e-05
0.0012161860006463679,193.56201372203248,0.01999997041787599,2.4323684035562263e-05,9.6026055603236901e-11,1.8586996692346396e-08,1.2161860006463679e-09,1.528302141487235e-05
0.001230268770812381,195.80335620638056,0.01999996972882085,2.4605338174561263e-05,9.7137981575176722e-11,1.901994280753316e-08,1.2302687708123809e-09,1.5459989929658827e-05
0.0012445146117713857,198.07065221350712,0.019999969023715598,2.4890253684989157e-05,9.8262782925439829e-11,1.9462973502356138e-08,1.2445146117713857e-09,1.563900762454964e-05
0.0012589254117941675,200.36420227104165,0.01999996830218639,2.5178468330700296e-05,9.9400608739747456e-11,1.991632367539543e-08,1.2589254117941675e-09,1.582009822727426e-05
0.0012735030810166615,202.68431038656016,0.019999967563850658,2.5470020312797107e-05,1.0055160983000706e-10,2.0380233696653444e-08,1.2735030810166615e-09,1.6003285740293239e-05
0.0012882495516931337,205.03128408788038,0.019999966808316935,2.5764948274691845e-05,1.0171593875429532e-10,2.0854949534997366e-08,1.2882495516931337e-09,1.6188594443978584e-05
0.0013031667784522999,207.40543446382441,0.019999966035184634,2.6063291307226982e-05,1.0289374983707256e-10,2.1340722888570096e-08,1.3031667784522999e-09,1.6376048899830996e-05
0.0013182567385564075,209.8070762054526,0.019999965244043825,2.6365088953854718e-05,1.0408519918963077e-10,2.1837811318238576e-08,1.3182567385564074e-09,1.6565673953734276e-05
0.0013335214321633241,212.23652764777663,0.019999964434475048,2.667038121587671e-05,1.0529044473077909e-10,2.2346478384150694e-08,1.3335214321633239e-09,1.6757494739247497e-05
0.0013489628825916532,214.69411081195366,0.019999963606049054,2.6979208557744083e-05,1.0650964620776747e-10,2.2866993785472409e-08,1.3489628825916531e-09,1.695153668093514e-05
0.0013645831365889239,217.18015144797025,0.019999962758326613,2.7291611912418996e-05,1.077429652174533e-10,2.3399633503379898e-08,1.3645831365889239e-09,1.7147825497735839e-05
0.0013803842646028853,219.69497907782002,0.019999961890858259,2.7607632686798109e-05,1.0899056522771241e-10,2.3944679947382056e-08,1.3803842646028853e-09,1.7346387206370075e-05
0.0013963683610559376,222.23892703918094,0.019999961003184043,2.7927312767198766e-05,1.1025261159909757e-10,2.4502422105051e-08,1.3963683610559376e-09,1.7547248124787216e-05
0.001412537544622754,224.81233252960001,0.019999960094833322,2.8250694524908927e-05,1.1152927160674886e-10,2.5073155695240503e-08,1.4125375446227538e-09,1.7750434875652651e-05
0.0014288939585111022,227.41553665118755,0.019999959165324481,2.8577820821800894e-05,1.1282071446255567e-10,2.5657183324872494e-08,1.4288939585111021e-09,1.795597438987502e-05
0.001445439770745928,230.04888445583043,0.019999958214164688,2.8908735016010348e-05,1.141271113375767e-10,2.6254814649375879e-08,1.4454397707459278e-09,1.816389391017442e-05
0.0014621771744567182,232.71272499092734,0.019999957240849627,2.9243480967680689e-05,1.1544863538471768e-10,2.6866366536861649e-08,1.4621771744567181e-09,1.8374220994691714e-05
0.0014791083881682072,235.40741134565607,0.01999995624486325,2.9582103044774352e-05,1.1678546176167352e-10,2.7492163236122668e-08,1.4791083881682072e-09,1.858698352063987e-05
0.0014962356560944327,238.13330069777416,0.01999995522567747,2.9924646128950806e-05,1.1813776765413378e-10,2.8132536548545619e-08,1.4962356560944327e-09,1.8802209687997218e-05
0.0015135612484362087,240.89075436096289,0.019999954182751908,3.0271155621512955e-05,1.1950573229925805e-10,2.8787826004027559e-08,1.5135612484362087e-09,1.9019928023243693e-05
0.0015310874616820303,243.68013783271803,0.019999953115533601,3.0621677449421955e-05,1.2088953700942148e-10,2.9458379040989294e-08,1.5310874616820302e-09,1.9240167383140052e-05
0.0015488166189124811,246.50182084279771,0.01999995202345671,3.0976258071382057e-05,1.2228936519623683e-10,3.014455119058223e-08,1.5488166189124811e-09,1.9462956958551075e-05
0.0015667510701081486,249.35617740222852,0.019999950905942199,3.1334944483995376e-05,1.2370540239485257e-10,3.0846706265184923e-08,1.5667510701081485e-09,1.9688326278312774e-05
0.0015848931924611141,252.24358585288095,0.019999949762397561,3.1697784227988164e-05,1.2513783628853312e-10,3.1565216551290369e-08,1.584893192461114e-09,1.9916305213144408e-05
0.0016032453906900418,255.16442891761713,0.019999948592216484,3.2064825394508875e-05,1.2658685673352264e-10,3.2300463006885521e-08,1.6032453906900417e-09,2.0146923979605701e-05
0.0016218100973589297,258.11909375102175,0.01999994739477853,3.2436116631499244e-05,1.2805265578419705e-10,3.3052835463428476e-08,1.6218100973589296e-09,2.0380213144099939e-05
0.0016405897731995387,261.10797199071811,0.01999994616944881,3.2811707150139011e-05,1.2953542771850684e-10,3.3822732832529578e-08,1.6405897731995386e-09,2.0616203626923276e-05
0.0016595869074375613,264.13145980927965,0.019999944915577651,3.3191646731365084e-05,1.3103536906371362e-10,3.4610563317446397e-08,1.6595869074375613e-09,2.0854926706360843e-05
0.0016788040181225606,267.18995796674142,0.019999943632500239,3.3575985732466128e-05,1.3255267862242446e-10,3.541674462950458e-08,1.6788040181225605e-09,2.1096414022830257e-05
0.0016982436524617442,270.2838718637214,0.01999994231953629,3.3964775093753519e-05,1.3408755749892798e-10,3.6241704209559623e-08,1.6982436524617441e-09,2.1340697583073126e-05
0.0017179083871575877,273.4136115951556,0.019999940975989658,3.4358066345309345e-05,1.356402091258341e-10,3.7085879454616483e-08,1.7179083871575876e-09,2.1587809764394903e-05
0.0017378008287493763,276.57959200465558,0.019999939601147994,3.4755911613812455e-05,1.3721083929102244e-10,3.7949717949727352e-08,1.7378008287493762e-09,2.1837783318953875e-05
0.0017579236139586931,279.78223273949482,0.019999938194282349,3.5158363629443326e-05,1.3879965616490154e-10,3.8833677705290337e-08,1.7579236139586931e-09,2.2090651378099544e-05
0.0017782794100389228,283.02195830623401,0.019999936754646796,3.5565475732869076e-05,1.4040687032798456e-10,3.973822739987565e-08,1.7782794100389226e-09,2.2346447456761506e-05
0.0017988709151287874,286.29919812698785,0.019999935281478039,3.5977301882308923e-05,1.4203269479878264e-10,4.0663846628706668e-08,1.7988709151287873e-09,2.2605205457888791e-05
0.0018197008586099824,289.61438659634484,0.019999933773995001,3.6393896660681484e-05,1.4367734506202131e-10,4.1611026157928674e-08,1.8197008586099823e-09,2.2866959676940611e-05
0.0018407720014689563,292.96796313894606,0.019999932231398402,3.6815315282834731e-05,1.4534103909718317e-10,4.258026818479968e-08,1.8407720014689562e-09,2.313174480642912e-05
0.0018620871366628676,296.36037226772908,0.019999930652870361,3.724161360285929e-05,1.4702399740737973e-10,4.3572086603940694e-08,1.8620871366628674e-09,2.3399595940514487e-05
0.0018836490894898002,299.79206364284966,0.01999992903757394,3.7672848121486772e-05,1.4872644304855872e-10,4.4587007279788171e-08,1.8836490894898e-09,2.3670548579653371e-05
0.0019054607179632482,303.26349213128282,0.019999927384652696,3.8109075993573153e-05,1.5044860165904733e-10,4.5625568325391004e-08,1.9054607179632481e-09,2.3944638635300909e-05
0.0019275249131909366,306.77511786711403,0.019999925693230256,3.8550355035668828e-05,1.5219070148943773e-10,4.6688320387701026e-08,1.9275249131909366e-09,2.4221902434667098e-05
0.0019498445997580456,310.3274063125312,0.019999923962409825,3.8996743733676327e-05,1.5395297343281827e-10,4.7775826939508518e-08,1.9498445997580453e-09,2.4502376725528265e-05
0.0019724227361148533,313.92082831952001,0.019999922191273715,3.9448301250596272e-05,1.557356510553535e-10,4.8888664578176306e-08,1.9724227361148533e-09,2.4786098681094057e-05
0.0019952623149688789,317.5558601922753,0.019999920378882867,3.9905087434363086e-05,1.5753897062721822e-10,5.0027423331331874e-08,1.9952623149688786e-09,2.5073105904930681e-05
0.0020183663636815616,321.23298375033471,0.019999918524276357,4.0367162825771171e-05,1.5936317115388874e-10,5.119270696967895e-08,2.0183663636815615e-09,2.5363436435941139e-05
0.0020417379446695297,324.95268639244239,0.019999916626470864,4.0834588666492575e-05,1.6120849440779549e-10,5.2385133327094169e-08,2.0417379446695296e-09,2.5657128753402822e-05
0.0020653801558105289,328.71546116115468,0.01999991468446018,4.1307426907187663e-05,1.6307518496034253e-10,5.3605334628179588e-08,2.0653801558105288e-09,2.595422178206362e-05
0.0020892961308540386,332.52180680819168,0.019999912697214645,4.1785740215709129e-05,1.6496349021429575e-10,5.4853957823443072e-08,2.0892961308540385e-09,2.6254754897296667e-05
0.0021134890398366475,336.37222786054616,0.01999991066368062,4.226959198540108e-05,1.6687366043654636e-10,5.6131664932285379e-08,2.1134890398366473e-09,2.6558767930314802e-05
0.0021379620895022322,340.26723468735747,0.019999908582779936,4.275904634349383e-05,1.688059487912522e-10,5.7439133393975063e-08,2.137962089502232e-09,2.6866301173445141e-05
0.0021627185237270202,344.20734356756185,0.019999906453409294,4.3254168159595857e-05,1.7076061137336256e-10,5.8777056426797914e-08,2.16271852372702e-09,2.717739538546477e-05
0.0021877616239495521,348.19307675832351,0.019999904274439709,4.3755023054283807e-05,1.7273790724253031e-10,6.0146143395570531e-08,2.1877616239495518e-09,2.7492091796998002e-05
0.0022130947096056387,352.22496256426007,0.019999902044715891,4.4261677407791734e-05,1.7473809845741548e-10,6.1547120187713156e-08,2.2130947096056387e-09,2.7810432115975966e-05
0.0022387211385683399,356.30353540746728,0.019999899763055651,4.4774198368800615e-05,1.7676145011038499e-10,6.2980729598080815e-08,2.2387211385683398e-09,2.8132458533159221e-05
0.0022646443075930596,360.42933589835815,0.019999897428249255,4.5292653863329745e-05,1.7880823036261445e-10,6.4447731722757768e-08,2.2646443075930596e-09,2.8458213727724417e-05
0.0022908676527677724,364.60291090731869,0.019999895039058795,4.5817112603730436e-05,1.8087871047959383e-10,6.594890436202204e-08,2.2908676527677724e-09,2.8787740872915169e-05
0.0023173946499684796,368.82481363719614,0.019999892594217531,4.6347644097783927e-05,1.8297316486704457e-10,6.7485043432695686e-08,2.3173946499684797e-09,2.9121083641758465e-05
0.0023442288153199225,373.09560369662353,0.019999890092429216,4.6884318657904006e-05,1.850918711072501e-10,6.9056963390097099e-08,2.3442288153199225e-09,2.9458286212846814e-05
0.0023713737056616554,377.41584717419778,0.019999887532367415,4.7427207410446455e-05,1.8723510999580805e-10,7.0665497659821997e-08,2.3713737056616553e-09,2.9799393276187597e-05
0.0023988329190194899,381.78611671351211,0.019999884912674789,4.7976382305125521e-05,1.8940316557880498e-10,7.2311499079578297e-08,2.3988329190194897e-09,3.0144450039119538e-05
0.0024266100950824142,386.20699158906041,0.019999882231962401,4.8531916124539368e-05,1.9159632519042133e-10,7.3995840351311929e-08,2.4266100950824139e-09,3.0493502232297774e-05
0.0024547089156850312,390.67905778301929,0.019999879488808939,4.9093882493805489e-05,1.9381487949097055e-10,7.5719414503861808e-08,2.4547089156850312e-09,3.0846596115747966e-05
0.0024831331052955702,395.20290806291786,0.019999876681760002,4.9662355890307181e-05,1.9605912250537669e-10,7.7483135366388727e-08,2.4831331052955702e-09,3.1203778484990162e-05
0.0025118864315095794,399.7791420602112,0.019999873809327315,5.0237411653553076e-05,1.9832935166209808e-10,7.9287938052831498e-08,2.5118864315095795e-09,3.1565096677233724e-05
0.0025409727055493063,404.40836634975921,0.019999870869987925,5.0819125995149978e-05,2.0062586783249872e-10,8.1134779457643508e-08,2.5409727055493064e-09,3.1930598577643453e-05
0.0025703957827688645,409.09119453022646,0.019999867862183423,5.1407576008890817e-05,2.0294897537067379e-10,8.3024638763074447e-08,2.5703957827688646e-09,3.2300332625678058e-05
0.0026001595631652721,413.82824730541637,0.019999864784319095,5.2002839680959645e-05,2.0529898215373743e-10,8.4958517958267122e-08,2.6001595631652719e-09,3.2674347821502122e-05
0.0026302679918953813,418.62015256654325,0.019999861634763073,5.2604995900253743e-05,2.0767619962257277e-10,8.6937442370441305e-08,2.6302679918953812e-09,3.3052693732471664e-05
0.0026607250597988083,423.46754547545919,0.019999858411845487,5.3214124468825291e-05,2.1008094282305399e-10,8.8962461208448963e-08,2.6607250597988083e-09,3.343542049969488e-05
0.0026915348039269166,428.37106854884411,0.019999855113857594,5.3830306112443442e-05,2.1251353044774364e-10,9.1034648118987259e-08,2.6915348039269163e-09,3.3822578844668401e-05
0.0027227013080779127,433.33137174336923,0.019999851739050813,5.4453622491277968e-05,2.1497428487807019e-10,9.3155101755763994e-08,2.7227013080779126e-09,3.4214220075990161e-05
0.002754228703338166,438.34911254185056,0.019999848285635866,5.5084156210706916e-05,2.1746353222699466e-10,9.5324946361919223e-08,2.7542287033381659e-09,3.4610396096149887e-05
0.0027861211686297693,443.4249560403959,0.019999844751781785,5.572199083224823e-05,2.1998160238216719e-10,9.7545332366008341e-08,2.786121168629769e-09,3.5011159408397758e-05
0.0028183829312644548,448.5595750365635,0.019999841135614961,5.6367210884617919e-05,2.2252882904958278e-10,9.9817436991864934e-08,2.8183829312644547e-09,3.5416563123692453e-05
0.00285101826750391,453.75365011853887,0.019999837435218146,5.7019901874915478e-05,2.2510554979773965e-10,1.0214246488266489e-07,2.85101826750391e-09,3.5826660967729068e-05
0.0028840315031266055,459.00786975534834,0.01999983364862943,5.7680150299938805e-05,2.2771210610230867e-10,1.0452164873952456e-07,2.8840315031266055e-09,3.6241507288048564e-05
0.0029174270140011659,464.32293038811372,0.01999982977384122,5.8348043657629199e-05,2.3034884339131645e-10,1.0695624997496874e-07,2.9174270140011657e-09,3.6661157061228884e-05
0.0029512092266663868,469.69953652236529,0.019999825808799152,5.9023670458648581e-05,2.3301611109085036e-10,1.0944755938161639e-07,2.9512092266663867e-09,3.7085665900159051e-05
0.0029853826189179603,475.1384008214215,0.019999821751401015,5.9707120238089954e-05,2.3571426267128963e-10,1.1199689781643705e-07,2.98538261891796e-09,3.7515090061397165e-05
0.0030199517204020161,480.64024420085434,0.01999981759949564,6.0398483567323377e-05,2.3844365569407123e-10,1.1460561690094283e-07,3.0199517204020159e-09,3.7949486452613385e-05
0.0030549211132155124,486.20579592404448,0.019999813350881752,6.109785206597816e-05,2.4120465185899381e-10,1.1727509973768414e-07,3.0549211132155122e-09,3.8388912640118581e-05
0.0030902954325135921,491.8357936988449,0.019999809003306803,6.1805318414063246e-05,2.4399761705206709e-10,1.2000676164343024e-07,3.0902954325135919e-09,3.8833426856479802e-05
0.0031260793671239557,497.53098377536139,0.019999804554465778,6.2520976364227184e-05,2.468229213939121e-10,1.2280205089942179e-07,3.1260793671239558e-09,3.928308800822344e-05
0.0031622776601683794,503.29212104487044,0.019999800001999978,6.3244920754160057e-05,2.4968093928872229e-10,1.2566244951909656e-07,3.1622776601683791e-09,3.9737955683627554e-05
0.0031988951096913972,509.11996913987667,0.019999795343495781,6.397724751913743e-05,2.5257204947378478e-10,1.2858947403368871e-07,3.1988951096913972e-09,4.0198090160603589e-05
0.0032359365692962811,515.0153005353327,0.019999790576483323,6.4718053704709529e-05,2.554966350695754e-10,1.315846762961236e-07,3.2359365692962812e-09,4.0663552414669028e-05
0.0032734069487883829,520.97889665102991,0.019999785698435236,6.5467437479536431e-05,2.5845508363043006e-10,1.3464964430363112e-07,3.2734069487883827e-09,4.1134404127012138e-05
0.0033113112148259109,527.01154795517277,0.019999780706765273,6.6225498148370749e-05,2.61447787195798e-10,1.377860030395121e-07,3.3113112148259107e-09,4.1610707692649175e-05
0.003349654391578276,533.11405406915787,0.019999775598826961,6.6992336165190775e-05,2.6447514234208985e-10,1.4099541533450911e-07,3.3496543915782757e-09,4.2092526228676224e-05
0.0033884415613920273,539.28722387356117,0.019999770371912185,6.776805314648414e-05,2.6753755023511894e-10,1.4427958274823069e-07,3.3884415613920274e-09,4.257992358261545e-05
0.0034276778654645048,545.53187561535265,0.019999765023249749,6.8552751884684373e-05,2.7063541668314706e-10,1.4764024647109972e-07,3.4276778654645047e-09,4.3072964340857646e-05
0.0034673685045253167,551.84883701635704,0.019999759550003923,6.9346536361763024e-05,2.737691521905438e-10,1.5107918824730566e-07,3.4673685045253167e-09,4.3571713837202436e-05
0.0035075187395256792,558.23894538296599,0.019999753949272923,7.014951176297749e-05,2.769391720120609e-10,1.5459823131924469e-07,3.507518739525679e-09,4.4076238161496163e-05
0.0035481338923357532,564.70304771712199,0.01999974821808739,7.0961784490777475e-05,2.8014589620773273e-10,1.5819924139395121e-07,3.5481338923357529e-09,4.4586604168369708e-05
0.0035892193464500534,571.24200082858806,0.019999742353408793,7.1783462178871347e-05,2.8338974969840805e-10,1.6188412763203137e-07,3.589219346450053e-09,4.51028794860766e-05
0.003630780547701014,577.8566714485155,0.019999736352127848,7.2614653706454615e-05,2.8667116232192162e-10,1.6565484365962272e-07,3.6307805477010139e-09,4.5625132525432927e-05
0.003672823004980846,584.54793634433065,0.019999730211062834,7.3455469212602007e-05,2.8999056888991225e-10,1.6951338860391665e-07,3.672823004980846e-09,4.6153432488860341e-05
0.0037153522909717279,591.31668243594834,0.019999723926957948,7.4306020110825294e-05,2.9334840924529424e-10,1.7346180815279025e-07,3.7153522909717276e-09,4.6687849379532829e-05
0.003758374042884443,598.16380691333018,0.019999717496481544,7.5166419103798071e-05,2.9674512832038904e-10,1.7750219563910858e-07,3.7583740428844432e-09,4.7228454010628696e-05
0.0038018939632056127,605.09021735540978,0.019999710916224385,7.6036780198250882e-05,3.0018117619572841e-10,1.8163669315027587e-07,3.8018939632056126e-09,4.7775318014689366e-05
0.0038459178204535353,612.09683185038864,0.019999704182697826,7.6917218720036679e-05,3.0365700815953067e-10,1.8586749266361634e-07,3.845917820453535e-09,4.8328513853085295e-05
0.0038904514499428049,619.18457911742883,0.019999697292331978,7.7807851329370127e-05,3.0717308476786311e-10,1.901968372081916e-07,3.890451449942805e-09,4.8888114825591205e-05
0.0039355007545577728,626.35439862975352,0.01999969024147381,7.8708796036241894e-05,3.1072987190549503e-10,1.9462702205366667e-07,3.9355007545577728e-09,4.9454195080070991e-05
0.0039810717055349734,633.60724073917345,0.0199996830263852,7.9620172216010197e-05,3.1432784084745071e-10,1.9916039592685529e-07,3.9810717055349731e-09,5.0026829622274353e-05
0.0040271703432545906,640.94406680205304,0.019999675643240979,8.0542100625171257e-05,3.1796746832126883e-10,2.0379936225658701e-07,4.0271703432545902e-09,5.0606094325745575e-05
0.0040738027780411259,648.36584930674064,0.019999668088126879,8.1474703417311757e-05,3.2164923656998009e-10,2.085463804475599e-07,4.0738027780411256e-09,5.1192065941846758e-05
0.0041209751909733038,655.87357200246879,0.019999660357037475,8.2418104159243726e-05,3.2537363341580519e-10,2.13403967183846e-07,4.1209751909733036e-09,5.1784822109895694e-05
0.0041686938347033553,663.46823002974747,0.019999652445874049,8.337242784732502e-05,3.2914115232458558e-10,2.1837469776274428e-07,4.1686938347033551e-09,5.2384441367420272e-05
0.004216965034285822,671.15083005227257,0.019999644350442436,8.4337800923967734e-05,3.3295229247095603e-10,2.2346120745968918e-07,4.2169650342858219e-09,5.2991003160531103e-05
0.0042657951880159251,678.92239039035564,0.01999963606645078,8.5314351294335476e-05,3.368075588042628e-10,2.2866619292493036e-07,4.2657951880159248e-09,5.360458785441264e-05
0.0043151907682776498,686.78394115590152,0.019999627589507275,8.6302208343232777e-05,3.4070746211524037e-10,2.339924136127298e-07,4.3151907682776497e-09,5.4225276743935172e-05
0.004365158322401661,694.73652438894976,0.019999618915117829,8.7301502952188276e-05,3.4465251910345316e-10,2.3944269324382913e-07,4.3651583224016604e-09,5.4853152064388443e-05
0.0044157044735331254,702.7811941957923,0.019999610038683689,8.8312367516733562e-05,3.4864325244550975e-10,2.450199213019604e-07,4.4157044735331252e-09,5.5488297002338408e-05
0.0044668359215096305,710.91901688869916,0.019999600955498992,8.9334935963881224e-05,3.5268019086406324e-10,2.5072705456519859e-07,4.4668359215096301e-09,5.613079570660877e-05
0.0045185594437492258,719.15107112725434,0.019999591660748283,9.0369343769802421e-05,3.5676386919759964e-10,2.5656711867295746e-07,4.5185594437492261e-09,5.6780733299388363e-05
0.0045708818961487522,727.47844806132935,0.019999582149503963,9.1415727977707417e-05,3.6089482847102746e-10,2.6254320972946272e-07,4.5708818961487517e-09,5.7438195887465707e-05
0.0046238102139926031,735.90225147571721,0.01999957241672367,9.247422721593164e-05,3.6507361596707845e-10,2.6865849594455436e-07,4.6238102139926026e-09,5.810327057359281e-05
0.0046773514128719811,744.42359793643652,0.019999562457247603,9.3544981716228503e-05,3.6930078529852492e-10,2.7491621931267938e-07,4.6773514128719807e-09,5.8776045467978985e-05
0.0047315125896148025,753.04361693873034,0.019999552265795809,9.4628133332272119e-05,3.7357689648122538e-10,2.8131969733096758e-07,4.7315125896148019e-09,5.9456609699916288e-05
0.0047863009232263854,761.76345105678161,0.019999541836965354,9.5723825558371994e-05,3.7790251600800725e-10,2.8787232475730024e-07,4.7863009232263852e-09,6.0145053429538464e-05
0.0048417236758409943,770.58425609515587,0.019999531165227499,9.6832203548401804e-05,3.822782169233948e-10,2.9457757540929683e-07,4.8417236758409942e-09,6.0841467859714121e-05
0.004897788193684461,779.50720124200734,0.019999520244924719,9.7953414134945645e-05,3.8670457889919523e-10,3.0143900400518068e-07,4.8977881936844609e-09,6.1545945248076773e-05
0.0049545019080479051,788.53346922405126,0.019999509070267759,9.9087605848662995e-05,3.9118218831094876e-10,3.0846024804748853e-07,4.9545019080479053e-09,6.2258578919192138e-05
0.0050118723362727246,797.66425646333005,0.019999497635332531,0.00010023492893787488,3.9571163831525156e-10,3.1564502975062135e-07,5.0118723362727246e-09,6.2979463276864538e-05
0.0050699070827470447,806.90077323580306,0.019999485934056975,0.00010139553538837534,4.0029352892796837e-10,3.22997158013266e-07,5.0699070827470442e-09,6.3708693816584759e-05
0.0051286138399136479,816.24424383176358,0.019999473960237876,0.0001025695789434686,4.04928467103336e-10,3.3052053043671763e-07,5.1286138399136476e-09,6.4446367138119845e-05
0.0051880003892896091,825.69590671811864,0.019999461707527547,0.00010375721512423554,4.0961706681397212e-10,3.382191353901789e-07,5.1880003892896092e-09,6.5192580958246823e-05
0.0052480746024977229,835.25701470254637,0.019999449169430469,0.00010495860125003223,4.1435994913180042e-10,3.4609705412412661e-07,5.248074602497723e-09,6.5947434123632344e-05
0.005308844442309885,844.9288350995547,0.019999436339299865,0.00010617389645922245,4.1915774230989906e-10,3.5415846293286234e-07,5.3088444423098845e-09,6.6711026623859305e-05
0.005370317963702527,854.71264989845906,0.019999423210334173,0.00010740326173014688,4.2401108186528387e-10,3.6240763536738924e-07,5.3703179637025263e-09,6.7483459604602211e-05
0.0054325033149243305,864.60975593331466,0.019999409775573424,0.00010864685990233269,4.2892061066264062e-10,3.7084894449979401e-07,5.4325033149243303e-09,6.8264835380953562e-05
0.0054954087385762481,874.62146505480723,0.019999396027895584,0.00010990485569794451,4.3388697899900954e-10,3.794868652403181e-07,5.495408738576248e-09,6.9055257450901752e-05
0.0055590425727040371,884.74910430413456,0.01999938196001276,0.00011117741574348004,4.3891084468943672e-10,3.8832597670835025e-07,5.5590425727040372e-09,6.9854830508963019e-05
0.005623413251903491,894.99401608891026,0.019999367564467335,0.00011246470859171445,4.439928731536068e-10,3.9737096465860064e-07,5.623413251903491e-09,7.06636604599694e-05
0.0056885293084384132,905.35755836109445,0.019999352833628033,0.00011376690474389388,4.4913373750345951e-10,4.0662662396372483e-07,5.6885293084384129e-09,7.1481854433013371e-05
0.0057543993733715666,915.84110479698995,0.019999337759685872,0.00011508417667218269,4.5433411863180777e-10,4.1609786115472152e-07,5.754399373371566e-09,7.2309520795551787e-05
0.0058210321777087161,926.44604497932244,0.019999322334650016,0.00011641669884236633,4.5959470530196521e-10,4.2578969702044289e-07,5.8210321777087158e-09,7.3146769167670684e-05
0.0058884365535558899,937.173784581424,0.019999306550343553,0.00011776464773681272,4.6491619423839386e-10,4.35707269267588e-07,5.8884365535558895e-09,7.3993710436512131e-05
0.0059566214352901031,948.02574555356034,0.019999290398399146,0.00011912820187769592,4.7029929021838763e-10,4.458558352425972e-07,5.9566214352901025e-09,7.4850456770866238e-05
0.0060255958607435805,959.00336631140476,0.019999273870254637,0.00012050754185048361,4.757447061647972e-10,4.5624077471687063e-07,6.0255958607435805e-09,7.5717121635928753e-05
0.0060953689724016933,970.10810192669612,0.019999256957148465,0.00012190285032769144,4.8125316323980826e-10,4.6686759273678885e-07,6.0953689724016932e-09,7.6593819808226299e-05
0.0061659500186148223,981.34142432011311,0.019999239650115054,0.00012331431209290921,4.8682539093979329e-10,4.7774192254005267e-07,6.1659500186148222e-09,7.7480667390712502e-05
0.0062373483548241911,992.70482245637118,0.019999221939980057,0.00012474211406509849,4.9246212719123466e-10,4.8886952853986152e-07,6.237348354824191e-09,7.8377781828034684e-05
0.0063095734448019294,1004.1998025415852,0.019999203817355496,0.00012618644532316764,4.9816411844774276e-10,5.0025630937852612e-07,6.3095734448019288e-09,7.9285281921974695e-05
0.0063826348619054887,1015.8278882229154,0.019999185272634775,0.00012764749713082554,5.0393211978817473e-10,5.1190830105211874e-07,6.3826348619054883e-09,8.0203287847065131e-05
0.0064565422903465558,1027.5906207905218,0.019999166295987626,0.00012912546296171764,5.0976689501586771e-10,5.2383168010781227e-07,6.4565422903465558e-09,8.11319211663826e-05
0.0065313055264747226,1039.489559381866,0.019999146877354861,0.00013062053852484748,5.156692167589987e-10,5.3603276691560354e-07,6.5313055264747225e-09,8.2071304847520688e-05
0.0066069344800759643,1051.5262811883713,0.01999912700644307,0.00013213292179028714,5.2163986657208549e-10,5.4851802901614327e-07,6.6069344800759643e-09,8.302156327874414e-05
0.006683439175686149,1063.702381664473,0.019999106672719164,0.00013366281301517753,5.2767963503863203e-10,5.6129408454643277e-07,6.6834391756861488e-09,8.3982822285325588e-05
0.0067608297539198184,1076.0194747391015,0.019999085865404782,0.00013521041477002594,5.3378932187494625e-10,5.7436770574522087e-07,6.7608297539198183e-09,8.4955209146068481e-05
0.006839116472814293,1088.4791930296028,0.019999064573470612,0.00013677593196529962,5.3996973603512783e-10,5.8774582253992357e-07,6.8391164728142931e-09,8.5938852610016513e-05
0.0069183097091893627,1101.0831880581402,0.019999042785630517,0.00013835957187832107,5.462216958172468e-10,6.0143552621697785e-07,6.9183097091893626e-09,8.6933882913352485e-05
0.0069984199600227311,1113.8331304706023,0.019999020490335574,0.00013996154418046807,5.5254602897072408e-10,6.1544407317756178e-07,6.9984199600227307e-09,8.7940431796488337e-05
0.0070794578438413804,1126.7307102580471,0.019998997675767956,0.00014158206096468096,5.5894357280492677e-10,6.2977888878066565e-07,7.0794578438413802e-09,8.8958632521348786e-05
0.00716143410212902,1139.7776369807029,0.01999897432983468,0.00014322133677328094,5.6541517429898988e-10,6.4444757127553495e-07,7.1614341021290196e-09,8.9988619888849784e-05
0.0072443596007498983,1152.9756399945759,0.019998950440161187,0.00014487958862610309,5.7196169021288107e-10,6.5945789582557595e-07,7.2443596007498978e-09,9.1030530256575344e-05
0.0073282453313890444,1166.3264686806713,0.019998925994084791,0.00014655703604894691,5.7858398719971918e-10,6.7481781862583117e-07,7.3282453313890442e-09,9.2084501556653192e-05
0.0074131024130091767,1179.8318926768677,0.019998900978647999,0.00014825390110234706,5.8528294191935633e-10,6.9053548111619943e-07,7.4131024130091765e-09,9.3150673313832248e-05
0.0074989420933245579,1193.4937021124886,0.019998875380591617,0.00014997040841067068,5.9205944115324953e-10,7.0661921429264286e-07,7.4989420933245577e-09,9.422918666376479e-05
0.0075857757502918359,1207.313707845577,0.019998849186347738,0.0001517067851915403,5.9891438192061756e-10,7.230775431186228e-07,7.5857757502918357e-09,9.5320184371493538e-05
0.007673614893618186,1221.2937417029229,0.019998822382032575,0.0001534632612855899,6.0584867159591368e-10,7.3991919103911879e-07,7.6736148936181852e-09,9.642381085014802e-05
0.0077624711662869191,1235.4356567228731,0.019998794953439088,0.00015524006918655529,6.1286322802761699e-10,7.5715308459959894e-07,7.762471166286919e-09,9.7540212179850666e-05
0.0078523563461007188,1249.7413274009432,0.01999876688602947,0.00015703744407170241,6.1995897965835911e-10,7.7478835817237204e-07,7.8523563461007186e-09,9.8669536126835648e-05
0.0079432823472428138,1264.2126499382869,0.019998738164927449,0.00015885562383259936,6.2713686564640718e-10,7.9283435879283583e-07,7.9432823472428137e-09,9.9811932162783551e-05
0.0080352612218561777,1278.8515424930335,0.019998708774910424,0.00016069484910623264,6.3439783598850552e-10,8.1130065110814281e-07,8.0352612218561775e-09,0.00010096755148437214
0.0081283051616409946,1293.6599454345317,0.019998678700401385,0.00016255536330647238,6.4174285164409568e-10,8.3019702244090162e-07,8.1283051616409944e-09,0.00010213654703304668
0.0082224264994707127,1308.6398216005537,0.019998647925460671,0.00016443741265589283,6.4917288466093864e-10,8.4953348797060754e-07,8.222426499470713e-09,0.00010331907351501323
0.008317637711026709,1323.7931565574586,0.019998616433777559,0.00016634124621794672,6.5668891830213412e-10,8.6932029603548519e-07,8.3176377110267087e-09,0.00010451528742145447
0.008413951416451947,1339.1219588633819,0.019998584208661584,0.00016826711592950167,6.6429194717456908e-10,8.8956793355757919e-07,8.4139514164519469e-09,0.00010572534704897289
0.0085113803820237675,1354.6282603344673,0.019998551233033738,0.00017021527663374058,6.7198297735880344e-10,9.1028713159393167e-07,8.5113803820237669e-09,0.00010694941252026276
0.0086099375218460072,1370.3141163141759,0.019998517489417427,0.00017218598611342873,6.797630265404029e-10,9.314888710167619e-07,8.609937521846006e-09,0.00010818764580501232
0.0087096358995608046,1386.1816059457287,0.0199984829599292,0.00017417950512455444,6.8763312414274754e-10,9.5318438832567247e-07,8.7096358995608048e-09,0.00010944021074104114
0.0088104887300801456,1402.232832447691,0.019998447626269306,0.00017619609743034376,6.9559431146131603e-10,9.7538518159490252e-07,8.8104887300801445e-09,0.00011070727305567186
0.0089125093813374589,1418.4699233927468,0.019998411469711999,0.00017823602983565483,7.0364764179946915e-10,9.9810301655877996e-07,8.912509381337458e-09,0.00011198900038734085
0.0090157113760595698,1434.8950309897143,0.019998374471095624,0.00018029957222175609,7.11794180605749e-10,1.0213499328385846e-06,9.0157113760595701e-09,0.00011328556230745026
0.0091201083935590968,1451.5103323688152,0.019998336610812479,0.00018238699758149109,7.2003500561270334e-10,1.0451382503140766e-06,9.1201083935590967e-09,0.00011459713034246234
0.0092257142715476293,1468.3180298702498,0.019998297868798455,0.00018449858205483449,7.2837120697725617e-10,1.0694805756430607e-06,9.2257142715476282e-09,0.00011592387799624028
0.0093325430079699047,1485.3203513361161,0.019998258224522392,0.00018663460496484306,7.3680388742263553e-10,1.0943898089324051e-06,9.3325430079699049e-09,0.00011726598077263682
0.0094406087628592355,1502.5195504057101,0.019998217656975223,0.00018879534885400659,7.4533416238188164e-10,1.1198791505640414e-06,9.4406087628592358e-09,0.00011862361619833386
0.0095499258602143589,1519.9179068142359,0.019998176144658875,0.00019098109952099963,7.5396316014293698e-10,1.1459621081794993e-06,9.5499258602143586e-09,0.00011999696384593473
0.0096605087898981312,1537.517726694992,0.019998133665574871,0.00019319214605784381,7.6269202199535732e-10,1.1726525038267086e-06,9.6605087898981314e-09,0.00012138620535731367
0.0097723722095581118,1555.3213428850408,0.019998090197212708,0.00019542878088747796,7.7152190237863201e-10,1.1999644812727554e-06,9.772372209558111e-09,0.00012279152446722201
0.0098855309465693906,1573.3311152344218,0.019998045716537943,0.00019769129980174525,7.8045396903215219e-10,1.2279125134864869e-06,9.8855309465693894e-09,0.00012421310702715602
0.01,1591.5494309189535,0.019998000199980003,0.00019998000199980003,7.8948940314683395e-10,1.2565114102948878e-06,1e-08,0.00012565114102948877
0.010115794542598987,1609.9787047566474,0.019997953623419717,0.00020229519012693683,7.9862939951840963e-10,1.2857763262172283e-06,1.0115794542598988e-08,0.00012710581663186702
0.010232929922807542,1628.6213795277874,0.019997905962176578,0.00020463717031384807,8.0787516670241088e-10,1.3157227684811217e-06,1.0232929922807542e-08,0.00012857732618187768
0.010351421666793441,1647.4799262987226,0.019997857190995647,0.00020700625221631338,8.1722792717085605e-10,1.3463666052246999e-06,1.0351421666793441e-08,0.0001300658642419852
0.010471285480508996,1666.5568447493993,0.01999780728403424,0.00020940274905532476,8.2668891747065748e-10,1.3777240738891954e-06,1.0471285480508996e-08,0.00013157162761474306
0.010592537251772886,1685.8546635046953,0.019997756214848231,0.00021182697765765262,8.3625938838377008e-10,1.409811789806363e-06,1.0592537251772886e-08,0.00013309481536828214
0.010715193052376065,1705.375940469585,0.019997703956378086,0.00021427925849685581,8.4594060508909292e-10,1.4426467549852217e-06,1.0715193052376065e-08,0.00013463562886207811
0.010839269140212033,1725.1232631681837,0.019997650480934544,0.00021675991573474011,8.5573384732613969e-10,1.4762463671027344e-06,1.0839269140212032e-08,0.00013619427177300042
0.010964781961431851,1745.0992490867268,0.019997595760183971,0.00021926927726327125,8.656404095605058e-10,1.5106284287031652e-06,1.096478196143185e-08,0.00013777095012164724
0.011091748152624009,1765.3065460205096,0.019997539765133385,0.00022180767474694338,8.7566160115113168e-10,1.5458111566108934e-06,1.1091748152624008e-08,0.00013936587229896629
0.011220184543019636,1785.7478324248539,0.01999748246611515,0.0002243754436656114,8.857987465193982e-10,1.5818131915616679e-06,1.1220184543019635e-08,0.00014097924909316705
0.011350108156723149,1806.4258177701302,0.019997423832771241,0.00022697292335778675,8.9605318532005184e-10,1.6186536080573047e-06,1.1350108156723148e-08,0.00014261129371692438
0.01148153621496883,1827.3432429008997,0.019997363834037243,0.00022960045706440653,9.0642627261399793e-10,1.656351924449038e-06,1.148153621496883e-08,0.00014426222183487966
0.011614486138403426,1848.5028803992047,0.019997302438125898,0.0002322583919730743,9.1691937904295648e-10,1.6949281132547552e-06,1.1614486138403425e-08,0.00014593225159143772
0.011748975549395297,1869.9075349520783,0.019997239612510341,0.0002349470792627831,9.2753389100602167e-10,1.7344026117155797e-06,1.1748975549395296e-08,0.00014762160363886761
0.011885022274370183,1891.5600437232952,0.019997175323906859,0.0002376668741491188,9.3827121083811731e-10,1.7747963325972584e-06,1.1885022274370183e-08,0.0001493305011657043
0.012022644346174132,1913.4632767294413,0.019997109538257344,0.00024041813592995447,9.4913275699039113e-10,1.8161306752420823e-06,1.2022644346174132e-08,0.00015105916992545944
0.012161860006463679,1935.6201372203248,0.019997042220711282,0.00024320122803163418,9.6011996421254116e-10,1.8584275368770522e-06,1.2161860006463679e-08,0.00015280783826563958
0.012302687708123818,1958.0335620638068,0.019996973335607321,0.00024601651805565593,9.7123428373711247e-10,1.9017093241842683e-06,1.2302687708123818e-08,0.00015457673715707788
0.01244514611771385,1980.7065221350701,0.019996902846454463,0.00024886437782585378,9.824771834657645e-10,1.9459989651395335e-06,1.244514611771385e-08,0.00015636610022357937
0.012589254117941675,2003.6420227104165,0.019996830715912756,0.00025174518343608728,9.9385014815754192e-10,1.9913199211254245e-06,1.2589254117941674e-08,0.00015817616377188532
0.012735030810166616,2026.8431038656017,0.019996756905773579,0.00025465931529843852,1.0053546796191485e-09,2.0376961993250826e-06,1.2735030810166615e-08,0.00016000716682195625
0.012882495516931342,2050.3128408788048,0.019996681376939465,0.00025760715819192709,1.0169922968972663e-09,2.0851523654032951e-06,1.2882495516931342e-08,0.00016185935113758037
0.013031667784522994,2074.054344638243,0.019996604089403437,0.00026058910131173952,1.028764536472906e-09,2.133713556481379e-06,1.3031667784522993e-08,0.00016373296125730545
0.013182567385564075,2098.0707620545259,0.019996525002227903,0.0002636055383189861,1.0406729524578377e-09,2.1834054944127489e-06,1.3182567385564074e-08,0.00016562824452570187
0.013335214321633241,2122.3652764777662,0.019996444073523006,0.00026665686739098216,1.0527191167930955e-09,2.2342544993660078e-06,1.333521432163324e-08,0.00016754545112495544
0.01348962882591654,2146.9411081195381,0.019996361260424533,0.00026974349127206363,1.0649046194495872e-09,2.2862875037227119e-06,1.3489628825916539e-08,0.00016948483410679553
0.013645831365889245,2171.8015144797032,0.019996276519071265,0.00027286581732493723,1.077231068630818e-09,2.3395320662969997e-06,1.3645831365889245e-08,0.00017144664942475948
0.013803842646028852,2196.9497907782002,0.019996189804581843,0.00027602425758257423,1.0897000909777588e-09,2.3940163868845728e-06,1.3803842646028851e-08,0.00017343115596679836
0.013963683610559377,2222.3892703918095,0.019996101071031044,0.00027921922880064503,1.1023133317758489e-09,2.4497693211484936e-06,1.3963683610559376e-08,0.00017543861558822277
0.014125375446227547,2248.123325296001,0.019996010271425571,0.00028245115251050853,1.1150724551641904e-09,2.5068203958496959e-06,1.4125375446227546e-08,0.00017746929314499675
0.01428893958511103,2274.1553665118768,0.019995917357679235,0.00028572045507275161,1.1279791443469133e-09,2.5651998244300075e-06,1.4288939585111029e-08,0.00017952345652737776
0.014454397707459272,2300.4888445583033,0.019995822280587595,0.00028902756773128838,1.1410351018067505e-09,2.6249385229558774e-06,1.4454397707459273e-08,0.00018160137669390836
0.014621771744567183,2327.1272499092734,0.019995724989801972,0.00029237292666802243,1.154242049520836e-09,2.6860681264310663e-06,1.4621771744567181e-08,0.00018370332770576122
0.014791083881682071,2354.0741134565606,0.01999562543380291,0.00029575697305807427,1.1676017291787346e-09,2.7486210054867768e-06,1.4791083881682071e-08,0.00018582958676144009
0.014962356560944336,2381.333006977743,0.019995523559872979,0.00029918015312558255,1.181115902402735e-09,2.8126302834579355e-06,1.4962356560944336e-08,0.00018798043423183986
0.01513561248436208,2408.9075436096277,0.019995419314068986,0.00030264291820007727,1.1947863509704037e-09,2.8781298538544256e-06,1.5135612484362079e-08,0.00019015615369566787
0.015310874616820304,2436.8013783271804,0.019995312641193516,0.00030614572477343589,1.2086148770394375e-09,2.9451543982364371e-06,1.5310874616820304e-08,0.0001923570319752298
0.015488166189124811,2465.0182084279768,0.019995203484765824,0.00030968903455742065,1.2226033033748133e-09,3.0137394045031082e-06,1.5488166189124811e-08,0.00019458335917258167
0.015667510701081494,2493.5617740222865,0.019995091786992054,0.00031327331454180469,1.2367534735782585e-09,3.0839211856040271e-06,1.5667510701081492e-08,0.00019683542870605156
0.015848931924611134,2522.4358585288087,0.019994977488734772,0.00031689903705308948,1.2510672523200605e-09,3.1557368986832294e-06,1.5848931924611133e-08,0.0001991135373471331
0.016032453906900418,2551.6442891761712,0.019994860529481798,0.00032056667981381943,1.2655465255732301e-09,3.2292245646656782e-06,1.6032453906900418e-08,0.00020141798525775333
0.016218100973589299,2581.1909375102173,0.019994740847314309,0.00032427672600249388,1.2801932008500245e-09,3.3044230882962807e-06,1.6218100973589297e-08,0.00020374907602791696
0.016405897731995394,2611.0797199071822,0.019994618378874202,0.0003280296643140857,1.295009207440866e-09,3.3813722786419184e-06,1.6405897731995393e-08,0.00020610711671373153
0.016595869074375606,2641.3145980927957,0.01999449305933073,0.00033182598902116461,1.3099964966556461e-09,3.4601128700669783e-06,1.6595869074375604e-08,0.00020849241787581152
0.016788040181225608,2671.8995796674144,0.019994364822346324,0.00033566620003563387,1.325157042067453e-09,3.540686543693342e-06,1.6788040181225608e-08,0.00021090529361806985
0.016982436524617443,2702.8387186372142,0.019994233600041659,0.00033955080297108078,1.3404928397587216e-09,3.6231359493558237e-06,1.6982436524617442e-08,0.00021334606162689253
0.017179083871575886,2734.1361159515573,0.019994099322959921,0.00034348030920574706,1.3560059085698299e-09,3.7075047280644773e-06,1.7179083871575884e-08,0.00021581504321070509
0.017378008287493755,2765.7959200465543,0.019993961920030195,0.00034745523594611929,1.3716982903501441e-09,3.7938375349852624e-06,1.7378008287493753e-08,0.00021831256333992733
0.01757923613958693,2797.8223273949479,0.019993821318530086,0.00035147610629114774,1.3875720502115451e-09,3.882180062951045e-06,1.7579236139586931e-08,0.000220838950687323
0.017782794100389229,2830.21958306234,0.019993677444047408,0.00035554344929709144,1.4036292767844259e-09,3.9725790665149113e-06,1.7782794100389228e-08,0.00022339453766874351
0.017988709151287884,2862.9919812698804,0.019993530220441032,0.00035965780004299853,1.4198720824761978e-09,4.0650823865583206e-06,1.7988709151287883e-08,0.00022597966048427015
0.018197008586099836,2896.1438659634505,0.019993379569800823,0.00036381969969681864,1.4363026037322918e-09,4.1597389754666091e-06,1.8197008586099835e-08,0.000228594659159754
0.018407720014689564,2929.6796313894606,0.019993225412406633,0.00036802969558215765,1.4529230012996959e-09,4.2565989228849615e-06,1.8407720014689565e-08,0.00023123987758875888
0.018620871366628676,2963.6037226772905,0.019993067666686369,0.00037228834124566977,1.4697354604930075e-09,4.3557134820678991e-06,1.8620871366628676e-08,0.00023391566357490521
0.018836490894898011,2997.9206364284978,0.019992906249173104,0.0003765961965250987,1.4867421914630507e-09,4.4571350968360083e-06,1.883649089489801e-08,0.0002366223688746216
0.019054607179632473,3032.6349213128269,0.019992741074461164,0.00038095382761796077,1.5039454294680247e-09,4.5609174291535487e-06,1.9054607179632472e-08,0.00023936034924029953
0.019275249131909356,3067.7511786711389,0.019992572055161244,0.00038536180715088202,1.5213474351472373e-09,4.6671153873412516e-06,1.9275249131909356e-08,0.0002421299644638595
0.019498445997580455,3103.2740631253123,0.01999239910185447,0.00038982071424958534,1.5389504947974017e-09,4.7757851549386423e-06,1.9498445997580454e-08,0.00024493157842072466
0.019724227361148535,3139.2082831952002,0.01999222212304538,0.00039433113460953076,1.5567569206515138e-09,4.8869842202306851e-06,1.9724227361148536e-08,0.00024776555911420589
0.019952623149688799,3175.5586019227544,0.019992041025113903,0.00039889366056721583,1.5747690511603351e-09,5.0007714064539363e-06,1.9952623149688796e-08,0.00025063227872030111
0.020183663636815608,3212.3298375033455,0.019991855712266117,0.00040350889117212997,1.5929892512764562e-09,5.1172069026974746e-06,2.0183663636815608e-08,0.00025353211363290538
0.020417379446695295,3249.5268639244237,0.019991666086483985,0.00040817743225937344,1.611419912740986e-09,5.236352295514585e-06,2.0417379446695294e-08,0.00025646544450943858
0.020653801558105291,3287.1546116115469,0.019991472047473851,0.00041289989652293374,1.6300634543728348e-09,5.3582706012611119e-06,2.0653801558105291e-08,0.00025943265631688694
0.020892961308540396,3325.2180680819183,0.019991273492613832,0.00041767690358963,1.648922322360635e-09,5.4830262991771811e-06,2.0892961308540395e-08,0.00026243413837826276
0.021134890398366465,3363.7222786054604,0.019991070316899902,0.00042250908009371666,1.6679989905572646e-09,5.61068536522889e-06,2.1134890398366462e-08,0.00026547028441948028
0.021379620895022326,3402.672346873575,0.019990862412890852,0.00042739705975215769,1.6872959607770187e-09,5.7413153067274419e-06,2.1379620895022325e-08,0.00026854149261665126
0.0216271852372702,3442.0734356756179,0.019990649670651877,0.00043234148344056269,1.7068157630953916e-09,5.8749851977430563e-06,2.1627185237270199e-08,0.00027164816564379695
0.02187761623949553,3481.9307675832365,0.019990431977696944,0.00043734299926979339,1.7265609561515089e-09,6.0117657153318701e-06,2.1877616239495528e-08,0.00027479071072098176
0.022130947096056376,3522.2496256425993,0.019990209218929824,0.00044240226266323442,1.7465341274531793e-09,6.1517291765939843e-06,2.2130947096056376e-08,0.00027796953966286386
0.022387211385683399,3563.0353540746733,0.019989981276583725,0.00044751993643473321,1.7667378936845889e-09,6.2949495765816117e-06,2.2387211385683398e-08,0.00028118506892766581
0.022646443075930594,3604.2933589835811,0.019989748030159616,0.00045269669086720545,1.7871749010166236e-09,6.4415026270763553e-06,2.2646443075930593e-08,0.00028443771966656442
0.022908676527677734,3646.0291090731885,0.019989509356363049,0.00045793320379190858,1.8078478254198281e-09,6.5914657962553571e-06,2.2908676527677733e-08,0.00028772791777349955
0.023173946499684784,3688.2481363719594,0.019989265129039632,0.00046323016066837907,1.8287593729799857e-09,6.7449183492661851e-06,2.3173946499684782e-08,0.00029105609393539981
0.023442288153199226,3730.9560369662354,0.019989015219108938,0.00046858825466503649,1.84991228021633e-09,6.9019413897310903e-06,2.3442288153199224e-08,0.00029442268368282831
0.023713737056616554,3774.1584717419778,0.019988759494496956,0.0004740081867404484,1.8713093144023663e-09,7.0626179022013633e-06,2.3713737056616554e-08,0.00029782812744104229
0.023988329190194911,3817.8611671351232,0.019988497820066956,0.00047949066572525954,1.8929532738893148e-09,7.2270327955833119e-06,2.3988329190194911e-08,0.0003012728705814709
0.024266100950824154,3862.0699158906059,0.019988230057548826,0.00048503640840477749,1.9148469884321469e-09,7.3952729475575217e-06,2.4266100950824152e-08,0.00030475736347360544
0.024547089156850312,3906.7905778301929,0.01998795606546672,0.00049064613960221853,1.9369933195182238e-09,7.5674272500138254e-06,2.4547089156850312e-08,0.00030828206153730439
0.024831331052955704,3952.0290806291791,0.019987675699065129,0.00049632059226260405,1.9593951606985094e-09,7.7435866555245932e-06,2.4831331052955701e-08,0.0003118474252955063
0.025118864315095808,3997.7914206021142,0.019987388810233202,0.00050206050753731201,1.9820554379213646e-09,7.9238442248797976e-06,2.5118864315095808e-08,0.0003154539204273565
0.025409727055493051,4044.0836634975904,0.019987095247427381,0.00050786663486927211,2.004977109868884e-09,8.1082951757073673e-06,2.5409727055493049e-08,0.0003191020178217349
0.025703957827688632,4090.9119453022622,0.019986794855592238,0.00051373973207880701,2.0281631682957842e-09,8.2970369322033066e-06,2.570395782768863e-08,0.00032279219363119368
0.026001595631652722,4138.2824730541633,0.019986487476079538,0.00051968056545011155,2.0516166383708106e-09,8.4901691759962269e-06,2.6001595631652722e-08,0.00032652492932629199
0.026302679918953815,4186.2015256654331,0.019986172946565423,0.0005256899098183645,2.0753405790206389e-09,8.6877938981715815e-06,2.6302679918953814e-08,0.00033030071175033088
0.026607250597988099,4234.6754547545943,0.019985851100965742,0.00053176854865747184,2.0993380832762738e-09,8.8900154524815926e-06,2.6607250597988097e-08,0.00033412003317448397
0.026915348039269153,4283.7106854884396,0.01998552176934942,0.00053791727416842988,2.1236122786218903e-09,9.0969406097670454e-06,2.691534803926915e-08,0.00033798339135331708
0.027227013080779128,4333.3137174336925,0.019985184777849888,0.00054413688736830684,2.1481663273461221e-09,9.3086786136181068e-06,2.7227013080779127e-08,0.00034189128958069784
0.027542287033381661,4383.4911254185054,0.019984839948574466,0.00055042819817983034,2.1730034268957355e-09,9.5253412373014561e-06,2.7542287033381659e-08,0.00034584423674608437
0.027861211686297706,4434.2495604039614,0.019984487099511703,0.00055679202552158123,2.1981268102317022e-09,9.747042841982088e-06,2.7861211686297704e-08,0.00034984274739119597
0.028183829312644536,4485.5957503656336,0.019984126044436615,0.00056322919739877576,2.2235397461875935e-09,9.9739004362681493e-06,2.8183829312644534e-08,0.00035388734176705383
0.028510182675039096,4537.5365011853883,0.019983756592813765,0.0005697405509946374,2.2492455398302996e-09,1.0206033737108417e-05,2.8510182675039096e-08,0.00035797854589139075
0.028840315031266057,4590.0786975534838,0.019983378549698134,0.00057632693276233877,2.2752475328230036e-09,1.044356523207199e-05,2.8840315031266057e-08,0.00036211689160642042
0.029174270140011675,4643.2293038811404,0.019982991715633742,0.00058298919851751429,2.3015491037904066e-09,1.0686620243040991e-05,2.9174270140011675e-08,0.00036630291663696484
0.029512092266663854,4696.9953652236509,0.019982595886550013,0.00058972821353132161,2.3281536686861184e-09,1.0935326991347137e-05,2.9512092266663852e-08,0.00037053716464892648
0.029853826189179603,4751.3840082142151,0.019982190853655712,0.00059654485262405205,2.3550646811622186e-09,1.1189816664384275e-05,2.9853826189179602e-08,0.00037482018530810555
0.030199517204020161,4806.4024420085434,0.019981776403330577,0.00060344000025926593,2.3822856329408854e-09,1.1450223483728939e-05,3.0199517204020161e-08,0.00037915253433934648
0.030549211132155137,4862.0579592404465,0.019981352317014409,0.0006104145506384504,2.4098200541880931e-09,1.1716684774802462e-05,3.0549211132155135e-08,0.00038353477358601403
0.030902954325135904,4918.3579369884465,0.019980918371093705,0.00061746940779617762,2.4376715138892777e-09,1.1989341038107971e-05,3.09029543251359e-08,0.00038796747106978222
0.031260793671239559,4975.3098377536144,0.019980474336785743,0.00062460548569575616,2.4658436202269563e-09,1.2268336022077163e-05,3.1260793671239559e-08,0.00039245120105073442
0.031622776601683791,5032.9212104487033,0.019980019980019983,0.00063182370832535063,2.4943400209601916e-09,1.2553816797561612e-05,3.1622776601683792e-08,0.00039698654408775635
0.031988951096913985,5091.1996913987687,0.019979555061316868,0.00063912500979456559,2.5231644038058894e-09,1.2845933834004902e-05,3.1988951096913986e-08,0.00040157408709922239
0.032359365692962827,5150.1530053533297,0.019979079335663855,0.00064651033443146341,2.5523204968218094e-09,1.3144841077331745e-05,3.2359365692962828e-08,0.00040621442342395314
0.032734069487883828,5209.7889665102985,0.019978592552388642,0.00065398063688000812,2.5818120687912597e-09,1.3450696029591832e-05,3.2734069487883823e-08,0.00041090815288244138
0.033113112148259113,5270.1154795517277,0.019978094455029571,0.00066153688219790783,2.611642929609361e-09,1.3763659830396117e-05,3.3113112148259111e-08,0.00041565588183832867
0.033496543915782773,5331.140540691581,0.019977584781203109,0.00066918004595484357,2.6418169306708411e-09,1.4083897340184721e-05,3.3496543915782769e-08,0.00042045822326012319
0.033884415613920256,5392.8722387356083,0.019977063262468328,0.00067691111433105437,2.6723379652592304e-09,1.4411577225365706e-05,3.3884415613920253e-08,0.00042531579678314429
0.034276778654645047,5455.318756153526,0.019976529624188364,0.00068473108421626423,2.7032099689374115e-09,1.4746872045365451e-05,3.4276778654645049e-08,0.00043022922877167789
0.034673685045253165,5518.4883701635708,0.019975983585388785,0.00069264096330891799,2.7344369199393878e-09,1.5089958341631406e-05,3.4673685045253164e-08,0.00043519915238133069
0.035075187395256793,5582.3894538296599,0.019975424858612742,0.00070064177021571272,2.7660228395632145e-09,1.5441016728629658e-05,3.5075187395256792e-08,0.00044022620762156626
0.035481338923357551,5647.0304771712226,0.019974853149772896,0.00070873453455138832,2.7979717925649596e-09,1.5800231986879726e-05,3.5481338923357551e-08,0.00044531104141840456
0.035892193464500517,5712.4200082858779,0.019974268158000061,0.00071692029703875049,2.8302878875535766e-09,1.6167793158070221e-05,3.5892193464500514e-08,0.00045045430767727009
0.036307805477010138,5778.566714485155,0.019973669575488413,0.00072520010960890914,2.8629752773866296e-09,1.6543893642300283e-05,3.6307805477010135e-08,0.00045565666734597224
0.036728230049808464,5845.4793634433072,0.0199730570873373,0.00073357503550168176,2.8960381595666719e-09,1.6928731297491314e-05,3.6728230049808459e-08,0.00046091878847779086
0.037153522909717261,5913.1668243594813,0.019972430371389457,0.00074204614936615107,2.9294807766382303e-09,1.7322508541016031e-05,3.7153522909717259e-08,0.00046624134629465891
0.037583740428844416,5981.6380691332997,0.019971789098065695,0.00075061453736132583,2.9633074165851973e-09,1.7725432453591065e-05,3.7583740428844414e-08,0.00047162502325040847
0.038018939632056124,6050.9021735540973,0.01997113293019584,0.00075928129725688382,2.9975224132285509e-09,1.8137714885481761e-05,3.8018939632056126e-08,0.00047707050909407078
0.038459178204535351,6120.9683185038857,0.01997046152284597,0.00076804753853394942,3.032130146624206e-09,1.8559572565067308e-05,3.8459178204535346e-08,0.00048257850093319575
0.038904514499428069,6191.8457911742917,0.019969774523141762,0.00077691438248587801,3.0671350434608969e-09,1.8991227209816532e-05,3.890451449942807e-08,0.00048814970329717701
0.03935500754557774,6263.5439862975372,0.019969071570087999,0.00078588296231899512,3.1025415774578783e-09,1.943290563972437e-05,3.9355007545577736e-08,0.00049378482820054779
0.039810717055349734,6336.0724073917345,0.019968352294383967,0.00079495442325326377,3.1383542697623454e-09,1.9884839893261234e-05,3.9810717055349729e-08,0.00049948459520623284
0.040271703432545908,6409.4406680205311,0.019967616318234901,0.00080412992262282005,3.1745776893463315e-09,2.0347267345887026e-05,4.0271703432545904e-08,0.00050524973148871599
0.04073802778041128,6483.6584930674089,0.019966863255159142,0.00081341062997634624,3.2112164534029653e-09,2.0820430831183941e-05,4.0738027780411281e-08,0.00051108097189710698
0.041209751909733021,6558.7357200246852,0.019966092709791133,0.00082279772717722187,3.2482752277418519e-09,2.1304578764661804e-05,4.1209751909733019e-08,0.00051697905901806776
0.041686938347033548,6634.6823002974743,0.019965304277680014,0.00083229240850341197,3.2857587271834144e-09,2.1799965270291756e-05,4.1686938347033542e-08,0.00052294474323857465
0.042169650342858224,6711.5083005227261,0.019964497545083806,0.00084189588074703547,3.3236717159519768e-09,2.2306850309824304e-05,4.2169650342858225e-08,0.000528978782808479
0.042657951880159278,6789.2239039035603,0.019963672088759075,0.0008516093633135635,3.3620190080673809e-09,2.28254998149492e-05,4.2657951880159279e-08,0.00053508194390283444
0.043151907682776519,6867.839411559019,0.019962827475745994,0.00086143408832058577,3.4008054677349006e-09,2.3356185822355155e-05,4.3151907682776518e-08,0.00054125500068395466
0.043651583224016612,6947.3652438894978,0.019961963263148648,0.00087137130069609532,3.440036009733256e-09,2.3899186611749138e-05,4.3651583224016612e-08,0.00054749873536316706
0.044157044735331254,7027.8119419579234,0.019961078997910581,0.00088142225827621875,3.4797155998004355e-09,2.4454786846894779e-05,4.4157044735331249e-08,0.00055381393826221858
0.044668359215096327,7109.1901688869957,0.019960174216585434,0.00089158823190234207,3.5198492550171335e-09,2.5023277719732022e-05,4.4668359215096326e-08,0.00056020140787430212
0.045185594437492239,7191.5107112725409,0.019959248445102547,0.00090187050551755147,3.5604420441874837e-09,2.5604957097639391e-05,4.5185594437492234e-08,0.00056666195092465032
0.04570881896148752,7274.7844806132935,0.019958301198527498,0.00091227037626233278,3.6014990882168653e-09,2.6200129673902977e-05,4.5708818961487517e-08,0.00057319638243066818
0.046238102139926032,7359.0225147571728,0.019957331980817405,0.00092278915456944744,3.6430255604864584e-09,2.6809107121455715e-05,4.6238102139926031e-08,0.00057980552576154245
0.046773514128719815,7444.2359793643654,0.019956340284570936,0.00093342816425791904,3.6850266872242871e-09,2.7432208249952914e-05,4.6773514128719815e-08,0.00058649021269729701
0.047315125896148051,7530.436169387307,0.019955325590772923,0.00094418874262604583,3.7275077478724193e-09,2.8069759166249889e-05,4.7315125896148047e-08,0.00059325128348723384
0.047863009232263824,7617.634510567811,0.019954287368533396,0.00095507224054335938,3.7704740754500054e-09,2.8722093438349221e-05,4.7863009232263822e-08,0.00060008958690771215
0.048417236758409941,7705.842560951558,0.01995322507482104,0.00096608002254145234,3.8139310569118499e-09,2.938955226288629e-05,4.841723675840994e-08,0.00060700598031921771
0.04897788193684461,7795.0720124200734,0.019952138154190904,0.00097721346690357483,3.8578841335021242e-09,3.0072484636221873e-05,4.8977881936844607e-08,0.0006140013297226566
0.049545019080479029,7885.334692240509,0.019951026038506216,0.00098847396575292438,3.902338801102925e-09,3.0771247529213131e-05,4.954501908047903e-08,0.00062107650981483111
0.05011872336272722,7976.6425646332964,0.019949888146654285,0.00099986292513951688,3.9473006105772218e-09,3.1486206065733267e-05,5.0118723362727217e-08,0.00062823240404302132
0.050699070827470445,8069.0077323580308,0.019948723884256284,0.001011381765125561,3.9927751681059042e-09,3.2217733705013676e-05,5.0699070827470442e-08,0.0006354699046586279
0.051286138399136483,8162.4424383176356,0.019947532643370854,0.0010230319198692103,4.0387681355184211e-09,3.2966212427880552e-05,5.1286138399136481e-08,0.00064278991276979459
0.051880003892896119,8256.9590671811911,0.019946313802191355,0.001034814837706615,4.0852852306167104e-09,3.3732032926962048e-05,5.1880003892896118e-08,0.00065019333839296304
0.052480746024977258,8352.570147025468,0.019945066724736737,0.0010467319812321335,4.1323322274918591e-09,3.4515594800939754e-05,5.2480746024977258e-08,0.00065768110050327207
0.053088444423098846,8449.2883509955464,0.019943790760535797,0.001058784827376617,4.1799149568331581e-09,3.5317306752922455e-05,5.3088444423098841e-08,0.00066525412708374337
0.05370317963702527,8547.1264989845895,0.019942485244304788,0.0010709748674836257,4.2280393062289934e-09,3.6137586793018252e-05,5.3703179637025265e-08,0.00067291335517317204
0.054325033149243335,8646.0975593331514,0.019941149495618198,0.0010833036073834756,4.2767112204591715e-09,3.6976862445184746e-05,5.4325033149243333e-08,0.00068065973091264976
0.054954087385762455,8746.2146505480687,0.019939782818572612,0.001095772567464964,4.3259367017780775e-09,3.7835570958435011e-05,5.495408738576245e-08,0.0006884942095906312
0.055590425727040371,8847.4910430413456,0.019938384501443491,0.0011083832827446672,4.375721810188255e-09,3.8714159522481246e-05,5.5590425727040371e-08,0.000696417755686477
0.056234132519034905,8949.9401608891021,0.019936953816334799,0.0011211373029336499,4.4260726637037608e-09,3.9613085487895695e-05,5.6234132519034905e-08,0.00070443134291236565
0.056885293084384156,9053.5755836109493,0.019935490018821257,0.0011340361925014622,4.4769954386028197e-09,4.0532816590872081e-05,5.6885293084384155e-08,0.00071253595425350676
0.057543993733715694,9158.4110479699048,0.019933992347583192,0.0011470815307372641,4.5284963696691277e-09,4.1473831182669344e-05,5.7543993733715692e-08,0.0007207325820065446
0.058210321777087154,9264.4604497932232,0.019932460024033778,0.0011602749118079327,4.5805817504212554e-09,4.2436618463822335e-05,5.8210321777087153e-08,0.00072902222781606925
0.058884365535558897,9371.7378458142393,0.019930892251938542,0.0011736179448129877,4.6332579333294837e-09,4.3421678723202989e-05,5.8884365535558895e-08,0.00073740590270912664
0.059566214352901062,9480.2574555356096,0.019929288217027039,0.0011871122538361781,4.6865313300194601e-09,4.44295235820182e-05,5.9566214352901058e-08,0.00074588462712763166
0.060255958607435781,9590.0336631140435,0.019927647086596535,0.0012007594779935491,4.7404084114619565e-09,4.5460676242829131e-05,6.0255958607435782e-08,0.00075445943095856969
0.060953689724016935,9701.0810192669614,0.019925968009107536,0.0012145612714778281,4.7948957081481037e-09,4.6515671743680182e-05,6.0953689724016937e-08,0.00076313135356188464
0.061659500186148221,9813.4142432011304,0.019924250113771056,0.0012285193035989302,4.8499998102492934e-09,4.7595057217423197e-05,6.1659500186148219e-08,0.00077190144379592955
0.062373483548241918,9927.048224563714,0.019922492510127503,0.0012426352588204106,4.9057273677610949e-09,4.8699392156326396e-05,6.237348354824192e-08,0.00078077076004037056
0.063095734448019331,10041.998025415858,0.019920694287616954,0.001256910836791655,4.9620850906303298e-09,4.9829248682055241e-05,6.3095734448019323e-08,0.00078974037021641236
0.063826348619054854,10158.27888222915,0.019918854515140822,0.0012713477523756131,5.0190797488645655e-09,5.0985211821114896e-05,6.3826348619054847e-08,0.00079881135180422417
0.064565422903465564,10275.906207905218,0.019916972240614592,0.0012859477356718652,5.0767181726231739e-09,5.2167879785843709e-05,6.4565422903465556e-08,0.00080798479185743204
0.065313055264747233,10394.895593818663,0.019915046490511665,0.0013007125320347991,5.1350072522890941e-09,5.3377864261046783e-05,6.5313055264747227e-08,0.00081726178701454035
0.066069344800759613,10515.262811883709,0.01991307626939802,0.0013156439020866816,5.1939539385204357e-09,5.4615790696360862e-05,6.6069344800759615e-08,0.00082664344350714567
0.066834391756861455,10637.023816644725,0.019911060559457662,0.0013307436217253864,5.2535652422809853e-09,5.5882298604439757e-05,6.683439175686145e-08,0.00083613087716478962
0.067608297539198184,10760.194747391015,0.019908998320008617,0.0013460134821265395,5.3138482348486825e-09,5.7178041865051811e-05,6.7608297539198183e-08,0.00084572521341631064
0.068391164728142925,10884.791930296027,0.019906888487009403,0.0013614552897398319,5.374810047801052e-09,5.8503689035178895e-05,6.8391164728142919e-08,0.0008554275872875237
0.069183097091893658,11010.831880581407,0.019904729972555785,0.0013770708662792527,5.4364578729766589e-09,5.9859923665209182e-05,6.9183097091893651e-08,0.00086523914339508646
0.069984199600227351,11138.331304706029,0.01990252166436771,0.0013928620487069587,5.4987989624114155e-09,6.1247444621312104e-05,6.9984199600227353e-08,0.00087516103593636202
0.070794578438413802,11267.307102580471,0.019900262425266241,0.0014088306892105298,5.5618406282487995e-09,6.2666966414088335e-05,7.0794578438413795e-08,0.00088519442867512909
0.071614341021290204,11397.776369807028,0.019897951092640361,0.001424978655173301,5.6255902426227222e-09,6.4119219533582245e-05,7.1614341021290201e-08,0.00089534049492294107
0.072443596007499028,11529.756399945765,0.019895586477903519,0.001441307829137503,5.690055237512019e-09,6.5604950790749129e-05,7.2443596007499021e-08,0.00090560041751596625
0.073282453313890411,11663.264686806706,0.019893167365939754,0.0014578201087598881,5.7552431045652626e-09,6.712492366546382e-05,7.3282453313890409e-08,0.00091597538878710741
0.074131024130091774,11798.318926768678,0.019890692514539267,0.0014745174067595462,5.8211613948947536e-09,6.8679918661161923e-05,7.4131024130091765e-08,0.00092646661053321245
0.074989420933245579,11934.937021124886,0.019888160653823303,0.0014914016508575684,5.8878177188383165e-09,7.0270733666198503e-05,7.4989420933245574e-08,0.00093707529397716531
0.075857757502918399,12073.137078455775,0.019885570485658192,0.0015084747837082503,5.9552197456877056e-09,7.1898184322014203e-05,7.5857757502918396e-08,0.00094780265972465834
0.0767361489361819,12212.937417029236,0.019882920683058428,0.0015257387628214631,6.0233752033821373e-09,7.3563104398191793e-05,7.6736148936181895e-08,0.00095864993771541758
0.077624711662869189,12354.356567228731,0.019880209889578643,0.0015431955604758628,6.0922918781656533e-09,7.5266346174490095e-05,7.7624711662869183e-08,0.00096961836716867058
0.078523563461007181,12497.413274009432,0.019877436718694352,0.0015608471636225504,6.1619776142067852e-09,7.7008780829936847e-05,7.8523563461007183e-08,0.0009807091965226139
0.07943282347242818,12642.126499382875,0.019874599753171324,0.0015786955737788224,6.2324403131791012e-09,7.8791298839063628e-05,7.943282347242818e-08,0.00099192368336765415
0.080352612218561728,12788.515424930327,0.019871697544423451,0.001596742806911603,6.3036879338010122e-09,8.0614810375361431e-05,8.0352612218561725e-08,0.0010032630943731674
0.081283051616409946,12936.599454345318,0.019868728611859038,0.0016149908933101795,6.3757284913333522e-09,8.2480245722036939e-05,8.1283051616409937e-08,0.0010147287052075353
0.082224264994707114,13086.398216005533,0.01986569144221528,0.0016334418774477946,6.4485700570329665e-09,8.4388555690142913e-05,8.2224264994707107e-08,0.0010263218004511821
0.083176377110267083,13237.931565574585,0.01986258448888098,0.0016520978178317062,6.5222207575607721e-09,8.6340712044159532e-05,8.3176377110267074e-08,0.001038043673502363
0.084139514164519522,13391.219588633827,0.019859406171207215,0.001670960786841236,6.5966887743423996e-09,8.8337707935094814e-05,8.4139514164519522e-08,0.0010498956264754094
0.08511380382023763,13546.282603344665,0.019856154873805969,0.0016900328705533765,6.6719823428797139e-09,9.0380558341174251e-05,8.511380382023762e-08,0.0010618789700911511
0.086099375218460075,13703.141163141758,0.019852828945836561,0.0017093161685554873,6.7481097520113737e-09,9.2470300516185369e-05,8.6099375218460073e-08,0.0010739950235592341
0.087096358995608053,13861.816059457287,0.019849426700279824,0.0017288127937445793,6.8250793431204352e-09,9.4607994445537036e-05,8.7096358995608048e-08,0.0010862451144520032
0.088104887300801418,14022.328324476903,0.019845946413199859,0.001748524872112718,6.9028995092871547e-09,9.6794723310094987e-05,8.8104887300801418e-08,0.0010986305785696693
0.089125093813374551,14184.699233927462,0.019842386322993396,0.0017684545425180069,6.9815786943848745e-09,9.9031593957845426e-05,8.912509381337455e-08,0.0011111527597964135
0.090157113760595708,14348.950309897145,0.01983874462962653,0.0017886039564406462,7.061125392116976e-09,0.00010131973738343949,9.0157113760595701e-08,0.0011238130099471143
0.091201083935590968,14515.103323688152,0.019835019493858928,0.0018089752777235113,7.1415481449927236e-09,0.00010366030921566283,9.1201083935590964e-08,0.0011366126886043478
0.092257142715476331,14683.180298702504,0.019831209036455303,0.0018295706822967007,7.2228555432398299e-09,0.00010605449021287324,9.2257142715476332e-08,0.0011495531629453159
0.093325430079699095,14853.203513361168,0.019827311337384149,0.0018503923578854695,7.3050562236514169e-09,0.00010850348676644009,9.3325430079699085e-08,0.001162635807558337
0.094406087628592358,15025.195504057103,0.019823324435003734,0.001871442503700979,7.3881588683651474e-09,0.00011100853141221963,9.4406087628592351e-08,0.0011758620042485368
0.095499258602143589,15199.179068142361,0.019819246325235209,0.0018927233301132215,7.4721722035719819e-09,0.00011357088335008645,9.5499258602143582e-08,0.0011892331418323411
0.096605087898981354,15375.177266949926,0.019815074960722909,0.001914237058305541,7.5571049981522851e-09,0.00011619182897154467,9.6605087898981354e-08,0.0012027506159204048
0.09772372209558107,15553.213428850402,0.019810808249981753,0.0019359859199100614,7.6429660622365483e-09,0.00011887268239542536,9.772372209558107e-08,0.0012164158286885453
0.098855309465693902,15733.311152344217,0.019806444056531782,0.0019579721566234027,7.7297642456883017e-09,0.00012161478601167935,9.88553094656939e-08,0.001230230188636289
0.10000000000000001,15915.494309189537,0.019801980198019802,0.0019801980198019802,7.8175084365064216e-09,0.00012441951103325916,9.9999999999999995e-08,0.0012441951103325912
0.10115794542598983,16099.787047566466,0.01979741444532818,0.0020026657700362108,7.906207559144158e-09,0.0001272882580560812,1.0115794542598982e-07,0.0012583120141483012
0.10232929922807546,16286.213795277881,0.019792744521670808,0.0020253776767029034,7.9958705727420457e-09,0.00013022245762704795,1.0232929922807546e-07,0.0012725823259749209
0.10351421666793441,16474.799262987228,0.019787968101676278,0.0020483360174950935,8.0865064692717686e-09,0.00013322357082009998,1.0351421666793441e-07,0.0012870074769291916
0.10471285480508996,16665.568447493995,0.019783082810458374,0.0020715430779285992,8.1781242715881182e-09,0.00013629308982026375,1.0471285480508996e-07,0.0013015889030430548
0.10592537251772886,16858.546635046954,0.019778086222673848,0.0020950011508244883,8.2707330313858556e-09,0.00013943253851564171,1.0592537251772885e-07,0.0013163280449384747
0.10715193052376071,17053.759404695858,0.019772975861567704,0.0021187125357667001,8.3643418270584868e-09,0.00014264347309728961,1.0715193052376071e-07,0.0013312263474866534
0.10839269140212039,17251.232631681847,0.019767749198006047,0.0021426795385339824,8.4589597614556419e-09,0.00014592748266690727,1.0839269140212038e-07,0.0013462852594511051
0.10964781961431851,17450.992490867269,0.019762403649496569,0.0021669044705053498,8.5545959595359223e-09,0.00014928618985226487,1.096478196143185e-07,0.0013615062331140976
0.11091748152624009,17653.065460205096,0.019756936579196933,0.0021913896480381728,8.6512595659116827e-09,0.00015272125143026447,1.1091748152624009e-07,0.0013768907238858891
0.1122018454301963,17857.478324248532,0.019751345294911151,0.0022161373918180563,8.7489597422824718e-09,0.00015623435895753226,1.122018454301963e-07,0.00139244018989625
0.11350108156723154,18064.258177701307,0.019745627048074185,0.0022411500261796014,8.8477056647534897e-09,0.00015982723940841741,1.1350108156723154e-07,0.0014081560915676816
0.11481536214968829,18273.432429008997,0.019739779032724957,0.0022664298783971401,8.9475065210355322e-09,0.00016350165582026016,1.1481536214968829e-07,0.0014240398911697723
0.11614486138403426,18485.028803992049,0.019733798384468055,0.0022919792779445215,9.0483715075227431e-09,0.00016725940794577886,1.1614486138403425e-07,0.0014400930523541093
0.11748975549395291,18699.075349520775,0.019727682179424361,0.0023178005557229807,9.1503098262443551e-09,0.00017110233291240355,1.174897554939529e-07,0.0014563170396691308
0.11885022274370188,18915.600437232959,0.019721427433170929,0.0023438960432561177,9.2533306816866048e-09,0.00017503230588837229,1.1885022274370188e-07,0.0014727133180543208
0.12022644346174131,19134.632767294413,0.019715031099670433,0.0023702680718509991,9.3574432774808827e-09,0.00017905124075538452,1.202264434617413e-07,0.0014892833523131083
0.12161860006463679,19356.20137220325,0.019708490070190515,0.002396918971724366,9.4626568129541512e-09,0.00018316109078759157,1.216186000646368e-07,0.0015060286065638538
0.12302687708123811,19580.335620638056,0.019701801172213429,0.002423851071092894,9.5689804795374326e-09,0.00018736384933667701,1.2302687708123809e-07,0.0015229505436682375
0.12445146117713857,19807.065221350713,0.019694961168336446,0.0024510666952264749,9.6764234570283058e-09,0.0001916615505227676,1.2445146117713856e-07,0.0015400506246364208
0.12589254117941676,20036.420227104165,0.019687966755163409,0.0024785681654633973,9.7849949097030085e-09,0.00019605626993088465,1.2589254117941675e-07,0.001557330308008268
0.12735030810166617,20268.431038656017,0.01968081456218795,0.0025063577981863936,9.8947039822740243e-09,0.00020055012531263613,1.2735030810166615e-07,0.0015747910492099723
0.12882495516931336,20503.128408788038,0.019673501150668925,0.002534437903758359,1.0005559795688474e-08,0.00020514527729280778,1.2882495516931335e-07,0.001592434299885355
0.13031667784522999,20740.543446382439,0.01966602301249858,0.0025628107854166566,1.0117571442763003e-08,0.00020984393008050432,1.3031667784522999e-07,0.0016102615072011313
0.13182567385564073,20980.707620545258,0.019658376569064131,0.0025914787381248181,1.0230747983650481e-08,0.00021464833218445367,1.3182567385564072e-07,0.0016282741131254147
0.1333521432163324,21223.652764777664,0.019650558170103333,0.0026204440473804906,1.0345098441133959e-08,0.00021956077713206984,1.333521432163324e-07,0.0016464735536787305
0.13489628825916533,21469.411081195369,0.019642564092554764,0.0026497089879783981,1.0460631795743049e-08,0.00022458360419183042,1.3489628825916533e-07,0.0016648612581567561
0.13645831365889252,21718.015144797046,0.019634390539403614,0.0026792758227271304,1.0577356980687999e-08,0.0002297191990985067,1.3645831365889252e-07,0.0016834386483240604
0.13803842646028852,21969.497907782003,0.019626033638523679,0.0027091468011185,1.0695282876606522e-08,0.00023496999478074367,1.3803842646028852e-07,0.0017022071375780332
0.13963683610559377,22223.892703918096,0.019617489441516488,0.0027393241579482543,1.0814418306118595e-08,0.00024033847209046735,1.3963683610559376e-07,0.0017211681300822559
0.14125375446227539,22481.233252959999,0.019608753922548412,0.0027698101118868329,1.0934772028184037e-08,0.00024582716053354783,1.4125375446227539e-07,0.0017403230198684795
0.14288939585111038,22741.553665118779,0.019599822977186723,0.0028006068639989216,1.1056352732257928e-08,0.00025143863900112631,1.4288939585111039e-07,0.0017596731899064326
0.14454397707459279,23004.888445583041,0.019590692421235609,0.0028317165962104783,1.1179169032238684e-08,0.00025717553650096746,1.4454397707459279e-07,0.0017792200111406268
0.14621771744567183,23271.272499092735,0.019581357989573209,0.0028631414697219641,1.1303229460203739e-08,0.0002630405328881741,1.4621771744567181e-07,0.0017989648414933606
0.14791083881682071,23540.741134565607,0.019571815334990798,0.0028948836233664036,1.1428542459927425e-08,0.00026903635959454311,1.4791083881682071e-07,0.0018189090248330589
0.14962356560944343,23813.330069777439,0.019562060027035335,0.0029269451719109918,1.1555116380175989e-08,0.0002751658003558227,1.4962356560944341e-07,0.0018390538899071369
0.15135612484362088,24089.075436096289,0.019552087550856592,0.0029593282043008564,1.1682959467774239e-08,0.000281431691936069,1.5135612484362088e-07,0.0018594007492385284
0.15310874616820302,24368.013783271803,0.019541893306060262,0.0029920347818436863,1.1812079860438753e-08,0.00028783692484827883,1.5310874616820301e-07,0.0018799508979850529
0.15488166189124811,24650.182084279768,0.01953147260556835,0.003025066936333812,1.1942485579372036e-08,0.00029438444407040606,1.548816618912481e-07,0.0019007056127607373
0.15667510701081486,24935.617740222853,0.019520820674488449,0.0030584266681144045,1.2074184521612395e-08,0.00030107724975584222,1.5667510701081485e-07,0.0019216661504182643
0.1584893192461114,25224.358585288093,0.01950993264899328,0.0030921159440764276,1.2207184452134113e-08,0.00030791839793738445,1.5848931924611138e-07,0.0019428337467916738
0.16032453906900418,25516.442891761712,0.019498803575212355,0.0031261366955929715,1.2341492995692533e-08,0.00031491100122366567,1.6032453906900417e-07,0.0019642096153984702
0.16218100973589297,25811.909375102172,0.019487428408137237,0.0031604908163876226,1.247711762840871e-08,0.00032205822948697539,1.6218100973589295e-07,0.0019857949461002723
0.16405897731995386,26110.797199071807,0.019475802010542356,0.0031951801603354799,1.261406566908818e-08,0.00032936331054133548,1.6405897731995385e-07,0.00200759090372116
0.16595869074375613,26413.145980927966,0.019463919151923196,0.0032302065391954936,1.2752344270268586e-08,0.00033682953080965445,1.6595869074375612e-07,0.0020295986266228544
0.16788040181225605,26718.995796674139,0.019451774507453869,0.0032655717202727552,1.2891960408990771e-08,0.00034446023597871383,1.6788040181225604e-07,0.0020518192252358936
0.16982436524617442,27028.38718637214,0.019439362656966067,0.0033012774240094491,1.3032920877288239e-08,0.00035225883164069938,1.698243652461744e-07,0.0020742537805459845
0.17179083871575876,27341.36115951556,0.019426678083951644,0.0033373253215031027,1.3175232272389591e-08,0.00036022878391990868,1.7179083871575875e-07,0.002096903342534668
0.17378008287493762,27657.959200465557,0.019413715174590992,0.0033737170319508574,1.3318900986628923e-08,0.00036837362008322323,1.7378008287493762e-07,0.0021197689285735147
0.17579236139586929,27978.223273949479,0.019400468216809678,0.0034104541200184833,1.3463933197059101e-08,0.00037669692913285994,1.7579236139586929e-07,0.0021428515217710217
0.17782794100389229,28302.195830623401,0.019386931399365689,0.0034475380931329085,1.3610334854763105e-08,0.00038520236237986468,1.778279410038923e-07,0.0021661520692714616
0.17988709151287874,28629.919812698787,0.019373098810969921,0.0034849703986969886,1.3758111673858372e-08,0.00039389363399672028,1.7988709151287873e-07,0.0021896714805048701
0.18197008586099844,28961.438659634518,0.019358964439442579,0.0035227524212253815,1.3907269120189685e-08,0.00040277452154740287,1.8197008586099843e-07,0.0022134106253874626
0.18407720014689563,29296.796313894603,0.019344522170908252,0.0035608854794003382,1.4057812399705905e-08,0.00041184886649312582,1.8407720014689563e-07,0.002237370332471734
0.18620871366628675,29636.037226772904,0.019329765789032574,0.0035993708230463522,1.4209746446516359e-08,0.00042112057467196283,1.8620871366628675e-07,0.0022615513870455732
0.18836490894898,29979.206364284961,0.019314688974303502,0.0036382096300225475,1.4363075910622487e-08,0.00043059361675044168,1.8836490894898e-07,0.0022859545291796946
0.19054607179632482,30326.349213128284,0.019299285303360277,0.0036774030030318435,1.4517805145320922e-08,0.00044027202864515289,1.9054607179632483e-07,0.0023105804517227768
0.19275249131909367,30677.511786711406,0.01928354824837342,0.0037169519663459213,1.4673938194274178e-08,0.00045015991191232077,1.9275249131909366e-07,0.0023354297982436964
0.19498445997580455,31032.74063125312,0.019267471176479062,0.0037568574624451496,1.4831478778245617e-08,0.00046026143410323118,1.9498445997580453e-07,0.0023605031609203343
0.19724227361148533,31392.082831952001,0.019251047349271109,0.0037971203485725911,1.4990430281495199e-08,0.00047058082908329882,1.9724227361148531e-07,0.0023858010783743932
0.19952623149688808,31755.586019227561,0.019234269922354903,0.0038377413932014163,1.5150795737833399e-08,0.00048112239731251482,1.9952623149688808e-07,0.002411324033451805
0.20183663636815616,32123.298375033468,0.019217131944966142,0.0038787212724150076,1.5312577816330429e-08,0.0004918905060849008,2.0183663636815616e-07,0.0024370724509482889
0.20417379446695297,32495.268639244237,0.019199626359658824,0.0039200605661992727,1.5475778806678873e-08,0.00050288958972455257,2.0417379446695296e-07,0.0024630466952797361
0.20653801558105292,32871.546116115474,0.019181746002066413,0.0039617597546465922,1.5640400604207479e-08,0.00051412414973572645,2.0653801558105292e-07,0.002489247068097087
0.20892961308540386,33252.180680819169,0.019163483600740213,0.0040038192140711354,1.5806444694545045e-08,0.00052559875490438743,2.0892961308540385e-07,0.0025156738058455075
0.21134890398366477,33637.222786054619,0.019144831777069281,0.0040462392130352293,1.5973912137933134e-08,0.00053731804134851885,2.1134890398366475e-07,0.0025423270772676845
0.21379620895022325,34026.723468735749,0.01912578304528632,0.0040890199082866709,1.614280355318725e-08,0.00054928671251442741,2.1379620895022324e-07,0.0025692069808511625
0.21627185237270199,34420.734356756177,0.019106329812564056,0.0041321613406070084,1.6313119101306491e-08,0.00056150953911619577,2.1627185237270197e-07,0.0025963135422197455
0.21877616239495518,34819.307675832344,0.019086464379206754,0.0041756634305708633,1.6484858468732031e-08,0.00057399135901533107,2.1877616239495516e-07,0.0026236467114689956
0.22130947096056386,35222.496256426006,0.019066178938941757,0.0042195259742166449,1.6658020850255784e-08,0.00058673707703760074,2.2130947096056384e-07,0.0026512063604460642
0.223872113856834,35630.353540746735,0.019045465579315923,0.0042637486386290276,1.6832604931580724e-08,0.00059975166472393826,2.2387211385683399e-07,0.0026789922799740867
0.22646443075930595,36042.933589835811,0.019024316282202039,0.0043083309574338813,1.7008608871535583e-08,0.00061304016001224924,2.2646443075930594e-07,0.0027070041770215522
0.22908676527677724,36460.291090731873,0.019002722924420477,0.0043532723262063484,1.7186030283946671e-08,0.000626607666846829,2.2908676527677724e-07,0.0027352416718171221
0.23173946499684797,36882.481363719613,0.018980677278481312,0.0043985719977930882,1.7364866219170828e-08,0.00064045935471205228,2.3173946499684795e-07,0.0027637042949105088
0.23442288153199226,37309.560369662351,0.018958171013452502,0.0044442290775498251,1.7545113145294019e-08,0.00065460045808690367,2.3442288153199225e-07,0.0027923914841801343
0.23713737056616552,37741.58471741977,0.018935195695959549,0.0044902425184956216,1.7726766929001178e-08,0.000669036275816853,2.3713737056616551e-07,0.0028213025817884754
0.23988329190194899,38178.611671351209,0.018911742791322496,0.0045366111163853929,1.7909822816123271e-08,0.00068377217039947613,2.3988329190194898e-07,0.0028504368310860286
0.24266100950824168,38620.699158906085,0.018887803664835934,0.0045833335047025551,1.8094275411869057e-08,0.00069881356718018634,2.4266100950824167e-07,0.0028797933734651003
0.2454708915685031,39067.905778301923,0.018863369583198054,0.004630408149573809,1.8280118660749478e-08,0.00071416595345433936,2.4547089156850309e-07,0.0029093712451646772
0.24831331052955705,39520.290806291792,0.018838431716094717,0.0046778333446084843,1.8467345826204179e-08,0.00072983487747194814,2.4831331052955703e-07,0.0029391693740278765
0.25118864315095796,39977.914206021123,0.018812981137944648,0.0047256072056648807,1.8655949469939873e-08,0.00074582594734112155,2.5118864315095796e-07,0.0029691865762135556
0.25409727055493064,40440.836634975924,0.018787008829812043,0.0047737276655466215,1.8845921430992383e-08,0.00076214482982635463,2.5409727055493065e-07,0.0029994215528639234
0.25703957827688645,40909.119453022642,0.018760505681492838,0.0048221924686320519,1.9037252804524342e-08,0.00077879724903767657,2.5703957827688642e-07,0.0030298728867300968
0.26001595631652719,41382.82473054163,0.018733462493781043,0.0048709991654402726,1.9229933920372762e-08,0.00079578898500668328,2.6001595631652718e-07,0.0030605390387578348
0.26302679918953814,41862.015256654333,0.018705869980921566,0.0049201451071374663,1.9423954321360883e-08,0.00081312587214536617,2.630267991895381e-07,0.0030914183446357655
0.26607250597988114,42346.75454754597,0.018677718773256087,0.004969627439987718,1.9619302741390888e-08,0.00083081379758367566,2.660725059798811e-07,0.0031225090113087325
0.26915348039269166,42837.106854884412,0.018648999420068472,0.0050194430997527175,1.981596708333481e-08,0.00084885869938168546,2.6915348039269164e-07,0.003153809113459023
0.27227013080779128,43333.137174336924,0.018619702392636345,0.0050695888060452417,2.0013934396742985e-08,0.00086726656461224389,2.7227013080779127e-07,0.0031853165899585565
0.27542287033381663,43834.911254185055,0.018589818087495408,0.0051200610566414862,2.0213190855390014e-08,0.00088604342730992615,2.7542287033381663e-07,0.003217029240295217
0.27861211686297693,44342.495604039592,0.018559336829923147,0.0051708561217579004,2.0413721734680648e-08,0.00090519536628216413,2.7861211686297694e-07,0.0032489447209768851
0.28183829312644548,44855.957503656355,0.018528248877648527,0.0052219700382984402,2.0615511388938819e-08,0.00092472850277838326,2.8183829312644549e-07,0.0032810605419168783
0.28510182675039097,45375.365011853886,0.018496544424794231,0.0052733986040785948,2.081854322860503e-08,0.00094464899801301227,2.8510182675039097e-07,0.0033133740628047965
0.28840315031266056,45900.786975534837,0.018464213606057996,0.0053251373720330179,2.1022799697368996e-08,0.00096496305053827257,2.8840315031266057e-07,0.0033458824894670764
0.2917427014001166,46432.293038811375,0.018431246501139566,0.0053771816444139033,2.1228262249265746e-08,0.00098567689346264415,2.917427014001166e-07,0.00337858287022172
0.2951209226666387,46969.953652236531,0.018397633139419611,0.0054295264669878456,2.1434911325765756e-08,0.0010067967915110174,2.9512092266663867e-07,0.0034114720922320701
0.298538261891796,47513.840082142146,0.018363363504896962,0.0054821666232391783,2.1642726332890631e-08,0.0010283290379225322,2.9853826189179601e-07,0.003444546877864673
0.3019951720402016,48064.024420085429,0.018328427541390267,0.0055350966285885239,2.1851685618388865e-08,0.0010502799511822719,3.019951720402016e-07,0.0034778037810566679
0.30549211132155124,48620.579592404451,0.018292815158010255,0.0055883107246354289,2.2061766449006674e-08,0.0010726558715829671,3.0549211132155123e-07,0.0035112391836983432
0.30902954325135917,49183.579369884486,0.01825651623490826,0.0056418028734347234,2.2272944987891971e-08,0.0010954631576130557,3.0902954325135914e-07,0.0035448492920368618
0.31260793671239556,49753.098377536138,0.018219520629306905,0.0056955667518165587,2.2485196272170769e-08,0.001118708182167521,3.1260793671239555e-07,0.0035786301331074363
0.31622776601683794,50329.212104487044,0.018181818181818181,0.005749595745760689,2.2698494190737736e-08,0.0011423973285781064,3.1622776601683792e-07,0.0036125775511985812
0.3198895109691397,50911.996913987663,0.018143398723054299,0.0058038829448359532,2.2912811462304154e-08,0.0011665369864596103,3.1988951096913969e-07,0.0036466872043583449
0.32359365692962844,51501.530053533323,0.018104252080536079,0.0058584211367165035,2.3128119613748849e-08,0.0011911335473691999,3.2359365692962843e-07,0.0036809545609487464
0.32734069487883827,52097.889665102986,0.018064368085903615,0.0059132028017868004,2.334438895881957e-08,0.0012161934002758302,3.2734069487883823e-07,0.003715374896255997
0.33113112148259111,52701.154795517272,0.018023736582433354,0.0059682201078479595,2.3561588577234488e-08,0.0012417229268371264,3.3113112148259111e-07,0.0037499432891644072
0.33496543915782756,53311.405406915779,0.017982347432865534,0.0060234649049384368,2.3779686294235073e-08,0.0012677284964812447,3.3496543915782756e-07,0.0037846546189021068
0.33884415613920271,53928.722387356109,0.01794019052754546,0.0060789287202826598,2.3998648660644094e-08,0.0012942164612915709,3.3884415613920269e-07,0.0038195035618672013
0.34276778654645046,54553.187561535255,0.017897255792881605,0.0061346027533816664,2.4218440933484234e-08,0.0013211931506923284,3.4276778654645045e-07,0.0038544845885431119
0.34673685045253166,55184.883701635707,0.017853533200123083,0.0061904778712603865,2.4439027057215114e-08,0.0013486648659335443,3.4673685045253164e-07,0.0038895919605123615
0.35075187395256796,55823.894538296605,0.017809012774458496,0.0062465446038865386,2.4660369645647822e-08,0.0013766378743740549,3.5075187395256796e-07,0.0039248197275781821
0.35481338923357569,56470.304771712254,0.017763684604437658,0.0063027931397768152,2.4882429964598826e-08,0.0014051184035616809,3.5481338923357569e-07,0.0039601617250037977
0.35892193464500532,57124.200082858806,0.01771753885171699,0.006359213321806308,2.5105167915346243e-08,0.001434112635110006,3.5892193464500533e-07,0.0039956115708794085
0.36307805477010141,57785.667144851555,0.017670565761128784,0.0064157946432377953,2.5328542018954107e-08,0.0014636266983716684,3.6307805477010142e-07,0.0040311626636273211
0.36728230049808464,58454.793634433066,0.017622755671073968,0.0064725262439877139,2.5552509401531005e-08,0.0014936666639084057,3.6728230049808462e-07,0.0040668081796557875
0.3715352290971724,59131.668243594773,0.017574099024237032,0.0065293969071462989,2.5777025780492141e-08,0.001524238536758651,3.7153522909717237e-07,0.0041025410711725456
0.37583740428844431,59816.380691333019,0.017524586378621289,0.0065863950557696537,2.6002045451894944e-08,0.0015553482495038922,3.7583740428844427e-07,0.0041383540641692154
0.38018939632056126,60509.021735540977,0.017474208418901627,0.0066435087499618784,2.6227521278919765e-08,0.0015870016551355196,3.8018939632056126e-07,0.0041742396565879495
0.38459178204535355,61209.683185038863,0.017422955968091111,0.006700725684265889,2.6453404681569245e-08,0.0016192045197244774,3.8459178204535352e-07,0.0042101901166820303
0.3890451449942805,61918.457911742888,0.017370819999517034,0.0067580331853816528,2.6679645627660275e-08,0.0016519625148964979,3.8904514499428049e-07,0.0042461974815822057
0.39355007545577764,62635.439862975414,0.017317791649100876,0.0068154182102310862,2.6906192625184511e-08,0.0016852812101163771,3.9355007545577761e-07,0.0042822535560808148
0.39810717055349731,63360.724073917343,0.0172638622279358,0.0068728673443889179,2.7132992716113675e-08,0.0017191660647852876,3.9810717055349729e-07,0.0043183499116458829
0.40271703432545908,64094.406680205306,0.017209023235154244,0.0069303668008992335,2.7359991471727457e-08,0.0017536224201558485,4.0271703432545905e-07,0.0043544778856775251
0.40738027780411262,64836.584930674064,0.017153266371077138,0.0069879024194973473,2.7587132989541595e-08,0.0017886554910702139,4.0738027780411261e-07,0.0043906285810190416
0.41209751909733039,65587.357200246872,0.017096583550635189,0.0070454596662569893,2.7814359891915015e-08,0.00182427035752725,4.1209751909733038e-07,0.0044267928657352306
0.41686938347033548,66346.82300297475,0.017038966917051476,0.0071030236336826914,2.8041613326414565e-08,0.0018604719560854851,4.1686938347033546e-07,0.0044629613731704439
0.42169650342858223,67115.08300522725,0.016980408855773534,0.0071605790412674316,2.8268832968016502e-08,0.0018972650711093322,4.216965034285822e-07,0.0044991245022989613
0.42657951880159256,67892.239039035572,0.016920902008641898,0.0072181102365353614,2.8495957023223018e-08,0.0019346543258667416,4.2657951880159254e-07,0.0045352724183801551
0.43151907682776547,68678.394115590228,0.01686043928828072,0.0072756011965894847,2.8722922236172228e-08,0.0019726441734872866,4.3151907682776546e-07,0.0045713950539309264
0.4365158322401661,69473.652438894977,0.016799013892695069,0.0073330355301839002,2.8949663896819059e-08,0.0020112388877904334,4.365158322401661e-07,0.0046074821100277347
0.44157044735331252,70278.119419579234,0.016736619320057895,0.007390396480340059,2.9176115851263817e-08,0.0020504425539945971,4.4157044735331251e-07,0.0046435230579504371
0.44668359215096304,71091.901688869912,0.016673249383668761,0.007447666927525993,2.9402210514303276e-08,0.0020902590593183056,4.4668359215096301e-07,0.004679507141179865
0.4518559443749226,71915.10711272544,0.016608898227064742,0.0075048293934173163,2.9627878884278528e-08,0.0021306920834857465,4.5185594437492259e-07,0.004715423377760917
0.45708818961487518,72747.844806132925,0.01654356033926279,0.007561866045258079,2.9853050560290926e-08,0.0021717450891496838,4.5708818961487516e-07,0.0047512605630425763
0.46238102139926035,73590.225147571735,0.016477230570111447,0.0076187587008392484,3.0077653761856351e-08,0.0022134213122457168,4.6238102139926035e-07,0.0047870072728059794
0.46773514128719812,74442.359793643656,0.016409904145728463,0.0076754888341116802,3.0301615351064341e-08,0.0022557237522925276,4.677351412871981e-07,0.0048226518667911474
0.47315125896148075,75304.361693873114,0.016341576683999482,0.007732037581449934,3.0524860857306628e-08,0.0022986551626537682,4.7315125896148074e-07,0.0048581824926326603
0.47863009232263853,76176.345105678149,0.016272244210111735,0.0077883857485822995,3.0747314504635798e-08,0.0023422180407779601,4.7863009232263851e-07,0.0048935870902139184
0.48417236758409937,77058.425609515572,0.016201903172095133,0.0078445138182016306,3.0968899241811636e-08,0.0023864146184337251,4.841723675840994e-07,0.0049288533964491716
0.48977881936844614,77950.720124200743,0.016130550456342159,0.007900401958270414,3.1189536775088259e-08,0.0024312468519583717,4.8977881936844608e-07,0.0049639689505017476
0.49545019080479002,78853.34692240505,0.016058183403076319,0.0079560300310324746,3.1409147603790884e-08,0.00247671641253875,4.9545019080479004e-07,0.0049989210994462793
0.50118723362727247,79766.425646333009,0.015984799821737963,0.0080113776027425677,3.1627651058726702e-08,0.0025228246765440889,5.0118723362727239e-07,0.0050336970043819715
0.50699070827470449,80690.077323580306,0.01591039800625484,0.0080664239541235871,3.184496534346831e-08,0.0025695727159311932,5.0699070827470447e-07,0.0050682836470030785
0.51286138399136483,81624.42438317636,0.015834976750163692,0.0081211480915600355,3.2061007578543743e-08,0.0026169612887432881,5.1286138399136481e-07,0.0051026678366319547
0.51880003892896098,82569.590671811879,0.015758535361548046,0.0081755287590345345,3.2275693848559945e-08,0.0026649908297243113,5.1880003892896098e-07,0.0051368362177189944
0.52480746024977287,83525.701470254731,0.015681073677756299,0.008229544450812849,3.2488939252281197e-08,0.0027136614410712802,5.2480746024977286e-07,0.0051707752778128585
0.53088444423098846,84492.883509955456,0.01560259207986317,0.0082831734248809807,3.2700657955676691e-08,0.002762972883347889,5.308844442309884e-07,0.0052044713560032577
0.53703179637025267,85471.264989845891,0.015523091506836615,0.0083363937171362801,3.2910763247944758e-08,0.0028129245665831676,5.3703179637025265e-07,0.0052379106518374886
0.54325033149243307,86460.975593331474,0.015442573469371678,0.0083891831563324155,3.3119167600513243e-08,0.0028635155415794298,5.4325033149243307e-07,0.0052710792347106291
0.54954087385762485,87462.146505480719,0.015361040063351677,0.0084415193797762657,3.3325782729008376e-08,0.0029147444914543498,5.495408738576248e-07,0.0053039630537281965
0.55590425727040371,88474.910430413453,0.015278493982896772,0.0084933798497725619,3.3530519658175576e-08,0.0029666097234423016,5.5590425727040365e-07,0.0053365479480386117
0.56234132519034907,89499.401608891028,0.015194938532959156,0.0085447418708101512,3.3733288789728152e-08,0.0030191091609805816,5.6234132519034904e-07,0.0053688196576316552
0.56885293084384136,90535.755836109456,0.015110377641423938,0.0085955826074812589,3.3933999973089669e-08,0.003072240336106191,5.6885293084384133e-07,0.0054007638345974643
0.57543993733715726,91584.110479699099,0.015024815870674208,0.0086458791031230921,3.4132562578988072e-08,0.0031260003821892866,5.7543993733715718e-07,0.0054323660548394031
0.58210321777087159,92644.604497932232,0.014938258428578863,0.0086956082991686001,3.4328885575849422e-08,0.0031803860270293405,5.8210321777087158e-07,0.0054636118302325018
0.58884365535558902,93717.378458142412,0.014850711178861397,0.0087447470551908543,3.4522877608929942e-08,0.0032353935863402182,5.8884365535558903e-07,0.0054944866212177134
0.59566214352901037,94802.574555356041,0.014762180650808374,0.0087932721696229975,3.4714447082115082e-08,0.0032910189576501772,5.9566214352901037e-07,0.005524975849820638
0.60255958607435811,95900.336631140482,0.014672674048276144,0.0088411604011332488,3.4903502242304666e-08,0.0033472576146427843,6.0255958607435806e-07,0.0055550649130818421
0.60953689724016935,97010.810192669625,0.014582199257955048,0.0088883884906318204,3.5089951266292725e-08,0.0034041046019643506,6.0953689724016937e-07,0.0055847391968841999
0.61659500186148219,98134.142432011315,0.01449076485685072,0.0089349331838841708,3.5273702350041024e-08,0.003461554530523298,6.1659500186148219e-07,0.0056139840901612342
0.62373483548241915,99270.482245637133,0.01439838011894304,0.0089807712547022717,3.5454663800234533e-08,0.0035196015733062157,6.2373483548241915e-07,0.0056427849994686091
0.63095734448019358,100419.98025415863,0.014305055020983969,0.0090258795286831048,3.5632744127997243e-08,0.0035782394617349697,6.309573444801936e-07,0.0056711273638994694
0.63826348619054896,101582.78882229155,0.014210800247396752,0.0090702349074609657,3.5807852144636426e-08,0.0036374614825884417,6.3826348619054895e-07,0.005698996670322613
0.64565422903465564,102759.06207905218,0.014115627194240048,0.0091138143934376779,3.5979897059273617e-08,0.0036972604755118048,6.4565422903465561e-07,0.0057263784689209453
0.65313055264747233,103948.95593818661,0.014019547972202159,0.0091565951149521468,3.6148788578210008e-08,0.0037576288311351757,6.5313055264747232e-07,0.0057532583890059705
0.66069344800759577,105152.62811883702,0.013922575408592,0.0091985543518484092,3.6314437005865088e-08,0.0038185584898226647,6.606934480075957e-07,0.0057796221550826766
0.66834391756861489,106370.23816644731,0.013824723048295257,0.0092396695613987754,3.6476753347117093e-08,0.0038800409410715991,6.6834391756861489e-07,0.0058054556031375236
0.67608297539198192,107601.94747391017,0.013726005153666248,0.0092799184045363539,3.6635649410864847e-08,0.0039420672235804671,6.7608297539198191e-07,0.0058307446971208243
0.68391164728142928,108847.91930296029,0.013626436703327874,0.0093192787723490964,3.6791037914622104e-08,0.0040046279260029394,6.8391164728142927e-07,0.0058554755455934434
0.69183097091893631,110108.31880581402,0.01352603338985474,0.0093577288127851561,3.6942832589946028e-08,0.0040677131884035937,6.918309709189363e-07,0.0058796344185062781
0.69984199600227381,111383.31304706035,0.013424811616316631,0.0093952469575175421,3.7090948288494612e-08,0.0041313127044297227,6.9984199600227379e-07,0.0059032077640797931
0.70794578438413802,112673.0710258047,0.01332278849166244,0.0094318119489139336,3.7235301088499262e-08,0.0041954157242117002,7.0794578438413801e-07,0.0059261822257496884
0.71614341021290195,113977.76369807028,0.013219981824927167,0.0094674028670559251,3.7375808401432467e-08,0.0042600110580028197,7.1614341021290188e-07,0.0059485446591435662
0.72443596007498989,115297.56399945759,0.013116410118247903,0.0095019991567502314,3.751238907864378e-08,0.004325087080567485,7.2443596007498984e-07,0.0059702821490525875
0.73282453313890439,116632.64686806711,0.013012092558677447,0.0095355806544730123,3.7644963517731752e-08,0.0043906317363248768,7.3282453313890435e-07,0.005991382026361073
0.74131024130091772,117983.18926768677,0.012907049008787646,0.0095681276151871417,3.7773453768414253e-08,0.0044566325452530349,7.4131024130091765e-07,0.0060118318848963095
0.74989420933245576,119349.37021124885,0.012801299996057704,0.0095996207389712606,3.7897783637655766e-08,0.0045230766095563871,7.4989420933245574e-07,0.006031619598160066
0.75857757502918355,120731.37078455769,0.01269486670104634,0.0096300411973984628,3.8017878793806275e-08,0.0045899506210973981,7.5857757502918357e-07,0.0060507333359028125
0.76736148936181936,122129.37417029242,0.012587770944350041,0.0096593706596018823,3.8133666869504058e-08,0.0046572408695909444,7.6736148936181935e-07,0.0060691615805012131
0.77624711662869195,123543.56567228732,0.01248003517235334,0.0096875913179639405,3.8245077563092784e-08,0.0047249332515576755,7.7624711662869189e-07,0.0060868931430991561
0.78523563461007184,124974.13274009431,0.012371682441780614,0.0097146859133658836,3.8352042738302681e-08,0.0047930132800304091,7.8523563461007177e-07,0.0061039171794725015
0.79432823472428138,126421.26499382869,0.012262736403062862,0.0097406377599341069,3.8454496521945137e-08,0.0048614660950050898,7.9432823472428135e-07,0.0061202232055776662
0.8035261221856177,127885.15424930333,0.012153221282536392,0.0097654307692201878,3.8552375399371598e-08,0.0049302764746256842,8.0352612218561765e-07,0.0061358011127443726
0.81283051616409951,129365.99454345318,0.012043161863494335,0.0097890494737518981,3.8645618307449274e-08,0.0049994288470898577,8.1283051616409953e-07,0.0061506411824731981
0.82224264994707119,130863.98216005534,0.01193258346611548,0.0098114790498933999,3.8734166724809568e-08,0.0050689073032600881,8.222426499470712e-07,0.006164734100799053
0.83176377110267086,132379.31565574586,0.011821511926298869,0.0098327053399535468,3.8817964759128138e-08,0.0051386956099622426,8.3176377110267077e-07,0.0061780709721822365
0.84139514164519558,133912.19588633833,0.011709973573436186,0.0098527148734828367,3.8896959231201909e-08,0.0052087772239516258,8.4139514164519554e-07,0.0061906433328897132
0.85113803820237677,135462.82603344673,0.011597995207157626,0.0098714948877007113,3.8971099755592816e-08,0.0052791353065239684,8.5113803820237673e-07,0.0062024431638299489
0.86099375218460072,137031.41163141758,0.011485604073090488,0.0098890333469969123,3.9040338817616055e-08,0.0053497527387467558,8.6099375218460065e-07,0.006213462902805997
0.87096358995608048,138618.16059457287,0.011372827837673355,0.0099053189614524331,3.9104631846457921e-08,0.0054206121372839524,8.7096358995608045e-07,0.0062236954561525285
0.88104887300801371,140223.28324476894,0.011259694562071921,0.0099203412043279253,3.9163937284217196e-08,0.0054916958707851545,8.8104887300801363e-07,0.0062331342097241473
0.8912509381337459,141846.99233927467,0.011146232675245851,0.0099340903284698759,3.9218216650674203e-08,0.0055629860768081976,8.9125093813374582e-07,0.0062417730392036758
0.90157113760595708,143489.50309897144,0.011032470946219208,0.009946557381587522,3.9267434603601617e-08,0.0056344646792421526,9.0157113760595709e-07,0.0062496063197009372
0.91201083935590965,145151.03323688151,0.010918438455609676,0.0099577342203564217,3.9311558994443136e-08,0.0057061134061960443,9.1201083935590964e-07,0.0062566289346142837
0.92257142715476281,146831.80298702494,0.010804164566474917,0.0099676135233076838,3.9350560919198128e-08,0.0057779138083166228,9.2257142715476274e-07,0.0062628362837291391
0.93325430079699145,148532.03513361176,0.010689678894536625,0.0099761888024651347,3.9384414764363303e-08,0.0058498472774971477,9.3325430079699146e-07,0.0062682242905298443
0.94406087628592361,150251.95504057102,0.010575011277845369,0.0099834544136962241,3.9413098247796493e-08,0.0059218950659375271,9.4406087628592354e-07,0.0062727894087033316
0.95499258602143589,151991.79068142362,0.010460191745951246,0.0099894055657460592,3.9436592454381534e-08,0.0059940383055149685,9.5499258602143582e-07,0.0062765286278153613
0.96605087898981312,153751.77266949919,0.010345250488647527,0.0099940383279277373,3.9454881866388527e-08,0.0060662580274229144,9.6605087898981312e-07,0.0062794394781425199
0.97723722095581111,155532.13428850408,0.01023021782435583,0.0099973496364460963,3.9467954388438991e-08,0.0061385351820352468,9.772372209558111e-07,0.0062815200346455291
0.98855309465693908,157333.11152344217,0.010115124168222897,0.0099993372993359402,3.9475801367001186e-08,0.0062108506589516489,9.8855309465693911e-07,0.0062827689200720379
1,159154.94309189534,0.01,0.01,3.9478417604357427e-08,0.0062831853071795857,9.9999999999999995e-07,0.0062831853071795857
1.0115794542598984,160997.87047566468,0.0098848758317771016,0.0099993372993359402,3.9475801367001186e-08,0.0063555199554075235,1.0115794542598983e-06,0.0062827689200720379
1.0232929922807548,162862.13795277884,0.0097697821756441618,0.0099973496364460963,3.9467954388438991e-08,0.0064278354323239343,1.0232929922807548e-06,0.0062815200346455291
1.0351421666793441,164747.99262987226,0.0096547495113524732,0.0099940383279277373,3.9454881866388527e-08,0.006500112586936258,1.035142166679344e-06,0.0062794394781425199
1.0471285480508996,166655.68447493995,0.0095398082540487546,0.0099894055657460592,3.9436592454381534e-08,0.0065723323088442065,1.0471285480508996e-06,0.0062765286278153622
1.0592537251772887,168585.46635046953,0.00942498872215463,0.0099834544136962258,3.9413098247796499e-08,0.0066444755484216462,1.0592537251772886e-06,0.0062727894087033316
1.0715193052376071,170537.59404695861,0.0093103211054633653,0.0099761888024651364,3.9384414764363309e-08,0.0067165233368620325,1.071519305237607e-06,0.0062682242905298452
1.0839269140212038,172512.32631681842,0.0091958354335250833,0.0099676135233076821,3.9350560919198121e-08,0.0067884568060425487,1.0839269140212037e-06,0.0062628362837291382
1.0964781961431851,174509.92490867269,0.0090815615443903246,0.0099577342203564217,3.9311558994443136e-08,0.006860257208163128,1.0964781961431851e-06,0.0062566289346142837
1.1091748152624008,176530.65460205093,0.0089675290537807924,0.009946557381587522,3.9267434603601617e-08,0.0069319059351170198,1.1091748152624008e-06,0.0062496063197009372
1.1220184543019642,178574.78324248552,0.0088537673247541387,0.0099340903284698742,3.9218216650674196e-08,0.0070033845375509808,1.1220184543019641e-06,0.0062417730392036758
1.1350108156723155,180642.58177701311,0.0087403054379280795,0.0099203412043279253,3.9163937284217196e-08,0.0070746747435740179,1.1350108156723156e-06,0.0062331342097241465
1.1481536214968828,182734.32429008995,0.0086271721623266476,0.0099053189614524331,3.9104631846457921e-08,0.0071457584770752208,1.1481536214968827e-06,0.0062236954561525285
1.1614486138403426,184850.28803992047,0.0085143959269095119,0.0098890333469969123,3.9040338817616055e-08,0.0072166178756124157,1.1614486138403425e-06,0.0062134629028059961
1.1748975549395302,186990.75349520793,0.0084020047928423641,0.0098714948877007078,3.8971099755592796e-08,0.0072872353078352109,1.1748975549395302e-06,0.0062024431638299481
1.1885022274370189,189156.00437232963,0.0082900264265638075,0.0098527148734828332,3.8896959231201896e-08,0.0073575933904075526,1.1885022274370189e-06,0.0061906433328897123
1.2022644346174132,191346.32767294414,0.0081784880737011314,0.0098327053399535468,3.8817964759128138e-08,0.0074276750043969306,1.2022644346174132e-06,0.0061780709721822374
1.2161860006463678,193562.01372203248,0.0080674165338845225,0.0098114790498933999,3.8734166724809568e-08,0.0074974633110990833,1.2161860006463678e-06,0.006164734100799053
1.2302687708123812,195803.35620638056,0.0079568381365056635,0.0097890494737518999,3.8645618307449281e-08,0.007566941767269313,1.2302687708123811e-06,0.006150641182473199
1.2445146117713857,198070.65221350713,0.0078467787174636011,0.0097654307692201826,3.8552375399371578e-08,0.007636094139733496,1.2445146117713856e-06,0.0061358011127443709
1.2589254117941675,200364.20227104166,0.0077372635969371372,0.0097406377599341069,3.8454496521945137e-08,0.0077049045193540834,1.2589254117941674e-06,0.0061202232055776662
1.2735030810166617,202684.31038656019,0.0076283175582193856,0.0097146859133658836,3.8352042738302681e-08,0.0077733573343287624,1.2735030810166616e-06,0.0061039171794725023
1.2882495516931336,205031.28408788037,0.0075199648276466592,0.0096875913179639422,3.824507756309279e-08,0.0078414373628014969,1.2882495516931335e-06,0.0060868931430991561
1.3031667784523,207405.43446382441,0.007412229055649951,0.0096593706596018805,3.8133666869504052e-08,0.007909129744768234,1.3031667784523e-06,0.0060691615805012122
1.3182567385564075,209807.07620545261,0.0073051332989536606,0.0096300411973984628,3.8017878793806275e-08,0.0079764199932617734,1.3182567385564074e-06,0.0060507333359028125
1.333521432163324,212236.52764777662,0.0071987000039422985,0.0095996207389712606,3.7897783637655766e-08,0.0080432940048027843,1.3335214321633239e-06,0.006031619598160066
1.3489628825916533,214694.11081195369,0.0070929509912123542,0.0095681276151871417,3.7773453768414253e-08,0.0081097380691061392,1.3489628825916533e-06,0.0060118318848963103
1.3645831365889252,217180.15144797045,0.0069879074413225451,0.0095355806544730089,3.7644963517731739e-08,0.0081757388780343016,1.3645831365889251e-06,0.0059913820263610713
1.3803842646028852,219694.97907782003,0.0068835898817520983,0.0095019991567502314,3.751238907864378e-08,0.00824128353379169,1.3803842646028851e-06,0.0059702821490525875
1.3963683610559376,222238.92703918094,0.0067800181750728343,0.0094674028670559233,3.7375808401432454e-08,0.0083063595563563526,1.3963683610559376e-06,0.0059485446591435662
1.4125375446227539,224812.33252959998,0.0066772115083375602,0.0094318119489139336,3.7235301088499262e-08,0.008370954890147473,1.4125375446227539e-06,0.0059261822257496884
1.4288939585111036,227415.53665118778,0.0065751883836833594,0.0093952469575175404,3.7090948288494605e-08,0.0084350579099294557,1.4288939585111036e-06,0.0059032077640797922
1.4454397707459279,230048.88445583041,0.0064739666101452601,0.0093577288127851561,3.6942832589946028e-08,0.0084986574259555796,1.4454397707459277e-06,0.0058796344185062764
1.4621771744567182,232712.72499092732,0.0063735632966721257,0.0093192787723490947,3.6791037914622097e-08,0.008561742688356232,1.4621771744567182e-06,0.0058554755455934434
1.4791083881682072,235407.41134565609,0.006273994846333752,0.0092799184045363539,3.6635649410864847e-08,0.0086243033907787044,1.4791083881682071e-06,0.005830744697120826
1.4962356560944343,238133.30069777439,0.0061752769517047345,0.0092396695613987702,3.6476753347117067e-08,0.0086863296732875763,1.4962356560944344e-06,0.0058054556031375201
1.5135612484362087,240890.75436096286,0.0060774245914080012,0.0091985543518484092,3.6314437005865088e-08,0.0087478121245365068,1.5135612484362087e-06,0.0057796221550826766
1.5310874616820302,243680.13783271803,0.0059804520277978402,0.0091565951149521468,3.6148788578210008e-08,0.008808741783223998,1.5310874616820303e-06,0.0057532583890059705
1.5488166189124812,246501.82084279772,0.0058843728057599506,0.0091138143934376779,3.5979897059273617e-08,0.0088691101388473706,1.5488166189124811e-06,0.0057263784689209453
1.5667510701081502,249356.17740222879,0.0057891997526032385,0.0090702349074609622,3.5807852144636412e-08,0.0089289091317707354,1.5667510701081502e-06,0.0056989966703226112
1.584893192461114,252243.58585288096,0.0056949449790160258,0.0090258795286831013,3.563274412799723e-08,0.00898813115262421,1.5848931924611139e-06,0.0056711273638994667
1.6032453906900417,255164.42891761713,0.0056016198810569604,0.0089807712547022699,3.5454663800234526e-08,0.0090467690410529558,1.6032453906900416e-06,0.0056427849994686091
1.6218100973589298,258119.09375102172,0.0055092351431492801,0.0089349331838841708,3.5273702350041024e-08,0.009104816083835874,1.6218100973589298e-06,0.0056139840901612342
1.6405897731995387,261107.97199071807,0.0054178007420449519,0.0088883884906318204,3.5089951266292725e-08,0.0091622660123948235,1.6405897731995386e-06,0.0055847391968841999
1.6595869074375613,264131.45980927965,0.0053273259517238481,0.0088411604011332436,3.4903502242304647e-08,0.0092191129997163928,1.6595869074375613e-06,0.0055550649130818378
1.6788040181225607,267189.95796674141,0.0052378193491916256,0.0087932721696229958,3.4714447082115076e-08,0.0092753516567089956,1.6788040181225607e-06,0.0055249758498206371
1.6982436524617444,270283.8718637214,0.0051492888211386043,0.0087447470551908525,3.4522877608929936e-08,0.0093309770280189559,1.6982436524617442e-06,0.0054944866212177134
1.7179083871575875,273413.61159515555,0.0050617415714211376,0.0086956082991685984,3.4328885575849416e-08,0.0093859845873298306,1.7179083871575874e-06,0.005463611830232501
1.7378008287493762,276579.59200465557,0.0049751841293257824,0.0086458791031230886,3.4132562578988059e-08,0.009440370232169891,1.7378008287493761e-06,0.0054323660548394022
1.7579236139586931,279782.23273949482,0.0048896223585760609,0.0085955826074812572,3.3933999973089662e-08,0.0094941302782529831,1.757923613958693e-06,0.0054007638345974643
1.7782794100389228,283021.95830623398,0.0048050614670408437,0.0085447418708101529,3.3733288789728158e-08,0.0095472614533785929,1.7782794100389227e-06,0.0053688196576316561
1.7988709151287874,286299.19812698785,0.0047215060171032289,0.0084933798497725636,3.3530519658175583e-08,0.0095997608909168721,1.7988709151287872e-06,0.0053365479480386134
1.8197008586099843,289614.38659634517,0.0046389599366483169,0.0084415193797762605,3.3325782729008356e-08,0.0096516261229048286,1.8197008586099843e-06,0.0053039630537281938
1.8407720014689564,292967.96313894604,0.0045574265306283215,0.0083891831563324172,3.311916760051325e-08,0.0097028550727797421,1.8407720014689562e-06,0.00527107923471063
1.8620871366628675,296360.37226772902,0.0044769084931633859,0.0083363937171362801,3.2910763247944758e-08,0.0097534460477760026,1.8620871366628675e-06,0.0052379106518374895
1.8836490894898001,299792.06364284962,0.0043974079201368321,0.0082831734248809789,3.2700657955676685e-08,0.0098033977310112812,1.8836490894898001e-06,0.0052044713560032577
1.9054607179632483,303263.49213128287,0.0043189263222436942,0.008229544450812842,3.2488939252281171e-08,0.0098527091732878973,1.9054607179632483e-06,0.005170775277812855
1.9275249131909367,306775.11786711408,0.0042414646384519557,0.0081755287590345328,3.2275693848559938e-08,0.0099013797846348641,1.9275249131909367e-06,0.0051368362177189935
1.9498445997580454,310327.40631253115,0.0041650232498363108,0.0081211480915600355,3.2061007578543743e-08,0.0099494093256158843,1.9498445997580454e-06,0.0051026678366319547
1.9724227361148534,313920.82831951999,0.0040896019937451599,0.0080664239541235871,3.184496534346831e-08,0.0099967978984279796,1.9724227361148533e-06,0.0050682836470030785
1.9952623149688808,317555.86019227561,0.0040152001782620302,0.0080113776027425625,3.1627651058726682e-08,0.010043545937815087,1.9952623149688808e-06,0.0050336970043819689
2.0183663636815616,321232.98375033471,0.0039418165969236797,0.0079560300310324746,3.1409147603790884e-08,0.010089654201820421,2.0183663636815618e-06,0.0049989210994462793
2.0417379446695296,324952.68639244238,0.0038694495436578419,0.0079004019582704123,3.1189536775088253e-08,0.010135123762400802,2.0417379446695294e-06,0.0049639689505017476
2.0653801558105291,328715.46116115473,0.0037980968279048674,0.0078445138182016306,3.0968899241811636e-08,0.010179955995925447,2.0653801558105291e-06,0.0049288533964491716
2.089296130854041,332521.80680819205,0.0037277557898882608,0.0077883857485822926,3.0747314504635772e-08,0.010224152573581217,2.0892961308540411e-06,0.0048935870902139149
2.1134890398366477,336372.22786054621,0.0036584233160005131,0.0077320375814499296,3.0524860857306615e-08,0.010267715451705409,2.1134890398366478e-06,0.0048581824926326577
2.1379620895022327,340267.2346873575,0.0035900958542715378,0.0076754888341116793,3.0301615351064341e-08,0.010310646862066645,2.1379620895022326e-06,0.0048226518667911474
2.1627185237270199,344207.34356756177,0.0035227694298885538,0.0076187587008392493,3.0077653761856358e-08,0.010352949302113458,2.1627185237270198e-06,0.0047870072728059803
2.1877616239495516,348193.07675832347,0.0034564396607372114,0.007561866045258079,2.9853050560290926e-08,0.01039462552520949,2.1877616239495517e-06,0.0047512605630425763
2.2130947096056386,352224.96256426006,0.0033911017729352537,0.0075048293934173137,2.9627878884278518e-08,0.010435678530873432,2.2130947096056385e-06,0.0047154233777609144
2.2387211385683399,356303.53540746728,0.0033267506163312376,0.0074476669275259947,2.9402210514303283e-08,0.010476111555040867,2.2387211385683397e-06,0.0046795071411798658
2.2646443075930596,360429.33589835814,0.0032633806799421054,0.0073903964803400581,2.9176115851263814e-08,0.010515928060364577,2.2646443075930596e-06,0.0046435230579504379
2.2908676527677723,364602.9109073187,0.0032009861073049326,0.0073330355301839002,2.8949663896819059e-08,0.01055513172656874,2.2908676527677722e-06,0.0046074821100277347
2.3173946499684797,368824.81363719614,0.0031395607117192742,0.0072756011965894787,2.8722922236172205e-08,0.010593726440871891,2.3173946499684797e-06,0.0045713950539309229
2.3442288153199229,373095.60369662358,0.0030790979913581031,0.0072181102365353597,2.8495957023223012e-08,0.010631716288492431,2.3442288153199226e-06,0.0045352724183801551
2.3713737056616551,377415.84717419773,0.0030195911442264661,0.0071605790412674324,2.8268832968016505e-08,0.010669105543249839,2.3713737056616548e-06,0.004499124502298963
2.3988329190194899,381786.11671351211,0.0029610330829485257,0.0071030236336826914,2.8041613326414565e-08,0.010705898658273687,2.3988329190194897e-06,0.0044629613731704447
2.4266100950824168,386206.99158906081,0.002903416449364806,0.0070454596662569841,2.7814359891914995e-08,0.010742100256831925,2.4266100950824168e-06,0.004426792865735228
2.454708915685031,390679.05778301926,0.0028467336289228606,0.006987902419497349,2.7587132989541602e-08,0.010777715123288961,2.4547089156850309e-06,0.0043906285810190425
2.4831331052955705,395202.90806291794,0.0027909767648457585,0.0069303668008992327,2.7359991471727453e-08,0.010812748194203324,2.4831331052955706e-06,0.0043544778856775251
2.5118864315095797,399779.14206021128,0.0027361377720642008,0.0068728673443889171,2.7132992716113672e-08,0.010847204549573886,2.5118864315095797e-06,0.004318349911645882
2.5409727055493065,404408.36634975922,0.0026822083508991198,0.0068154182102310801,2.6906192625184488e-08,0.010881089404242799,2.5409727055493063e-06,0.0042822535560808122
2.5703957827688648,409091.19453022646,0.0026291800004829636,0.0067580331853816528,2.6679645627660275e-08,0.010914408099462676,2.5703957827688647e-06,0.0042461974815822048
2.6001595631652723,413828.24730541639,0.0025770440319088884,0.0067007256842658873,2.6453404681569238e-08,0.010947166094634694,2.6001595631652723e-06,0.0042101901166820303
2.6302679918953813,418620.15256654326,0.0025257915810983737,0.0066435087499618801,2.6227521278919772e-08,0.010979368959223655,2.6302679918953812e-06,0.0041742396565879504
2.6607250597988115,423467.54547545972,0.0024754136213787055,0.0065863950557696485,2.6002045451894924e-08,0.011011022364855284,2.6607250597988115e-06,0.0041383540641692128
2.6915348039269165,428371.06854884408,0.0024259009757629699,0.0065293969071462997,2.5777025780492144e-08,0.011042132077600521,2.6915348039269163e-06,0.0041025410711725465
2.7227013080779128,433331.37174336927,0.0023772443289260341,0.0064725262439877113,2.5552509401530992e-08,0.011072703950450765,2.7227013080779125e-06,0.0040668081796557884
2.7542287033381663,438349.1125418506,0.0023294342388712149,0.0064157946432377945,2.5328542018954104e-08,0.011102743915987505,2.7542287033381663e-06,0.0040311626636273202
2.786121168629772,443424.95604039636,0.0022824611482830078,0.0063592133218063028,2.5105167915346223e-08,0.011132257979249167,2.786121168629772e-06,0.0039956115708794059
2.818382931264455,448559.57503656356,0.0022363153955623377,0.0063027931397768092,2.4882429964598803e-08,0.011161252210797494,2.8183829312644551e-06,0.0039601617250037942
2.85101826750391,453753.65011853888,0.0021909872255415045,0.0062465446038865377,2.4660369645647819e-08,0.011189732739985117,2.8510182675039098e-06,0.0039248197275781821
2.8840315031266055,459007.86975534831,0.0021464667998769196,0.0061904778712603857,2.443902705721511e-08,0.011217705748425627,2.8840315031266055e-06,0.0038895919605123619
2.917427014001166,464322.93038811377,0.0021027442071183942,0.0061346027533816646,2.4218440933484227e-08,0.011245177463666841,2.9174270140011657e-06,0.0038544845885431123
2.951209226666387,469699.53652236529,0.0020598094724545379,0.0060789287202826546,2.3998648660644074e-08,0.011272154153067605,2.9512092266663867e-06,0.0038195035618671987
2.9853826189179604,475138.40082142153,0.0020176525671344657,0.0060234649049384376,2.3779686294235077e-08,0.011298642117877929,2.9853826189179602e-06,0.0037846546189021072
3.0199517204020161,480640.24420085433,0.001976263417566646,0.0059682201078479604,2.3561588577234491e-08,0.011324647687522046,3.0199517204020159e-06,0.0037499432891644068
3.0549211132155123,486205.79592404445,0.0019356319140963845,0.0059132028017867995,2.3344388958819566e-08,0.011350177214083343,3.0549211132155123e-06,0.0037153748962559983
3.0902954325135918,491835.79369884485,0.0018957479194639207,0.0058584211367164974,2.3128119613748823e-08,0.011375237066989972,3.0902954325135919e-06,0.0036809545609487429
3.1260793671239555,497530.98377536138,0.0018566012769457038,0.0058038829448359541,2.2912811462304158e-08,0.011399833627899564,3.1260793671239555e-06,0.0036466872043583454
3.1622776601683795,503292.12104487041,0.001818181818181818,0.0057495957457606899,2.2698494190737739e-08,0.011423973285781066,3.1622776601683792e-06,0.0036125775511985821
3.1988951096913971,509119.96913987666,0.0017804793706930953,0.0056955667518165587,2.2485196272170769e-08,0.011447662432191651,3.1988951096913969e-06,0.0035786301331074363
3.2359365692962845,515015.30053533323,0.0017434837650917355,0.00564180287343472,2.2272944987891958e-08,0.011470907456746121,3.2359365692962843e-06,0.0035448492920368601
3.2734069487883826,520978.89665102982,0.0017071848419897453,0.0055883107246354289,2.2061766449006674e-08,0.011493714742776205,3.2734069487883823e-06,0.0035112391836983432
3.3113112148259112,527011.54795517272,0.001671572458609731,0.0055350966285885239,2.1851685618388865e-08,0.011516090663176902,3.3113112148259111e-06,0.0034778037810566679
3.3496543915782757,533114.05406915781,0.0016366364951030409,0.0054821666232391783,2.1642726332890631e-08,0.011538041576436642,3.3496543915782755e-06,0.003444546877864673
3.3884415613920273,539287.22387356113,0.001602366860580385,0.0054295264669878412,2.1434911325765739e-08,0.011559573822848159,3.3884415613920271e-06,0.0034114720922320688
3.4276778654645046,545531.87561535253,0.0015687534988604336,0.005377181644413905,2.1228262249265753e-08,0.011580693720896528,3.4276778654645043e-06,0.0033785828702217213
3.4673685045253166,551848.83701635711,0.0015357863939420044,0.0053251373720330161,2.102279969736899e-08,0.011601407563820901,3.4673685045253164e-06,0.0033458824894670772
3.5075187395256795,558238.94538296608,0.0015034555752057692,0.0052733986040785948,2.081854322860503e-08,0.011621721616346161,3.5075187395256794e-06,0.0033133740628047965
3.5481338923357568,564703.04771712248,0.0014717511223514689,0.0052219700382984367,2.0615511388938806e-08,0.011641642111580792,3.5481338923357567e-06,0.0032810605419168761
3.5892193464500535,571242.00082858815,0.0014406631700768517,0.0051708561217578995,2.0413721734680645e-08,0.011661175248077008,3.5892193464500531e-06,0.0032489447209768855
3.630780547701014,577856.6714485155,0.001410181912504592,0.0051200610566414862,2.0213190855390014e-08,0.011680327187049245,3.6307805477010137e-06,0.0032170292402952175
3.6728230049808461,584547.93634433066,0.0013802976073636526,0.0050695888060452426,2.0013934396742988e-08,0.011699104049746931,3.6728230049808458e-06,0.0031853165899585569
3.7153522909717278,591316.6824359484,0.0013510005799315223,0.0050194430997527141,1.9815967083334797e-08,0.01171751191497749,3.7153522909717276e-06,0.0031538091134590209
3.758374042884443,598163.80691333022,0.0013222812267439112,0.0049696274399877137,1.9619302741390871e-08,0.011735556816775499,3.758374042884443e-06,0.0031225090113087303
3.8018939632056123,605090.21735540975,0.0012941300190784351,0.0049201451071374663,1.9423954321360883e-08,0.011753244742213807,3.8018939632056124e-06,0.003091418344635766
3.8459178204535354,612096.83185038867,0.0012665375062189583,0.0048709991654402717,1.9229933920372758e-08,0.011770581629352489,3.8459178204535351e-06,0.0030605390387578348
3.8904514499428049,619184.57911742886,0.0012394943185071608,0.0048221924686320528,1.9037252804524345e-08,0.0117875733653215,3.8904514499428051e-06,0.0030298728867300972
3.9355007545577765,626354.39862975408,0.0012129911701879552,0.0047737276655466171,1.8845921430992367e-08,0.011804225784532819,3.9355007545577761e-06,0.0029994215528639208
3.9810717055349731,633607.24073917337,0.0011870188620553516,0.0047256072056648816,1.8655949469939877e-08,0.011820544667018049,3.9810717055349734e-06,0.002969186576213556
4.0271703432545909,640944.06680205313,0.0011615682839052829,0.0046778333446084834,1.8467345826204175e-08,0.011836535736887225,4.0271703432545908e-06,0.0029391693740278765
4.0738027780411263,648365.84930674068,0.0011366304168019454,0.004630408149573809,1.8280118660749478e-08,0.011852204660904834,4.0738027780411264e-06,0.0029093712451646772
4.1209751909733043,655873.57200246886,0.0011121963351640668,0.004583333504702549,1.8094275411869034e-08,0.011867557047178987,4.1209751909733044e-06,0.0028797933734650972
4.1686938347033546,663468.23002974747,0.0010882572086775043,0.0045366111163853947,1.7909822816123278e-08,0.011882598443959698,4.1686938347033549e-06,0.002850436831086029
4.2169650342858223,671150.83005227253,0.001064804304040449,0.0044902425184956242,1.7726766929001188e-08,0.011897334338542322,4.2169650342858224e-06,0.0028213025817884758
4.2657951880159253,678922.39039035561,0.0010418289865474983,0.004444229077549826,1.7545113145294022e-08,0.011911770156272268,4.2657951880159249e-06,0.0027923914841801352
4.3151907682776542,686783.94115590223,0.0010193227215186851,0.0043985719977930838,1.7364866219170811e-08,0.011925911259647121,4.3151907682776542e-06,0.0027637042949105062
4.365158322401661,694736.52438894974,0.00099727707557952351,0.0043532723262063476,1.7186030283946668e-08,0.011939762947512342,4.3651583224016609e-06,0.0027352416718171221
4.4157044735331255,702781.19419579231,0.00097568371779795939,0.0043083309574338804,1.700860887153558e-08,0.011953330454346923,4.4157044735331254e-06,0.0027070041770215513
4.46683592150963,710919.01688869915,0.00095453442068407866,0.0042637486386290268,1.6832604931580721e-08,0.011966618949635235,4.4668359215096296e-06,0.0026789922799740871
4.5185594437492265,719151.07112725452,0.00093382106105824173,0.0042195259742166397,1.6658020850255761e-08,0.011979633537321569,4.5185594437492267e-06,0.0026512063604460629
4.5708818961487516,727478.44806132931,0.00091353562079324714,0.0041756634305708641,1.6484858468732035e-08,0.011992379255343842,4.5708818961487518e-06,0.002623646711468996
4.6238102139926029,735902.25147571717,0.00089367018743594551,0.0041321613406070093,1.6313119101306494e-08,0.012004861075242977,4.6238102139926025e-06,0.0025963135422197459
4.6773514128719809,744423.59793643642,0.00087421695471367989,0.0040890199082866709,1.614280355318725e-08,0.012017083901844743,4.6773514128719804e-06,0.0025692069808511625
4.731512589614808,753043.61693873117,0.00085516822293072012,0.004046239213035225,1.5973912137933118e-08,0.012029052573010655,4.731512589614808e-06,0.0025423270772676819
4.7863009232263849,761763.45105678146,0.00083651639925978814,0.0040038192140711354,1.5806444694545045e-08,0.012040771859454787,4.7863009232263843e-06,0.0025156738058455079
4.8417236758409938,770584.25609515572,0.00081825399793358637,0.0039617597546465931,1.5640400604207482e-08,0.012052246464623446,4.8417236758409938e-06,0.0024892470680970874
4.8977881936844616,779507.20124200743,0.00080037364034117749,0.0039200605661992719,1.5475778806678869e-08,0.01206348102463462,4.8977881936844617e-06,0.0024630466952797361
4.9545019080479058,788533.46922405134,0.00078286805503385848,0.0038787212724150045,1.5312577816330415e-08,0.01207448010827427,4.954501908047906e-06,0.0024370724509482863
5.0118723362727247,797664.25646333012,0.00076573007764509408,0.0038377413932014128,1.5150795737833386e-08,0.012085248217046658,5.0118723362727241e-06,0.0024113240334518037
5.0699070827470445,806900.773235803,0.00074895265072889362,0.0037971203485725911,1.4990430281495199e-08,0.012095789785275873,5.0699070827470445e-06,0.0023858010783743932
5.1286138399136485,816244.24383176363,0.00073252882352093881,0.0037568574624451492,1.4831478778245616e-08,0.012106109180255942,5.1286138399136481e-06,0.0023605031609203343
5.1880003892896092,825695.9067181187,0.00071645175162658042,0.0037169519663459213,1.4673938194274178e-08,0.012116210702446851,5.1880003892896088e-06,0.0023354297982436964
5.2480746024977281,835257.01470254723,0.00070071469663972482,0.0036774030030318396,1.4517805145320905e-08,0.012126098585714019,5.2480746024977282e-06,0.0023105804517227742
5.3088444423098844,844928.83509955462,0.00068531102569649937,0.0036382096300225466,1.4363075910622483e-08,0.012135776997608729,5.3088444423098844e-06,0.0022859545291796946
5.3703179637025267,854712.64989845897,0.00067023421096742519,0.0035993708230463526,1.4209746446516363e-08,0.012145250039687212,5.3703179637025267e-06,0.0022615513870455736
5.4325033149243307,864609.75593331468,0.00065547782909175034,0.0035608854794003386,1.4057812399705908e-08,0.01215452174786605,5.4325033149243307e-06,0.0022373703324717335
5.4954087385762485,874621.46505480725,0.00064103556055742153,0.0035227524212253776,1.390726912018967e-08,0.012163596092811769,5.4954087385762485e-06,0.0022134106253874609
5.5590425727040369,884749.1043041345,0.00062690118903007883,0.003484970398696989,1.3758111673858374e-08,0.012172476980362452,5.5590425727040363e-06,0.0021896714805048705
5.6234132519034903,894994.01608891017,0.00061306860063431023,0.0034475380931329089,1.3610334854763107e-08,0.012181168251979306,5.6234132519034904e-06,0.002166152069271462
5.6885293084384134,905357.55836109456,0.00059953178319032058,0.0034104541200184833,1.3463933197059101e-08,0.012189673685226313,5.6885293084384131e-06,0.0021428515217710217
5.7543993733715721,915841.10479699087,0.00058628482540900738,0.0033737170319508539,1.3318900986628908e-08,0.012197996994275951,5.7543993733715718e-06,0.0021197689285735125
5.8210321777087159,926446.04497932235,0.00057332191604835719,0.0033373253215031023,1.317523227238959e-08,0.012206141830439264,5.8210321777087158e-06,0.002096903342534668
5.8884365535558896,937173.78458142397,0.00056063734303393059,0.0033012774240094495,1.303292087728824e-08,0.012214111782718473,5.8884365535558893e-06,0.0020742537805459845
5.9566214352901037,948025.74555356044,0.00054822549254613035,0.0032655717202727552,1.2891960408990771e-08,0.01222191037838046,5.9566214352901035e-06,0.002051819225235894
6.0255958607435804,959003.36631140474,0.00053608084807680277,0.0032302065391954914,1.2752344270268577e-08,0.01222954108354952,6.0255958607435799e-06,0.0020295986266228535
6.095368972401694,970108.10192669625,0.00052419798945764506,0.0031951801603354803,1.2614065669088182e-08,0.012237007303817838,6.0953689724016933e-06,0.0020075909037211605
6.1659500186148222,981341.42432011315,0.00051257159186276146,0.0031604908163876226,1.247711762840871e-08,0.012244312384872195,6.1659500186148219e-06,0.0019857949461002727
6.2373483548241913,992704.82245637127,0.00050119642478764308,0.0031261366955929715,1.2341492995692533e-08,0.012251459613135505,6.2373483548241913e-06,0.0019642096153984702
6.309573444801936,1004199.8025415862,0.0004900673510067193,0.003092115944076425,1.2207184452134103e-08,0.012258452216421788,6.3095734448019356e-06,0.0019428337467916736
6.3826348619054887,1015827.8882229154,0.00047917932551155433,0.0030584266681144045,1.2074184521612395e-08,0.01226529336460333,6.3826348619054882e-06,0.0019216661504182647
6.4565422903465555,1027590.6207905217,0.00046852739443164739,0.0030250669363338124,1.1942485579372038e-08,0.012271986170288766,6.4565422903465549e-06,0.0019007056127607379
6.5313055264747231,1039489.5593818661,0.00045810669393973966,0.0029920347818436863,1.1812079860438753e-08,0.012278533689510894,6.5313055264747226e-06,0.0018799508979850531
6.6069344800759646,1051526.2811883714,0.00044791244914340781,0.0029593282043008525,1.1682959467774224e-08,0.012284938922423104,6.6069344800759644e-06,0.0018594007492385267
6.6834391756861491,1063702.3816644731,0.00043793997296466704,0.0029269451719109883,1.1555116380175974e-08,0.012291204814003349,6.6834391756861489e-06,0.0018390538899071354
6.7608297539198192,1076019.4747391017,0.00042818466500920208,0.0028948836233664032,1.1428542459927423e-08,0.012297334254764628,6.7608297539198189e-06,0.0018189090248330591
6.8391164728142924,1088479.1930296028,0.00041864201042679169,0.0028631414697219641,1.1303229460203739e-08,0.012303330081470998,6.8391164728142916e-06,0.0017989648414933612
6.9183097091893622,1101083.18805814,0.00040930757876439142,0.0028317165962104787,1.1179169032238686e-08,0.012309195077858204,6.9183097091893617e-06,0.001779220011140627
6.9984199600227379,1113833.1304706035,0.000400177022813278,0.002800606863998919,1.1056352732257918e-08,0.012314931975358047,6.9984199600227379e-06,0.0017596731899064304
7.0794578438413804,1126730.7102580471,0.00039124607745159027,0.0027698101118868324,1.0934772028184035e-08,0.012320543453825624,7.0794578438413801e-06,0.0017403230198684795
7.1614341021290198,1139777.6369807029,0.00038251055848351401,0.0027393241579482534,1.0814418306118592e-08,0.012326032142268704,7.1614341021290192e-06,0.0017211681300822559
7.2443596007498989,1152975.6399945759,0.00037396636147632185,0.0027091468011184992,1.0695282876606517e-08,0.012331400619578428,7.2443596007498982e-06,0.0017022071375780337
7.3282453313890441,1166326.4686806712,0.00036560946059638539,0.0026792758227271274,1.0577356980687985e-08,0.012336651415260665,7.3282453313890437e-06,0.0016834386483240587
7.4131024130091774,1179831.8926768678,0.00035743590744523513,0.0026497089879783976,1.0460631795743048e-08,0.012341787010167343,7.4131024130091772e-06,0.0016648612581567556
7.4989420933245583,1193493.7021124887,0.00034944182989666889,0.0026204440473804901,1.0345098441133957e-08,0.012346809837227102,7.4989420933245581e-06,0.0016464735536787301
7.5857757502918357,1207313.7078455768,0.00034162343093586966,0.0025914787381248181,1.0230747983650481e-08,0.01235172228217472,7.5857757502918357e-06,0.0016282741131254147
7.6736148936181934,1221293.7417029242,0.00033397698750142269,0.002562810785416654,1.0117571442762992e-08,0.012356526684278668,7.6736148936181928e-06,0.00161026150720113
7.7624711662869199,1235435.6567228732,0.00032649884933107904,0.0025344379037583586,1.0005559795688472e-08,0.012361225337066364,7.7624711662869193e-06,0.0015924342998853548
7.8523563461007182,1249741.327400943,0.00031918543781205081,0.002506357798186394,9.8947039822740259e-09,0.012365820489046539,7.8523563461007175e-06,0.0015747910492099728
7.9432823472428131,1264212.6499382867,0.00031203324483659216,0.0024785681654633982,9.7849949097030119e-09,0.012370314344428292,7.9432823472428133e-06,0.001557330308008268
8.0352612218561763,1278851.5424930332,0.00030503883166355436,0.0024510666952264723,9.6764234570282958e-09,0.012374709063836404,8.0352612218561765e-06,0.0015400506246364197
8.1283051616409949,1293659.9454345319,0.00029819882778657286,0.0024238510710928945,9.5689804795374342e-09,0.012379006765022498,8.1283051616409949e-06,0.0015229505436682377
8.2224264994707124,1308639.8216005536,0.0002915099298094861,0.0023969189717243655,9.4626568129541495e-09,0.012383209523571581,8.2224264994707114e-06,0.001506028606563854
8.317637711026709,1323793.1565574587,0.00028496890032956473,0.0023702680718509987,9.357443277480881e-09,0.012387319373603788,8.3176377110267094e-06,0.0014892833523131089
8.4139514164519564,1339121.9588633834,0.00027857256682907059,0.0023438960432561155,9.2533306816865949e-09,0.012391338308470799,8.4139514164519566e-06,0.0014727133180543191
8.5113803820237681,1354628.2603344673,0.00027231782057564108,0.0023178005557229799,9.1503098262443517e-09,0.012395268281446768,8.5113803820237683e-06,0.0014563170396691306
8.6099375218460068,1370314.1163141758,0.00026620161553194544,0.0022919792779445215,9.0483715075227431e-09,0.012399111206413394,8.6099375218460059e-06,0.0014400930523541097
8.709635899560805,1386181.6059457287,0.00026022096727504161,0.0022664298783971401,8.9475065210355322e-09,0.012402868958538914,8.7096358995608039e-06,0.0014240398911697729
8.8104887300801469,1402232.8324476911,0.00025437295192581356,0.0022411500261795988,8.8477056647534781e-09,0.012406543374950752,8.8104887300801473e-06,0.0014081560915676803
8.9125093813374594,1418469.9233927468,0.00024865470508884788,0.0022161373918180558,8.7489597422824701e-09,0.012410136255401641,8.9125093813374595e-06,0.00139244018989625
9.0157113760595706,1434895.0309897144,0.00024306342080306778,0.0021913896480381728,8.6512595659116827e-09,0.012413649362928908,9.0157113760595698e-06,0.0013768907238858891
9.1201083935590965,1451510.3323688151,0.00023759635050343096,0.0021669044705053498,8.5545959595359223e-09,0.012417084424506909,9.1201083935590964e-06,0.0013615062331140976
9.2257142715476377,1468318.029870251,0.00023225080199395121,0.0021426795385339802,8.4589597614556337e-09,0.012420443131692264,9.2257142715476367e-06,0.0013462852594511045
9.3325430079699139,1485320.3513361176,0.00022702413843229391,0.0021187125357666984,8.3643418270584802e-09,0.012423727141261885,9.3325430079699127e-06,0.0013312263474866525
9.4406087628592363,1502519.5504057102,0.00022191377732615455,0.0020950011508244879,8.2707330313858539e-09,0.01242693807584353,9.4406087628592354e-06,0.0013163280449384749
9.5499258602143584,1519917.906814236,0.00021691718954162652,0.0020715430779285988,8.1781242715881165e-09,0.012430077524538908,9.5499258602143587e-06,0.0013015889030430548
9.660508789898131,1537517.7266949918,0.00021203189832372097,0.0020483360174950935,8.0865064692717686e-09,0.012433147043539074,9.6605087898981307e-06,0.0012870074769291918
9.772372209558112,1555321.3428850409,0.00020725547832919523,0.0020253776767029013,7.9958705727420374e-09,0.012436148156732127,9.772372209558111e-06,0.0012725823259749198
9.885530946569391,1573331.1152344218,0.00020258555467182087,0.0020026657700362108,7.906207559144158e-09,0.012439082356303094,9.8855309465693907e-06,0.0012583120141483012
10,1591549.4309189536,0.00019801980198019803,0.0019801980198019798,7.81750843650642e-09,0.012441951103325912,9.9999999999999991e-06,0.0012441951103325912
10.115794542598982,1609978.7047566466,0.00019355594346821866,0.0019579721566234027,7.7297642456883017e-09,0.01244475582834749,1.0115794542598982e-05,0.0012302301886362894
10.232929922807536,1628621.3795277865,0.00018919175001824894,0.0019359859199100621,7.6429660622365499e-09,0.012447497931963744,1.0232929922807535e-05,0.0012164158286885462
10.351421666793431,1647479.926298721,0.00018492503927709444,0.0019142370583055417,7.5571049981522868e-09,0.012450178785387626,1.0351421666793431e-05,0.001202750615920405
10.471285480509007,1666556.8447494011,0.00018075367476479254,0.0018927233301132193,7.4721722035719736e-09,0.012452799731009087,1.0471285480509006e-05,0.00118923314183234
10.592537251772898,1685854.6635046971,0.00017667556499626649,0.0018714425037009764,7.3881588683651375e-09,0.012455362082946952,1.0592537251772897e-05,0.0011758620042485357
10.715193052376071,1705375.9404695861,0.00017268866261584977,0.0018503923578854688,7.3050562236514144e-09,0.012457867127592734,1.071519305237607e-05,0.0011626358075583368
10.839269140212039,1725123.2631681846,0.00016879096354469793,0.0018295706822966996,7.2228555432398258e-09,0.012460316124146298,1.0839269140212039e-05,0.0011495531629453152
10.964781961431852,1745099.2490867272,0.0001649805061410709,0.0018089752777235108,7.141548144992722e-09,0.012462710305143508,1.0964781961431852e-05,0.0011366126886043478
11.091748152624008,1765306.5460205094,0.00016125537037347089,0.001788603956440646,7.0611253921169752e-09,0.012465050876975733,1.1091748152624008e-05,0.0011238130099471143
11.220184543019629,1785747.832424853,0.00015761367700660586,0.0017684545425180073,6.9815786943848769e-09,0.012467339020401329,1.1220184543019628e-05,0.0011111527597964142
11.350108156723143,1806425.8177701291,0.0001540535868001394,0.0017485248721127188,6.902899509287158e-09,0.012469575891049077,1.1350108156723144e-05,0.00109863057856967
11.481536214968841,1827343.2429009015,0.00015057329972017767,0.0017288127937445776,6.8250793431204286e-09,0.012471762619913639,1.1481536214968841e-05,0.0010862451144520024
11.614486138403437,1848502.8803992064,0.00014717105416343915,0.0017093161685554855,6.7481097520113671e-09,0.012473900313842986,1.1614486138403437e-05,0.0010739950235592332
11.748975549395302,1869907.5349520792,0.00014384512619403304,0.0016900328705533759,6.6719823428797115e-09,0.012475990056017999,1.1748975549395302e-05,0.0010618789700911511
11.88502227437019,1891560.0437232961,0.00014059382879278467,0.0016709607868412347,6.5966887743423946e-09,0.012478032906424076,1.188502227437019e-05,0.0010498956264754086
12.022644346174131,1913463.2767294412,0.00013741551111901934,0.0016520978178317062,6.5222207575607721e-09,0.012480029902315013,1.202264434617413e-05,0.0010380436735023633
12.161860006463678,1935620.1372203247,0.0001343085577847194,0.001633441877447795,6.4485700570329681e-09,0.012481982058669031,1.2161860006463678e-05,0.0010263218004511823
12.302687708123811,1958033.5620638055,0.00013127138814096332,0.0016149908933101793,6.3757284913333514e-09,0.012483890368637136,1.2302687708123811e-05,0.0010147287052075353
12.445146117713843,1980706.5221350691,0.00012830245557654598,0.0015967428069116041,6.3036879338010172e-09,0.012485755803983813,1.2445146117713842e-05,0.0010032630943731682
12.589254117941662,2003642.0227104144,0.000125400246828677,0.0015786955737788228,6.2324403131791028e-09,0.012487579315520105,1.2589254117941661e-05,0.00099192368336765502
12.735030810166629,2026843.1038656039,0.00012256328130564817,0.0015608471636225484,6.1619776142067777e-09,0.012489361833529234,1.2735030810166629e-05,0.00098070919652261282
12.88249551693135,2050312.8408788061,0.00011979011042135841,0.0015431955604758611,6.0922918781656467e-09,0.012491104268184684,1.2882495516931348e-05,0.00096961836716866971
13.031667784523,2074054.344638244,0.00011707931694157355,0.0015257387628214618,6.0233752033821323e-09,0.012492807509960978,1.3031667784522999e-05,0.00095864993771541725
13.182567385564074,2098070.7620545258,0.00011442951434180763,0.0015084747837082497,5.9552197456877031e-09,0.012494472430037158,1.3182567385564073e-05,0.00094780265972465813
13.33521432163324,2122365.2764777662,0.00011183934617669557,0.0014914016508575684,5.8878177188383165e-09,0.012496099880692974,1.3335214321633239e-05,0.00093707529397716531
13.489628825916533,2146941.1081195371,0.00010930748546073226,0.001474517406759546,5.8211613948947527e-09,0.01249769069569801,1.3489628825916533e-05,0.00092646661053321245
13.645831365889238,2171801.5144797023,0.00010683263406024726,0.0014578201087598888,5.7552431045652659e-09,0.012499245690693708,1.3645831365889238e-05,0.00091597538878710806
13.803842646028839,2196949.7907781978,0.00010441352209648279,0.0014413078291375034,5.6900552375120206e-09,0.012500765663568423,1.3803842646028839e-05,0.00090560041751596668
13.963683610559391,2222389.2703918116,0.00010204890735964004,0.0014249786551732992,5.6255902426227147e-09,0.01250225139482559,1.396368361055939e-05,0.00089534049492294031
14.125375446227554,2248123.3252960024,9.9737574733759239e-05,0.0014088306892105283,5.5618406282487929e-09,0.012503703647945084,1.4125375446227553e-05,0.00088519442867512823
14.288939585111036,2274155.3665118776,9.7478335632289299e-05,0.0013928620487069581,5.498798962411413e-09,0.012505123169737859,1.4288939585111035e-05,0.00087516103593636158
14.454397707459281,2300488.8445583046,9.5270027444215548e-05,0.0013770708662792521,5.4364578729766565e-09,0.012506510690693967,1.445439770745928e-05,0.00086523914339508613
14.621771744567184,2327127.2499092733,9.3111512990598388e-05,0.0013614552897398316,5.3748100478010512e-09,0.01250786692532399,1.4621771744567184e-05,0.00085542758728752359
14.791083881682072,2354074.1134565608,9.1001679991383302e-05,0.0013460134821265393,5.3138482348486817e-09,0.01250919257249412,1.4791083881682072e-05,0.00084572521341631064
14.962356560944327,2381333.0069777416,8.8939440542339218e-05,0.0013307436217253868,5.2535652422809877e-09,0.012510488315754732,1.4962356560944326e-05,0.00083613087716479027
15.135612484362072,2408907.5436096266,8.6923730601981862e-05,0.0013156439020866823,5.1939539385204382e-09,0.012511754823662815,1.5135612484362071e-05,0.00082664344350714611
15.310874616820319,2436801.378327183,8.495350948833791e-05,0.0013007125320347972,5.1350072522890867e-09,0.012512992750098127,1.5310874616820317e-05,0.00081726178701453959
15.488166189124827,2465018.2084279796,8.3027759385407749e-05,0.0012859477356718637,5.0767181726231681e-09,0.012514202734573328,1.5488166189124828e-05,0.00080798479185743128
15.6675107010815,2493561.7740222877,8.1145484859177638e-05,0.0012713477523756125,5.019079748864563e-09,0.012515385402538057,1.5667510701081499e-05,0.00079881135180422406
15.848931924611142,2522435.8585288096,7.9305712383043953e-05,0.0012569108367916544,4.9620850906303274e-09,0.012516541365677116,1.5848931924611141e-05,0.00078974037021641214
16.032453906900418,2551644.2891761712,7.7507489872500205e-05,0.0012426352588204104,4.9057273677610941e-09,0.012517671222202846,1.6032453906900417e-05,0.00078077076004037045
16.218100973589298,2581190.9375102175,7.5749886228944921e-05,0.00122851930359893,4.8499998102492926e-09,0.012518775557141749,1.6218100973589298e-05,0.00077190144379592955
16.405897731995388,2611079.7199071809,7.403199089246702e-05,0.0012145612714778279,4.7948957081481028e-09,0.012519854942615491,1.6405897731995387e-05,0.00076313135356188453
16.595869074375596,2641314.598092794,7.2352913403465563e-05,0.0012007594779935495,4.7404084114619581e-09,0.012520909938116342,1.6595869074375595e-05,0.0007544594309585699
16.78804018122559,2671899.5796674113,7.0711782972961363e-05,0.0011871122538361788,4.6865313300194626e-09,0.012521941090777157,1.6788040181225588e-05,0.00074588462712763231
16.982436524617459,2702838.7186372168,6.9107748061459227e-05,0.0011736179448129866,4.6332579333294796e-09,0.012522948935635971,1.6982436524617459e-05,0.00073740590270912599
17.179083871575894,2734136.1159515586,6.7539975966221039e-05,0.0011602749118079314,4.5805817504212505e-09,0.01252393399589535,1.7179083871575893e-05,0.0007290222278160687
17.378008287493763,2765795.9200465558,6.6007652416806052e-05,0.0011470815307372633,4.5284963696691244e-09,0.012524896783176503,1.7378008287493764e-05,0.00072073258200654417
17.579236139586932,2797822.3273949483,6.4509981178744699e-05,0.0011340361925014615,4.4769954386028172e-09,0.012525837797768301,1.7579236139586931e-05,0.00071253595425350643
17.782794100389228,2830219.58306234,6.304618366520424e-05,0.0011211373029336497,4.42607266370376e-09,0.012526757528871276,1.7782794100389229e-05,0.00070443134291236554
17.988709151287875,2862991.9812698788,6.1615498556510609e-05,0.001108383282744667,4.3757218101882542e-09,0.012527656454836691,1.7988709151287874e-05,0.00069641775568647689
18.197008586099827,2896143.8659634492,6.021718142739097e-05,0.0010957725674649642,4.3259367017780783e-09,0.012528535043400736,1.8197008586099827e-05,0.00068849420959063174
18.407720014689545,2929679.6313894577,5.8850504381802248e-05,0.0010833036073834761,4.2767112204591732e-09,0.012529393751913989,1.8407720014689545e-05,0.00068065973091264997
18.620871366628695,2963603.7226772937,5.7514755695212372e-05,0.0010709748674836246,4.2280393062289893e-09,0.012530233027566154,1.8620871366628695e-05,0.0006729133551731715
18.83649089489802,2997920.6364284991,5.6209239464203725e-05,0.0010587848273766159,4.1799149568331532e-09,0.012531053307606248,1.8836490894898018e-05,0.00066525412708374294
19.054607179632484,3032634.9213128285,5.4933275263264802e-05,0.0010467319812321331,4.1323322274918574e-09,0.012531855019558235,1.9054607179632484e-05,0.00065768110050327174
19.275249131909366,3067751.1786711402,5.3686197808645807e-05,0.0010348148377066146,4.0852852306167088e-09,0.012532638581432208,1.9275249131909365e-05,0.00065019333839296282
19.498445997580454,3103274.0631253119,5.2467356629146628e-05,0.0010230319198692105,4.038768135518422e-09,0.012533404401931294,1.9498445997580452e-05,0.0006427899127697947
19.724227361148532,3139208.2831951999,5.1276115743712895e-05,0.001011381765125561,3.9927751681059042e-09,0.012534152880654161,1.972422736114853e-05,0.00063546990465862823
19.952623149688787,3175558.6019227528,5.0111853345714751e-05,0.00099986292513951753,3.9473006105772242e-09,0.012534884408293439,1.9952623149688786e-05,0.00062823240404302186
20.183663636815595,3212329.8375033438,4.8973961493785469e-05,0.00098847396575292503,3.9023388011029275e-09,0.01253559936682996,2.0183663636815596e-05,0.00062107650981483155
20.417379446695318,3249526.863924427,4.7861845809097797e-05,0.00097721346690357396,3.8578841335021209e-09,0.012536298129722952,2.0417379446695318e-05,0.00061400132972265595
20.653801558105311,3287154.6116115502,4.6774925178959414e-05,0.00096608002254145126,3.8139310569118449e-09,0.012536981062096284,2.0653801558105311e-05,0.00060700598031921695
20.892961308540407,3325218.06808192,4.5712631466605661e-05,0.00095507224054335895,3.7704740754500038e-09,0.012537648520920826,2.0892961308540406e-05,0.00060008958690771204
21.134890398366476,3363722.2786054621,4.467440922707705e-05,0.0009441887426260454,3.7275077478724176e-09,0.012538300855192922,2.1134890398366476e-05,0.00059325128348723362
21.379620895022324,3402672.3468735749,4.3659715429062777e-05,0.00093342816425791915,3.6850266872242875e-09,0.012538938406109222,2.1379620895022323e-05,0.00058649021269729712
21.627185237270201,3442073.4356756182,4.2668019182598102e-05,0.00092278915456944744,3.6430255604864584e-09,0.012539561507237718,2.1627185237270199e-05,0.00057980552576154245
21.87761623949552,3481930.7675832352,4.1698801472503056e-05,0.00091227037626233256,3.6014990882168644e-09,0.012540170484685269,2.1877616239495519e-05,0.00057319638243066807
22.130947096056364,3522249.6256425972,4.0751554897452223e-05,0.00090187050551755179,3.560442044187485e-09,0.012540765657261532,2.2130947096056362e-05,0.00056666195092465075
22.387211385683422,3563035.3540746765,3.9825783414566304e-05,0.00089158823190234099,3.5198492550171293e-09,0.012541347336639443,2.238721138568342e-05,0.00056020140787430147
22.64644307593062,3604293.3589835851,3.8921002089419602e-05,0.00088142225827621777,3.4797155998004318e-09,0.01254191582751228,2.264644307593062e-05,0.00055381393826221825
22.908676527677748,3646029.1090731909,3.8036736851355126e-05,0.00087137130069609413,3.4400360097332515e-09,0.012542471427747422,2.2908676527677749e-05,0.00054749873536316651
23.173946499684796,3688248.1363719613,3.7172524254006644e-05,0.00086143408832058533,3.4008054677348989e-09,0.012543014428536817,2.3173946499684794e-05,0.00054125500068395445
23.442288153199225,3730956.0369662354,3.6327911240923043e-05,0.00085160936331356318,3.3620190080673796e-09,0.012543545114544224,2.3442288153199225e-05,0.00053508194390283423
23.713737056616552,3774158.4717419771,3.5502454916195154e-05,0.00084189588074703547,3.3236717159519768e-09,0.012544063764049347,2.371373705661655e-05,0.000528978782808479
23.9883291901949,3817861.1671351213,3.4695722319985792e-05,0.00083229240850341197,3.2857587271834144e-09,0.012544570649088881,2.39883291901949e-05,0.00052294474323857476
24.266100950824143,3862069.9158906043,3.3907290208865537e-05,0.00082279772717722219,3.2482752277418531e-09,0.012545066035594512,2.4266100950824141e-05,0.00051697905901806809
24.547089156850284,3906790.5778301884,3.3136744840858285e-05,0.00081341062997634689,3.2112164534029682e-09,0.01254555018352799,2.4547089156850282e-05,0.00051108097189710741
24.831331052955729,3952029.080629183,3.238368176510223e-05,0.00080412992262281918,3.1745776893463282e-09,0.012546023347013286,2.4831331052955729e-05,0.00050524973148871545
25.11886431509582,3997791.4206021163,3.1647705616034356e-05,0.0007949544232532629,3.1383542697623421e-09,0.012546485774465911,2.5118864315095818e-05,0.0004994845952062323
25.409727055493065,4044083.6634975923,3.0928429912005009e-05,0.00078588296231899457,3.1025415774578762e-09,0.012546937708719447,2.5409727055493064e-05,0.00049378482820054746
25.703957827688647,4090911.9453022648,3.0225476858236013e-05,0.00077691438248587768,3.0671350434608956e-09,0.012547379387149359,2.5703957827688645e-05,0.00048814970329717679
26.001595631652723,4138282.4730541641,2.9538477154031893e-05,0.00076804753853394953,3.0321301466242064e-09,0.012547811041794105,2.6001595631652721e-05,0.00048257850093319586
26.302679918953814,4186201.5256654327,2.886706980415873e-05,0.00075928129725688382,2.9975224132285509e-09,0.012548232899473689,2.6302679918953814e-05,0.00047707050909407078
26.607250597988084,4234675.4547545919,2.8210901934305236e-05,0.00075061453736132626,2.9633074165851989e-09,0.012548645181905582,2.6607250597988085e-05,0.00047162502325040874
26.915348039269141,4283710.6854884373,2.7569628610542789e-05,0.0007420461493661514,2.9294807766382316e-09,0.012549048105818158,2.691534803926914e-05,0.00046624134629465912
27.227013080779155,4333313.7174336966,2.6942912662702117e-05,0.0007335750355016809,2.8960381595666685e-09,0.012549441883061681,2.7227013080779155e-05,0.00046091878847779049
27.54228703338169,4383491.1254185103,2.6330424511586647e-05,0.00072520010960890828,2.8629752773866263e-09,0.012549826720716873,2.754228703338169e-05,0.00045565666734597181
27.861211686297722,4434249.5604039636,2.5731841999941983e-05,0.00071692029703875006,2.8302878875535749e-09,0.012550202821201102,2.7861211686297719e-05,0.00045045430767727004
28.183829312644548,4485595.7503656354,2.5146850227105842e-05,0.00070873453455138789,2.797971792564958e-09,0.012550570382372294,2.8183829312644545e-05,0.00044531104141840429
28.510182675039097,4537536.5011853883,2.457514138726058e-05,0.00070064177021571283,2.7660228395632149e-09,0.012550929597630543,2.8510182675039097e-05,0.00044022620762156626
28.840315031266059,4590078.6975534838,2.4016414611214171e-05,0.00069264096330891789,2.7344369199393874e-09,0.012551280656017542,2.8840315031266056e-05,0.00043519915238133085
29.174270140011657,4643229.3038811376,2.3470375811636006e-05,0.00068473108421626412,2.7032099689374111e-09,0.012551623742313807,2.9174270140011657e-05,0.00043022922877167789
29.512092266663839,4696995.365223648,2.2936737531675369e-05,0.00067691111433105492,2.6723379652592324e-09,0.01255195903713381,2.9512092266663837e-05,0.00042531579678314451
29.853826189179632,4751384.0082142195,2.2415218796891884e-05,0.00066918004595484259,2.6418169306708373e-09,0.01255228671701899,2.9853826189179632e-05,0.00042045822326012276
30.199517204020193,4806402.4420085484,2.1905544970428947e-05,0.00066153688219790696,2.6116429296093577e-09,0.012552606954528776,3.0199517204020192e-05,0.00041565588183832818
30.549211132155154,4862057.9592404496,2.1407447611360663e-05,0.00065398063688000725,2.5818120687912564e-09,0.01255291991832958,3.054921113215515e-05,0.00041090815288244111
30.902954325135919,4918357.9369884487,2.0920664336147399e-05,0.00064651033443146298,2.5523204968218078e-09,0.012553225773281839,3.0902954325135921e-05,0.00040621442342395292
31.260793671239558,4975309.8377536144,2.0444938683133012e-05,0.00063912500979456527,2.5231644038058881e-09,0.012553524680525169,3.1260793671239558e-05,0.00040157408709922218
31.622776601683793,5032921.2104487037,1.998001998001998e-05,0.00063182370832535052,2.4943400209601912e-09,0.012553816797561611,3.1622776601683789e-05,0.00039698654408775629
31.988951096913972,5091199.6913987668,1.95256632142594e-05,0.00062460548569575605,2.4658436202269559e-09,0.012554102278337096,3.1988951096913973e-05,0.00039245120105073437
32.359365692962811,5150153.0053533269,1.9081628906294012e-05,0.00061746940779617795,2.437671513889279e-09,0.012554381273321064,3.2359365692962809e-05,0.00038796747106978254
32.734069487883794,5209788.9665102931,1.8647682985593645e-05,0.00061041455063845062,2.4098200541880939e-09,0.012554653929584369,3.2734069487883792e-05,0.00038353477358601425
33.113112148259141,5270115.4795517325,1.8223596669423598e-05,0.00060344000025926538,2.3822856329408833e-09,0.012554920390875446,3.3113112148259137e-05,0.00037915253433934616
33.496543915782794,5331140.5406915843,1.7809146344288171e-05,0.00059654485262405129,2.3550646811622153e-09,0.012555180797694786,3.3496543915782794e-05,0.00037482018530810501
33.884415613920275,5392872.2387356116,1.7404113449991183e-05,0.00058972821353132118,2.3281536686861167e-09,0.012555435287367826,3.3884415613920276e-05,0.00037053716464892627
34.276778654645049,5455318.7561535258,1.7008284366258833e-05,0.00058298919851751385,2.3015491037904049e-09,0.012555683994116133,3.427677865464505e-05,0.00036630291663696462
34.673685045253166,5518488.3701635702,1.6621450301869142e-05,0.00057632693276233877,2.2752475328230036e-09,0.012555927049127101,3.4673685045253161e-05,0.00036211689160642048
35.075187395256798,5582389.453829661,1.6243407186234539e-05,0.00056974055099463729,2.2492455398302992e-09,0.012556164580622064,3.5075187395256795e-05,0.00035797854589139069
35.481338923357534,5647030.4771712199,1.5873955563384884e-05,0.00056322919739877587,2.2235397461875939e-09,0.012556396713922901,3.5481338923357534e-05,0.000353887341767054
35.892193464500501,5712420.0082858754,1.5512900488299263e-05,0.00055679202552158145,2.1981268102317034e-09,0.012556623571517192,3.5892193464500497e-05,0.00034984274739119624
36.307805477010177,5778566.714485161,1.5160051425535939e-05,0.00055042819817982969,2.173003426895733e-09,0.012556845273121871,3.6307805477010174e-05,0.00034584423674608394
36.728230049808502,5845479.3634433132,1.4815222150111294e-05,0.00054413688736830619,2.1481663273461197e-09,0.012557061935745555,3.6728230049808499e-05,0.00034189128958069751
37.153522909717275,5913166.8243594831,1.4478230650578246e-05,0.00053791727416842977,2.1236122786218899e-09,0.012557273673749406,3.7153522909717271e-05,0.00033798339135331708
37.583740428844429,5981638.0691333022,1.414889903425777e-05,0.00053176854865747151,2.0993380832762722e-09,0.012557480598906689,3.7583740428844426e-05,0.00033412003317448397
38.018939632056124,6050902.1735540973,1.3827053434576135e-05,0.00052568990981836439,2.0753405790206385e-09,0.012557682820461,3.8018939632056124e-05,0.00033030071175033088
38.459178204535355,6120968.3185038865,1.3512523920462436e-05,0.00051968056545011155,2.0516166383708106e-09,0.012557880445183177,3.8459178204535356e-05,0.00032652492932629199
38.904514499428046,6191845.7911742879,1.3205144407761727e-05,0.00051373973207880733,2.0281631682957859e-09,0.01255807357742697,3.8904514499428046e-05,0.00032279219363119395
39.35500754557772,6263543.9862975338,1.2904752572619971e-05,0.00050786663486927243,2.0049771098688852e-09,0.012558262319183467,3.935500754557772e-05,0.00031910201782173523
39.810717055349777,6336072.4073917419,1.2611189766797838e-05,0.00050206050753731125,1.9820554379213613e-09,0.012558446770134292,3.9810717055349776e-05,0.00031545392042735596
40.271703432545948,6409440.6680205371,1.2324300934871741e-05,0.00049632059226260351,1.9593951606985073e-09,0.012558627027703648,4.0271703432545944e-05,0.00031184742529550614
40.738027780411301,6483658.4930674126,1.2043934533280059e-05,0.0004906461396022181,1.9369933195182221e-09,0.012558803187109162,4.0738027780411301e-05,0.00030828206153730412
41.209751909733043,6558735.7200246882,1.1769942451175491e-05,0.00048503640840477722,1.9148469884321456e-09,0.012558975341411614,4.1209751909733042e-05,0.00030475736347360534
41.686938347033553,6634682.3002974754,1.1502179933043221e-05,0.00047949066572525921,1.8929532738893135e-09,0.012559143581563587,4.1686938347033552e-05,0.00030127287058147074
42.169650342858226,6711508.300522726,1.124050550304659e-05,0.0004740081867404484,1.8713093144023663e-09,0.012559307996456973,4.2169650342858222e-05,0.00029782812744104229
42.657951880159253,6789223.9039035561,1.098478089106249e-05,0.00046858825466503654,1.8499122802163302e-09,0.012559468672969443,4.265795188015925e-05,0.00029442268368282836
43.151907682776503,6867839.4115590164,1.0734870960369414e-05,0.00046323016066837923,1.8287593729799863e-09,0.012559625696009906,4.3151907682776503e-05,0.00029105609393539997
43.651583224016562,6947365.2438894901,1.0490643636951975e-05,0.00045793320379190885,1.8078478254198294e-09,0.012559779148562917,4.3651583224016559e-05,0.00028772791777349971
44.157044735331297,7027811.9419579301,1.0251969840386296e-05,0.00045269669086720496,1.7871749010166218e-09,0.012559929111732097,4.4157044735331295e-05,0.00028443771966656415
44.668359215096345,7109190.1688869977,1.0018723416271954e-05,0.00044751993643473288,1.7667378936845877e-09,0.012560075664782592,4.4668359215096341e-05,0.00028118506892766559
45.185594437492263,7191510.7112725442,9.7907810701756675e-06,0.00044240226266323415,1.7465341274531783e-09,0.012560218885182578,4.518559443749226e-05,0.00027796953966286369
45.708818961487516,7274784.4806132931,9.5680223030545047e-06,0.00043734299926979317,1.7265609561515081e-09,0.01256035884864384,4.5708818961487516e-05,0.0002747907107209817
46.238102139926035,7359022.5147571731,9.3503293481252341e-06,0.00043234148344056263,1.7068157630953914e-09,0.012560495629161431,4.6238102139926034e-05,0.00027164816564379695
46.77351412871981,7444235.9793643644,9.1375871091483351e-06,0.00042739705975215764,1.6872959607770185e-09,0.012560629299052445,4.6773514128719809e-05,0.00026854149261665126
47.315125896148025,7530436.1693873033,8.9296831000953492e-06,0.00042250908009371687,1.6679989905572655e-09,0.012560759928993942,4.7315125896148023e-05,0.00026547028441948044
47.863009232263799,7617634.5105678067,8.7265073861691081e-06,0.00041767690358963022,1.6489223223606359e-09,0.012560887588059993,4.7863009232263797e-05,0.00026243413837826292
48.417236758409992,7705842.5609515663,8.5279525261468656e-06,0.00041289989652293336,1.6300634543728334e-09,0.012561012343757911,4.841723675840999e-05,0.00025943265631688661
48.977881936844661,7795072.0124200815,8.3339135160173763e-06,0.00040817743225937306,1.6114199127409846e-09,0.012561134262063659,4.8977881936844656e-05,0.00025646544450943842
49.545019080479051,7885334.6922405129,8.1442877338826985e-06,0.00040350889117212981,1.5929892512764556e-09,0.012561253407456474,4.9545019080479046e-05,0.00025353211363290533
50.118723362727245,7976642.5646333005,7.9589748860975292e-06,0.00039889366056721566,1.5747690511603345e-09,0.012561369842952719,5.0118723362727245e-05,0.00025063227872030105
50.699070827470443,8069007.73235803,7.7778769546180526e-06,0.00039433113460953081,1.556756920651514e-09,0.012561483630138943,5.0699070827470439e-05,0.00024776555911420599
51.286138399136483,8162442.438317636,7.6008981455337797e-06,0.00038982071424958529,1.5389504947974015e-09,0.012561594829204235,5.1286138399136481e-05,0.00024493157842072461
51.880003892896092,8256959.0671811868,7.4279448387560674e-06,0.00038536180715088218,1.5213474351472379e-09,0.012561703498971828,5.1880003892896088e-05,0.00024212996446385971
52.480746024977229,8352570.1470254641,7.2589255388376734e-06,0.00038095382761796094,1.5039454294680255e-09,0.012561809696930021,5.2480746024977226e-05,0.0002393603492402997
53.088444423098899,8449288.3509955537,7.0937508268982216e-06,0.0003765961965250981,1.4867421914630482e-09,0.012561913479262334,5.3088444423098898e-05,0.00023662236887462122
53.703179637025322,8547126.4989845976,6.9323333136311646e-06,0.00037228834124566944,1.4697354604930062e-09,0.012562014900877104,5.3703179637025318e-05,0.000233915663574905
54.32503314924336,8646097.5593331549,6.7745875933677755e-06,0.00036802969558215722,1.4529230012996942e-09,0.012562114015436289,5.4325033149243359e-05,0.00023123987758875861
54.954087385762485,8746214.6505480725,6.6204301991752648e-06,0.00036381969969681842,1.4363026037322909e-09,0.012562210875383705,5.4954087385762481e-05,0.00022859465915975387
55.590425727040369,8847491.0430413447,6.469779558965549e-06,0.00035965780004299836,1.4198720824761972e-09,0.012562305531972616,5.5590425727040367e-05,0.0002259796604842701
56.234132519034908,8949940.1608891021,6.3225559525923536e-06,0.00035554344929709139,1.4036292767844257e-09,0.012562398035292657,5.6234132519034907e-05,0.00022339453766874348
56.885293084384131,9053575.5836109444,6.1786814699146408e-06,0.00035147610629114774,1.3875720502115451e-09,0.012562488434296224,5.6885293084384129e-05,0.000220838950687323
57.543993733715666,9158411.0479699001,6.0380799698047646e-06,0.00034745523594611935,1.3716982903501443e-09,0.012562576776824185,5.7543993733715664e-05,0.00021831256333992741
58.210321777087096,9264460.449793214,5.9006770400803545e-06,0.00034348030920574728,1.3560059085698307e-09,0.01256266310963111,5.8210321777087092e-05,0.00021581504321070526
58.884365535558956,9371737.8458142504,5.7663999583392524e-06,0.00033955080297108051,1.3404928397587205e-09,0.01256274747840982,5.8884365535558955e-05,0.00021334606162689236
59.566214352901092,9480257.455535613,5.6351776536775222e-06,0.00033566620003563349,1.3251570420674516e-09,0.012562829927815478,5.9566214352901089e-05,0.00021090529361806961
60.255958607435808,9590033.6631140485,5.5069406692704388e-06,0.00033182598902116428,1.3099964966556448e-09,0.012562910501489104,6.0255958607435806e-05,0.00020849241787581149
60.953689724016932,9701081.0192669611,5.3816211257976651e-06,0.00032802966431408559,1.2950092074408656e-09,0.012562989242080531,6.0953689724016931e-05,0.00020610711671373145
61.659500186148222,9813414.243201131,5.2591526856933962e-06,0.00032427672600249388,1.2801932008500245e-09,0.012563066191270877,6.1659500186148224e-05,0.00020374907602791701
62.373483548241914,9927048.2245637123,5.1394705182031639e-06,0.00032056667981381943,1.2655465255732301e-09,0.012563141389794509,6.2373483548241914e-05,0.00020141798525775327
63.0957344480193,10041998.025415853,5.0225112652292413e-06,0.00031689903705308964,1.2510672523200611e-09,0.012563214877460491,6.3095734448019293e-05,0.00019911353734713321
63.826348619054826,10158278.882229144,4.9082130079469982e-06,0.00031327331454180485,1.2367534735782591e-09,0.012563286693173569,6.382634861905483e-05,0.00019683542870605172
64.565422903465631,10275906.207905229,4.7965152341749366e-06,0.00030968903455742028,1.2226033033748116e-09,0.012563356874954667,6.4565422903465627e-05,0.0001945833591725814
65.313055264747291,10394895.593818672,4.6873588064816467e-06,0.00030614572477343568,1.2086148770394367e-09,0.012563425459960937,6.531305526474729e-05,0.00019235703197522964
66.069344800759637,10515262.811883712,4.5806859310128562e-06,0.00030264291820007711,1.194786350970403e-09,0.01256349248450532,6.6069344800759634e-05,0.00019015615369566779
66.834391756861493,10637023.81664473,4.4764401270228847e-06,0.00029918015312558227,1.1811159024027339e-09,0.012563557984075713,6.6834391756861493e-05,0.00018798043423183975
67.60829753919819,10760194.747391017,4.37456619709436e-06,0.00029575697305807416,1.1676017291787342e-09,0.012563621993353685,6.7608297539198189e-05,0.00018582958676144007
68.391164728142925,10884791.930296028,4.2750101980309028e-06,0.00029237292666802237,1.1542420495208357e-09,0.012563684546232742,6.8391164728142927e-05,0.00018370332770576125
69.183097091893629,11010831.880581401,4.177719412407668e-06,0.00028902756773128849,1.141035101806751e-09,0.012563745675836218,6.9183097091893625e-05,0.00018160137669390847
69.984199600227313,11138331.304706024,4.0826423207649807e-06,0.00028572045507275161,1.1279791443469133e-09,0.012563805414534739,6.998419960022731e-05,0.00017952345652737781
70.794578438413879,11267307.102580482,3.9897285744305983e-06,0.00028245115251050821,1.1150724551641892e-09,0.012563863793963325,7.079457843841388e-05,0.00017746929314499651
71.614341021290272,11397776.36980704,3.8989289689565866e-06,0.0002792192288006447,1.1023133317758476e-09,0.012563920845038025,7.1614341021290263e-05,0.00017543861558822266
72.443596007499053,11529756.399945769,3.8101954181567837e-06,0.00027602425758257396,1.0897000909777577e-09,0.012563976597972289,7.2443596007499048e-05,0.00017343115596679822
73.282453313890443,11663264.686806712,3.7234809287316313e-06,0.00027286581732493718,1.0772310686308178e-09,0.012564031082292875,7.3282453313890434e-05,0.00017144664942475945
74.131024130091774,11798318.926768677,3.6387395754669914e-06,0.00026974349127206342,1.0649046194495864e-09,0.01256408432685545,7.4131024130091777e-05,0.0001694848341067954
74.989420933245583,11934937.021124886,3.5559264769940804e-06,0.00026665686739098211,1.0527191167930953e-09,0.012564136359859805,7.4989420933245586e-05,0.00016754545112495541
75.857757502918361,12073137.078455769,3.4749977720979269e-06,0.0002636055383189861,1.0406729524578377e-09,0.012564187208864758,7.5857757502918358e-05,0.00016562824452570187
76.736148936181863,12212937.41702923,3.3959105965619977e-06,0.00026058910131173969,1.0287645364729067e-09,0.012564236900802694,7.6736148936181861e-05,0.00016373296125730556
77.624711662869117,12354356.56722872,3.3186230605369275e-06,0.00025760715819192725,1.016992296897267e-09,0.012564285461993769,7.7624711662869112e-05,0.00016185935113758045
78.523563461007257,12497413.274009444,3.2430942264215437e-06,0.00025465931529843831,1.0053546796191477e-09,0.012564332918159848,7.8523563461007257e-05,0.00016000716682195611
79.432823472428211,12642126.499382881,3.1692840872447373e-06,0.00025174518343608701,9.9385014815754068e-10,0.012564379294438047,7.9432823472428207e-05,0.00015817616377188513
80.352612218561774,12788515.424930334,3.0971535455366937e-06,0.00024886437782585367,9.8247718346576409e-10,0.012564424615394034,8.0352612218561768e-05,0.00015636610022357931
81.283051616409949,12936599.454345318,3.0266643926787366e-06,0.00024601651805565583,9.7123428373711206e-10,0.012564468905034988,8.1283051616409945e-05,0.0001545767371570778
82.224264994707113,13086398.216005534,2.9577792887207854e-06,0.00024320122803163418,9.6011996421254116e-10,0.012564512186822295,8.2224264994707104e-05,0.0001528078382656396
83.176377110267083,13237931.565574585,2.8904617426559906e-06,0.00024041813592995444,9.4913275699039113e-10,0.01256455448368393,8.3176377110267077e-05,0.00015105916992545944
84.139514164519468,13391219.588633819,2.8246760931422154e-06,0.00023766687414911893,9.3827121083811793e-10,0.012564595818026577,8.4139514164519461e-05,0.0001493305011657044
85.113803820237592,13546282.603344658,2.7603874896602797e-06,0.00023494707926278318,9.2753389100602198e-10,0.012564636211747457,8.5113803820237595e-05,0.00014762160363886769
86.099375218460168,13703141.163141772,2.6975618740991352e-06,0.00023225839197307409,9.1691937904295565e-10,0.012564675686245919,8.6099375218460161e-05,0.00014593225159143764
87.096358995608142,13861816.059457302,2.6361659627583738e-06,0.00022960045706440629,9.064262726139969e-10,0.012564714262434724,8.7096358995608137e-05,0.00014426222183487949
88.104887300801465,14022328.324476911,2.5761672287585109e-06,0.00022697292335778667,8.9605318532005153e-10,0.012564751960751117,8.8104887300801459e-05,0.00014261129371692435
89.12509381337459,14184699.233927468,2.5175338848500633e-06,0.00022437544366561127,8.8579874651939769e-10,0.012564788801167612,8.9125093813374588e-05,0.00014097924909316697
90.157113760595706,14348950.309897145,2.4602348666122365e-06,0.0002218076747469434,8.7566160115113178e-10,0.012564824803202562,9.0157113760595708e-05,0.00013936587229896634
91.201083935590972,14515103.323688153,2.4042398160325153e-06,0.00021926927726327122,8.6564040956050569e-10,0.01256485998593047,9.1201083935590964e-05,0.00013777095012164727
92.257142715476292,14683180.298702497,2.3495190654585313e-06,0.00021675991573474017,8.557338473261399e-10,0.012564894367992067,9.2257142715476286e-05,0.00013619427177300047
93.325430079699046,14853203.51336116,2.296043621913807e-06,0.00021427925849685595,8.4594060508909344e-10,0.012564927967604188,9.3325430079699046e-05,0.00013463562886207819
94.406087628592459,15025195.504057119,2.2437851517691437e-06,0.0002118269776576524,8.3625938838376925e-10,0.012564960802569365,9.4406087628592456e-05,0.000133094815368282
95.499258602143684,15199179.068142375,2.1927159657616867e-06,0.00020940274905532457,8.2668891747065665e-10,0.012564992890285284,9.5499258602143675e-05,0.0001315716276147429
96.605087898981409,15375177.266949935,2.1428090043536495e-06,0.0002070062522163131,8.1722792717085491e-10,0.012565024247753945,9.6605087898981402e-05,0.00013006586424198506
97.72372209558111,15553213.428850409,2.0940378234232368e-06,0.00020463717031384796,8.0787516670241047e-10,0.012565054891590693,9.772372209558111e-05,0.0001285773261818776
98.855309465693907,15733311.152344218,2.0463765802800907e-06,0.00020229519012693678,7.9862939951840943e-10,0.012565084838032956,9.8855309465693903e-05,0.000127105816631867
100,15915494.309189536,1.9998000199980001e-06,0.0001999800019998,7.8948940314683384e-10,0.012565114102948877,9.9999999999999991e-05,0.00012565114102948879
101.15794542598982,16099787.047566466,1.9542834620576804e-06,0.00019769129980174525,7.8045396903215219e-10,0.012565142701845684,0.00010115794542598982,0.00012421310702715604
102.32929922807536,16286213.795277864,1.9098027872926113e-06,0.00019542878088747796,7.7152190237863201e-10,0.012565170649877899,0.00010232929922807536,0.00012279152446722201
103.51421666793431,16474799.262987209,1.8663344251310869e-06,0.00019319214605784392,7.6269202199535773e-10,0.012565197961855344,0.0001035142166679343,0.00012138620535731379
104.71285480509006,16665568.44749401,1.8238553411277632e-06,0.00019098109952099949,7.5396316014293646e-10,0.012565224652250994,0.00010471285480509006,0.00011999696384593463
105.92537251772897,16858546.63504697,1.7823430247781974e-06,0.0001887953488540064,7.4533416238188092e-10,0.012565250735208611,0.00010592537251772897,0.00011862361619833374
107.1519305237607,17053759.404695857,1.7417754776098718e-06,0.00018663460496484312,7.3680388742263574e-10,0.012565276224550241,0.0001071519305237607,0.00011726598077263685
108.39269140212039,17251232.631681845,1.7021312015435874e-06,0.00018449858205483446,7.2837120697725607e-10,0.01256530113378353,0.00010839269140212039,0.00011592387799624031
109.64781961431851,17450992.490867268,1.6633891875189996e-06,0.00018238699758149111,7.2003500561270344e-10,0.012565325476108859,0.0001096478196143185,0.00011459713034246234
110.91748152624008,17653065.460205093,1.6255289043783609e-06,0.00018029957222175612,7.1179418060574911e-10,0.012565349264426335,0.00011091748152624007,0.00011328556230745029
112.2018454301963,17857478.32424853,1.5885302880026168e-06,0.00017823602983565483,7.0364764179946915e-10,0.012565372511342614,0.0001122018454301963,0.00011198900038734088
113.50108156723144,18064258.177701291,1.5523737306941473e-06,0.00017619609743034379,6.9559431146131613e-10,0.012565395229177578,0.00011350108156723143,0.0001107072730556719
114.81536214968841,18273432.429009017,1.5170400708005511e-06,0.00017417950512455422,6.8763312414274661e-10,0.012565417429970849,0.0001148153621496884,0.00010944021074104104
116.14486138403439,18485028.803992067,1.4825105825740624e-06,0.00017218598611342854,6.7976302654040207e-10,0.012565439125488156,0.00011614486138403438,0.00010818764580501225
117.48975549395303,18699075.349520795,1.4487669662611657e-06,0.00017021527663374042,6.7198297735880272e-10,0.012565460327227579,0.00011748975549395303,0.00010694941252026264
118.85022274370189,18915600.43723296,1.4157913384173147e-06,0.0001682671159295017,6.6429194717456919e-10,0.012565481046425615,0.00011885022274370189,0.0001057253470489729
120.22644346174131,19134632.767294414,1.3835662224415723e-06,0.00016634124621794669,6.5668891830213402e-10,0.012565501294063138,0.00012022644346174131,0.00010451528742145445
121.61860006463679,19356201.372203249,1.3520745393262138e-06,0.00016443741265589285,6.4917288466093874e-10,0.012565521080871203,0.00012161860006463679,0.00010331907351501324
123.02687708123811,19580335.620638058,1.3212995986164269e-06,0.00016255536330647241,6.4174285164409579e-10,0.012565540417336733,0.00012302687708123811,0.00010213654703304671
124.45146117713844,19807065.221350692,1.2912250895753404e-06,0.00016069484910623258,6.3439783598850531e-10,0.012565559313708063,0.00012445146117713845,0.00010096755148437212
125.89254117941688,20036420.227104187,1.2618350725497285e-06,0.00015885562383259917,6.2713686564640645e-10,0.01256557778000038,0.00012589254117941688,9.9811932162783456e-05
127.3503081016663,20268431.038656041,1.2331139705318663e-06,0.00015703744407170222,6.1995897965835838e-10,0.012565595826001001,0.00012735030810166628,9.8669536126835567e-05
128.82495516931348,20503128.408788059,1.2050465609130194e-06,0.00015524006918655507,6.1286322802761606e-10,0.012565613461274569,0.00012882495516931347,9.7540212179850544e-05
130.31667784523,20740543.446382441,1.1776179674243218e-06,0.0001534632612855899,6.0584867159591368e-10,0.012565630695168134,0.00013031667784523001,9.6423810850148034e-05
131.82567385564073,20980707.620545257,1.1508136522607191e-06,0.00015170678519154027,5.9891438192061745e-10,0.012565647536816051,0.00013182567385564071,9.5320184371493593e-05
133.35214321633239,21223652.76477766,1.1246194083838538e-06,0.00014997040841067068,5.9205944115324953e-10,0.012565663995144881,0.0001333521432163324,9.422918666376479e-05
134.89628825916532,21469411.081195366,1.0990213519998333e-06,0.00014825390110234708,5.8528294191935643e-10,0.012565680078878054,0.00013489628825916531,9.3150673313832262e-05
136.45831365889239,21718015.144797023,1.0740059152079108e-06,0.00014655703604894691,5.7858398719971918e-10,0.012565695796540549,0.0001364583136588924,9.2084501556653206e-05
138.03842646028838,21969497.907781977,1.0495598388162078e-06,0.00014487958862610323,5.7196169021288159e-10,0.012565711156463346,0.00013803842646028838,9.1030530256575439e-05
139.63683610559391,22223892.703918118,1.025670165320677e-06,0.00014322133677328077,5.6541517429898915e-10,0.012565726166787895,0.00013963683610559392,8.9988619888849703e-05
141.25375446227554,22481233.252960023,1.0023242320436376e-06,0.00014158206096468088,5.5894357280492646e-10,0.012565740835470395,0.00014125375446227554,8.8958632521348731e-05
142.88939585111038,22741553.66511878,9.7950966442819084e-07,0.00013996154418046805,5.5254602897072398e-10,0.012565755170285995,0.00014288939585111037,8.7940431796488337e-05
144.54397707459279,23004888.445583042,9.5721436948507232e-07,0.00013835957187832107,5.462216958172468e-10,0.012565769178832956,0.00014454397707459277,8.6933882913352498e-05
146.21771744567184,23271272.499092735,9.3542652938840745e-07,0.00013677593196529962,5.3996973603512783e-10,0.012565782868536634,0.00014621771744567183,8.5938852610016513e-05
147.91083881682073,23540741.13456561,9.1413459521703111e-07,0.00013521041477002594,5.3378932187494625e-10,0.012565796246653429,0.00014791083881682073,8.4955209146068481e-05
149.62356560944329,23813330.069777418,8.9332728083804969e-07,0.0001336628130151775,5.2767963503863193e-10,0.012565809320274627,0.00014962356560944327,8.3982822285325588e-05
151.35612484362071,24089075.436096262,8.7299355692942889e-07,0.00013213292179028714,5.2163986657208549e-10,0.012565822096330156,0.00015135612484362069,8.3021563278744167e-05
153.1087461682032,24368013.783271831,8.5312264513843908e-07,0.00013062053852484735,5.1566921675899818e-10,0.012565834581592257,0.00015310874616820318,8.2071304847520634e-05
154.88166189124829,24650182.084279798,8.3370401237290573e-07,0.00012912546296171745,5.0976689501586689e-10,0.012565846782679062,0.00015488166189124827,8.1131921166382518e-05
156.67510701081503,24935617.740222879,8.1472736522218644e-07,0.00012764749713082543,5.0393211978817432e-10,0.012565858706058121,0.00015667510701081503,8.0203287847065076e-05
158.48931924611142,25224358.5852881,7.9618264450500902e-07,0.00012618644532316758,4.9816411844774255e-10,0.012565870358049793,0.00015848931924611142,7.9285281921974695e-05
160.32453906900417,25516442.891761713,7.7806001994123374e-07,0.00012474211406509849,4.9246212719123466e-10,0.012565881744830632,0.00016032453906900416,7.8377781828034684e-05
162.18100973589299,25811909.375102174,7.6034988494474757e-07,0.00012331431209290921,4.8682539093979329e-10,0.012565892872436632,0.00016218100973589298,7.7480667390712502e-05
164.05897731995387,26110797.19907181,7.4304285153473818e-07,0.00012190285032769146,4.8125316323980836e-10,0.012565903746766437,0.00016405897731995385,7.6593819808226326e-05
165.95869074375597,26413145.98092794,7.2612974536265782e-07,0.00012050754185048361,4.757447061647972e-10,0.012565914373584458,0.00016595869074375596,7.5717121635928767e-05
167.88040181225622,26718995.796674166,7.0960160085224891e-07,0.00011912820187769578,4.7029929021838712e-10,0.012565924758523929,0.00016788040181225621,7.485045677086621e-05
169.82436524617461,27028387.186372172,6.9344965645007946e-07,0.00011776464773681256,4.6491619423839324e-10,0.012565934907089904,0.00016982436524617459,7.3993710436512077e-05
171.79083871575892,27341361.159515586,6.7766534998403827e-07,0.00011641669884236621,4.5959470530196475e-10,0.01256594482466215,0.00017179083871575891,7.3146769167670644e-05
173.78008287493762,27657959.200465556,6.622403141273909e-07,0.00011508417667218269,4.5433411863180777e-10,0.012565954516498017,0.0001737800828749376,7.2309520795551814e-05
175.79236139586931,27978223.273949482,6.4716637196596157e-07,0.00011376690474389391,4.4913373750345961e-10,0.012565963987735211,0.00017579236139586929,7.1481854433013385e-05
177.82794100389228,28302195.830623399,6.3243553266611148e-07,0.00011246470859171444,4.4399287315360675e-10,0.012565973243394512,0.00017782794100389227,7.06636604599694e-05
179.88709151287873,28629919.812698785,6.180399872412217e-07,0.00011117741574348006,4.3891084468943677e-10,0.012565982288382465,0.00017988709151287873,6.9854830508963019e-05
181.97008586099827,28961438.65963449,6.0397210441444569e-07,0.00010990485569794451,4.3388697899900954e-10,0.012565991127493932,0.00018197008586099826,6.9055257450901752e-05
184.07720014689545,29296796.313894577,5.9022442657554276e-07,0.00010864685990233279,4.2892061066264098e-10,0.012565999765414672,0.00018407720014689544,6.826483538095363e-05
186.20871366628694,29636037.226772934,5.7678966582965069e-07,0.00010740326173014675,4.2401108186528341e-10,0.012566008206723805,0.00018620871366628692,6.748345960460217e-05
188.3649089489802,29979206.364284992,5.6366070013592703e-07,0.00010617389645922233,4.1915774230989854e-10,0.012566016455896238,0.00018836490894898018,6.6711026623859264e-05
190.54607179632484,30326349.213128287,5.5083056953397975e-07,0.0001049586012500322,4.1435994913180032e-10,0.01256602451730505,0.00019054607179632484,6.594743412363233e-05
192.75249131909365,30677511.786711402,5.3829247245613985e-07,0.00010375721512423555,4.0961706681397217e-10,0.012566032395223784,0.00019275249131909365,6.5192580958246823e-05
194.98445997580455,31032740.63125312,5.2603976212358851e-07,0.00010256957894346859,4.0492846710333594e-10,0.012566040093828735,0.00019498445997580456,6.4446367138119845e-05
197.24227361148533,31392082.831952002,5.1406594302445289e-07,0.00010139553538837533,4.0029352892796832e-10,0.012566047617201157,0.00019724227361148531,6.3708693816584772e-05
199.52623149688787,31755586.019227527,5.0236466747199756e-07,0.00010023492893787488,3.9571163831525156e-10,0.012566054969329422,0.00019952623149688788,6.2979463276864538e-05
201.83663636815598,32123298.375033442,4.9092973224109956e-07,9.9087605848662995e-05,3.9118218831094876e-10,0.012566062154111126,0.00020183663636815598,6.2258578919192138e-05
204.17379446695315,32495268.639244266,4.7975507528122058e-07,9.795341413494555e-05,3.8670457889919481e-10,0.012566069175355165,0.00020417379446695315,6.1545945248076705e-05
206.53801558105312,32871546.116115503,4.6883477250415035e-07,9.683220354840171e-05,3.8227821692339439e-10,0.012566076036783764,0.00020653801558105311,6.084146785971406e-05
208.92961308540407,33252180.680819198,4.5816303464479643e-07,9.57238255583719e-05,3.7790251600800689e-10,0.012566082742034414,0.00020892961308540406,6.0145053429538403e-05
211.34890398366477,33637222.786054619,4.4773420419339367e-07,9.4628133332272106e-05,3.7357689648122533e-10,0.012566089294661841,0.00021134890398366476,5.9456609699916295e-05
213.79620895022325,34026723.468735747,4.375427523974851e-07,9.3544981716228517e-05,3.6930078529852497e-10,0.012566095698139861,0.00021379620895022324,5.8776045467979006e-05
216.271852372702,34420734.356756181,4.2758327633209752e-07,9.2474227215931626e-05,3.650736159670784e-10,0.012566101955863227,0.00021627185237270199,5.8103270573592824e-05
218.77616239495518,34819307.675832346,4.1785049603656175e-07,9.1415727977707404e-05,3.608948284710274e-10,0.012566108071149442,0.00021877616239495516,5.7438195887465714e-05
221.30947096056366,35222496.256425977,4.0833925171646102e-07,9.0369343769802407e-05,3.5676386919759959e-10,0.012566114047240498,0.00022130947096056364,5.6780733299388376e-05
223.87211385683423,35630353.540746771,3.9904450100922633e-07,8.9334935963881115e-05,3.5268019086406277e-10,0.012566119887304605,0.00022387211385683421,5.6130795706608716e-05
226.4644307593062,36042933.589835852,3.8996131631194105e-07,8.8312367516733481e-05,3.4864325244550944e-10,0.012566125594437873,0.00022646443075930619,5.5488297002338353e-05
229.08676527677747,36460291.090731904,3.8108488216991703e-07,8.7301502952188194e-05,3.4465251910345285e-10,0.012566131171665929,0.00022908676527677745,5.4853152064388409e-05
231.73946499684797,36882481.363719612,3.7241049272469251e-07,8.6302208343232777e-05,3.4070746211524037e-10,0.01256613662194556,0.00023173946499684795,5.4225276743935185e-05
234.42288153199226,37309560.369662352,3.6393354922007664e-07,8.5314351294335516e-05,3.3680755880426295e-10,0.012566141948166252,0.00023442288153199226,5.3604587854412647e-05
237.13737056616552,37741584.717419773,3.5564955756493055e-07,8.4337800923967748e-05,3.3295229247095609e-10,0.012566147153151715,0.00023713737056616551,5.299100316053111e-05
239.88329190194898,38178611.671351209,3.4755412595139418e-07,8.3372427847325033e-05,3.2914115232458563e-10,0.012566152239661411,0.00023988329190194896,5.2384441367420285e-05
242.66100950824142,38620699.158906043,3.3964296252729711e-07,8.2418104159243712e-05,3.2537363341580514e-10,0.012566157210391988,0.00024266100950824142,5.1784822109895687e-05
245.47089156850285,39067905.778301887,3.3191187312152205e-07,8.1474703417311811e-05,3.216492365699803e-10,0.012566162067978724,0.00024547089156850286,5.1192065941846798e-05
248.3133105295573,39520290.806291834,3.2435675902111603e-07,8.0542100625171175e-05,3.1796746832126852e-10,0.012566166814996919,0.00024831331052955726,5.0606094325745527e-05
251.18864315095823,39977914.206021167,3.1697361479897928e-07,7.9620172216010102e-05,3.1432784084745035e-10,0.012566171453963246,0.00025118864315095823,5.0026829622274299e-05
254.09727055493065,40440836.634975925,3.0975852619096378e-07,7.8708796036241894e-05,3.1072987190549503e-10,0.012566175987337121,0.00025409727055493062,4.9454195080070998e-05
257.03957827688646,40909119.453022644,3.0270766802128223e-07,7.7807851329370141e-05,3.0717308476786316e-10,0.012566180417521965,0.00025703957827688642,4.8888114825591205e-05
260.01595631652719,41382824.730541632,2.9581730217511137e-07,7.6917218720036679e-05,3.0365700815953067e-10,0.012566184746866507,0.00026001595631652716,4.8328513853085328e-05
263.02679918953817,41862015.256654337,2.8908377561732203e-07,7.6036780198250842e-05,3.0018117619572825e-10,0.01256618897766602,0.00026302679918953814,4.7775318014689353e-05
266.07250597988087,42346754.547545925,2.8250351845628802e-07,7.5166419103798071e-05,2.9674512832038904e-10,0.012566193112163533,0.00026607250597988089,4.7228454010628696e-05
269.15348039269139,42837106.854884371,2.7607304205174602e-07,7.430602011082528e-05,2.9334840924529419e-10,0.012566197152551018,0.0002691534803926914,4.6687849379532829e-05
272.27013080779153,43333137.174336962,2.6978893716570642e-07,7.3455469212601939e-05,2.8999056888991194e-10,0.012566201100970566,0.00027227013080779154,4.6153432488860293e-05
275.42287033381689,43834911.254185103,2.636478721554402e-07,7.261465370645452e-05,2.8667116232192126e-10,0.012566204959515511,0.00027542287033381689,4.5625132525432886e-05
278.61211686297725,44342495.604039639,2.5764659120757024e-07,7.1783462178871279e-05,2.8338974969840774e-10,0.012566208730231539,0.00027861211686297722,4.5102879486076559e-05
281.83829312644548,44855957.50365635,2.5178191261235309e-07,7.0961784490777447e-05,2.8014589620773263e-10,0.012566212415117777,0.00028183829312644545,4.4586604168369715e-05
285.10182675039096,45375365.011853881,2.4605072707722066e-07,7.0149511762977477e-05,2.7693917201206085e-10,0.012566216016127849,0.00028510182675039092,4.4076238161496183e-05
288.40315031266056,45900786.975534834,2.4044999607869677e-07,6.9346536361763024e-05,2.737691521905438e-10,0.012566219535170927,0.00028840315031266055,4.3571713837202436e-05
291.74270140011657,46432293.038811371,2.3497675025181272e-07,6.8552751884684373e-05,2.7063541668314706e-10,0.012566222974112704,0.00029174270140011654,4.3072964340857653e-05
295.12092266663842,46969953.652236484,2.2962808781617053e-07,6.7768053146484127e-05,2.6753755023511889e-10,0.012566226334776423,0.00029512092266663841,4.2579923582615436e-05
298.53826189179631,47513840.082142189,2.2440117303781903e-07,6.6992336165190734e-05,2.6447514234208969e-10,0.012566229618943842,0.00029853826189179627,4.2092526228676204e-05
301.99517204020191,48064024.420085482,2.1929323472613221e-07,6.6225498148370654e-05,2.6144778719579764e-10,0.01256623282835613,0.00030199517204020191,4.1610707692649155e-05
305.49211132155153,48620579.592404492,2.143015647648831e-07,6.5467437479536364e-05,2.584550836304298e-10,0.012566235964714871,0.00030549211132155151,4.1134404127012104e-05
309.0295432513592,49183579.369884484,2.0942351667675026e-07,6.4718053704709543e-05,2.5549663506957545e-10,0.012566239029682876,0.00030902954325135921,4.0663552414669035e-05
312.6079367123956,49753098.377536148,2.0465650422048475e-07,6.3977247519137416e-05,2.5257204947378473e-10,0.012566242024885139,0.00031260793671239559,4.0198090160603583e-05
316.2277660168379,50329212.104487039,1.9999800001999984e-07,6.3244920754160043e-05,2.4968093928872224e-10,0.012566244951909653,0.00031622776601683789,3.9737955683627568e-05
319.88951096913974,50911996.913987666,1.954455342246551e-07,6.2520976364227184e-05,2.468229213939121e-10,0.012566247812308274,0.00031988951096913973,3.928308800822344e-05
323.59365692962808,51501530.053533264,1.9099669320002781e-07,6.1805318414063219e-05,2.4399761705206699e-10,0.012566250607597529,0.00032359365692962805,3.8833426856479809e-05
327.34069487883795,52097889.665102936,1.8664911824847502e-07,6.10978520659782e-05,2.4120465185899396e-10,0.012566253339259432,0.00032734069487883792,3.8388912640118628e-05
331.13112148259142,52701154.795517325,1.824005043588108e-07,6.0398483567323323e-05,2.3844365569407102e-10,0.012566256008742274,0.00033113112148259143,3.7949486452613358e-05
334.96543915782792,53311405.406915836,1.7824859898443818e-07,5.9707120238089893e-05,2.3571426267128938e-10,0.012566258617461357,0.00033496543915782789,3.7515090061397131e-05
338.84415613920271,53928722.38735611,1.7419120084927966e-07,5.9023670458648541e-05,2.330161110908502e-10,0.012566261166799791,0.00033884415613920268,3.7085665900159037e-05
342.76778654645045,54553187.561535254,1.7022615878088684e-07,5.8348043657629206e-05,2.3034884339131647e-10,0.012566263658109198,0.00034276778654645043,3.6661157061228884e-05
346.73685045253166,55184883.701635703,1.6635137057010105e-07,5.7680150299938805e-05,2.2771210610230867e-10,0.012566266092710434,0.00034673685045253164,3.6241507288048571e-05
350.75187395256796,55823894.538296603,1.6256478185666443e-07,5.7019901874915465e-05,2.2510554979773959e-10,0.012566268471894289,0.00035075187395256792,3.5826660967729068e-05
354.81338923357532,56470304.771712199,1.5886438504019114e-07,5.6367210884617912e-05,2.2252882904958275e-10,0.012566270796922182,0.00035481338923357532,3.5416563123692453e-05
358.92193464500497,57124200.082858749,1.5524821821592104e-07,5.5721990832248284e-05,2.199816023821674e-10,0.012566273069026808,0.00035892193464500495,3.5011159408397805e-05
363.07805477010174,57785667.14485161,1.5171436413469198e-07,5.5084156210706855e-05,2.1746353222699443e-10,0.012566275289412811,0.00036307805477010173,3.4610396096149846e-05
367.28230049808496,58454793.63443312,1.4826094918658307e-07,5.4453622491277913e-05,2.1497428487806995e-10,0.012566277459257416,0.00036728230049808494,3.4214220075990121e-05
371.53522909717276,59131668.243594833,1.4488614240768109e-07,5.3830306112443395e-05,2.1251353044774346e-10,0.012566279579711057,0.00037153522909717275,3.382257884466838e-05
375.8374042884443,59816380.691333018,1.4158815450945645e-07,5.3214124468825298e-05,2.1008094282305402e-10,0.012566281651897965,0.00037583740428844426,3.3435420499694886e-05
380.18939632056123,60509021.735540971,1.3836523693022521e-07,5.2604995900253743e-05,2.0767619962257277e-10,0.012566283676916801,0.00038018939632056124,3.3052693732471664e-05
384.59178204535351,61209683.185038857,1.3521568090819771e-07,5.2002839680959645e-05,2.0529898215373743e-10,0.012566285655841215,0.00038459178204535349,3.2674347821502122e-05
389.04514499428046,61918457.911742881,1.3213781657562285e-07,5.140757600889083e-05,2.0294897537067384e-10,0.01256628758972041,0.00038904514499428044,3.2300332625678065e-05
393.55007545577723,62635439.862975344,1.2913001207354735e-07,5.0819125995149985e-05,2.0062586783249875e-10,0.012566289479579714,0.0003935500754557772,3.193059857764346e-05
398.10717055349772,63360724.073917411,1.2619067268672097e-07,5.0237411653553036e-05,1.9832935166209792e-10,0.01256629132642112,0.00039810717055349773,3.1565096677233696e-05
402.71703432545951,64094406.680205375,1.2331823999819197e-07,4.9662355890307126e-05,1.9605912250537648e-10,0.012566293131223807,0.00040271703432545949,3.1203778484990135e-05
407.38027780411301,64836584.930674128,1.2051119106313735e-07,4.9093882493805434e-05,1.9381487949097034e-10,0.012566294894944669,0.00040738027780411299,3.0846596115747939e-05
412.09751909733041,65587357.200246878,1.1776803760150023e-07,4.8531916124539368e-05,1.9159632519042133e-10,0.012566296618518822,0.00041209751909733038,3.049350223229778e-05
416.86938347033549,66346823.002974749,1.1508732520899927e-07,4.7976382305125514e-05,1.8940316557880495e-10,0.012566298302860091,0.00041686938347033545,3.0144450039119548e-05
421.69650342858222,67115083.005227253,1.1246763258609434e-07,4.7427207410446455e-05,1.8723510999580805e-10,0.012566299948861513,0.00042169650342858218,2.97993932761876e-05
426.57951880159254,67892239.039035559,1.0990757078450005e-07,4.6884318657904012e-05,1.8509187110725012e-10,0.012566301557395784,0.00042657951880159252,2.9458286212846814e-05
431.51907682776499,68678394.115590155,1.0740578247084765e-07,4.634764409778392e-05,1.8297316486704455e-10,0.01256630312931574,0.00043151907682776496,2.9121083641758468e-05
436.51583224016565,69473652.438894898,1.0496094120710487e-07,4.5817112603730477e-05,1.8087871047959399e-10,0.01256630466545481,0.00043651583224016562,2.8787740872915199e-05
441.570447353313,70278119.419579297,1.0257175074737229e-07,4.5292653863329697e-05,1.7880823036261427e-10,0.012566306166627451,0.00044157044735331299,2.8458213727724383e-05
446.68359215096348,71091901.688869983,1.0023694435068584e-07,4.4774198368800575e-05,1.7676145011038484e-10,0.012566307633629575,0.00044668359215096348,2.8132458533159197e-05
451.85594437492261,71915107.112725437,9.795528410945511e-08,4.4261677407791687e-05,1.7473809845741528e-10,0.012566309067238983,0.00045185594437492258,2.7810432115975939e-05
457.08818961487515,72747844.806132928,9.5725560293190011e-08,4.37550230542838e-05,1.7273790724253029e-10,0.012566310468215779,0.00045708818961487515,2.7492091796998006e-05
462.38102139926036,73590225.147571728,9.354659070716141e-08,4.325416815959585e-05,1.7076061137336253e-10,0.012566311837302746,0.00046238102139926034,2.717739538546477e-05
467.73514128719813,74442359.793643653,9.1417220065658839e-08,4.2759046343493809e-05,1.6880594879125212e-10,0.012566313175225776,0.00046773514128719813,2.6866301173445141e-05
473.15125896148027,75304361.693873033,8.9336319379512205e-08,4.2269591985401086e-05,1.6687366043654639e-10,0.012566314482694239,0.00047315125896148024,2.6558767930314806e-05
478.63009232263801,76176345.105678067,8.7302785357553252e-08,4.1785740215709163e-05,1.6496349021429587e-10,0.012566315760401349,0.000478630092322638,2.6254754897296694e-05
484.1723675840999,77058425.609515652,8.5315539821699108e-08,4.1307426907187616e-05,1.6307518496034232e-10,0.012566317009024545,0.00048417236758409988,2.5954221782063586e-05
489.77881936844665,77950720.124200821,8.3373529135350043e-08,4.0834588666492527e-05,1.6120849440779529e-10,0.012566318229225843,0.00048977881936844664,2.5657128753402791e-05
495.45019080479057,78853346.922405139,8.1475723644793106e-08,4.0367162825771131e-05,1.5936317115388859e-10,0.012566319421652204,0.00049545019080479051,2.5363436435941119e-05
501.18723362727246,79766425.646333009,7.962111713332281e-08,3.9905087434363086e-05,1.5753897062721822e-10,0.012566320586935843,0.00050118723362727242,2.5073105904930688e-05
506.99070827470445,80690077.32358031,7.7808726287784093e-08,3.9448301250596272e-05,1.557356510553535e-10,0.012566321725694597,0.00050699070827470443,2.4786098681094057e-05
512.86138399136485,81624424.383176357,7.6037590177257173e-08,3.899674373367632e-05,1.5395297343281825e-10,0.012566322838532231,0.00051286138399136484,2.4502376725528265e-05
518.80003892896093,82569590.671811864,7.4306769743607353e-08,3.8550355035668835e-05,1.5219070148943776e-10,0.012566323926038785,0.00051880003892896089,2.4221902434667098e-05
524.80746024977225,83525701.47025463,7.2615347303629912e-08,3.8109075993573166e-05,1.5044860165904741e-10,0.01256632498879085,0.00052480746024977218,2.3944638635300926e-05
530.88444423098895,84492883.50995554,7.0962426062525941e-08,3.7672848121486731e-05,1.4872644304855856e-10,0.012566326027351896,0.00053088444423098893,2.3670548579653351e-05
537.03179637025323,85471264.989845991,6.9347129638453013e-08,3.7241613602859242e-05,1.4702399740737955e-10,0.012566327042272568,0.00053703179637025326,2.3399595940514466e-05
543.25033149243359,86460975.59333156,6.7768601597894205e-08,3.681531528283469e-05,1.4534103909718302e-10,0.012566328034090989,0.00054325033149243355,2.3131744806429099e-05
549.54087385762477,87462146.505480707,6.6226005001605093e-08,3.639389666068149e-05,1.4367734506202133e-10,0.012566329003333014,0.00054954087385762477,2.2866959676940614e-05
555.90425727040372,88474910.430413455,6.4718521960893705e-08,3.5977301882308923e-05,1.4203269479878264e-10,0.012566329950512545,0.00055590425727040373,2.2605205457888791e-05
562.34132519034904,89499401.608891025,6.3245353204000042e-08,3.5565475732869069e-05,1.4040687032798453e-10,0.012566330876131772,0.00056234132519034899,2.2346447456761506e-05
568.85293084384125,90535755.83610943,6.1805717652344883e-08,3.5158363629443333e-05,1.3879965616490157e-10,0.012566331780681469,0.00056885293084384125,2.2090651378099544e-05
575.43993733715661,91584110.479698986,6.0398852006423358e-08,3.4755911613812455e-05,1.3721083929102244e-10,0.012566332664641222,0.00057543993733715653,2.1837783318953878e-05
582.10321777087097,92644604.497932136,5.9024010341123894e-08,3.4358066345309386e-05,1.3564020912583425e-10,0.012566333528479719,0.00058210321777087094,2.1587809764394934e-05
588.84365535558959,93717378.458142504,5.7680463710257544e-08,3.3964775093753485e-05,1.3408755749892785e-10,0.012566334372654964,0.00058884365535558959,2.1340697583073106e-05
595.6621435290109,94802574.55535613,5.6367499760089794e-08,3.3575985732466094e-05,1.3255267862242434e-10,0.012566335197614544,0.00059566214352901089,2.1096414022830237e-05
602.55958607435809,95900336.631140485,5.5084422351666124e-08,3.3191646731365057e-05,1.3103536906371351e-10,0.012566336003795857,0.00060255958607435811,2.0854926706360826e-05
609.53689724016931,97010810.192669615,5.3830551191736237e-08,3.2811707150138998e-05,1.2953542771850679e-10,0.012566336791626337,0.00060953689724016925,2.0616203626923283e-05
616.59500186148216,98134142.432011306,5.2605221472077396e-08,3.2436116631499237e-05,1.2805265578419703e-10,0.012566337561523708,0.00061659500186148216,2.0380213144099946e-05
623.73483548241916,99270482.245637134,5.1407783517027342e-08,3.2064825394508861e-05,1.2658685673352259e-10,0.012566338313896166,0.00062373483548241917,2.0146923979605701e-05
630.957344480193,100419980.25415853,5.0237602439039724e-08,3.169778422798817e-05,1.2513783628853315e-10,0.012566339049142622,0.00063095734448019298,1.9916305213144408e-05
638.26348619054829,101582788.82229145,4.9094057802079272e-08,3.1334944483995403e-05,1.2370540239485268e-10,0.012566339767652906,0.00063826348619054824,1.968832627831279e-05
645.65422903465628,102759062.07905228,4.7976543292678308e-08,3.0976258071382023e-05,1.222893651962367e-10,0.012566340469807983,0.00064565422903465621,1.9462956958551058e-05
653.130552647473,103948955.93818672,4.6884466398481225e-08,3.0621677449421922e-05,1.2088953700942132e-10,0.01256634115598013,0.00065313055264747295,1.9240167383140028e-05
660.69344800759643,105152628.11883713,4.5817248094103804e-08,3.0271155621512918e-05,1.1950573229925789e-10,0.012566341826533168,0.00066069344800759636,1.9019928023243679e-05
668.34391756861487,106370238.1664473,4.4774322534144434e-08,2.9924646128950799e-05,1.1813776765413376e-10,0.012566342481822621,0.00066834391756861479,1.8802209687997218e-05
676.0829753919819,107601947.47391017,4.3755136753181995e-08,2.9582103044774349e-05,1.1678546176167352e-10,0.012566343122195938,0.00067608297539198186,1.858698352063987e-05
683.91164728142928,108847919.30296029,4.2759150372602171e-08,2.9243480967680689e-05,1.1544863538471768e-10,0.012566343747992635,0.00068391164728142924,1.8374220994691721e-05
691.83097091893626,110108318.80581401,4.1785835314096769e-08,2.8908735016010338e-05,1.1412711133757666e-10,0.012566344359544523,0.00069183097091893623,1.8163893910174424e-05
699.84199600227305,111383313.04706022,4.0834675519684174e-08,2.8577820821800931e-05,1.1282071446255582e-10,0.012566344957175849,0.00069984199600227304,1.7955974389875047e-05
707.94578438413873,112673071.02580482,3.990516667810225e-08,2.8250694524908893e-05,1.1152927160674873e-10,0.012566345541203476,0.00070794578438413867,1.775043487565264e-05
716.14341021290272,113977763.69807041,3.8996815957429827e-08,2.7927312767198742e-05,1.1025261159909748e-10,0.01256634611193707,0.00071614341021290274,1.7547248124787199e-05
724.43596007499059,115297563.9994577,3.8109141743792299e-08,2.7607632686798079e-05,1.0899056522771229e-10,0.012566346669679226,0.00072443596007499059,1.7346387206370055e-05
732.82453313890448,116632646.86806713,3.7241673386016348e-08,2.7291611912418996e-05,1.077429652174533e-10,0.012566347214725672,0.00073282453313890442,1.7147825497735839e-05
741.31024130091771,117983189.26768677,3.6393950946095865e-08,2.697920855774409e-05,1.065096462077675e-10,0.012566347747365389,0.00074131024130091763,1.6951536680935143e-05
749.89420933245583,119349370.21124887,3.5565524955337719e-08,2.6670381215876703e-05,1.0529044473077906e-10,0.012566348267880788,0.00074989420933245575,1.67574947392475e-05
758.57757502918355,120731370.78455769,3.4755956176058084e-08,2.6365088953854715e-05,1.0408519918963076e-10,0.012566348776547854,0.00075857757502918353,1.6565673953734273e-05
767.3614893618186,122129374.1702923,3.3964815368702812e-08,2.6063291307226975e-05,1.0289374983707253e-10,0.012566349273636285,0.00076736148936181858,1.6376048899830996e-05
776.24711662869117,123543565.6722872,3.319168306426861e-08,2.5764948274691869e-05,1.0171593875429541e-10,0.012566349759409637,0.00077624711662869117,1.6188594443978597e-05
785.23563461007257,124974132.74009444,3.2436149341904013e-08,2.5470020312797083e-05,1.0055160983000697e-10,0.012566350234125476,0.00078523563461007251,1.6003285740293225e-05
794.3282347242822,126421264.99382883,3.1697813611573207e-08,2.5178468330700266e-05,9.940060873974734e-11,0.012566350698035496,0.00079432823472428218,1.5820098227274243e-05
803.52612218561774,127885154.24930334,3.0976284401665515e-08,2.4890253684989133e-05,9.8262782925439739e-11,0.012566351151385671,0.00080352612218561768,1.563900762454963e-05
812.83051616409955,129365994.54345319,3.0271179151440433e-08,2.4605338174561253e-05,9.7137981575176683e-11,0.012566351594416363,0.00081283051616409948,1.5459989929658827e-05
822.24264994707119,130863982.16005534,2.9582124008196383e-08,2.432368403556227e-05,9.6026055603236927e-11,0.01256635202736248,0.00082224264994707114,1.528302141487235e-05
831.76377110267083,132379315.65574585,2.8908753629056345e-08,2.4045253936381929e-05,9.4926857630330513e-11,0.01256635245045357,0.00083176377110267077,1.5108078624047704e-05
841.39514164519471,133912195.88633819,2.825071098726518e-08,2.3770010972707448e-05,9.3840241964070292e-11,0.012566352863913954,0.0008413951416451947,1.4935138369521297e-05
851.13803820237592,135462826.03344658,2.7607647182895978e-08,2.3497918662633438e-05,9.2766064579666689e-11,0.012566353267962859,0.00085113803820237592,1.4764177729035939e-05
860.99375218460159,137031411.63141772,2.6979221257864937e-08,2.3228940941827698e-05,9.1704183100842967e-11,0.012566353662814514,0.0008609937521846015,1.4595174042703414e-05
870.96358995608136,138618160.59457302,2.6365100015157341e-08,2.296304215875257e-05,9.0654456780969927e-11,0.012566354048678268,0.00087096358995608137,1.4428104910001957e-05
881.04887300801465,140223283.2447691,2.5764957842167258e-08,2.270018706994047e-05,8.9616746484414472e-11,0.012566354425758715,0.00088104887300801456,1.4262948186807799e-05
891.25093813374588,141846992.33927467,2.5178476538059381e-08,2.2440340835323932e-05,8.8590914668103324e-11,0.012566354794255788,0.00089125093813374582,1.4099681982460942e-05
901.57113760595701,143489503.09897146,2.46053451450599e-08,2.2183469013618857e-05,8.7576825363296826e-11,0.012566355154364862,0.000901571137605957,1.3938284656864367e-05
912.01083935590964,145151033.23688152,2.4045259783587606e-08,2.1929537557760627e-05,8.6574344157571462e-11,0.012566355506276876,0.00091201083935590964,1.3778734817616451e-05
922.57142715476289,146831802.98702496,2.3497923491137749e-08,2.1678512810392381e-05,8.5583338177008267e-11,0.01256635585017841,0.0009225714271547628,1.3621011317176189e-05
933.25430079699049,148532035.13361162,2.2963046064833182e-08,2.1430361499404975e-05,8.4603676068585305e-11,0.01256635618625181,0.0009332543007969904,1.3465093250060845e-05
944.06087628592456,150251955.04057118,2.2440343907559226e-08,2.1185050733527871e-05,8.3635227982771191e-11,0.012566356514675258,0.0009440608762859245,1.3310959950075648e-05
954.99258602143686,151991790.68142375,2.1929539877601331e-08,2.0942547997970722e-05,8.2677865556318777e-11,0.012566356835622898,0.00095499258602143677,1.3158590987575289e-05
966.05087898981412,153751772.66949934,2.1430363141704272e-08,2.0702821150114325e-05,8.1731461895253669e-11,0.012566357149264889,0.00096605087898981408,1.300796616675651e-05
977.23722095581115,155532134.28850409,2.0942549031477011e-08,2.0465838415251404e-05,8.0795891558059566e-11,0.012566357455767535,0.0009772372209558111,1.2859065522981922e-05
988.55309465693904,157333111.52344218,2.0465838903065544e-08,2.0231568382375813e-05,7.9871030539054649e-11,0.012566357755293342,0.00098855309465693906,1.2711869320134283e-05
1000,159154943.09189534,1.9999980000020002e-08,1.999998000002e-05,7.8956756251958613e-11,0.012566358048001125,0.001,1.2566358048001126e-05
