time_s,decoded_FS,fit_FS,residual_FS
0.20000000000000001,0.089874267578125,0.089865567559699558,8.700018425442102e-06
0.200125,0.082977294921875,0.082983463835648391,-6.168913773391127e-06
0.20025000000000001,0.0634765625,0.063481053660832634,-4.4911608326342334e-06
0.200375,0.034332275390625,0.034338536782216558,-6.2613915915582519e-06
0.20050000000000001,0,2.1906124741817182e-08,-2.1906124741817182e-08
0.200625,-0.0343017578125,-0.034304174636738891,2.4168242388905581e-06
0.20075000000000001,-0.0633544921875,-0.063354186219081496,-3.0596841850416556e-07
0.200875,-0.082733154296875,-0.082734866913304284,1.7126164292835533e-06
0.20100000000000001,-0.089508056640625,-0.089506818229201521,-1.2384114234792465e-06
0.201125,-0.0826416015625,-0.082652187934854141,1.0586372354140505e-05
0.20125000000000001,-0.063232421875,-0.06322763105922681,-4.7908157731896273e-06
0.201375,-0.034210205078125,-0.034201450441319718,-8.7546368052818235e-06
0.20150000000000001,0,-1.4007289963927088e-08,1.4007289963927088e-08
0.201625,0.0341796875,0.034167241196340875,1.2446303659124913e-05
0.20175000000000001,0.0631103515625,0.063101286095553114,9.0654669468864801e-06
0.201875,0.0823974609375,0.082404599878790105,-7.1389412901051719e-06
0.20200000000000001,0.089141845703125,0.089149518018204588,-7.6723150795876549e-06
0.202125,0.08233642578125,0.082322251479343606,1.417430190639446e-05
0.20225000000000001,0.06298828125,0.062975237113820748,1.3044136179252153e-05
0.202375,0.0340576171875,0.034064928344931189,-7.3111574311890415e-06
0.20250000000000001,0,2.3139452800022534e-08,-2.3139452800022534e-08
0.202625,-0.034027099609375,-0.034030837390726057,3.7377813510569569e-06
0.20275000000000001,-0.062835693359375,-0.062849378541962403,1.3685182587402922e-05
0.202875,-0.082061767578125,-0.082075634259863015,1.386668173801453e-05
0.20300000000000001,-0.08880615234375,-0.088793627137426209,-1.2525206323790727e-05
0.203125,-0.082000732421875,-0.081993615117654933,-7.1173042200667336e-06
0.20324999999999999,-0.062713623046875,-0.062723833713822785,1.0210666947785274e-05
0.203375,-0.033935546875,-0.033928934236174713,-6.612638825287398e-06
0.20349999999999999,0,-1.5230206681532352e-08,1.5230206681532352e-08
0.203625,0.033905029296875,0.033894995110035291,1.0034186839709414e-05
0.20374999999999999,0.062591552734375,0.062598493600422814,-6.9408660478137429e-06
0.203875,0.081756591796875,0.081747998865742286,8.5929311327143099e-06
0.20399999999999999,0.08843994140625,0.088439173965297713,7.6744095228731268e-07
0.204125,0.0816650390625,0.081666307664292226,-1.2686017922258763e-06
0.20424999999999999,0.062469482421875,0.062473450909438372,-3.9684875633716477e-06
0.204375,0.033782958984375,0.033793500011786937,-1.0541027411936632e-05
0.20449999999999999,0,2.435201388557958e-08,-2.435201388557958e-08
0.204625,-0.03375244140625,-0.033759678108228539,7.23670197853854e-06
0.20474999999999999,-0.062347412109375,-0.062348593184260712,1.1810748857116193e-06
0.204875,-0.0814208984375,-0.08142165438176549,7.559442654903048e-07
0.20499999999999999,-0.08807373046875,-0.088086118758088305,1.238828933830538e-05
0.205125,-0.081329345703125,-0.081340289809856831,1.094410673183055e-05
0.20524999999999999,-0.062225341796875,-0.062224050622053599,-1.2911748214008978e-06
0.205375,-0.033660888671875,-0.033658589432296646,-2.2992395783544284e-06
0.20549999999999999,0,-1.6432467377467363e-08,1.6432467377467363e-08
0.205625,0.03363037109375,0.033624918292835225,5.4528009147750134e-06
0.20574999999999999,0.062103271484375,0.062099707367703344,3.5641166716560146e-06
0.205875,0.081085205078125,0.081096629659089314,-1.1424580964314313e-05
0.20599999999999999,0.087738037109375,0.087734489939599272,3.5471697757277765e-06
0.206125,0.081024169921875,0.08101559041074799,8.5795111270103863e-06
0.20624999999999999,0.061981201171875,0.061975662933933529,5.5382379414714578e-06
0.206375,0.033538818359375,0.033524234411776738,1.4583947598262315e-05
0.20649999999999999,0,2.5544045178408513e-08,-2.5544045178408513e-08
0.206625,-0.033477783203125,-0.033490679435134819,1.2896232009819431e-05
0.20674999999999999,-0.061859130859375,-0.061851798096051826,-7.332763323174285e-06
0.206875,-0.080780029296875,-0.080772885424821569,-7.1438720534305888e-06
0.20699999999999999,-0.087371826171875,-0.087384247811288729,1.2421639413728869e-05
0.207125,-0.0806884765625,-0.080692170199295254,3.6936367952544735e-06
0.20724999999999999,-0.061737060546875,-0.061728249798380291,-8.8107484947086423e-06
0.207375,-0.03338623046875,-0.03339039872802272,4.1682592727201873e-06
0.20749999999999999,0,-1.7614331625465931e-08,1.7614331625465931e-08
0.207625,0.033355712890625,0.033356993459906462,-1.2805692814615854e-06
0.20774999999999999,0.061614990234375,0.061604895475396347,1.0094758978652918e-05
0.207875,0.0804443359375,0.080450450571722079,-6.1146342220791405e-06
0.20799999999999999,0.0870361328125,0.08703542084196636,7.1197053364002727e-07
0.208125,0.08038330078125,0.080370058073459288,1.3242707790711572e-05
0.20824999999999999,0.061492919921875,0.061481841329452572,1.1078592422428257e-05
0.208375,0.03326416015625,0.03325711431230538,7.0458439446197119e-06
0.20849999999999999,0,2.6715804556194152e-08,-2.6715804556194152e-08
0.208625,-0.033233642578125,-0.033223824155611349,-9.8184225136507819e-06
0.20874999999999999,-0.061370849609375,-0.061358961482768863,-1.1888126606136862e-05
0.20887500000000001,-0.08013916015625,-0.080129285868335953,-9.8742879140467643e-06
0.20899999999999999,-0.086700439453125,-0.086687969377919033,-1.2470075205966991e-05
0.20912500000000001,-0.080047607421875,-0.080049214806965252,1.6073850902520448e-06
0.20924999999999999,-0.061248779296875,-0.061236399512119295,-1.2379784755704726e-05
0.20937500000000001,-0.033111572265625,-0.033124344959549412,1.277269392441216e-05
0.20949999999999999,0,-1.8776047978225193e-08,1.8776047978225193e-08
0.20962500000000001,0.0330810546875,0.033091203464141176,-1.0148776641176471e-05
0.20974999999999999,0.061126708984375,0.061114026255864103,1.2682728510897412e-05
0.20987500000000001,0.079803466796875,0.079809420248694807,-5.9534518198067765e-06
0.20999999999999999,0.086334228515625,0.0863419219326063,-7.6934169812997721e-06
0.21012500000000001,0.079742431640625,0.079729669339004064,1.2762301620936056e-05
0.21024999999999999,0.061004638671875,0.060991954491979784,1.2684179895215697e-05
0.21037500000000001,0.032989501953125,0.032992122618086421,-2.6206649614210487e-06
0.21049999999999999,0,2.7867539085311825e-08,-2.7867539085311825e-08
0.21062500000000001,-0.032958984375,-0.03295909519100125,1.1081600125029123e-07
0.21074999999999999,-0.060882568359375,-0.060870051803191445,-1.2516556183554683e-05
0.21087500000000001,-0.079498291015625,-0.079490814522450659,-7.4764931743409591e-06
0.21099999999999999,-0.08599853515625,-0.085997238896786593,-1.2962594634069458e-06
0.21112500000000001,-0.07940673828125,-0.07941138248436648,4.6442031164800612e-06
0.21124999999999999,-0.060760498046875,-0.060748468285416787,-1.2029761458212662e-05
0.21137500000000001,-0.032867431640625,-0.032860411099833842,-7.0205407911583251e-06
0.21149999999999999,0,-1.9917862782284315e-08,1.9917862782284315e-08
0.21162500000000001,0.0328369140625,0.032827531295060476,9.3827674395238758e-06
0.21174999999999999,0.060638427734375,0.060627068293797166,1.1359440577833613e-05
0.21187500000000001,0.07916259765625,0.079173497664578513,-1.0900008328512678e-05
0.21199999999999999,0.085662841796875,0.085653948828213491,8.8929686615085712e-06
0.21212500000000001,0.0791015625,0.079094383223145714,7.1792768542855434e-06
0.21224999999999999,0.060516357421875,0.06050597106931916,1.0386352555839806e-05
0.21237500000000001,0.03271484375,0.032729242370047894,-1.4398620047893773e-05
0.21249999999999999,0,2.8999494401592156e-08,-2.8999494401592156e-08
0.21262500000000001,-0.032684326171875,-0.032696475598732171,1.2149426857170631e-05
0.21274999999999999,-0.060394287109375,-0.060385037767418742,-9.2493419562578172e-06
0.21287500000000001,-0.078857421875,-0.078857430525509628,8.6505096280609095e-09
0.21299999999999999,-0.0853271484375,-0.085312012161762707,-1.5136275737293037e-05
0.21312500000000001,-0.078765869140625,-0.078778632410870394,1.2763270245394476e-05
0.21325,-0.060272216796875,-0.060264424891234077,-7.7919056409234133e-06
0.21337500000000001,-0.0325927734375,-0.032598580257504436,5.8068200044364415e-06
0.2135,0,-2.1040018522779303e-08,2.1040018522779303e-08
0.21362500000000001,0.032562255859375,0.032565960077726025,-3.7042183510249682e-06
0.21375,0.060150146484375,0.060143990424204867,6.156060170132982e-06
0.21387500000000001,0.07855224609375,0.078542642120835601,9.6039729143987396e-06
0.214,0.0849609375,0.084971457499128891,-1.0519999128891233e-05
0.21412500000000001,0.078460693359375,0.078464159068209652,-3.4657088346518039e-06
0.21425,0.060028076171875,0.060023859959090341,4.216212784659279e-06
0.21437500000000001,0.032470703125,0.032468456744248329,2.2463807516706624e-06
0.2145,0,3.0111911374298665e-08,-3.0111911374298665e-08
0.21462500000000001,-0.032440185546875,-0.032435948571228945,-4.2369756460547414e-06
0.21475,-0.059906005859375,-0.059903888334870349,-2.1175245046509139e-06
0.21487500000000001,-0.078216552734375,-0.078229093341442221,1.2540607067221266e-05
0.215,-0.084625244140625,-0.084632245318953483,7.0011783284834594e-06
0.21512500000000001,-0.078155517578125,-0.078150924091106466,-4.5934870185337928e-06
0.21525,-0.059783935546875,-0.059784238351350119,3.0280447511910058e-07
0.21537500000000001,-0.0323486328125,-0.032338835675778443,-9.7971367215565763e-06
0.2155,0,-2.2142757199125949e-08,2.2142757199125949e-08
0.21562500000000001,0.032318115234375,0.032306473071658626,1.1642162716374305e-05
0.21575,0.059661865234375,0.059664761730418417,-2.8964960434169074e-06
0.21587500000000001,0.077911376953125,0.077916813243214575,-5.4362900895749133e-06
0.216,0.08428955078125,0.084294404266522141,-4.8534852721410227e-06
0.21612500000000001,0.077850341796875,0.077838956540482521,1.1385256392479337e-05
0.21625,0.059539794921875,0.059545590306734696,-5.795384859695607e-06
0.21637500000000001,0.032196044921875,0.032209749050796994,-1.3704128921994407e-05
0.2165,0,3.1205030700211165e-08,-3.1205030700211165e-08
0.21662500000000001,-0.03216552734375,-0.032177497434842169,1.1970091092168567e-05
0.21675,-0.059417724609375,-0.05942657271229615,8.8481029211495699e-06
0.21687500000000001,-0.077606201171875,-0.077605762757170696,-4.384147043040576e-07
0.217,-0.083953857421875,-0.08395789486389324,4.0374420182398563e-06
0.21712500000000001,-0.0775146484375,-0.077528217352372267,1.3568914872266746e-05
0.21725,-0.059295654296875,-0.059307877934376634,1.2223637501633522e-05
0.21737500000000001,-0.032073974609375,-0.032081160731392618,7.1861220176175356e-06
0.2175,0,-2.3226315801745047e-08,2.3226315801745047e-08
0.21762500000000001,0.03204345703125,0.032049053669769373,-5.5966385193728652e-06
0.21775,0.0592041015625,0.059189351542115472,1.4750020384528273e-05
0.21787500000000001,0.077301025390625,0.077295970979167308,5.0544114576916988e-06
0.218,0.0836181640625,0.083622745799596124,-4.5817370961237502e-06
0.21812500000000001,0.07720947265625,0.077218735627629209,-9.2629713792091728e-06
0.21825,0.05908203125,0.059071131503544282,1.0899746455718395e-05
0.21837500000000001,0.031951904296875,0.031953102732789951,-1.198435914950835e-06
0.2185,0,3.2279088089792099e-08,-3.2279088089792099e-08
0.21862500000000001,-0.03192138671875,-0.031921105648776614,-2.8106997338600559e-07
0.21875,-0.0589599609375,-0.058953060351809139,-6.9005856908610497e-06
0.21887499999999999,-0.076995849609375,-0.076987398880032143,-8.4507293428570662e-06
0.219,-0.083282470703125,-0.083288917638760174,6.4469356351737339e-06
0.21912499999999999,-0.076904296875,-0.076910472342063607,6.1754670636071651e-06
0.21925,-0.058837890625,-0.058835313153794519,-2.5774712054810189e-06
0.21937499999999999,-0.031829833984375,-0.031825538933541758,-4.2950508332417758e-06
0.2195,0,-2.4290931158644619e-08,2.4290931158644619e-08
0.21962499999999999,0.03179931640625,0.03179368539728885,5.6310089611502634e-06
0.21975,0.0587158203125,0.058717729433353877,-1.9091208538768445e-06
0.21987499999999999,0.076690673828125,0.076680075595281366,1.0598232843633815e-05
0.22,0.08294677734375,0.082956439112813876,-9.6617690638761689e-06
0.22012499999999999,0.07659912109375,0.076603456636136505,-4.3355423865049092e-06
0.22025,0.05859375,0.058600453184699398,-6.7031846993984012e-06
0.22037499999999999,0.031707763671875,0.031698501365253054,9.2623066219460481e-06
0.2205,0,3.3334319682663271e-08,-3.3334319682663271e-08
0.22062499999999999,-0.03167724609375,-0.031666756804030534,-1.0489289719466111e-05
0.22075,-0.0584716796875,-0.058483320948926859,1.1641261426859062e-05
0.22087499999999999,-0.076385498046875,-0.076373962135237727,-1.1535911637272633e-05
0.221,-0.082611083984375,-0.082625270829614433,1.4186845239433366e-05
0.22112499999999999,-0.0762939453125,-0.076297649525113712,3.7042126137115661e-06
0.22125,-0.058380126953125,-0.058366513765999765,-1.3613187125234572e-05
0.22137499999999999,-0.031585693359375,-0.031571953922800891,-1.3739436574108921e-05
0.2215,0,-2.5336835178942649e-08,2.5336835178942649e-08
0.22162499999999999,0.03155517578125,0.031540351910737327,1.4823870512672976e-05
0.22175,0.058258056640625,0.058249865220627292,8.1914199977078939e-06
0.22187499999999999,0.076080322265625,0.076069087674749736,1.1234590875264239e-05
0.222,0.082305908203125,0.082295441563147553,1.0466639977446679e-05
0.22212499999999999,0.07598876953125,0.075993080188760415,-4.310657510414595e-06
0.22225,0.058135986328125,0.058133525227328273,2.4611007967273446e-06
0.22237499999999999,0.03143310546875,0.031445928654066313,-1.2823185316312991e-05
0.2225,0,3.437095495235484e-08,-3.437095495235484e-08
0.22262499999999999,-0.031402587890625,-0.031414434622366691,1.184673174169093e-05
0.22275,-0.058013916015625,-0.058017324440635384,3.4084250103844083e-06
0.22287499999999999,-0.075775146484375,-0.075765413263322964,-9.7332210520356677e-06
0.223,-0.08197021484375,-0.081966911963657893,-3.3028800921069967e-06
0.22312499999999999,-0.07568359375,-0.075689709681479922,6.1159314799219544e-06
0.22325,-0.057891845703125,-0.057901449768369216,9.6040652442161423e-06
0.22337499999999999,-0.03131103515625,-0.031320389470116679,9.3543138666787873e-06
0.2235,0,-2.636425904119108e-08,2.636425904119108e-08
0.22362499999999999,0.031280517578125,0.031289036996843198,-8.5194187181975023e-06
0.22375,0.05780029296875,0.057785728960932335,1.4564007817664815e-05
0.22387499999999999,0.075469970703125,0.075462968114829845,7.0025882951546548e-06
0.224,0.081634521484375,0.08163971084734932,-5.1893629743199332e-06
0.22412499999999999,0.07537841796875,0.075387567222023014,-9.1492532730136356e-06
0.22425,0.05767822265625,0.057670317748578344,7.9049076716561362e-06
0.22437499999999999,0.03118896484375,0.031195368434961485,-6.4035912114845939e-06
0.22450000000000001,0,3.5389224421567172e-08,-3.5389224421567172e-08
0.22462499999999999,-0.031158447265625,-0.031164122955237777,5.6756896127767298e-06
0.22475000000000001,-0.05755615234375,-0.057555041003462308,-1.111340287691942e-06
0.22487499999999999,-0.075164794921875,-0.075161713317645665,-3.081604229335233e-06
0.22500000000000001,-0.081298828125,-0.081313798906516119,1.4970781516118747e-05
0.22512499999999999,-0.0750732421875,-0.075086613903622465,1.3371716122465016e-05
0.22525000000000001,-0.05743408203125,-0.057440091397341173,6.00936609117253e-06
0.22537499999999999,-0.03106689453125,-0.031070829475738609,3.9349444886094265e-06
0.22550000000000001,0,-2.7373431995158576e-08,2.7373431995158576e-08
0.22562499999999999,0.031036376953125,0.031039724571527882,-3.3476184028817524e-06
0.22575000000000001,0.05731201171875,0.057325290949851282,-1.327923110128193e-05
0.22587499999999999,0.074859619140625,0.074861678124354666,-2.0589837296663971e-06
0.22600000000000001,0.08099365234375,0.080989204999243947,4.4473445060533301e-06
0.22612499999999999,0.074798583984375,0.074786878983701968,1.1705000673031818e-05
0.22625000000000001,0.057220458984375,0.057210801103700991,9.6578806740091339e-06
0.22637499999999999,0.03094482421875,0.030946804672460731,-1.9804537107308284e-06
0.22650000000000001,0,3.6389354952900084e-08,-3.6389354952900084e-08
0.22662499999999999,-0.030914306640625,-0.030915805782772157,1.4991421471571842e-06
0.22675000000000001,-0.057098388671875,-0.057096441051568983,-1.9476203060170283e-06
0.22687499999999999,-0.074554443359375,-0.074562823661891209,8.3803025162088041e-06
0.22700000000000001,-0.080657958984375,-0.080665889859541678,7.9308751666784527e-06
0.22712499999999999,-0.074493408203125,-0.074488323594015554,-5.084609109445859e-06
0.22725000000000001,-0.056976318359375,-0.056982409126509447,6.0907671344465064e-06
0.22737499999999999,-0.03082275390625,-0.030823257968201772,5.0406195177196689e-07
0.22750000000000001,0,-2.8364577360074613e-08,2.8364577360074613e-08
0.22762499999999999,0.030792236328125,0.03079239867887092,-1.6235074591988696e-07
0.22775000000000001,0.056854248046875,0.056868521719652378,-1.4273672777377622e-05
0.22787499999999999,0.07427978515625,0.074265179221244315,1.4605935005684856e-05
0.22800000000000001,0.080352783203125,0.080343882387043042,8.9008160819581406e-06
0.22812499999999999,0.074188232421875,0.074190977030352545,-2.7446084775450963e-06
0.22825000000000001,0.0567626953125,0.056754945884159157,7.7494283408433007e-06
0.22837499999999999,0.03070068359375,0.03070022145885325,4.621348967497052e-07
0.22850000000000001,0,3.73715720991704e-08,-3.73715720991704e-08
0.22862499999999999,-0.030670166015625,-0.030669467212746316,-6.9880287868404056e-07
0.22875000000000001,-0.056640625,-0.056641495234859847,8.7023485984688564e-07
0.228875,-0.073974609375,-0.07396870596759933,-5.9034074006703019e-06
0.22900000000000001,-0.08001708984375,-0.080023143357139101,6.053513389100984e-06
0.229125,-0.073883056640625,-0.073894800462679905,1.1743822054904873e-05
0.22925000000000001,-0.0565185546875,-0.056528373664734767,9.8189772347670456e-06
0.229375,-0.03057861328125,-0.030577659103301374,-9.5417794862551197e-07
0.22950000000000001,0,-2.9337919496396308e-08,2.9337919496396308e-08
0.229625,0.030548095703125,0.030547043490092525,1.0522130324749912e-06
0.22975000000000001,0.056427001953125,0.056415392037402604,1.1609915722396447e-05
0.229875,0.07366943359375,0.073673433230045229,-3.9996362952293696e-06
0.23000000000000001,0.0797119140625,0.0797037017106806,8.2123518194004985e-06
0.230125,0.0736083984375,0.07359982322484783,8.5752126521704275e-06
0.23025000000000001,0.056304931640625,0.056302722915741982,2.2087248830182649e-06
0.230375,0.03045654296875,0.030455603013183629,9.3995556637097022e-07
0.23050000000000001,0,3.8336095561064811e-08,-3.8336095561064811e-08
0.230625,-0.030426025390625,-0.030425091479565659,-9.3391105934065299e-07
0.23075000000000001,-0.056182861328125,-0.056190174437099165,7.3131089741648725e-06
0.230875,-0.0733642578125,-0.073379322211712714,1.5064399212713631e-05
0.23100000000000001,-0.079376220703125,-0.07938551826411111,9.2975609861101205e-06
0.231125,-0.07330322265625,-0.073306006524730419,2.783868480418783e-06
0.23125000000000001,-0.05609130859375,-0.056077955954267095,-1.3352639482905326e-05
0.231375,-0.03033447265625,-0.030334017163075658,-4.5549317434154246e-07
0.23150000000000001,0,-3.02936791896843e-08,3.02936791896843e-08
0.231625,0.030303955078125,0.030303643302534183,3.1177559081663198e-07
0.23175000000000001,0.05596923828125,0.055965872903100053,3.3653781499470847e-06
0.231875,0.073089599609375,0.073086402279485901,3.1973298890985991e-06
0.23200000000000001,0.079071044921875,0.079068621999169961,2.4229227050392987e-06
0.232125,0.073028564453125,0.073013379733936332,1.5184719188668372e-05
0.23225000000000001,0.05584716796875,0.05585410325669931,-6.9352879493098096e-06
0.232375,0.03021240234375,0.030212933680237575,-5.313364875754456e-07
0.23250000000000001,0,3.9283146075685182e-08,-3.9283146075685182e-08
0.232625,-0.030181884765625,-0.030182662943259671,7.7817763467075141e-07
0.23275000000000001,-0.055755615234375,-0.05574244977405083,-1.3165460324170153e-05
0.232875,-0.072784423828125,-0.072794634674141073,1.0210846016073249e-05
0.23300000000000001,-0.078765869140625,-0.07875297377302605,-1.2895367598950158e-05
0.233125,-0.072723388671875,-0.072721904097946058,-1.484573928942079e-06
0.23325000000000001,-0.055633544921875,-0.055631127168890744,-2.4177529842558942e-06
0.233375,-0.03009033203125,-0.030092316554806282,1.9845235562816754e-06
0.23350000000000001,0,-3.1232075954279963e-08,3.1232075954279963e-08
0.233625,0.030059814453125,0.030062182538657917,-2.368085532916675e-06
0.23375000000000001,0.055511474609375,0.055519935547813135,-8.4609384381345576e-06
0.233875,0.072509765625,0.072504048800055038,5.7168249449623953e-06
0.23400000000000001,0.07843017578125,0.078438602607981522,-8.4268267315223966e-06
0.234125,0.072418212890625,0.072431609025823254,-1.3396135198254222e-05
0.23425000000000001,0.055419921875,0.055409058195886277,1.0863679113723435e-05
0.234375,0.02996826171875,0.029972197929542116,-3.936210792115924e-06
0.23449999999999999,0,4.0212947530140237e-08,-4.0212947530140237e-08
0.234625,-0.029937744140625,-0.029942166088474723,4.4219478497233011e-06
0.23474999999999999,-0.0552978515625,-0.055298292591623534,4.4102912353377599e-07
0.234875,-0.07220458984375,-0.072214605935348758,1.0016091598757937e-05
0.23499999999999999,-0.078125,-0.078125469401606182,4.6940160618180737e-07
0.235125,-0.0721435546875,-0.072142455800356484,-1.0988871435163583e-06
0.23524999999999999,-0.05517578125,-0.055187858712081754,1.2077462081754031e-05
0.235375,-0.02984619140625,-0.029852541810016175,6.3504037661754609e-06
0.23549999999999999,0,-3.2153330228870443e-08,3.2153330228870443e-08
0.235625,0.029815673828125,0.029822645745047244,-6.9719169222444421e-06
0.23574999999999999,0.055084228515625,0.05507755143183786,6.677083787140492e-06
0.235875,0.071929931640625,0.071926335521594359,3.596119030641054e-06
0.23599999999999999,0.07781982421875,0.077813603216441735,6.2210023082653887e-06
0.236125,0.071868896484375,0.071854473867767235,1.4422616607764893e-05
0.23624999999999999,0.054962158203125,0.054967559250935279,-5.4010478102786696e-06
0.236375,0.02972412109375,0.02973338035436756,-9.259260617559828e-06
0.23649999999999999,0,4.1125702485641819e-08,-4.1125702485641819e-08
0.236625,-0.029693603515625,-0.029703585523485242,9.9820078602423645e-06
0.23674999999999999,-0.05487060546875,-0.054857674464058925,-1.2931004691074666e-05
0.236875,-0.071624755859375,-0.071639198873959128,1.4443014584128444e-05
0.23699999999999999,-0.0775146484375,-0.077502964990136897,-1.1683447363103339e-05
0.237125,-0.071563720703125,-0.071567624547852288,3.9038447272876642e-06
0.23724999999999999,-0.05474853515625,-0.054748122215156611,-4.1294109338896323e-07
0.237375,-0.02960205078125,-0.029614677583481672,1.2626802231671674e-05
0.23749999999999999,0,-3.3057643483284421e-08,3.3057643483284421e-08
0.237625,0.029571533203125,0.029585017591422309,-1.3484388297308608e-05
0.23774999999999999,0.05462646484375,0.054638692242888566,-1.222739913856602e-05
0.237875,0.07135009765625,0.071353225470915271,-3.1278146652713446e-06
0.23799999999999999,0.077178955078125,0.077193583825152373,-1.4628747027373157e-05
0.238125,0.0712890625,0.071281937323696157,7.1251763038432392e-06
0.23824999999999999,0.054534912109375,0.0545295781664119,5.3339429630996915e-06
0.238375,0.029510498046875,0.029496465670747693,1.4032376127307011e-05
0.23849999999999999,0,4.2021627986314579e-08,-4.2021627986314579e-08
0.238625,-0.02947998046875,-0.029466905979206627,-1.3074489543372925e-05
0.23874999999999999,-0.054412841796875,-0.054420567192079293,7.7253952042929952e-06
0.238875,-0.071075439453125,-0.071068376664380414,-7.0627887445856574e-06
0.23899999999999999,-0.076873779296875,-0.07688542069889652,1.1641402021519975e-05
0.239125,-0.07098388671875,-0.070997373551809836,1.3486833059836445e-05
0.23924999999999999,-0.0543212890625,-0.054311889535489773,-9.3995270102273376e-06
0.239375,-0.029388427734375,-0.029378708652246347,-9.7190821286528839e-06
0.23949999999999999,0,-3.3945234885763263e-08,3.3945234885763263e-08
0.239625,0.02935791015625,0.02934928286965249,8.6272865975102475e-06
0.23974999999999999,0.05419921875,0.05420332989426084,-4.1111442608404714e-06
0.239875,0.070770263671875,0.07078468196943162,-1.4418297556620385e-05
0.23999999999999999,0.076568603515625,0.076578504753430879,-9.9012378058788153e-06
0.24012500000000001,0.070709228515625,0.070713962751845869,-4.7342362208685485e-06
0.24024999999999999,0.054107666015625,0.054095086912032575,1.2579103592424978e-05
0.24037500000000001,0.029266357421875,0.029261438716497445,4.9187053775545664e-06
0.24049999999999999,0,4.2900935371380303e-08,-4.2900935371380303e-08
0.24062500000000001,-0.02923583984375,-0.02923211230822207,-3.7275355279295375e-06
0.24074999999999999,-0.053985595703125,-0.053986942801104124,1.3470979791235793e-06
0.24087500000000001,-0.07049560546875,-0.070502102774446504,6.4973056965039744e-06
0.24099999999999999,-0.076263427734375,-0.076272797005606588,9.3692712315879279e-06
0.24112500000000001,-0.0704345703125,-0.070431666316737765,-2.9039957622351009e-06
0.24124999999999999,-0.05389404296875,-0.053879132754690418,-1.4910214059582483e-05
0.24137500000000001,-0.029144287109375,-0.029144619914653919,3.3280527891865752e-07
0.24149999999999999,0,-3.4816311329768087e-08,3.4816311329768087e-08
0.24162500000000001,0.02911376953125,0.029115426492787314,-1.6569615373142332e-06
0.24174999999999999,0.05377197265625,0.05377143652304734,5.3613320265960551e-07
0.24187500000000001,0.070220947265625,0.07022066863081404,2.7863481096013221e-07
0.24199999999999999,0.075958251953125,0.075968326636770583,-1.0074683645583393e-05
0.24212500000000001,0.070159912109375,0.070150513802413897,9.3983069611031089e-06
0.24224999999999999,0.05364990234375,0.053664057680856532,-1.4155337106531996e-05
0.24237500000000001,0.029022216796875,0.029028284450243635,-6.0676533686354617e-06
0.24249999999999999,0,4.3763833663266175e-08,-4.3763833663266175e-08
0.24262500000000001,-0.02899169921875,-0.028999189483807006,7.4902650570064788e-06
0.24274999999999999,-0.053558349609375,-0.053556773539458105,-1.5760699168948511e-06
0.24287500000000001,-0.0699462890625,-0.069940340963080064,-5.9480994199362369e-06
0.24299999999999999,-0.075653076171875,-0.075665054702902523,1.1978531027523331e-05
0.24312500000000001,-0.06988525390625,-0.069870466637939208,-1.4787268310792467e-05
0.24324999999999999,-0.053436279296875,-0.053449824176821988,1.3544879946987554e-05
0.24337500000000001,-0.028900146484375,-0.028912396389372638,1.2249904997638228e-05
0.24349999999999999,0,-3.5671081800372223e-08,3.5671081800372223e-08
0.24362500000000001,0.02886962890625,0.028883433494088801,-1.3804587838801147e-05
0.24374999999999999,0.0533447265625,0.0533429844883569,1.7420741431004028e-06
0.24387500000000001,0.069671630859375,0.069661149358658248,1.0481500716752468e-05
0.24399999999999999,0.075347900390625,0.075363010424321614,-1.5110033696613678e-05
0.24412500000000001,0.069580078125,0.069591554415231335,-1.147629023133534e-05
0.24424999999999999,0.05322265625,0.053236462887508391,-1.3806637508391451e-05
0.24437500000000001,0.02880859375,0.02879698795046326,1.1605799536740236e-05
0.2445,0,4.4610525315983132e-08,-4.4610525315983132e-08
0.24462500000000001,-0.028778076171875,-0.028768122598970547,-9.9535729044530896e-06
0.24475,-0.053131103515625,-0.053130031876586575,-1.0716390384246655e-06
0.24487500000000001,-0.06939697265625,-0.069383055277974878,-1.3917378275121739e-05
0.245,-0.0750732421875,-0.075062154895824296,-1.1087291675704325e-05
0.24512500000000001,-0.069305419921875,-0.069313738599199204,8.3186773242038825e-06
0.24525,-0.053009033203125,-0.053023936326625991,1.4903123500990823e-05
0.24537500000000001,-0.0286865234375,-0.02868202321444855,-4.5002230514498698e-06
0.2455,0,-3.650974764367814e-08,3.650974764367814e-08
0.24562500000000001,0.028656005859375,0.028653289026078547,2.7168332964525033e-06
0.24575,0.05291748046875,0.052917946369536263,-4.6590078626312925e-07
0.24587500000000001,0.069091796875,0.069106088344178765,-1.4291469178764893e-05
0.246,0.07476806640625,0.074762517376391543,5.5490298584565112e-06
0.24612500000000001,0.06903076171875,0.069037048817459701,-6.2870987097007891e-06
0.24625,0.052825927734375,0.052812275166409892,1.3652567965108386e-05
0.24637500000000001,0.028564453125,0.028567534414525624,-3.0812895256242256e-06
0.2465,0,4.54412180724137e-08,-4.54412180724137e-08
0.24662500000000001,-0.028533935546875,-0.02853889686550528,4.9613186302796541e-06
0.24675,-0.052703857421875,-0.052706690501303555,2.8330794285547078e-06
0.24687500000000001,-0.068817138671875,-0.068830210053290333,1.3071381415333261e-05
0.247,-0.074462890625,-0.074464058999327259,1.1683743272594693e-06
0.24712500000000001,-0.068756103515625,-0.068761446570480889,5.343054855888596e-06
0.24725,-0.0526123046875,-0.052601441947771818,-1.0862739728181858e-05
0.24737500000000001,-0.0284423828125,-0.028453485646339413,1.1102833839413129e-05
0.2475,0,-3.7332515475935017e-08,3.7332515475935017e-08
0.24762500000000001,0.028411865234375,0.028424978359576671,-1.3113125201670572e-05
0.24775,0.052490234375,0.052496294964426621,-6.0605894266207994e-06
0.24787500000000001,0.06854248046875,0.068555450063912116,-1.2969595162115599e-05
0.248,0.07415771484375,0.074166809061966141,-9.0942182161407592e-06
0.24812500000000001,0.0684814453125,0.068486961521296075,-5.5162087960747286e-06
0.24825,0.052398681640625,0.052391467370036755,7.2142705882446978e-06
0.24837500000000001,0.028350830078125,0.028339909157746018,1.0920920378982429e-05
0.2485,0,4.6256111014860445e-08,-4.6256111014860445e-08
0.24862500000000001,-0.0283203125,-0.028311497613030062,-8.8148869699378185e-06
0.24875,-0.052276611328125,-0.052286722320039218,1.0110991914218104e-05
0.24887500000000001,-0.068267822265625,-0.068281769907374223,1.3947641749223472e-05
0.249,-0.073883056640625,-0.073870728735812699,-1.2327904812300949e-05
0.24912500000000001,-0.068206787109375,-0.06821355520564755,6.7680962725497062e-06
0.24925,-0.05218505859375,-0.052182314001102632,-2.7445926473676496e-06
0.24937500000000001,-0.028228759765625,-0.028226769058986939,-1.9907066380608907e-06
0.2495,0,-3.8139581194416288e-08,3.8139581194416288e-08
0.24962500000000001,0.0281982421875,0.02819848688277192,-2.4469527191983698e-07
0.24975,0.05206298828125,0.052078003287610669,-1.5015006360669103e-05
0.24987500000000001,0.068023681640625,0.068009199277449556,1.4482363175444268e-05
0.25,0.073577880859375,0.073575847356249807,2.0335031251927926e-06
0.25012499999999999,0.06793212890625,0.067941257321706847,-9.1284154568466169e-06
0.25024999999999997,0.051971435546875,0.05197401256717589,-2.5770203008895765e-06
0.25037500000000001,0.028106689453125,0.028114097612452694,-7.408159327693814e-06
0.2505,0,4.7055401102463311e-08,-4.7055401102463311e-08
0.25062499999999999,-0.028076171875,-0.0280859102880581,9.7384130581003314e-06
0.25074999999999997,-0.0518798828125,-0.051870100455097011,-9.7823574029889948e-06
0.25087500000000001,-0.0677490234375,-0.067737699740495816,-1.1323697004184119e-05
0.251,-0.073272705078125,-0.073282126132678149,9.4210545531492329e-06
0.25112499999999999,-0.067657470703125,-0.067670029440205393,1.2558737080392568e-05
0.25124999999999997,-0.0517578125,-0.051766525662913822,8.7131629138217925e-06
0.25137500000000002,-0.02801513671875,-0.028001858942867008,-1.327777588299231e-05
0.2515,0,-3.8931146965409388e-08,3.8931146965409388e-08
0.25162499999999999,0.027984619140625,0.027973800100274848,1.0819040350152492e-05
0.25174999999999997,0.051666259765625,0.051663044568691543,3.21519693345651e-06
0.25187500000000002,0.067474365234375,0.067467301025175244,7.064209199755811e-06
0.252,0.072998046875,0.072989594438225586,8.4524367744143181e-06
0.25212499999999999,0.067413330078125,0.067399901294167355,1.3428783957644685e-05
0.25224999999999997,0.05157470703125,0.051559884041188685,1.4822990061315322e-05
0.25237500000000002,0.02789306640625,0.027890085327040962,2.9810792090377569e-06
0.2525,0,4.7839289403025415e-08,-4.7839289403025415e-08
0.25262499999999999,-0.027862548828125,-0.027862120453082704,-4.2837504229606416e-07
0.25274999999999997,-0.05145263671875,-0.05145679824296024,4.1615242102402417e-06
0.25287500000000002,-0.06719970703125,-0.067197964732597176,-1.742298652823715e-06
0.253,-0.07269287109375,-0.072698213519887131,5.3424261371309845e-06
0.25312499999999999,-0.067138671875,-0.067130834489044916,-7.8373859550839864e-06
0.25324999999999998,-0.051361083984375,-0.051354050323223058,-7.0336611519422609e-06
0.25337500000000002,-0.02777099609375,-0.027778740904067001,7.7448103170014992e-06
0.2535,0,-3.9707406477768653e-08,3.9707406477768653e-08
0.25362499999999999,0.027740478515625,0.027750903632207401,-1.0425116582401389e-05
0.25374999999999998,0.051239013671875,0.051251392250592748,-1.2378578717747724e-05
0.25387500000000002,0.066925048828125,0.066929720626034417,-4.6717979094168527e-06
0.254,0.072418212890625,0.072408012788234805,1.020010239019542e-05
0.25412499999999999,0.066864013671875,0.066862858792435628,1.1548794393717587e-06
0.25424999999999998,0.0511474609375,0.051149055288332197,-1.5943508321972222e-06
0.25437500000000002,0.027679443359375,0.027667857965063766,1.1585394311234426e-05
0.2545,0,4.8607966489233124e-08,-4.8607966489233124e-08
0.25462499999999999,-0.02764892578125,-0.027640113785612857,-8.8119956371431052e-06
0.25474999999999998,-0.051055908203125,-0.051046789232554471,-9.118970570529128e-06
0.25487500000000002,-0.066650390625,-0.066662530341069476,1.2139716069475837e-05
0.255,-0.072113037109375,-0.07211895352755833,5.9164181833298857e-06
0.25512499999999999,-0.06658935546875,-0.066595935844231735,6.5803754817350679e-06
0.25524999999999998,-0.050933837890625,-0.050944861584084969,1.1023693459968897e-05
0.25537500000000002,-0.027557373046875,-0.02755740066337032,2.7616495319737755e-08
0.2555,0,-4.0468551350791564e-08,4.0468551350791564e-08
0.25562499999999999,0.02752685546875,0.027529783213259551,-2.9277445095510224e-06
0.25574999999999998,0.05084228515625,0.050843019987827601,-7.3483157760068085e-07
0.25587500000000002,0.06640625,0.066396423675311469,9.8263246885305078e-06
0.25600000000000001,0.07183837890625,0.07183106518557561,7.3137206743900673e-06
0.25612499999999999,0.06634521484375,0.066330095446331797,1.5119397418203451e-05
0.25624999999999998,0.050750732421875,0.050741500016034828,9.2324058401718756e-06
0.25637500000000002,0.027435302734375,0.027447401304300744,-1.2098569925744068e-05
0.25650000000000001,0,4.9361629090171699e-08,-4.9361629090171699e-08
0.25662499999999999,-0.02740478515625,-0.027419876077291273,1.5090921041273353e-05
0.25674999999999998,-0.050628662109375,-0.050640047183568078,1.1385074193077938e-05
0.25687500000000002,-0.066131591796875,-0.066131362298539872,-2.2949833512753148e-07
0.25700000000000001,-0.071533203125,-0.071544309083573954,1.1105958573953689e-05
0.25712499999999999,-0.066070556640625,-0.066065299272790631,-5.257367834368698e-06
0.25724999999999998,-0.050537109375,-0.050538933257888455,1.8238828884548086e-06
0.25737500000000002,-0.02734375,-0.027337824055330997,-5.9259446690031192e-06
0.25750000000000001,0,-4.1214777242555131e-08,4.1214777242555131e-08
0.25762499999999999,0.027313232421875,0.027310424691793622,2.8077300813778017e-06
0.25774999999999998,0.050445556640625,0.050437901644839654,7.6549957853458417e-06
0.25787500000000002,0.06585693359375,0.065867376042425749,-1.0442448675748728e-05
0.25800000000000001,0.071258544921875,0.071258714706121093,-1.6978424609292997e-07
0.25812499999999999,0.0657958984375,0.065801577159535288,-5.6787220352877421e-06
0.25824999999999998,0.050323486328125,0.050337192141229836,-1.3705813104836206e-05
0.25837500000000002,0.0272216796875,0.027228701235853772,-7.0215483537715284e-06
0.25850000000000001,0,5.0100465636782904e-08,-5.0100465636782904e-08
0.25862499999999999,-0.027191162109375,-0.027201393232973489,1.0231123598488517e-05
0.25874999999999998,-0.05023193359375,-0.050236546064777211,4.6124710272113512e-06
0.25887500000000002,-0.06561279296875,-0.065604426610676114,-8.366358073885749e-06
0.25900000000000001,-0.07098388671875,-0.070974243411207102,-9.6433075428975501e-06
0.25912499999999999,-0.0655517578125,-0.065538890814512474,-1.2866997987526219e-05
0.25924999999999998,-0.050140380859375,-0.050136239365689415,-4.1414936855846407e-06
0.25937500000000002,-0.027130126953125,-0.027119997027373013,-1.0129925751986568e-05
0.25950000000000001,0,-4.1946271548395104e-08,4.1946271548395104e-08
0.25962499999999999,0.027099609375,0.027092814028927187,6.7953460728131798e-06
0.25974999999999998,0.050048828125,0.050036011294321163,1.2816830678837043e-05
0.25987500000000002,0.065338134765625,0.065342543868751837,-4.4091031268372882e-06
0.26000000000000001,0.0706787109375,0.070690924719956014,-1.2213782456013678e-05
0.260125,0.065277099609375,0.065277270107405083,-1.704980300831771e-07
0.26024999999999998,0.0499267578125,0.0499361057886758,-9.3479761757997437e-06
0.26037500000000002,0.027008056640625,0.027011743763249659,-3.6871226246591726e-06
0.26050000000000001,0,5.0824662542766925e-08,-5.0824662542766925e-08
0.260625,-0.0269775390625,-0.026984651269820161,7.1122073201611291e-06
0.26074999999999998,-0.049835205078125,-0.049836260052375417,1.0549742504167847e-06
0.26087500000000002,-0.065093994140625,-0.065081689554016373,-1.2304586608627432e-05
0.26100000000000001,-0.070404052734375,-0.070408720026768221,4.6672923932206123e-06
0.261125,-0.06500244140625,-0.065016676779783178,1.4235373533177942e-05
0.26124999999999998,-0.04974365234375,-0.049736754135539504,-6.8982082104956932e-06
0.26137500000000002,-0.02691650390625,-0.026903905638896431,-1.259826735356892e-05
0.26150000000000001,0,-4.2663219656716486e-08,4.2663219656716486e-08
0.261625,0.026885986328125,0.026876937297645905,9.049030479095499e-06
0.26174999999999998,0.049652099609375,0.049637323215549478,1.4776393825521872e-05
0.26187500000000002,0.0648193359375,0.0648218935654504,-2.5576279504002652e-06
0.26200000000000001,0.07012939453125,0.070127658889032704,1.7356422172959407e-06
0.262125,0.06475830078125,0.064757140734817226,1.1600464327743421e-06
0.26224999999999998,0.049530029296875,0.049538215289305104,-8.1859924301042053e-06
0.26237500000000002,0.02679443359375,0.026796515001533107,-2.0814077831068922e-06
0.26250000000000001,0,5.1534410191876456e-08,-5.1534410191876456e-08
0.262625,-0.026763916015625,-0.026769636316415282,5.7203007902822955e-06
0.26274999999999998,-0.0494384765625,-0.04943916352831669,6.869658166902548e-07
0.26287500000000003,-0.0645751953125,-0.064563117673804821,-1.2077638695179305e-05
0.26300000000000001,-0.069854736328125,-0.06984770273727002,-7.0335908549795656e-06
0.263125,-0.064483642578125,-0.064498623747429776,1.4981169304775777e-05
0.26324999999999998,-0.049346923828125,-0.049340452000841063,-6.4718272839367486e-06
0.26337500000000003,-0.026702880859375,-0.026689536060372207,-1.3344799002792951e-05
0.26350000000000001,0,-4.3365810912368541e-08,4.3365810912368541e-08
0.263625,0.02667236328125,0.026662780681906448,9.5825993435515178e-06
0.26374999999999998,0.04925537109375,0.049241811892749586,1.3559201000414023e-05
0.26387500000000003,0.064300537109375,0.064305391811316087,-4.8547019410871695e-06
0.26400000000000001,0.069580078125,0.06956888116484522,1.1196960154780111e-05
0.264125,0.064239501953125,0.064241155754012833,-1.6538008878325128e-06
0.26424999999999998,0.04913330078125,0.04914349517858526,-1.0194397335260008e-05
0.26437500000000003,0.026580810546875,0.026583001176383753,-2.190629508753289e-06
0.26450000000000001,0,5.2229890879890351e-08,-5.2229890879890351e-08
0.264625,-0.02655029296875,-0.02655633461186355,6.0416431135502935e-06
0.26474999999999999,-0.049041748046875,-0.049045231078685789,3.4830318107886837e-06
0.26487500000000003,-0.064056396484375,-0.064048677781855842,-7.7187025191577385e-06
0.26500000000000001,-0.069305419921875,-0.069291155638111279,-1.4264283763720798e-05
0.265125,-0.063995361328125,-0.063984698562576311,-1.0662765548688502e-05
0.26524999999999999,-0.0489501953125,-0.048947307598715163,-2.8877137848368206e-06
0.26537500000000003,-0.0264892578125,-0.026476874572471939,-1.2383240028061154e-05
0.26550000000000001,0,-4.4054224641297509e-08,4.4054224641297509e-08
0.265625,0.026458740234375,0.026450330475746877,8.4097586281230152e-06
0.26574999999999999,0.048858642578125,0.048849452013456696,9.1905646683043685e-06
0.26587499999999997,0.06378173828125,0.063793005550645279,-1.1267269395279222e-05
0.26600000000000001,0.069000244140625,0.06901455578612252,-1.431164549751951e-05
0.266125,0.063720703125,0.063729282142469881,-8.5790174698813226e-06
0.26624999999999999,0.04876708984375,0.048751920194880817,1.5169648869182983e-05
0.26637499999999997,0.0263671875,0.026371188623250986,-4.0011232509858108e-06
0.26650000000000001,0,5.2911284946463148e-08,-5.2911284946463148e-08
0.266625,-0.026336669921875,-0.026344732504922599,8.0625830475994364e-06
0.26674999999999999,-0.04864501953125,-0.048654437492060658,9.4179608106578772e-06
0.26687499999999997,-0.06353759765625,-0.063538336954423333,7.3929817333284742e-07
0.26700000000000002,-0.0687255859375,-0.068739043110778858,1.3457173278857981e-05
0.267125,-0.0634765625,-0.063474868334527951,-1.6941654720492583e-06
0.26724999999999999,-0.048553466796875,-0.048557295768368473,3.8289714934733321e-06
0.26737499999999997,-0.026275634765625,-0.026265907565187759,-9.7272004372407628e-06
0.26750000000000002,0,-4.472864608509237e-08,4.472864608509237e-08
0.267625,0.0262451171875,0.026239573082422266,5.5441050777343959e-06
0.26774999999999999,0.0484619140625,0.048460218466892184,1.6955956078160139e-06
0.26787499999999997,0.06329345703125,0.063284701991136075,8.7550401139252498e-06
0.26800000000000002,0.068450927734375,0.068464647276539614,-1.3719542164614129e-05
0.268125,0.063232421875,0.063221487140792162,1.0934734207837526e-05
0.26824999999999999,0.048370361328125,0.048363465277840856,6.8960502841441951e-06
0.26837499999999997,0.026153564453125,0.026161063786424871,-7.4993332998714302e-06
0.26850000000000002,0,5.3578776620330264e-08,-5.3578776620330264e-08
0.268625,-0.026123046875,-0.026134816453123735,1.1769578123734664e-05
0.26874999999999999,-0.04827880859375,-0.048266757757908549,-1.2050835841451168e-05
0.26887499999999998,-0.063018798828125,-0.06303206253010922,1.3263701984220222e-05
0.26900000000000002,-0.06817626953125,-0.068191329820568303,1.5060289318302722e-05
0.269125,-0.062957763671875,-0.062969100434660669,1.1336762785668641e-05
0.26924999999999999,-0.04815673828125,-0.048170391549494269,1.3653268244269434e-05
0.26937499999999998,-0.02606201171875,-0.026056621536923529,-5.3901818264714962e-06
0.26950000000000002,0,-4.5389252568454264e-08,4.5389252568454264e-08
0.269625,0.026031494140625,0.026030495013519922,9.9912710507799041e-07
0.26974999999999999,0.048065185546875,0.048074086342366235,-8.9007954912345699e-06
0.26987499999999998,0.062774658203125,0.062780448601760436,-5.790398635435734e-06
0.27000000000000002,0.06793212890625,0.067919120442447162,1.3008463802838266e-05
0.270125,0.062713623046875,0.062717738250607377,-4.1152037323771706e-06
0.27024999999999999,0.0479736328125,0.047978105566799302,-4.4727542993019953e-06
0.27037499999999998,0.02593994140625,0.025952613218239606,-1.2671811989606319e-05
0.27050000000000002,0,5.4232542247121518e-08,-5.4232542247121518e-08
0.270625,-0.02593994140625,-0.02592657302189989,-1.3368384350110479e-05
0.27074999999999999,-0.047882080078125,-0.04788216706498119,8.6986856190351958e-08
0.27087499999999998,-0.062530517578125,-0.062529822107750738,-6.9547037426231917e-07
0.27100000000000002,-0.067657470703125,-0.067647980714322348,-9.4899888026522827e-06
0.271125,-0.062469482421875,-0.062467362494335432,-2.1199275395678008e-06
0.27124999999999999,-0.04779052734375,-0.047786570180665205,-3.957163084794546e-06
0.27137499999999998,-0.025848388671875,-0.025849003093701289,6.144218262886525e-07
0.27150000000000002,0,-4.6036219509541222e-08,4.6036219509541222e-08
0.27162500000000001,0.02581787109375,0.025823082888108837,-5.2117943588371463e-06
0.27174999999999999,0.047698974609375,0.04769103092767249,7.9436817025102524e-06
0.27187499999999998,0.062286376953125,0.06228021311070548,6.1638424195195607e-06
0.27200000000000002,0.0673828125,0.067377940370619088,4.8721293809117494e-06
0.27212500000000001,0.062225341796875,0.062218003232493296,7.3385643817036605e-06
0.27224999999999999,0.047607421875,0.047595816399175525,1.1605475824474909e-05
0.27237499999999998,0.0257568359375,0.025745823578174488,1.1012359325511534e-05
0.27250000000000002,0,5.4872756275695393e-08,-5.4872756275695393e-08
0.27262500000000001,-0.025726318359375,-0.025719988883736607,-6.3294756383926176e-06
0.27274999999999999,-0.047515869140625,-0.047500640799722889,-1.522834090211117e-05
0.27287499999999998,-0.062042236328125,-0.062031583544362563,-1.0652783762436779e-05
0.27300000000000002,-0.067108154296875,-0.067108961018187516,8.0672131251569024e-07
0.27312500000000001,-0.061981201171875,-0.061969622402828772,-1.1578769046227677e-05
0.27324999999999999,-0.047393798828125,-0.047405807097752869,1.2008269627869494e-05
0.27337499999999998,-0.025634765625,-0.025643038948249691,8.2733232496905174e-06
0.27350000000000002,0,-4.6669726149345288e-08,4.6669726149345288e-08
0.27362500000000001,0.025604248046875,0.025617323431877836,-1.3075385002836448e-05
0.27374999999999999,0.04730224609375,0.047311027707516141,-8.7816137661414495e-06
0.27387499999999998,0.061798095703125,0.061783963503297637,1.4132199827363023e-05
0.27400000000000002,0.06683349609375,0.06684107242601825,-7.5763322682498302e-06
0.27412500000000001,0.061737060546875,0.061722250103909242,1.4810442965758341e-05
0.27424999999999999,0.047210693359375,0.047216573308900243,-5.8799495252434553e-06
0.27437499999999998,0.025543212890625,0.025540681632000364,2.5312586246356572e-06
0.27450000000000002,0,5.5499596964627369e-08,-5.5499596964627369e-08
0.27462500000000001,-0.0255126953125,-0.025515050817313631,2.3555048136308931e-06
0.27474999999999999,-0.047119140625,-0.047122154544703379,3.0139197033790532e-06
0.27487499999999998,-0.0615234375,-0.061537314953072873,1.3877453072873303e-05
0.27500000000000002,-0.06658935546875,-0.066574236235388773,-1.5119233361227113e-05
0.27512500000000001,-0.06146240234375,-0.061475848305273313,1.3445961523313177e-05
0.27524999999999999,-0.047027587890625,-0.047028077932359642,4.9004173464234357e-07
0.27537499999999998,-0.02545166015625,-0.025438715919170057,-1.2944237079943327e-05
0.27550000000000002,0,-4.7289944012522916e-08,4.7289944012522916e-08
0.27562500000000001,0.025421142578125,0.025413203476280764,7.9391018442363792e-06
0.27575,0.04693603515625,0.046934052361940787,1.9827943092132205e-06
0.27587499999999998,0.061279296875,0.061291668019958924,-1.2371144958923941e-05
0.27600000000000002,0.066314697265625,0.066308482249579692,6.2150160453078307e-06
0.27612500000000001,0.06121826171875,0.06123044713715152,-1.2185418401519654e-05
0.27625,0.046844482421875,0.046840352024853635,4.1303970213651953e-06
0.27637499999999998,0.02532958984375,0.025337174250938059,-7.584407188059028e-06
0.27650000000000002,0,5.6113233008252476e-08,-5.6113233008252476e-08
0.27662500000000001,-0.025299072265625,-0.025311745706653517,1.267344102851703e-05
0.27675,-0.0467529296875,-0.04674668407705105,-6.2456104489502784e-06
0.27687499999999998,-0.06103515625,-0.061046984701087159,1.1828451087159131e-05
0.27700000000000002,-0.0660400390625,-0.066043772144021601,3.7330815216007895e-06
0.27712500000000001,-0.06097412109375,-0.06098600860062138,1.1887506871380293e-05
0.27725,-0.046661376953125,-0.046653358510251139,-8.0184428738611091e-06
0.27737499999999998,-0.025238037109375,-0.02523602093009792,-2.0161792770798104e-06
0.27750000000000002,0,-4.7897042775107961e-08,4.7897042775107961e-08
0.27762500000000001,0.02520751953125,0.025210709957704316,-3.1904264543164418e-06
0.27775,0.04656982421875,0.046560080764768037,9.7434539819626909e-06
0.27787499999999998,0.060791015625,0.060803295154172148,-1.227952917214753e-05
0.27800000000000002,0.065765380859375,0.065780135756011812,-1.4754896636812176e-05
0.27812500000000001,0.06072998046875,0.060742562857324961,-1.2582388574960968e-05
0.27825,0.046478271484375,0.046467128469302656,1.1143015072344331e-05
0.27837499999999998,0.025146484375,0.02513528841082336,1.1195964176639872e-05
0.27850000000000003,0,5.6713838785112002e-08,-5.6713838785112002e-08
0.27862500000000001,-0.025115966796875,-0.025110060540294517,-5.9062565804825218e-06
0.27875,-0.04638671875,-0.046374205366898694,-1.2513383101306341e-05
0.27887499999999998,-0.060546875,-0.060560561407661452,1.3686407661452071e-05
0.27900000000000003,-0.065521240234375,-0.065517534794861901,-3.7054395130992068e-06
0.27912500000000001,-0.06048583984375,-0.060500071939624568,1.423209587456814e-05
0.27925,-0.046295166015625,-0.046281624849813088,-1.3541165811911671e-05
0.27937499999999998,-0.0250244140625,-0.025034941008855695,1.0526946355695482e-05
0.27950000000000003,0,-4.8491195857920715e-08,4.8491195857920715e-08
0.27962500000000001,0.0250244140625,0.025009829916626605,1.4584145873394738e-05
0.27975,0.04620361328125,0.046189088982061401,1.4524299188599377e-05
0.27987499999999998,0.060333251953125,0.060318813650462322,1.4438302662678204e-05
0.28000000000000003,0.06524658203125,0.065255999131614881,-9.4171003648807483e-06
0.28012500000000001,0.060272216796875,0.060258566040324285,1.3650756550714904e-05
0.28025,0.046112060546875,0.046096878756370752,1.5181790504248394e-05
0.28037499999999999,0.024932861328125,0.024935011191261288,-2.1498631362880383e-06
0.28050000000000003,0,5.7301581120668063e-08,-5.7301581120668063e-08
0.28062500000000001,-0.02490234375,-0.024909982410443867,7.6386604438670458e-06
0.28075,-0.045989990234375,-0.046004694575854939,1.4704341479938876e-05
0.28087499999999999,-0.060089111328125,-0.060078013942091849,-1.1097386033151468e-05
0.28100000000000003,-0.06500244140625,-0.064995490509193302,-6.9508970566983797e-06
0.28112500000000001,-0.060028076171875,-0.060018007222822564,-1.0068949052435827e-05
0.28125,-0.0458984375,-0.045912853160520531,1.4415660520530893e-05
0.28137499999999999,-0.02484130859375,-0.024835463286627765,-5.8453071222347441e-06
0.28149999999999997,0,-4.9072580222491822e-08,4.9072580222491822e-08
0.28162500000000001,0.024810791015625,0.024810550496784368,2.4051884063222562e-07
0.28175,0.045806884765625,0.045821053270590571,-1.416850496557126e-05
0.28187499999999999,0.059844970703125,0.059838192502400682,6.778200724318062e-06
0.28199999999999997,0.064727783203125,0.06473603883211701,-8.2556289920099335e-06
0.28212500000000001,0.059783935546875,0.059778425710837954,5.5098360370459121e-06
0.28225,0.04571533203125,0.045729579190499928,-1.4247159249927699e-05
0.28237499999999999,0.024749755859375,0.024736329774814776,1.3426084560223817e-05
0.28249999999999997,0,5.78766360561418e-08,-5.78766360561418e-08
0.28262500000000002,-0.02471923828125,-0.024711498512163824,-7.7397690861763513e-06
0.28275,-0.045623779296875,-0.045638128055466728,1.4348758591728461e-05
0.28287499999999999,-0.059600830078125,-0.05959931142172719,-1.5186563978100698e-06
0.28299999999999997,-0.064483642578125,-0.064477605876651689,-6.0367014733109237e-06
0.28312500000000002,-0.059539794921875,-0.059539783598559153,-1.1323315847466819e-08
0.28325,-0.0455322265625,-0.04554701984140596,1.4793278905959883e-05
0.28337499999999999,-0.024627685546875,-0.024637574997141979,9.8894502669789885e-06
0.28349999999999997,0,-4.9641339594078727e-08,4.9641339594078727e-08
0.28362500000000002,0.024627685546875,0.024612858944353652,1.482660252134782e-05
0.28375,0.04547119140625,0.045455950076307941,1.5241329942058957e-05
0.28387499999999999,0.059356689453125,0.059361400950617454,-4.711497492454475e-06
0.28399999999999997,0.064208984375,0.064220221580527287,-1.1237205527286909e-05
0.28412500000000002,0.059295654296875,0.059302111140367861,-6.4568434928607976e-06
0.28425,0.045379638671875,0.045365206264939499,1.4432406935500908e-05
0.28437499999999999,0.0245361328125,0.024539231446162126,-3.0986336621262323e-06
0.28449999999999998,0,5.8439150173713229e-08,-5.8439150173713229e-08
0.28462500000000002,-0.024505615234375,-0.024514596142545291,8.980908170291152e-06
0.28475,-0.0452880859375,-0.045274482345722872,-1.3603591777128221e-05
0.28487499999999999,-0.059112548828125,-0.059124423209986912,1.1874381861912142e-05
0.28499999999999998,-0.06396484375,-0.063963847753087,-9.9599691300022997e-07
0.28512500000000002,-0.059051513671875,-0.059065370460998481,1.3856789123481428e-05
0.28525,-0.045196533203125,-0.045184101479559459,-1.2431723565541064e-05
0.28537499999999999,-0.024444580078125,-0.024441263475842353,-3.316602282647102e-06
0.28549999999999998,0,-5.0197645597929458e-08,5.0197645597929458e-08
0.28562500000000002,0.0244140625,0.024416742607136936,-2.6801071369361718e-06
0.28575,0.04510498046875,0.045093756032849007,1.1224435900993035e-05
0.28587499999999999,0.05889892578125,0.058888408480835319,1.0517300414680797e-05
0.28599999999999998,0.063720703125,0.063708514365006214,1.2188759993786435e-05
0.28612500000000002,0.058837890625,0.058829591845258516,8.2987797414835196e-06
0.28625,0.045013427734375,0.045003736660237895,9.6910741371053488e-06
0.28637499999999999,0.02435302734375,0.024343703591313867,9.323752436132815e-06
0.28649999999999998,0,5.8989295922317412e-08,-5.8989295922317412e-08
0.28662500000000002,-0.024322509765625,-0.024319262699899834,-3.2470657251662538e-06
0.28675,-0.044921875,-0.044913734173529091,-8.1408264709093014e-06
0.28687499999999999,-0.05865478515625,-0.058653318914405311,-1.4662418446886871e-06
0.28699999999999998,-0.063446044921875,-0.063454183258442071,8.1383365670706365e-06
0.28712500000000002,-0.05859375,-0.058594737448179099,9.8744817909890426e-07
0.28725000000000001,-0.044830322265625,-0.044824074848621075,-6.2474170039253374e-06
0.28737499999999999,-0.024261474609375,-0.024246516159085445,-1.4958450289554587e-05
0.28749999999999998,0,-5.0741667809469956e-08,5.0741667809469956e-08
0.28762500000000002,0.02423095703125,0.0242221889337483,8.7680975017004337e-06
0.28775000000000001,0.04473876953125,0.044734447960031697,4.3215712183033994e-06
0.28787499999999999,0.05841064453125,0.058419184821911031,-8.5402906610312912e-06
0.28799999999999998,0.063201904296875,0.063200884436752897,1.019860122103422e-06
0.28812500000000002,0.058349609375,0.058360837584748991,-1.1228209748991025e-05
0.28825000000000001,0.044647216796875,0.044645147242760426,2.0695541145740459e-06
0.28837499999999999,0.024139404296875,0.024149733696776626,-1.0329399901625597e-05
0.28849999999999998,0,5.9527234690938588e-08,-5.9527234690938588e-08
0.28862500000000002,-0.024139404296875,-0.024125485682939821,-1.3918613935178653e-05
0.28875000000000001,-0.0445556640625,-0.04455586045124077,1.9638874076965962e-07
0.28887499999999999,-0.058197021484375,-0.058185968384683491,-1.1053099691508972e-05
0.28899999999999998,-0.062957763671875,-0.062948579774648253,-9.183897226747173e-06
0.28912500000000002,-0.058135986328125,-0.058127854440058795,-8.1318880662054061e-06
0.28925000000000001,-0.044464111328125,-0.044466916907299647,2.8055791746472991e-06
0.28937499999999999,-0.0240478515625,-0.024053320583331244,5.4690208312439814e-06
0.28949999999999998,0,-5.127356306427103e-08,5.127356306427103e-08
0.28962500000000002,0.024017333984375,0.024029185472811812,-1.1851488436812052e-05
0.28975000000000001,0.04437255859375,0.044378002862376718,-5.4442686267183737e-06
0.28987499999999999,0.057952880859375,0.057953699943906402,-8.190845314018369e-07
0.28999999999999998,0.06268310546875,0.062697299307909057,-1.4193839159057364e-05
0.29012500000000002,0.057891845703125,0.0578958183590354,-3.9726559104003023e-06
0.29025000000000001,0.044281005859375,0.044289415063193345,-8.4092038183450346e-06
0.29037499999999999,0.023956298828125,0.023957309348767553,-1.0105206425525814e-06
0.29049999999999998,0,6.0053122525112829e-08,-6.0053122525112829e-08
0.29062500000000002,-0.02392578125,-0.023933252689998481,7.4714399984805724e-06
0.29075000000000001,-0.044189453125,-0.044200838275173557,1.1385150173556791e-05
0.29087499999999999,-0.057708740234375,-0.05772234171076205,1.3601476387049838e-05
0.29099999999999998,-0.06243896484375,-0.062447004943537984,8.0400997879842562e-06
0.29112500000000002,-0.05767822265625,-0.057664691556593373,-1.3531099656627354e-05
0.29125000000000001,-0.044097900390625,-0.044112604797894348,1.4704407269347519e-05
0.291375,-0.02386474609375,-0.023861664384358775,-3.0817093912248461e-06
0.29149999999999998,0,-5.179349007820318e-08,5.179349007820318e-08
0.29162500000000002,0.023834228515625,0.023837719872167942,-3.4913565429423032e-06
0.29175000000000001,0.044036865234375,0.044024397927625705,1.2467306749294749e-05
0.291875,0.0574951171875,0.057491924056160833,3.1931313391672655e-06
0.29199999999999998,0.06219482421875,0.062197726749480049,-2.9025307300492575e-06
0.29212500000000002,0.05743408203125,0.057434504407356431,-4.2237610643064416e-07
0.29225000000000001,0.0439453125,0.043936517355085448,8.7951449145515226e-06
0.292375,0.023773193359375,0.023766418232416472,6.7751269585275553e-06
0.29249999999999998,0,6.0567124400725982e-08,-6.0567124400725982e-08
0.29262500000000002,-0.02374267578125,-0.023742551418222718,-1.2436302728249804e-07
0.29275000000000001,-0.043853759765625,-0.043848644924140222,-5.1148414847781987e-06
0.292875,-0.0572509765625,-0.057262409220901228,1.1432658401228091e-05
0.29299999999999998,-0.06195068359375,-0.06194942666477378,-1.2569289762204283e-06
0.29312500000000002,-0.05718994140625,-0.057205219155822828,1.5277749572828458e-05
0.29325000000000001,-0.04376220703125,-0.043761115844841873,-1.0911864081267209e-06
0.293375,-0.023681640625,-0.02367153529645491,-1.0105328545090275e-05
0.29349999999999998,0,-5.2301605807768388e-08,5.2301605807768388e-08
0.29362500000000002,0.023651123046875,0.023647779878069916,3.3431688050838959e-06
0.29375000000000001,0.043670654296875,0.043673610525296495,-2.9562284214953993e-06
0.293875,0.057037353515625,0.057033827605386153,3.5259102388468522e-06
0.29399999999999998,0.06170654296875,0.061702134789272077,4.408179477922991e-06
0.29412500000000003,0.056976318359375,0.056976866206080508,-5.4784670550783732e-07
0.29425000000000001,0.0435791015625,0.04358643153338846,-7.3299708884602688e-06
0.294375,0.023590087890625,0.023577048130974491,1.3039759650508576e-05
0.29449999999999998,0,6.1069392815966646e-08,-6.1069392815966646e-08
0.29462500000000003,-0.0235595703125,-0.023553369662789148,-6.200649710852435e-06
0.29475000000000001,-0.043487548828125,-0.043499257857998956,1.1709029873956112e-05
0.294875,-0.056793212890625,-0.056806141479790205,1.2928589165205062e-05
0.29499999999999998,-0.06146240234375,-0.061455813093793964,-6.5892499560363249e-06
0.29512500000000003,-0.0567626953125,-0.05674940783197302,-1.3287480526980033e-05
0.29525000000000001,-0.043426513671875,-0.043412427553250088,-1.4086118624911936e-05
0.295375,-0.023468017578125,-0.023482921151642688,1.490357351768834e-05
0.29549999999999998,0,-5.2798061981681709e-08,5.2798061981681709e-08
0.29562500000000003,0.023468017578125,0.023459353334419182,8.66424370581792e-06
0.29575000000000001,0.0433349609375,0.043325618205224598,9.3427322754024988e-06
0.295875,0.05657958984375,0.056579381273775209,2.0856997479112849e-07
0.29599999999999999,0.06121826171875,0.061210491709846021,7.7700089039789422e-06
0.29612500000000003,0.0565185546875,0.056522874466821769,-4.319779321769468e-06
0.29625000000000001,0.043243408203125,0.043239135193011584,4.2730101134161314e-06
0.296375,0.02337646484375,0.023389186925045134,-1.2722081295133553e-05
0.29649999999999999,0,6.1560082121906513e-08,-6.1560082121906513e-08
0.29662500000000003,-0.02337646484375,-0.023365695316122963,-1.0769527627036563e-05
0.29675000000000001,-0.04315185546875,-0.04315265471620091,7.992474509097014e-07
0.296875,-0.056365966796875,-0.056353509286657798,-1.2457510217202261e-05
0.29699999999999999,-0.06097412109375,-0.060966132639774559,-7.9884539754410122e-06
0.29712499999999997,-0.056304931640625,-0.056297228413583061,-7.7032270419385984e-06
0.29725000000000001,-0.043060302734375,-0.04306651760746856,6.2148730935601693e-06
0.297375,-0.023284912109375,-0.023295809878899211,1.089776952421101e-05
0.29749999999999999,0,-5.328301909195312e-08,5.328301909195312e-08
0.29762499999999997,0.023284912109375,0.023272428181964681,1.2483927410319312e-05
0.29775000000000001,0.04296875,0.042980398696128963,-1.1648696128963021e-05
0.297875,0.056121826171875,0.056128555977126876,-6.7298052518760532e-06
0.29799999999999999,0.06072998046875,0.060722766046487596,7.2144222624040411e-06
0.29812499999999997,0.056060791015625,0.056072500134568208,-1.1709118943208086e-05
0.29825000000000002,0.04290771484375,0.042894606107385193,1.3108736364807194e-05
0.298375,0.023193359375,0.023202822591789216,-9.4632167892162722e-06
0.29849999999999999,0,6.2039344954823575e-08,-6.2039344954823575e-08
0.29862499999999997,-0.023193359375,-0.023179516367116699,-1.3843007883301145e-05
0.29875000000000002,-0.042816162109375,-0.042808813316374018,-7.3487930009816238e-06
0.298875,-0.055908203125,-0.055904483673404982,-3.7194515950175755e-06
0.29899999999999999,-0.06048583984375,-0.060480353963607542,-5.4858801424584325e-06
0.29912499999999997,-0.05584716796875,-0.055848651961614357,1.4839928643567424e-06
0.29925000000000002,-0.042724609375,-0.042723363869657756,-1.2455053422441575e-06
0.299375,-0.023101806640625,-0.023110189503379997,8.3828627549971391e-06
0.29949999999999999,0,-5.3756625409666352e-08,5.3756625409666352e-08
0.29962499999999997,0.023101806640625,0.023086992457572734,1.48141830522662e-05
0.29975000000000002,0.042633056640625,0.042637929904189062,-4.8732635640619248e-06
0.299875,0.055694580078125,0.055681322862979436,1.3257215145563717e-05
0.29999999999999999,0.06024169921875,0.060238926585193635,2.7726335563652005e-06
0.30012499999999998,0.055633544921875,0.05562571438580631,7.8305360686897751e-06
0.30025000000000002,0.04254150390625,0.042552822227048155,-1.1318320798155146e-05
0.300375,0.02301025390625,0.023017943204168421,-7.6892979184207955e-06
0.30049999999999999,0,6.2507332253729439e-08,-6.2507332253729439e-08
0.30062499999999998,-0.022979736328125,-0.022994820900387011,1.5084572262010626e-05
0.30075000000000002,-0.04248046875,-0.042467711652893439,-1.2757097106561033e-05
0.300875,-0.055450439453125,-0.055459035902750975,8.5964496259749446e-06
0.30099999999999999,-0.05999755859375,-0.059998445975895154,8.8738214515382552e-07
0.30112499999999998,-0.055389404296875,-0.055403649767627926,1.424547075292576e-05
0.30125000000000002,-0.042388916015625,-0.042382944378372304,-5.9716372526955053e-06
0.301375,-0.022918701171875,-0.022926048145665283,7.3469737902828736e-06
0.30149999999999999,0,-5.4219031031720164e-08,5.4219031031720164e-08
0.30162499999999998,0.02288818359375,0.022903034293403724,-1.4850699653724125e-05
0.30175000000000002,0.04229736328125,0.042298189911621167,-8.2663037116736948e-07
0.301875,0.05523681640625,0.055237653308771936,-8.369025219362447e-07
0.30199999999999999,0.05975341796875,0.059758942360674382,-5.5243919243816442e-06
0.30212499999999998,0.05517578125,0.055182488626698993,-6.7073766989930728e-06
0.30225000000000002,0.042205810546875,0.042213761678221919,-7.9511313469185496e-06
0.302375,0.0228271484375,0.022834536930178739,-7.3884926787386174e-06
0.30249999999999999,0,6.2964189887610846e-08,-6.2964189887610846e-08
0.30262499999999998,-0.022796630859375,-0.022811597095473795,1.4966236098794966e-05
0.30275000000000002,-0.0421142578125,-0.042129327895475632,1.5070082975632282e-05
0.30287500000000001,-0.055023193359375,-0.055017137466395354,-6.0558929796464267e-06
0.30299999999999999,-0.05950927734375,-0.059520377834960225,1.1100491210225272e-05
0.30312499999999998,-0.054962158203125,-0.054962193351929686,3.5148804686246926e-08
0.30325000000000002,-0.04205322265625,-0.04204523734715309,-7.9853090969098095e-06
0.30337500000000001,-0.022735595703125,-0.022743374020980662,7.7783178556618815e-06
0.30349999999999999,0,-5.4670384383718865e-08,5.4670384383718865e-08
0.30362499999999998,0.022735595703125,0.022720541916194222,1.5053786930778468e-05
0.30375000000000002,0.041961669921875,0.041961156975290244,5.1294658475614652e-07
0.30387500000000001,0.0548095703125,0.054797518920007081,1.2051392492919144e-05
0.30399999999999999,0.059295654296875,0.059282782654371743,1.2871642503256564e-05
0.30412499999999998,0.05474853515625,0.054742794491244827,5.7406650051730623e-06
0.30425000000000002,0.0418701171875,0.041877402761420525,-7.2855739205249237e-06
0.30437500000000001,0.02264404296875,0.022652592032090118,-8.5490633401179295e-06
0.30449999999999999,0,6.3410072260091862e-08,-6.3410072260091862e-08
0.30462499999999998,-0.02264404296875,-0.022629833226109262,-1.4209742640738238e-05
0.30475000000000002,-0.041778564453125,-0.041793640387783652,1.5075934658652368e-05
0.30487500000000001,-0.0545654296875,-0.054578760083188356,1.3330395688355978e-05
0.30499999999999999,-0.059051513671875,-0.059046118944872272,-5.394727002727695e-06
0.30512499999999998,-0.054534912109375,-0.054524254461751819,-1.0657647623181499e-05
0.30525000000000002,-0.041717529296875,-0.041710221163142505,-7.308133732494837e-06
0.30537500000000001,-0.022552490234375,-0.022562155438455654,9.6652040806541328e-06
0.30549999999999999,0,-5.5110832237076656e-08,5.5110832237076656e-08
0.30562499999999998,0.022552490234375,0.022539503646481322,1.2986587893677737e-05
0.30575000000000002,0.0416259765625,0.041626809525308645,-8.3296280864453287e-07
0.30587500000000001,0.054351806640625,0.054360891528435352,-9.0848878103524933e-06
0.30599999999999999,0.058807373046875,0.058810416992493397,-3.0439456183972702e-06
0.30612499999999998,0.0543212890625,0.054306603839458858,1.4685223041141504e-05
0.30625000000000002,0.041534423828125,0.041543723950059348,-9.3001219343483155e-06
0.30637500000000001,0.0224609375,0.022472096865707718,-1.115936570771775e-05
0.30649999999999999,0,6.3845121904509641e-08,-6.3845121904509641e-08
0.30662499999999998,-0.0224609375,-0.02244951765946105,-1.1419840538949566e-05
0.30675000000000002,-0.041473388671875,-0.041460627646031631,-1.2761025843369134e-05
0.30687500000000001,-0.05413818359375,-0.054143875697328717,5.6921035787166341e-06
0.307,-0.058563232421875,-0.058575638953489516,1.2406531614515826e-05
0.30712499999999998,-0.0540771484375,-0.054089805069443303,1.2656631943303021e-05
0.30725000000000002,-0.0413818359375,-0.041377874385686859,-3.9615518131405625e-06
0.30737500000000001,-0.022369384765625,-0.022382380800372283,1.299603474728267e-05
0.3075,0,-5.5540516402968055e-08,5.5540516402968055e-08
0.30762499999999998,0.022369384765625,0.022359907897873968,9.4768677510320698e-06
0.30775000000000002,0.041290283203125,0.041295126163658089,-4.842960533088525e-06
0.30787500000000001,0.053924560546875,0.053927743190253535,-3.1826433785353547e-06
0.308,0.058349609375,0.058341815144062392,7.7942309376077823e-06
0.30812499999999998,0.053863525390625,0.053873888755576846,-1.0363364951845866e-05
0.30825000000000002,0.04119873046875,0.041212703889075088,-1.3973420325087693e-05
0.30837500000000001,0.02227783203125,0.022293039879607984,-1.5207848357984277e-05
0.3085,0,6.4269483142700722e-08,-6.4269483142700722e-08
0.30862499999999998,-0.02227783203125,-0.022270638855390806,-7.1931758591943507e-06
0.30875000000000002,-0.0411376953125,-0.04113026835762415,-7.4269548758498782e-06
0.30887500000000001,-0.0537109375,-0.053712456476562927,1.5189765629267105e-06
0.309,-0.05810546875,-0.058108907750516206,3.4390005162060477e-06
0.30912499999999998,-0.05364990234375,-0.053658817370681365,8.9150269313650887e-06
0.30925000000000002,-0.041046142578125,-0.041048175744973874,2.0331668488735022e-06
0.30937500000000001,-0.022216796875,-0.022204038601419816,-1.2758273580184415e-05
0.3095,0,-5.5959587067527502e-08,5.5959587067527502e-08
0.30962499999999998,0.022186279296875,0.022181743176298868,4.5361205761318413e-06
0.30975000000000003,0.04095458984375,0.040966085662820201,-1.1495819070200808e-05
0.30987500000000001,0.053497314453125,0.05349804618431122,-7.3173118621955302e-07
0.31,0.057891845703125,0.057876947118982516,1.4898584142483684e-05
0.31012499999999998,0.053436279296875,0.053444621546267439,-8.3422493924387164e-06
0.31025000000000003,0.0408935546875,0.040884321393568457,9.2332939315431517e-06
0.31037500000000001,0.022125244140625,0.022115409614411878,9.8345262131219191e-06
0.3105,0,6.468329868434724e-08,-6.468329868434724e-08
0.31062499999999998,-0.0220947265625,-0.022093185365703323,-1.5411967966769136e-06
0.31075000000000003,-0.040802001953125,-0.040802541379782654,5.3942665765444042e-07
0.31087500000000001,-0.05328369140625,-0.053284474810405241,7.8340415524125184e-07
0.311,-0.057647705078125,-0.057645895465575747,-1.8096125492528259e-06
0.31112499999999998,-0.05322265625,-0.053231263782684279,8.6075326842793842e-06
0.31125000000000003,-0.04071044921875,-0.040721104140668915,1.0654921918915039e-05
0.31137500000000001,-0.02203369140625,-0.022027117427970644,-6.5739782793561297e-06
0.3115,0,-5.6368182790891521e-08,5.6368182790891521e-08
0.31162499999999999,0.022003173828125,0.022004998079268045,-1.8242511430448249e-06
0.31175000000000003,0.0406494140625,0.040639666964420305,9.7470980796945939e-06
0.31187500000000001,0.053070068359375,0.053071773010344311,-1.7046509693113832e-06
0.312,0.057403564453125,0.057415783166118797,-1.2218712993797287e-05
0.31212499999999999,0.053009033203125,0.053018774738858562,-9.7415357335622899e-06
0.31225000000000003,0.040557861328125,0.040558555447434308,-6.9411930930796117e-07
0.31237500000000001,0.021942138671875,0.021939194702048383,2.943969826616627e-06
0.3125,0,6.5086706386317074e-08,-6.5086706386317074e-08
0.31262499999999999,-0.02191162109375,-0.021917145833432326,5.5247396823256134e-06
0.31274999999999997,-0.04046630859375,-0.040477425738187869,1.1117144437869375e-05
0.31287500000000001,-0.0528564453125,-0.052859903308371953,3.4579958719527237e-06
0.313,-0.05718994140625,-0.057186572466298907,-3.3689399510927753e-06
0.31312499999999999,-0.05279541015625,-0.052807116942451229,1.1706786201229336e-05
0.31324999999999997,-0.0404052734375,-0.040396638640571615,-8.6347969283848136e-06
0.31337500000000001,-0.0218505859375,-0.021851605957331474,1.0200198314741504e-06
0.3135,0,-5.6766443895451964e-08,5.6766443895451964e-08
0.31362499999999999,0.021820068359375,0.02182966129514903,-9.59293577403042e-06
0.31374999999999997,0.040313720703125,0.040315849177863516,-2.128474738516406e-06
0.31387500000000002,0.052642822265625,0.052648896387210008,-6.0741215850076968e-06
0.314,0.05694580078125,0.056958293771393637,-1.2492990143636584e-05
0.31412499999999999,0.052581787109375,0.052596321079584153,-1.4533970209153202e-05
0.31424999999999997,0.04022216796875,0.04023538520203282,-1.321723328281954e-05
0.31437500000000002,0.021759033203125,0.021764383865026913,-5.3506619019129398e-06
0.3145,0,6.5479852323737813e-08,-6.5479852323737813e-08
0.31462499999999999,-0.021728515625,-0.021742508992101284,1.3993367101283738e-05
0.31474999999999997,-0.0401611328125,-0.040154900625665041,-6.2321868349590748e-06
0.31487500000000002,-0.05242919921875,-0.052438714798223353,9.5155794733528531e-06
0.315,-0.056732177734375,-0.056730909356427391,-1.2683779476094226e-06
0.31512499999999999,-0.052398681640625,-0.052386349705009869,-1.2331935615131351e-05
0.31524999999999997,-0.040069580078125,-0.040074758479246221,5.1784011212210879e-06
0.31537500000000002,-0.02166748046875,-0.021677492957030961,1.0012488280961018e-05
0.3155,0,-5.7154509132465891e-08,5.7154509132465891e-08
0.31562499999999999,0.02166748046875,0.021655721602443952,1.1758866306048332e-05
0.31574999999999998,0.040008544921875,0.039994611579039267,1.393334283573272e-05
0.31587500000000002,0.052215576171875,0.052229389251141983,-1.3813079266983275e-05
0.316,0.0565185546875,0.056504449655897786,1.4105031602214269e-05
0.31612499999999999,0.05218505859375,0.052177233531832484,7.8250619175157521e-06
0.31624999999999998,0.0399169921875,0.039914789974825407,2.2022126745929738e-06
0.31637500000000002,0.021575927734375,0.021590965915712666,-1.5038181337665574e-05
0.3165,0,6.5862871185008017e-08,-6.5862871185008017e-08
0.31662499999999999,-0.021575927734375,-0.021569263665005473,-6.6640693695274589e-06
0.31674999999999998,-0.039825439453125,-0.039834945400813102,9.5059476881015348e-06
0.31687500000000002,-0.052032470703125,-0.052020882324232298,-1.1588378892701812e-05
0.317,-0.0562744140625,-0.056278876973932607,4.4629114326066865e-06
0.31712499999999999,-0.051971435546875,-0.051968935141677809,-2.5004051971908026e-06
0.31724999999999998,-0.039764404296875,-0.039755443056743396,-8.9612401316038759e-06
0.31737500000000002,-0.021514892578125,-0.021504767284097746,-1.0125294027253651e-05
0.3175,0,-5.7532512505491951e-08,5.7532512505491951e-08
0.31762499999999999,0.021484375,0.021483167869059405,1.2071309405947694e-06
0.31774999999999998,0.0396728515625,0.039675933608944246,-3.0820464442457562e-06
0.31787500000000002,0.05181884765625,0.051813224754019664,5.6229022303358467e-06
0.318,0.056060791015625,0.056054221774016623,6.5692416083770744e-06
0.31812499999999999,0.0517578125,0.051761485274420843,-3.6727744208431279e-06
0.31824999999999998,0.03961181640625,0.039596749248092422,1.5067158157577865e-05
0.31837500000000002,0.02142333984375,0.021418929755622464,4.410088127536349e-06
0.31850000000000001,0,6.6235899394875447e-08,-6.6235899394875447e-08
0.31862499999999999,-0.021392822265625,-0.021397398764496645,4.5764988716445743e-06
0.31874999999999998,-0.039520263671875,-0.039517539586702212,-2.7240851727880488e-06
0.31887500000000002,-0.051605224609375,-0.051606379145453997,1.1545360789969039e-06
0.31900000000000001,-0.055816650390625,-0.055830446389149156,1.3795998524156194e-05
0.31912499999999999,-0.051544189453125,-0.0515548465383441,1.065708521909986e-05
0.31924999999999998,-0.0394287109375,-0.039438671937240266,9.9609997402660966e-06
0.31937500000000002,-0.021331787109375,-0.021333417884347367,1.6307749723665221e-06
0.31950000000000001,0,-5.7900596082570446e-08,5.7900596082570446e-08
0.31962499999999999,0.02130126953125,0.021311989051611933,-1.071952036193341e-05
0.31974999999999998,0.03936767578125,0.039359794872396651,7.8809088533485228e-06
0.31987500000000002,0.0513916015625,0.051400376261645009,-8.7746991450088352e-06
0.32000000000000001,0.05560302734375,0.055607581311571223,-4.5539678212233592e-06
0.32012499999999999,0.051361083984375,0.051349049699877747,1.2034284497253189e-05
0.32024999999999998,0.039276123046875,0.039281242667590144,-5.1196207151438244e-06
0.32037500000000002,0.021240234375,0.021248264374696641,-8.0299996966411158e-06
0.32050000000000001,0,6.6599071846980437e-08,-6.6599071846980437e-08
0.32062499999999999,-0.021240234375,-0.021226903291276352,-1.3331083723647913e-05
0.32074999999999998,-0.039215087890625,-0.039202662869570006,-1.2425021054994489e-05
0.32087500000000002,-0.05120849609375,-0.051195178734015918,-1.3317359734081602e-05
0.32100000000000001,-0.055389404296875,-0.055385588902923513,-3.8153939514867785e-06
0.32112499999999999,-0.0511474609375,-0.051144057393752239,-3.4035437477611397e-06
0.32124999999999998,-0.03912353515625,-0.039124424847748751,8.8969149875106623e-07
0.32137500000000002,-0.021148681640625,-0.021163433791671876,1.4752151046876216e-05
0.32150000000000001,0,-5.8258890779364223e-08,5.8258890779364223e-08
0.32162499999999999,0.021148681640625,0.02114217419470928,6.5074459157203612e-06
0.32174999999999998,0.039031982421875,0.039046175136726188,-1.4192714851188337e-05
0.32187500000000002,0.050994873046875,0.050990817352045303,4.0556948296965878e-06
0.32200000000000001,0.05517578125,0.055164499683974216,1.1281566025783674e-05
0.32212499999999999,0.050933837890625,0.050939900412738888,-6.0625221138879692e-06
0.32224999999999998,0.038970947265625,0.038968250041264016,2.697224360984074e-06
0.32237500000000002,0.021087646484375,0.021078958850606327,8.6876337686732363e-06
0.32250000000000001,0,6.6952518790120634e-08,-6.6952518790120634e-08
0.322625,-0.02105712890625,-0.021057766333680322,6.3742743032155214e-07
0.32274999999999998,-0.03887939453125,-0.038890295097512372,1.0900566262371514e-05
0.32287500000000002,-0.05078125,-0.050787254773421185,6.0047734211851611e-06
0.32300000000000001,-0.054931640625,-0.054944276044777231,1.2635419777230761e-05
0.323125,-0.050750732421875,-0.050736541417808985,-1.4191004066015089e-05
0.32324999999999998,-0.038818359375,-0.0388126816768158,-5.677698184200497e-06
0.32337500000000002,-0.02099609375,-0.020994804127349657,-1.2896226503425479e-06
0.32350000000000001,0,-5.8607529222314236e-08,5.8607529222314236e-08
0.323625,0.020965576171875,0.020973712430252252,-8.1362583772524866e-06
0.32374999999999998,0.038726806640625,0.038735054330470288,-8.2476898452879532e-06
0.32387500000000002,0.05059814453125,0.050584521813777282,1.3622717472717982e-05
0.32400000000000001,0.054718017578125,0.054724948534400512,-6.9309562755123788e-06
0.324125,0.050537109375,0.050534011227862698,3.0981471373023317e-06
0.32424999999999998,0.038665771484375,0.038657751337942935,8.0201464320653337e-06
0.32437500000000002,0.020904541015625,0.020911002348051464,-6.4613324264641003e-06
0.32450000000000001,0,6.7296378386664906e-08,-6.7296378386664906e-08
0.324625,-0.020904541015625,-0.020889977066997637,-1.4563948627362849e-05
0.32474999999999998,-0.03857421875,-0.038580416279196061,6.1975291960614243e-06
0.32487500000000002,-0.050384521484375,-0.050382581156859577,-1.9403275154233901e-06
0.32500000000000001,-0.05450439453125,-0.054506479571084843,2.0850398348426502e-06
0.325125,-0.050323486328125,-0.050332272529900621,8.7862017756207278e-06
0.32524999999999998,-0.03851318359375,-0.038503422473234093,-9.7611205159067738e-06
0.32537500000000003,-0.02081298828125,-0.020827518099331734,1.4529818081733537e-05
0.32550000000000001,0,-5.894664254581212e-08,5.894664254581212e-08
0.325625,0.02081298828125,0.020806592976742019,6.3953045079806481e-06
0.32574999999999998,0.038421630859375,0.038426412542102918,-4.7816827279181795e-06
0.32587500000000003,0.0501708984375,0.050181463644250884,-1.0565206750884348e-05
0.32600000000000001,0.054290771484375,0.054288899731972436,1.871752402564375e-06
0.326125,0.050140380859375,0.050131356168747213,9.024690627787435e-06
0.32624999999999998,0.038360595703125,0.038349726686066253,1.0869017058746933e-05
0.32637500000000003,0.020751953125,0.02074438411806449,7.5690069355101308e-06
0.32650000000000001,0,6.7630777876139941e-08,-6.7630777876139941e-08
0.326625,-0.020721435546875,-0.020723524752766277,2.0892058912765077e-06
0.32674999999999998,-0.03826904296875,-0.038273006582581398,3.963613831398094e-06
0.32687500000000003,-0.04998779296875,-0.049981131985543888,-6.6609832061123586e-06
0.32700000000000001,-0.0540771484375,-0.054072171463266316,-4.9769742336835954e-06
0.327125,-0.0499267578125,-0.049931224857223795,4.467044723795166e-06
0.32724999999999999,-0.0382080078125,-0.03819662744477393,-1.1380367726070151e-05
0.32737500000000003,-0.020660400390625,-0.020661565001562777,1.1646109377774772e-06
0.32750000000000001,0,-5.9276360407557099e-08,5.9276360407557099e-08
0.327625,0.0206298828125,0.020640805138578654,-1.0922326078653677e-05
0.32774999999999999,0.038116455078125,0.038120230018751367,-3.7749406263665186e-06
0.32787500000000003,0.049774169921875,0.049781617048064983,-7.4471261899827779e-06
0.32800000000000001,0.053863525390625,0.053856325369959344,7.2000206656555599e-06
0.328125,0.04974365234375,0.049731909465872519,1.1742877877481128e-05
0.32824999999999999,0.038055419921875,0.038044156372409779,1.126354946522079e-05
0.32837499999999997,0.02056884765625,0.020579093497342334,-1.0245841092333674e-05
0.32850000000000001,0,6.7955846183611465e-08,-6.7955846183611465e-08
0.328625,-0.02056884765625,-0.020558398738088741,-1.0448918161258536e-05
0.32874999999999999,-0.0379638671875,-0.03796804633364436,4.1791461443604905e-06
0.32887499999999997,-0.049591064453125,-0.049582881567044122,-8.1828860808777493e-06
0.32900000000000001,-0.05364990234375,-0.053641323925993946,-8.5784177560541131e-06
0.329125,-0.049530029296875,-0.049533372733128536,3.3434362535361695e-06
0.32924999999999999,-0.03790283203125,-0.037892276956903392,-1.0555074346607629e-05
0.32937499999999997,-0.0205078125,-0.020496934213301413,-1.0878286698587369e-05
0.32950000000000002,0,-5.959680796069861e-08,5.959680796069861e-08
0.329625,0.020477294921875,0.020476338305393818,9.5661648118194886e-07
0.32974999999999999,0.037811279296875,0.037816487164934208,-5.2078680592079762e-06
0.32987499999999997,0.04937744140625,0.049384956435354316,-7.5150291043157846e-06
0.33000000000000002,0.053436279296875,0.053427197763991671,9.0815328833288023e-06
0.330125,0.049346923828125,0.049335645555050267,1.1278273074732947e-05
0.33024999999999999,0.037750244140625,0.03774102084082203,9.2232998029698199e-06
0.33037499999999997,0.020416259765625,0.020415119907512855,1.1398581121445372e-06
0.33050000000000002,0,6.8271710780207419e-08,-6.8271710780207419e-08
0.330625,-0.0203857421875,-0.020394588454953115,8.8462674531150642e-06
0.33074999999999999,-0.03765869140625,-0.037665516015130497,6.8246088804971294e-06
0.33087499999999997,-0.0491943359375,-0.049187804413658456,-6.5315238415436516e-06
0.33100000000000002,-0.05322265625,-0.053213909385413365,-8.7468645866353723e-06
0.331125,-0.04913330078125,-0.04913869069548029,5.3899142302901715e-06
0.33124999999999999,-0.03759765625,-0.03759035153154059,-7.3047184594096648e-06
0.33137499999999998,-0.02032470703125,-0.020333615198406731,8.9081671567313447e-06
0.33150000000000002,0,-5.9908118065399203e-08,5.9908118065399203e-08
0.331625,0.02032470703125,0.020313181951360202,1.1525079889797979e-05
0.33174999999999999,0.037506103515625,0.03751516454130735,-9.0610256823497881e-06
0.33187499999999998,0.048980712890625,0.048991456420160978,-1.0743529535978125e-05
0.33200000000000002,0.053009033203125,0.053001489450289131,7.5437528358687778e-06
0.332125,0.0489501953125,0.04894253907578764,7.6562367123597652e-06
0.33224999999999999,0.037445068359375,0.037440300690981178,4.7676683938221998e-06
0.33237499999999998,0.020263671875,0.020252452854520334,1.1219020479666386e-05
0.33250000000000002,0,6.8578497698102675e-08,-6.8578497698102675e-08
0.332625,-0.020233154296875,-0.02023208341954549,-1.0708773295099727e-06
0.33274999999999999,-0.037353515625,-0.037365396265297168,1.1880640297168288e-05
0.33287499999999998,-0.048797607421875,-0.048795875240760934,-1.7321811140655341e-06
0.33300000000000002,-0.05279541015625,-0.052789900487378937,-5.5096688710634667e-06
0.333125,-0.048736572265625,-0.048747153485023335,1.0581219398335395e-05
0.33324999999999999,-0.03729248046875,-0.037290831845804812,-1.648622945188416e-06
0.33337499999999998,-0.020172119140625,-0.020171597504712025,-5.2163591297491041e-07
0.33350000000000002,0,-6.0210412972425078e-08,6.0210412972425078e-08
0.333625,0.0201416015625,0.020151325634520774,-9.7240720207739106e-06
0.33374999999999999,0.037200927734375,0.037216242863421928,-1.5315129046927778e-05
0.33387499999999998,0.048614501953125,0.048601091818795808,1.3410134329192025e-05
0.33400000000000002,0.052581787109375,0.052579173183903052,2.613925471947609e-06
0.33412500000000001,0.048553466796875,0.048552564869663077,9.0192721192289271e-07
0.33424999999999999,0.037139892578125,0.037141976677140642,-2.0840990156423267e-06
0.33437499999999998,0.02008056640625,0.020091081927916914,-1.0515521666913663e-05
0.33450000000000002,0,6.8876328562548871e-08,-6.8876328562548871e-08
0.33462500000000001,-0.02008056640625,-0.020070873231595836,-9.6931746541642494e-06
0.33474999999999999,-0.037078857421875,-0.037067667876676522,-1.1189545198478368e-05
0.33487499999999998,-0.04840087890625,-0.04840706896519853,6.190058948529753e-06
0.33500000000000002,-0.0523681640625,-0.052369270095703073,1.1060332030729536e-06
0.33512500000000001,-0.048370361328125,-0.048358736043768918,-1.1625284356081567e-05
0.33524999999999999,-0.0369873046875,-0.036993698730777846,6.3940432778464285e-06
0.33537499999999998,-0.02001953125,-0.020010870763333029,-8.6604866669712233e-06
0.33550000000000002,0,-6.0503816583298298e-08,6.0503816583298298e-08
0.33562500000000001,0.019989013671875,0.01999075899612323,-1.7453242482298736e-06
0.33574999999999999,0.03692626953125,0.036919703000481655,6.5665307683454577e-06
0.33587499999999998,0.0482177734375,0.048213837648235933,3.9357892640673464e-06
0.33600000000000002,0.052154541015625,0.052160221936972763,-5.680921347762935e-06
0.33612500000000001,0.04815673828125,0.048165697978720834,-8.9596974708339161e-06
0.33624999999999999,0.036834716796875,0.036846029706905911,-1.1312910030911172e-05
0.33637499999999998,0.019927978515625,0.019930996800204898,-3.018284579898306e-06
0.33650000000000002,0,6.916533256156741e-08,-6.916533256156741e-08
0.33662500000000001,-0.0198974609375,-0.019910947573701161,1.3486636201161251e-05
0.33674999999999999,-0.036773681640625,-0.036772311794846281,-1.3698457787189589e-06
0.33687499999999998,-0.04803466796875,-0.048021360703677678,-1.3307265072322327e-05
0.33700000000000002,-0.05194091796875,-0.051951991290419539,1.1073321669538561e-05
0.33712500000000001,-0.0479736328125,-0.047973413513390357,-2.1929910964252342e-07
0.33724999999999999,-0.036712646484375,-0.03669893317028558,-1.371331408941967e-05
0.33737499999999998,-0.01983642578125,-0.019851424687996128,1.4998906746128277e-05
0.33750000000000002,0,-6.078845139741151e-08,6.078845139741151e-08
0.33762500000000001,0.01983642578125,0.019831471759946036,4.9540213039635239e-06
0.33774999999999999,0.03662109375,0.036625525974131275,-4.4322241312746979e-06
0.33787499999999998,0.047821044921875,0.047829669124523584,-8.6242026485841561e-06
0.33800000000000002,0.0517578125,0.051744608896995767,1.3203603004233178e-05
0.33812500000000001,0.04779052734375,0.047781913643866775,8.6136998832253564e-06
0.33825,0.03656005859375,0.036552440840010567,7.6177537394334083e-06
0.33837499999999998,0.019775390625,0.019772187226173063,3.2033988269369873e-06
0.33850000000000002,0,6.9445628492158964e-08,-6.9445628492158964e-08
0.33862500000000001,-0.019744873046875,-0.019752296210667999,7.4231637929994543e-06
0.33875,-0.036468505859375,-0.036479309117212304,1.0803257837303792e-05
0.33887499999999998,-0.047637939453125,-0.047638725771178711,7.8631805371098817e-07
0.33900000000000002,-0.051544189453125,-0.051538037366060621,-6.1520870643788639e-06
0.33912500000000001,-0.047576904296875,-0.047591161233631094,1.4256936756093519e-05
0.33925,-0.036407470703125,-0.036406516299668339,-9.5440345666136794e-07
0.33937499999999998,-0.019683837890625,-0.019693249074391232,9.411183766232234e-06
0.33950000000000002,0,-6.1064435602760728e-08,6.1064435602760728e-08
0.33962500000000001,0.019683837890625,0.019673453731657291,1.0384158967709223e-05
0.33975,0.036346435546875,0.036333692957233342,1.2742589641658031e-05
0.33987499999999998,0.047454833984375,0.047448561661181068,6.2723231939315616e-06
0.34000000000000002,0.05133056640625,0.051332307465111825,-1.7410588618246847e-06
0.34012500000000001,0.047393798828125,0.047401187303288392,-7.3884751633918055e-06
0.34025,0.0362548828125,0.036261191287102028,-6.3084746020278248e-06
0.34037499999999998,0.019622802734375,0.019614643042251891,8.1596921231094632e-06
0.34050000000000002,0,6.9717336777624675e-08,-6.9717336777624675e-08
0.34062500000000001,-0.01959228515625,-0.019594908988857365,2.6238326073652063e-06
0.34075,-0.03619384765625,-0.036188641091790583,-5.2065644594173621e-06
0.34087499999999998,-0.047271728515625,-0.047259139679371412,-1.2588836253588087e-05
0.34100000000000003,-0.051116943359375,-0.051127381829947992,1.0438470572991798e-05
0.34112500000000001,-0.047210693359375,-0.047211954740730845,1.261381355845137e-06
0.34125,-0.036102294921875,-0.036116429404582005,1.4134482707005291e-05
0.34137499999999998,-0.01953125,-0.01953633379951587,5.0837995158696525e-06
0.34150000000000003,0,-6.1331894808558774e-08,6.1331894808558774e-08
0.34162500000000001,0.01953125,0.019516694798151248,1.4555201848752419e-05
0.34175,0.036041259765625,0.036044185272665522,-2.9255070405215244e-06
0.34187499999999998,0.04705810546875,0.047070490867632694,-1.2385398882694409e-05
0.34200000000000003,0.050933837890625,0.050923291254400663,1.0546636224337269e-05
0.34212500000000001,0.047027587890625,0.047023494590881752,4.0932997432477358e-06
0.34225,0.035980224609375,0.035972262408547326,7.9622008276741818e-06
0.34237499999999998,0.01947021484375,0.01945835416584674,1.1860677903260258e-05
0.34250000000000003,0,6.9980576475065873e-08,-6.9980576475065873e-08
0.34262500000000001,-0.019439697265625,-0.01943877583553761,-9.2143008739026255e-07
0.34275,-0.035888671875,-0.035900289116019522,1.1617241019522273e-05
0.34287499999999999,-0.046875,-0.046882578135048938,7.5781350489384502e-06
0.34300000000000003,-0.05072021484375,-0.050719998400497186,-2.1644325281372501e-07
0.34312500000000001,-0.046844482421875,-0.04683576976585329,-8.7126560217101745e-06
0.34325,-0.03582763671875,-0.035828653919798246,1.0172010482464855e-06
0.34337499999999999,-0.019378662109375,-0.019380668821024721,2.0067116497206328e-06
0.34350000000000003,0,-6.1590944446885114e-08,6.1590944446885114e-08
0.34362500000000001,0.01934814453125,0.019361184926903831,-1.3040395653831499e-05
0.34375,0.0357666015625,0.035756984392127232,9.6171703727679358e-06
0.34387499999999999,0.04669189453125,0.046695432547650642,-3.5380164006421078e-06
0.34399999999999997,0.050506591796875,0.050517534088193178,-1.094229131817781e-05
0.34412500000000001,0.046661376953125,0.046648811334690996,1.25656184340045e-05
0.34425,0.035675048828125,0.035685635713227755,-1.0586885102754906e-05
0.34437499999999999,0.019317626953125,0.019303310594703506,1.4316358421494202e-05
0.34449999999999997,0,7.02354738870655e-08,-7.02354738870655e-08
0.34462500000000001,-0.019287109375,-0.019283886758229042,-3.2226167709578646e-06
0.34475,-0.035614013671875,-0.035614234735561141,2.2106368614133176e-07
0.34487499999999999,-0.0465087890625,-0.046509017038573061,2.2797607306113132e-07
0.34499999999999997,-0.050323486328125,-0.050315861005535659,-7.6253225893413434e-06
0.34512500000000002,-0.04644775390625,-0.046462582233537365,1.4828327287365328e-05
0.34525,-0.035552978515625,-0.035543171428016315,-9.8070876086847614e-06
0.34537499999999999,-0.01922607421875,-0.019226244176597559,1.6995784755946541e-07
0.34549999999999997,0,-6.1841710115219456e-08,6.1841710115219456e-08
0.34562500000000002,0.019195556640625,0.019206914165330588,-1.135752470558804e-05
0.34575,0.03546142578125,0.035472071934945761,-1.0646153695760552e-05
0.34587499999999999,0.04632568359375,0.046323362697801844,2.3208959481560432e-06
0.34599999999999997,0.05010986328125,0.050115009998396132,-5.1467171461316852e-06
0.34612500000000002,0.0462646484375,0.046277113555365713,-1.2465117865713415e-05
0.34625,0.035400390625,0.035401292857363799,-9.0223236379888272e-07
0.34637499999999999,0.019134521484375,0.019149502406265763,-1.4980921890762888e-05
0.34649999999999997,0,7.048212527393318e-08,-7.048212527393318e-08
0.34662500000000002,-0.019134521484375,-0.019130231844080522,-4.2896402944782308e-06
0.34675,-0.03533935546875,-0.035330459643122064,-8.8958256279358938e-06
0.34687499999999999,-0.046142578125,-0.046138432482332889,-4.145642667111038e-06
0.34699999999999998,-0.0499267578125,-0.049914943780634081,-1.1814031865918506e-05
0.34712500000000002,-0.04608154296875,-0.046092368260155274,1.082529140527394e-05
0.34725,-0.035247802734375,-0.035259963658682399,1.2160924307398624e-05
0.34737499999999999,-0.019073486328125,-0.019073049983285656,-4.3634483934407164e-07
0.34749999999999998,0,-6.2084290321964299e-08,6.2084290321964299e-08
0.34762500000000002,0.01904296875,0.019053872640152309,-1.0903890152309109e-05
0.34775,0.035186767578125,0.035189429666912103,-2.6620887871031673e-06
0.34787499999999999,0.04595947265625,0.045954257505912921,5.2151503370789776e-06
0.34799999999999998,0.049713134765625,0.049715693223830348,-2.5584582053483906e-06
0.34812500000000002,0.0458984375,0.04590837746461976,-9.9399646197595448e-06
0.34825,0.035125732421875,0.03511921564333903,6.5167785359698804e-06
0.34837499999999999,0.01898193359375,0.018996919757037125,-1.4986163287124959e-05
0.34849999999999998,0,7.0720660053668748e-08,-7.0720660053668748e-08
0.34862500000000002,-0.01898193359375,-0.018977801259224266,-4.1323345257339439e-06
0.34875,-0.0350341796875,-0.03504894567728381,1.4765989783810385e-05
0.34887499999999999,-0.0457763671875,-0.04577080074921052,-5.5664382894796138e-06
0.34899999999999998,-0.049530029296875,-0.04951722106745117,-1.2808229423830197e-05
0.34912500000000002,-0.04571533203125,-0.045725104152382977,9.7721211329768187e-06
0.34925,-0.03497314453125,-0.034979012486828331,5.8679555783314186e-06
0.34937499999999999,-0.0189208984375,-0.018921076436889995,1.7799938999488174e-07
0.34949999999999998,0,-6.2318808084871029e-08,6.2318808084871029e-08
0.34962500000000002,0.018890380859375,0.018902050556752686,-1.1669697377685723e-05
0.34975000000000001,0.034912109375,0.034909039499105822,3.0698758941780091e-06
0.34987499999999999,0.04559326171875,0.045588093349546263,5.1683692037368667e-06
0.34999999999999998,0.04931640625,0.049319558208581901,-3.1519585819012041e-06
0.35012500000000002,0.0455322265625,0.045542579463713151,-1.0352901213150911e-05
0.35025000000000001,0.03485107421875,0.034839386018535493,1.1688200214507449e-05
0.35037499999999999,0.01885986328125,0.0188455528819617,1.4310399288300357e-05
0.35049999999999998,0,7.0951189092604532e-08,-7.0951189092604532e-08
0.35062500000000002,-0.018829345703125,-0.018826585248149206,-2.7604549757941077e-06
0.35075000000000001,-0.034759521484375,-0.034769674821332572,1.0153336957571812e-05
0.35087499999999999,-0.04541015625,-0.045406098311069572,-4.0579389304282176e-06
0.35099999999999998,-0.04913330078125,-0.049122667412091481,-1.0633369158519201e-05
0.35112500000000002,-0.04534912109375,-0.045360766405688112,1.1645311938111857e-05
0.35125000000000001,-0.034698486328125,-0.034700299931899548,1.8136037745475342e-06
0.35137499999999999,-0.018768310546875,-0.018770313811331131,2.0032644561310264e-06
0.35149999999999998,0,-6.2545373699242452e-08,6.2545373699242452e-08
0.35162500000000002,0.01873779296875,0.018751438198567175,-1.3645229817175336e-05
0.35175000000000001,0.034637451171875,0.034630883486739435,6.5676851355653265e-06
0.35187499999999999,0.04522705078125,0.04522484679448923,2.2039867607695496e-06
0.35199999999999998,0.048919677734375,0.048926579600366574,-6.9018659915737191e-06
0.35212500000000002,0.045166015625,0.045179696141940742,-1.3680516940742238e-05
0.35225000000000001,0.034576416015625,0.034561786074176412,1.4629941448587869e-05
0.35237499999999999,0.018707275390625,0.01869539209378349,1.1883296841510432e-05
0.35249999999999998,0,7.1173824825985233e-08,-7.1173824825985233e-08
0.35262500000000002,-0.0186767578125,-0.018676574133079205,-1.836794207947523e-07
0.35275000000000001,-0.03448486328125,-0.03449262920211809,7.7659208680899705e-06
0.35287499999999999,-0.0450439453125,-0.045044301827245177,3.5651474517700565e-07
0.35299999999999998,-0.048736572265625,-0.048731257563476418,-5.3147021485816515e-06
0.35312500000000002,-0.045013427734375,-0.044999331702819223,-1.4096031555776989e-05
0.35325000000000001,-0.034423828125,-0.034423808156612418,-1.9968387582336433e-08
0.35337499999999999,-0.01861572265625,-0.018620752458024199,5.0298017741992607e-06
0.35349999999999998,0,-6.2764104552551658e-08,6.2764104552551658e-08
0.35362500000000002,0.01861572265625,0.018602025926450681,1.3696729799318741e-05
0.35375000000000001,0.03436279296875,0.034354943828011915,7.8491407380851252e-06
0.353875,0.04486083984375,0.044864494593250148,-3.6547495001482133e-06
0.35399999999999998,0.04852294921875,0.048536732248907387,-1.3783030157386855e-05
0.35412500000000002,0.044830322265625,0.044819704275132835,1.0617990492164942e-05
0.35425000000000001,0.034271240234375,0.034286398044187892,-1.5157809812892109e-05
0.354375,0.0185546875,0.018546427782436859,8.2597175631408948e-06
0.35449999999999998,0,7.1388678405563281e-08,-7.1388678405563281e-08
0.35462500000000002,-0.018524169921875,-0.018527758313343353,3.5883914683530749e-06
0.35475000000000001,-0.034210205078125,-0.034217791088901807,7.5860107768069285e-06
0.354875,-0.044677734375,-0.044685388143051175,7.6537680511745698e-06
0.35499999999999998,-0.04833984375,-0.048342966471728213,3.1227217282131514e-06
0.35512500000000002,-0.044647216796875,-0.044640776912317846,-6.4398845571536634e-06
0.35525000000000001,-0.034149169921875,-0.034149519465810657,3.4954393565711506e-07
0.355375,-0.018463134765625,-0.018472382805271626,9.248039646626155e-06
0.35549999999999998,0,-6.2975108350702611e-08,6.2975108350702611e-08
0.35562500000000002,0.018463134765625,0.018453804178063225,9.3305875617753775e-06
0.35575000000000001,0.034088134765625,0.034081202862961506,6.9319026634942493e-06
0.355875,0.04449462890625,0.044507013683576881,-1.2384777326880647e-05
0.35599999999999998,0.04815673828125,0.048149991204324963,6.7470769250371765e-06
0.35612500000000002,0.044464111328125,0.044462580824173148,1.530503951852058e-06
0.35625000000000001,0.034027099609375,0.03401320430405011,1.389530532489025e-05
0.356375,0.018402099609375,0.01839865041442891,3.4491949460896398e-06
0.35649999999999998,0,7.1595856981372897e-08,-7.1595856981372897e-08
0.35662500000000003,-0.01837158203125,-0.01838012826477705,8.5462335270500289e-06
0.35675000000000001,-0.033935546875,-0.033945142892224098,9.5960172240977526e-06
0.356875,-0.044342041015625,-0.044329334288299355,-1.2706727325645373e-05
0.35699999999999998,-0.047943115234375,-0.047957769286566691,1.4654052191691302e-05
0.35712500000000003,-0.044281005859375,-0.044285079087037021,4.0732276620214503e-06
0.35725000000000001,-0.03387451171875,-0.033877416305330955,2.9045865809554372e-06
0.357375,-0.018310546875,-0.018325195357635198,1.4648482635198218e-05
0.35749999999999998,0,-6.3178494345135476e-08,6.3178494345135476e-08
0.35762500000000003,0.018310546875,0.018306763467260498,3.7834077395021426e-06
0.35775000000000001,0.0338134765625,0.033809643072347337,3.8334901526632104e-06
0.357875,0.044158935546875,0.044152381186976591,6.5543598984085794e-06
0.35799999999999998,0.047760009765625,0.047766331715540768,-6.3219499157676773e-06
0.35812500000000003,0.044097900390625,0.044108302933517946,-1.040254289294551e-05
0.35825000000000001,0.03375244140625,0.033742187369677261,1.02540365727391e-05
0.358375,0.01824951171875,0.018252050532229325,-2.5388134793254136e-06
0.35849999999999999,0,7.1795474662845197e-08,-7.1795474662845197e-08
0.35862500000000003,-0.018218994140625,-0.018233674539102077,1.4680398477077278e-05
0.35875000000000001,-0.033660888671875,-0.033674667162778581,1.3778490903580687e-05
0.358875,-0.043975830078125,-0.043976117475825166,2.8739770016605881e-07
0.35899999999999999,-0.047576904296875,-0.047575641355718935,-1.2629411560646786e-06
0.35912500000000003,-0.0439453125,-0.043932215462672695,-1.309703732730455e-05
0.35925000000000001,-0.033599853515625,-0.033607481260887188,7.6277452621884012e-06
0.359375,-0.0181884765625,-0.018179180695338623,-9.2958671613768695e-06
0.35949999999999999,0,-6.3374370536842005e-08,6.3374370536842005e-08
0.35962499999999997,0.018157958984375,0.018160894383469219,-2.9353990942185271e-06
0.35975000000000001,0.033538818359375,0.033540247076520278,-1.4287171452784242e-06
0.359875,0.043792724609375,0.043800574407252588,-7.8497978775876609e-06
0.35999999999999999,0.047393798828125,0.047385729228693066,8.0695994319340825e-06
0.36012499999999997,0.04376220703125,0.043756847929740675,5.3591015093251704e-06
0.36025000000000001,0.033477783203125,0.033473329896296582,4.4533068284183241e-06
0.360375,0.018096923828125,0.018106618753662651,-9.6949255376510557e-06
0.36049999999999999,0,7.1987636077146727e-08,-7.1987636077146727e-08
0.36062499999999997,-0.018096923828125,-0.018088387763317098,-8.5360648079020607e-06
0.36075000000000002,-0.033416748046875,-0.033406346590297231,-1.0401456577768808e-05
0.360875,-0.04364013671875,-0.043625715100035614,-1.4421618714385853e-05
0.36099999999999999,-0.047210693359375,-0.047196558223341539,-1.4135136033460727e-05
0.36112499999999997,-0.0435791015625,-0.043582163456308873,3.0618938088727843e-06
0.36125000000000002,-0.0333251953125,-0.033339697056944402,1.4501744444402054e-05
0.361375,-0.018035888671875,-0.018034329473662122,-1.5591982128783377e-06
0.36149999999999999,0,-6.3562841011902497e-08,6.3562841011902497e-08
0.36162499999999997,0.01800537109375,0.018016187591129929,-1.0816497379929207e-05
0.36175000000000002,0.03326416015625,0.033272997634312677,-8.837478062677373e-06
0.361875,0.04345703125,0.043451570829052863,5.4604209471370568e-06
0.36199999999999999,0.0469970703125,0.047008159385565476,-1.1089073065476129e-05
0.36212499999999997,0.04339599609375,0.043408193320067366,-1.2197226317366139e-05
0.36225000000000002,0.033203125,0.033206614677336481,-3.489677336480923e-06
0.362375,0.017974853515625,0.017962345771317778,1.2507744307221902e-05
0.36249999999999999,0,7.2172447373915084e-08,-7.2172447373915084e-08
0.36262499999999998,-0.0179443359375,-0.017944258639127596,-7.7298372404277504e-08
0.36275000000000002,-0.03314208984375,-0.033140164002434969,-1.9258413150313736e-06
0.362875,-0.04327392578125,-0.043278104735458393,4.1789542083933706e-06
0.36299999999999999,-0.04681396484375,-0.046820495628455451,6.5307847054510426e-06
0.36312499999999998,-0.043243408203125,-0.043234900664965159,-8.507538159840955e-06
0.36325000000000002,-0.0330810546875,-0.033074046555618984,-7.0081318810158444e-06
0.363375,-0.01788330078125,-0.017890632422344375,7.3316410943748134e-06
0.36349999999999999,0,-6.374401668549807e-08,6.374401668549807e-08
0.36362499999999998,0.01788330078125,0.017872633829046844,1.0666952203156055e-05
0.36375000000000002,0.03302001953125,0.033007877641936773,1.2141889313227461e-05
0.363875,0.0430908203125,0.043105348116423935,-1.4527803923934657e-05
0.36399999999999999,0.046630859375,0.046633598022028121,-2.7386470281207109e-06
0.36412499999999998,0.043060302734375,0.043062316790954798,-2.0140565797979737e-06
0.36425000000000002,0.032928466796875,0.032942024643332839,-1.3557846457838696e-05
0.364375,0.017822265625,0.01781922235193489,3.0432730651099027e-06
0.36449999999999999,0,7.2350013484577547e-08,-7.2350013484577547e-08
0.36462499999999998,-0.017791748046875,-0.017801277942308402,9.5298954334022135e-06
0.36475000000000002,-0.032867431640625,-0.032876102363682061,8.6707230570609584e-06
0.364875,-0.042938232421875,-0.04293326413530868,-4.9682865663203124e-06
0.36499999999999999,-0.04644775390625,-0.046447429503393305,-3.2440285669538271e-07
0.36512499999999998,-0.042877197265625,-0.042890404864170208,1.3207598545207644e-05
0.36525000000000002,-0.032806396484375,-0.032810512755589404,4.1162712144035551e-06
0.36537500000000001,-0.01776123046875,-0.017748080344986792,-1.3150123763207983e-05
0.36549999999999999,0,-6.3918001820708918e-08,6.3918001820708918e-08
0.36562499999999998,0.017730712890625,0.017730223909815501,4.8898080949946743e-07
0.36575000000000002,0.032745361328125,0.032744870131880696,4.9119624430382647e-07
0.36587500000000001,0.042755126953125,0.042761884111392687,-6.757158267686747e-06
0.36599999999999999,0.0462646484375,0.046262021166491051,2.6272710089494944e-06
0.36612499999999998,0.042724609375,0.042719196206655097,5.4131683449032408e-06
0.36625000000000002,0.032684326171875,0.032679542860827124,4.7833110478762153e-06
0.36637500000000001,0.017669677734375,0.017677239335836752,-7.5616014617516103e-06
0.36649999999999999,0,7.2520435510588119e-08,-7.2520435510588119e-08
0.36662499999999998,-0.017669677734375,-0.017659436522131068,-1.0241212243931874e-05
0.36675000000000002,-0.032623291015625,-0.032614144774268057,-9.1462413569429191e-06
0.36687500000000001,-0.0426025390625,-0.042591171230060308,-1.1367832439691805e-05
0.36699999999999999,-0.04608154296875,-0.04607733597225909,-4.2069964909102753e-06
0.36712499999999998,-0.04254150390625,-0.04254865400654035,7.1501002903498478e-06
0.36725000000000002,-0.032562255859375,-0.03254907879098743,-1.3177068387569546e-05
0.36737500000000001,-0.017608642578125,-0.017606664118477163,-1.9784596478368555e-06
0.36749999999999999,0,-6.4084891640505082e-08,6.4084891640505082e-08
0.36762499999999998,0.017578125,0.017588948719254149,-1.0823719254149378e-05
0.36775000000000002,0.032470703125,0.03248395827184318,-1.3255146843180188e-05
0.36787500000000001,0.04241943359375,0.042421156832534918,-1.7232387849175357e-06
0.36799999999999999,0.0458984375,0.045893405038370187,5.0324616298128011e-06
0.36812499999999998,0.042388916015625,0.042378809607790953,1.0106407834047093e-05
0.36825000000000002,0.03240966796875,0.032419152531280929,-9.4845625309286641e-06
0.36837500000000001,0.017547607421875,0.017536387636313176,1.1219785561823736e-05
0.36849999999999999,0,7.2683823858162534e-08,-7.2683823858162534e-08
0.36862499999999998,-0.01751708984375,-0.017518725300797587,1.6354570475871077e-06
0.36875000000000002,-0.0323486328125,-0.03235427446907288,5.6416565728800716e-06
0.36887500000000001,-0.042266845703125,-0.042251804126044477,-1.5041577080522617e-05
0.36899999999999999,-0.04571533203125,-0.045710191349400131,-5.1406818498689333e-06
0.36912499999999998,-0.042205810546875,-0.042209626220365469,3.8156734904690182e-06
0.36925000000000002,-0.03228759765625,-0.032289727930346825,2.1302740968245915e-06
0.36937500000000001,-0.0174560546875,-0.017466374692379005,1.0320004879004613e-05
0.3695,0,-6.4244793397700664e-08,6.4244793397700664e-08
0.36962499999999998,0.0174560546875,0.017448799215783874,7.2554717161256443e-06
0.36975000000000002,0.0322265625,0.032225125363631944,1.4371363680557026e-06
0.36987500000000001,0.042083740234375,0.042083144473574807,5.9576080019274613e-07
0.37,0.0455322265625,0.045527726046565332,4.5005159346675483e-06
0.37012499999999998,0.04205322265625,0.042041135209965448,1.2087446284551884e-05
0.37025000000000002,0.03216552734375,0.032160836990015769,4.6903537342310453e-06
0.37037500000000001,0.01739501953125,0.017396658239075918,-1.6387078259176568e-06
0.3705,0,7.2840269423552319e-08,-7.2840269423552319e-08
0.37062499999999998,-0.017364501953125,-0.017379135272827698,1.463331970269835e-05
0.37075000000000002,-0.0321044921875,-0.032096474816574232,-8.017370925768319e-06
0.37087500000000001,-0.041900634765625,-0.041915141104033445,1.4506338408444563e-05
0.371,-0.04534912109375,-0.045345972137891238,-3.1489558587616262e-06
0.37112499999999998,-0.0418701171875,-0.041873299808203285,3.1826207032847886e-06
0.37125000000000002,-0.03204345703125,-0.032032443575502778,-1.1013455747221901e-05
0.37137500000000001,-0.017333984375,-0.017327203088383949,-6.7812866160511798e-06
0.3715,0,-6.4397813003422359e-08,6.4397813003422359e-08
0.37162499999999998,0.017303466796875,0.017309766429888684,-6.2996330136844136e-06
0.37175000000000002,0.031982421875,0.031968354842106396,1.4067032893604059e-05
0.37187500000000001,0.041748046875,0.041747825401995203,2.2147300479669063e-07
0.372,0.045166015625,0.045164960787950355,1.0548370496452075e-06
0.37212499999999998,0.041717529296875,0.041706151402351836,1.137789452316379e-05
0.37225000000000003,0.031890869140625,0.031904579705137111,-1.3710564512110779e-05
0.37237500000000001,0.01727294921875,0.017258042201643172,1.4907017106827875e-05
0.3725,0,7.2989877639221035e-08,-7.2989877639221035e-08
0.37262499999999998,-0.017242431640625,-0.017240657504497339,-1.7741361276607526e-06
0.37275000000000003,-0.031829833984375,-0.031840729317755508,1.0895333380507577e-05
0.37287500000000001,-0.041595458984375,-0.041581160617866542,-1.4298366508458393e-05
0.373,-0.04498291015625,-0.044984655028030916,1.7448717809162573e-06
0.37312499999999998,-0.041534423828125,-0.041539653245504737,5.2294173797373666e-06
0.37325000000000003,-0.031768798828125,-0.031777209260555599,8.4104324305986355e-06
0.37337500000000001,-0.017181396484375,-0.017189140399722424,7.7439153474238853e-06
0.3735,0,-6.4544039730834871e-08,6.4544039730834871e-08
0.37362499999999998,0.017181396484375,0.017171841463507757,9.5550208672433301e-06
0.37375000000000003,0.031707763671875,0.031713630274128282,-5.8666022532821716e-06
0.37387500000000001,0.041412353515625,0.041415178157639274,-2.8246420142735706e-06
0.374,0.0447998046875,0.044805086045875415,-5.2813583754154902e-06
0.37412499999999999,0.0413818359375,0.041373836746324416,7.9991911755838974e-06
0.37425000000000003,0.031646728515625,0.031650364276465552,-3.6357608405521158e-06
0.37437500000000001,0.017120361328125,0.017120530652805582,-1.6932468058228345e-07
0.3745,0,7.3132752616259665e-08,-7.3132752616259665e-08
0.37462499999999999,-0.01708984375,-0.017103283133280956,1.3439383280956091e-05
0.37475000000000003,-0.031585693359375,-0.031587021605079209,1.3282457042088081e-06
0.37487500000000001,-0.041259765625,-0.041249841293057254,-9.9243319427455567e-06
0.375,-0.04461669921875,-0.044626216895849558,9.5176770995575311e-06
0.37512499999999999,-0.04119873046875,-0.041208665179220505,9.9347104705049816e-06
0.37524999999999997,-0.031524658203125,-0.031524008650809225,-6.495523157748484e-07
0.37537500000000001,-0.017059326171875,-0.017052177790579579,-7.1483812954208081e-06
0.3755,0,-6.468358228349542e-08,6.468358228349542e-08
0.37562499999999999,0.01702880859375,0.017035015489480505,-6.206895730505313e-06
0.37574999999999997,0.031463623046875,0.031460935357480901,2.6876893940985802e-06
0.37587500000000001,0.04107666015625,0.041085181451352842,-8.5212951028423856e-06
0.376,0.04443359375,0.044448078788681164,-1.448503868116402e-05
0.37612499999999999,0.041046142578125,0.04104416997408044,1.9726040445602888e-06
0.37624999999999997,0.031402587890625,0.031398174434516236,4.4134561087635915e-06
0.37637500000000002,0.016998291015625,0.016984114792020468,1.4176223604531885e-05
0.3765,0,7.3268982030534036e-08,-7.3268982030534036e-08
0.37662499999999999,-0.0169677734375,-0.016967003367251147,-7.7007024885250575e-07
0.37674999999999997,-0.031341552734375,-0.031335335441406764,-6.2172929682358102e-06
0.37687500000000002,-0.040924072265625,-0.040921161925431396,-2.910340193604255e-06
0.377,-0.044281005859375,-0.044270634801629523,-1.0371057745477141e-05
0.37712499999999999,-0.0408935546875,-0.040880314426448315,-1.324026105168491e-05
0.37724999999999997,-0.031280517578125,-0.031272825541704394,-7.6920364206062297e-06
0.37737500000000002,-0.01690673828125,-0.016916306495562885,9.5682143128848762e-06
0.3775,0,-6.4816527810500226e-08,6.4816527810500226e-08
0.37762499999999999,0.01690673828125,0.016899279750995602,7.4585302543977994e-06
0.37774999999999997,0.031219482421875,0.031210253919865576,9.2285020094236281e-06
0.37787500000000002,0.040771484375,0.040757814163608165,1.3670211391834941e-05
0.378,0.044097900390625,0.04409391616822466,3.9842224003397431e-06
0.37812499999999999,0.04071044921875,0.040717129987273261,-6.6807685232608827e-06
0.37824999999999998,0.031158447265625,0.031147994039417901,1.0453226207098737e-05
0.37837500000000002,0.016845703125,0.016848785888881702,-3.0827638817024217e-06
0.3785,0,7.3398672760776031e-08,-7.3398672760776031e-08
0.37862499999999999,-0.016845703125,-0.016831809484553685,-1.389364044631497e-05
0.37874999999999998,-0.031097412109375,-0.031085654719002483,-1.1757390372516691e-05
0.37887500000000002,-0.04058837890625,-0.040595101479775665,6.722573525665132e-06
0.379,-0.043914794921875,-0.043917885988437037,3.0910665620373368e-06
0.37912499999999999,-0.040557861328125,-0.040554579973071221,-3.2813550537788561e-06
0.37924999999999998,-0.031036376953125,-0.031023643857810507,-1.2733095314493292e-05
0.37937500000000002,-0.01678466796875,-0.016781517819103555,-3.1501496464449164e-06
0.3795,0,-6.4942977605652285e-08,6.4942977605652285e-08
0.37962499999999999,0.016754150390625,0.016764625560997753,-1.0475170372753473e-05
0.37974999999999998,0.030975341796875,0.030961569917834036,1.3771879040964247e-05
0.37987500000000002,0.040435791015625,0.040433055343158282,2.7356724667179644e-06
0.38,0.043731689453125,0.043742575518417176,-1.0886065292176061e-05
0.38012499999999999,0.0404052734375,0.040392695855675592,1.2577581824407824e-05
0.38024999999999998,0.030914306640625,0.030899807079912505,1.4499560712494947e-05
0.38037500000000002,0.0167236328125,0.016714535282546683,9.0975299533169185e-06
0.3805,0,7.3521910392570356e-08,-7.3521910392570356e-08
0.38062499999999999,-0.016693115234375,-0.016697692832816503,4.5775984415033499e-06
0.38074999999999998,-0.03082275390625,-0.030837963458452654,1.5209552202653798e-05
0.38087500000000002,-0.040283203125,-0.040271639088478021,-1.1564036521978516e-05
0.38100000000000001,-0.0435791015625,-0.043567947880665765,-1.1153681834234763e-05
0.38112499999999999,-0.04022216796875,-0.040231440972407093,9.2730036570926044e-06
0.38124999999999998,-0.03076171875,-0.030776447651792868,1.4728901792868121e-05
0.38137500000000002,-0.01666259765625,-0.016647803134932776,-1.479452131722403e-05
0.38150000000000001,0,-6.5063031687647841e-08,6.5063031687647841e-08
0.38162499999999999,0.016632080078125,0.016631044301668986,1.0357764560139926e-06
0.38174999999999998,0.03070068359375,0.030714867435769112,-1.4183842019111631e-05
0.38187500000000002,0.04010009765625,0.040110884205701754,-1.0786549451753669e-05
0.38200000000000001,0.04339599609375,0.043394034353773571,1.9617399764290666e-06
0.38212499999999999,0.040069580078125,0.040070846815824603,-1.2667376996025603e-06
0.38224999999999998,0.0306396484375,0.03065359767232306,-1.3949234823059514e-05
0.38237500000000002,0.016571044921875,0.016581354381168392,-1.0309459293391526e-05
0.38250000000000001,0,7.3638794491663129e-08,-7.3638794491663129e-08
0.38262499999999999,-0.016571044921875,-0.016564644828610132,-6.4000932648682063e-06
0.38274999999999998,-0.03057861328125,-0.030592245807685509,1.3632526435509301e-05
0.38287500000000002,-0.039947509765625,-0.039950754050207433,3.2442845824334765e-06
0.38300000000000001,-0.043212890625,-0.043220798082591973,7.9074575919726997e-06
0.38312499999999999,-0.0399169921875,-0.03991087674388779,-6.1154436122104472e-06
0.38324999999999998,-0.030517578125,-0.030531221103370986,1.3642978370986131e-05
0.38337500000000002,-0.016510009765625,-0.016515153885515485,5.1441198904850216e-06
0.38350000000000001,0,-6.5176774103460114e-08,6.5176774103460114e-08
0.38362499999999999,0.016510009765625,0.016498527423840177,1.1482341784822825e-05
0.38374999999999998,0.03045654296875,0.030470130684869721,-1.3587716119721482e-05
0.38387500000000002,0.039794921875,0.039791280132539179,3.6417424608206628e-06
0.38400000000000001,0.043060302734375,0.0430482703679732,1.2032366401799888e-05
0.38412499999999999,0.039764404296875,0.039751562269706456,1.2842027168544212e-05
0.38424999999999998,0.0303955078125,0.030409350059533508,-1.3842247033508254e-05
0.38437500000000002,0.016448974609375,0.016449234661377665,-2.6005200266451811e-07
0.38450000000000001,0,7.3749423368045259e-08,-7.3749423368045259e-08
0.38462499999999999,-0.01641845703125,-0.016432656956911901,1.4199925661900759e-05
0.38474999999999998,-0.03033447265625,-0.030348486040925021,1.4013384675021223e-05
0.38487500000000002,-0.039642333984375,-0.039632425828575714,-9.9081557992861113e-06
0.38500000000000001,-0.042877197265625,-0.042876414376941251,-7.8288868374937204e-07
0.385125,-0.039581298828125,-0.039592866771720435,1.1567943595434949e-05
0.38524999999999998,-0.0302734375,-0.030287948518330738,1.4511018330738007e-05
0.38537500000000002,-0.016387939453125,-0.016383561581489219,-4.3778716357807668e-06
0.38550000000000001,0,-6.528430758233656e-08,6.528430758233656e-08
0.385625,0.016357421875,0.016367066446480533,-9.6445714805326599e-06
0.38574999999999998,0.03021240234375,0.03022734400215072,-1.4941658400720315e-05
0.38587500000000002,0.039459228515625,0.039474222669268789,-1.4994153643789476e-05
0.38600000000000001,0.042694091796875,0.042705261432432404,-1.116963555740369e-05
0.386125,0.0394287109375,0.039434821783432314,-6.1108459323139241e-06
0.38624999999999998,0.030181884765625,0.030167048609970028,1.4836155654972261e-05
0.38637500000000002,0.016326904296875,0.016318167667701177,8.736629173822924e-06
0.38650000000000001,0,7.3853879554606884e-08,-7.3853879554606884e-08
0.386625,-0.01629638671875,-0.016301720770529108,5.3340517791079789e-06
0.38674999999999998,-0.030120849609375,-0.030106668557712345,-1.418105166265532e-05
0.38687500000000002,-0.039306640625,-0.039316634050828948,9.9934258289482991e-06
0.38700000000000001,-0.04254150390625,-0.04253477472346659,-6.7291827834103923e-06
0.387125,-0.039276123046875,-0.03927739070358767,1.2676567126695959e-06
0.38724999999999998,-0.030059814453125,-0.030046614327509311,-1.3200125615689395e-05
0.38737500000000002,-0.016265869140625,-0.016253017801152559,-1.2851339472440965e-05
0.38750000000000001,0,-6.5385714157859488e-08,6.5385714157859488e-08
0.387625,0.0162353515625,0.016236652956122928,-1.301393622928082e-06
0.38774999999999998,0.029998779296875,0.029986491849416187,1.2287447458812772e-05
0.38787500000000003,0.039154052734375,0.03915969152446231,-5.6387900873103303e-06
0.38800000000000001,0.0423583984375,0.04236498559488823,-6.5871573882297918e-06
0.388125,0.03912353515625,0.039120605085924999,2.9300703250009774e-06
0.38824999999999998,0.029937744140625,0.029926677816624839,1.1066324000160582e-05
0.38837500000000003,0.01617431640625,0.01618814501205211,-1.3828605802110316e-05
0.38850000000000001,0,7.3952264047743082e-08,-7.3952264047743082e-08
0.388625,-0.01617431640625,-0.01617182788959463,-2.4885166553696714e-06
0.38874999999999998,-0.029876708984375,-0.02986677788188313,-9.931102491870375e-06
0.38887500000000003,-0.03900146484375,-0.039003358506549173,1.8936627991725241e-06
0.38900000000000001,-0.042205810546875,-0.042195857257537883,-9.9532893371168107e-06
0.389125,-0.038970947265625,-0.038964428349339407,-6.5189162855930349e-06
0.38924999999999998,-0.029815673828125,-0.02980720308578862,-8.4707423363798717e-06
0.38937500000000003,-0.01611328125,-0.016123514189890043,1.0232939890043175e-05
0.38950000000000001,0,-6.5481089467234022e-08,6.5481089467234022e-08
0.389625,0.01611328125,0.016107278606339218,6.002643660782403e-06
0.38974999999999999,0.029754638671875,0.029747558812292612,7.0798595823880206e-06
0.38987500000000003,0.038848876953125,0.038847666568381269,1.2103847437314186e-06
0.39000000000000001,0.042022705078125,0.042027421077993544,-4.7159998685444848e-06
0.390125,0.038818359375,0.038808892067634743,9.4673073652573603e-06
0.39024999999999999,0.029693603515625,0.029688222296036199,5.3812195888007508e-06
0.39037500000000003,0.01605224609375,0.016059158373179578,-6.9122794295779777e-06
0.39050000000000001,0,7.4044657399088836e-08,-7.4044657399088836e-08
0.390625,-0.01605224609375,-0.01604297000099909,-9.2760927509101532e-06
0.39074999999999999,-0.029632568359375,-0.029628798660587541,-3.7696987874591414e-06
0.39087499999999997,-0.0386962890625,-0.038692579146346155,-3.7099161538448056e-06
0.39100000000000001,-0.0418701171875,-0.041859640288742561,-1.0476898757438846e-05
0.391125,-0.038665771484375,-0.038653959679695163,-1.1811804679837112e-05
0.39124999999999999,-0.029571533203125,-0.029569699471130775,-1.8337319942253461e-06
0.39137499999999997,-0.0159912109375,-0.015995042459677731,3.8315221777308894e-06
0.39150000000000001,0,-6.5570527935980688e-08,6.5570527935980688e-08
0.391625,0.0159912109375,0.015978935117219251,1.2275820280748667e-05
0.39174999999999999,0.029510498046875,0.029510529599214991,-3.1552339990748024e-08
0.39187499999999997,0.038543701171875,0.038538127831672077,5.5733402029231605e-06
0.39200000000000002,0.04168701171875,0.041692546277923299,-5.5345591732994248e-06
0.392125,0.03851318359375,0.038499662779237345,1.3520814512654744e-05
0.39224999999999999,0.029449462890625,0.029451666787327916,-2.2038967029160139e-06
0.39237499999999997,0.01593017578125,0.015931199496131695,-1.0237148816948094e-06
0.39250000000000002,0,7.4131158336070084e-08,-7.4131158336070084e-08
0.392625,-0.01593017578125,-0.015915138857872435,-1.5036923377564904e-05
0.39274999999999999,-0.029388427734375,-0.029392715663317713,4.2879289427130707e-06
0.39287499999999997,-0.03839111328125,-0.038384276080594415,-6.8372006555850184e-06
0.39300000000000002,-0.041534423828125,-0.041526102299497422,-8.3215286275778455e-06
0.393125,-0.038360595703125,-0.03834596482497514,-1.4630878149859972e-05
0.39324999999999999,-0.029327392578125,-0.029334088283570283,6.6957054452830567e-06
0.39337499999999997,-0.015869140625,-0.015867594388499582,-1.5462365004180467e-06
0.39350000000000002,0,-6.5654108657469152e-08,6.5654108657469152e-08
0.393625,0.015838623046875,0.015851614274809946,-1.2991227934945615e-05
0.39374999999999999,0.029266357421875,0.02927538904047533,-9.0316186003303045e-06
0.39387499999999998,0.038238525390625,0.038231055504109983,7.4698865150171767e-06
0.39400000000000002,0.041351318359375,0.041360339762991888,-9.0214036168878575e-06
0.394125,0.038177490234375,0.038192897430370347,-1.5407195995346956e-05
0.39424999999999999,0.029205322265625,0.029216996151222242,-1.1673885597241612e-05
0.39437499999999998,0.01580810546875,0.015804260191718787,3.8452770312127904e-06
0.39450000000000002,0,7.4211845471168559e-08,-7.4211845471168559e-08
0.394625,-0.015777587890625,-0.015788326279069162,1.0738388444161973e-05
0.39474999999999999,-0.029144287109375,-0.029158513780909404,1.4226671534403601e-05
0.39487499999999998,-0.0380859375,-0.038078429578143842,-7.5079218561577288e-06
0.39500000000000002,-0.04119873046875,-0.041195221943671569,-3.5085250784314126e-06
0.395125,-0.038055419921875,-0.03804042407381393,-1.4995848061069572e-05
0.39524999999999999,-0.02911376953125,-0.029100354444264943,-1.3415086985057306e-05
0.39537499999999998,-0.0157470703125,-0.015741161819883033,-5.9084926169669649e-06
0.39550000000000002,0,-6.5731928688019597e-08,6.5731928688019597e-08
0.395625,0.015716552734375,0.015725307930624849,-8.7551962498488844e-06
0.39574999999999999,0.029052734375,0.02904212208722818,1.0612287771820383e-05
0.39587499999999998,0.037933349609375,0.037926429933305701,6.9196760692988302e-06
0.39600000000000002,0.041015625,0.041030780272281561,-1.5155272281561216e-05
0.396125,0.03790283203125,0.037888576388360878,1.4255642889121622e-05
0.39624999999999999,0.02899169921875,0.02898419536906115,7.5038496888495121e-06
0.39637499999999998,0.01568603515625,0.015678332336028538,7.7028202214619867e-06
0.39650000000000002,0,7.4286810654085573e-08,-7.4286810654085573e-08
0.39662500000000001,-0.015655517578125,-0.015662524148614087,7.0065704890868996e-06
0.39674999999999999,-0.0289306640625,-0.028926178024601876,-4.4860378981236015e-06
0.39687499999999998,-0.03778076171875,-0.037775020065060609,-5.7416536893908909e-06
0.39700000000000002,-0.040863037109375,-0.040866978045220215,3.9409358452147103e-06
0.39712500000000001,-0.037750244140625,-0.037737317871913513,-1.2926268711486999e-05
0.39724999999999999,-0.02886962890625,-0.028868482994520588,-1.1459117294117249e-06
0.39737499999999998,-0.015625,-0.015615736662324301,-9.2633376756988406e-06
0.39750000000000002,0,-6.5804065212874503e-08,6.5804065212874503e-08
0.39762500000000001,0.015594482421875,0.015600008001091962,-5.5255792169618678e-06
0.39774999999999999,0.02880859375,0.028810713810537691,-2.1200605376907322e-06
0.39787499999999998,0.037628173828125,0.037624231623469492,3.9422046555076529e-06
0.39800000000000002,0.04071044921875,0.040703846714281733,6.6025044682671563e-06
0.39812500000000001,0.03759765625,0.037586680176963913,1.0976073036086942e-05
0.39824999999999999,0.02874755859375,0.028753249541868382,-5.6909481183815835e-06
0.39837499999999998,0.01556396484375,0.015553407869858076,1.055697389192381e-05
0.39850000000000002,0,7.4356144565432014e-08,-7.4356144565432014e-08
0.39862500000000001,-0.015533447265625,-0.015537724415217766,4.2771495927657055e-06
0.39874999999999999,-0.0286865234375,-0.028695693525055219,9.1700875552193362e-06
0.39887499999999998,-0.0374755859375,-0.037474028123376336,-1.5578141236635701e-06
0.39900000000000002,-0.04052734375,-0.040541349596829507,1.4005846829506785e-05
0.39912500000000001,-0.037445068359375,-0.037436626820777419,-8.4415385975811219e-06
0.39924999999999999,-0.02862548828125,-0.028638459094823963,1.2970813573962708e-05
0.39937499999999998,-0.0155029296875,-0.015491310888809688,-1.1618798690311502e-05
0.39950000000000002,0,-6.5870608500500759e-08,6.5870608500500759e-08
0.39962500000000001,0.015472412109375,0.015475706467049662,-3.2943576746616299e-06
0.39974999999999999,0.028594970703125,0.028581149400432007,1.3821302692992865e-05
0.39987499999999998,0.037322998046875,0.037324441234148957,-1.4431872739570362e-06
0.40000000000000002,0.040374755859375,0.040379518165539134,-4.7623061641341446e-06
0.40012500000000001,0.03729248046875,0.037287189475128282,5.2909936217176989e-06
0.40024999999999999,0.028533935546875,0.0285241438893695,9.7916575055000121e-06
0.40037499999999998,0.01544189453125,0.015429478798232935,1.2415733017065445e-05
0.40050000000000002,0,7.4419922986074685e-08,-7.4419922986074685e-08
0.40062500000000001,-0.015411376953125,-0.01541391909173088,2.5421386058797207e-06
0.40075,-0.028472900390625,-0.028467045531408868,-5.8548592161318525e-06
0.40087499999999998,-0.03717041015625,-0.03717543448985057,5.0243336005700856e-06
0.40100000000000002,-0.04022216796875,-0.040218315758572029,-3.8522101779708828e-06
0.40112500000000001,-0.037139892578125,-0.037138331676481749,-1.5609016432507894e-06
0.40125,-0.028411865234375,-0.028410268023916035,-1.5972104589652425e-06
0.40137499999999998,-0.015380859375,-0.015367876536267444,-1.2982838732555554e-05
0.40150000000000002,0,-6.5931647668089377e-08,6.5931647668089377e-08
0.40162500000000001,0.015350341796875,0.015352395373246099,-2.0535763710985422e-06
0.40175,0.028350830078125,0.028353414164932363,-2.5840868073633005e-06
0.40187499999999998,0.037017822265625,0.037027039578996779,-9.2173133717787792e-06
0.40200000000000002,0.040069580078125,0.040057773869318761,1.1806208806239282e-05
0.40212500000000001,0.0369873046875,0.036990085115745905,-2.7804282459048535e-06
0.40225,0.028289794921875,0.028296863749068989,-7.0688271939893521e-06
0.40237499999999998,0.01531982421875,0.015306537189882275,1.3287028867724898e-05
0.40250000000000002,0,7.4478239172842268e-08,-7.4478239172842268e-08
0.40262500000000001,-0.015289306640625,-0.015291100254646179,1.7936140211793211e-06
0.40275,-0.028228759765625,-0.028240219410347166,1.1459644722166401e-05
0.40287499999999998,-0.036865234375,-0.036879220054725631,1.3985679725631028e-05
0.40300000000000002,-0.039886474609375,-0.039897855856573058,1.1381247198058442e-05
0.40312500000000001,-0.036834716796875,-0.036842413348438192,7.6965515631924331e-06
0.40325,-0.0281982421875,-0.028183895177823687,-1.4347009676313194e-05
0.40337499999999998,-0.0152587890625,-0.015245425705088083,-1.3363357411916646e-05
0.40350000000000003,0,-6.5987257114652871e-08,6.5987257114652871e-08
0.40362500000000001,0.015228271484375,0.015230066827800318,-1.7953434253183131e-06
0.40375,0.02813720703125,0.028127493529139021,9.7135021109792663e-06
0.40387499999999998,0.0367431640625,0.036732007624547924,1.115643795207566e-05
0.40400000000000003,0.03973388671875,0.039738593234275435,-4.7065155254349955e-06
0.40412500000000001,0.03668212890625,0.036695348084437571,-1.3219178187570679e-05
0.40425,0.028076171875,0.02807139457530192,4.777299698079801e-06
0.40437499999999998,0.01519775390625,0.015184575176718784,1.3178729531215794e-05
0.40450000000000003,0,7.4531167069074535e-08,-7.4531167069074535e-08
0.40462500000000001,-0.015167236328125,-0.015169260043603883,2.0237154788830397e-06
0.40475,-0.02801513671875,-0.028015200645140168,6.3926390167501346e-08
0.40487499999999998,-0.036590576171875,-0.036585365860517624,-5.2103113573759297e-06
0.40500000000000003,-0.039581298828125,-0.039579949381687497,-1.3494464375027326e-06
0.40512500000000001,-0.03656005859375,-0.036548852898167075,-1.1205695582924835e-05
0.40525,-0.0279541015625,-0.027959326068951011,5.2245064510111905e-06
0.40537499999999999,-0.01513671875,-0.015123950558605895,-1.2768191394105233e-05
0.40550000000000003,0,-6.6037528510517299e-08,6.6037528510517299e-08
0.40562500000000001,0.015106201171875,0.015108713001731007,-2.5118298560070085e-06
0.40575,0.02789306640625,0.027903373034275678,-1.0306628025678194e-05
0.40587499999999999,0.03643798828125,0.036439326488989378,-1.3382077393778169e-06
0.40600000000000003,0.0394287109375,0.039421955833135972,6.7551043640284858e-06
0.40612500000000001,0.036407470703125,0.036402959518330592,4.5111847944076522e-06
0.40625,0.027862548828125,0.027847721938293536,1.482688983146449e-05
0.40637499999999999,0.01507568359375,0.01506358495336459,1.2098640385409948e-05
0.40649999999999997,0,7.4578802294545231e-08,-7.4578802294545231e-08
0.40662500000000001,-0.015045166015625,-0.015048390660859176,3.2246452341764403e-06
0.40675,-0.027801513671875,-0.02779197483474035,-9.5388371346497025e-06
0.40687499999999999,-0.036285400390625,-0.036293853100790953,8.4527101659528925e-06
0.40699999999999997,-0.039276123046875,-0.039264575988187285,-1.1547058687715051e-05
0.40712500000000001,-0.0362548828125,-0.036257631538097482,2.7487255974817382e-06
0.40725,-0.027740478515625,-0.027736546325126402,-3.932190498597693e-06
0.40737499999999999,-0.0150146484375,-0.01500344332258503,-1.1205114914970143e-05
0.40749999999999997,0,-6.6082543356566877e-08,6.6082543356566877e-08
0.40762500000000002,0.014984130859375,0.014988326128425994,-4.1952690509935303e-06
0.40775,0.027679443359375,0.027681038336774016,-1.5949773990164839e-06
0.40787499999999999,0.036163330078125,0.036148977440965548,1.4352637159452397e-05
0.40799999999999997,0.039093017578125,0.039107841401391903,-1.482382326690318e-05
0.40812500000000002,0.036102294921875,0.036112900704846573,-1.060578297157333e-05
0.40825,0.027618408203125,0.027625831523258145,-7.4233201331451448e-06
0.40837499999999999,0.01495361328125,0.014943558776618234,1.0054504631765854e-05
0.40849999999999997,0,7.4621208013063091e-08,-7.4621208013063091e-08
0.40862500000000002,-0.014923095703125,-0.014928484370816616,5.3886676916158061e-06
0.40875,-0.027557373046875,-0.027570527692838544,1.3154645963544404e-05
0.40887499999999999,-0.0360107421875,-0.036004663118960022,-6.0790685399783606e-06
0.40899999999999997,-0.0389404296875,-0.038951715492459266,1.1285804959265677e-05
0.40912500000000002,-0.035980224609375,-0.035968730630351012,-1.1493979023988188e-05
0.40925,-0.02752685546875,-0.027515541688705153,-1.1313780044847066e-05
0.40937499999999999,-0.014892578125,-0.014883896284751076,-8.6818402489242247e-06
0.40949999999999998,0,-6.6122368935729168e-08,6.6122368935729168e-08
0.40962500000000002,0.014862060546875,0.014868898503157925,-6.8379562829252311e-06
0.40975,0.0274658203125,0.027460475207365005,5.3451051349948098e-06
0.40987499999999999,0.035858154296875,0.035860941898365736,-2.7876014907363134e-06
0.40999999999999998,0.038787841796875,0.038796229836002477,-8.3880391274770982e-06
0.41012500000000002,0.03582763671875,0.035825153080515773,2.4836382342269259e-06
0.41025,0.02740478515625,0.027405709129457553,-9.2397320755263634e-07
0.41037499999999999,0.01483154296875,0.014824488964988267,7.054003761733374e-06
0.41049999999999998,0,7.4658477813950371e-08,-7.4658477813950371e-08
0.41062500000000002,-0.014801025390625,-0.014809533499501887,8.5081088768874935e-06
0.41075,-0.02734375,-0.027350845046959286,7.0950469592857834e-06
0.41087499999999999,-0.03570556640625,-0.035717777407100242,1.2211000850241571e-05
0.41099999999999998,-0.03863525390625,-0.038641347871713493,6.0939654634925566e-06
0.41112500000000002,-0.035675048828125,-0.035682131685561079,7.0828574360790042e-06
0.41125,-0.02728271484375,-0.027296298015647286,1.358317189728564e-05
0.41137499999999999,-0.0147705078125,-0.014765301794264387,-5.2060182356133272e-06
0.41149999999999998,0,-6.6157093925191822e-08,6.6157093925191822e-08
0.41162500000000002,0.014739990234375,0.014750422482603297,-1.0432248228296748e-05
0.41175,0.027252197265625,0.02724166953014626,1.0527735478740169e-05
0.41187499999999999,0.03558349609375,0.035575201427148553,8.2946666014466208e-06
0.41199999999999998,0.038482666015625,0.03848710119410817,-4.435178483169766e-06
0.41212500000000002,0.035552978515625,0.035539698229775478,1.3280285849522067e-05
0.41225000000000001,0.027191162109375,0.027187340669314355,3.8214400606452481e-06
0.41237499999999999,0.01470947265625,0.014706367898189049,3.1047580609511183e-06
0.41249999999999998,0,7.469068208242896e-08,-7.469068208242896e-08
0.41262500000000002,-0.014678955078125,-0.01469153043410356,1.257535597855991e-05
0.41275000000000001,-0.027130126953125,-0.027132912837563063,2.785884438062658e-06
0.41287499999999999,-0.035430908203125,-0.035433177604751724,2.2694016267241213e-06
0.41299999999999998,-0.038330078125,-0.038333453262701774,3.3751377017735007e-06
0.41312500000000002,-0.035400390625,-0.035397816361684334,-2.5742633156661254e-06
0.41325000000000001,-0.027069091796875,-0.027078801274603131,9.7094777281314659e-06
0.41337499999999999,-0.0146484375,-0.014647652261259241,-7.852387407594752e-07
0.41349999999999998,0,-6.6186801428845557e-08,6.6186801428845557e-08
0.41362500000000002,0.014617919921875,0.014632890484324704,-1.4970562449704433e-05
0.41375000000000001,0.02703857421875,0.027024607301703658,1.3966917046342314e-05
0.41387499999999999,0.0352783203125,0.035291737740150222,-1.3417427650222469e-05
0.41399999999999998,0.038177490234375,0.038180435691754326,-2.9454573793261107e-06
0.41412500000000002,0.035247802734375,0.03525651788380324,-8.7151494282400321e-06
0.41425000000000001,0.0269775390625,0.026970712167500799,6.826894999201194e-06
0.41437499999999999,0.01458740234375,0.014589188016641051,-1.7856728910508463e-06
0.41449999999999998,0,7.4717907875352092e-08,-7.4717907875352092e-08
0.41462500000000002,-0.01458740234375,-0.014574467622457246,-1.2934721292753859e-05
0.41475000000000001,-0.02691650390625,-0.026916717117124702,2.1321087470202449e-07
0.41487499999999999,-0.03515625,-0.035150845497757661,-5.4045022423385158e-06
0.41499999999999998,-0.03802490234375,-0.038028011960446438,3.1096166964381111e-06
0.41512500000000002,-0.035125732421875,-0.035115766462821864,-9.9659590531361864e-06
0.41525000000000001,-0.02685546875,-0.026863037546037069,7.5687960370690588e-06
0.41537499999999999,-0.0145263671875,-0.014530940156345654,4.5729688456543072e-06
0.41549999999999998,0,-6.6211560536816477e-08,6.6211560536816477e-08
0.41562500000000002,0.0145263671875,0.014516294986318059,1.0072201181940757e-05
0.41575000000000001,0.02679443359375,0.026809274630193326,-1.48410364433256e-05
0.41587499999999999,0.035003662109375,0.035010532695919458,-6.870586544457935e-06
0.41599999999999998,0.037872314453125,0.037876213702624978,-3.8992494999778859e-06
0.41612500000000002,0.03497314453125,0.034975593919342594,-2.4493880925943734e-06
0.41625000000000001,0.026763916015625,0.026755809760035245,8.1062555897550015e-06
0.416375,0.01446533203125,0.014472941821015318,-7.6097897653178148e-06
0.41649999999999998,0,7.4740223855802525e-08,-7.4740223855802525e-08
0.41662500000000002,-0.01446533203125,-0.014458337572574635,-6.9944586753648008e-06
0.41675000000000001,-0.026702880859375,-0.026702244049265553,-6.3681010944657834e-07
0.416875,-0.034881591796875,-0.0348707630170869,-1.0828779788099596e-05
0.41699999999999998,-0.0377197265625,-0.037725004416979228,5.2778544792284054e-06
0.41712500000000002,-0.034820556640625,-0.034835963938066358,1.540729744135827e-05
0.41725000000000001,-0.026641845703125,-0.026648993021311976,7.1473181869757818e-06
0.417375,-0.014404296875,-0.014415158010115644,1.086113511564353e-05
0.41749999999999998,0,-6.6231456815629617e-08,6.6231456815629617e-08
0.41762500000000002,0.014404296875,0.014400628526502915,3.6683484970854302e-06
0.41775000000000001,0.026580810546875,0.026595657734461996,-1.4847187586996408e-05
0.417875,0.03472900390625,0.034731568297561181,-2.5643913111814132e-06
0.41799999999999998,0.037567138671875,0.037574415756786834,-7.277084911834486e-06
0.41812500000000002,0.034698486328125,0.034696908357538268,1.5779705867316474e-06
0.41825000000000001,0.02655029296875,0.026542619693416369,7.6732753336306025e-06
0.418375,0.01434326171875,0.014357621871721401,-1.4360152971400891e-05
0.41849999999999998,0,7.4757710835512486e-08,-7.4757710835512486e-08
0.41862500000000002,-0.01434326171875,-0.014343132852175821,-1.2886657417901515e-07
0.41875000000000001,-0.0264892578125,-0.026489479907846357,2.2209534635692085e-07
0.418875,-0.03460693359375,-0.034592912237682648,-1.4021356067352164e-05
0.41899999999999998,-0.03741455078125,-0.037424411240090286,9.8604588402856352e-06
0.41912500000000003,-0.0345458984375,-0.034558390880333578,1.2492442833578199e-05
0.41925000000000001,-0.02642822265625,-0.026436654001827011,8.4313455770111678e-06
0.419375,-0.014312744140625,-0.014300298412693133,-1.2445727931867379e-05
0.41949999999999998,0,-6.6246557661044317e-08,6.6246557661044317e-08
0.41962500000000003,0.0142822265625,0.014285883702257092,-3.6571397570919761e-06
0.41975000000000001,0.026397705078125,0.026383742943174023,1.3962134950976784e-05
0.419875,0.034454345703125,0.034454826691573355,-4.8098844835503529e-07
0.41999999999999998,0.037261962890625,0.037275022539443169,-1.3059648818168623e-05
0.42012500000000003,0.034423828125,0.034420443362797114,3.384762202886249e-06
0.42025000000000001,0.026336669921875,0.026331128323718544,5.54159815645619e-06
0.420375,0.014251708984375,0.014243220788459202,8.4881959157984133e-06
0.42049999999999998,0,7.4770448581906008e-08,-7.4770448581906008e-08
0.42062500000000003,-0.01422119140625,-0.014228846088185842,7.6546819358421642e-06
0.42075000000000001,-0.026275634765625,-0.026278411076098129,2.7763104731293176e-06
0.420875,-0.034332275390625,-0.034317275377320107,-1.5000013304893034e-05
0.42099999999999999,-0.037139892578125,-0.037126213192086983,-1.3679386038016605e-05
0.42112500000000003,-0.034271240234375,-0.034283029525227889,1.1789290852888545e-05
0.42125000000000001,-0.026214599609375,-0.026226006898131621,1.1407288756620781e-05
0.421375,-0.014190673828125,-0.014186354013227973,-4.3198148970274852e-06
0.42149999999999999,0,-6.6256942476130293e-08,6.6256942476130293e-08
0.42162500000000003,0.01416015625,0.014172053169954617,-1.189691995461678e-05
0.42175000000000001,0.02618408203125,0.026173516693915246,1.0565337334754454e-05
0.421875,0.0341796875,0.034180290166717357,-6.0266671735725863e-07
0.42199999999999999,0.0369873046875,0.036978014889697722,9.2897978022782324e-06
0.42212499999999997,0.034149169921875,0.034146181241636722,2.9886802382778077e-06
0.42225000000000001,0.026123046875,0.026121322115739871,1.72475926012855e-06
0.422375,0.014129638671875,0.01412973124973454,-9.2577859539880181e-08
0.42249999999999999,0,7.4778503243883266e-08,-7.4778503243883266e-08
0.42262499999999997,-0.014129638671875,-0.014115469966286648,-1.4168705588351801e-05
0.42275000000000001,-0.02606201171875,-0.026069024045759583,7.0123270095832912e-06
0.422875,-0.0340576171875,-0.034043834795457001,-1.3782392042999136e-05
0.42299999999999999,-0.036834716796875,-0.036830391188562871,-4.3256083121293032e-06
0.42312499999999997,-0.03399658203125,-0.034009862249901962,1.328021865196205e-05
0.42325000000000002,-0.026031494140625,-0.026017038229046947,-1.4455911578052649e-05
0.423375,-0.014068603515625,-0.014073317519457007,4.714003832007041e-06
0.42349999999999999,0,-6.6262689635649244e-08,6.6262689635649244e-08
0.42362499999999997,0.014068603515625,0.014059129644464378,9.4738711606222326e-06
0.42375000000000002,0.025970458984375,0.025964965532349091,5.4934520259085351e-06
0.423875,0.033905029296875,0.033907941152873128,-2.9118559981278214e-06
0.42399999999999999,0.03668212890625,0.0366833737993284,-1.2448930784003664e-06
0.42412499999999997,0.03387451171875,0.033874104441551596,4.0727719840399912e-07
0.42425000000000002,0.025909423828125,0.025913187642126797,-3.7638140017969002e-06
0.424375,0.014007568359375,0.014017145992379068,-9.5776330040677621e-06
0.42449999999999999,0,7.4781957000042779e-08,-7.4781957000042779e-08
0.42462499999999997,-0.014007568359375,-0.01400299723045254,-4.5711289224596025e-06
0.42475000000000002,-0.025848388671875,-0.025861305416191679,1.291674431667944e-05
0.424875,-0.033782958984375,-0.033772572992117597,-1.0385992257402887e-05
0.42499999999999999,-0.036529541015625,-0.036536926297176114,7.3852815511143977e-06
0.42512499999999998,-0.03375244140625,-0.0337388715719193,-1.3569834330699748e-05
0.42525000000000002,-0.02581787109375,-0.025809734620823952,-8.136472926047883e-06
0.425375,-0.013946533203125,-0.01396118169720611,1.4648494081110144e-05
0.42549999999999999,0,-6.6263864061798544e-08,6.6263864061798544e-08
0.42562499999999998,0.013946533203125,0.013947105898726747,-5.7269560174710854e-07
0.42575000000000002,0.0257568359375,0.025758076111334512,-1.2401738345123314e-06
0.425875,0.03363037109375,0.033637762219919605,-7.3911261696049668e-06
0.42599999999999999,0.036376953125,0.036391080411570798,-1.4127286570797537e-05
0.42612499999999998,0.033599853515625,0.033604195549902655,-4.3420342776545606e-06
0.42625000000000002,0.02569580078125,0.025706711582505967,-1.0910801255967217e-05
0.426375,0.013916015625,0.013905457811112588,1.0557813887411907e-05
0.42649999999999999,0,7.478087436810684e-08,-7.478087436810684e-08
0.42662499999999998,-0.013885498046875,-0.013891420682454825,5.9226355798251001e-06
0.42675000000000002,-0.025665283203125,-0.02565524189354379,-1.0041309581210189e-05
0.426875,-0.03350830078125,-0.033503472606761432,-4.8281744885678157e-06
0.42699999999999999,-0.0362548828125,-0.036245799736437989,-9.0830760620108641e-06
0.42712499999999998,-0.033477783203125,-0.033470040148148361,-7.7430549766388523e-06
0.42725000000000002,-0.025604248046875,-0.025604082806263737,-1.652406112634397e-07
0.427375,-0.01385498046875,-0.013849939369954441,-5.0410987955593067e-06
0.42749999999999999,0,-6.6260546518756217e-08,6.6260546518756217e-08
0.42762499999999998,0.013824462890625,0.01383597476325598,-1.1511872630980136e-05
0.42775000000000002,0.025543212890625,0.025552835190080878,-9.6222994558775587e-06
0.42787500000000001,0.033355712890625,0.033369736076623968,-1.4023185998968124e-05
0.42799999999999999,0.036102294921875,0.03610111601991136,1.1789019636401776e-06
0.42812499999999998,0.0333251953125,0.033336437292793127,-1.1241980293126563e-05
0.42825000000000002,0.0255126953125,0.025501880722652422,1.0814589847578382e-05
0.42837500000000001,0.0137939453125,0.013794659558051056,-7.1424555105580045e-07
0.42849999999999999,0,7.4775331549674463e-08,-7.4775331549674463e-08
0.42862499999999998,-0.0137939453125,-0.013780733181424589,-1.3212131075411235e-05
0.42875000000000002,-0.02545166015625,-0.025450820289879283,-8.3986637071722936e-07
0.42887500000000001,-0.033233642578125,-0.033236516417177099,2.873839052099092e-06
0.42899999999999999,-0.03594970703125,-0.035956992874510811,7.285843260811109e-06
0.42912499999999998,-0.033203125,-0.03320335077365083,2.2577365083042977e-07
0.42925000000000002,-0.025390625,-0.025400069623889163,9.4446238891633671e-06
0.42937500000000001,-0.01373291015625,-0.013739583418363363,6.6732621133627074e-06
0.42949999999999999,0,-6.6252800323945587e-08,6.6252800323945587e-08
0.42962499999999998,0.01373291015625,0.013725729125689349,7.181030560651433e-06
0.42975000000000002,0.025360107421875,0.025349229633309201,1.0877788565798879e-05
0.42987500000000001,0.033111572265625,0.033103845569523851,7.7266961011485114e-06
0.42999999999999999,0.03582763671875,0.035813462066890164,1.4174651859835685e-05
0.43012499999999998,0.0330810546875,0.033070812533959965,1.0242153540035437e-05
0.43025000000000002,0.025299072265625,0.025298681953620398,3.90312004602128e-07
0.43037500000000001,0.013671875,0.013684744142276006,-1.2869142276005635e-05
0.43049999999999999,0,7.4765403754469757e-08,-7.4765403754469757e-08
0.43062499999999998,-0.013671875,-0.013670927643403023,-9.4735659697704755e-07
0.43075000000000002,-0.025238037109375,-0.025248027522354933,9.9904129799328889e-06
0.43087500000000001,-0.032958984375,-0.032971687338384702,1.2702963384701726e-05
0.43099999999999999,-0.035675048828125,-0.035670487228015524,-4.5616001094761494e-06
0.43112499999999998,-0.032928466796875,-0.032938786380571072,1.0319583696072332e-05
0.43125000000000002,-0.02520751953125,-0.025197682017093576,-9.8375141564244206e-06
0.43137500000000001,-0.013641357421875,-0.013630106779809631,-1.1250642065368729e-05
0.43149999999999999,0,-6.6240700342731369e-08,6.6240700342731369e-08
0.43162499999999998,0.01361083984375,0.013616361930335847,-5.5220865858469914e-06
0.43175000000000002,0.025146484375,0.025147246410391136,-7.6203539113584018e-07
0.43187500000000001,0.0328369140625,0.032840073681842177,-3.1596193421773444e-06
0.432,0.0355224609375,0.035528100142913292,-5.6392054132922698e-06
0.43212499999999998,0.032806396484375,0.032807304273688151,-9.077893131509418e-07
0.43225000000000002,0.02508544921875,0.025097102270924813,-1.1653052174813439e-05
0.43237500000000001,0.013580322265625,0.013575704529369115,4.6177362558845469e-06
0.4325,0,7.4751153119072124e-08,-7.4751153119072124e-08
0.43262499999999998,-0.0135498046875,-0.013561997040861553,1.2192353361552971e-05
0.43275000000000002,-0.025054931640625,-0.025046850612363253,-8.0810282617471696e-06
0.43287500000000001,-0.03271484375,-0.032708968421531523,-5.8753284684770479e-06
0.433,-0.035400390625,-0.035386264460848797,-1.4126164151202769e-05
0.43312499999999998,-0.032684326171875,-0.03267633003705487,-7.9961348201304516e-06
0.43325000000000002,-0.024993896484375,-0.024996907033296677,3.0105489216766812e-06
0.43337500000000001,-0.013519287109375,-0.01352150244795979,2.215338584790269e-06
0.4335,0,-6.6224320463839273e-08,6.6224320463839273e-08
0.43362499999999998,0.013519287109375,0.013507866177735734,1.1420931639265566e-05
0.43375000000000002,0.024932861328125,0.024946872594538164,-1.4011266413163637e-05
0.43387500000000001,0.0325927734375,0.032578403532387147,1.436990511285291e-05
0.434,0.035247802734375,0.035245011985074626,2.7907493003742623e-06
0.43412499999999998,0.03253173828125,0.032545895647710231,-1.4157366460230969e-05
0.43425000000000002,0.02490234375,0.024897128773700171,5.2149762998290883e-06
0.43437500000000001,0.013458251953125,0.013467533740950919,-9.2817878259189579e-06
0.4345,0,7.4732657192535391e-08,-7.4732657192535391e-08
0.43462499999999998,-0.013458251953125,-0.013453934402282231,-4.3175508427691772e-06
0.43475000000000003,-0.02484130859375,-0.024847276684710651,5.9680909606507626e-06
0.43487500000000001,-0.032440185546875,-0.032448342852819674,8.1573059446740648e-06
0.435,-0.03509521484375,-0.035104306383009522,9.0915392595217193e-06
0.43512499999999998,-0.03240966796875,-0.032415964946161009,6.2969774110091525e-06
0.43525000000000003,-0.024810791015625,-0.024797731823135639,-1.3059192489360549e-05
0.43537500000000001,-0.013427734375,-0.013413763472291748,-1.39709027082522e-05
0.4355,0,-6.6203721662166586e-08,6.6203721662166586e-08
0.43562499999999998,0.013397216796875,0.013400234924186403,-3.0181273114032042e-06
0.43575000000000003,0.024749755859375,0.024748095361954148,1.6604974208515866e-06
0.43587500000000001,0.032318115234375,0.032318818374476567,-7.0314010156696805e-07
0.436,0.03497314453125,0.034964179475987033,8.9650552629674807e-06
0.43612499999999998,0.03228759765625,0.032286569926137869,1.0277301121311422e-06
0.43625000000000003,0.024688720703125,0.024698748663866468,-1.0027960741468278e-05
0.43637500000000001,0.01336669921875,0.013360224854260333,6.4743644896669839e-06
0.4365,0,7.4709976566736819e-08,-7.4709976566736819e-08
0.43662499999999999,-0.013336181640625,-0.013346732811685288,1.0551171060288467e-05
0.43675000000000003,-0.024658203125,-0.024649292966801874,-8.9101581981256006e-06
0.43687500000000001,-0.032196044921875,-0.032189793952417785,-6.2509694572152052e-06
0.437,-0.034820556640625,-0.034824594949434663,4.0383088096632158e-06
0.43712499999999999,-0.03216552734375,-0.032157674444781764,-7.8528989682358219e-06
0.43725000000000003,-0.02459716796875,-0.024600143639619963,2.97567086996256e-06
0.43737500000000001,-0.0133056640625,-0.013306882957676101,1.2188951761006594e-06
0.4375,0,-6.6178980144592912e-08,6.6178980144592912e-08
0.43762499999999999,0.0133056640625,0.013293461281327744,1.2202781172256441e-05
0.43774999999999997,0.0245361328125,0.024550901991020533,-1.4769178520532972e-05
0.43787500000000001,0.032073974609375,0.032061301594870605,1.2673014504395452e-05
0.438,0.034698486328125,0.034685584642622849,1.2901685502150761e-05
0.43812499999999999,0.03204345703125,0.03202931051238652,1.4146518863479562e-05
0.43824999999999997,0.024505615234375,0.024501949245332801,3.6659890421987529e-06
0.43837500000000001,0.01324462890625,0.013253771001681907,-9.1420954319073461e-06
0.4385,0,7.4683183070427424e-08,-7.4683183070427424e-08
0.43862499999999999,-0.01324462890625,-0.013240385408197912,-4.2434980520884152e-06
0.43874999999999997,-0.024444580078125,-0.024452886787799961,8.3067096749607494e-06
0.43887500000000002,-0.03192138671875,-0.031933305173405646,1.1918454655646116e-05
0.439,-0.0345458984375,-0.034547112258844388,1.213821344388244e-06
0.43912499999999999,-0.031890869140625,-0.031901442002587127,1.0572861962127034e-05
0.43924999999999997,-0.0244140625,-0.024404129837341058,-9.9326626589422984e-06
0.43937500000000002,-0.013214111328125,-0.013200854063923561,-1.3257264201439398e-05
0.4395,0,-6.6150155366413284e-08,6.6150155366413284e-08
0.43962499999999999,0.01318359375,0.01318753841567538,-3.9446656753799186e-06
0.43974999999999997,0.02435302734375,0.024355279861498901,-2.2525177489005066e-06
0.43987500000000002,0.03179931640625,0.031805836712697919,-6.5203064479185668e-06
0.44,0.034423828125,0.034409209655163669,1.4618469836330528e-05
0.44012499999999999,0.031768798828125,0.031774100942108682,-5.3021139836822995e-06
0.44024999999999997,0.0242919921875,0.02430671792315383,-1.4725735653829675e-05
0.44037500000000002,0.013153076171875,0.013148165370332142,4.9108015428584589e-06
0.4405,0,7.4652347590410486e-08,-7.4652347590410486e-08
0.44062499999999999,-0.01312255859375,-0.013134885385625916,1.2326791875915538e-05
0.44074999999999998,-0.024261474609375,-0.024258045577846221,-3.4290315287788253e-06
0.44087500000000002,-0.03167724609375,-0.031678860100704642,1.6140069546421998e-06
0.441,-0.034271240234375,-0.034271840552596418,6.0031822141787261e-07
0.44112499999999999,-0.031646728515625,-0.031647251220954797,5.2270532979736828e-07
0.44124999999999998,-0.024200439453125,-0.024209677871629413,9.2384185044133704e-06
0.44137500000000002,-0.013092041015625,-0.013095670005336381,3.62898971138087e-06
0.4415,0,-6.6117321777531679e-08,6.6117321777531679e-08
0.44162499999999999,0.013092041015625,0.013082459548194538,9.5814674304622177e-06
0.44174999999999998,0.024169921875,0.02416121645370075,8.7054212992501712e-06
0.44187500000000002,0.03155517578125,0.031552407378412993,2.7684028370070224e-06
0.442,0.034149169921875,0.034135036825859201,1.4133096015798985e-05
0.44212499999999999,0.031524658203125,0.031520924882150851,3.7333209741488571e-06
0.44224999999999998,0.02410888671875,0.024113042202749065,-4.1554839990652626e-06
0.44237500000000002,0.013031005859375,0.013043401201612324,-1.2395342237323664e-05
0.4425,0,7.4617528463892438e-08,-7.4617528463892438e-08
0.44262499999999999,-0.013031005859375,-0.013030225991992701,-7.798673822990293e-07
0.44274999999999998,-0.024078369140625,-0.024064756867230502,-1.3612273394497665e-05
0.44287500000000002,-0.03143310546875,-0.031426442450031754,-6.6630187182462053e-06
0.443,-0.03399658203125,-0.033998762213549465,2.1801822994646503e-06
0.44312499999999999,-0.031402587890625,-0.031395085831931215,-7.5020586937854516e-06
0.44324999999999998,-0.024017333984375,-0.024016775297790727,-5.5868658427327134e-07
0.44337500000000002,-0.01300048828125,-0.012991324050299518,-9.1642309504817027e-06
0.44350000000000001,0,-6.6080537346518964e-08,6.6080537346518964e-08
0.44362499999999999,0.012969970703125,0.01297821795387687,-8.2472507518700777e-06
0.44374999999999998,0.023956298828125,0.023968699347689294,-1.2400519564293583e-05
0.44387500000000002,0.03131103515625,0.031300997372739246,1.0037783510753739e-05
0.44400000000000001,0.03387451171875,0.03386304860789531,1.1463110854689762e-05
0.44412499999999999,0.031280517578125,0.03126976612949614,1.0751448628859572e-05
0.44424999999999998,0.02392578125,0.023920909689097481,4.8715609025189177e-06
0.44437500000000002,0.012939453125,0.012939471790765315,-1.8665765315339922e-08
0.44450000000000001,0,7.4578798847088432e-08,-7.4578798847088432e-08
0.44462499999999999,-0.012939453125,-0.012926400529136088,-1.305259586391154e-05
0.44474999999999998,-0.02386474609375,-0.023873008285598865,8.2621918488651191e-06
0.44487500000000002,-0.03118896484375,-0.031176036066861836,-1.2928776888163768e-05
0.44500000000000001,-0.033721923828125,-0.033727859764935794,5.9359368107941846e-06
0.44512499999999999,-0.031158447265625,-0.031144929697185852,-1.3517568439147531e-05
0.44524999999999998,-0.023834228515625,-0.023825409770276182,-8.8187453488181022e-06
0.44537500000000002,-0.01287841796875,-0.012887809520820907,9.3915520709073053e-06
0.44550000000000001,0,-6.6039870976126201e-08,6.6039870976126201e-08
0.44562499999999999,0.01287841796875,0.012874806961284888,3.611007465112448e-06
0.44574999999999998,0.023773193359375,0.02377771622250105,-4.5228631260496588e-06
0.44587500000000002,0.031036376953125,0.031051590605635542,-1.5213652510542158e-05
0.44600000000000001,0.033599853515625,0.033593227594271011,6.6259213539893169e-06
0.44612499999999999,0.031005859375,0.031020608610239243,-1.4749235239242681e-05
0.44624999999999998,0.02374267578125,0.023730308085941416,1.2367695308584253e-05
0.44637500000000002,0.012847900390625,0.012836370486471549,1.1529904153451467e-05
0.44650000000000001,0,7.4536215614704925e-08,-7.4536215614704925e-08
0.44662499999999999,-0.0128173828125,-0.012823402352254432,6.0195397544315909e-06
0.44674999999999998,-0.023681640625,-0.023682787561164723,1.1469361647226117e-06
0.44687500000000002,-0.030914306640625,-0.030927624925383302,1.3318284758302018e-05
0.44700000000000001,-0.033447265625,-0.033459115869242669,1.1850244242668506e-05
0.44712499999999999,-0.0308837890625,-0.03089676680697407,1.2977744474070019e-05
0.44724999999999998,-0.02362060546875,-0.0236355690419171,1.4963573167100369e-05
0.44737500000000002,-0.012786865234375,-0.012785119792129233,-1.7454422457669622e-06
0.44750000000000001,0,-6.5995390660676608e-08,6.5995390660676608e-08
0.447625,0.012786865234375,0.012772219952153614,1.464528222138578e-05
0.44774999999999998,0.023590087890625,0.023588254855338078,1.8330352869223854e-06
0.44787500000000002,0.030792236328125,0.030804171115270847,-1.193478714584667e-05
0.44800000000000001,0.0333251953125,0.033325556516684451,-3.6120418445140245e-07
0.448125,0.03076171875,0.030773436378545897,-1.1717628545897252e-05
0.44824999999999998,0.023529052734375,0.023541225194991609,-1.2172460616608621e-05
0.44837500000000002,0.012725830078125,0.012734090690394835,-8.2606122698350437e-06
0.44850000000000001,0,7.4489846448410055e-08,-7.4489846448410055e-08
0.448625,-0.012725830078125,-0.012721224869492244,-4.605208632756444e-06
0.44874999999999998,-0.02349853515625,-0.023494082519931431,-4.4526363185692919e-06
0.44887500000000002,-0.030670166015625,-0.030681193127484335,1.1027111859334554e-05
0.44900000000000001,-0.033203125,-0.033192513327102824,-1.0611672897176128e-05
0.449125,-0.0306396484375,-0.030650581279122714,1.0932841622714184e-05
0.44924999999999998,-0.0234375,-0.023447240963119353,9.740963119352769e-06
0.44937500000000002,-0.0126953125,-0.01268324829223908,-1.2064207760920445e-05
0.44950000000000001,0,-6.5947152198859947e-08,6.5947152198859947e-08
0.449625,0.012664794921875,0.012670450360942108,-5.6554390671075677e-06
0.44974999999999998,0.023406982421875,0.023400303120794035,6.6793010809647335e-06
0.44987500000000002,0.030548095703125,0.030558723066992359,-1.0627363867359019e-05
0.45000000000000001,0.033050537109375,0.033060018244427732,-9.4811350527315708e-06
0.450125,0.030517578125,0.030528233615642664,-1.065549064266369e-05
0.45024999999999998,0.023345947265625,0.023353648915165434,-7.7016495404341745e-06
0.45037500000000003,0.01263427734375,0.012632625856788374,1.65148696162562e-06
0.45050000000000001,0,7.4439758135460916e-08,-7.4439758135460916e-08
0.450625,-0.01263427734375,-0.012619861541528714,-1.4415802221286189e-05
0.45074999999999998,-0.0233154296875,-0.023306881084894322,-8.5486026056777464e-06
0.45087500000000003,-0.030426025390625,-0.030436724901725134,1.0699511100133868e-05
0.45100000000000001,-0.032928466796875,-0.032928035076193671,-4.3172068132923958e-07
0.451125,-0.0303955078125,-0.030406357358002019,1.0849545502018831e-05
0.45124999999999998,-0.02325439453125,-0.023260413481104757,6.0189498547573439e-06
0.45137500000000003,-0.0125732421875,-0.012582188501519985,8.9463140199846219e-06
0.45150000000000001,0,-6.5895225806593693e-08,6.5895225806593693e-08
0.451625,0.0125732421875,0.012569491674424031,3.7505130759691446e-06
0.45174999999999998,0.023223876953125,0.023213848990086113,1.0027963038887477e-05
0.45187500000000003,0.030303955078125,0.030315230752323827,-1.1275674198826802e-05
0.45200000000000001,0.032806396484375,0.032796595783290597,9.8007010844031184e-06
0.452125,0.0302734375,0.030284984628800075,-1.1547128800075412e-05
0.45224999999999999,0.023162841796875,0.023167567241790924,-4.7254449159241096e-06
0.45237500000000003,0.012542724609375,0.012531969492047759,1.0755117327241118e-05
0.45250000000000001,0,7.4386005416108052e-08,-7.4386005416108052e-08
0.452625,-0.01251220703125,-0.012519305881134734,7.0988498847342901e-06
0.45274999999999999,-0.02313232421875,-0.023121171275289232,-1.1152943460768228e-05
0.45287500000000003,-0.030181884765625,-0.030194204602332984,1.2319836707984366e-05
0.45300000000000001,-0.03265380859375,-0.032665664190145348,1.1855596395347889e-05
0.453125,-0.0301513671875,-0.030164079413527445,1.2712226027444817e-05
0.45324999999999999,-0.0230712890625,-0.023075074639131523,3.7855766315229855e-06
0.45337499999999997,-0.012481689453125,-0.012481933952307008,2.4449918200816767e-07
0.45350000000000001,0,-6.5839665875174864e-08,6.5839665875174864e-08
0.453625,0.012481689453125,0.012469337431281081,1.2352021843919231e-05
0.45374999999999999,0.023040771484375,0.023028880530266489,1.1890954108511459e-05
0.45387499999999997,0.030059814453125,0.030073678587947218,-1.386413482221821e-05
0.45400000000000001,0.03253173828125,0.032535272274472775,-3.5339932227748672e-06
0.454125,0.030029296875,0.030043673850324089,-1.4376975324088825e-05
0.45424999999999999,0.022979736328125,0.022982968265859865,-3.2319377348648259e-06
0.45437499999999997,0.012420654296875,0.012432115154326661,-1.1460857451661352e-05
0.45450000000000002,0,7.4328657278989164e-08,-7.4328657278989164e-08
0.454625,-0.012420654296875,-0.012419551452785513,-1.1028440894868957e-06
0.45474999999999999,-0.02294921875,-0.022936941205807044,-1.2277544192956097e-05
0.45487499999999997,-0.02996826171875,-0.029953616708202364,-1.4645010547636311e-05
0.45500000000000002,-0.03240966796875,-0.03240538387745745,-4.2840912925501407e-06
0.455125,-0.029937744140625,-0.02992373194015497,-1.4012200470030212e-05
0.45524999999999999,-0.02288818359375,-0.022891212575721197,3.0289819711974697e-06
0.45537499999999997,-0.01239013671875,-0.012382478228448731,-7.6584903012689998e-06
0.45550000000000002,0,-6.5780537311742125e-08,6.5780537311742125e-08
0.455625,0.012359619140625,0.012369981221665282,-1.0362081040281995e-05
0.45574999999999999,0.022857666015625,0.022845385903479891,1.2280112145109101e-05
0.45587499999999997,0.02984619140625,0.029834051114722513,1.2140291527486941e-05
0.45600000000000002,0.03228759765625,0.032276030993505074,1.156666274492596e-05
0.456125,0.029815673828125,0.029804285836569765,1.1387991555235344e-05
0.45624999999999999,0.022796630859375,0.0227998401732444,-3.2093138693997658e-06
0.45637499999999998,0.0123291015625,0.012333056453083264,-3.9548905832638426e-06
0.45650000000000002,0,7.426776707998539e-08,-7.426776707998539e-08
0.456625,-0.0123291015625,-0.012320591872224521,-8.5096902754794312e-06
0.45674999999999999,-0.02276611328125,-0.022754179085841125,-1.1934195408874748e-05
0.45687499999999998,-0.02972412109375,-0.029714945821904346,-9.1752718456537818e-06
0.45700000000000002,-0.032135009765625,-0.032147177480424408,1.2167714799407592e-05
0.457125,-0.029693603515625,-0.029685299555884517,-8.3039597404827026e-06
0.45724999999999999,-0.022705078125,-0.022708815523917989,3.7373989179891043e-06
0.45737499999999998,-0.012298583984375,-0.012283814964927808,-1.4769019447191667e-05
0.45750000000000002,0,-6.5717904160935865e-08,6.5717904160935865e-08
0.457625,0.01226806640625,0.012271416686816262,-3.3502805662621177e-06
0.45774999999999999,0.022674560546875,0.022663353366187491,1.1207180687509283e-05
0.45787499999999998,0.02960205078125,0.029596332996678503,5.7177845714968811e-06
0.45800000000000002,0.032012939453125,0.03201885534917899,-5.9158960539901218e-06
0.458125,0.029571533203125,0.029566805266941498,4.7279361835017575e-06
0.45824999999999999,0.022613525390625,0.022618171243959432,-4.6458533344319319e-06
0.45837499999999998,0.012237548828125,0.012234787048719229,2.7617794057712558e-06
0.45850000000000002,0,7.4203398568465616e-08,-7.4203398568465616e-08
0.458625,-0.012237548828125,-0.012222420806065334,-1.5128022059666263e-05
0.45874999999999999,-0.0225830078125,-0.022572873218740453,-1.0134593759546923e-05
0.45887499999999998,-0.02947998046875,-0.029478176668688509,-1.80380006149089e-06
0.45900000000000002,-0.031890869140625,-0.031891028474069341,1.593334443411587e-07
0.45912500000000001,-0.029449462890625,-0.029448767001285455,-6.9588933954492505e-07
0.45924999999999999,-0.02252197265625,-0.022527871810514726,5.8991542647261752e-06
0.45937499999999998,-0.012176513671875,-0.012185937847446517,9.4241755715165909e-06
0.45950000000000002,0,-6.5651818760183972e-08,6.5651818760183972e-08
0.45962500000000001,0.012176513671875,0.012173637518626998,2.8761532480017088e-06
0.45974999999999999,0.022491455078125,0.022482771268423313,8.6838097016865567e-06
0.45987499999999998,0.02935791015625,0.029360509020048171,-2.5988637981713691e-06
0.46000000000000002,0.031768798828125,0.03176372888248491,5.0699456400904452e-06
0.46012500000000001,0.029327392578125,0.029331216942922435,-3.8243647974348094e-06
0.46024999999999999,0.022430419921875,0.022437949851404539,-7.5299295295393198e-06
0.46037499999999998,0.01214599609375,0.012137300652133058,8.6954416169422039e-06
0.46050000000000002,0,7.4135614644644442e-08,-7.4135614644644442e-08
0.46062500000000001,-0.012115478515625,-0.012125031971396322,9.5534557713224111e-06
0.46074999999999999,-0.02239990234375,-0.022393012001042861,-6.8903427071394241e-06
0.46087499999999998,-0.02923583984375,-0.029243294095520841,7.4542517708407752e-06
0.46100000000000002,-0.031646728515625,-0.031636920465086558,-9.8080505384415262e-06
0.46112500000000001,-0.029205322265625,-0.02921411913850875,8.7968728837498067e-06
0.46124999999999999,-0.0223388671875,-0.022348369855324041,9.5026678240406337e-06
0.46137499999999998,-0.0120849609375,-0.012088840612019191,3.8796745191905374e-06
0.46150000000000002,0,-6.5582347308986236e-08,6.5582347308986236e-08
0.46162500000000001,0.0120849609375,0.012076637459267181,8.3234782328189816e-06
0.46174999999999999,0.022308349609375,0.022303628053056263,4.7215563187368026e-06
0.46187499999999998,0.02911376953125,0.029126564092282523,-1.2794561032522522e-05
0.46200000000000002,0.031524658203125,0.031510635265558751,1.4022937566249283e-05
0.46212500000000001,0.029083251953125,0.029097505787097515,-1.425383397251484e-05
0.46224999999999999,0.022247314453125,0.022259164461612319,-1.1850008487319236e-05
0.46237499999999998,0.012054443359375,0.012040591024344705,1.3852335030295135e-05
0.46250000000000002,0,7.4064466644201449e-08,-7.4064466644201449e-08
0.46262500000000001,-0.01202392578125,-0.012028419135355002,4.4933541050017761e-06
0.46274999999999999,-0.022216796875,-0.022214583921753094,-2.2129532469064572e-06
0.46287499999999998,-0.029022216796875,-0.029010283070102772,-1.1933726772227898e-05
0.46300000000000002,-0.0313720703125,-0.031384837190792332,1.2766878292332084e-05
0.46312500000000001,-0.02899169921875,-0.028981340950327929,-1.0358268422071271e-05
0.46325,-0.02215576171875,-0.022170298170429328,1.4536451679328377e-05
0.46337499999999998,-0.011993408203125,-0.011992517044561474,-8.911585635262842e-07
0.46350000000000002,0,-6.5509540812773688e-08,6.5509540812773688e-08
0.46362500000000001,0.011993408203125,0.011980410300759144,1.2997902365856351e-05
0.46375,0.022125244140625,0.022125912255032548,-6.6811440754821483e-07
0.46387499999999998,0.028900146484375,0.028894483241095673,5.6632432793267407e-06
0.46400000000000002,0.03125,0.031259558300636973,-9.558300636973438e-06
0.46412500000000001,0.02886962890625,0.028865656842184412,3.9720640655875605e-06
0.46425,0.0220947265625,0.02208180363252811,1.2922929971889707e-05
0.46437499999999998,0.011932373046875,0.011944651976086065,-1.2278929211064979e-05
0.46450000000000002,0,7.3990019602546435e-08,-7.3990019602546435e-08
0.46462500000000001,-0.011932373046875,-0.011932576114755886,2.0306788088564343e-07
0.46475,-0.02203369140625,-0.022037577561588115,3.8861553381154545e-06
0.46487499999999998,-0.028778076171875,-0.028779128679913335,1.0525080383350094e-06
0.46500000000000002,-0.0311279296875,-0.031134762518084159,6.8328305841587611e-06
0.46512500000000001,-0.02874755859375,-0.028750417539173768,2.8589454237684664e-06
0.46525,-0.022003173828125,-0.02199364535944209,-9.5284686829101573e-06
0.46537499999999998,-0.01190185546875,-0.011896960980515866,-4.8944882341337564e-06
0.46550000000000002,0,-6.5433460390476301e-08,6.5433460390476301e-08
0.46562500000000001,0.011871337890625,0.011884949884590743,-1.3611993965743224e-05
0.46575,0.021942138671875,0.021949612500662283,-7.4738287872827547e-06
0.46587499999999998,0.028656005859375,0.02866425161349705,-8.245754122050003e-06
0.46600000000000003,0.031005859375,0.031010481919019953,-4.6225440199533507e-06
0.46612500000000001,0.02862548828125,0.028635655270085939,-1.0166988835939167e-05
0.46625,0.02191162109375,0.021905856013257358,5.7650804926416555e-06
0.46637499999999998,0.0118408203125,0.011849477367395099,-8.6570548950993392e-06
0.46650000000000003,0,7.3912323545241687e-08,-7.3912323545241687e-08
0.46662500000000001,-0.0118408203125,-0.011837496775671464,-3.3235368285360056e-06
0.46675,-0.0218505859375,-0.021861981592254085,1.1395654754085133e-05
0.46687499999999998,-0.028564453125,-0.028549816131258812,-1.4636993741188459e-05
0.46700000000000003,-0.0308837890625,-0.030886680442408221,2.8913799082208591e-06
0.46712500000000001,-0.028533935546875,-0.028521334126176873,-1.2601420698126614e-05
0.46725,-0.021820068359375,-0.021818400116790173,-1.6682425848270344e-06
0.46737499999999998,-0.011810302734375,-0.011802166304430777,-8.1364299442231863e-06
0.46750000000000003,0,-6.5354166342250158e-08,6.5354166342250158e-08
0.46762500000000001,0.01177978515625,0.011790250101330939,-1.0464945080938814e-05
0.46775,0.02178955078125,0.021774717506871415,1.4833274378584643e-05
0.46787499999999999,0.0284423828125,0.028435854474844938,6.5283376550623329e-06
0.46800000000000003,0.03076171875,0.03076339018004362,-1.6714300436204699e-06
0.46812500000000001,0.028411865234375,0.028407486350929448,4.3788834455521508e-06
0.46825,0.021728515625,0.021731310343356923,-2.794718356922965e-06
0.46837499999999999,0.011749267578125,0.011755061107245867,-5.7935291208673773e-06
0.46850000000000003,0,7.3831441984076915e-08,-7.3831441984076915e-08
0.46862500000000001,-0.011749267578125,-0.011743175033049745,-6.0925450752549737e-06
0.46875,-0.021697998046875,-0.021687784775728716,-1.0213271146284481e-05
0.46887499999999999,-0.0283203125,-0.028322330748316454,2.0182483164536691e-06
0.46899999999999997,-0.0306396484375,-0.030640575086735098,9.2664923509802599e-07
0.46912500000000001,-0.028289794921875,-0.028294076050231255,4.281128356254521e-06
0.46925,-0.021636962890625,-0.021644551226974215,7.5883363492151856e-06
0.46937499999999999,-0.01171875,-0.011708126949592145,-1.0623050407854509e-05
0.46949999999999997,0,-6.5271714682849188e-08,6.5271714682849188e-08
0.46962500000000001,0.011688232421875,0.011696304890215893,-8.0724683408934378e-06
0.46975,0.0216064453125,0.02160121608049962,5.2292320003796688e-06
0.46987499999999999,0.0281982421875,0.028209277207907488,-1.1035020407487717e-05
0.46999999999999997,0.030517578125,0.030518267270059192,-6.8914505919198676e-07
0.47012500000000002,0.028167724609375,0.028181135482134339,-1.3410872759338915e-05
0.47025,0.02154541015625,0.021558155452106684,-1.2745295856684408e-05
0.47037499999999999,0.01165771484375,0.011661397153132603,-3.6823093826025138e-06
0.47049999999999997,0,7.3747427125746216e-08,-7.3747427125746216e-08
0.47062500000000002,-0.01165771484375,-0.011649604850334354,-8.1099934156458192e-06
0.47075,-0.021514892578125,-0.021514975963524648,8.3385399647639691e-08
0.47087499999999999,-0.028106689453125,-0.028096657972206025,-1.0031480918975405e-05
0.47099999999999997,-0.0303955078125,-0.030396430700543688,9.2288804368761967e-07
0.47112500000000002,-0.028076171875,-0.028068628767045321,-7.5431079546786628e-06
0.47125,-0.021484375,-0.021472087563867297,-1.2287436132702584e-05
0.47137499999999999,-0.011627197265625,-0.011614836897625248,-1.2360367999751654e-05
0.47149999999999997,0,-6.5186150392317392e-08,6.5186150392317392e-08
0.47162500000000002,0.0115966796875,0.011603108238787121,-6.4285512871211509e-06
0.47175,0.02142333984375,0.021429097117566492,-5.7572738164923809e-06
0.47187499999999999,0.027984619140625,0.027984505311917814,1.1382870718570914e-07
0.47199999999999998,0.0302734375,0.030275097501421211,-1.6600014212109215e-06
0.47212500000000002,0.0279541015625,0.027956588177473343,-2.4866149733425436e-06
0.47225,0.021392822265625,0.021386380257787444,6.4420078375558576e-06
0.47237499999999999,0.011566162109375,0.011568479510708897,-2.3174013338966154e-06
0.47249999999999998,0,7.3660334037626216e-08,-7.3660334037626216e-08
0.47262500000000002,-0.011566162109375,-0.011556780239055632,-9.3818703193679354e-06
0.47275,-0.021331787109375,-0.021343544095995755,1.17569866207555e-05
0.47287499999999999,-0.027862548828125,-0.027872783360048677,1.0234531923676571e-05
0.47299999999999998,-0.0301513671875,-0.030154231658813153,2.8644713131534272e-06
0.47312500000000002,-0.02783203125,-0.027844977848221732,1.2946598221732358e-05
0.47325,-0.02130126953125,-0.021300998089995343,-2.7144125465741742e-07
0.47337499999999999,-0.01153564453125,-0.011522290178100015,-1.3354353149985093e-05
0.47349999999999998,0,-6.5097538627212211e-08,6.5097538627212211e-08
0.47362500000000002,0.011505126953125,0.01151065418248404,-5.5272293590404031e-06
0.47375,0.021270751953125,0.021258349602568505,1.240235055649519e-05
0.47387499999999999,0.02777099609375,0.027761524401656686,9.4716920933136939e-06
0.47399999999999998,0.030029296875,0.030033865311483495,-4.5684364834951141e-06
0.47412500000000002,0.027740478515625,0.027733830066141548,6.6484494834519181e-06
0.47425,0.021209716796875,0.021215973766988777,-6.2569701137771272e-06
0.47437499999999999,0.011474609375,0.011476302233378371,-1.6928583783711731e-06
0.47449999999999998,0,7.3570213700836683e-08,-7.3570213700836683e-08
0.47462500000000002,-0.011474609375,-0.011464695258473065,-9.9141165269354264e-06
0.47475000000000001,-0.02117919921875,-0.021173478201612098,-5.7210171379024066e-06
0.47487499999999999,-0.02764892578125,-0.027650692584046638,1.7668027966384614e-06
0.47499999999999998,-0.0299072265625,-0.029913962461022972,6.7358985229720725e-06
0.47512500000000002,-0.027618408203125,-0.027623108980323368,4.7007771983680058e-06
0.47525000000000001,-0.0211181640625,-0.021131271855823527,1.3107793323526712e-05
0.47537499999999999,-0.011444091796875,-0.011430480868171319,-1.3610928703680636e-05
0.47549999999999998,0,-6.5005926569222647e-08,6.5005926569222647e-08
0.47562500000000002,0.01141357421875,0.011418936804272032,-5.3625855220319762e-06
0.47575000000000001,0.021087646484375,0.02108896260778112,-1.3161234061198623e-06
0.47587499999999999,0.02752685546875,0.027540320206522494,-1.3464737772493629e-05
0.47599999999999998,0.02978515625,0.029794555261603153,-9.3990116031526794e-06
0.47612500000000002,0.02752685546875,0.027512846891845862,1.4008576904138426e-05
0.47625000000000001,0.02105712890625,0.02104692507388603,1.0203832363969711e-05
0.47637499999999999,0.011383056640625,0.011384859421936478,-1.8027813114777219e-06
0.47649999999999998,0,7.34771266752416e-08,-7.34771266752416e-08
0.47662500000000002,-0.011383056640625,-0.011373344015172706,-9.712625452294385e-06
0.47675000000000001,-0.02099609375,-0.021004767396265188,8.6736462651879065e-06
0.47687499999999999,-0.027435302734375,-0.027430371430570165,-4.931303804835141e-06
0.47699999999999998,-0.0296630859375,-0.029675607730160872,1.2521792660872416e-05
0.47712500000000002,-0.02740478515625,-0.027403007963966535,-1.7771922834648735e-06
0.47725000000000001,-0.020965576171875,-0.020962897999072472,-2.6781728025282447e-06
0.47737499999999999,-0.0113525390625,-0.011339403092174464,-1.3135970325536123e-05
0.47749999999999998,0,-6.4911371050980584e-08,6.4911371050980584e-08
0.47762500000000002,0.011322021484375,0.011327950234273083,-5.9287498980833964e-06
0.47775000000000001,0.02093505859375,0.02092092529254258,1.4133301207419624e-05
0.47787499999999999,0.027313232421875,0.027320878569622051,-7.6461477470507466e-06
0.47799999999999998,0.029571533203125,0.029557152036152532,1.4381166972467913e-05
0.47812500000000002,0.02728271484375,0.027293624511882181,-1.0909668132181444e-05
0.47825000000000001,0.0208740234375,0.02087922335955928,-5.1999220592804929e-06
0.47837499999999999,0.01129150390625,0.011294145224183294,-2.6413179332936826e-06
0.47849999999999998,0,7.3381119225680555e-08,-7.3381119225680555e-08
0.47862500000000002,-0.01129150390625,-0.011282720662699667,-8.7832435503327339e-06
0.47875000000000001,-0.020843505859375,-0.020837400882578554,-6.1049767964456436e-06
0.478875,-0.0272216796875,-0.027211805799238719,-9.8738882612810219e-06
0.47899999999999998,-0.029449462890625,-0.029439152211738765,-1.0310678886234909e-05
0.47912500000000002,-0.027191162109375,-0.027184660712908214,-6.5013964667855195e-06
0.47925000000000001,-0.020782470703125,-0.020795865744003831,1.3395040878830949e-05
0.479375,-0.011260986328125,-0.011249051021271318,-1.1935306853682465e-05
0.47949999999999998,0,-6.4813928136046399e-08,6.4813928136046399e-08
0.47962500000000002,0.01123046875,0.01123768864936814,-7.2198993681400064e-06
0.47975000000000001,0.020751953125,0.020754226902579304,-2.2737775793035819e-06
0.479875,0.027099609375,0.027103185446868388,-3.5760718683879034e-06
0.47999999999999998,0.029327392578125,0.02932164044153901,5.7521365859902751e-06
0.48012500000000002,0.027069091796875,0.027076148896239379,-7.0570993643791213e-06
0.48025000000000001,0.020721435546875,0.020712857891293648,8.5776555813522892e-06
0.480375,0.011199951171875,0.011204153834539744,-4.2026626647442833e-06
0.48049999999999998,0,7.3282247155638959e-08,-7.3282247155638959e-08
0.48062500000000002,-0.011199951171875,-0.011192819401193169,-7.1317706818313509e-06
0.48075000000000001,-0.020660400390625,-0.020671367949199933,1.096755857493345e-05
0.480875,-0.027008056640625,-0.026994981702028957,-1.3074938596042973e-05
0.48099999999999998,-0.029205322265625,-0.029204580772816419,-7.4149280858068489e-07
0.48112500000000002,-0.0269775390625,-0.026968053253140795,-9.4858093592047055e-06
0.48125000000000001,-0.0206298828125,-0.020630164400749718,2.8158824971757923e-07
0.481375,-0.01116943359375,-0.011159418873067668,-1.0014720682332418e-05
0.48149999999999998,0,-6.4713643187569737e-08,6.4713643187569737e-08
0.48162500000000003,0.011138916015625,0.011148146272849414,-9.2302572244143399e-06
0.48175000000000001,0.020599365234375,0.020588856769300889,1.0508465074110518e-05
0.481875,0.026885986328125,0.026887226906072835,-1.2405779478349976e-06
0.48199999999999998,0.029083251953125,0.029088005405232664,-4.7534521076635083e-06
0.48212500000000003,0.02685546875,0.026860406126697437,-4.9373766974371291e-06
0.48225000000000001,0.020538330078125,0.020547818021885381,-9.4879437603813399e-06
0.482375,0.0111083984375,0.011114879493697804,-6.4810561978042441e-06
0.48249999999999998,0,7.3180565511502956e-08,-7.3180565511502956e-08
0.48262500000000003,-0.0111083984375,-0.011103634476993657,-4.7639605063425072e-06
0.48275000000000001,-0.0205078125,-0.020506657970134842,-1.1545298651584324e-06
0.482875,-0.02679443359375,-0.026779885262370445,-1.4548331379555385e-05
0.48299999999999998,-0.028961181640625,-0.02897187840103304,1.0696760408039629e-05
0.48312500000000003,-0.026763916015625,-0.026753171722006638,-1.0744293618362294e-05
0.48325000000000001,-0.020477294921875,-0.020465783364609649,-1.1511557265350691e-05
0.483375,-0.011077880859375,-0.011070500911234073,-7.379948140926948e-06
0.48349999999999999,0,-6.4610574283495984e-08,6.4610574283495984e-08
0.48362500000000003,0.01104736328125,0.011059317374028934,-1.1954092778933625e-05
0.48375000000000001,0.020416259765625,0.020424804309124561,-8.5445434995605474e-06
0.483875,0.02667236328125,0.026672989126063765,-6.258448137647088e-07
0.48399999999999999,0.02886962890625,0.028856231974801572,1.3396931448427657e-05
0.48412500000000003,0.026641845703125,0.026646382395932956,-4.5366928079562663e-06
0.48425000000000001,0.0203857421875,0.020384093188976951,1.6489985230488946e-06
0.484375,0.011016845703125,0.011026316488227189,-9.4707851021891276e-06
0.48449999999999999,0,7.3076118769660805e-08,-7.3076118769660805e-08
0.48462499999999997,-0.011016845703125,-0.011015160182293177,-1.6855208318233839e-06
0.48475000000000001,-0.020355224609375,-0.020343260404049893,-1.1964205325107335e-05
0.484875,-0.026580810546875,-0.026566502714261527,-1.4307832613472821e-05
0.48499999999999999,-0.02874755859375,-0.028741030203646385,-6.5283901036147785e-06
0.48512499999999997,-0.02655029296875,-0.026540002367303271,-1.0290601446728831e-05
0.48525000000000001,-0.020294189453125,-0.020302712115388328,8.5226622633279014e-06
0.485375,-0.010986328125,-0.010982291445160204,-4.0366798397962339e-06
0.48549999999999999,0,-6.4504765607903597e-08,6.4504765607903597e-08
0.48562499999999997,0.010986328125,0.010971196267878174,1.5131857121826464e-05
0.48575000000000002,0.020263671875,0.02026205902280476,1.612852195239517e-06
0.485875,0.026458740234375,0.026460458395791725,-1.7181614167249837e-06
0.48599999999999999,0.02862548828125,0.028626305316954946,-8.1703570494612299e-07
0.48612499999999997,0.02642822265625,0.026434064006645597,-5.8413503955974388e-06
0.48625000000000002,0.020233154296875,0.020221672914362301,1.1481382512699284e-05
0.486375,0.01092529296875,0.010938459150231216,-1.3166181481215691e-05
0.48649999999999999,0,7.2968963972386327e-08,-7.2968963972386327e-08
0.48662499999999997,-0.01092529296875,-0.010927390854772847,2.0978860228466206e-06
0.48675000000000002,-0.020172119140625,-0.020181164793605339,9.0456529803391306e-06
0.486875,-0.0263671875,-0.026354820401391966,-1.2367098608034172e-05
0.48699999999999999,-0.02850341796875,-0.028512021406579744,8.6034378297440706e-06
0.48712499999999997,-0.026336669921875,-0.026328531546402016,-8.1383754729838498e-06
0.48725000000000002,-0.0201416015625,-0.020140940216715263,-6.6134578473667216e-07
0.487375,-0.010894775390625,-0.010894784829566238,9.4389412379908277e-09
0.48749999999999999,0,-6.4396270626542677e-08,6.4396270626542677e-08
0.48762499999999998,0.010894775390625,0.010883777314682243,1.0998075942757202e-05
0.48775000000000002,0.020111083984375,0.020100610494744882,1.0473489630118127e-05
0.487875,0.0262451171875,0.026249621113462174,-4.5039259621744432e-06
0.48799999999999999,0.028411865234375,0.028398210716593764,1.3654517781236386e-05
0.48812499999999998,0.026214599609375,0.026223437370667638,-8.8377612926376914e-06
0.48825000000000002,0.020050048828125,0.020060546803332618,-1.0497975207617721e-05
0.488375,0.0108642578125,0.010851301856974766,1.2955955525233848e-05
0.48849999999999999,0,7.2859144436547199e-08,-7.2859144436547199e-08
0.48862499999999998,-0.010833740234375,-0.010840320877216302,6.5806428413018453e-06
0.48875000000000002,-0.02001953125,-0.020020360764792688,8.2951479268844608e-07
0.488875,-0.026153564453125,-0.026144824776260227,-8.739676864773227e-06
0.48899999999999999,-0.028289794921875,-0.02828483735347637,-4.9575683986301244e-06
0.48912499999999998,-0.026123046875,-0.02611874572538498,-4.3011496150199835e-06
0.48925000000000002,-0.019989013671875,-0.019980457315370008,-8.5563565049920354e-06
0.489375,-0.01080322265625,-0.010807975464162834,4.7528079128340839e-06
0.48949999999999999,0,-6.4285142075318522e-08,6.4285142075318522e-08
0.48962499999999998,0.01080322265625,0.010797054919654651,6.167736595348583e-06
0.48975000000000002,0.019927978515625,0.019940448392349257,-1.2469876724256757e-05
0.489875,0.026031494140625,0.026040463785656082,-8.9696450310816633e-06
0.48999999999999999,0.028167724609375,0.028171933575869047,-4.2089664940465898e-06
0.49012499999999998,0.0260009765625,0.02601448900810565,-1.3512445605649848e-05
0.49025000000000002,0.0198974609375,0.019900704544003976,-3.2436065039755102e-06
0.49037500000000001,0.010772705078125,0.010764839030515581,7.8660476094186138e-06
0.49049999999999999,0,7.2746715849058357e-08,-7.2746715849058357e-08
0.49062499999999998,-0.0107421875,-0.010753944677168514,1.1757177168513627e-05
0.49075000000000002,-0.019866943359375,-0.019860838026254594,-6.105333120405565e-06
0.49087500000000001,-0.02593994140625,-0.025936502399316431,-3.4390069335692164e-06
0.49099999999999999,-0.028045654296875,-0.028059463504761475,1.3809207886475439e-05
0.49112499999999998,-0.025909423828125,-0.025910631478171242,1.2076500462421258e-06
0.49125000000000002,-0.019805908203125,-0.019821253140635636,1.5344937510635565e-05
0.49137500000000001,-0.010711669921875,-0.010721857793283504,1.0187871408504426e-05
0.49149999999999999,0,-6.4171422418289984e-08,6.4171422418289984e-08
0.49162499999999998,0.010711669921875,0.010711023532582546,6.4638929245415533e-07
0.49175000000000002,0.019775390625,0.019781562465345699,-6.1718403456985371e-06
0.49187500000000001,0.02581787109375,0.025832973026470231,-1.5101932720230915e-05
0.49199999999999999,0.0279541015625,0.027947459413247559,6.642149252441415e-06
0.49212499999999998,0.02581787109375,0.025807205546475264,1.0665547274735926e-05
0.49225000000000002,0.019744873046875,0.019742135906650693,2.7371402243070442e-06
0.49237500000000001,0.01068115234375,0.010679065137368144,2.0872063818556247e-06
0.49249999999999999,0,7.2631720392870744e-08,-7.2631720392870744e-08
0.49262499999999998,-0.01068115234375,-0.010668256726584875,-1.2895617165125176e-05
0.49275000000000002,-0.01971435546875,-0.019702586368644606,-1.1769100105394475e-05
0.49287500000000001,-0.025726318359375,-0.025729839938093513,3.5215787185134684e-06
0.49299999999999999,-0.02783203125,-0.027835885436711724,3.8541867117235229e-06
0.49312499999999998,-0.02569580078125,-0.025704175485655276,8.374704405275657e-06
0.49325000000000002,-0.0196533203125,-0.019663317503623153,9.9971911231531985e-06
0.49337500000000001,-0.010650634765625,-0.010636426305520346,-1.4208460104653958e-05
0.49349999999999999,0,-6.4055166344689252e-08,6.4055166344689252e-08
0.49362499999999998,0.0106201171875,0.010625677647489225,-5.5604599892254691e-06
0.49375000000000002,0.019622802734375,0.01962394254513649,-1.13981076148989e-06
0.49387500000000001,0.025634765625,0.025627135556664113,7.6300683358870858e-06
0.49399999999999999,0.0277099609375,0.027724773862585091,-1.4812925085091327e-05
0.49412499999999998,0.025604248046875,0.025601573719844031,2.6743270309693978e-06
0.49425000000000002,0.01959228515625,0.019584830743066488,7.4544131835121985e-06
0.49437500000000001,0.010589599609375,0.010593974688125831,-4.3750787508314154e-06
0.4945,0,7.2514209282551385e-08,-7.2514209282551385e-08
0.49462499999999998,-0.010589599609375,-0.01058325154145673,-6.3480679182697369e-06
0.49475000000000002,-0.01953125,-0.01954559566395777,1.434566395776965e-05
0.49487500000000001,-0.0255126953125,-0.025524824166357724,1.2128853857724248e-05
0.495,-0.027618408203125,-0.027614088840532108,-4.3193625928923673e-06
0.49512499999999998,-0.0255126953125,-0.025499364534863053,-1.3330777636946789e-05
0.49525000000000002,-0.019500732421875,-0.019506640296635337,5.9078747603365234e-06
0.49537500000000001,-0.01055908203125,-0.0105516755333919,-7.4064978580999641e-06
0.4955,0,-6.393641520351897e-08,6.393641520351897e-08
0.49562499999999998,0.010528564453125,0.010541011802261031,-1.2447349136031349e-05
0.49575000000000002,0.01947021484375,0.019467578544154235,2.636299595765168e-06
0.49587500000000001,0.025421142578125,0.02542293820280157,-1.7956246765697681e-06
0.496,0.027496337890625,0.027503862672206947,-7.5247815819468045e-06
0.49612499999999998,0.025390625,0.025397580367978886,-6.9553679788864065e-06
0.49625000000000002,0.019439697265625,0.019428778985896955,1.0918279728044933e-05
0.49637500000000001,0.010498046875,0.010509562237130234,-1.1515362130233922e-05
0.4965,0,7.2394233029149201e-08,-7.2394233029149201e-08
0.49662499999999998,-0.010498046875,-0.010498923681483918,8.7680648391819105e-07
0.49675000000000002,-0.019378662109375,-0.019389855864889404,1.119375551440413e-05
0.49687500000000001,-0.02532958984375,-0.025321441963265762,-8.1478804842376185e-06
0.497,-0.02740478515625,-0.027394059521440271,-1.0725634809728712e-05
0.49712499999999998,-0.025299072265625,-0.025296185518096759,-2.8867475282412514e-06
0.49725000000000003,-0.01934814453125,-0.019351211492512954,3.0669612629541376e-06
0.49737500000000001,-0.010467529296875,-0.010467600052969825,7.0756094825222271e-08
0.4975,0,-6.381521927030291e-08,6.381521927030291e-08
0.49762499999999998,0.010467529296875,0.010457020578306756,1.0508718568244188e-05
0.49775000000000003,0.019317626953125,0.01931246045520061,5.1664979243901121e-06
0.49787500000000001,0.02520751953125,0.025220367896417351,-1.2848365167350551e-05
0.498,0.02728271484375,0.027284711703995917,-1.9968602459168039e-06
0.49812499999999998,0.02520751953125,0.025195212435512305,1.2307095737695145e-05
0.49825000000000003,0.019287109375,0.019273970648010987,1.3138726989013472e-05
0.49837500000000001,0.01043701171875,0.010425822382113727,1.1189336636272668e-05
0.4985,0,7.227183216161161e-08,-7.227183216161161e-08
0.49862499999999998,-0.010406494140625,-0.010415267749706121,8.7736090811207229e-06
0.49875000000000003,-0.01922607421875,-0.01923535700419857,9.2827854485701133e-06
0.49887500000000001,-0.025115966796875,-0.025119680312516594,3.7135156415943338e-06
0.499,-0.02716064453125,-0.027175783397757922,1.5138866507922316e-05
0.49912499999999999,-0.02508544921875,-0.025094625432104296,9.1762133542956648e-06
0.49925000000000003,-0.019195556640625,-0.019197021143986526,1.4645033615257042e-06
0.49937500000000001,-0.0103759765625,-0.010384194483555013,8.2179210550131082e-06
0.4995,0,-6.3691628128053077e-08,6.3691628128053077e-08
0.49962499999999999,0.0103759765625,0.010373698600219371,2.2779622806286259e-06
0.49975000000000003,0.0191650390625,0.01915857835082373,6.460711676269798e-06
0.49987500000000001,0.0250244140625,0.025019411673172367,5.0023893276331111e-06
0.5,0.027069091796875,0.027067306932487403,1.7848643875974235e-06
0.50012500000000004,0.024993896484375,0.024994456971096025,-5.6048672102473884e-07
0.50024999999999997,0.019134521484375,0.019120395821856991,1.4125662518009452e-05
0.50037500000000001,0.010345458984375,0.010342749763845218,2.7092205297819805e-06
0.50049999999999994,0,7.2147062173630191e-08,-7.2147062173630191e-08
0.50062499999999999,-0.010345458984375,-0.01033227839216631,-1.3180592208689862e-05
0.50075000000000003,-0.019073486328125,-0.019082089194054776,8.602865929775716e-06
0.50087499999999996,-0.024932861328125,-0.024919526301525659,-1.3335026599340521e-05
0.501,-0.026947021484375,-0.026959246500009765,1.222501563476544e-05
0.50112500000000004,-0.02490234375,-0.024894671377241148,-7.6723727588517976e-06
0.50124999999999997,-0.01904296875,-0.019044059383057255,1.090633057254653e-06
0.50137500000000002,-0.01031494140625,-0.010301453487310175,-1.3487918939824803e-05
0.50149999999999995,0,-6.356568761691873e-08,6.356568761691873e-08
0.50162499999999999,0.010284423828125,0.010291040535411907,-6.6167072869070809e-06
0.50175000000000003,0.019012451171875,0.019005922382667264,6.5287892077360576e-06
0.50187499999999996,0.024810791015625,0.024820056672026424,-9.2656564014241549e-06
0.502,0.02685546875,0.026851634443971841,3.8343060281588459e-06
0.50212500000000004,0.0247802734375,0.024795301126585248,-1.5027689085247986e-05
0.50224999999999997,0.01898193359375,0.018968044678815781,1.388891493421876e-05
0.50237500000000002,0.01025390625,0.010260339065807211,-6.4328158072106401e-06
0.50249999999999995,0,7.2019956355423275e-08,-7.2019956355423275e-08
0.50262499999999999,-0.01025390625,-0.010249950297576544,-3.9559524234560051e-06
0.50275000000000003,-0.0189208984375,-0.01893004262542269,9.1441879226904221e-06
0.50287499999999996,-0.02471923828125,-0.024720967120599579,1.7288393495788756e-06
0.503,-0.0267333984375,-0.026744434970029346,1.1036532529345999e-05
0.50312500000000004,-0.024688720703125,-0.024696310556651904,7.5898535269042222e-06
0.50324999999999998,-0.018890380859375,-0.018892316420341455,1.935560966455363e-06
0.50337500000000002,-0.010223388671875,-0.010219371768938293,-4.0169029367070896e-06
0.50349999999999995,0,-6.3437433895557754e-08,6.3437433895557754e-08
0.50362499999999999,0.010223388671875,0.010209041093799028,1.4347578075972131e-05
0.50375000000000003,0.01885986328125,0.018854482780846882,5.3805004031175219e-06
0.50387499999999996,0.024627685546875,0.024622290134422107,5.3954124528930725e-06
0.504,0.026641845703125,0.026637680435604206,4.1652675207941303e-06
0.50412500000000005,0.02459716796875,0.024597732156204498,-5.6418745449787755e-07
0.50424999999999998,0.018829345703125,0.018816907468589102,1.243823453589768e-05
0.50437500000000002,0.01019287109375,0.010178585013832755,1.4286079917245204e-05
0.50449999999999995,0,7.1890568967818495e-08,-7.1890568967818495e-08
0.50462499999999999,-0.010162353515625,-0.010168278196958154,5.9246813331539916e-06
0.50475000000000003,-0.018768310546875,-0.018779207567416981,1.0897020541980607e-05
0.50487499999999996,-0.0245361328125,-0.024523990062106888,-1.214275039311194e-05
0.505,-0.026519775390625,-0.026531335060072232,1.1559669447231552e-05
0.50512500000000005,-0.024505615234375,-0.024499530275439458,-6.0849589355420342e-06
0.50524999999999998,-0.01873779296875,-0.018741782544463726,3.9895757137260734e-06
0.50537500000000002,-0.0101318359375,-0.010137944075335067,6.1081378350674731e-06
0.50549999999999995,0,-6.3306920902251952e-08,6.3306920902251952e-08
0.50562499999999999,0.0101318359375,0.010127695027438561,4.1409100614391015e-06
0.50575000000000003,0.018707275390625,0.018704249853331335,3.0255372936646707e-06
0.50587499999999996,0.0244140625,0.024426099403458877,-1.2036903458877146e-05
0.50600000000000001,0.02642822265625,0.026425431214520668,2.7914417293321836e-06
0.50612500000000005,0.0244140625,0.02440173741573895,1.2325084261050057e-05
0.50624999999999998,0.0186767578125,0.018666974518573267,9.7832939267329666e-06
0.50637500000000002,0.010101318359375,0.010097482375787762,3.8359835872383424e-06
0.50649999999999995,0,7.1758938419260452e-08,-7.1758938419260452e-08
0.50662499999999999,-0.010101318359375,-0.010087256863327145,-1.406149604785481e-05
0.50675000000000003,-0.01861572265625,-0.018629574366696797,1.3851710446797366e-05
0.50687499999999996,-0.024322509765625,-0.024328582519671973,6.0727540469734942e-06
0.50700000000000001,-0.02630615234375,-0.026319933131936105,1.378078818610462e-05
0.50712500000000005,-0.0242919921875,-0.024304317939864359,1.2325752364358844e-05
0.50724999999999998,-0.018585205078125,-0.018592448121430939,7.243043305939223e-06
0.50737500000000002,-0.01007080078125,-0.01005716519524443,-1.3635586005570147e-05
0.50749999999999995,0,-6.3174186787026493e-08,6.3174186787026493e-08
0.50762499999999999,0.010040283203125,0.010046997130204242,-6.713927079241705e-06
0.50775000000000003,0.0185546875,0.018555213985307201,-5.2648530720136866e-07
0.50787499999999997,0.02423095703125,0.024231471923084259,-5.1489183425929008e-07
0.50800000000000001,0.026214599609375,0.026214873196962245,-2.7358758724477239e-07
0.50812500000000005,0.024200439453125,0.024207304361719521,-6.864908594521324e-06
0.50824999999999998,0.018524169921875,0.018518236233227292,5.9336886477079354e-06
0.50837500000000002,0.010009765625,0.01001702596122757,-7.2603362275703437e-06
0.50849999999999995,0,7.1625114644046303e-08,-7.1625114644046303e-08
0.50862499999999999,-0.010009765625,-0.010006881111337254,-2.8845136627458912e-06
0.50875000000000004,-0.01849365234375,-0.018481133446832942,-1.2518896917057543e-05
0.50887499999999997,-0.024139404296875,-0.0241347319873704,-4.6723095045997365e-06
0.50900000000000001,-0.026123046875,-0.026110215656087971,-1.2831218912028736e-05
0.50912500000000005,-0.02410888671875,-0.024110661056534064,1.7743377840641339e-06
0.50924999999999998,-0.0184326171875,-0.018444303594013521,1.1686406513521097e-05
0.50937500000000002,-0.009979248046875,-0.0099770299589445315,-2.2180879304684736e-06
0.50949999999999995,0,-6.3039278218128072e-08,6.3039278218128072e-08
0.50962499999999999,0.009979248046875,0.0099669422374607311,1.2305809414268898e-05
0.50975000000000004,0.018402099609375,0.018407365638580555,-5.2660292055549396e-06
0.50987499999999997,0.0240478515625,0.024038395237297176,9.4563252028244393e-06
0.51000000000000001,0.0260009765625,0.026005992907405427,-5.0163449054271836e-06
0.51012500000000005,0.024017333984375,0.024014420550628038,2.9134337469621796e-06
0.51024999999999998,0.01837158203125,0.018370683093473773,8.9893777622737647e-07
0.51037500000000002,0.00994873046875,0.0099372106210565796,1.1519847693420432e-05
0.51049999999999995,0,7.1489135025621502e-08,-7.1489135025621502e-08
0.510625,-0.009918212890625,-0.0099271457969703058,8.9329063453057883e-06
0.51075000000000004,-0.018341064453125,-0.018333875307701478,-7.1891454235216423e-06
0.51087499999999997,-0.023956298828125,-0.023942426058920583,-1.3872769204417018e-05
0.51100000000000001,-0.025909423828125,-0.02590216921079825,-7.2546173267504233e-06
0.51112500000000005,-0.02392578125,-0.023918547231599998,-7.234018400002068e-06
0.51124999999999998,-0.018310546875,-0.018297339481127536,-1.3207393872463613e-05
0.51137500000000002,-0.0098876953125,-0.00989753323789473,9.8379253947299822e-06
0.51149999999999995,0,-6.2902241213715297e-08,6.2902241213715297e-08
0.511625,0.0098876953125,0.0098875252257137457,1.7008678625425599e-07
0.51175000000000004,0.01824951171875,0.018260695350951713,-1.1183632201712534e-05
0.51187499999999997,0.023834228515625,0.023846856989342708,-1.2628473717708061e-05
0.51200000000000001,0.025787353515625,0.025798776977699837,-1.1423462074836715e-05
0.51212500000000005,0.023834228515625,0.023823073638091791,1.1154877533208624e-05
0.51224999999999998,0.018218994140625,0.018224305656083181,-5.3115154581805102e-06
0.51237500000000002,0.009857177734375,0.0098580312472179975,-8.5351284299754748e-07
0.51249999999999996,0,7.1351048293649227e-08,-7.1351048293649227e-08
0.512625,-0.009857177734375,-0.0098480458171876679,-9.1319171873320559e-06
0.51275000000000004,-0.0181884765625,-0.018187790524881918,-6.860376180820027e-07
0.51287499999999997,-0.02374267578125,-0.023751652426898869,8.9766456488685198e-06
0.51300000000000001,-0.02569580078125,-0.025695780481281825,-2.0299968175180316e-08
0.51312500000000005,-0.02374267578125,-0.023727964169972318,-1.4711611277681835e-05
0.51324999999999998,-0.018157958984375,-0.01815154637724262,-6.4126071323798717e-06
0.51337500000000003,-0.00982666015625,-0.0098186699444266518,-7.9902118233481784e-06
0.51349999999999996,0,-6.2763112403513592e-08,6.2763112403513592e-08
0.513625,0.009796142578125,0.0098087410123041431,-1.2598434179143109e-05
0.51375000000000004,0.01812744140625,0.018115193735616059,1.2247670633940694e-05
0.51387499999999997,0.023651123046875,0.023656844920924795,-5.7218740497945453e-06
0.51400000000000001,0.025604248046875,0.025593212146212584,1.1035900662415693e-05
0.51412500000000005,0.02362060546875,0.023633251378101433,-1.264590935143306e-05
0.51424999999999998,0.01806640625,0.01807909455306337,-1.2688303063369821e-05
0.51437500000000003,0.009765625,0.0097794827723450013,-1.3857772345001254e-05
0.51449999999999996,0,7.1210890829437968e-08,-7.1210890829437968e-08
0.514625,-0.009765625,-0.0097695761096120107,3.951109612010742e-06
0.51475000000000004,-0.018035888671875,-0.018042869749039504,6.9810771645036074e-06
0.51487499999999997,-0.0235595703125,-0.023562398881943974,2.8285694439744713e-06
0.51500000000000001,-0.025482177734375,-0.025491036258845887,8.8585244708873356e-06
0.51512500000000006,-0.023529052734375,-0.02353889967452398,9.8469401489803543e-06
0.51524999999999999,-0.01800537109375,-0.018006914951763296,1.5438580132955126e-06
0.51537500000000003,-0.009735107421875,-0.0097404350314102672,5.327609535267161e-06
0.51549999999999996,0,-6.2621939630579137e-08,6.2621939630579137e-08
0.515625,0.009735107421875,0.0097305845550634835,4.522866811516521e-06
0.51575000000000004,0.017974853515625,0.017970851480569452,4.0020350555482198e-06
0.51587499999999997,0.023468017578125,0.023468346871424968,-3.2929329996794765e-07
0.51600000000000001,0.025390625,0.025389285256979605,1.339743020394718e-06
0.51612499999999994,0.0234375,0.023444941622227135,-7.441622227134792e-06
0.51624999999999999,0.0179443359375,0.017935040491074538,9.2954464254620117e-06
0.51637500000000003,0.00970458984375,0.0097015601694555344,3.0296742944656285e-06
0.51649999999999996,0,7.1068707303017734e-08,-7.1068707303017734e-08
0.516625,-0.00970458984375,-0.0096917316522112992,-1.2858191538700839e-05
0.51675000000000004,-0.017913818359375,-0.017899103705343394,-1.4714654031605656e-05
0.51687499999999997,-0.02337646484375,-0.023374653311979007,-1.8115317709926915e-06
0.51700000000000002,-0.025299072265625,-0.025287923440044609,-1.1148825580391264e-05
0.51712499999999995,-0.023345947265625,-0.023351341645322449,5.3943796974494085e-06
0.51724999999999999,-0.017852783203125,-0.017863435948446416,1.065274532141558e-05
0.51737500000000003,-0.009674072265625,-0.009662823491922894,-1.1248773702106016e-05
0.51749999999999996,0,-6.2478758539339675e-08,6.2478758539339675e-08
0.517625,0.0096435546875,0.0096530508519996321,-9.4961644996321287e-06
0.51775000000000004,0.017822265625,0.017827659347997803,-5.3937229978033574e-06
0.51787499999999997,0.023284912109375,0.023281350777116339,3.5613322586607044e-06
0.51800000000000002,0.025177001953125,0.025186983258863656,-9.9813057386557991e-06
0.51812499999999995,0.02325439453125,0.023258132318824523,-3.7377875745231437e-06
0.51824999999999999,0.017791748046875,0.017792134250817951,-3.8620394295085791e-07
0.51837500000000003,0.009613037109375,0.0096242584516223056,-1.1221342247305643e-05
0.51849999999999996,0,7.092454175793474e-08,-7.092454175793474e-08
0.518625,-0.009613037109375,-0.0096145074629585964,1.4703535835963732e-06
0.51875000000000004,-0.01776123046875,-0.017756483192858705,-4.7472758912953106e-06
0.51887499999999998,-0.023193359375,-0.023188403701439576,-4.9556735604236457e-06
0.51900000000000002,-0.02508544921875,-0.025086429025840518,9.7980709051759263e-07
0.51912499999999995,-0.023162841796875,-0.023165278078833122,2.4362819581215389e-06
0.51924999999999999,-0.017730712890625,-0.017721100184802455,-9.6127058225453643e-06
0.51937500000000003,-0.00958251953125,-0.0095858303589475332,3.3108276975332002e-06
0.51949999999999996,0,-6.2333612966488935e-08,6.2333612966488935e-08
0.519625,0.00958251953125,0.0095761349409844935,6.3845902655065151e-06
0.51975000000000005,0.0177001953125,0.017685608173702277,1.4587138797723248e-05
0.51987499999999998,0.023101806640625,0.023095844670400337,5.9619702246632711e-06
0.52000000000000002,0.024993896484375,0.024986293204719057,7.6032796559426241e-06
0.52012499999999995,0.0230712890625,0.023072811512291076,-1.5224497910762413e-06
0.52024999999999999,0.01763916015625,0.017650366686460313,-1.1206530210312871e-05
0.52037500000000003,0.009552001953125,0.0095475726716458108,4.4292814791891538e-06
0.52049999999999996,0,7.0778429114138889e-08,-7.0778429114138889e-08
0.520625,-0.009552001953125,-0.0095378985995345743,-1.4103353590425721e-05
0.52075000000000005,-0.017608642578125,-0.017614999083963839,6.3565058388385942e-06
0.52087499999999998,-0.02301025390625,-0.023003638130497096,-6.6157757529043681e-06
0.52100000000000002,-0.024871826171875,-0.024886540120772578,1.47139488975781e-05
0.52112499999999995,-0.022979736328125,-0.022980697067178812,9.6073905381244273e-07
0.52124999999999999,-0.017578125,-0.017579898551501869,1.7735515018685311e-06
0.52137500000000003,-0.009521484375,-0.0095094507050336625,-1.2033669966337451e-05
0.52149999999999996,0,-6.218654613210398e-08,6.218654613210398e-08
0.52162500000000001,0.009490966796875,0.0094998318994178703,-8.8651025428702901e-06
0.52175000000000005,0.017547607421875,0.017544688866498521,2.9185553764785044e-06
0.52187499999999998,0.022918701171875,0.022911816679033116,6.8844928418840268e-06
0.52200000000000002,0.0247802734375,0.024787202250563096,-6.9288130630958122e-06
0.52212499999999995,0.02288818359375,0.022888967342278889,-7.8374852888890567e-07
0.52224999999999999,0.01751708984375,0.017509728725042202,7.3611187077979312e-06
0.52237500000000003,0.00946044921875,0.009471497921756198,-1.1048703006198007e-05
0.52249999999999996,0,7.0630415200860127e-08,-7.0630415200860127e-08
0.52262500000000001,-0.00946044921875,-0.0094619001589926113,1.4509402426112622e-06
0.52275000000000005,-0.017486572265625,-0.017474642323772323,-1.1929941852676512e-05
0.52287499999999998,-0.0228271484375,-0.0228203447743047,-6.8036631953004301e-06
0.52300000000000002,-0.024688720703125,-0.024688243932130902,-4.7677099409768053e-07
0.52312499999999995,-0.022796630859375,-0.022797586797360971,9.5593798597054525e-07
0.52324999999999999,-0.017425537109375,-0.017439822011806192,1.4284902431192098e-05
0.52337500000000003,-0.009429931640625,-0.0094336796420004306,3.748001375430618e-06
0.52349999999999997,0,-6.2037592243868811e-08,6.2037592243868811e-08
0.52362500000000001,0.009429931640625,0.0094241368439335563,5.7947966914436572e-06
0.52375000000000005,0.01739501953125,0.017404892407640999,-9.8728763909990136e-06
0.52387499999999998,0.022735595703125,0.022729255025369075,6.3406777559248118e-06
0.52400000000000002,0.02459716796875,0.024589697654754026,7.4703139959740594e-06
0.52412499999999995,0.022705078125,0.022706588042946552,-1.509917946552336e-06
0.52424999999999999,0.017364501953125,0.017370211365891505,-5.7094127665045791e-06
0.52437500000000004,0.0093994140625,0.0093960293332781483,3.3847292218516789e-06
0.52449999999999997,0,7.0480533991041129e-08,-7.0480533991041129e-08
0.52462500000000001,-0.0093994140625,-0.0093865072774530576,-1.2906785046942412e-05
0.52475000000000005,-0.017333984375,-0.01733540392953924,1.4195545392399478e-06
0.52487499999999998,-0.02264404296875,-0.022638511902232834,-5.5310665171663664e-06
0.52500000000000002,-0.024505615234375,-0.024491527769138002,-1.4087465236997665e-05
0.52512499999999995,-0.022613525390625,-0.022615935550503841,2.4101598788406342e-06
0.52524999999999999,-0.017303466796875,-0.017300861600973674,-2.6051959013256853e-06
0.52537500000000004,-0.009368896484375,-0.009358512320615818,-1.0384163759181997e-05
0.52549999999999997,0,-6.1886796290976071e-08,6.1886796290976071e-08
0.52562500000000001,0.00933837890625,0.0093490449300683877,-1.0666023818387688e-05
0.52575000000000005,0.01727294921875,0.017266209850251676,6.7393684983242663e-06
0.52587499999999998,0.022552490234375,0.022548148025610282,4.3422087647182472e-06
0.52600000000000002,0.024383544921875,0.024393766777175575,-1.022185530057465e-05
0.52612499999999995,0.02252197265625,0.02252566194220185,-3.6892859518501686e-06
0.52625,0.017242431640625,0.017231805680061333,1.062596056366702e-05
0.52637500000000004,0.009307861328125,0.0093211620763376142,-1.3300748212614205e-05
0.52649999999999997,0,7.0328827429167257e-08,-7.0328827429167257e-08
0.52662500000000001,-0.009307861328125,-0.0093117151297970376,3.8538016720376239e-06
0.52675000000000005,-0.0172119140625,-0.017197274990102325,-1.4639072397674979e-05
0.52687499999999998,-0.0224609375,-0.022458127877121769,-2.8096228782310828e-06
0.52700000000000002,-0.0242919921875,-0.024296379042136627,4.386854636627413e-06
0.52712499999999995,-0.022430419921875,-0.022435731701110892,5.3117792358919891e-06
0.52725,-0.01715087890625,-0.017163008425701457,1.2129519451457155e-05
0.52737500000000004,-0.00927734375,-0.0092839439302786313,6.600180278631268e-06
0.52749999999999997,0,-6.1734191550092597e-08,6.1734191550092597e-08
0.52762500000000001,0.00927734375,0.0092745513519627183,2.7923980372816792e-06
0.52775000000000005,0.017120361328125,0.017128632318733579,-8.2709906085789986e-06
0.52787499999999998,0.022369384765625,0.022368484089051174,9.006765738263367e-07
0.52800000000000002,0.024200439453125,0.024199397078428067,1.0423746969329128e-06
0.52812499999999996,0.0223388671875,0.022346177460956847,-7.3102734568473993e-06
0.52825,0.01708984375,0.017094502809744647,-4.659059744647337e-06
0.52837500000000004,0.009246826171875,0.0092468913595447708,-6.5187669770830348e-08
0.52849999999999997,0,7.0175336865565518e-08,-7.0175336865565518e-08
0.52862500000000001,-0.009246826171875,-0.009237518929354923,-9.3072425200770026e-06
0.52875000000000005,-0.017059326171875,-0.017060246665295802,9.2049342080222085e-07
0.52887499999999998,-0.02227783203125,-0.022279181154538991,1.3491232889913107e-06
0.52900000000000003,-0.02410888671875,-0.024102785261784006,-6.1014569659942341e-06
0.52912499999999996,-0.022247314453125,-0.022256963716317565,9.6492631925654271e-06
0.52925,-0.01702880859375,-0.017026253663538698,-2.554930211302181e-06
0.52937500000000004,-0.00921630859375,-0.009209969698728648,-6.3388950213520007e-06
0.52949999999999997,0,-6.1579821911356165e-08,6.1579821911356165e-08
0.52962500000000001,0.009185791015625,0.0092006513420476825,-1.4860326422682507e-05
0.52975000000000005,0.016998291015625,0.016992151008216595,6.1400074084054512e-06
0.52987499999999998,0.022186279296875,0.022190251717346413,-3.9724204714125522e-06
0.53000000000000003,0.024017333984375,0.024006576119025826,1.0757865349174389e-05
0.53012499999999996,0.02215576171875,0.022168123112383701,-1.2361393633700951e-05
0.53025,0.0169677734375,0.01695829396771149,9.4794697885099144e-06
0.53037500000000004,0.009185791015625,0.0091732124296823644,1.2578585942635626e-05
0.53049999999999997,0,7.0020097616182147e-08,-7.0020097616182147e-08
0.53062500000000001,-0.0091552734375,-0.0091639139275822637,8.6404900822636965e-06
0.53075000000000006,-0.016937255859375,-0.016924310185402261,-1.2945673972739047e-05
0.53087499999999999,-0.0220947265625,-0.022101660282039182,6.9337195391823425e-06
0.53100000000000003,-0.023895263671875,-0.02391073403825256,1.5470366377560302e-05
0.53112499999999996,-0.022064208984375,-0.022079620155151056,1.5411170776056388e-05
0.53125,-0.016876220703125,-0.016890588562345342,1.436785922034195e-05
0.53137500000000004,-0.009124755859375,-0.0091365848917232314,1.1829032348231391e-05
0.53149999999999997,0,-6.1423717028448423e-08,6.1423717028448423e-08
0.53162500000000001,0.009124755859375,0.0091273401707476828,-2.5843113726827655e-06
0.53174999999999994,0.016845703125,0.016856757183982211,-1.1054058982211401e-05
0.53187499999999999,0.022003173828125,0.022013439503762298,-1.0265675637298466e-05
0.53200000000000003,0.0238037109375,0.023815291558601126,-1.158062110112601e-05
0.53212499999999996,0.022003173828125,0.021991487501182679,1.1686326942320774e-05
0.53225,0.016815185546875,0.016823170436760036,-7.9848898850362615e-06
0.53237500000000004,0.00909423828125,0.0091001205714041911,-5.882290154191061e-06
0.53249999999999997,0,6.9863141888937934e-08,-6.9863141888937934e-08
0.53262500000000002,-0.00909423828125,-0.0090908954137864512,-3.3428674635488376e-06
0.53274999999999995,-0.01678466796875,-0.016789456850560477,4.78888181047743e-06
0.53287499999999999,-0.02191162109375,-0.02192555389842404,1.3932804674040428e-05
0.53300000000000003,-0.023712158203125,-0.023720213080436949,8.0548773119491768e-06
0.53312499999999996,-0.02191162109375,-0.021903689667799278,-7.9314259507218265e-06
0.53325,-0.016754150390625,-0.016756004439706713,1.8540490817134381e-06
0.53337500000000004,-0.009063720703125,-0.0090637848127396222,6.410961462220699e-08
0.53349999999999997,0,-6.1265925163433849e-08,6.1265925163433849e-08
0.53362500000000002,0.009063720703125,0.0090546131461700582,9.1075569549417534e-06
0.53374999999999995,0.0167236328125,0.01672244218092566,1.1906315743395735e-06
0.53387499999999999,0.0218505859375,0.021838036132460405,1.2549805039594603e-05
0.53400000000000003,0.02362060546875,0.023625531155114378,-4.9256863643779014e-06
0.53412499999999996,0.021820068359375,0.021816259322849793,3.8090365252069214e-06
0.53425,0.016693115234375,0.016689123569135503,3.991665239497233e-06
0.53437500000000004,0.009033203125,0.0090276111069507899,5.5920180492101401e-06
0.53449999999999998,0,6.9704517658901129e-08,-6.9704517658901129e-08
0.53462500000000002,-0.009033203125,-0.0090184587148097566,-1.4744410190243445e-05
0.53474999999999995,-0.01666259765625,-0.016655678030268142,-6.9196259818576911e-06
0.53487499999999999,-0.021759033203125,-0.021750850733027696,-8.1824700973037734e-06
0.53500000000000003,-0.023529052734375,-0.023531210195167469,2.1574607924693123e-06
0.53512499999999996,-0.021728515625,-0.021729160994891632,6.4536989163171965e-07
0.53525,-0.016632080078125,-0.016622492682393439,-9.5873957315605052e-06
0.53537500000000005,-0.009002685546875,-0.0089915648026917556,-1.1120744183244421e-05
0.53549999999999998,0,-6.1106477728476553e-08,6.1106477728476553e-08
0.53562500000000002,0.00897216796875,0.0089824656138122842,-1.0297645062284227e-05
0.53574999999999995,0.0166015625,0.016589197402963031,1.2365097036969031e-05
0.53587499999999999,0.02166748046875,0.021664030377765008,3.4500909849924377e-06
0.53600000000000003,0.0234375,0.023437282764070654,2.1723592934577707e-07
0.53612499999999996,0.021636962890625,0.021642427362961486,-5.4644723364860592e-06
0.53625,0.016571044921875,0.016556144785988457,1.490013588654332e-05
0.53637500000000005,0.008941650390625,0.0089556793958199491,-1.402900519494911e-05
0.53649999999999998,0,6.9544256119255773e-08,-6.9544256119255773e-08
0.53662500000000002,-0.008941650390625,-0.0089465991947155366,4.948804090536621e-06
0.53674999999999995,-0.016510009765625,-0.016522965162752888,1.2955397127888124e-05
0.53687499999999999,-0.021575927734375,-0.021577539604989066,1.6118706140655359e-06
0.53700000000000003,-0.023345947265625,-0.023343713286429681,-2.2339791953193688e-06
0.53712499999999996,-0.02154541015625,-0.021556022966766033,1.0612810516032883e-05
0.53725000000000001,-0.0164794921875,-0.01649004474580253,1.0552558302529685e-05
0.53737500000000005,-0.0089111328125,-0.0089199202396020947,8.7874271020946942e-06
0.53749999999999998,0,-6.094541112483822e-08,6.094541112483822e-08
0.53762500000000002,0.0089111328125,0.0089108929562443304,2.3985625566963487e-07
0.53774999999999995,0.016448974609375,0.016457014322519458,-8.0397131444580328e-06
0.53787499999999999,0.021484375,0.021491411103448738,-7.0361034487376184e-06
0.53800000000000003,0.02325439453125,0.023250534337742493,3.8601935075065208e-06
0.53812499999999996,0.021484375,0.021469980496444625,1.4394503555375388e-05
0.53825000000000001,0.01641845703125,0.016424225576836943,-5.7685455869434243e-06
0.53837500000000005,0.008880615234375,0.0088843208344849805,-3.7056001099804864e-06
0.53849999999999998,0,6.9382388157116588e-08,-6.9382388157116588e-08
0.53862500000000002,-0.008880615234375,-0.0088753122545213534,-5.3029798536465694e-06
0.53874999999999995,-0.016387939453125,-0.016391309754481765,3.3703013567649986e-06
0.53887499999999999,-0.021392822265625,-0.021405609422530225,1.2787156905225139e-05
0.53900000000000003,-0.023162841796875,-0.023157710354590313,-5.1314422846865382e-06
0.53912499999999997,-0.021392822265625,-0.021384264502762318,-8.5577628626820612e-06
0.53925000000000001,-0.016357421875,-0.01635865215342559,1.2302784255895094e-06
0.53937500000000005,-0.00885009765625,-0.0088488465383210063,-1.2511179289936836e-06
0.53949999999999998,0,-6.0782756023865693e-08,6.0782756023865693e-08
0.53962500000000002,0.00885009765625,0.0088398905928428542,1.0207063407145778e-05
0.53974999999999995,0.016326904296875,0.016325884479964178,1.019816910821647e-06
0.53987499999999999,0.021331787109375,0.021320167262011778,1.1619847363222163e-05
0.54000000000000004,0.0230712890625,0.02306527392439878,6.015138101219536e-06
0.54012499999999997,0.02130126953125,0.021298907686870702,2.3618443792984556e-06
0.54025000000000001,0.01629638671875,0.016293357498999208,3.0292197507920948e-06
0.54037500000000005,0.008819580078125,0.0088135308561145802,6.0492220104197553e-06
0.54049999999999998,0,6.9218960057281139e-08,-6.9218960057281139e-08
0.54062500000000002,-0.008819580078125,-0.0088045933318847084,-1.4986746240291601e-05
0.54074999999999995,-0.016265869140625,-0.016260703379598371,-5.1657610266285514e-06
0.54087499999999999,-0.021240234375,-0.021235049182258808,-5.1851927411923626e-06
0.54100000000000004,-0.022979736328125,-0.02297318949562923,-6.546832495769872e-06
0.54112499999999997,-0.021209716796875,-0.021213874610509085,4.1578136340848781e-06
0.54125000000000001,-0.0162353515625,-0.016228306496283731,-7.0450662162692412e-06
0.54137500000000005,-0.0087890625,-0.0087783391502477721,-1.0723349752227856e-05
0.54149999999999998,0,-6.0618558433858249e-08,6.0618558433858249e-08
0.54162500000000002,0.008758544921875,0.0087694539794830016,-1.0909057608001621e-05
0.54174999999999995,0.016204833984375,0.016195799483076662,9.0345012983376882e-06
0.541875,0.021148681640625,0.02115028789398701,-1.6062533620096742e-06
0.54200000000000004,0.02288818359375,0.022881489667539945,6.6939262100551566e-06
0.54212499999999997,0.0211181640625,0.021129197985755514,-1.1033923255514277e-05
0.54225000000000001,0.01617431640625,0.016163532177064784,1.0784229185215738e-05
0.54237500000000005,0.00872802734375,0.0087433049302512063,-1.5277586501206281e-05
0.54249999999999998,0,6.9054001725032285e-08,-6.9054001725032285e-08
0.54262500000000002,-0.00872802734375,-0.0087344379008208687,6.4105570708686971e-06
0.54274999999999995,-0.016143798828125,-0.016131137679372656,-1.2661148752344392e-05
0.542875,-0.02105712890625,-0.021065847968455592,8.7190622055921541e-06
0.54300000000000004,-0.022796630859375,-0.022790138900377659,-6.4919589973407021e-06
0.54312499999999997,-0.02105712890625,-0.021044842385228132,-1.2286521021868252e-05
0.54325000000000001,-0.01611328125,-0.01609899943240084,-1.4281817599159918e-05
0.54337500000000005,-0.008697509765625,-0.0087083935630102201,1.0883797385220079e-05
0.54349999999999998,0,-6.0452848049718065e-08,6.0452848049718065e-08
0.54362500000000002,0.008697509765625,0.0086995786082332792,-2.0688426082791922e-06
0.54374999999999996,0.01605224609375,0.016066751006494719,-1.4504912744718601e-05
0.543875,0.02099609375,0.020981762127232486,1.4331622767514013e-05
0.54400000000000004,0.022705078125,0.022699169805139047,5.90831986095261e-06
0.54412499999999997,0.020965576171875,0.020960840531846391,4.7356400286087397e-06
0.54425000000000001,0.016021728515625,0.016034741302369454,-1.3012786744454052e-05
0.54437500000000005,0.0086669921875,0.0086736385625407336,-6.6463750407336208e-06
0.54449999999999998,0,6.8887547922090587e-08,-6.8887547922090587e-08
0.54462500000000003,-0.0086669921875,-0.0086648414713939408,-2.1507161060592417e-06
0.54474999999999996,-0.0159912109375,-0.016002604361688214,1.1393424188214235e-05
0.544875,-0.020904541015625,-0.020897994952379925,-6.5460632450754785e-06
0.54500000000000004,-0.022613525390625,-0.022608546853762367,-4.9785368626334425e-06
0.54512499999999997,-0.0208740234375,-0.020877157009024566,3.1335715245661699e-06
0.54525000000000001,-0.015960693359375,-0.015970722686280588,1.002932690558761e-05
0.54537500000000005,-0.008636474609375,-0.0086390053001907403,2.5306908157402691e-06
0.54549999999999998,0,-6.0285654273804608e-08,6.0285654273804608e-08
0.54562500000000003,0.008636474609375,0.0086302600070960311,6.2146022789689309e-06
0.54574999999999996,0.01593017578125,0.015938730791203917,-8.5550099539165314e-06
0.545875,0.02081298828125,0.020814579176229694,-1.5908949796937522e-06
0.54600000000000004,0.02252197265625,0.022518302668889118,3.6699873608818379e-06
0.54612499999999997,0.020782470703125,0.020793824550433188,-1.1353847308187559e-05
0.54625000000000001,0.015899658203125,0.015906976632441353,-7.3184293163525149e-06
0.54637500000000006,0.00860595703125,0.0086045272944352165,1.4297368147835054e-06
0.54649999999999999,0,6.8719627843527865e-08,-6.8719627843527865e-08
0.54662500000000003,-0.00860595703125,-0.0085957995894584537,-1.0157441791546276e-05
0.54674999999999996,-0.015869140625,-0.015875095200496712,5.9545754967117726e-06
0.546875,-0.020721435546875,-0.02073147939156884,1.0043844693840426e-05
0.54700000000000004,-0.022430419921875,-0.022428401734055921,-2.018187819079198e-06
0.54712499999999997,-0.020721435546875,-0.020710807750200552,-1.0627796674447798e-05
0.54725000000000001,-0.015838623046875,-0.015843468048354754,4.8450014797536689e-06
0.54737499999999994,-0.008575439453125,-0.0085701699210633375,-5.2695320616625435e-06
0.54749999999999999,0,-6.0117021486044186e-08,6.0117021486044186e-08
0.54762500000000003,0.008575439453125,0.0085614937397065598,1.3945713418440225e-05
0.54774999999999996,0.01580810546875,0.01581173064399773,-3.6251752477296784e-06
0.547875,0.020660400390625,0.020648728341405229,1.1672049219771385e-05
0.54800000000000004,0.0223388671875,0.022338876683456327,-9.4959563268215419e-09
0.54812499999999997,0.0206298828125,0.020628139352664537,1.7434598354633402e-06
0.54825000000000002,0.015777587890625,0.015780229990488243,-2.6420998632432913e-06
0.54837499999999995,0.008544921875,0.0085359667029358197,8.955172064180339e-06
0.54849999999999999,0,6.8550285602909174e-08,-6.8550285602909174e-08
0.54862500000000003,-0.008514404296875,-0.0085273078363596374,1.2903539484637391e-05
0.54874999999999996,-0.0157470703125,-0.015748602035298761,1.5317227987608761e-06
0.548875,-0.02056884765625,-0.020566290629161349,-2.5570270886510205e-06
0.54900000000000004,-0.022247314453125,-0.022249692012132904,2.37755900790379e-06
0.54912499999999997,-0.020538330078125,-0.020545783962574286,7.4538844492856582e-06
0.54925000000000002,-0.015716552734375,-0.015717227374468998,6.7464009399775815e-07
0.54937499999999995,-0.008514404296875,-0.0085018830202384533,-1.2521276636546716e-05
0.54949999999999999,0,-5.9946978144104313e-08,5.9946978144104313e-08
0.54962500000000003,0.00848388671875,0.0084932754050352395,-9.3886862852395059e-06
0.54974999999999996,0.01568603515625,0.015685742436942533,2.9271930746671559e-07
0.549875,0.020477294921875,0.020484199008438054,-6.904086563053885e-06
0.55000000000000004,0.02215576171875,0.022160880365739207,-5.1186469892071373e-06
0.55012499999999998,0.020477294921875,0.02046377433485199,1.3520587023009567e-05
0.55025000000000002,0.015655517578125,0.01565449326486695,1.024313258050219e-06
0.55037499999999995,0.008453369140625,0.0084679524002391014,-1.4583259614101354e-05
0.55049999999999999,0,6.8379549455812728e-08,-6.8379549455812728e-08
0.55062500000000003,-0.008453369140625,-0.0084593618286367255,5.9926880117255193e-06
0.55074999999999996,-0.015625,-0.015623116770607258,-1.8832293927420474e-06
0.550875,-0.020416259765625,-0.020402418093210459,-1.3841672414541262e-05
0.55100000000000005,-0.022064208984375,-0.022072406250732066,8.1972663570663296e-06
0.55112499999999998,-0.0203857421875,-0.020382075084786906,-3.6671027130938394e-06
0.55125000000000002,-0.015594482421875,-0.015591992585372258,-2.4898365027416908e-06
0.55137499999999995,-0.0084228515625,-0.0084341402274755329,1.1288664975532894e-05
0.55149999999999999,0,-5.9775552424294601e-08,5.9775552424294601e-08
0.55162500000000003,0.0084228515625,0.0084256006371341303,-2.7490746341302802e-06
0.55174999999999996,0.01556396484375,0.015560758106879027,3.2067368709726152e-06
0.551875,0.02032470703125,0.020320980647584131,3.7263836658689431e-06
0.55200000000000005,0.02197265625,0.021984302324133734,-1.1646074133734446e-05
0.55212499999999998,0.020294189453125,0.020300718977799271,-6.5295246742709534e-06
0.55225000000000002,0.015533447265625,0.01552975840857849,3.688857046510105e-06
0.55237499999999995,0.008392333984375,0.0084004800335503015,-8.1460491753015257e-06
0.55249999999999999,0,6.8207447378287101e-08,-6.8207447378287101e-08
0.55262500000000003,-0.008392333984375,-0.0083919572177706091,-3.767666043909268e-07
0.55274999999999996,-0.0155029296875,-0.015498631375450895,-4.2983120491051074e-06
0.55287500000000001,-0.020233154296875,-0.020239851296000817,6.6969991258172823e-06
0.55300000000000005,-0.021881103515625,-0.021896533103724358,1.5429588099358238e-05
0.55312499999999998,-0.020233154296875,-0.020219670639632537,-1.3483657242463476e-05
0.55325000000000002,-0.015472412109375,-0.015467755666178157,-4.6564431968425246e-06
0.55337499999999995,-0.00836181640625,-0.0083669372073325553,5.1208010825552763e-06
0.55349999999999999,0,-5.9602787129525919e-08,5.9602787129525919e-08
0.55362500000000003,0.00836181640625,0.0083584651048386714,3.3513014113285833e-06
0.55374999999999996,0.01544189453125,0.015436769654891784,5.1248763582156104e-06
0.55387500000000001,0.020172119140625,0.020159062812994802,1.305632763019815e-05
0.55400000000000005,0.021820068359375,0.021809131257804291,1.0937101570709234e-05
0.55412499999999998,0.0201416015625,0.020138962846125159,2.6387163748406439e-06
0.55425000000000002,0.015411376953125,0.015406017438731642,5.3595143933576894e-06
0.55437499999999995,0.008331298828125,0.0083335452847342773,-2.2464566092773169e-06
0.55449999999999999,0,6.8034021915292549e-08,-6.8034021915292549e-08
0.55462500000000003,-0.008331298828125,-0.0083250896898912647,-6.2091382337352979e-06
0.55474999999999997,-0.015380859375,-0.015375137882849232,-5.7214921507682537e-06
0.55487500000000001,-0.02008056640625,-0.020078579833389135,-1.9865728608653432e-06
0.55500000000000005,-0.021728515625,-0.021722061315386766,-6.454309613233844e-06
0.55512499999999998,-0.020050048828125,-0.020058560233393408,8.5114052684083508e-06
0.55525000000000002,-0.015350341796875,-0.015344508665866466,-5.8331310085341093e-06
0.55537499999999995,-0.00830078125,-0.0083002696589122883,-5.1159108771167694e-07
0.55549999999999999,0,-5.9428709522211805e-08,5.9428709522211805e-08
0.55562500000000004,0.00830078125,0.0082918645114997656,8.9167385002343613e-06
0.55574999999999997,0.01531982421875,0.015313769145804393,6.0550729456074898e-06
0.55587500000000001,0.019989013671875,0.019998435142059859,-9.4214701848588378e-06
0.55600000000000005,0.021636962890625,0.021635355955960393,1.6069346646073457e-06
0.55612499999999998,0.019989013671875,0.019978495587603291,1.0518084271708694e-05
0.55625000000000002,0.015289306640625,0.015283262436042881,6.0442045821187951e-06
0.55637499999999995,0.008270263671875,0.0082671438700627868,3.119801812213191e-06
0.55649999999999999,0,6.7859300134023087e-08,-6.7859300134023087e-08
0.55662500000000004,-0.008270263671875,-0.0082587549654880611,-1.1508706386938877e-05
0.55674999999999997,-0.0152587890625,-0.015252628389292438,-6.1606732075624587e-06
0.55687500000000001,-0.019927978515625,-0.019918593384132405,-9.3851314925952334e-06
0.55700000000000005,-0.02154541015625,-0.021548979719681977,3.5695634319765635e-06
0.55712499999999998,-0.0198974609375,-0.019898733555163174,1.2726176631741581e-06
0.55725000000000002,-0.015228271484375,-0.015222243696767156,-6.0277876078439901e-06
0.55737499999999995,-0.00823974609375,-0.0082341333156005954,-5.6127781494046125e-06
0.5575,0,-5.9253351484108768e-08,5.9253351484108768e-08
0.55762500000000004,0.00823974609375,0.008225794594690557,1.3951499059442971e-05
0.55774999999999997,0.01519775390625,0.015191748707657661,6.0051985923386536e-06
0.55787500000000001,0.01983642578125,0.019839087354738456,-2.6615734884556652e-06
0.55800000000000005,0.021453857421875,0.02146296529713923,-9.1078752642304028e-06
0.55812499999999998,0.019805908203125,0.019819306932488154,-1.3398729363154477e-05
0.55825000000000002,0.015167236328125,0.015161485544339898,5.7507837851016042e-06
0.55837499999999995,0.008209228515625,0.0082012715399538104,7.9569756711896089e-06
0.5585,0,6.7683308832901887e-08,-6.7683308832901887e-08
0.55862500000000004,-0.0081787109375,-0.0081929487991634284,1.4237861663428386e-05
0.55874999999999997,-0.01513671875,-0.01513109505425651,-5.6236957434903367e-06
0.55887500000000001,-0.019744873046875,-0.019759881709221848,1.500866234684789e-05
0.55900000000000005,-0.0213623046875,-0.02137727723954375,1.4972552043749504e-05
0.55912499999999998,-0.019744873046875,-0.019740180376194752,-4.6926706802480345e-06
0.55925000000000002,-0.015106201171875,-0.015100952934069481,-5.2482378055194318e-06
0.55937499999999996,-0.0081787109375,-0.0081685239447659239,-1.018699273407607e-05
0.5595,0,-5.9076739621303199e-08,5.9076739621303199e-08
0.55962500000000004,0.008148193359375,0.0081602511259610509,-1.2057766586050928e-05
0.55974999999999997,0.01507568359375,0.015070700531226817,4.9830625231828823e-06
0.55987500000000001,0.019683837890625,0.019681009252895652,2.8286377293483544e-06
0.56000000000000005,0.02130126953125,0.021291948248493901,9.3212827560994194e-06
0.56012499999999998,0.0196533203125,0.01966138669286363,-8.0663803636304987e-06
0.56025000000000003,0.015045166015625,0.015040678970037887,4.4870455871131448e-06
0.56037499999999996,0.008148193359375,0.0081359240786722676,1.2269280702732407e-05
0.5605,0,6.7506089037872909e-08,-6.7506089037872909e-08
0.56062500000000004,-0.00811767578125,-0.0081276669793427306,9.9911980927305799e-06
0.56074999999999997,-0.0150146484375,-0.015010530099690859,-4.1183378091409067e-06
0.56087500000000001,-0.01959228515625,-0.019602434651238839,1.0149494988839075e-05
0.56100000000000005,-0.021209716796875,-0.021206942886168003,-2.7739107069969793e-06
0.56112499999999998,-0.01959228515625,-0.019582890549241855,-9.3946070081445121e-06
0.56125000000000003,-0.014984130859375,-0.014980628615300352,-3.5022440746483585e-06
0.56137499999999996,-0.00811767578125,-0.0081034373475067732,-1.423843374322685e-05
0.5615,0,-5.8898914711286497e-08,5.8898914711286497e-08
0.56162500000000004,0.008087158203125,0.0080952299105536279,-8.07170742862795e-06
0.56174999999999997,0.01495361328125,0.014950616869511078,2.9964117389223721e-06
0.56187500000000001,0.01953125,0.019524190719661019,7.0592803389814274e-06
0.56200000000000006,0.0211181640625,0.021122293865087328,-4.1298025873284794e-06
0.56212499999999999,0.019500732421875,0.019504724761996498,-3.9923401214982113e-06
0.56225000000000003,0.014923095703125,0.014920834981654755,2.2607214702451139e-06
0.56237499999999996,0.008056640625,0.0080710973040740448,-1.4456679074044756e-05
0.5625,0,6.7327666668219076e-08,-6.7327666668219076e-08
0.56262500000000004,-0.008056640625,-0.0080629053280137798,6.2647030137797516e-06
0.56274999999999997,-0.014892578125,-0.014890925809510331,-1.6523154896686681e-06
0.56287500000000001,-0.019439697265625,-0.019446242133697379,6.5448680723785568e-06
0.56299999999999994,-0.021026611328125,-0.021037965758309532,1.1354430184531972e-05
0.56312499999999999,-0.019439697265625,-0.019426854007917042,-1.2843257707957634e-05
0.56325000000000003,-0.014862060546875,-0.014861263039838077,-7.9750703692316183e-07
0.56337499999999996,-0.008026123046875,-0.0080388693583739474,1.2746311498947407e-05
0.5635,0,-5.871990248586917e-08,5.871990248586917e-08
0.56362500000000004,0.008026123046875,0.0080307267871213527,-4.6037402463526556e-06
0.56374999999999997,0.01483154296875,0.014831490037227744,5.2931522255550423e-08
0.56387500000000002,0.019378662109375,0.019368621718775434,1.0040390599565935e-05
0.56399999999999995,0.020965576171875,0.02095399128919178,1.1584882683220166e-05
0.56412499999999999,0.01934814453125,0.019349311113678446,-1.1665824284461113e-06
0.56425000000000003,0.014801025390625,0.014801945909309418,-9.2051868441807294e-07
0.56437499999999996,0.00799560546875,0.0080067870673515198,-1.1181598601519779e-05
0.5645,0,6.714807213972405e-08,-6.714807213972405e-08
0.56462500000000004,-0.00799560546875,-0.0079986597004417011,3.0542316917011453e-06
0.56474999999999997,-0.0147705078125,-0.014772274529121969,1.7667166219686309e-06
0.56487500000000002,-0.019287109375,-0.01929129416040283,4.1847854028304043e-06
0.56499999999999995,-0.0208740234375,-0.020870335041584333,-3.6883959156665258e-06
0.56512499999999999,-0.019256591796875,-0.019272060766036301,1.5468969161300944e-05
0.56525000000000003,-0.014739990234375,-0.014742848568429622,2.8583340546221858e-06
0.56537499999999996,-0.007965087890625,-0.007974815845121672,9.7279544966719783e-06
0.5655,0,-5.8539728420197302e-08,5.8539728420197302e-08
0.56562500000000004,0.007965087890625,0.0079667376274884238,-1.6497368634238452e-06
0.56574999999999998,0.01470947265625,0.014713312410340839,-3.8397540908386568e-06
0.56587500000000002,0.01922607421875,0.019214292293943377,1.1781924806622546e-05
0.56599999999999995,0.020782470703125,0.020787029749593948,-4.5590464689479471e-06
0.56612499999999999,0.019195556640625,0.019195135801591864,4.2083903313561155e-07
0.56625000000000003,0.014678955078125,0.014684004144244466,-5.0490661194658309e-06
0.56637499999999996,0.0079345703125,0.0079429892527413566,-8.418940241356615e-06
0.5665,0,6.6967330742836525e-08,-6.6967330742836525e-08
0.56662500000000005,-0.0079345703125,-0.0079349259849303307,3.5567243033066132e-07
0.56674999999999998,-0.0146484375,-0.014654568664921368,6.1311649213677266e-06
0.56687500000000002,-0.019134521484375,-0.019137580814804971,3.0593304299712798e-06
0.56699999999999995,-0.02069091796875,-0.020704040007777522,1.3122039027521626e-05
0.56712499999999999,-0.01910400390625,-0.019118500916985606,1.4497010735605581e-05
0.56725000000000003,-0.014617919921875,-0.014625377622681318,7.4577008063181349e-06
0.56737499999999996,-0.007904052734375,-0.0079112727084165481,7.2199740415480884e-06
0.5675,0,-5.8358431828744521e-08,5.8358431828744521e-08
0.56762500000000005,0.007904052734375,0.0079032583363680894,7.9439800691055718e-07
0.56774999999999998,0.01458740234375,0.0145960764255628,-8.6740818127997721e-06
0.56787500000000002,0.019073486328125,0.019061192568206688,1.229375991831233e-05
0.56799999999999995,0.0206298828125,0.020621398560905699,8.4842515943005237e-06
0.56812499999999999,0.01904296875,0.019042188958669617,7.7979133038252879e-07
0.56825000000000003,0.014556884765625,0.014567002138318901,-1.0117372693900506e-05
0.56837499999999996,0.00787353515625,0.0078796997772789361,-6.1646210289360848e-06
0.56850000000000001,0,6.6785481552747784e-08,-6.6785481552747784e-08
0.56862500000000005,-0.00787353515625,-0.007871700102545582,-1.8350537044180271e-06
0.56874999999999998,-0.0145263671875,-0.014537800683813456,1.1433496313455541e-05
0.56887500000000002,-0.01898193359375,-0.018985092259374208,3.1586656242081623e-06
0.56899999999999995,-0.020538330078125,-0.020539070014156707,7.3993603170660616e-07
0.56912499999999999,-0.018951416015625,-0.018966164633092256,1.4748617467256336e-05
0.56925000000000003,-0.014495849609375,-0.014508842684584163,1.2993075209162888e-05
0.56937499999999996,-0.007843017578125,-0.0078482358815886531,5.218303463653054e-06
0.56950000000000001,0,-5.8176037341049967e-08,5.8176037341049967e-08
0.56962500000000005,0.007843017578125,0.0078402848511093248,2.7327270156751737e-06
0.56974999999999998,0.01446533203125,0.014479774579860554,-1.4442548610554481e-05
0.56987500000000002,0.0189208984375,0.018909312743305158,1.1585694194841956e-05
0.56999999999999995,0.02044677734375,0.020457087122880118,-1.0309779130118074e-05
0.57012499999999999,0.018890380859375,0.018890460796470762,-7.9937095762150356e-08
0.57025000000000003,0.01446533203125,0.014450932403535351,1.4399627714649366e-05
0.57037499999999997,0.0078125,0.0078169145905282907,-4.4145905282906572e-06
0.57050000000000001,0,6.6602549018992619e-08,-6.6602549018992619e-08
0.57062500000000005,-0.0078125,-0.0078089780068415346,-3.5219931584654432e-06
0.57074999999999998,-0.014434814453125,-0.014421963112717125,-1.2851340407874987e-05
0.57087500000000002,-0.018829345703125,-0.018833818734966506,4.4730318415064918e-06
0.57099999999999995,-0.0203857421875,-0.020375414502790873,-1.032768470912715e-05
0.57112499999999999,-0.018829345703125,-0.018815042164985064,-1.4303538139935623e-05
0.57125000000000004,-0.014404296875,-0.014393236296042486,-1.1060578957514111e-05
0.57137499999999997,-0.007781982421875,-0.0077857013303840976,3.7189085090975904e-06
0.57150000000000001,0,-5.7992573963573261e-08,5.7992573963573261e-08
0.57162500000000005,0.007781982421875,0.0077778131414195859,4.1692804554141483e-06
0.57174999999999998,0.014373779296875,0.014364399429995338,9.3798668796621354e-06
0.57187500000000002,0.018768310546875,0.018758643099052986,9.6674478220135085e-06
0.57199999999999995,0.020294189453125,0.020294084919733175,1.0453339182453503e-07
0.57212499999999999,0.01873779296875,0.0187399416045433,-2.1486357933003797e-06
0.57225000000000004,0.01434326171875,0.014335787511570598,7.4742071794024756e-06
0.57237499999999997,0.00775146484375,0.007754629674340088,-3.164830590087972e-06
0.57250000000000001,0,6.6418557346084257e-08,-6.6418557346084257e-08
0.57262500000000005,-0.00775146484375,-0.0077467556836274976,-4.7091601225023733e-06
0.57274999999999998,-0.014312744140625,-0.014307048538106859,-5.6956025181412878e-06
0.57287500000000002,-0.0186767578125,-0.018683750560193509,6.9927476935086053e-06
0.57299999999999995,-0.02020263671875,-0.020213062999874694,1.0426281124693848e-05
0.573125,-0.0186767578125,-0.018665123840975878,-1.1633971524122044e-05
0.57325000000000004,-0.0142822265625,-0.014278551058376792,-3.6755041232083147e-06
0.57337499999999997,-0.007720947265625,-0.0077236650526808833,2.7177870558833112e-06
0.57350000000000001,0,-5.7808065723494318e-08,5.7808065723494318e-08
0.57362500000000005,0.007720947265625,0.0077158392091327905,5.1080564922095437e-06
0.57374999999999998,0.014251708984375,0.014249943592032958,1.765392342041594e-06
0.57387500000000002,0.01861572265625,0.018609173992709692,6.5486635403080862e-06
0.57399999999999995,0.0201416015625,0.020132381519470659,9.2200430293412627e-06
0.574125,0.018585205078125,0.018590621749808162,-5.4166716831616224e-06
0.57425000000000004,0.01422119140625,0.0142215600932804,-3.6868703040017492e-07
0.57437499999999997,0.0076904296875,0.0076928410425686098,-2.411355068609837e-06
0.57450000000000001,0,6.623354420026037e-08,-6.623354420026037e-08
0.57462500000000005,-0.0076904296875,-0.0076850291506979232,-5.4005368020767705e-06
0.57474999999999998,-0.014190673828125,-0.014193049605528217,2.3757774032170942e-06
0.57487500000000002,-0.018524169921875,-0.018534878130813604,1.0708208938604163e-05
0.57499999999999996,-0.020050048828125,-0.020052005115058197,1.9562869331968269e-06
0.575125,-0.018524169921875,-0.018516400066445868,-7.769855429131528e-06
0.57525000000000004,-0.01416015625,-0.014164779631863487,4.6233818634874857e-06
0.57537499999999997,-0.007659912109375,-0.0076621230782501189,2.2109688751189085e-06
0.57550000000000001,0,-5.7622550056621719e-08,5.7622550056621719e-08
0.57562500000000005,0.007659912109375,0.0076543590879403238,5.5530214346762377e-06
0.57574999999999998,0.014129638671875,0.014136399740877815,-6.7610690028148401e-06
0.57587500000000003,0.018463134765625,0.018460895858373554,2.2389072514457375e-06
0.57599999999999996,0.01995849609375,0.019971966573220604,-1.3470479470603647e-05
0.576125,0.0184326171875,0.018442491675947928,-9.8744884479279316e-06
0.57625000000000004,0.01409912109375,0.014108242838237885,-9.1217444878853582e-06
0.57637499999999997,0.00762939453125,0.007631544740829747,-2.1502095797470283e-06
0.57650000000000001,0,6.6047532972778952e-08,-6.6047532972778952e-08
0.57662500000000005,-0.00762939453125,-0.0076237944575650125,-5.6000736849875013e-06
0.57674999999999998,-0.014068603515625,-0.014079959019117539,1.1355503492538679e-05
0.57687500000000003,-0.018402099609375,-0.018387191919110171,-1.4907690264829437e-05
0.57699999999999996,-0.0198974609375,-0.019892230540781822,-5.2303967181775712e-06
0.577125,-0.01837158203125,-0.018368861323220853,-2.7207080291469232e-06
0.57725000000000004,-0.0140380859375,-0.014051914735258667,1.3828797758666869e-05
0.57737499999999997,-0.007598876953125,-0.0076010714684934004,2.1945153684003668e-06
0.57750000000000001,0,-5.7436050181407724e-08,5.7436050181407724e-08
0.57762500000000006,0.007598876953125,0.0075933688431246878,5.508110000312233e-06
0.57774999999999999,0.0140380859375,0.014023760609791177,1.432532770882268e-05
0.57787500000000003,0.018310546875,0.018313799206364091,-3.2523313640911433e-06
0.57799999999999996,0.019805908203125,0.019812829814570915,-6.9216114459147438e-06
0.578125,0.018310546875,0.018295541902784686,1.5004972215314216e-05
0.57825000000000004,0.014007568359375,0.013995828494275228,1.1739865099771526e-05
0.57837499999999997,0.007568359375,0.0075707368462603697,-2.3774712603697248e-06
0.57850000000000001,0,6.5860546819499497e-08,-6.5860546819499497e-08
0.57862499999999994,-0.007568359375,-0.0075630476852271283,-5.3116897728716639e-06
0.57874999999999999,-0.01397705078125,-0.013967769541154465,-9.2812400955353397e-06
0.57887500000000003,-0.01824951171875,-0.018240682473285273,-8.8292454647267982e-06
0.57899999999999996,-0.019744873046875,-0.019733729051616713,-1.1143995258287159e-05
0.579125,-0.018218994140625,-0.018222498168969255,3.5040283442554221e-06
0.57925000000000004,-0.013946533203125,-0.013939949145344898,-6.5840577801023342e-06
0.57937499999999997,-0.007537841796875,-0.0075405063162074923,2.6645193324922531e-06
0.57950000000000002,0,-5.7248589082478533e-08,5.7248589082478533e-08
0.57962499999999995,0.007537841796875,0.0075328645713288716,4.9772255461284082e-06
0.57974999999999999,0.013916015625,0.013912018989945527,3.9966350544734519e-06
0.57987500000000003,0.018157958984375,0.018167874622609517,-9.9156382345165495e-06
0.57999999999999996,0.0196533203125,0.01965496105891238,-1.6407464123804893e-06
0.580125,0.018157958984375,0.018149763025678622,8.1959586963782638e-06
0.58025000000000004,0.013885498046875,0.013884309867000202,1.188179874798273e-06
0.58037499999999997,0.00750732421875,0.0075104134672420372,-3.0892484920372332e-06
0.58050000000000002,0,6.5672622042555809e-08,-6.5672622042555809e-08
0.58062499999999995,-0.00750732421875,-0.0075027849459176491,-4.5392728323509143e-06
0.58074999999999999,-0.01385498046875,-0.013856473991585723,1.4935228357226132e-06
0.58087500000000003,-0.018096923828125,-0.018095340416847891,-1.583411277109037e-06
0.58099999999999996,-0.019561767578125,-0.019576490503610308,1.472292548530818e-05
0.581125,-0.01806640625,-0.0180773012365943,1.0894986594300188e-05
0.58125000000000004,-0.013824462890625,-0.013828875696449715,4.4128058247147606e-06
0.58137499999999998,-0.007476806640625,-0.0074804237453091112,3.6171046841112359e-06
0.58150000000000002,0,-5.7060202838883188e-08,5.7060202838883188e-08
0.58162499999999995,0.007476806640625,0.0074728424003061731,3.9642403188268685e-06
0.58174999999999999,0.0137939453125,0.013801167729953347,-7.2224174533473684e-06
0.58187500000000003,0.018035888671875,0.018023112768054725,1.2775903820275158e-05
0.58199999999999996,0.019500732421875,0.019498350202786813,2.382219088187254e-06
0.582125,0.01800537109375,0.018005145714931257,2.2537881874326593e-07
0.58225000000000005,0.013763427734375,0.013773679819348654,-1.0252084973653638e-05
0.58237499999999998,0.0074462890625,0.00745057074316472,-4.2816806647199765e-06
0.58250000000000002,0,6.5483781011371926e-08,-6.5483781011371926e-08
0.58262499999999995,-0.0074462890625,-0.0074430023828354055,-3.2866796645944843e-06
0.58274999999999999,-0.01373291015625,-0.013746065247572003,1.3155091322002849e-05
0.58287500000000003,-0.0179443359375,-0.017951156448024162,6.820510524162271e-06
0.58299999999999996,-0.0194091796875,-0.019420504833637168,1.1325146137167869e-05
0.583125,-0.0179443359375,-0.017933261233641355,-1.1074703858644785e-05
0.58325000000000005,-0.01373291015625,-0.013718687279996747,-1.4222876253253483e-05
0.58337499999999998,-0.007415771484375,-0.0074208199105996065,5.0484262246065087e-06
0.58350000000000002,0,-5.6870913653202509e-08,5.6870913653202509e-08
0.58362499999999995,0.007415771484375,0.0074132984886517445,2.472995723255475e-06
0.58374999999999999,0.013702392578125,0.013691199735400153,1.1192842724846649e-05
0.58387500000000003,0.01788330078125,0.017879504378058256,3.7964031917442354e-06
0.58399999999999996,0.01934814453125,0.019342987223240477,5.1573080095228263e-06
0.58412500000000001,0.017852783203125,0.017861680715178029,-8.8975120530292162e-06
0.58425000000000005,0.013671875,0.013663931271121407,7.9437288785927374e-06
0.58437499999999998,0.00738525390625,0.0073912048441918806,-5.9509379418806393e-06
0.58450000000000002,0,6.5294050258575427e-08,-6.5294050258575427e-08
0.58462499999999995,-0.00738525390625,-0.0073836961699145429,-1.5577363354571383e-06
0.58474999999999999,-0.013641357421875,-0.01363653624301958,-4.8211788554203966e-06
0.58487500000000003,-0.017822265625,-0.017808121339156872,-1.4144285843127602e-05
0.58499999999999996,-0.019256591796875,-0.019265762058754885,9.1702618798851498e-06
0.58512500000000001,-0.017791748046875,-0.017790368941693002,-1.3791051819977973e-06
0.58525000000000005,-0.01361083984375,-0.013609376844060076,-1.4629996899235415e-06
0.58537499999999998,-0.007354736328125,-0.0073616909975309647,6.9546694059646752e-06
0.58550000000000002,0,-5.6680743503443684e-08,5.6680743503443684e-08
0.58562499999999995,0.007354736328125,0.0073542290255773825,5.0730254761745253e-07
0.58574999999999999,0.013580322265625,0.013582107968409333,-1.7857027843331402e-06
0.58587500000000003,0.017730712890625,0.017737040261794412,-6.3273711694115942e-06
0.58599999999999997,0.019195556640625,0.019188862177182599,6.6944634424005722e-06
0.58612500000000001,0.017730712890625,0.017719358844802847,1.1354045822153241e-05
0.58625000000000005,0.0135498046875,0.013555057198543564,-5.2525110435640981e-06
0.58637499999999998,0.00732421875,0.0073323119709907446,-8.0932209907446165e-06
0.58650000000000002,0,6.5103451597817887e-08,-6.5103451597817887e-08
0.58662499999999995,-0.00732421875,-0.0073248625115794894,6.4376157948940055e-07
0.58674999999999999,-0.013519287109375,-0.013527879968146894,8.5928587718938493e-06
0.58687500000000004,-0.017669677734375,-0.01766622593610986,-3.4517982651395551e-06
0.58699999999999997,-0.01910400390625,-0.019112252275565247,8.2483693152474169e-06
0.58712500000000001,-0.01763916015625,-0.017648615215784202,9.4550595342024479e-06
0.58725000000000005,-0.01348876953125,-0.013500937392894116,1.216786164411586e-05
0.58737499999999998,-0.007293701171875,-0.0073030332219371731,9.3320500621730737e-06
0.58750000000000002,0,-5.6489727155192312e-08,5.6489727155192312e-08
0.58762499999999995,0.007293701171875,0.0072956302306473094,-1.9290587723094083e-06
0.58774999999999999,0.01348876953125,0.01347388544718215,1.4884084067849634e-05
0.58787500000000004,0.017608642578125,0.017595711301675192,1.2931276449808238e-05
0.58799999999999997,0.01904296875,0.019035965200749062,7.0035492509383512e-06
0.58812500000000001,0.017578125,0.0175781709953471,-4.5995347100480366e-08
0.58825000000000005,0.013458251953125,0.013447050633796318,1.1201319328682166e-05
0.58837499999999998,0.00726318359375,0.0072738883545055959,-1.0704760755595941e-05
0.58850000000000002,0,6.4912019579892211e-08,-6.4912019579892211e-08
0.58862499999999995,-0.00726318359375,-0.0072664976424859371,3.3140487359370821e-06
0.58875,-0.013427734375,-0.013420089469026413,-7.6449059735871766e-06
0.58887500000000004,-0.01751708984375,-0.017525461157692313,8.371313942313191e-06
0.58899999999999997,-0.018951416015625,-0.018959965659580389,8.5496439553890691e-06
0.58912500000000001,-0.01751708984375,-0.017507990983822018,-9.0988599279820392e-06
0.58925000000000005,-0.013397216796875,-0.013393361986498445,-3.8548103765551067e-06
0.58937499999999998,-0.007232666015625,-0.007244842829804434,1.2176814179433969e-05
0.58950000000000002,0,-5.6297885830281751e-08,5.6297885830281751e-08
0.58962499999999995,0.007232666015625,0.007237498353560543,-4.8323379355430171e-06
0.58975,0.01336669921875,0.013366525245541837,1.7397320816250894e-07
0.58987500000000004,0.0174560546875,0.017455508452759956,5.4623474004394934e-07
0.58999999999999997,0.018890380859375,0.018884286508671064,6.0943507039362688e-06
0.59012500000000001,0.017425537109375,0.017438108130933362,-1.257102155836215e-05
0.59025000000000005,0.013336181640625,0.013339904664580448,-3.7230239554476158e-06
0.59037499999999998,0.0072021484375,0.0072159302557084923,-1.3781818208492315e-05
0.59050000000000002,0,6.4719775266510914e-08,-6.4719775266510914e-08
0.59062499999999996,-0.0072021484375,-0.0072085978273040653,6.4493898040652795e-06
0.59075,-0.0133056640625,-0.013313157847130523,7.4937846305227901e-06
0.59087500000000004,-0.01739501953125,-0.017385817995072404,-9.2015361775957261e-06
0.59099999999999997,-0.018798828125,-0.018808892464594041,1.0064339594040989e-05
0.59112500000000001,-0.017364501953125,-0.017368487245994973,3.9852928699728174e-06
0.59125000000000005,-0.013275146484375,-0.01328664374016751,1.1497255792509639e-05
0.59137499999999998,-0.0072021484375,-0.0071871160970427622,-1.5032340457237815e-05
0.59150000000000003,0,-5.6105244803019861e-08,5.6105244803019861e-08
0.59162499999999996,0.007171630859375,0.0071798296738985702,-8.198814523570179e-06
0.59175,0.013275146484375,0.013260020492508736,1.5125991866263983e-05
0.59187500000000004,0.017303466796875,0.017316422742179944,-1.2955945304943955e-05
0.59199999999999997,0.01873779296875,0.018733816393648926,3.9765751010736872e-06
0.59212500000000001,0.017303466796875,0.017299161287677115,4.3055091978848326e-06
0.59225000000000005,0.01324462890625,0.013233612433682986,1.1016472567014143e-05
0.59237499999999998,0.007171630859375,0.0071584339653758319,1.3196893999168138e-05
0.59250000000000003,0,6.4526739505219378e-08,-6.4526739505219378e-08
0.59262499999999996,-0.00714111328125,-0.007151159360467234,1.0046079217234001e-05
0.59275,-0.013214111328125,-0.013207078258908387,-7.0330692166133829e-06
0.59287500000000004,-0.017242431640625,-0.017247287511195933,4.8558705709328409e-06
0.59299999999999997,-0.018646240234375,-0.018659023022057783,1.2782787682782959e-05
0.59312500000000001,-0.017242431640625,-0.017230095074203772,-1.2336566421227574e-05
0.59325000000000006,-0.01318359375,-0.013180775824062085,-2.8179259379153276e-06
0.59337499999999999,-0.00714111328125,-0.0071298493292236706,-1.126395202632937e-05
0.59350000000000003,0,-5.5911824763224763e-08,5.5911824763224763e-08
0.59362499999999996,0.007110595703125,0.0071226205008755169,-1.2024797750516923e-05
0.59375,0.013153076171875,0.013154364371848267,-1.2881999732674426e-06
0.59387500000000004,0.017181396484375,0.017178445268557423,2.9512158175766523e-06
0.59399999999999997,0.018585205078125,0.018584545225730817,6.5985239418309138e-07
0.59412500000000001,0.01715087890625,0.01716132157311815,-1.0442666868150374e-05
0.59424999999999994,0.01312255859375,0.013128167138523088,-5.6085447730884475e-06
0.59437499999999999,0.007110595703125,0.0071013958038271246,9.1998992978754163e-06
0.59450000000000003,0,6.4332945582231016e-08,-6.4332945582231016e-08
0.59462499999999996,-0.007080078125,-0.0070941785659231595,1.4100440923159492e-05
0.59475,-0.013092041015625,-0.013101843915338656,9.8028997136557355e-06
0.59487500000000004,-0.017120361328125,-0.017109860840224162,-1.0500487900837879e-05
0.59499999999999997,-0.018524169921875,-0.018510347740462289,-1.3822181412711382e-05
0.59512500000000002,-0.01708984375,-0.017092805611486607,2.961861486606987e-06
0.59524999999999995,-0.0130615234375,-0.013075751462756994,1.4228025256994223e-05
0.59537499999999999,-0.007080078125,-0.0070730388613597598,-7.0392636402401981e-06
0.59550000000000003,0,-5.5717658790321477e-08,5.5717658790321477e-08
0.59562499999999996,0.007080078125,0.0070658671731256856,1.4210951874314356e-05
0.59575,0.0130615234375,0.01304955012164072,1.1973315859279896e-05
0.59587500000000004,0.01702880859375,0.017041567201445888,-1.2758607695888269e-05
0.59599999999999997,0.0184326171875,0.018436463451696413,-3.8462641964130684e-06
0.59612500000000002,0.01702880859375,0.017024580165656219,4.228428093781128e-06
0.59624999999999995,0.013031005859375,0.013023562030716886,7.4438286581136881e-06
0.59637499999999999,0.007049560546875,0.0070448121207015565,4.7484261734434888e-06
0.59650000000000003,0,6.4138413618107554e-08,-6.4138413618107554e-08
0.59662499999999996,-0.007049560546875,-0.0070376517969222728,-1.1908749952727234e-05
0.59675,-0.01300048828125,-0.012997448081486151,-3.0401997638488526e-06
0.59687500000000004,-0.0169677734375,-0.016973529186959862,5.7557494598618753e-06
0.59699999999999998,-0.01837158203125,-0.018362857104723421,-8.7249265265793019e-06
0.59712500000000002,-0.0169677734375,-0.016956610071458808,-1.1163366041191947e-05
0.59724999999999995,-0.012969970703125,-0.012971563934807664,1.5932316826637594e-06
0.59737499999999999,-0.00701904296875,-0.0070166810576622902,-2.3619110877098198e-06
0.59750000000000003,0,-5.5522766851229167e-08,5.5522766851229167e-08
0.59762499999999996,0.00701904296875,0.0070095660584533559,9.4769102966440685e-06
0.59775,0.012939453125,0.012945571033836641,-6.1179088366412893e-06
0.59787500000000005,0.01690673828125,0.016905779780759893,9.5850049010651195e-07
0.59799999999999998,0.018280029296875,0.018289561594445562,-9.5322975705615376e-06
0.59812500000000002,0.016876220703125,0.016888928313976773,-1.2707610851772633e-05
0.59824999999999995,0.012908935546875,0.012919790415660541,-1.085486878554115e-05
0.59837499999999999,0.006988525390625,0.0069886792947358896,-1.5390411088958555e-07
0.59850000000000003,0,6.3943167678096742e-08,-6.3943167678096742e-08
0.59862499999999996,-0.006988525390625,-0.0069815754357723855,-6.9499548526145288e-06
0.59875,-0.012908935546875,-0.012893884076088727,-1.5051470786273113e-05
0.59887500000000005,-0.016845703125,-0.016838283826287638,-7.4192987123619658e-06
0.59899999999999998,-0.018218994140625,-0.018216541675573343,-2.4524650516569158e-06
0.59912500000000002,-0.016815185546875,-0.016821499737740789,6.3141908657887713e-06
0.59924999999999995,-0.01287841796875,-0.012868206572334884,-1.0211396415115565e-05
0.59937499999999999,-0.0069580078125,-0.0069607723113239307,2.7644988239306639e-06
0.59950000000000003,0,-5.5327168708702816e-08,5.5327168708702816e-08
0.59962499999999996,0.0069580078125,0.0069537135536081353,4.2942588918647162e-06
0.59975000000000001,0.012847900390625,0.012842420453845343,5.4799367796565246e-06
0.59987500000000005,0.01678466796875,0.016771074316209725,1.3593652540274531e-05
0.59999999999999998,0.018157958984375,0.018143830252391697,1.41287319833025e-05
0.60012500000000002,0.016754150390625,0.016754357336495787,-2.069458707870675e-07
0.60024999999999995,0.0128173828125,0.012816845652086888,5.3716041311172025e-07
0.60037499999999999,0.006927490234375,0.0069329937335094027,-5.5034991344026646e-06
0.60050000000000003,0,6.3747227373613989e-08,-6.3747227373613989e-08
0.60062499999999996,-0.006927490234375,-0.0069259458935957401,-1.5443407792598701e-06
0.60075000000000001,-0.012786865234375,-0.012791145271117734,4.2800367427344582e-06
0.60087500000000005,-0.016693115234375,-0.016704116102609197,1.1000868234196937e-05
0.60099999999999998,-0.01806640625,-0.018071392088956362,4.9858389563617322e-06
0.60112500000000002,-0.016693115234375,-0.016687465963405135,-5.6492709698645338e-06
0.60124999999999995,-0.01275634765625,-0.012765672760583189,9.3251043331889216e-06
0.60137499999999999,-0.00689697265625,-0.006905309044264743,8.3363880147430125e-06
0.60150000000000003,0,-5.5130896224773771e-08,5.5130896224773771e-08
0.60162499999999997,0.00689697265625,0.0068983060840390326,-1.3334277890325597e-06
0.60175000000000001,0.012725830078125,0.012740091780100028,-1.426170197502824e-05
0.60187500000000005,0.016632080078125,0.016637442186754788,-5.362108629787532e-06
0.60199999999999998,0.01800537109375,0.017999260098860187,6.1109948898130373e-06
0.60212500000000002,0.016632080078125,0.016620858620808841,1.1221457316159394e-05
0.60224999999999995,0.012725830078125,0.012714721151655057,1.1108926469943423e-05
0.60237499999999999,0.006866455078125,0.0068777518732295482,-1.1296795104548223e-05
0.60250000000000004,0,6.3550624367628324e-08,-6.3550624367628324e-08
0.60262499999999997,-0.006866455078125,-0.0068707596101224237,4.3045319974236579e-06
0.60275000000000001,-0.0126953125,-0.012689225091359679,-6.0874086403213401e-06
0.60287500000000005,-0.016571044921875,-0.01657101742929892,-2.7492576080284659e-08
0.60299999999999998,-0.017913818359375,-0.017927399055429668,1.3580696054667912e-05
0.60312500000000002,-0.01654052734375,-0.01655450017042788,1.3972826677879913e-05
0.60324999999999995,-0.012664794921875,-0.012663955937512128,-8.3898436287199729e-07
0.60337499999999999,-0.0068359375,-0.0068502877069149077,1.435020691490773e-05
0.60350000000000004,0,-5.4933968463368067e-08,5.4933968463368067e-08
0.60362499999999997,0.0068359375,0.0068433401036886938,-7.4026036886937555e-06
0.60375000000000001,0.01263427734375,0.012638578463626635,-4.3011198766346181e-06
0.60387500000000005,0.016510009765625,0.016504874840045484,5.1349255795161974e-06
0.60399999999999998,0.017852783203125,0.017855841881491405,-3.0586783664049433e-06
0.60412500000000002,0.0164794921875,0.016488423623130442,-8.9314356304416587e-06
0.60424999999999995,0.012603759765625,0.012613410378511295,-9.6506128862954704e-06
0.604375,0.0068359375,0.0068229501784962268,1.2987321503773151e-05
0.60450000000000004,0,6.335337757666579e-08,-6.335337757666579e-08
0.60462499999999997,-0.006805419921875,-0.0068160130534470759,1.0593131572075865e-05
0.60475000000000001,-0.0125732421875,-0.012588117013983881,1.4874826483881123e-05
0.60487500000000005,-0.016448974609375,-0.016438979288149521,-9.995321225478998e-06
0.60499999999999998,-0.017791748046875,-0.0177845533595688,-7.1946873062000982e-06
0.60512500000000002,-0.01641845703125,-0.01642259384913005,4.1368178800502142e-06
0.60524999999999995,-0.0125732421875,-0.01256304959335885,-1.0192594141150355e-05
0.605375,-0.006805419921875,-0.0067957047779987623,-9.7151438762377307e-06
0.60550000000000004,0,-5.4736404292511298e-08,5.4736404292511298e-08
0.60562499999999997,0.00677490234375,0.0067888120947548238,-1.390975100482375e-05
0.60575000000000001,0.012542724609375,0.012537874007642183,4.8506017328170392e-06
0.60587500000000005,0.016387939453125,0.016373363791878984,1.4575661246015587e-05
0.60599999999999998,0.0177001953125,0.017713566421648615,-1.3371109148615362e-05
0.60612500000000002,0.016357421875,0.016357043867753562,3.7800724643835548e-07
0.60624999999999996,0.01251220703125,0.012512906848882403,-6.9981763240259398e-07
0.606375,0.00677490234375,0.0067685851420905439,6.3172016594561023e-06
0.60650000000000004,0,6.3155505722702147e-08,-6.3155505722702147e-08
0.60662499999999997,-0.00677490234375,-0.006761702719810434,-1.3199623939566009e-05
0.60675000000000001,-0.012481689453125,-0.01248781456814237,6.1251150173698143e-06
0.60687500000000005,-0.01629638671875,-0.016307993228822273,1.1606510072273424e-05
0.60699999999999998,-0.01763916015625,-0.017642845859377872,3.6857031278716978e-06
0.60712500000000003,-0.01629638671875,-0.016291738557637853,-4.6481611121473865e-06
0.60724999999999996,-0.012451171875,-0.012462947270230305,1.1775395230305408e-05
0.607375,-0.006744384765625,-0.006741556764286785,-2.8280013382149874e-06
0.60750000000000004,0,-5.4538234395977497e-08,5.4538234395977497e-08
0.60762499999999997,0.006744384765625,0.0067347185674539473,9.6661981710526729e-06
0.60775000000000001,0.012451171875,0.012437971967127297,1.319990787270256e-05
0.60787500000000005,0.0162353515625,0.016242900625650109,-7.5490631501091976e-06
0.60799999999999998,0.017578125,0.017572424613830528,5.7003861694722435e-06
0.60812500000000003,0.0162353515625,0.01622671094650411,8.6406159958904438e-06
0.60824999999999996,0.012420654296875,0.012413204130655005,7.4501662199952245e-06
0.608375,0.0067138671875,0.0067146532847277866,-7.8609722778660157e-07
0.60850000000000004,0,6.2957039296856998e-08,-6.2957039296856998e-08
0.60862499999999997,-0.0067138671875,-0.0067078251333602063,-6.0420541397937164e-06
0.60875000000000001,-0.01239013671875,-0.012388311334546993,-1.8253842030066525e-06
0.60887500000000006,-0.01617431640625,-0.016178050868315492,3.7344620654918004e-06
0.60899999999999999,-0.01751708984375,-0.01750226748570451,-1.482235804549023e-05
0.60912500000000003,-0.01617431640625,-0.016161925921346961,-1.2390484903038873e-05
0.60924999999999996,-0.012359619140625,-0.012363642561698389,4.0234210733885306e-06
0.609375,-0.006683349609375,-0.0066878402003834967,4.4905910084967054e-06
0.60950000000000004,0,-5.4339476966298244e-08,5.4339476966298244e-08
0.60962499999999997,0.006683349609375,0.0066810560598205317,2.2935495544683382e-06
0.60975000000000001,0.0123291015625,0.012338865948419486,-9.7643859194862515e-06
0.60987499999999994,0.01611328125,0.016113476991820402,-1.957418204016903e-07
0.60999999999999999,0.017425537109375,0.017432407425088562,-6.8703157135620307e-06
0.61012500000000003,0.016082763671875,0.016097416518208913,-1.4652846333913089e-05
0.61024999999999996,0.0123291015625,0.012314295842975243,1.4805719524757163e-05
0.610375,0.00665283203125,0.0066611511548461703,-8.3191235961703122e-06
0.61050000000000004,0,6.275799634943129e-08,-6.275799634943129e-08
0.61062499999999997,-0.00665283203125,-0.0066543768459509916,1.5448147009915897e-06
0.61075000000000002,-0.012298583984375,-0.01228960094505017,-8.9830393248304524e-06
0.61087499999999995,-0.01605224609375,-0.016049143890420347,-3.1022033296530804e-06
0.61099999999999999,-0.017364501953125,-0.017362809241659404,-1.6927114655958253e-06
0.61112500000000003,-0.016021728515625,-0.016033147632377308,1.1419116752307834e-05
0.61124999999999996,-0.01226806640625,-0.01226512911237288,-2.9372938771202867e-06
0.611375,-0.006622314453125,-0.006634551648516597,1.2237195391597011e-05
0.61150000000000004,0,-5.4140153948050453e-08,5.4140153948050453e-08
0.61162499999999997,0.006622314453125,0.0066278211374704039,-5.50668434540387e-06
0.61175000000000002,0.012237548828125,0.012240549608792693,-3.0007806676932147e-06
0.61187499999999995,0.0159912109375,0.015985084607383654,6.1263301163461126e-06
0.61199999999999999,0.017303466796875,0.017293505894448741,9.9609024262585499e-06
0.61212500000000003,0.015960693359375,0.015969152308152709,-8.4589487777085581e-06
0.61224999999999996,0.01220703125,0.012216175655823369,-9.1444058233688258e-06
0.612375,0.006622314453125,0.0066080753283968294,1.4239124728170592e-05
0.61250000000000004,0,6.2558394744116998e-08,-6.2558394744116998e-08
0.61262499999999998,-0.006591796875,-0.0066013544369122731,9.5575619122731034e-06
0.61275000000000002,-0.012176513671875,-0.012191677082254328,1.5163410379328071e-05
0.61287499999999995,-0.01593017578125,-0.015921264045196171,-8.9117360538293333e-06
0.61299999999999999,-0.0172119140625,-0.01722446220204054,1.254813954053996e-05
0.61312500000000003,-0.015899658203125,-0.015905395449047559,5.7372459225588091e-06
0.61324999999999996,-0.012176513671875,-0.012167400617503321,-9.1130543716788637e-06
0.613375,-0.006591796875,-0.0065816876982948509,-1.010917670514911e-05
0.61350000000000005,0,-5.3940283064838433e-08,5.3940283064838433e-08
0.61362499999999998,0.006561279296875,0.0065750103933883376,-1.3731096513337586e-05
0.61375000000000002,0.01214599609375,0.012143016656068262,2.9794376817382506e-06
0.61387499999999995,0.015869140625,0.015857715255328236,1.1425369671764357e-05
0.61399999999999999,0.01715087890625,0.017155711132338203,-4.8322260882034673e-06
0.61412500000000003,0.015838623046875,0.0158419101075532,-3.2870606781996992e-06
0.61424999999999996,0.012115478515625,0.01211883728961728,-3.3587739922801702e-06
0.614375,0.006561279296875,0.006555422408602643,5.8568882723569748e-06
0.61450000000000005,0,6.2358263837957038e-08,-6.2358263837957038e-08
0.61462499999999998,-0.006561279296875,-0.0065487545128187236,-1.252478405627637e-05
0.61475000000000002,-0.0120849609375,-0.012094533479098996,9.5725415989959123e-06
0.61487499999999995,-0.01580810546875,-0.015794403148434936,-1.3702320315063521e-05
0.61499999999999999,-0.01708984375,-0.017087217512761987,-2.6262372380125854e-06
0.61512500000000003,-0.015777587890625,-0.015778661195344629,1.0733047196287426e-06
0.61524999999999996,-0.0120849609375,-0.012070450822583763,-1.4510114916236813e-05
0.61537500000000001,-0.00653076171875,-0.0065292449665045865,-1.5167522454135468e-06
0.61550000000000005,0,-5.3739893488284271e-08,5.3739893488284271e-08
0.61562499999999998,0.00653076171875,0.0065226204476955228,8.1412710544771782e-06
0.61575000000000002,0.012054443359375,0.012046260848203708,8.1825111712917342e-06
0.61587499999999995,0.015716552734375,0.015731360784118777,-1.4808049743776641e-05
0.61599999999999999,0.01702880859375,0.017019014320016283,9.7942737337167185e-06
0.61612500000000003,0.015716552734375,0.015715681773040172,8.7096133482775229e-07
0.61624999999999996,0.01202392578125,0.012022274514818777,1.6512664312226533e-06
0.61637500000000001,0.006500244140625,0.0065031890257520085,-2.9448851270085299e-06
0.61650000000000005,0,6.2157620845472823e-08,-6.2157620845472823e-08
0.61662499999999998,-0.006500244140625,-0.0064965737072948514,-3.670433330148562e-06
0.61675000000000002,-0.011993408203125,-0.011998163918451541,4.7557153265414404e-06
0.61687499999999995,-0.015655517578125,-0.015668553081137529,1.3035503012528982e-05
0.61699999999999999,-0.016937255859375,-0.016951066390287237,1.3810530912237301e-05
0.61712500000000003,-0.015655517578125,-0.015652936760406386,-2.5808177186135983e-06
0.61724999999999997,-0.011962890625,-0.01197427352293581,1.1382897935809794e-05
0.61737500000000001,-0.0064697265625,-0.0064772200968859321,7.4935343859321157e-06
0.61750000000000005,0,-5.3539002296504923e-08,5.3539002296504923e-08
0.61762499999999998,0.0064697265625,0.0064706479474550089,-9.2138495500892342e-07
0.61775000000000002,0.011962890625,0.011950275992885059,1.2614632114941321e-05
0.61787499999999995,0.015594482421875,0.015606013107167013,-1.1530685292013287e-05
0.61799999999999999,0.016876220703125,0.016883406709010115,-7.1860058851146158e-06
0.61812500000000004,0.015594482421875,0.015590459226125317,4.0231957496826565e-06
0.61824999999999997,0.011932373046875,0.01192648115151833,5.8918953566699378e-06
0.61837500000000001,0.006439208984375,0.0064513718369937911,-1.2162852618791131e-05
0.61850000000000005,0,6.1956486633422334e-08,-6.1956486633422334e-08
0.61862499999999998,-0.006439208984375,-0.0064448086807885078,5.5996964135078195e-06
0.61875000000000002,-0.01190185546875,-0.011902562232725841,7.067639758405464e-07
0.61887499999999995,-0.015533447265625,-0.015543705789001615,1.0258523376615453e-05
0.61899999999999999,-0.016815185546875,-0.016816000121067074,8.1457419207411896e-07
0.61912500000000004,-0.015533447265625,-0.015528214097993593,-5.23316763140734e-06
0.61924999999999997,-0.011871337890625,-0.011878862563322672,7.5246726976719441e-06
0.61937500000000001,-0.006439208984375,-0.0064256097599322583,-1.3599224442741725e-05
0.61950000000000005,0,-5.3337626389936095e-08,5.3337626389936095e-08
0.61962499999999998,0.00640869140625,0.0064190895664461107,-1.0398160196110721e-05
0.61975000000000002,0.0118408203125,0.011855055947147072,-1.4235634647072337e-05
0.61987499999999995,0.015472412109375,0.015481664202323176,-9.2520929481764574e-06
0.62,0.016754150390625,0.01674887962055472,5.2707700702800397e-06
0.62012500000000004,0.015472412109375,0.015466234452691236,6.1776566837642294e-06
0.62024999999999997,0.0118408203125,0.011831451069047941,9.3692434520592505e-06
0.62037500000000001,0.00640869140625,0.0063999675261018907,8.7238801481093198e-06
0.62050000000000005,0,6.1754877967897882e-08,-6.1754877967897882e-08
0.62062499999999998,-0.006378173828125,-0.0063934561203466429,1.528229222164286e-05
0.62075000000000002,-0.011810302734375,-0.011807722303476487,-2.5804308985133417e-06
0.62087499999999995,-0.015411376953125,-0.015419853281900162,8.476328775161926e-06
0.621,-0.016693115234375,-0.016682010060981925,-1.1105173393075041e-05
0.62112500000000004,-0.015411376953125,-0.015404485225979491,-6.8917271455089246e-06
0.62124999999999997,-0.01177978515625,-0.011784211837549761,4.4266812997614813e-06
0.62137500000000001,-0.006378173828125,-0.0063744106526556861,-3.7631754693139355e-06
0.62150000000000005,0,-5.3135793848762235e-08,5.3135793848762235e-08
0.62162499999999998,0.006378173828125,0.0063679420049410516,1.0231823183948392e-05
0.62175000000000002,0.011749267578125,0.011760594616971723,-1.1327038846722925e-05
0.62187499999999996,0.015350341796875,0.015358306111358081,-7.9643144830811308e-06
0.622,0.0166015625,0.016615424445037594,-1.3861945037593748e-05
0.62212500000000004,0.015350341796875,0.015342999502475578,7.3422943994219669e-06
0.62224999999999997,0.011749267578125,0.011737178185596803,1.2089392528197296e-05
0.62237500000000001,0.00634765625,0.0063489728032773687,-1.3165532773687025e-06
0.62250000000000005,0,6.1552822750644275e-08,-6.1552822750644275e-08
0.62262499999999998,-0.00634765625,-0.0063425127394245657,-5.1435105754343499e-06
0.62275000000000003,-0.01171875,-0.011713638061012657,-5.1119389873430926e-06
0.62287499999999996,-0.015289306640625,-0.015296987633373024,7.6809927480239043e-06
0.623,-0.01654052734375,-0.016549087634788611,8.5602910386110842e-06
0.62312500000000004,-0.015289306640625,-0.015281742225843303,-7.5644147816966711e-06
0.62324999999999997,-0.011688232421875,-0.011690315288084643,2.0828662096426809e-06
0.62337500000000001,-0.006317138671875,-0.0063236194983865299,6.4808265115299038e-06
0.62350000000000005,0,-5.2933520949633368e-08,5.2933520949633368e-08
0.62362499999999998,0.006317138671875,0.0063172019895149974,-6.3317639997437225e-08
0.62375000000000003,0.01165771484375,0.011666885956890253,-9.1711131402529011e-06
0.62387499999999996,0.015228271484375,0.015235930939449464,-7.6594550744643608e-06
0.624,0.0164794921875,0.016483032641447713,-3.5404539477125463e-06
0.62412500000000004,0.015228271484375,0.015220746488568025,7.524995806975146e-06
0.62424999999999997,0.01165771484375,0.011643656467805862,1.4058375944137752e-05
0.62437500000000001,0.00628662109375,0.0062983844049308568,-1.1763311180856828e-05
0.62450000000000006,0,6.135033712751976e-08,-6.135033712751976e-08
0.62462499999999999,-0.00628662109375,-0.0062919752776613956,5.3541839113956102e-06
0.62475000000000003,-0.011627197265625,-0.011620303483998975,-6.8937816260251916e-06
0.62487499999999996,-0.015167236328125,-0.01517510098011389,7.8646519888897481e-06
0.625,-0.01641845703125,-0.016417224335571582,-1.2326956784179666e-06
0.62512500000000004,-0.015167236328125,-0.01515997724215465,-7.2590859703496741e-06
0.62524999999999997,-0.0115966796875,-0.011597166905653215,4.872181532146469e-07
0.62537500000000001,-0.00628662109375,-0.0062732330465739301,-1.3388047176069937e-05
0.62549999999999994,0,-5.2730831249665813e-08,5.2730831249665813e-08
0.62562499999999999,0.006256103515625,0.0062668662728258403,-1.0762757200840321e-05
0.62575000000000003,0.011566162109375,0.011573923969612352,-7.761860237352064e-06
0.62587499999999996,0.015106201171875,0.015114530854685487,-8.3296828104865994e-06
0.626,0.016357421875,0.016351695736828875,5.7261381711248838e-06
0.62612500000000004,0.015106201171875,0.015099467586896863,6.733584978137197e-06
0.62624999999999997,0.01153564453125,0.011550879930392522,-1.5235399142521713e-05
0.62637500000000002,0.006256103515625,0.00624819909348754,7.9044221374599544e-06
0.62649999999999995,0,6.1147444496309976e-08,-6.1147444496309976e-08
0.62662499999999999,-0.006256103515625,-0.0062418405006783766,-1.4263014946623402e-05
0.62675000000000003,-0.01153564453125,-0.011527712599086198,-7.9319321638019608e-06
0.62687499999999996,-0.015045166015625,-0.015054185521475713,9.0195058507127474e-06
0.627,-0.01629638671875,-0.016286411724198445,-9.9749945515550942e-06
0.62712500000000004,-0.015045166015625,-0.015039182482075305,-5.9835335496950803e-06
0.62724999999999997,-0.011505126953125,-0.011504760728863301,-3.6622426169939659e-07
0.62737500000000002,-0.0062255859375,-0.0062232480725569091,-2.3378649430909337e-06
0.62749999999999995,0,-5.2527736812048727e-08,5.2527736812048727e-08
0.62762499999999999,0.0062255859375,0.0062169316333961075,8.654304103892542e-06
0.62775000000000003,0.011474609375,0.011481702705631595,-7.093330631594702e-06
0.62787499999999996,0.014984130859375,0.014994098087557634,-9.967228182633861e-06
0.628,0.0162353515625,0.016221405325737483,1.3946236762516634e-05
0.62812500000000004,0.014984130859375,0.014979155035732609,4.9758236423912139e-06
0.62824999999999998,0.011444091796875,0.011458842635762259,-1.4750838887259143e-05
0.62837500000000002,0.006195068359375,0.0061984136571591368,-3.3452977841368428e-06
0.62849999999999995,0,6.0944156807277075e-08,-6.0944156807277075e-08
0.62862499999999999,-0.006195068359375,-0.0061921051998581464,-2.9631595168536431e-06
0.62875000000000003,-0.011444091796875,-0.011435859480520807,-8.2323163541932198e-06
0.62887499999999996,-0.014923095703125,-0.01493423351896706,1.1137815842060181e-05
0.629,-0.016143798828125,-0.016156641428779889,1.284260065488943e-05
0.62912500000000005,-0.014923095703125,-0.014919350214864608,-3.7454882603916301e-06
0.62924999999999998,-0.01141357421875,-0.011413090843830891,-4.8337491910868668e-07
0.62937500000000002,-0.00616455078125,-0.0061736613773719622,9.1105961219622306e-06
0.62949999999999995,0,-5.2324256984732905e-08,5.2324256984732905e-08
0.62962499999999999,0.00616455078125,0.0061673948754275339,-2.8440941775339373e-06
0.62975000000000003,0.011383056640625,0.011390216262849945,-7.1596222249448171e-06
0.62987499999999996,0.014862060546875,0.014874624930466351,-1.2564383591351022e-05
0.63,0.016082763671875,0.016092153069704559,-9.3893978295594982e-06
0.63012500000000005,0.014862060546875,0.014859801135195496,2.2594116795039698e-06
0.63024999999999998,0.0113525390625,0.011367538693639084,-1.4999631139083619e-05
0.63037500000000002,0.006134033203125,0.0061490249097488816,-1.4991706623881593e-05
0.63049999999999995,0,6.074049326688035e-08,-6.074049326688035e-08
0.63062499999999999,-0.006134033203125,-0.0061427661921600362,8.7329890350361719e-06
0.63075000000000003,-0.0113525390625,-0.011344738249758023,-7.8008127419766649e-06
0.63087499999999996,-0.014801025390625,-0.014815237295752712,1.4211905127712449e-05
0.63100000000000001,-0.016021728515625,-0.016027905144133887,6.176628508887394e-06
0.63112500000000005,-0.014801025390625,-0.014800472771376234,-5.5261924876599811e-07
0.63124999999999998,-0.011322021484375,-0.011322151383785919,1.2989941091876012e-07
0.63137500000000002,-0.006134033203125,-0.0061244697875414778,-9.5634155835222154e-06
0.63149999999999995,0,-5.2120418106888425e-08,5.2120418106888425e-08
0.63162499999999999,0.006103515625,0.0061182528285826741,-1.4737203582674066e-05
0.63175000000000003,0.01129150390625,0.011299458786189664,-7.9548799396637893e-06
0.63187499999999996,0.0147705078125,0.014756103737222146,1.4404075277854242e-05
0.63200000000000001,0.015960693359375,0.015963930696702149,-3.2373373271485373e-06
0.63212500000000005,0.014739990234375,0.014741398246754175,-1.4080123791754273e-06
0.63224999999999998,0.01129150390625,0.011276962260672868,1.4541645577131543e-05
0.63237500000000002,0.006103515625,0.006100029690457664,3.4859345423359986e-06
0.63249999999999995,0,6.0536480045401602e-08,-6.0536480045401602e-08
0.63262499999999999,-0.006103515625,-0.0060938203199059036,-9.695305094096357e-06
0.63275000000000003,-0.011260986328125,-0.011254343075101252,-6.6432530237484078e-06
0.63287499999999997,-0.01470947265625,-0.014697189236170799,-1.2283420079200677e-05
0.63300000000000001,-0.015899658203125,-0.015900194631254166,5.3642812916643301e-07
0.63312500000000005,-0.014678955078125,-0.014682542543573023,3.5874654480232138e-06
0.63324999999999998,-0.01123046875,-0.011231936528707319,1.4677787073189008e-06
0.63337500000000002,-0.006072998046875,-0.0060756701548841012,2.6721080091012331e-06
0.63349999999999995,0,-5.1916235182069076e-08,5.1916235182069076e-08
0.63362499999999999,0.006072998046875,0.0060695023477888074,3.4956990861926412e-06
0.63375000000000004,0.011199951171875,0.011209424467234165,-9.4732953591653707e-06
0.63387499999999997,0.0146484375,0.014638526922564682,9.9105774353184378e-06
0.63400000000000001,0.015838623046875,0.015836730000613839,1.8930462611609078e-06
0.63412500000000005,0.014617919921875,0.014623938792741174,-6.0188708661743084e-06
0.63424999999999998,0.011199951171875,0.011187107540073316,1.2843631801684116e-05
0.63437500000000002,0.00604248046875,0.0060514248636613982,-8.9443949113981666e-06
0.63449999999999995,0,6.0332132023265761e-08,-6.0332132023265761e-08
0.63462499999999999,-0.00604248046875,-0.0060452644505680922,2.7839818180922307e-06
0.63475000000000004,-0.01116943359375,-0.011164668171318396,-4.7654224316039107e-06
0.63487499999999997,-0.01458740234375,-0.014580081785241115,-7.3205585088848696e-06
0.63500000000000001,-0.015777587890625,-0.015773501716782923,-4.0861738420765181e-06
0.63512500000000005,-0.014556884765625,-0.014565551984037315,8.6672184123146728e-06
0.63524999999999998,-0.011138916015625,-0.011142440504945375,3.5244893203754263e-06
0.63537500000000002,-0.006011962890625,-0.0060272593562930177,1.5296465668017747e-05
0.63549999999999995,0,-5.1711726634570957e-08,5.1711726634570957e-08
0.635625,0.006011962890625,0.0060211403130233021,-9.1774223983020695e-06
0.63575000000000004,0.0111083984375,0.011120107543848411,-1.1709106348411352e-05
0.63587499999999997,0.0145263671875,0.014521886961673051,4.4802258269485695e-06
0.63600000000000001,0.015716552734375,0.015710542840709663,6.0098936653374402e-06
0.63612500000000005,0.014495849609375,0.014507415255872003,-1.156564649700334e-05
0.63624999999999998,0.0111083984375,0.01109796878124655,1.0429656253450187e-05
0.63637500000000002,0.006011962890625,0.006003207318720641,8.7555719043589872e-06
0.63649999999999995,0,6.0127463923462575e-08,-6.0127463923462575e-08
0.636625,-0.006011962890625,-0.0059970954765891085,-1.4867414035891514e-05
0.63675000000000004,-0.011077880859375,-0.011075707799276741,-2.1730600982591136e-06
0.63687499999999997,-0.01446533203125,-0.014463907448177535,-1.4245830724651798e-06
0.63700000000000001,-0.015655517578125,-0.01564781829248774,-7.6992856372602725e-06
0.63712500000000005,-0.014434814453125,-0.014449493605493392,1.467915236839229e-05
0.63724999999999998,-0.01104736328125,-0.011053657584862365,6.2943036123648544e-06
0.63737500000000002,-0.0059814453125,-0.0059792342935463105,-2.2110189536895392e-06
0.63749999999999996,0,-5.1506907066129271e-08,5.1506907066129271e-08
0.637625,0.0059814453125,0.0059731636291339967,8.2816833660032813e-06
0.63775000000000004,0.011016845703125,0.011031502299802605,-1.4656596677604938e-05
0.63787499999999997,0.014404296875,0.014406176389680126,-1.8795146801264123e-06
0.63800000000000001,0.015594482421875,0.015585361141125026,9.1212807499744392e-06
0.63812500000000005,0.014404296875,0.014391820178755796,1.2476696244203764e-05
0.63824999999999998,0.011016845703125,0.011009540279411738,7.3054237132615107e-06
0.63837500000000003,0.005950927734375,0.0059553739697913244,-4.4462354163244192e-06
0.63849999999999996,0,5.9922500922283473e-08,-5.9922500922283473e-08
0.638625,-0.005950927734375,-0.0059493103151692607,-1.6174192057393302e-06
0.63875000000000004,-0.010986328125,-0.01098745626556556,1.1281405655604732e-06
0.63887499999999997,-0.01434326171875,-0.014348658789916608,5.397071166608064e-06
0.63900000000000001,-0.015533447265625,-0.015523136314742662,-1.0310950882337633e-05
0.63912500000000005,-0.01434326171875,-0.014334359980320045,-8.9017384299547309e-06
0.63924999999999998,-0.010955810546875,-0.010965582086450756,9.7715395757560358e-06
0.63937500000000003,-0.00592041015625,-0.0059315918931184585,1.1181736868458476e-05
0.63949999999999996,0,-5.1301801490549355e-08,5.1301801490549355e-08
0.639625,0.00592041015625,0.0059255692256309717,-5.1590693809716939e-06
0.63975000000000004,0.010955810546875,0.010943603064421579,1.2207482453421153e-05
0.63987499999999997,0.0142822265625,0.014291387801203047,-9.1612387030474973e-06
0.64000000000000001,0.015472412109375,0.01546117689034391,1.1235219031090204e-05
0.64012500000000006,0.0142822265625,0.01427714616342355,5.0803990764500262e-06
0.64024999999999999,0.01092529296875,0.010921816375243778,3.4765935062221198e-06
0.64037500000000003,0.00592041015625,0.0059079217556074082,1.2488400642591754e-05
0.64049999999999996,0,5.9717257176866472e-08,-5.9717257176866472e-08
0.640625,-0.005889892578125,-0.0059019059080759988,1.2013329950998769e-05
0.64075000000000004,-0.010894775390625,-0.010899907922146913,5.1325315219129947e-06
0.64087499999999997,-0.01422119140625,-0.014234328434636213,1.313702838621339e-05
0.64100000000000001,-0.015411376953125,-0.015399447804013398,-1.1929149111602338e-05
0.64112499999999994,-0.01422119140625,-0.014220143740082097,-1.0476661679026389e-06
0.64124999999999999,-0.0108642578125,-0.010878208372977261,1.395056047726051e-05
0.64137500000000003,-0.005889892578125,-0.0058843291059638512,-5.5634721611488164e-06
0.64149999999999996,0,-5.1096423946965208e-08,5.1096423946965208e-08
0.641625,0.005889892578125,0.0058783540564803418,1.1538521644658198e-05
0.64175000000000004,0.0108642578125,0.010856404212214192,7.8536002858075465e-06
0.64187499999999997,0.014190673828125,0.014177513849865118,1.3159978259881522e-05
0.64200000000000002,0.015350341796875,0.015337982140686096,1.2359656188903542e-05
0.64212499999999995,0.01416015625,0.014163385870854651,-3.2296208546511024e-06
0.64224999999999999,0.010833740234375,0.010834791454518475,-1.051220143474807e-06
0.64237500000000003,0.005859375,0.0058608476392982296,-1.4726392982295639e-06
0.64249999999999996,0,5.9511750174083836e-08,-5.9511750174083836e-08
0.642625,-0.005859375,-0.0058548792214351735,-4.4957785648265178e-06
0.64275000000000004,-0.01080322265625,-0.010813057165986502,9.8345097365015038e-06
0.64287499999999997,-0.014129638671875,-0.01412090906528621,-8.7296065887903368e-06
0.64300000000000002,-0.015289306640625,-0.015276744844346671,-1.2561796278329207e-05
0.64312499999999995,-0.01409912109375,-0.01410683757505202,7.7164813020204337e-06
0.64324999999999999,-0.01080322265625,-0.010791530852629462,-1.1691803620537608e-05
0.64337500000000003,-0.005828857421875,-0.005837442907331669,8.5854854566689773e-06
0.64349999999999996,0,-5.089078832485231e-08,5.089078832485231e-08
0.643625,0.005828857421875,0.0058315150999289234,-2.6576780539234318e-06
0.64375000000000004,0.010772705078125,0.010769900162505933,2.8049156190670249e-06
0.64387499999999998,0.014068603515625,0.014064547247821692,4.0562678033078531e-06
0.64400000000000002,0.015228271484375,0.015215769007798578,1.2502476576421728e-05
0.64412499999999995,0.0140380859375,0.01405053202050045,-1.2446083000449554e-05
0.64424999999999999,0.0107421875,0.010748459947738273,-6.2724477382734151e-06
0.64437500000000003,0.005828857421875,0.0058141486081876304,1.4708813687369648e-05
0.64449999999999996,0,5.9305993687209016e-08,-5.9305993687209016e-08
0.644625,-0.00579833984375,-0.0058082272455564155,9.887401806415487e-06
0.64475000000000005,-0.010711669921875,-0.010726898438687748,1.5228516812747922e-05
0.64487499999999998,-0.014007568359375,-0.014008393423114834,8.2506373983402825e-07
0.64500000000000002,-0.015167236328125,-0.01515501958286357,-1.2216745261429615e-05
0.64512499999999995,-0.014007568359375,-0.013994434233748944,-1.3134125626056148e-05
0.64524999999999999,-0.010711669921875,-0.010705543978143049,-6.1259437319511473e-06
0.64537500000000003,-0.00579833984375,-0.0057909302965818256,-7.4095471681743727e-06
0.64549999999999996,0,-5.0684918681760071e-08,5.0684918681760071e-08
0.645625,0.00579833984375,0.005785049358300918,1.3290485449081978e-05
0.64575000000000005,0.01068115234375,0.010684085379096648,-2.9330353466475861e-06
0.64587499999999998,0.013946533203125,0.013952480765301751,-5.9475621767505343e-06
0.64600000000000002,0.015106201171875,0.015094529670150915,1.1671501724085445e-05
0.64612499999999995,0.013946533203125,0.013938577389831733,7.9558132932665282e-06
0.64624999999999999,0.010650634765625,0.010662816329785831,-1.2181564160830896e-05
0.64637500000000003,0.005767822265625,0.0057678216736139418,5.9201105823136757e-10
0.64649999999999996,0,5.910001161748279e-08,-5.910001161748279e-08
0.64662500000000001,-0.005767822265625,-0.005761946994730616,-5.8752708943839854e-06
0.64675000000000005,-0.010650634765625,-0.010641426226150904,-9.2085394740957366e-06
0.64687499999999998,-0.013885498046875,-0.01389677430721215,1.1276260337150443e-05
0.64700000000000002,-0.015045166015625,-0.015034264229256994,-1.0901786368006094e-05
0.64712499999999995,-0.013885498046875,-0.013882926522474404,-2.5715244005956872e-06
0.64724999999999999,-0.0106201171875,-0.010620242246454331,1.2505895433112535e-07
0.64737500000000003,-0.0057373046875,-0.0057447882969736425,7.4836094736425302e-06
0.64749999999999996,0,-5.0478828363713588e-08,5.0478828363713588e-08
0.64762500000000001,0.0057373046875,0.0057389538577966156,-1.6491702966156194e-06
0.64775000000000005,0.010589599609375,0.010598954369896278,-9.3547605212775109e-06
0.64787499999999998,0.01385498046875,0.013841307230139889,1.3673238610111341e-05
0.64800000000000002,0.014984130859375,0.014974256368534687,9.8744908403128329e-06
0.64812499999999995,0.013824462890625,0.013827514813863089,-3.0519232380888522e-06
0.64824999999999999,0.010589599609375,0.01057785511956549,1.1744489809509956e-05
0.64837500000000003,0.005706787109375,0.0057218638707194937,-1.5076761344493678e-05
0.64849999999999997,0,5.8893817197861989e-08,-5.8893817197861989e-08
0.64862500000000001,-0.005706787109375,-0.0057160355070294466,9.2483976544465926e-06
0.64875000000000005,-0.01055908203125,-0.010556635058212626,-2.4469730373743309e-06
0.64887499999999998,-0.0137939453125,-0.013786044574045147,-7.9007384548527432e-06
0.64900000000000002,-0.014923095703125,-0.014914471055293069,-8.62464783193094e-06
0.64912499999999995,-0.013763427734375,-0.013772307304845396,8.8795704703964473e-06
0.64924999999999999,-0.010528564453125,-0.010535620198355229,7.0557452302288243e-06
0.64937500000000004,-0.005706787109375,-0.0056990139554882252,-7.773153886774832e-06
0.64949999999999997,0,-5.0272530573498432e-08,5.0272530573498432e-08
0.64962500000000001,0.005706787109375,0.0056932256483212046,1.3561461053795444e-05
0.64975000000000005,0.010528564453125,0.010514501686578272,1.4062766546727584e-05
0.64987499999999998,0.01373291015625,0.01373101952731989,1.8906289301102996e-06
0.65000000000000002,0.014862060546875,0.014854941405566922,7.1191413080779614e-06
0.65012499999999995,0.013702392578125,0.013717337184701056,-1.4944606576056119e-05
0.65024999999999999,0.010498046875,0.010493570879662132,4.475995337867994e-06
0.65037500000000004,0.00567626953125,0.0056762722582705911,-2.7270205911131273e-09
0.65049999999999997,0,5.8687423519112103e-08,-5.8687423519112103e-08
0.65062500000000001,-0.00567626953125,-0.005670489844134847,-5.7796871151529969e-06
0.65075000000000005,-0.010467529296875,-0.010472519508288763,4.9902114137630876e-06
0.65087499999999998,-0.013671875,-0.013676197136996682,4.3221369966824075e-06
0.65100000000000002,-0.014801025390625,-0.014795632394316555,-5.3929963084453636e-06
0.65112499999999995,-0.013671875,-0.013662569501341655,-9.3054986583449018e-06
0.65125,-0.01043701171875,-0.010451672418129356,1.4660699379356185e-05
0.65137500000000004,-0.005645751953125,-0.0056536043426331471,7.8523895081471229e-06
0.65149999999999997,0,-5.0066048443694786e-08,5.0066048443694786e-08
0.65162500000000001,0.005645751953125,0.0056478618032831879,-2.1098501581879106e-06
0.65175000000000005,0.01043701171875,0.010430721924221288,6.2897945287115203e-06
0.65187499999999998,0.01361083984375,0.013621610598514232,-1.077075476423224e-05
0.65200000000000002,0.014739990234375,0.014736577145197445,3.413089177554951e-06
0.65212499999999995,0.01361083984375,0.013608037451086585,2.8023926634153373e-06
0.65225,0.010406494140625,0.010409958215978721,-3.4640753537214242e-06
0.65237500000000004,0.005645751953125,0.0056310439184785498,1.4708034646450201e-05
0.65249999999999997,0,5.8480853562626457e-08,-5.8480853562626457e-08
0.65262500000000001,-0.005615234375,-0.0056253070911413301,1.0072716141330124e-05
0.65275000000000005,-0.0103759765625,-0.010389074193041511,1.3097630541511474e-05
0.65287499999999998,-0.013580322265625,-0.013567224965919797,-1.3097299705203472e-05
0.65300000000000002,-0.014678955078125,-0.014677740640760181,-1.2144373648190904e-06
0.65312499999999996,-0.0135498046875,-0.013553706088856405,3.9014013564053068e-06
0.65325,-0.0103759765625,-0.010368393533215127,-7.5830292848733799e-06
0.65337500000000004,-0.005615234375,-0.0056085565522674035,-6.677822732596532e-06
0.65349999999999997,0,-4.9859394652196705e-08,4.9859394652196705e-08
0.65362500000000001,0.005615234375,0.0056028594194133538,1.2374955586646162e-05
0.65375000000000005,0.010345458984375,0.010347609720977702,-2.1507366027018193e-06
0.65387499999999998,0.013519287109375,0.0135130734416401,6.2136677349000635e-06
0.65400000000000003,0.014617919921875,0.014619156012220203,-1.236090345203486e-06
0.65412499999999996,0.01348876953125,0.013499608617948926,-1.0839086698926151e-05
0.65425,0.01031494140625,0.010327011777398391,-1.2070371148390976e-05
0.65437500000000004,0.005584716796875,0.0055861759567941991,-1.4591599191990726e-06
0.65449999999999997,0,5.8274119897315865e-08,-5.8274119897315865e-08
0.65462500000000001,-0.005584716796875,-0.0055804843563602522,-4.23244051474779e-06
0.65475000000000005,-0.01031494140625,-0.010306293772025235,-8.6476342247652355e-06
0.65487499999999998,-0.013458251953125,-0.013459121086683795,8.6913355879479626e-07
0.65500000000000003,-0.014556884765625,-0.014560788249657897,3.9034840328966425e-06
0.65512499999999996,-0.013458251953125,-0.01344571010023914,-1.2541852885860488e-05
0.65525,-0.010284423828125,-0.010285778213857151,1.3543857321513669e-06
0.65537500000000004,-0.00555419921875,-0.0055638677013967221,9.6684826467220708e-06
0.65549999999999997,0,-4.9652585043983521e-08,4.9652585043983521e-08
0.65562500000000001,0.00555419921875,0.0055582156165666485,-4.0163978166484621e-06
0.65575000000000006,0.01025390625,0.010265159757723158,-1.1253507723157918e-05
0.65587499999999999,0.013397216796875,0.013405401110407375,-8.1843135323750316e-06
0.65600000000000003,0.014495849609375,0.014502670491788435,-6.8208824134351198e-06
0.65612499999999996,0.013397216796875,0.01339204374595023,5.1730509247702866e-06
0.65625,0.01025390625,0.010244726255448996,9.1799945510038367e-06
0.65637500000000004,0.00555419921875,0.0055416655017351624,1.2533717014837596e-05
0.65649999999999997,0,5.806723495606252e-08,-5.806723495606252e-08
0.65662500000000001,-0.005523681640625,-0.0055360187711533237,1.2337130528323678e-05
0.65674999999999994,-0.010223388671875,-0.010224172947344776,7.8427546977566376e-07
0.65687499999999999,-0.01336669921875,-0.013351878580724157,-1.4820638025842686e-05
0.65700000000000003,-0.014434814453125,-0.014444767736162004,9.9532830370036018e-06
0.65712499999999996,-0.013336181640625,-0.013338574623854911,2.3929832299110498e-06
0.65725,-0.01019287109375,-0.010203821172774503,1.0950079024503109e-05
0.65737500000000004,-0.005523681640625,-0.0055195349299985291,-4.1467106264708731e-06
0.65749999999999997,0,-4.9445631944628497e-08,4.9445631944628497e-08
0.65762500000000002,0.005523681640625,0.0055139275375563649,9.754103068635063e-06
0.65774999999999995,0.01019287109375,0.010183366757704588,9.5043360454124398e-06
0.65787499999999999,0.0133056640625,0.013298586713870275,7.0773486297252136e-06
0.65800000000000003,0.014373779296875,0.014387113128933753,-1.3333832058752548e-05
0.65812499999999996,0.013275146484375,0.013285335951045316,-1.0189466670315964e-05
0.65825,0.010162353515625,0.010163096383949204,-7.4286832420396298e-07
0.65837500000000004,0.0054931640625,0.0054975097046959407,-4.3456421959407396e-06
0.65849999999999997,0,5.7860220830597862e-08,-5.7860220830597862e-08
0.65862500000000002,-0.0054931640625,-0.0054919074897366226,-1.2565727633773519e-06
0.65874999999999995,-0.0101318359375,-0.010142706463327981,1.0870525827981481e-05
0.65887499999999999,-0.01324462890625,-0.013245490584607401,8.6167835740107168e-07
0.65900000000000003,-0.01434326171875,-0.014329671675064133,-1.3590043685866512e-05
0.65912499999999996,-0.01324462890625,-0.013232292803139435,-1.2336103110565169e-05
0.65925,-0.0101318359375,-0.010122517164808262,-9.3187726917381974e-06
0.65937500000000004,-0.005462646484375,-0.005475555400847907,1.2908916472906956e-05
0.65949999999999998,0,-4.9238557300456003e-08,4.9238557300456003e-08
0.65962500000000002,0.005462646484375,0.0054699923479619205,-7.3458635869204716e-06
0.65974999999999995,0.010101318359375,0.010102225486237378,-9.0712686237788553e-07
0.65987499999999999,0.01318359375,0.013192623415993964,-9.0296659939637786e-06
0.66000000000000003,0.0142822265625,0.014272476528089004,9.7500344109959641e-06
0.66012499999999996,0.01318359375,0.013179478404044851,4.1153459551489247e-06
0.66025,0.01007080078125,0.01008211693868092,-1.1316157430919793e-05
0.66037500000000005,0.005462646484375,0.0054537057397776884,8.9407445973115757e-06
0.66049999999999998,0,5.7653089449839563e-08,-5.7653089449839563e-08
0.66062500000000002,-0.005462646484375,-0.0054481476890045405,-1.449879537045954e-05
0.66074999999999995,-0.01007080078125,-0.010061889106166158,-8.9116750838415942e-06
0.66087499999999999,-0.013153076171875,-0.013139950289586699,-1.3125882288300694e-05
0.66100000000000003,-0.01422119140625,-0.014215492700320041,-5.6987059299587473e-06
0.66112499999999996,-0.01312255859375,-0.013126857836165295,4.2992424152954456e-06
0.66125,-0.010040283203125,-0.010041860986592953,1.5777834679528424e-06
0.66137500000000005,-0.00543212890625,-0.0054319262993177825,-2.0260693221751946e-07
0.66149999999999998,0,-4.9031372936002122e-08,4.9031372936002122e-08
0.66162500000000002,0.00543212890625,0.0054264072359385147,5.7216703114853357e-06
0.66174999999999995,0.010009765625,0.010021730750323915,-1.1965125323915374e-05
0.66187499999999999,0.013092041015625,0.013087504435213202,4.5365804117979136e-06
0.66200000000000003,0.01416015625,0.014158753352614985,1.4028973850145621e-06
0.66212499999999996,0.0130615234375,0.013074464330170741,-1.2940892670740625e-05
0.66225000000000001,0.010009765625,0.010001782737050326,7.9828879496739863e-06
0.66237500000000005,0.005401611328125,0.0054102508035891892,-8.6394754641892432e-06
0.66249999999999998,0,5.7445855825521593e-08,-5.7445855825521593e-08
0.66262500000000002,-0.005401611328125,-0.0054047365683371354,3.1252402121354286e-06
0.66274999999999995,-0.009979248046875,-0.0099817157036035855,2.4676567285854961e-06
0.66287499999999999,-0.013031005859375,-0.013035250941168653,4.2450817936533908e-06
0.66300000000000003,-0.01409912109375,-0.014102223504578171,3.102410828171448e-06
0.66312499999999996,-0.013031005859375,-0.013022262975199086,-8.7428841759138592e-06
0.66325000000000001,-0.00994873046875,-0.0099618474762303219,1.3117007480321907e-05
0.66337500000000005,-0.005401611328125,-0.0053886448332080197,-1.2966494916980334e-05
0.66349999999999998,0,-4.8824090546696157e-08,4.8824090546696157e-08
0.66362500000000002,0.00537109375,0.005383169412055259,-1.2075662055258986e-05
0.66374999999999995,0.00994873046875,0.0099418773983560253,6.8530703939747445e-06
0.66387499999999999,0.012969970703125,0.012983223043994659,-1.3252340869658943e-05
0.66400000000000003,0.0140380859375,0.014045936324330889,-7.8503868308887198e-06
0.66412499999999997,0.012969970703125,0.012970287008627589,-3.163055025887096e-07
0.66425000000000001,0.009918212890625,0.0099220886377652806,-3.8757471402806054e-06
0.66437500000000005,0.00537109375,0.0053671421150766428,3.9516349233572473e-06
0.66449999999999998,0,5.7238531550300828e-08,-5.7238531550300828e-08
0.66462500000000002,-0.00537109375,-0.0053616713494389024,-9.4224005610975617e-06
0.66474999999999995,-0.0098876953125,-0.0099021811245949033,1.4485812094903322e-05
0.66487499999999999,-0.012939453125,-0.01293138583867608,-8.0672863239199255e-06
0.66500000000000004,-0.01397705078125,-0.013989856838712022,1.2806057462021875e-05
0.66512499999999997,-0.012908935546875,-0.012918501526273413,9.5659793984126384e-06
0.66525000000000001,-0.0098876953125,-0.0098824715129452387,-5.2237995547613214e-06
0.66537500000000005,-0.005340576171875,-0.0053457082325755242,5.1320607005241742e-06
0.66549999999999998,0,-4.8616731223263348e-08,4.8616731223263348e-08
0.66562500000000002,0.005340576171875,0.0053402761091045766,3.0006277042336077e-07
0.66574999999999995,0.009857177734375,0.0098626603197736109,-5.4825853986108924e-06
0.66587499999999999,0.01287841796875,0.012879772568413793,-1.3545996637928659e-06
0.66600000000000004,0.013946533203125,0.013934018223048515,1.2514980076485174e-05
0.66612499999999997,0.01287841796875,0.012866939772170087,1.14781965799126e-05
0.66625000000000001,0.009857177734375,0.0098430295404926052,1.4148193882394799e-05
0.66637500000000005,0.00531005859375,0.0053243769153544377,-1.4318321604437668e-05
0.66649999999999998,0,5.7031137575071219e-08,-5.7031137575071219e-08
0.66662500000000002,-0.00531005859375,-0.0053189492761518496,8.8906824018495506e-06
0.66674999999999995,-0.00982666015625,-0.0098232802789812654,-3.3798772687346212e-06
0.666875,-0.0128173828125,-0.012828348334826578,1.0965522326577756e-05
0.66700000000000004,-0.013885498046875,-0.013878385511356169,-7.1125355188307593e-06
0.66712499999999997,-0.0128173828125,-0.012815566848762054,-1.8159637379458471e-06
0.66725000000000001,-0.009796142578125,-0.0098037280167649274,7.5854386399273888e-06
0.66737500000000005,-0.00531005859375,-0.0053031137495391581,-6.9448442108419051e-06
0.66749999999999998,0,-4.8409306177340038e-08,4.8409306177340038e-08
0.66762500000000002,0.00531005859375,0.0052977245819310313,1.2334011818968676e-05
0.66774999999999995,0.009796142578125,0.0097840744447309207,1.2068133394079264e-05
0.667875,0.012786865234375,0.012777146387722746,9.7188466522540873e-06
0.66800000000000004,0.013824462890625,0.013822991886110178,1.4710045148219608e-06
0.66812499999999997,0.01275634765625,0.012764416006681196,-8.0683504311961779e-06
0.66825000000000001,0.009765625,0.0097646003855385889,1.024614461411083e-06
0.66837500000000005,0.005279541015625,0.0052819524675108507,-2.4114518858506934e-06
0.66849999999999998,0,5.6823685011518174e-08,-5.6823685011518174e-08
0.66862500000000002,-0.005279541015625,-0.005276567614270416,-2.9734013545839807e-06
0.66874999999999996,-0.009735107421875,-0.0097450081171556371,9.9006952806370702e-06
0.668875,-0.012725830078125,-0.012726131835303347,3.017571783472256e-07
0.66900000000000004,-0.013763427734375,-0.013767802388446064,4.3746540710643683e-06
0.66912499999999997,-0.012725830078125,-0.012713452354947658,-1.2377723177341843e-05
0.66925000000000001,-0.009735107421875,-0.0097256119482004889,-9.4954736745110624e-06
0.66937500000000005,-0.0052490234375,-0.0052608586581157782,1.1835220615778221e-05
0.66949999999999998,0,-4.8201829621348912e-08,4.8201829621348912e-08
0.66962500000000003,0.0052490234375,0.0052555121072439875,-6.488669743987506e-06
0.66974999999999996,0.00970458984375,0.0097061147437855644,-1.5249000355644499e-06
0.669875,0.012664794921875,0.01267533793392908,-1.0543012054079967e-05
0.67000000000000004,0.013702392578125,0.013712850207930317,-1.0457629805317448e-05
0.67012499999999997,0.012664794921875,0.012662709150741537,2.0857711334632684e-06
0.67025000000000001,0.009674072265625,0.0096867961535317994,-1.2723887906799375e-05
0.67037500000000005,0.0052490234375,0.0052398660564418565,9.1573810581434614e-06
0.67049999999999998,0,5.6616184848863618e-08,-5.6616184848863618e-08
0.67062500000000003,-0.0052490234375,-0.0052345236513840782,-1.4499786115921773e-05
0.67074999999999996,-0.009674072265625,-0.0096673596297530678,-6.7126358719322293e-06
0.670875,-0.01263427734375,-0.012624729798329617,-9.5475454203828442e-06
0.67100000000000004,-0.013671875,-0.013658100392761437,-1.3774607238562636e-05
0.67112499999999997,-0.012603759765625,-0.012612151509603861,8.3917439788611103e-06
0.67125000000000001,-0.0096435546875,-0.0096481183079109335,4.5636204109335277e-06
0.67137500000000006,-0.005218505859375,-0.0052189402540399272,4.3439466492715267e-07
0.67149999999999999,0,-4.7994312446107226e-08,4.7994312446107226e-08
0.67162500000000003,0.005218505859375,0.0052136359834608339,4.8698759141660788e-06
0.67174999999999996,0.0096435546875,0.0096287762275676404,1.4778459932359572e-05
0.671875,0.0125732421875,0.012574340691370624,-1.0985038706237682e-06
0.67200000000000004,0.01361083984375,0.013603586139540717,7.2537042092833681e-06
0.67212499999999997,0.0125732421875,0.012561812695213156,1.1429492286843534e-05
0.67225000000000001,0.009613037109375,0.0096096118650884355,3.4252442865645438e-06
0.67237499999999994,0.00518798828125,0.0051981149886916435,-1.0126707441643519e-05
0.67249999999999999,0,5.6408657215262411e-08,-5.6408657215262411e-08
0.67262500000000003,-0.00518798828125,-0.0051928146966948446,4.8264154448446339e-06
0.67274999999999996,-0.00958251953125,-0.0095903298473232965,7.8103160732964638e-06
0.672875,-0.01251220703125,-0.012524135734257175,1.1928703007174635e-05
0.67300000000000004,-0.0135498046875,-0.013549272503473368,-5.3218402663174347e-07
0.67312499999999997,-0.01251220703125,-0.012511657829580549,-5.4920166945096605e-07
0.67325000000000002,-0.00958251953125,-0.009571242136392235,-1.127739485776505e-05
0.67337499999999995,-0.00518798828125,-0.0051773558546079476,-1.0632426642052419e-05
0.67349999999999999,0,-4.7786774645317315e-08,4.7786774645317315e-08
0.67362500000000003,0.005157470703125,0.0051720935305252244,-1.4622827400224449e-05
0.67374999999999996,0.009552001953125,0.0095520539464648245,-5.1993339824502049e-08
0.673875,0.012481689453125,0.01247414819630569,7.5412568193104074e-06
0.67400000000000004,0.01348876953125,0.013495192688139417,-6.4231568894165814e-06
0.67412499999999997,0.012451171875,0.01246172018282647,-1.0548307826470024e-05
0.67425000000000002,0.009521484375,0.0095330425805004657,-1.1558205500465657e-05
0.67437499999999995,0.005157470703125,0.0051566965922371895,7.7411088781047938e-07
0.67449999999999999,0,5.6201112635585331e-08,-5.6201112635585331e-08
0.67462500000000003,-0.005157470703125,-0.0051514380808365783,-6.0326222884217462e-06
0.67474999999999996,-0.009521484375,-0.0095139138400062058,-7.5705349937942035e-06
0.674875,-0.012420654296875,-0.012424343205146231,3.6889082712307508e-06
0.67500000000000004,-0.013427734375,-0.013441311755694955,1.3577380694955454e-05
0.67512499999999998,-0.012420654296875,-0.012411964883381798,-8.6894134932024442e-06
0.67525000000000002,-0.009490966796875,-0.0094949785136554856,4.0117167804856052e-06
0.67537499999999995,-0.005126953125,-0.0051361027984634039,9.1496734634039303e-06
0.67549999999999999,0,-4.7579226648164598e-08,4.7579226648164598e-08
0.67562500000000003,0.005126953125,0.0051308820897271049,-3.9289647271048903e-06
0.67574999999999996,0.009490966796875,0.0094759429902969133,1.5023806578086732e-05
0.675875,0.012359619140625,0.012374754036495737,-1.513489587073695e-05
0.67600000000000005,0.013397216796875,0.013387662916643152,9.5538802318481664e-06
0.67612499999999998,0.012359619140625,0.012362425207759891,-2.8060671348906913e-06
0.67625000000000002,0.00946044921875,0.0094570833994259054,3.365819324094646e-06
0.67637499999999995,0.005126953125,0.0051156082163745691,1.1344908625430909e-05
0.67649999999999999,0,5.5993561517719919e-08,-5.5993561517719919e-08
0.67662500000000003,-0.005096435546875,-0.0051103911557213227,1.3955608846322708e-05
0.67674999999999996,-0.009429931640625,-0.0094381067172294754,8.1750766044753898e-06
0.676875,-0.0123291015625,-0.01232534582435574,-3.755738144260376e-06
0.67700000000000005,-0.013336181640625,-0.013334211240035584,-1.9704005894162491e-06
0.67712499999999998,-0.012298583984375,-0.012313066290759038,1.4482306384037621e-05
0.67725000000000002,-0.009429931640625,-0.009419322558920697,-1.0609081704303011e-05
0.67737499999999995,-0.005096435546875,-0.0050951784454838578,-1.2571013911421777e-06
0.67749999999999999,0,-4.7371678767745858e-08,4.7371678767745858e-08
0.67762500000000003,0.005096435546875,0.0050899990235496601,6.436523325339949e-06
0.67774999999999996,0.0093994140625,0.0094004384880146362,-1.0244255146361902e-06
0.67787500000000001,0.01226806640625,0.012276151850791547,-8.0854445415473597e-06
0.67800000000000005,0.013275146484375,0.013280989943243388,-5.8434588683878991e-06
0.67812499999999998,0.01226806640625,0.012263921415233447,4.1449910165528708e-06
0.67825000000000002,0.009368896484375,0.0093817294605621614,-1.2832976187161435e-05
0.67837499999999995,0.00506591796875,0.0050748472315063882,-8.9292627563882301e-06
0.67849999999999999,0,5.5786023194321062e-08,-5.5786023194321062e-08
0.67862500000000003,-0.00506591796875,-0.005069671294358355,3.7533256083549515e-06
0.67874999999999996,-0.009368896484375,-0.0093629036273867941,-5.9928569882058969e-06
0.67887500000000001,-0.012237548828125,-0.01222713725613004,-1.0411571994960178e-05
0.67900000000000005,-0.013214111328125,-0.013227964102158698,1.3852774033698209e-05
0.67912499999999998,-0.01220703125,-0.012214955722300389,7.9244723003892015e-06
0.67925000000000002,-0.00933837890625,-0.0093442694302914211,5.890524041421083e-06
0.67937499999999995,-0.00506591796875,-0.0050545801765691494,-1.1337792180850584e-05
0.67949999999999999,0,-4.7164150206722063e-08,4.7164150206722063e-08
0.67962500000000003,0.005035400390625,0.0050494417154918593,-1.4041324866859335e-05
0.67974999999999997,0.00933837890625,0.0093255356073813269,1.2843298868673095e-05
0.67987500000000001,0.012176513671875,0.012178335328733124,-1.821656858124257e-06
0.68000000000000005,0.01318359375,0.013175166940965904,8.4268090340955393e-06
0.68012499999999998,0.012176513671875,0.012166202501105535,1.0311170769465236e-05
0.68025000000000002,0.009307861328125,0.0093069759413436318,8.8538678136816651e-07
0.68037499999999995,0.005035400390625,0.0050344110289878806,9.8936163711940694e-07
0.68049999999999999,0,5.5578507625027672e-08,-5.5578507625027672e-08
0.68062500000000004,-0.005035400390625,-0.0050292758906916911,-6.1244999333088732e-06
0.68074999999999997,-0.00927734375,-0.009288299757531664,1.0956007531663994e-05
0.68087500000000001,-0.012115478515625,-0.012129711215200326,1.4232699575325927e-05
0.68100000000000005,-0.01312255859375,-0.013122563542343181,4.9485931810644423e-09
0.68112499999999998,-0.012115478515625,-0.01211762689903019,2.1483834051899686e-06
0.68125000000000002,-0.00927734375,-0.0092698143244514582,-7.5294255485417599e-06
0.68137499999999995,-0.0050048828125,-0.0050143053934880964,9.422580988096424e-06
0.68149999999999999,0,-4.6956650832575884e-08,4.6956650832575884e-08
0.68162500000000004,0.0050048828125,0.0050092075698927596,-4.324757392759615e-06
0.68174999999999997,0.009246826171875,0.0092512295546573094,-4.4033827823093674e-06
0.68187500000000001,0.0120849609375,0.012081298210142285,3.6627273577154867e-06
0.68200000000000005,0.0130615234375,0.013070187137233867,-8.6636997338671029e-06
0.68212499999999998,0.012054443359375,0.012069262211462503,-1.4818852087502762e-05
0.68225000000000002,0.009246826171875,0.0092328180576287892,1.4008114246210832e-05
0.68237499999999995,0.0050048828125,0.0049942970209681681,1.0585791531831854e-05
0.6825,0,5.5371027623662543e-08,-5.5371027623662543e-08
0.68262500000000004,-0.004974365234375,-0.0049892023594222401,1.4837125047240107e-05
0.68274999999999997,-0.00921630859375,-0.0092142903330609451,-2.0182606890548765e-06
0.68287500000000001,-0.01202392578125,-0.012033061466378893,9.1356851288932478e-06
0.68300000000000005,-0.013031005859375,-0.01301800281504812,-1.3003044326879987e-05
0.68312499999999998,-0.01202392578125,-0.012021073592000201,-2.8521892497992279e-06
0.68325000000000002,-0.009185791015625,-0.0091959524763637248,1.0161460738724801e-05
0.68337499999999995,-0.004974365234375,-0.004974351518720407,-1.3715654592974524e-08
0.6835,0,-4.6749190401959338e-08,4.6749190401959338e-08
0.68362500000000004,0.004974365234375,0.0049692940117820683,5.0712225929316554e-06
0.68374999999999997,0.009185791015625,0.0091775155743059177,8.275441319082269e-06
0.68387500000000001,0.011993408203125,0.011985034284718612,8.3739184063881533e-06
0.68400000000000005,0.012969970703125,0.012966043813434388,3.9268896906124312e-06
0.68412499999999998,0.011962890625,0.011973094342223036,-1.0203717223036465e-05
0.68425000000000002,0.0091552734375,0.0091592510634023981,-3.9776259023981131e-06
0.68437499999999996,0.00494384765625,0.0049545026402080146,-1.0654983958014591e-05
0.6845,0,5.5163592856156775e-08,-5.5163592856156775e-08
0.68462500000000004,-0.00494384765625,-0.004949448135858972,5.600479608972031e-06
0.68474999999999997,-0.0091552734375,-0.0091408706174219579,-1.4402820078042097e-05
0.68487500000000001,-0.011932373046875,-0.011937181824156698,4.8087772816975821e-06
0.68500000000000005,-0.012908935546875,-0.012914275228481152,5.3396816061517666e-06
0.68512499999999998,-0.011932373046875,-0.011925289621894496,-7.0834249805036553e-06
0.68525000000000003,-0.009124755859375,-0.0091226791589525888,-2.076700422411204e-06
0.68537499999999996,-0.00494384765625,-0.0049347159952751367,-9.1316609748632802e-06
0.6855,0,-4.6541787352766018e-08,4.6541787352766018e-08
0.68562500000000004,0.00494384765625,0.0049296984867042105,1.4149169545789493e-05
0.68574999999999997,0.00909423828125,0.0091043889486826547,-1.015066743265472e-05
0.68587500000000001,0.01190185546875,0.011889537391648884,1.2318077101116168e-05
0.68600000000000005,0.012847900390625,0.012862730304488533,-1.4829913863532648e-05
0.68612499999999998,0.011871337890625,0.011877692738738852,-6.3548481138517993e-06
0.68625000000000003,0.00909423828125,0.0090862702504591521,7.9680307908478604e-06
0.68637499999999996,0.004913330078125,0.004915025339926625,-1.6952618016249921e-06
0.6865,0,5.4956221635440272e-08,-5.4956221635440272e-08
0.68662500000000004,-0.004913330078125,-0.0049100106757463619,-3.319402378638113e-06
0.68674999999999997,-0.009063720703125,-0.0090680359118029581,4.3152086779581211e-06
0.68687500000000001,-0.0118408203125,-0.011842066152314314,1.2458398143139898e-06
0.68700000000000006,-0.0128173828125,-0.012811374144170152,-6.0086683298481158e-06
0.68712499999999999,-0.0118408203125,-0.011830268858637319,-1.0551453862681082e-05
0.68725000000000003,-0.009063720703125,-0.0090499896828098326,-1.3731020315167417e-05
0.68737499999999996,-0.0048828125,-0.004895396286535441,1.2583786535440983e-05
0.6875,0,-4.633445101155145e-08,4.633445101155145e-08
0.68762500000000004,0.0048828125,0.0048904184605603066,-7.6059605603065808e-06
0.68774999999999997,0.009033203125,0.0090318449977271151,1.3581272728848542e-06
0.68787500000000001,0.01177978515625,0.011794801419208169,-1.5016262958168769e-05
0.68799999999999994,0.01275634765625,0.012760239998424792,-3.8923421747921044e-06
0.68812499999999999,0.01177978515625,0.011783051295405248,-3.2661391552481212e-06
0.68825000000000003,0.009002685546875,0.0090138709481087341,-1.1185401233734099e-05
0.68837499999999996,0.0048828125,0.0048758625936332119,6.9499063667880639e-06
0.6885,0,5.4748923199886337e-08,-5.4748923199886337e-08
0.68862500000000004,-0.0048828125,-0.0048708874550935496,-1.192504490645039e-05
0.68874999999999997,-0.009002685546875,-0.0089957815548262401,-6.9039920487599243e-06
0.68887500000000002,-0.011749267578125,-0.011747708363525788,-1.5592145992116002e-06
0.68899999999999995,-0.0126953125,-0.012709292976538403,1.3980476538402731e-05
0.68912499999999999,-0.011749267578125,-0.011736005220993988,-1.3262357131012259e-05
0.68925000000000003,-0.00897216796875,-0.0089778793958903754,5.7114271403754108e-06
0.68937499999999996,-0.004852294921875,-0.0048563898761042204,4.0949542292204391e-06
0.6895,0,-4.612719348310033e-08,4.612719348310033e-08
0.68962500000000004,0.004852294921875,0.0048514514194352388,8.4350243976117484e-07
0.68974999999999997,0.00897216796875,0.008959879078675943,1.2288890074057049e-05
0.68987500000000002,0.011688232421875,0.01170082030437097,-1.2587882495970065e-05
0.68999999999999995,0.012664794921875,0.01265856633595587,6.22858591912967e-06
0.69012499999999999,0.011688232421875,0.011689163955263657,-9.3153338865704927e-07
0.69025000000000003,0.008941650390625,0.0089420485228829984,-3.9813225799836816e-07
0.69037499999999996,0.00482177734375,0.0048370118949760191,-1.5234551226019077e-05
0.6905,0,5.4541706682939668e-08,-5.4541706682939668e-08
0.69062500000000004,-0.00482177734375,-0.0048320759700290249,1.0298626279024899e-05
0.69074999999999998,-0.0089111328125,-0.008924102922262268,1.297010976226802e-05
0.69087500000000002,-0.01165771484375,-0.01165410241896574,-3.61242478425991e-06
0.69099999999999995,-0.012603759765625,-0.012608025192483113,4.2654268581129168e-06
0.69112499999999999,-0.011627197265625,-0.01164249267618624,1.5295410561239758e-05
0.69125000000000003,-0.0089111328125,-0.0089063436832227099,-4.7891292772900967e-06
0.69137499999999996,-0.00482177734375,-0.0048176942676269006,-4.0830761230993551e-06
0.6915,0,-4.592002381405376e-08,4.592002381405376e-08
0.69162500000000005,0.00482177734375,0.0048127948694529328,8.9824742970671598e-06
0.69174999999999998,0.008880615234375,0.0088884865857573464,-7.8713513823464032e-06
0.69187500000000002,0.0115966796875,0.011607588032418745,-1.0908344918745053e-05
0.69199999999999995,0.012542724609375,0.012557702810058951,-1.4978200683950921e-05
0.69212499999999999,0.0115966796875,0.011596024709617377,6.5497788262307288e-07
0.69225000000000003,0.008880615234375,0.0088707983782271051,9.8168561478949312e-06
0.69237499999999996,0.004791259765625,0.0047984707575657965,-7.2109919407965448e-06
0.6925,0,5.4334589662404687e-08,-5.4334589662404687e-08
0.69262500000000005,-0.004791259765625,-0.0047935737366295514,2.313971004551385e-06
0.69274999999999998,-0.00885009765625,-0.008852995426727411,2.8977704774110075e-06
0.69287500000000002,-0.011566162109375,-0.011561242327929563,-4.9197814454369354e-06
0.69299999999999995,-0.01251220703125,-0.012507564310957313,-4.6427202926874883e-06
0.69312499999999999,-0.01153564453125,-0.011549725239503919,1.4080708253918703e-05
0.69325000000000003,-0.00885009765625,-0.0088353779666012766,-1.4719689648723389e-05
0.69337499999999996,-0.004791259765625,-0.0047793069846424714,-1.1952780982528617e-05
0.69350000000000001,0,-4.5712959462104109e-08,4.5712959462104109e-08
0.69362500000000005,0.0047607421875,0.0047744463366085664,-1.3704149108566439e-05
0.69374999999999998,0.008819580078125,0.0088176629499004486,1.9171282245513538e-06
0.69387500000000002,0.011505126953125,0.011515098636561633,-9.9716834366329193e-06
0.69399999999999995,0.012451171875,0.012457642965559214,-6.4710905592138546e-06
0.69412499999999999,0.011505126953125,0.011503627597650312,1.4993554746881715e-06
0.69425000000000003,0.0087890625,0.0088001159542115681,-1.1053454211568114e-05
0.69437499999999996,0.0047607421875,0.0047602367148248427,5.0547267515729799e-07
0.69450000000000001,0,5.4127580859121099e-08,-5.4127580859121099e-08
0.69462500000000005,-0.0047607421875,-0.0047553782907665066,-5.3638967334934326e-06
0.69474999999999998,-0.0087890625,-0.0087824545173843874,-6.6079826156126287e-06
0.69487500000000002,-0.011474609375,-0.011469122147445554,-5.4872275544459725e-06
0.69499999999999995,-0.012420654296875,-0.012407903902555063,-1.2750394319936686e-05
0.69512499999999999,-0.011444091796875,-0.011457696973926299,1.3605177051298836e-05
0.69525000000000003,-0.008758544921875,-0.0087649777042996639,6.4327824246639131e-06
0.69537499999999997,-0.004730224609375,-0.0047412255704196897,1.1000961044689735e-05
0.69550000000000001,0,-4.5506009063733581e-08,4.5506009063733581e-08
0.69562500000000005,0.004730224609375,0.0047364033666024421,-6.1787572274421207e-06
0.69574999999999998,0.008758544921875,0.0087474036384348128,1.1141283440187222e-05
0.69587500000000002,0.01141357421875,0.011423346197553202,-9.7719788032021165e-06
0.69599999999999995,0.012359619140625,0.012358380398716735,1.2387419082646178e-06
0.69612499999999999,0.01141357421875,0.011411966706038855,1.6075127111450649e-06
0.69625000000000004,0.00872802734375,0.0087299967272463936,-1.969383496393598e-06
0.69637499999999997,0.004730224609375,0.0047223073198369098,7.9172895380901984e-06
0.69650000000000001,0,5.3920691698221389e-08,-5.3920691698221389e-08
0.69662500000000005,-0.004730224609375,-0.0047174871879377377,-1.2737421437262336e-05
0.69674999999999998,-0.008697509765625,-0.0087124756796631321,1.4965914038132105e-05
0.69687500000000002,-0.011383056640625,-0.011377735981896783,-5.3206587282174367e-06
0.69699999999999995,-0.012298583984375,-0.012309037589099988,1.0453604724987645e-05
0.69712499999999999,-0.0113525390625,-0.011366401989735594,1.3862927235593764e-05
0.69725000000000004,-0.008697509765625,-0.0086951383907858931,-2.3713748391069461e-06
0.69737499999999997,-0.00469970703125,-0.004703447587810286,3.7405565602860458e-06
0.69750000000000001,0,-4.5299181156156449e-08,4.5299181156156449e-08
0.69762500000000005,0.00469970703125,0.004698663524698686,1.0435065513139663e-06
0.69774999999999998,0.0086669921875,0.0086777041548124489,-1.0711967312448945e-05
0.69787500000000002,0.011322021484375,0.011332324843308445,-1.0303358933445167e-05
0.69799999999999995,0.01226806640625,0.012259908756816634,8.1576494333664151e-06
0.698125,0.011322021484375,0.011321036168576822,9.8531579817776049e-07
0.69825000000000004,0.0086669921875,0.0086604362097795137,6.5559777204862724e-06
0.69837499999999997,0.00469970703125,0.0046846801451748714,1.502688607512865e-05
0.69850000000000001,0,5.3713930633886368e-08,-5.3713930633886368e-08
0.69862500000000005,-0.004669189453125,-0.004679898003126814,1.0708550001813956e-05
0.69874999999999998,-0.008636474609375,-0.0086430544349637671,6.579825588767102e-06
0.69887500000000002,-0.01129150390625,-0.011287077982639445,-4.425923610554966e-06
0.69899999999999995,-0.01220703125,-0.012210959043237067,3.9277932370671009e-06
0.699125,-0.011260986328125,-0.011275834444143323,1.4848116018323018e-05
0.69925000000000004,-0.008636474609375,-0.0086258555564220421,-1.0619052952957897e-05
0.69937499999999997,-0.004669189453125,-0.0046659706190773096,-3.2188340476904317e-06
0.69950000000000001,0,-4.5092492490527615e-08,4.5092492490527615e-08
0.69962500000000005,0.004669189453125,0.0046612243955614589,7.9650575635411419e-06
0.69974999999999998,0.00860595703125,0.0086085600383139105,-2.6030070639105479e-06
0.69987500000000002,0.01123046875,0.01124202874853444,-1.1559998534440424e-05
0.69999999999999996,0.012176513671875,0.012162221737762519,1.4291934112481419e-05
0.700125,0.01123046875,0.011230830165804215,-3.6141580421478192e-07
0.70025000000000004,0.00860595703125,0.008591429950015694,1.452708123430603e-05
0.70037499999999997,0.004638671875,0.0046473527827533296,-8.6809077533295947e-06
0.70050000000000001,0,5.3507317061680783e-08,-5.3507317061680783e-08
0.70062500000000005,-0.004638671875,-0.0046426083306398891,3.9364556398890568e-06
0.70074999999999998,-0.008575439453125,-0.0085741863403739522,-1.2531127510477524e-06
0.70087500000000003,-0.011199951171875,-0.011197142347635056,-2.8088242399436358e-06
0.70099999999999996,-0.012115478515625,-0.012113661988027708,-1.816527597292214e-06
0.701125,-0.011199951171875,-0.011185988540918476,-1.3962630956524183e-05
0.70125000000000004,-0.008544921875,-0.0085571247671862288,1.2202892186228761e-05
0.70137499999999997,-0.004638671875,-0.0046287922657508697,-9.8796092491302764e-06
0.70150000000000001,0,-4.488594845948398e-08,4.488594845948398e-08
0.70162500000000005,0.004638671875,0.0046240835830902039,1.4588291909796089e-05
0.70174999999999998,0.008544921875,0.0085399668637550687,4.955011244931265e-06
0.70187500000000003,0.011138916015625,0.011152452134354255,-1.353611872925535e-05
0.70199999999999996,0.012054443359375,0.01206531308967315,-1.0869730298150235e-05
0.702125,0.011138916015625,0.011141342924624128,-2.4269089991275222e-06
0.70225000000000004,0.008514404296875,0.0085229735316374421,-8.5692347624420628e-06
0.70237499999999997,0.004608154296875,0.0046103228436795681,-2.1685468045680792e-06
0.70250000000000001,0,5.3300850762861841e-08,-5.3300850762861841e-08
0.70262500000000006,-0.004608154296875,-0.0046056157839466762,-2.5385129283237926e-06
0.70274999999999999,-0.008514404296875,-0.0085058669883786627,-8.5373084963372842e-06
0.70287500000000003,-0.0111083984375,-0.011107923321074759,-4.7511642524075692e-07
0.70299999999999996,-0.01202392578125,-0.012017140196547992,-6.7855847020077686e-06
0.703125,-0.0111083984375,-0.011096858530014426,-1.153990748557418e-05
0.70325000000000004,-0.00848388671875,-0.0084889416243868285,5.0549056368285467e-06
0.70337499999999997,-0.00457763671875,-0.0045919101484720153,1.4273429722015327e-05
0.70350000000000001,0,-4.4679565356363792e-08,4.4679565356363792e-08
0.70362499999999994,0.00457763671875,0.0045872387102918926,-9.6019915418925697e-06
0.70374999999999999,0.00848388671875,0.0084719202412234448,1.1966477526555164e-05
0.70387500000000003,0.011077880859375,0.011063589267935022,1.4291591439978199e-05
0.70399999999999996,0.011962890625,0.011969176610482342,-6.2859854823415356e-06
0.704125,0.01104736328125,0.011052568717942909,-5.2054366929087104e-06
0.70425000000000004,0.008453369140625,0.0084550625735086479,-1.6934328836478579e-06
0.70437499999999997,0.00457763671875,0.0045735879580954385,4.0487606545614591e-06
0.70450000000000002,0,5.3094550699941595e-08,-5.3094550699941595e-08
0.70462499999999995,-0.00457763671875,-0.00456891799552541,-8.7187232245900317e-06
0.70474999999999999,-0.0084228515625,-0.0084380920065821076,1.524044408210759e-05
0.70487500000000003,-0.011016845703125,-0.011019415193012081,2.5694898870814303e-06
0.70499999999999996,-0.011932373046875,-0.011921387491490206,-1.0985555384793524e-05
0.705125,-0.011016845703125,-0.011008438707198793,-8.40699592620682e-06
0.70525000000000004,-0.0084228515625,-0.0084213017643809587,-1.5497981190413374e-06
0.70537499999999997,-0.004547119140625,-0.0045553219068404571,8.2027662154570899e-06
0.70550000000000002,0,-4.4473348297804796e-08,4.4473348297804796e-08
0.70562499999999995,0.004547119140625,0.0045506874191058172,-3.5682784808171997e-06
0.70574999999999999,0.008392333984375,0.008404415815779628,-1.2081831404628027e-05
0.70587500000000003,0.010986328125,0.010975434462123197,1.0893662876803462e-05
0.70599999999999996,0.011871337890625,0.011873806147541995,-2.4682569169948848e-06
0.706125,0.010955810546875,0.010964501864302463,-8.6913174274626942e-06
0.70625000000000004,0.008392333984375,0.0083876927294097986,4.6412549652014023e-06
0.70637499999999998,0.004547119140625,0.004537145775020705,9.9733656042950286e-06
0.70650000000000002,0,5.2888424616115467e-08,-5.2888424616115467e-08
0.70662499999999995,-0.004547119140625,-0.0045325126167464428,-1.4606523878557195e-05
0.70674999999999999,-0.00836181640625,-0.008370857057431692,9.0406511816919916e-06
0.70687500000000003,-0.01092529296875,-0.010931612298997488,6.3193302474884999e-06
0.70699999999999996,-0.0118408203125,-0.011826397744767467,-1.4422567732532907e-05
0.707125,-0.01092529296875,-0.010920723413690575,-4.5695550594249124e-06
0.70725000000000005,-0.00836181640625,-0.0083542008582933105,-7.6155479566894502e-06
0.70737499999999998,-0.0045166015625,-0.0045190251992610325,2.4236367610324522e-06
0.70750000000000002,0,-4.4267313129641608e-08,4.4267313129641608e-08
0.70762499999999995,0.0045166015625,0.0045144273702554362,2.1741922445637704e-06
0.70774999999999999,0.008331298828125,0.0083374492671806754,-6.1504390556754024e-06
0.70787500000000003,0.010894775390625,0.010887982075082632,6.7933155423680058e-06
0.70799999999999996,0.01177978515625,0.011779195597228381,5.8955902161941798e-07
0.708125,0.0108642578125,0.010877136727511434,-1.2878915011433831e-05
0.70825000000000005,0.008331298828125,0.0083208596877462591,1.0439140378740858e-05
0.70837499999999998,0.004486083984375,0.0045009939622102126,-1.4909977835212557e-05
0.70850000000000002,0,5.26824828366662e-08,-5.26824828366662e-08
0.70862499999999995,-0.004486083984375,-0.0044963973176714942,1.0313333296494212e-05
0.70874999999999999,-0.00830078125,-0.0083041578379365009,3.3765879365009466e-06
0.70887500000000003,-0.010833740234375,-0.010844509019716871,1.0768785341870937e-05
0.70899999999999996,-0.01171875,-0.011732164877121538,1.3414877121538382e-05
0.70912500000000001,-0.010833740234375,-0.010833707035801037,-3.3198573962806011e-08
0.70925000000000005,-0.00830078125,-0.008287634611746723,-1.3146638253276957e-05
0.70937499999999998,-0.004486083984375,-0.0044830177028037732,-3.0662815712267574e-06
0.70950000000000002,0,-4.4061467362172627e-08,4.4061467362172627e-08
0.70962499999999995,0.004486083984375,0.0044784562431111723,7.6277412638277309e-06
0.70974999999999999,0.008270263671875,0.0082710163096131623,-7.5263773816232338e-07
0.70987500000000003,0.01080322265625,0.01080122650993038,1.9961463196202511e-06
0.70999999999999996,0.011688232421875,0.011685338904551496,2.8935173235038192e-06
0.71012500000000001,0.01080322265625,0.010790467716287678,1.2754939962321757e-05
0.71025000000000005,0.00823974609375,0.0082545591712781929,-1.4813077528192872e-05
0.71037499999999998,0.00445556640625,0.0044651302059996152,-9.5637997496152496e-06
0.71050000000000002,0,5.2476732859657948e-08,-5.2476732859657948e-08
0.71062499999999995,-0.00445556640625,-0.0044605697869274478,5.0033806774478495e-06
0.71074999999999999,-0.00823974609375,-0.0082379900793862933,-1.7560143637067316e-06
0.71087500000000003,-0.010772705078125,-0.010758099780627844,-1.460529749715625e-05
0.71099999999999997,-0.011627197265625,-0.011638682857733758,1.1485592108758172e-05
0.71112500000000001,-0.0107421875,-0.010747384004568235,5.1965045682351302e-06
0.71125000000000005,-0.008209228515625,-0.0082215987645758992,1.2370248950899221e-05
0.71137499999999998,-0.00445556640625,-0.0044472971130403187,-8.2692932096813457e-06
0.71150000000000002,0,-4.3855821058103785e-08,4.3855821058103785e-08
0.71162499999999995,0.00445556640625,0.0044427717355342662,1.279467071573382e-05
0.71174999999999999,0.008209228515625,0.0082051126914130905,4.1158242119095079e-06
0.71187500000000004,0.010711669921875,0.010715162214380522,-3.4922925055223125e-06
0.71199999999999997,0.0115966796875,0.01159223006276754,4.4496247324603277e-06
0.71212500000000001,0.010711669921875,0.010704489283903449,7.1806379715513152e-06
0.71225000000000005,0.0081787109375,0.0081887869368524047,-1.0075999352404663e-05
0.71237499999999998,0.004425048828125,0.0044295522111671322,-4.5033830421321863e-06
0.71250000000000002,0,5.2271189985722995e-08,-5.2271189985722995e-08
0.71262499999999995,-0.004425048828125,-0.004425027731565721,-2.1096559279024096e-08
0.71274999999999999,-0.0081787109375,-0.0081723495470896659,-6.3613904103341362e-06
0.71287500000000004,-0.01068115234375,-0.010672379051609117,-8.7732921408827796e-06
0.71299999999999997,-0.01153564453125,-0.011545945703839077,1.0301172589077465e-05
0.71312500000000001,-0.010650634765625,-0.010661748795403742,1.1114029778741541e-05
0.71325000000000005,-0.008148193359375,-0.0081560890905605643,7.8957311855643031e-06
0.71337499999999998,-0.004425048828125,-0.0044118611439039812,-1.3187684221018826e-05
0.71350000000000002,0,-4.3650381487756838e-08,4.3650381487756838e-08
0.71362499999999995,0.00439453125,0.0044073715637221933,-1.2840313722193263e-05
0.71375,0.008148193359375,0.0081397341947882229,8.4591645867770904e-06
0.71387500000000004,0.0106201171875,0.01062978368038483,-9.6664928848303605e-06
0.71399999999999997,0.011505126953125,0.011499863112994495,5.2638401305052374e-06
0.71412500000000001,0.0106201171875,0.010619195927824291,9.2125967570896861e-07
0.71425000000000005,0.00811767578125,0.0081235387751194908,-5.8629938694907541e-06
0.71437499999999998,0.00439453125,0.0043942577007718853,2.7354922811466398e-07
0.71450000000000002,0,5.2065861346854602e-08,-5.2065861346854602e-08
0.71462499999999995,-0.00439453125,-0.0043897688769055816,-4.7623730944183762e-06
0.71475,-0.00811767578125,-0.0081072320400972925,-1.044374115270752e-05
0.71487500000000004,-0.010589599609375,-0.010587341346603454,-2.2582627715456161e-06
0.71499999999999997,-0.011444091796875,-0.011453947480343181,9.8556834681809424e-06
0.71512500000000001,-0.010589599609375,-0.010576795927742076,-1.2803681632924183e-05
0.71525000000000005,-0.008087158203125,-0.0080911013971604866,3.9431940354866385e-06
0.71537499999999998,-0.004364013671875,-0.0043767075275506521,1.2693855675652115e-05
0.71550000000000002,0,-4.3445163632053297e-08,4.3445163632053297e-08
0.71562499999999996,0.004364013671875,0.0043722534620771756,-8.2397902021755579e-06
0.71575,0.008087158203125,0.008074876635559388,1.2281567565611967e-05
0.71587500000000004,0.01055908203125,0.010545085443786304,1.3996587463696239e-05
0.71599999999999997,0.01141357421875,0.011408232143830762,5.3420749192376743e-06
0.71612500000000001,0.010528564453125,0.010534582189360951,-6.0177362359511988e-06
0.71625000000000005,0.008056640625,0.0080588105102701573,-2.1698852701573096e-06
0.71637499999999998,0.004364013671875,0.0043592444160156611,4.7692558593388779e-06
0.71650000000000003,0,5.1860753989994315e-08,-5.1860753989994315e-08
0.71662499999999996,-0.004364013671875,-0.0043547909663934469,-9.2227054815530868e-06
0.71675,-0.008056640625,-0.0080426333909275893,-1.4007234072410668e-05
0.71687500000000004,-0.010498046875,-0.010502981223263624,4.9343482636243774e-06
0.71699999999999997,-0.0113525390625,-0.011362682299442607,1.0143236942606812e-05
0.71712500000000001,-0.010498046875,-0.01049251996468391,-5.5269103160903582e-06
0.71725000000000005,-0.008026123046875,-0.0080266315252360051,5.084783610050797e-07
0.71737499999999998,-0.00433349609375,-0.00434183401419907,8.3379204490700159e-06
0.71750000000000003,0,-4.3240174401805806e-08,4.3240174401805806e-08
0.71762499999999996,0.00433349609375,0.0043374151830513933,-3.9190893013933345e-06
0.71775,0.00799560546875,0.0080105358628851792,-1.4930394135179159e-05
0.71787500000000004,0.010467529296875,0.010461062083966405,6.4672129085948521e-06
0.71799999999999997,0.011322021484375,0.011317331290976848,4.6901933981515626e-06
0.71812500000000001,0.01043701171875,0.010450642653318057,-1.363093456805721e-05
0.71825000000000006,0.00799560546875,0.0079945979997734212,1.007468976578843e-06
0.71837499999999999,0.00433349609375,0.0043245101161054622,8.9859776445377904e-06
0.71850000000000003,0,5.1655882581799024e-08,-5.1655882581799024e-08
0.71862499999999996,-0.00433349609375,-0.0043200917614488795,-1.3404332301120495e-05
0.71875,-0.007965087890625,-0.007978549465311088,1.3461574686087982e-05
0.71887500000000004,-0.010406494140625,-0.010419293282610084,1.279914198508425e-05
0.71899999999999997,-0.011260986328125,-0.011272144320247991,1.1157992122990887e-05
0.71912500000000001,-0.010406494140625,-0.010408915512652137,2.4213720271372419e-06
0.71924999999999994,-0.007965087890625,-0.0079626753487893175,-2.4125418356824718e-06
0.71937499999999999,-0.004302978515625,-0.0043072383719942311,4.2598563692311173e-06
0.71950000000000003,0,-4.3035420624874346e-08,4.3035420624874346e-08
0.71962499999999996,0.004302978515625,0.0043028544970079453,1.2401861705473027e-07
0.71975,0.0079345703125,0.0079467077590000042,-1.2137446500004243e-05
0.71987500000000004,0.0103759765625,0.010377708223495197,-1.7316609951974204e-06
0.71999999999999997,0.01123046875,0.011227154736860041,3.3140131399586603e-06
0.72012500000000002,0.0103759765625,0.01036737194765147,8.6046148485303259e-06
0.72024999999999995,0.0079345703125,0.0079308971341058784,3.6731783941215679e-06
0.72037499999999999,0.004302978515625,0.004290052578095678,1.2925937529321974e-05
0.72050000000000003,0,5.1451253816158623e-08,-5.1451253816158623e-08
0.72062499999999996,-0.0042724609375,-0.0042856690413357271,1.3208103835727139e-05
0.72075,-0.007904052734375,-0.0079149761619184255,1.0923427543425498e-05
0.72087500000000004,-0.010345458984375,-0.010336272168682414,-9.1868156925859618e-06
0.72099999999999997,-0.01116943359375,-0.011182327748410199,1.2894154660198984e-05
0.72112500000000002,-0.01031494140625,-0.0103259772210447,1.1035814794699977e-05
0.72124999999999995,-0.007904052734375,-0.0078992287746967402,-4.8239596782597566e-06
0.72137499999999999,-0.0042724609375,-0.0042729183868715761,4.574493715761227e-07
0.72150000000000003,0,-4.2830916659020817e-08,4.2830916659020817e-08
0.72162499999999996,0.0042724609375,0.0042685691920686915,3.891745431308484e-06
0.72175,0.00787353515625,0.0078833882389433077,-9.853082693307702e-06
0.72187500000000004,0.010284423828125,0.010295018527793144,-1.0594699668143789e-05
0.72199999999999998,0.011138916015625,0.011137696710262089,1.2193053629105249e-06
0.72212500000000002,0.010284423828125,0.010284764743118558,-3.4091499355806687e-07
0.72224999999999995,0.00787353515625,0.0078677038364743622,5.8313197756378055e-06
0.72237499999999999,0.004241943359375,0.0042558695967531328,-1.3926237378132818e-05
0.72250000000000003,0,5.1246874306071453e-08,-5.1246874306071453e-08
0.72262499999999996,-0.004241943359375,-0.004251520603012704,9.5772436377039583e-06
0.72275,-0.007843017578125,-0.007851909412101522,8.8918339765219762e-06
0.72287500000000005,-0.01025390625,-0.010253912568193642,6.3181936418854612e-09
0.72299999999999998,-0.011077880859375,-0.011093226835749532,1.5345976374531514e-05
0.72312500000000002,-0.01025390625,-0.010243699781896083,-1.0206468103917191e-05
0.72324999999999995,-0.007843017578125,-0.0078362877424539498,-6.7298356710501772e-06
0.72337499999999999,-0.004241943359375,-0.0042388718624010568,-3.0714969739432246e-06
0.72350000000000003,0,-4.2626668985407951e-08,4.2626668985407951e-08
0.72362499999999996,0.004241943359375,0.0042345570739869267,7.3862853880732673e-06
0.72375,0.0078125,0.0078205732503090035,-8.0732503090034935e-06
0.72387500000000005,0.010223388671875,0.01021298770478574,1.0400967089260055e-05
0.72399999999999998,0.01104736328125,0.011048951485949863,-1.5882046998632465e-06
0.72412500000000002,0.01019287109375,0.010202815752940117,-9.9446591901170001e-06
0.72424999999999995,0.0078125,0.007805014062584042,7.4859374159580092e-06
0.72437499999999999,0.00421142578125,0.0042219589844228866,-1.0533203172886571e-05
0.72450000000000003,0,5.104275810568279e-08,-5.104275810568279e-08
0.72462499999999996,-0.00421142578125,-0.0042176442609854611,6.2184797354611007e-06
0.72475000000000001,-0.007781982421875,-0.0077893451796260237,7.3627577510237269e-06
0.72487500000000005,-0.010162353515625,-0.010172209210196067,9.8556945710669142e-06
0.72499999999999998,-0.011016845703125,-0.011004835879887822,-1.2009823237178405e-05
0.72512500000000002,-0.010162353515625,-0.010162077929531724,-2.7558609327557604e-07
0.72524999999999995,-0.007781982421875,-0.0077738482239053152,-8.1341979696848352e-06
0.72537499999999999,-0.00421142578125,-0.0042050966196560775,-6.3291615939225013e-06
0.72550000000000003,0,-4.2422684006330659e-08,4.2422684006330659e-08
0.72562499999999996,0.00421142578125,0.004200815965999743,1.0609815250257025e-05
0.72575000000000001,0.00775146484375,0.0077582587729806392,-6.7939292306392132e-06
0.72587500000000005,0.0101318359375,0.010131610504566742,2.2543293325821834e-07
0.72599999999999998,0.010955810546875,0.010960913384308936,-5.1028374339363164e-06
0.72612500000000002,0.0101318359375,0.010121519732464902,1.0316205035098072e-05
0.72624999999999995,0.00775146484375,0.0077428238003648953,8.6410433851047408e-06
0.72637499999999999,0.004180908203125,0.0041883185708741699,-7.4103677491698869e-06
0.72650000000000003,0,5.0838911487546881e-08,-5.0838911487546881e-08
0.72662499999999997,-0.004180908203125,-0.0041840378471807603,3.1296440557602653e-06
0.72675000000000001,-0.007720947265625,-0.0077272794604237444,6.3321947987443616e-06
0.72687500000000005,-0.010101318359375,-0.010091156865739999,-1.0161493635000782e-05
0.72699999999999998,-0.01092529296875,-0.010917149223883506,-8.1437448664935241e-06
0.72712500000000002,-0.01007080078125,-0.010081106440233984,1.0305658983984084e-05
0.72724999999999995,-0.007720947265625,-0.0077119062229915655,-9.0410426334345401e-06
0.72737499999999999,-0.004180908203125,-0.0041715904970693815,-9.317706055618491e-06
0.72750000000000004,0,-4.2218975477521849e-08,4.2218975477521849e-08
0.72762499999999997,0.004180908203125,0.0041673437086818628,1.3564494443137239e-05
0.72775000000000001,0.0076904296875,0.0076964408188688518,-6.0111313688517715e-06
0.72787500000000005,0.010040283203125,0.010050881719058389,-1.0598515933388578e-05
0.72799999999999998,0.0108642578125,0.010873576770980099,-9.3189584800985881e-06
0.72812500000000002,0.010040283203125,0.010040871478828177,-5.8827570317658562e-07
0.72824999999999995,0.0076904296875,0.0076811290697097329,9.3006177902671405e-06
0.72837499999999999,0.004150390625,0.004154946203170873,-4.5555781708729939e-06
0.72850000000000004,0,5.0635343114761433e-08,-5.0635343114761433e-08
0.72862499999999997,-0.004150390625,-0.004150699210800619,3.0858580061902952e-07
0.72875000000000001,-0.007659912109375,-0.0076657082823309566,5.7961729559566008e-06
0.72887500000000005,-0.010009765625,-0.010010750347541047,9.8472254104683965e-07
0.72899999999999998,-0.010833740234375,-0.010830161255869577,-3.5789785054231305e-06
0.72912500000000002,-0.010009765625,-0.010000780131910671,-8.9854930893293328e-06
0.72924999999999995,-0.007659912109375,-0.0076504577754992449,-9.4543338757550541e-06
0.729375,-0.004150390625,-0.0041383513503038842,-1.2039274696115827e-05
0.72950000000000004,0,-4.2015549466985519e-08,4.2015549466985519e-08
0.72962499999999997,0.004119873046875,0.0041341381598213184,-1.4265112946318381e-05
0.72975000000000001,0.00762939453125,0.0076351154316667601,-5.7209004167601066e-06
0.72987500000000005,0.009979248046875,0.0099707961816838178,8.451865191182184e-06
0.72999999999999998,0.010772705078125,0.010786936056498747,-1.4230978373747094e-05
0.73012500000000002,0.00994873046875,0.0099608658306216593,-1.2135361871659298e-05
0.73024999999999995,0.00762939453125,0.0076199259222248707,9.4686090251292626e-06
0.730375,0.004119873046875,0.0041218397455291683,-1.9666986541683196e-06
0.73050000000000004,0,5.0432059047489346e-08,-5.0432059047489346e-08
0.73062499999999997,-0.004119873046875,-0.0041176262181778743,-2.2468286971256968e-06
0.73075000000000001,-0.007598876953125,-0.0076046277048290069,5.750751704006879e-06
0.73087500000000005,-0.009918212890625,-0.0099309845096443375,1.2771619019337488e-05
0.73099999999999998,-0.0107421875,-0.010743866408694432,1.6789086944319492e-06
0.73112500000000002,-0.009918212890625,-0.0099210938637576615,2.8809731326615018e-06
0.73124999999999996,-0.007598876953125,-0.0075894989487964798,-9.3780043285201717e-06
0.731375,-0.004119873046875,-0.0041053770521016506,-1.4495994773349417e-05
0.73150000000000004,0,-4.1812414405788031e-08,4.1812414405788031e-08
0.73162499999999997,0.00408935546875,0.0041011971942730837,-1.1841725523083733e-05
0.73175000000000001,0.007568359375,0.0075742786865913804,-5.9193115913803648e-06
0.73187500000000005,0.0098876953125,0.0098913487670335039,-3.6534545335038804e-06
0.73199999999999998,0.010711669921875,0.010700985695937195,1.0684225937805311e-05
0.73212500000000003,0.0098876953125,0.0098814976675659881,6.1976449340118978e-06
0.73224999999999996,0.007568359375,0.0075592104409825953,9.1489340174047071e-06
0.732375,0.00408935546875,0.0040889970791898747,3.583895601252593e-07
0.73250000000000004,0,5.0229072555441222e-08,-5.0229072555441222e-08
0.73262499999999997,-0.00408935546875,-0.0040848167526533509,-4.5387160966491036e-06
0.73275000000000001,-0.007537841796875,-0.0075440338188026146,6.1920219276145883e-06
0.73287500000000005,-0.009857177734375,-0.0098518542471008694,-5.3234872741305533e-06
0.73299999999999998,-0.010650634765625,-0.01065825915956556,7.6243939405602063e-06
0.73312500000000003,-0.00982666015625,-0.0098420425359337198,1.5382379683719777e-05
0.73324999999999996,-0.007537841796875,-0.0075290258415866094,-8.8159552883906173e-06
0.733375,-0.004058837890625,-0.0040726654921547237,1.3827601529723711e-05
0.73350000000000004,0,-4.1609576154134728e-08,4.1609576154134728e-08
0.73362499999999997,0.004058837890625,0.0040685187038276161,-9.6808132026161148e-06
0.73375000000000001,0.00750732421875,0.0075139266901273335,-6.6024713773335172e-06
0.73387500000000006,0.00982666015625,0.0098125343905344515,1.4125765715548508e-05
0.73399999999999999,0.0106201171875,0.010615720188549779,4.3969989502214146e-06
0.73412500000000003,0.009796142578125,0.0098027619101773936,-6.6193320523936366e-06
0.73424999999999996,0.00750732421875,0.0074989787402600398,8.3454784899602077e-06
0.734375,0.004058837890625,0.0040564161022692375,2.4217883557624623e-06
0.73450000000000004,0,5.0026389374526724e-08,-5.0026389374526724e-08
0.73462499999999997,-0.004058837890625,-0.0040522687144312376,-6.5691761937623772e-06
0.73475000000000001,-0.007476806640625,-0.0074839227462843707,7.1161056593707292e-06
0.73487499999999994,-0.009765625,-0.0097733544956379349,7.72949563793493e-06
0.73499999999999999,-0.01055908203125,-0.010573334029696126,1.4251998446125971e-05
0.73512500000000003,-0.009765625,-0.0097636210892322311,-2.0039107677689155e-06
0.73524999999999996,-0.007476806640625,-0.0074690345836636255,-7.7720569613744933e-06
0.735375,-0.0040283203125,-0.0040402145769767332,1.1894264476733189e-05
0.73550000000000004,0,-4.1407047696799021e-08,4.1407047696799021e-08
0.73562499999999997,0.0040283203125,0.0040361005970669826,-7.7802845669825912e-06
0.73575000000000002,0.0074462890625,0.007454055579788026,-7.7665172880259786e-06
0.73587499999999995,0.009735107421875,0.0097343480081276881,7.5941374731193501e-07
0.73599999999999999,0.010528564453125,0.010531134077420812,-2.5696242958121035e-06
0.73612500000000003,0.009735107421875,0.0097246535194463746,1.0453902428625428e-05
0.73624999999999996,0.0074462890625,0.0074392269652974914,7.0620972025085826e-06
0.736375,0.0040283203125,0.0040240947296313005,4.2255828686995484e-06
0.73650000000000004,0,4.9824015168897852e-08,-4.9824015168897852e-08
0.73662499999999997,-0.0040283203125,-0.0040199800204491912,-8.3402920508087938e-06
0.73675000000000002,-0.007415771484375,-0.0074242906402015073,8.5191558265073145e-06
0.73687499999999995,-0.00970458984375,-0.0096954802313322618,-9.1096124177382498e-06
0.73699999999999999,-0.010498046875,-0.010489085583954309,-8.9612910456910583e-06
0.73712500000000003,-0.009674072265625,-0.0096858245047611105,1.1752239136110509e-05
0.73724999999999996,-0.007415771484375,-0.0074095213356541369,-6.2501487208630607e-06
0.737375,-0.003997802734375,-0.0040080222297554377,1.0219495380437739e-05
0.73750000000000004,0,-4.1204834575627217e-08,4.1204834575627217e-08
0.73762499999999998,0.003997802734375,0.004003940799244458,-6.1380648694580459e-06
0.73775000000000002,0.00738525390625,0.0073946615238615291,-9.4076176115290983e-06
0.73787499999999995,0.0096435546875,0.009656784615953571,-1.3229928453570988e-05
0.73799999999999999,0.01043701171875,0.010447221949115371,-1.0210230365370956e-05
0.73812500000000003,0.0096435546875,0.0096471674965133512,-3.612809013351162e-06
0.73824999999999996,0.00738525390625,0.0073799512920482537,5.3026142017463182e-06
0.738375,0.003997802734375,0.0039920308927610428,5.7718416139572459e-06
0.73850000000000005,0,4.9621962643296781e-08,-4.9621962643296781e-08
0.73862499999999998,-0.003997802734375,-0.0039879486042361878,-9.8541301388121658e-06
0.73875000000000002,-0.007354736328125,-0.0073651336841399255,1.0397356014925536e-05
0.73887499999999995,-0.009613037109375,-0.009618226470294023,5.1893609190230283e-06
0.73899999999999999,-0.010406494140625,-0.010405508430515459,-9.8571010954083549e-07
0.73912500000000003,-0.009613037109375,-0.0096086478036160536,-4.3893057589464157e-06
0.73924999999999996,-0.007354736328125,-0.0073504822887785837,-4.2540393464162926e-06
0.739375,-0.00396728515625,-0.0039760863902288113,8.8012339788112737e-06
0.73950000000000005,0,-4.1002942262564915e-08,4.1002942262564915e-08
0.73962499999999998,0.00396728515625,0.0039720372521449459,-4.7520958949458583e-06
0.73975000000000002,0.00732421875,0.0073357407211687422,-1.1521971168742227e-05
0.73987499999999995,0.00958251953125,0.00957983925001233,2.6802812376700014e-06
0.73999999999999999,0.0103759765625,0.010363978433332817,1.1998129167183069e-05
0.74012500000000003,0.00958251953125,0.0095702988823524043,1.2220648897595665e-05
0.74024999999999996,0.00732421875,0.0073211479269406354,3.0708230593645691e-06
0.74037500000000001,0.00396728515625,0.0039602225396186816,7.0626166313184427e-06
0.74050000000000005,0,4.9420237149316279e-08,-4.9420237149316279e-08
0.74062499999999998,-0.00396728515625,-0.0039561724157935558,-1.1112740456444177e-05
0.74075000000000002,-0.007293701171875,-0.007306448092093105,1.2746920218104953e-05
0.74087499999999995,-0.009552001953125,-0.0095415882683441838,-1.0413684780816168e-05
0.74099999999999999,-0.01031494140625,-0.010322597220517024,7.6558142670241081e-06
0.74112500000000003,-0.009521484375,-0.0095320860465647039,1.060167156470386e-05
0.74124999999999996,-0.007293701171875,-0.0072919136646040668,-1.787507270933214e-06
0.74137500000000001,-0.003936767578125,-0.0039444050145487708,7.6374364237708284e-06
0.74150000000000005,0,-4.080138318715978e-08,4.080138318715978e-08
0.74162499999999998,0.003936767578125,0.0039403879139467569,-3.6203358217568732e-06
0.74175000000000002,0.00726318359375,0.0072772894008134572,-1.4105807063457231e-05
0.74187499999999995,0.009490966796875,0.0095035069858628845,-1.254018898788449e-05
0.74199999999999999,0.010284423828125,0.01028139820256312,3.0256255618803241e-06
0.74212500000000003,0.009490966796875,0.009494042757448409,-3.0759605734089618e-06
0.74224999999999997,0.00726318359375,0.007262813106625075,3.7048712492500357e-07
0.74237500000000001,0.003936767578125,0.0039286676345172394,8.0999436077606318e-06
0.74250000000000005,0,4.9218843970471381e-08,-4.9218843970471381e-08
0.74262499999999998,-0.003936767578125,-0.0039246494214570521,-1.211815666794791e-05
0.74275000000000002,-0.00726318359375,-0.0072482301082231479,-1.4953485526852071e-05
0.74287499999999995,-0.00946044921875,-0.0094655607206999021,5.1115019499021336e-06
0.74299999999999999,-0.01025390625,-0.010240346647716243,-1.3559602283757383e-05
0.74312500000000004,-0.00946044921875,-0.0094561343337331918,-4.3148850168081565e-06
0.74324999999999997,-0.007232666015625,-0.0072338117148091916,1.1456991841915856e-06
0.74337500000000001,-0.00390625,-0.0039129760751590538,6.7260751590537612e-06
0.74350000000000005,0,-4.0600162514504844e-08,4.0600162514504844e-08
0.74362499999999998,0.00390625,0.0039089907591040671,-2.7407591040671392e-06
0.74375000000000002,0.007232666015625,0.0072193038219510539,1.3362193673946074e-05
0.74387499999999995,0.009429931640625,0.0094277829383012657,2.1487023237343195e-06
0.74399999999999999,0.01019287109375,0.010199475971745876,-6.6048779958759879e-06
0.74412500000000004,0.009429931640625,0.009418394241484971,1.153739914002902e-05
0.74424999999999997,0.0072021484375,0.0072049430977383826,-2.7946602383826027e-06
0.74437500000000001,0.00390625,0.0038973641579878901,8.8858420121099187e-06
0.74450000000000005,0,4.901779526586911e-08,-4.901779526586911e-08
0.74462499999999998,-0.00390625,-0.0038933776037603017,-1.2872396239698315e-05
0.74475000000000002,-0.0072021484375,-0.0071904760066138287,-1.1672430886171259e-05
0.74487499999999995,-0.0093994140625,-0.0093901389616570206,-9.2751008429793613e-06
0.745,-0.010162353515625,-0.010158751448150538,-3.6020674744619008e-06
0.74512500000000004,-0.009368896484375,-0.0093807878042871783,1.189131991217833e-05
0.74524999999999997,-0.007171630859375,-0.0071761727209341819,4.5418615591819034e-06
0.74537500000000001,-0.003875732421875,-0.0038817975606524136,6.0651387774135826e-06
0.74550000000000005,0,-4.039928534340489e-08,4.039928534340489e-08
0.74562499999999998,0.003875732421875,0.0038778437782106471,-2.1113563356471403e-06
0.74575000000000002,0.007171630859375,0.0071617802735440151,9.8505858309849009e-06
0.74587499999999995,0.00933837890625,0.0093526622610497628,-1.4283354799762837e-05
0.746,0.0101318359375,0.010118206497932103,1.3629439567897084e-05
0.74612500000000004,0.00933837890625,0.0093433484930347185,-4.9695867847185382e-06
0.74624999999999997,0.00714111328125,0.0071475341966697036,-6.4209154197036183e-06
0.74637500000000001,0.003875732421875,0.003866310106659299,9.4223152157010132e-06
0.74650000000000005,0,4.8817096017786974e-08,-4.8817096017786974e-08
0.74662499999999998,-0.003875732421875,-0.0038623549613186563,-1.3377460556343677e-05
0.74675000000000002,-0.00714111328125,-0.0071331820910420576,-7.9311902079423624e-06
0.74687499999999996,-0.009307861328125,-0.009315318164284072,7.4568361590719723e-06
0.747,-0.01007080078125,-0.010077806399800618,7.0056185506178759e-06
0.74712500000000004,-0.009307861328125,-0.0093060416361234743,-1.8196920015256524e-06
0.74724999999999997,-0.007110595703125,-0.0071189929941479655,8.3972910229655404e-06
0.74737500000000001,-0.00384521484375,-0.0038508674756484811,5.6526318984811107e-06
0.74750000000000005,0,-4.0198763567213101e-08,4.0198763567213101e-08
0.74762499999999998,0.00384521484375,0.0038469449778649168,-1.7301341149167891e-06
0.74775000000000003,0.007110595703125,0.0071047150741195596,5.8806290054403895e-06
0.74787499999999996,0.00927734375,0.009278140146443235,-7.9639644323496739e-07
0.748,0.010040283203125,0.010037584579948668,2.6986231763323487e-06
0.74812500000000004,0.00927734375,0.0092689007092441322,8.44304075586777e-06
0.74824999999999997,0.007080078125,0.0070905827293136015,-1.0504604313601486e-05
0.74837500000000001,0.00384521484375,0.0038355034931165182,9.7113506334818057e-06
0.74850000000000005,0,4.8616753421692357e-08,-4.8616753421692357e-08
0.74862499999999998,-0.00384521484375,-0.0038315795086924322,-1.3635335057567751e-05
0.74875000000000003,-0.007080078125,-0.007076344694736292,-3.7334302637080305e-06
0.74887499999999996,-0.009246826171875,-0.0092410935401106235,-5.7326317643765362e-06
0.749,-0.010009765625,-0.0099975063222562961,-1.2259302743703945e-05
0.74912500000000004,-0.009246826171875,-0.0092318910455640429,-1.4935126310957128e-05
0.74924999999999997,-0.007049560546875,-0.0070622688750169044,1.2708328141904437e-05
0.74937500000000001,-0.003814697265625,-0.0038201838406723707,5.4865750473706912e-06
0.74950000000000006,0,-3.9998601989021406e-08,3.9998601989021406e-08
0.74962499999999999,0.003814697265625,0.0038162923805551995,-1.5951149301995406e-06
0.74975000000000003,0.007049560546875,0.0070481045715438655,1.4559753311344653e-06
0.74987499999999996,0.00921630859375,0.0092042118251267208,1.2096768623279242e-05
0.75,0.00994873046875,0.0099576050580654409,-8.8745893154409256e-06
0.75012500000000004,0.009185791015625,0.0091950461255297187,-9.2551099047186863e-06
0.75024999999999997,0.00701904296875,0.0070340850508399336,-1.5042082089933642e-05
0.75037500000000001,0.003814697265625,0.0038049423457803136,9.7549198446863702e-06
0.75049999999999994,0,4.8416772276626173e-08,-4.8416772276626173e-08
0.75062499999999999,-0.003814697265625,-0.0038010492762641079,-1.3647989360892135e-05
0.75075000000000003,-0.00701904296875,-0.0070199601801370767,9.1721138707669819e-07
0.75087499999999996,-0.0091552734375,-0.0091674603388182414,1.2186901318241364e-05
0.751,-0.009918212890625,-0.0099178460763849289,-3.6681424007110885e-07
0.75112500000000004,-0.0091552734375,-0.0091583312870445813,3.0578495445812703e-06
0.75124999999999997,-0.00701904296875,-0.0070059967332608535,-1.3046235489146477e-05
0.75137500000000002,-0.0037841796875,-0.0037897446920152518,5.565004515251798e-06
0.75149999999999995,0,-3.9798814351324138e-08,3.9798814351324138e-08
0.75162499999999999,0.0037841796875,0.003785884024524587,-1.7043370245869993e-06
0.75175000000000003,0.006988525390625,0.0069919451427833627,-3.4197521583626683e-06
0.75187499999999996,0.009124755859375,0.0091308725657475373,-6.1167063725373061e-06
0.752,0.0098876953125,0.0098782628136650421,9.4324988349579059e-06
0.75212500000000004,0.009124755859375,0.0091217800152713392,2.9758441036607797e-06
0.75224999999999997,0.006988525390625,0.0069780375454653347,1.0487845159665339e-05
0.75237500000000002,0.0037841796875,0.0037746247087872037,9.5549787127962964e-06
0.75249999999999995,0,4.8217164043221881e-08,-4.8217164043221881e-08
0.75262499999999999,-0.0037841796875,-0.0037707623101039048,-1.341737739609522e-05
0.75275000000000003,-0.0069580078125,-0.0069640249386739572,6.0171261739572213e-06
0.75287499999999996,-0.00909423828125,-0.0090944138479416917,1.7556669169166428e-07
0.753,-0.00982666015625,-0.0098388205640025355,1.2160407752535504e-05
0.75312500000000004,-0.00909423828125,-0.0090853576528143205,-8.8806284356795356e-06
0.75324999999999998,-0.0069580078125,-0.0069501729675257376,-7.8348449742624005e-06
0.75337500000000002,-0.003753662109375,-0.0037595480816151193,5.88597224011932e-06
0.75349999999999995,0,-3.9599391720950728e-08,3.9599391720950728e-08
0.75362499999999999,0.003753662109375,0.003755717963649605,-2.0558542746049874e-06
0.75375000000000003,0.006927490234375,0.0069362331936681128,-8.7429592931127786e-06
0.75387499999999996,0.009063720703125,0.0090581176746499063,5.6030284750936687e-06
0.754,0.009796142578125,0.0097995527689152956,-3.4101907902955864e-06
0.75412500000000005,0.009063720703125,0.0090490976895131418,1.4623013611858235e-05
0.75424999999999998,0.006927490234375,0.0069224366262121773,5.0536081628227078e-06
0.75437500000000002,0.003753662109375,0.0037445486418517067,9.1134675232933463e-06
0.75449999999999995,0,4.8017933233818511e-08,-4.8017933233818511e-08
0.75462499999999999,-0.003753662109375,-0.0037407166718573053,-1.29454375176947e-05
0.75475000000000003,-0.00689697265625,-0.0069085353905296047,1.1562734279604685e-05
0.75487499999999996,-0.009033203125,-0.0090219493925647268,-1.1253732435273153e-05
0.755,-0.009765625,-0.009760424727547486,-5.2002724525140182e-06
0.75512500000000005,-0.009002685546875,-0.009012965472633019,1.0279925758019046e-05
0.75524999999999998,-0.00689697265625,-0.0068947940051577944,-2.1786510922055732e-06
0.75537500000000002,-0.00372314453125,-0.0037295920769382569,6.4475456882568706e-06
0.75549999999999995,0,-3.9400352110797596e-08,3.9400352110797596e-08
0.75562499999999999,0.00372314453125,0.0037257922673073914,-2.6477360573914054e-06
0.75575000000000003,0.006866455078125,0.0068809651586713904,-1.4510080546390434e-05
0.75587499999999996,0.00897216796875,0.0089859424955797389,-1.3774526829738939e-05
0.75600000000000001,0.009735107421875,0.0097214698864442322,1.3637535430767803e-05
0.75612500000000005,0.00897216796875,0.0089769944966583172,-4.8265279083171964e-06
0.75624999999999998,0.006866455078125,0.0068672787346854376,-8.2365656043758423e-07
0.75637500000000002,0.00372314453125,0.0037147122201485298,8.4323111014701635e-06
0.75649999999999995,0,4.7819084300749887e-08,-4.7819084300749887e-08
0.75662499999999999,-0.00372314453125,-0.0037109104386146325,-1.2234092635367549e-05
0.75675000000000003,-0.006866455078125,-0.0068534879844060559,-1.2967093718944077e-05
0.75687499999999996,-0.008941650390625,-0.0089500623350183429,8.4119443933428767e-06
0.75700000000000001,-0.009674072265625,-0.0096826535497568592,8.5812841318592264e-06
0.75712500000000005,-0.008941650390625,-0.0089411501134754531,-5.002771495468683e-07
0.75724999999999998,-0.0068359375,-0.006839856301965405,3.9188019654049985e-06
0.75737500000000002,-0.003692626953125,-0.0036998747608431356,7.2478077181355877e-06
0.75749999999999995,0,-3.9201699863391777e-08,3.9201699863391777e-08
0.75762499999999999,0.003692626953125,0.0036961050202645633,-3.4780671395633414e-06
0.75775000000000003,0.0068359375,0.0068261375006750773,9.7999993249227313e-06
0.75787499999999997,0.0089111328125,0.0089143424093831962,-3.2095968831961919e-06
0.75800000000000001,0.0096435546875,0.0096440091690176925,-4.5448151769246492e-07
0.75812500000000005,0.0089111328125,0.0089054658221740003,5.6669903259996823e-06
0.75824999999999998,0.006805419921875,0.0068125603408418205,-7.1404189668205359e-06
0.75837500000000002,0.003692626953125,0.0036851135341954442,7.5134189295557666e-06
0.75849999999999995,0,4.7620628201824764e-08,-4.7620628201824764e-08
0.75862499999999999,-0.003692626953125,-0.0036813417027819354,-1.1285250343064622e-05
0.75875000000000004,-0.006805419921875,-0.0067988791973068712,-6.5407245681287779e-06
0.75887499999999997,-0.008880615234375,-0.0088787480745891097,-1.8671597858902628e-06
0.75900000000000001,-0.009613037109375,-0.0096055020533453231,-7.535056029676912e-06
0.75912500000000005,-0.008880615234375,-0.0088699069792298121,-1.0708255145187862e-05
0.75924999999999998,-0.00677490234375,-0.0067853563419986119,1.0453998248611922e-05
0.75937500000000002,-0.003662109375,-0.0036703942314660195,8.2848564660195287e-06
0.75949999999999995,0,-3.9003439262895071e-08,3.9003439262895071e-08
0.75962499999999999,0.003662109375,0.0036666543225483475,-4.5449475483474999e-06
0.75975000000000004,0.00677490234375,0.0067717467107464378,3.1556330035622387e-06
0.75987499999999997,0.00885009765625,0.0088433128337127524,6.7848225372476451e-06
0.76000000000000001,0.009552001953125,0.0095671656592195252,-1.5163706094525192e-05
0.76012500000000005,0.008819580078125,0.0088345070882984555,-1.4927010173455477e-05
0.76024999999999998,0.006744384765625,0.0067582779427700313,-1.3893177145031348e-05
0.76037500000000002,0.003662109375,0.0036557506897188096,6.3586852811904453e-06
0.76049999999999995,0,4.7422569113170642e-08,-4.7422569113170642e-08
0.760625,-0.003662109375,-0.0036520085719711692,-1.0100803028830797e-05
0.76075000000000004,-0.006744384765625,-0.0067447055343053718,3.2076868037179268e-07
0.76087499999999997,-0.008819580078125,-0.0088080020472212778,-1.1578030903722225e-05
0.76100000000000001,-0.009521484375,-0.009528965300686594,7.480925686594031e-06
0.76112500000000005,-0.0087890625,-0.0087992315104061334,1.0169010406133397e-05
0.76124999999999998,-0.006744384765625,-0.0067312906373209998,-1.309412830400019e-05
0.76137500000000002,-0.003631591796875,-0.0036411486020951627,9.556805220162657e-06
0.76149999999999995,0,-3.8805581022262599e-08,3.8805581022262599e-08
0.761625,0.003631591796875,0.0036374382893190065,-5.8464924440064688e-06
0.76175000000000004,0.0067138671875,0.0067177893079073672,-3.9221204073671898e-06
0.76187499999999997,0.008758544921875,0.0087728492227305988,-1.430430085559882e-05
0.76200000000000001,0.009490966796875,0.0094909344391343169,3.2357740683067182e-08
0.76212500000000005,0.008758544921875,0.0087641137537430337,-5.5688318680337245e-06
0.76224999999999998,0.0067138671875,0.0067044280664573363,9.4391210426637145e-06
0.76237500000000002,0.003631591796875,0.0036266218075405392,4.9699893344607761e-06
0.76249999999999996,0,4.7224913307835202e-08,-4.7224913307835202e-08
0.762625,-0.003631591796875,-0.0036229091688728694,-8.6826280021306407e-06
0.76275000000000004,-0.006683349609375,-0.0066909635283240532,7.6139189490532014e-06
0.76287499999999997,-0.00872802734375,-0.0087378197252264023,9.792381476402337e-06
0.76300000000000001,-0.00946044921875,-0.0094530383934974295,-7.4108252525705021e-06
0.76312500000000005,-0.00872802734375,-0.0087291191838469676,1.0918400969676251e-06
0.76324999999999998,-0.006683349609375,-0.006677655727792599,-5.6938815824010211e-06
0.76337500000000003,-0.00360107421875,-0.0036121360010580848,1.1061782308084776e-05
0.76349999999999996,0,-3.8608129154570922e-08,3.8608129154570922e-08
0.763625,0.00360107421875,0.0036084550507613305,-7.3808320113304647e-06
0.76375000000000004,0.00665283203125,0.0066642618389209035,-1.1429807670903548e-05
0.76387499999999997,0.008697509765625,0.0087029470668227148,-5.4373011977148361e-06
0.76400000000000001,0.009429931640625,0.0094153106300326403,1.4621010592359707e-05
0.76412500000000005,0.008697509765625,0.0086942813134041116,3.2284522208884253e-06
0.76424999999999998,0.00665283203125,0.0066510072655719373,1.8247656780627161e-06
0.76437500000000003,0.00360107421875,0.0035977250234538122,3.3491952961877888e-06
0.76449999999999996,0,4.7027664797177337e-08,-4.7027664797177337e-08
0.764625,-0.00360107421875,-0.0035940416311300949,-7.0325876199051236e-06
0.76475000000000004,-0.006622314453125,-0.0066376497399065985,1.533528678159847e-05
0.76487499999999997,-0.0086669921875,-0.0086681966169902501,1.2044294902500974e-06
0.76500000000000001,-0.009368896484375,-0.0093777164725241547,8.8199881491547033e-06
0.76512500000000006,-0.0086669921875,-0.0086595655124328923,-7.4266750671077297e-06
0.76524999999999999,-0.006622314453125,-0.0066244481808392132,2.1337277142131905e-06
0.76537500000000003,-0.003570556640625,-0.0035833545715897425,1.2797930964742518e-05
0.76549999999999996,0,-3.8411089745706456e-08,3.8411089745706456e-08
0.765625,0.003570556640625,0.0035797027519588317,-9.1461113338317176e-06
0.76575000000000004,0.006622314453125,0.0066111608780655175,1.1153575059482529e-05
0.76587499999999997,0.008636474609375,0.008633601892307748,2.872717067252048e-06
0.76600000000000001,0.00933837890625,0.0093402893920588176,-1.9104858088175858e-06
0.76612499999999994,0.008636474609375,0.0086250052980771982,1.1469311297801835e-05
0.76624999999999999,0.006591796875,0.006598012121246933,-6.2152462469329539e-06
0.76637500000000003,0.003570556640625,0.0035690584881116713,1.4981525133287397e-06
0.76649999999999996,0,4.6830833895549639e-08,-4.6830833895549639e-08
0.766625,-0.003570556640625,-0.0035654041112312151,-5.1525293937849069e-06
0.76675000000000004,-0.006591796875,-0.0065847607570069296,-7.0361179930703704e-06
0.76687499999999997,-0.00860595703125,-0.0085991282666903028,-6.8287645596971924e-06
0.76700000000000002,-0.009307861328125,-0.0093029947172316701,-4.8666108933299174e-06
0.76712499999999995,-0.008575439453125,-0.0085905660448011394,1.5126591676139362e-05
0.76724999999999999,-0.006561279296875,-0.0065716645912374094,1.0385294362409356e-05
0.76737500000000003,-0.0035400390625,-0.0035548024717197892,1.4763409219789234e-05
0.76749999999999996,0,-3.8214466647739869e-08,3.8214466647739869e-08
0.767625,0.0035400390625,0.0035511795527691827,-1.1140490269182651e-05
0.76775000000000004,0.006561279296875,0.0065584830269114058,2.7962699635942362e-06
0.76787499999999997,0.008575439453125,0.0085648092611482502,1.0630191976749789e-05
0.76800000000000002,0.00927734375,0.0092658659239211894,1.147782607881058e-05
0.76812499999999995,0.008544921875,0.0085562812741659632,-1.1359399165963152e-05
0.76824999999999999,0.00653076171875,0.0065454392418523863,-1.4677523102386326e-05
0.76837500000000003,0.0035400390625,0.0035406203668967833,-5.8130439678331924e-07
0.76849999999999996,0,4.6634424351577028e-08,-4.6634424351577028e-08
0.768625,-0.0035400390625,-0.0035369947763836678,-3.0442861163322392e-06
0.76875000000000004,-0.00653076171875,-0.0065322931947661908,1.5314760161908025e-06
0.76887499999999998,-0.008544921875,-0.0085306102540080794,-1.4311620991920571e-05
0.76900000000000002,-0.00921630859375,-0.0092288683454949342,1.2559751744934192e-05
0.76912499999999995,-0.008514404296875,-0.0085221163650492943,7.7120681742943314e-06
0.76924999999999999,-0.00653076171875,-0.0065193015809010355,-1.1460137848964477e-05
0.76937500000000003,-0.0035400390625,-0.0035264778741604945,-1.3561188339505491e-05
0.76949999999999996,0,-3.8018269941440195e-08,3.8018269941440195e-08
0.769625,0.003509521484375,0.0035228836277182928,-1.33621433432928e-05
0.76975000000000005,0.006500244140625,0.0065062249141120314,-5.9807734870314169e-06
0.76987499999999998,0.00848388671875,0.0084965647706715681,-1.2678051921568081e-05
0.77000000000000002,0.009185791015625,0.0091920354625848258,-6.244446959825789e-06
0.77012499999999995,0.00848388671875,0.0084881048434018065,-4.2181246518065152e-06
0.77024999999999999,0.006500244140625,0.0064932852627843513,6.9588778406487473e-06
0.77037500000000003,0.003509521484375,0.0035124088398100395,-2.8873554350395021e-06
0.77049999999999996,0,4.6438439861274403e-08,-4.6438439861274403e-08
0.770625,-0.003509521484375,-0.0035088118084005866,-7.0967597441337626e-07
0.77075000000000005,-0.0064697265625,-0.0064802436952917115,1.0517132791711473e-05
0.77087499999999998,-0.008453369140625,-0.0084626381938438557,9.2690532188556551e-06
0.77100000000000002,-0.0091552734375,-0.0091553326132929134,5.9175792913382375e-08
0.77112499999999995,-0.008453369140625,-0.0084542120924705755,8.429518455754792e-07
0.77124999999999999,-0.0064697265625,-0.0064673557986560234,-2.370763843976588e-06
0.77137500000000003,-0.003509521484375,-0.0034983789661780576,-1.1142518196942397e-05
0.77149999999999996,0,-3.7822503221046897e-08,3.7822503221046897e-08
0.77162500000000001,0.003509521484375,0.0034948131658755657,1.4708318499434287e-05
0.77175000000000005,0.006439208984375,0.006454383195182334,-1.5174210807334006e-05
0.77187499999999998,0.0084228515625,0.008428864053285582,-6.0124907855819976e-06
0.77200000000000002,0.009124755859375,0.0091187932829666987,5.9625764083012789e-06
0.77212499999999995,0.0084228515625,0.00842047164256075,2.379919939250047e-06
0.77224999999999999,0.006439208984375,0.0064415468462465627,-2.337861871562659e-06
0.77237500000000003,0.00347900390625,0.003484422101359816,-5.4181951098159799e-06
0.77249999999999996,0,4.6242890275935432e-08,-4.6242890275935432e-08
0.77262500000000001,-0.00347900390625,-0.0034808534035767249,1.8494973267248888e-06
0.77275000000000005,-0.006439208984375,-0.0064286089274510341,-1.0600056923965907e-05
0.77287499999999998,-0.008392333984375,-0.0083952077360408602,2.8737516658602219e-06
0.77300000000000002,-0.00909423828125,-0.0090823828144049792,-1.1855466845020826e-05
0.77312499999999995,-0.008392333984375,-0.0083868488812588304,-5.4851031161696345e-06
0.77324999999999999,-0.00640869140625,-0.006415823920031931,7.1325137819310339e-06
0.77337500000000003,-0.00347900390625,-0.0034705039494825293,-8.4999567674707253e-06
0.77349999999999997,0,-3.7627170029690759e-08,3.7627170029690759e-08
0.77362500000000001,0.00347900390625,0.0034669663707418818,1.2037535508118216e-05
0.77375000000000005,0.00640869140625,0.0064029545522876381,5.7368539623618708e-06
0.77387499999999998,0.00836181640625,0.0083617027761968294,1.1363005317059638e-07
0.77400000000000002,0.009033203125,0.0090461346976332731,-1.2931572633273145e-05
0.77412499999999995,0.00836181640625,0.0083533773431873713,8.4390630626287461e-06
0.77424999999999999,0.006378173828125,0.0063902206810426878,-1.2046852917687798e-05
0.77437500000000004,0.003448486328125,0.0034566583604348057,-8.1720323098057393e-06
0.77449999999999997,0,4.6047779038567007e-08,-4.6047779038567007e-08
0.77462500000000001,-0.003448486328125,-0.0034531177725846199,4.6314444596198823e-06
0.77475000000000005,-0.006378173828125,-0.0063773855866527673,-7.8824147223266472e-07
0.77487499999999998,-0.008331298828125,-0.0083283145651043954,-2.9842630206045745e-06
0.77500000000000002,-0.009002685546875,-0.0090100142801097082,7.3287332347082151e-06
0.77512499999999995,-0.008331298828125,-0.0083200224202353307,-1.1276407889669257e-05
0.77524999999999999,-0.006378173828125,-0.0063647026470462185,-1.3471181078781452e-05
0.77537500000000004,-0.003448486328125,-0.0034428510401184015,-5.6352880065985329e-06
0.77549999999999997,0,-3.7432279993227023e-08,3.7432279993227023e-08
0.77562500000000001,0.003448486328125,0.003439341460127001,9.14486799799899e-06
0.77575000000000005,0.00634765625,0.0063519356940254868,-4.2794440254867797e-06
0.77587499999999998,0.00830078125,0.0082950766411379936,5.7046088620064245e-06
0.77600000000000002,0.00897216796875,0.0089740550565005281,-1.8870877505280936e-06
0.77612499999999995,0.00830078125,0.0082868176513129967,1.3963598687003267e-05
0.77625,0.00634765625,0.0063393034823555853,8.3527676444147131e-06
0.77637500000000004,0.00341796875,0.0034291158401952753,-1.1147090195275274e-05
0.77649999999999997,0,4.5853109542540311e-08,-4.5853109542540311e-08
0.77662500000000001,-0.00341796875,-0.003425603140354205,7.6343903542049757e-06
0.77675000000000005,-0.006317138671875,-0.006326570394638016,9.4317227630159525e-06
0.77687499999999998,-0.008270263671875,-0.008261954399923355,-8.3092719516449781e-06
0.77700000000000002,-0.008941650390625,-0.0089382223788860762,-3.4280117389238335e-06
0.77712499999999995,-0.00823974609375,-0.008253728432575165,1.398233882516503e-05
0.77725,-0.006317138671875,-0.0063139887079989975,-3.1499638760024845e-06
0.77737500000000004,-0.00341796875,-0.0034154184683389522,-2.5502816610478186e-06
0.77749999999999997,0,-3.7237836406523298e-08,3.7237836406523298e-08
0.77762500000000001,0.00341796875,0.0034119366660469654,6.0320839530346275e-06
0.77775000000000005,0.00628662109375,0.0063013233552237638,-1.4702261473763766e-05
0.77787499999999998,0.00823974609375,0.0082289813840896227,1.076470966037725e-05
0.77800000000000002,0.0089111328125,0.008902549746536351,8.5830659636489809e-06
0.77812499999999996,0.008209228515625,0.0082207883071833375,-1.1559791558337501e-05
0.77825,0.00628662109375,0.0062887919915415452,-2.1708977915452232e-06
0.77837500000000004,0.003387451171875,0.0034017927779649462,-1.4341606089946207e-05
0.77849999999999997,0,4.5658891192251816e-08,-4.5658891192251816e-08
0.77862500000000001,-0.003387451171875,-0.0033983077459536072,1.0856574078607194e-05
0.77875000000000005,-0.00628662109375,-0.0062761600992648154,-1.0460994485184637e-05
0.77887499999999998,-0.008209228515625,-0.0081961229935009327,-1.3105522124067306e-05
0.77900000000000003,-0.008880615234375,-0.0088670025161170698,-1.3612718257930215e-05
0.77912499999999996,-0.0081787109375,-0.0081879626755288256,9.251738028825604e-06
0.77925,-0.006256103515625,-0.0062636788572549172,7.5753416299171802e-06
0.77937500000000004,-0.003387451171875,-0.0033882044785006589,7.5330662565892964e-07
0.77949999999999997,0,-3.7043844528352412e-08,3.7043844528352412e-08
0.77962500000000001,0.003387451171875,0.0033847502346051458,2.7009372698541881e-06
0.77975000000000005,0.006256103515625,0.0062511142967272846,4.9892188977154403e-06
0.77987499999999998,0.008148193359375,0.0081634127750087951,-1.5219415633795086e-05
0.78000000000000003,0.008819580078125,0.0088316141914653087,-1.2034113340308669e-05
0.78012499999999996,0.008148193359375,0.0081552850849881502,-7.0917256131501627e-06
0.78025,0.0062255859375,0.0062386829759260012,-1.3097038426001205e-05
0.78037500000000004,0.003387451171875,0.003374687425106842,1.2763746768157998e-05
0.78049999999999997,0,4.5465127137477128e-08,-4.5465127137477128e-08
0.78062500000000001,-0.00335693359375,-0.003371229842487783,1.4296248737782988e-05
0.78075000000000006,-0.0062255859375,-0.0062261514743086532,5.6553680865319839e-07
0.78087499999999999,-0.00811767578125,-0.0081308161326796718,1.3140351429671848e-05
0.78100000000000003,-0.0087890625,-0.0087963501337956149,7.2876337956148673e-06
0.78112499999999996,-0.00811767578125,-0.0081227209401530612,5.0451589030612448e-06
0.78125,-0.0062255859375,-0.0062137698750398592,-1.1816062460140789e-05
0.78137500000000004,-0.00335693359375,-0.0033612073289470724,4.2737351970724424e-06
0.78149999999999997,0,-3.6850307509275335e-08,3.6850307509275335e-08
0.78162500000000001,0.00335693359375,0.0033577804258744671,-8.4683212446708123e-07
0.78174999999999994,0.006195068359375,0.0062013053051862719,-6.2369458112719253e-06
0.78187499999999999,0.008087158203125,0.0080983666175553255,-1.1208414430325525e-05
0.78200000000000003,0.008758544921875,0.0087612438514757581,-2.6989296007581126e-06
0.78212499999999996,0.008087158203125,0.0080903037925861357,-3.1455894611356894e-06
0.78225,0.006195068359375,0.0061889732285880256,6.0951307869743648e-06
0.78237500000000004,0.00335693359375,0.0033477980469189621,9.1355468310378753e-06
0.78249999999999997,0,4.5271822469314248e-08,-4.5271822469314248e-08
0.78262500000000002,-0.00335693359375,-0.0033443676969809829,-1.256589676901709e-05
0.78274999999999995,-0.00616455078125,-0.0061765413192474191,1.1990537997419101e-05
0.78287499999999999,-0.008056640625,-0.008066029637873371,9.3890128733710443e-06
0.78300000000000003,-0.00872802734375,-0.0087262607102328808,-1.7666335171192399e-06
0.78312499999999996,-0.008056640625,-0.0080579990510437818,1.3584260437817658e-06
0.78325,-0.00616455078125,-0.0061642585672390766,-2.9221401092339311e-07
0.78337500000000004,-0.003326416015625,-0.0033344252919047454,8.0092762797454031e-06
0.78349999999999997,0,-3.6657234393252381e-08,3.6657234393252381e-08
0.78362500000000002,0.003326416015625,0.0033310255137972465,-4.609498172246547e-06
0.78374999999999995,0.00616455078125,0.0061518931928592454,1.2657588390754641e-05
0.78387499999999999,0.008026123046875,0.0080338387488278484,-7.7157019528484305e-06
0.78400000000000003,0.008697509765625,0.0086914342229293205,6.075542695679545e-06
0.78412499999999996,0.008026123046875,0.0080258402712389924,2.8277563600756506e-07
0.78425,0.006134033203125,0.0061396595681594487,-5.6263650344487437e-06
0.78437500000000004,0.003326416015625,0.0033211229225195357,5.2930931054642749e-06
0.78449999999999998,0,4.5078980196632607e-08,-4.5078980196632607e-08
0.78462500000000002,-0.003326416015625,-0.0033177195902603755,-8.6964253646244771e-06
0.78474999999999995,-0.006134033203125,-0.0061273264590692355,-6.70674405576447e-06
0.78487499999999999,-0.00799560546875,-0.0080017593627965608,6.1538940465608039e-06
0.78500000000000003,-0.0086669921875,-0.0086567297597688764,-1.0262427731123555e-05
0.78512499999999996,-0.00799560546875,-0.0079937928660642303,-1.8126026857696875e-06
0.78525,-0.006103515625,-0.0061151417651842755,1.162614018427547e-05
0.78537500000000005,-0.0032958984375,-0.0033078566533615407,1.1958215861540729e-05
0.78549999999999998,0,-3.6464628094859852e-08,3.6464628094859852e-08
0.78562500000000002,0.0032958984375,0.003304483786069061,-8.5853485690609577e-06
0.78574999999999995,0.006103515625,0.0061028747974047025,6.4082759529751621e-07
0.78587499999999999,0.007965087890625,0.0079698250390950187,-4.737148470018715e-06
0.78600000000000003,0.008636474609375,0.0086221808380726513,1.4293771302348671e-05
0.78612499999999996,0.007965087890625,0.0079618903953475369,3.1974952774630611e-06
0.78625,0.006103515625,0.0060907388386254001,1.2776786374599919e-05
0.78637500000000005,0.0032958984375,0.003294660344744202,1.238092755798028e-06
0.78649999999999998,0,4.4886609152233104e-08,-4.4886609152233104e-08
0.78662500000000002,-0.0032958984375,-0.0032912838168570879,-4.6146206429120706e-06
0.78674999999999995,-0.006072998046875,-0.0060785037440523985,5.5056971773985441e-06
0.78687499999999999,-0.0079345703125,-0.0079380011942037053,3.4308817037052852e-06
0.78700000000000003,-0.008575439453125,-0.0085877528324853972,1.231337936039717e-05
0.78712499999999996,-0.0079345703125,-0.0079300982760829603,-4.4720364170396792e-06
0.78725000000000001,-0.006072998046875,-0.0060664163254551184,-6.5817214198815935e-06
0.78737500000000005,-0.0032958984375,-0.0032814997129625694,-1.4398724537430588e-05
0.78749999999999998,0,-3.6272491484204535e-08,3.6272491484204535e-08
0.78762500000000002,0.003265380859375,0.0032781535440237703,-1.2772684648770273e-05
0.78774999999999995,0.00604248046875,0.006054246981674582,-1.1766512924582008e-05
0.78787499999999999,0.007904052734375,0.0079063213915290132,-2.2686571540132122e-06
0.78800000000000003,0.008544921875,0.0085534792647514787,-8.5573897514786695e-06
0.78812499999999996,0.007904052734375,0.0078984500721830872,5.6026621919127995e-06
0.78825000000000001,0.00604248046875,0.0060422079091139325,2.7255963606746814e-07
0.78837500000000005,0.003265380859375,0.0032684086200257608,-3.0277606507607586e-06
0.78849999999999998,0,4.4694712113467883e-08,-4.4694712113467883e-08
0.78862500000000002,-0.003265380859375,-0.0032650586848896614,-3.2217448533858675e-07
0.78874999999999995,-0.00604248046875,-0.0060300700495750483,-1.2410419174951719e-05
0.78887499999999999,-0.00787353515625,-0.0078747510516236595,1.2158953736594869e-06
0.78900000000000003,-0.008514404296875,-0.0085193255139212262,4.9212170462262228e-06
0.78912499999999997,-0.00787353515625,-0.0078669112047093578,-6.623951540642159e-06
0.78925000000000001,-0.006011962890625,-0.006018079129682153,6.1162390571530001e-06
0.78937500000000005,-0.003265380859375,-0.0032553527839067242,-1.0028075468275759e-05
0.78949999999999998,0,-3.6080833186675646e-08,3.6080833186675646e-08
0.78962500000000002,0.003265380859375,0.003252033102535714,1.3347756839286046e-05
0.78974999999999995,0.006011962890625,0.0060060066335218621,5.9562571031379283e-06
0.78987499999999999,0.007843017578125,0.0078433237419478392,-3.0616382283923937e-07
0.79000000000000004,0.00848388671875,0.0084853251061269945,-1.4383873769945044e-06
0.79012499999999997,0.007843017578125,0.0078355152416285916,7.5023364964083711e-06
0.79025000000000001,0.0059814453125,0.0059940636737012545,-1.2618361201254501e-05
0.79037500000000005,0.00323486328125,0.0032423660682913535,-7.5027870413534731e-06
0.79049999999999998,0,4.4503291814566454e-08,-4.4503291814566454e-08
0.79062500000000002,-0.00323486328125,-0.0032390425159594064,4.1792347094064125e-06
0.79074999999999995,-0.0059814453125,-0.0059820222759137572,5.7696341375715332e-07
0.79087499999999999,-0.0078125,-0.0078120048870962957,-4.9511290370427702e-07
0.79100000000000004,-0.008453369140625,-0.008451443424789604,-1.9257158353960108e-06
0.79112499999999997,-0.0078125,-0.0078042276080357263,-8.2723919642736787e-06
0.79125000000000001,-0.0059814453125,-0.005970127084338939,-1.131822816106097e-05
0.79137500000000005,-0.00323486328125,-0.0032294141928278747,-5.4490884221253429e-06
0.79149999999999998,0,-3.5889655845257161e-08,3.5889655845257161e-08
0.79162500000000002,0.00323486328125,0.0032261207899045839,8.7424913454161278e-06
0.79174999999999995,0.005950927734375,0.0059581506655957839,-7.2229312207839486e-06
0.791875,0.007781982421875,0.0077808280585529525,1.154363322047533e-06
0.79200000000000004,0.0084228515625,0.0084177140003944308,5.1375621055692322e-06
0.79212499999999997,0.007781982421875,0.0077730818759172851,8.9005459577148546e-06
0.79225000000000001,0.005950927734375,0.0059463030512102106,4.6246831647894435e-06
0.79237500000000005,0.003204345703125,0.003216531022860234,-1.2185319735234009e-05
0.79249999999999998,0,4.4312356677200573e-08,-4.4312356677200573e-08
0.79262500000000002,-0.003204345703125,-0.0032132336450358509,8.8879419108509224e-06
0.79274999999999995,-0.00592041015625,-0.0059343573480396834,1.3947191789683358e-05
0.792875,-0.00775146484375,-0.007749758684917926,-1.7061588320739854e-06
0.79300000000000004,-0.008392333984375,-0.0083841022206979591,-8.2317636770409125e-06
0.79312499999999997,-0.00775146484375,-0.0077420434743740007,-9.4213693759993139e-06
0.79325000000000001,-0.00592041015625,-0.0059225571205496104,2.1469642996103933e-06
0.79337500000000005,-0.003204345703125,-0.0032036822796932662,-6.6342343173382556e-07
0.79349999999999998,0,-3.5698962061131515e-08,3.5698962061131515e-08
0.79362500000000002,0.003204345703125,0.0032004149477520101,3.9307553729899317e-06
0.79374999999999996,0.00592041015625,0.0059106760151470235,9.7341411029764832e-06
0.793875,0.007720947265625,0.007718830341669025,2.1169239559750211e-06
0.79400000000000004,0.00836181640625,0.0083506416205039145,1.1174785746085464e-05
0.79412499999999997,0.007720947265625,0.0077111459793778531,9.8012862471468995e-06
0.79425000000000001,0.005889892578125,0.0058989229850184869,-9.030406893486935e-06
0.79437500000000005,0.003204345703125,0.0031909018303263809,1.3443872798619104e-05
0.79449999999999998,0,4.4121909212799383e-08,-4.4121909212799383e-08
0.79462500000000003,-0.003173828125,-0.003187630420360897,1.3802295360897023e-05
0.79474999999999996,-0.005889892578125,-0.0058870722154299605,-2.8203626950395327e-06
0.794875,-0.0076904296875,-0.0076880084613813061,-2.4212261186939282e-06
0.79500000000000004,-0.008331298828125,-0.0083172975918698808,-1.4001236255119232e-05
0.79512499999999997,-0.0076904296875,-0.0076803548240012669,-1.0074863498733128e-05
0.79525000000000001,-0.005889892578125,-0.0058753661938897471,-1.4526384235252938e-05
0.79537500000000005,-0.003173828125,-0.0031781553977025165,4.3272727025165346e-06
0.79549999999999998,0,-3.5508760055882794e-08,3.5508760055882794e-08
0.79562500000000003,0.003173828125,0.0031749139309083852,-1.0858059083852269e-06
0.79574999999999996,0.005859375,0.0058635796438262821,-4.2046438262820576e-06
0.795875,0.007659912109375,0.0076573266234924138,2.5854858825861624e-06
0.79600000000000004,0.008270263671875,0.0082841036738835368,-1.3840002008536773e-05
0.79612499999999997,0.007659912109375,0.0076497035881743026,1.020852120069745e-05
0.79625000000000001,0.005859375,0.0058519204428548665,7.4545571451334683e-06
0.79637500000000006,0.003173828125,0.0031654768504598397,8.3512745401603285e-06
0.79649999999999999,0,4.3931951892286179e-08,-4.3931951892286179e-08
0.79662500000000003,-0.003173828125,-0.003162231203337691,-1.1596921662308975e-05
0.79674999999999996,-0.005828857421875,-0.0058401638518683387,1.1306429993338668e-05
0.796875,-0.00762939453125,-0.0076267502645221341,-2.6442667278659196e-06
0.79700000000000004,-0.00823974609375,-0.0082510252628692961,1.1279169119296148e-05
0.79712499999999997,-0.00762939453125,-0.0076191577089072338,-1.0236822342766204e-05
0.79725000000000001,-0.005828857421875,-0.0058285512841968852,-3.0613767811483311e-07
0.79737499999999994,-0.003143310546875,-0.0031528319131716221,9.5213662966221226e-06
0.79749999999999999,0,-3.5319052212144812e-08,3.5319052212144812e-08
0.79762500000000003,0.003143310546875,0.0031496161073181557,-6.3055604431557118e-06
0.79774999999999996,0.005828857421875,0.0058168585374979319,1.1998884377068149e-05
0.797875,0.007598876953125,0.0075963129678342546,2.5639852907453908e-06
0.79800000000000004,0.008209228515625,0.0082180959021646398,-8.8673865396397822e-06
0.79812499999999997,0.007598876953125,0.0075887507700545045,1.0126183070495454e-05
0.79825000000000002,0.00579833984375,0.0058052924166092784,-6.9525728592784164e-06
0.79837499999999995,0.003143310546875,0.0031402544561034149,3.0560907715851057e-06
0.79849999999999999,0,4.3742492740735401e-08,-4.3742492740735401e-08
0.79862500000000003,-0.003143310546875,-0.003137034368420583,-6.2761784544169801e-06
0.79874999999999996,-0.00579833984375,-0.0057936292552475373,-4.7105885024626912e-06
0.798875,-0.007568359375,-0.007565980173863277,-2.3792011367229984e-06
0.79900000000000004,-0.0081787109375,-0.0081852809923268367,6.5700548268366604e-06
0.79912499999999997,-0.007568359375,-0.0075584482125371829,-9.9111624628171052e-06
0.79925000000000002,-0.005767822265625,-0.0057821093953691911,1.4287129744191066e-05
0.79937499999999995,-0.00311279296875,-0.0031277102054354847,1.4917236685484721e-05
0.79949999999999999,0,-3.5129842730716074e-08,3.5129842730716074e-08
0.79962500000000003,0.00311279296875,0.0031245198579300227,-1.1726889180022678e-05
0.79974999999999996,0.005767822265625,0.0057705097060430097,-2.6874404180097025e-06
0.799875,0.007537841796875,0.0075357854698700037,2.0563270049962779e-06
0.80000000000000004,0.008148193359375,0.0081526140809092904,-4.4207215342904199e-06
0.80012499999999998,0.007537841796875,0.0075282836241006706,9.5581727743293543e-06
0.80025000000000002,0.005767822265625,0.0057590359221442048,8.786343480795232e-06
0.80037499999999995,0.00311279296875,0.0031152330330547033,-2.4400643047033099e-06
0.80049999999999999,0,4.355353401470359e-08,-4.355353401470359e-08
0.80062500000000003,-0.00311279296875,-0.0031120383030215485,-7.5466572845147781e-07
0.80074999999999996,-0.0057373046875,-0.0057474654473851309,1.0160759885130891e-05
0.800875,-0.00750732421875,-0.007505694300168171,-1.6299185818290443e-06
0.80100000000000005,-0.00811767578125,-0.0081200605726683955,2.3847914183954683e-06
0.80112499999999998,-0.00750732421875,-0.0074982224495435366,-9.101769206463356e-06
0.80125000000000002,-0.0057373046875,-0.0057360375551777773,-1.2671323222227318e-06
0.80137499999999995,-0.00311279296875,-0.0031027886667407177,-1.0004302009282255e-05
0.80149999999999999,0,-3.4941133871477042e-08,3.4941133871477042e-08
0.80162500000000003,0.00311279296875,0.0030996235765882161,1.316939216178389e-05
0.80174999999999996,0.0057373046875,0.005724530183163966,1.2774504336033991e-05
0.801875,0.007476806640625,0.0074757402558866815,1.0663847383185487e-06
0.80200000000000005,0.008087158203125,0.0080876540193399061,-4.9581621490608907e-07
0.80212499999999998,0.007476806640625,0.0074682982804753885,8.5083601496114755e-06
0.80225000000000002,0.005706787109375,0.0057131479990957627,-6.3608897207627357e-06
0.80237499999999995,0.003082275390625,0.0030904109799835657,-8.1355893585656827e-06
0.80249999999999999,0,4.3365079768002788e-08,-4.3365079768002788e-08
0.80262500000000003,-0.003082275390625,-0.0030872414074000053,4.9660167750053413e-06
0.80274999999999996,-0.005706787109375,-0.0057016694738288775,-5.117635546122469e-06
0.80287500000000001,-0.0074462890625,-0.0074458887851897278,-4.0027731027219432e-07
0.80300000000000005,-0.008056640625,-0.008055359829845855,-1.2807951541449897e-06
0.80312499999999998,-0.0074462890625,-0.0074384765655392806,-7.8124969607193742e-06
0.80325000000000002,-0.00567626953125,-0.0056903328150803706,1.4063283830370588e-05
0.80337499999999995,-0.003082275390625,-0.0030780657021495777,-4.2096884754223157e-06
0.80349999999999999,0,-3.4752933339772658e-08,3.4752933339772658e-08
0.80362500000000003,0.003082275390625,0.0030749256699400263,7.3497206849737484e-06
0.80374999999999996,0.00567626953125,0.005678917026202707,-2.6474949527070107e-06
0.80387500000000001,0.007415771484375,0.0074161734830392439,-4.0199866424388275e-07
0.80400000000000005,0.008026123046875,0.0080232115600710422,2.911486803957794e-06
0.80412499999999998,0.007415771484375,0.0074087909001768334,6.9805841981665853e-06
0.80425000000000002,0.00567626953125,0.0056676257106882547,8.6438205617453065e-06
0.80437499999999995,0.0030517578125,0.0030657867083140867,-1.4028895814086669e-05
0.80449999999999999,0,4.3177132137450537e-08,-4.3177132137450537e-08
0.80462500000000003,-0.0030517578125,-0.0030626420945638567,1.0884282063856714e-05
0.80474999999999997,-0.005645751953125,-0.0056562384036637986,1.0486450538798632e-05
0.80487500000000001,-0.00738525390625,-0.0073865598014213191,1.3058951713190714e-06
0.80500000000000005,-0.00799560546875,-0.0079911746230699552,-4.4308456800448009e-06
0.80512499999999998,-0.00738525390625,-0.007379206736847054,-6.047169402946008e-06
0.80525000000000002,-0.005645751953125,-0.0056449922500247428,-7.5970310025718496e-07
0.80537499999999995,-0.0030517578125,-0.0030535397294276269,1.7819169276268865e-06
0.80549999999999999,0,-3.4565243187934588e-08,3.4565243187934588e-08
0.80562500000000004,0.0030517578125,0.0030504245573269415,1.3332551730585278e-06
0.80574999999999997,0.005645751953125,0.0056336673159482781,1.2084637176721855e-05
0.80587500000000001,0.007354736328125,0.007357081339102475,-2.3450109774749567e-06
0.80600000000000005,0.007965087890625,0.0079592825788433515,5.8053117816484617e-06
0.80612499999999998,0.007354736328125,0.0073497576747916541,4.9786533333458574e-06
0.80625000000000002,0.005615234375,0.0056224661435500594,-7.231768550059435e-06
0.80637499999999995,0.0030517578125,0.003041358642133125,1.0399170366875033e-05
0.80649999999999999,0,4.2989698641140102e-08,-4.2989698641140102e-08
0.80662500000000004,-0.0030517578125,-0.0030382387901611886,-1.3519022338811387e-05
0.80674999999999997,-0.005615234375,-0.0056111693293324051,-4.0650456675948507e-06
0.80687500000000001,-0.00732421875,-0.0073277035518560562,3.4848018560561592e-06
0.80700000000000005,-0.0079345703125,-0.0079275008445452641,-7.0694679547358974e-06
0.80712499999999998,-0.00732421875,-0.0073204091702572726,-3.8095797427273662e-06
0.80725000000000002,-0.005584716796875,-0.0056000129582654979,1.52961613904979e-05
0.80737499999999995,-0.003021240234375,-0.0030292091789476667,7.9689445726667356e-06
0.8075,0,-3.4378065432328908e-08,3.4378065432328908e-08
0.80762500000000004,0.003021240234375,0.003026118670686868,-4.8784363118679723e-06
0.80774999999999997,0.005584716796875,0.0055887781564462275,-4.0613595712274755e-06
0.80787500000000001,0.007293701171875,0.0072984600422249489,-4.7588703499489016e-06
0.80800000000000005,0.007904052734375,0.0078958629842596148,8.189750115385197e-06
0.80812499999999998,0.007293701171875,0.0072911948262540296,2.506345620970421e-06
0.80825000000000002,0.005584716796875,0.0055776664075194091,7.0503893555909358e-06
0.80837499999999995,0.003021240234375,0.0030171252180793227,4.115016295677329e-06
0.8085,0,4.2802781212341349e-08,-4.2802781212341349e-08
0.80862500000000004,-0.003021240234375,-0.0030140299323896326,-7.2103019853673837e-06
0.80874999999999997,-0.00555419921875,-0.005566459366443394,1.2260147693394022e-05
0.80887500000000001,-0.00726318359375,-0.007269316269741634,6.1326759916340359e-06
0.80900000000000005,-0.00787353515625,-0.0078643344192073049,-9.2007370426951118e-06
0.80912499999999998,-0.00726318359375,-0.0072620801027839556,-1.1034909660444236e-06
0.80925000000000002,-0.00555419921875,-0.0055553920611821472,1.1928424321471648e-06
0.80937499999999996,-0.00299072265625,-0.003005072493594232,1.4349837344232019e-05
0.8095,0,-3.4191407407165335e-08,3.4191407407165335e-08
0.80962500000000004,0.00299072265625,0.0030020064544471186,-1.1283798197118597e-05
0.80974999999999997,0.00555419921875,0.0055442466748209743,9.9525439290256562e-06
0.80987500000000001,0.007232666015625,0.0072403058406911537,-7.6398250661536757e-06
0.81000000000000005,0.007843017578125,0.0078329487175228963,1.0068860602103699e-05
0.81012499999999998,0.007232666015625,0.0072330986065996909,-4.3259097469092178e-07
0.81025000000000003,0.005523681640625,0.0055332236354646179,-9.5419948396178664e-06
0.81037499999999996,0.00299072265625,0.0029930848852498175,-2.3622289998174832e-06
0.8105,0,4.2616381749541184e-08,-4.2616381749541184e-08
0.81062500000000004,-0.00299072265625,-0.0029900139718912976,-7.086843587023918e-07
0.81074999999999997,-0.005523681640625,-0.0055221056535896167,-1.5759870353833014e-06
0.81087500000000001,-0.0072021484375,-0.0072113942183372418,9.2457808372418265e-06
0.81100000000000005,-0.0078125,-0.0078016713044617462,-1.0828695538253781e-05
0.81112499999999998,-0.0072021484375,-0.0072042158014266663,2.0673639266662741e-06
0.81125000000000003,-0.005523681640625,-0.0055111267030872003,-1.2554937537799689e-05
0.81137499999999996,-0.00299072265625,-0.0029811281286539213,-9.5945275960787266e-06
0.8115,0,-3.4005270929197518e-08,3.4005270929197518e-08
0.81162500000000004,0.00299072265625,0.002978086365434859,1.2636290815140963e-05
0.81174999999999997,0.0054931640625,0.0055000700210868034,-6.9059585868034429e-06
0.81187500000000001,0.007171630859375,0.007182615012678621,-1.0984153303621007e-05
0.81200000000000006,0.007781982421875,0.0077705357521767856,1.1446669698214444e-05
0.81212499999999999,0.007171630859375,0.0071754652977281804,-3.8344383531804457e-06
0.81225000000000003,0.0054931640625,0.0054891349830980332,4.0290794019667842e-06
0.81237499999999996,0.002960205078125,0.0029692361050976737,-9.0310269726737169e-06
0.8125,0,4.2430507406385566e-08,-4.2430507406385566e-08
0.81262500000000004,-0.002960205078125,-0.0029661893716487206,5.984293523720631e-06
0.81274999999999997,-0.0054931640625,-0.0054781053521599163,-1.5058710340083714e-05
0.81287500000000001,-0.00714111328125,-0.0071539336906785078,1.2820409428507783e-05
0.81299999999999994,-0.00775146484375,-0.0077395074899256882,-1.1957353824311803e-05
0.81312499999999999,-0.00714111328125,-0.0071468125629274674,5.6992816774674437e-06
0.81325000000000003,-0.005462646484375,-0.0054672140510485471,4.5675666735470882e-06
0.81337499999999996,-0.002960205078125,-0.0029573745517232275,-2.8305264017725387e-06
0.8135,0,-3.3819657781555693e-08,3.3819657781555693e-08
0.81362500000000004,0.002960205078125,0.0029543568727732907,5.8482053517092993e-06
0.81374999999999997,0.005462646484375,0.0054562453679679792,6.4011164070208043e-06
0.81387500000000002,0.007110595703125,0.0071253838660210863,-1.4788162896086331e-05
0.81399999999999995,0.007720947265625,0.0077086200938477215,1.232717177727851e-05
0.81412499999999999,0.007110595703125,0.0071182912111668866,-7.695508041886609e-06
0.81425000000000003,0.00543212890625,0.0054453976287990131,-1.3268722549013116e-05
0.81437499999999996,0.002960205078125,0.0029455773513399376,1.4627726785062384e-05
0.8145,0,4.2245159885619255e-08,-4.2245159885619255e-08
0.81462500000000004,-0.0029296875,-0.0029425546068963847,1.2867106896384713e-05
0.81474999999999997,-0.00543212890625,-0.005434455646165029,2.3267399150289636e-06
0.81487500000000002,-0.007110595703125,-0.0070969310093375385,-1.3664693787461546e-05
0.81499999999999995,-0.0076904296875,-0.0076778389971709797,-1.2590690329020333e-05
0.81512499999999999,-0.007080078125,-0.0070898667135360039,9.7885885360039435e-06
0.81525000000000003,-0.00543212890625,-0.0054236512947056234,-8.4776115443765607e-06
0.81537499999999996,-0.0029296875,-0.0029338102426071768,4.1227426071767728e-06
0.8155,0,-3.3634574940583507e-08,3.3634574940583507e-08
0.81562500000000004,0.0029296875,0.0029308164577788428,-1.128957778842761e-06
0.81574999999999998,0.005401611328125,0.0054127699107128615,-1.1158582587861461e-05
0.81587500000000002,0.007080078125,0.0070686087379694959,1.1469387030504062e-05
0.81599999999999995,0.007659912109375,0.0076471977799893254,1.2714329385674593e-05
0.81612499999999999,0.007049560546875,0.0070615726878309366,-1.201214095593664e-05
0.81625000000000003,0.005401611328125,0.0054020087734258223,-3.974453008223286e-07
0.81637499999999996,0.0029296875,0.0029221071098501496,7.5803901498504474e-06
0.8165,0,4.2060340857500392e-08,-4.2060340857500392e-08
0.81662500000000005,-0.0029296875,-0.0029191081650181369,-1.0579334981863139e-05
0.81674999999999998,-0.005401611328125,-0.0053911537420535177,-1.0457586071482318e-05
0.81687500000000002,-0.007049560546875,-0.0070403825261888958,-9.1780206861041824e-06
0.81699999999999995,-0.00762939453125,-0.0076166618794696267,-1.2732651780373271e-05
0.81712499999999999,-0.00701904296875,-0.0070333746087763655,1.4331640026365479e-05
0.81725000000000003,-0.00537109375,-0.0053804356460945019,9.3418960945019364e-06
0.81737499999999996,-0.002899169921875,-0.0029104336932284998,1.1263771353499808e-05
0.8175,0,-3.3450023997475431e-08,3.3450023997475431e-08
0.81762500000000005,0.002899169921875,0.0029074636138737534,-8.2936919987533671e-06
0.81774999999999998,0.00537109375,0.0053696408669218479,1.4528830781521465e-06
0.81787500000000002,0.00701904296875,0.00701228599496166,6.7569737883400177e-06
0.81799999999999995,0.007598876953125,0.0075862648796288304,1.2612073496169607e-05
0.81812499999999999,0.00701904296875,0.007005306097791068,1.3736870958932015e-05
0.81825000000000003,0.00537109375,0.0053589656401402943,1.2128109859705673e-05
0.81837499999999996,0.002899169921875,0.002898823878566398,3.4604330860195723e-07
0.81850000000000001,0,4.1876057124284898e-08,-4.1876057124284898e-08
0.81862500000000005,-0.002899169921875,-0.0028958485454456109,-3.3213764293891015e-06
0.81874999999999998,-0.005340576171875,-0.0053481968685293643,7.6206966543642535e-06
0.81887500000000002,-0.006988525390625,-0.0069842846221734745,-4.2407684515254757e-06
0.81899999999999995,-0.007568359375,-0.0075559722215412023,-1.2387153458797741e-05
0.81912499999999999,-0.006988525390625,-0.0069773326332098371,-1.1192757415162853e-05
0.81925000000000003,-0.005340576171875,-0.0053375643394620214,-3.0118324129786364e-06
0.81937499999999996,-0.002899169921875,-0.0028872434075214127,-1.1926514353587277e-05
0.81950000000000001,0,-3.3266008226651429e-08,3.3266008226651429e-08
0.81962500000000005,0.002899169921875,0.0028842968464846941,1.487307539030586e-05
0.81974999999999998,0.005340576171875,0.0053268554763655374,1.3720695509462574e-05
0.81987500000000002,0.0069580078125,0.0069564120323876441,1.5957801123558588e-06
0.81999999999999995,0.007537841796875,0.0075258174931154944,1.2024303759505632e-05
0.82012499999999999,0.0069580078125,0.0069494878400432718,8.5199724567282253e-06
0.82025000000000003,0.00531005859375,0.0053162654742337518,-6.2068804837518005e-06
0.82037499999999997,0.00286865234375,0.0028757261673999363,-7.0738236499362506e-06
0.82050000000000001,0,4.1692310168038572e-08,-4.1692310168038572e-08
0.82062500000000005,-0.00286865234375,-0.0028727742595718447,4.1219158218447349e-06
0.82074999999999998,-0.00531005859375,-0.0053055822763819699,-4.4763173680300791e-06
0.82087500000000002,-0.006927490234375,-0.0069286337070708602,1.1434726958602093e-06
0.82099999999999995,-0.00750732421875,-0.0074957661393022564,-1.1558079447743577e-05
0.82112499999999999,-0.006927490234375,-0.0069217372002061952,-5.7530341688047729e-06
0.82125000000000004,-0.00531005859375,-0.0052950346310925607,-1.5023962657439299e-05
0.82137499999999997,-0.00286865234375,-0.002864237901340775,-4.4144424092250334e-06
0.82150000000000001,0,-3.308252911564489e-08,3.308252911564489e-08
0.82162500000000005,0.00286865234375,0.0028613146729424203,7.3376708075796777e-06
0.82174999999999998,0.005279541015625,0.0052844110008044617,-4.869985179461675e-06
0.82187500000000002,0.00689697265625,0.0069009832743571337,-4.0106181071336566e-06
0.82199999999999995,0.007476806640625,0.0074658517518710246,1.0954888753975447e-05
0.82212499999999999,0.00689697265625,0.0068941143422743753,2.8583139756246934e-06
0.82225000000000004,0.005279541015625,0.0052739055429433558,5.635472681644188e-06
0.82237499999999997,0.002838134765625,0.002852812498130226,-1.4677732505226013e-05
0.82250000000000001,0,4.1509103134693208e-08,-4.1509103134693208e-08
0.82262500000000005,-0.002838134765625,-0.0028498838306495566,1.174906502455662e-05
0.82274999999999998,-0.0052490234375,-0.00526330723830649,1.4283800806490048e-05
0.82287500000000002,-0.006866455078125,-0.0068734262192675661,6.971141142566098e-06
0.82299999999999995,-0.0074462890625,-0.0074360397796177447,-1.0249282882255316e-05
0.823125,-0.006866455078125,-0.0068665847517128458,1.2967358784584521e-07
0.82325000000000004,-0.0052490234375,-0.0052528437991360161,3.8203616360161369e-06
0.82337499999999997,-0.002838134765625,-0.0028414157023717922,3.2809367467921506e-06
0.82350000000000001,0,-3.289959318355997e-08,3.289959318355997e-08
0.82362500000000005,0.002838134765625,0.0028385156223964124,-3.8085677141240851e-07
0.82374999999999998,0.0052490234375,0.0052423047238211468,6.7187136788531693e-06
0.82387500000000002,0.0068359375,0.0068459961734745204,-1.0058673474520365e-05
0.82399999999999995,0.007415771484375,0.0074063638181419925,9.4076662330074695e-06
0.824125,0.0068359375,0.0068391820606360631,-3.2445606360630846e-06
0.82425000000000004,0.005218505859375,0.0052318831352809294,-1.337727590592936e-05
0.82437499999999997,0.002838134765625,0.0028300814043151871,8.0533613098128509e-06
0.82450000000000001,0,4.1326437405320862e-08,-4.1326437405320862e-08
0.82462500000000005,-0.002838134765625,-0.0028271757936998124,-1.0958971925187615e-05
0.82474999999999998,-0.005218505859375,-0.0052213690487257101,2.8631893507101089e-06
0.82487500000000002,-0.006805419921875,-0.0068186586255271466,1.3238703652146584e-05
0.82499999999999996,-0.00738525390625,-0.0073767893200544455,-8.4645861955544646e-06
0.825125,-0.006805419921875,-0.0068118717580296943,6.4518361546942946e-06
0.82525000000000004,-0.005218505859375,-0.0052109891434263525,-7.5167159486475357e-06
0.82537499999999997,-0.0028076171875,-0.0028187753500263134,1.1158162526313416e-05
0.82550000000000001,0,-3.27172017358395e-08,3.27172017358395e-08
0.82562500000000005,0.0028076171875,0.0028158982357143663,-8.281048214366267e-06
0.82574999999999998,0.00518798828125,0.0052005339506413853,-1.2545669391385295e-05
0.82587500000000003,0.006805419921875,0.0067914472106098854,1.397271126511463e-05
0.82599999999999996,0.007354736328125,0.0073473498847542095,7.3864433707904534e-06
0.826125,0.00677490234375,0.0067846874795167676,-9.785135766767622e-06
0.82625000000000004,0.00518798828125,0.0051901955618630039,-2.2072806130039174e-06
0.82637499999999997,0.0028076171875,0.002807531431201965,8.5756298034977974e-08
0.82650000000000001,0,4.1144319333253917e-08,-4.1144319333253917e-08
0.82662500000000005,-0.0028076171875,-0.0028046486954120355,-2.9684920879644548e-06
0.82674999999999998,-0.00518798828125,-0.0051797650236241142,-8.2232576258858131e-06
0.82687500000000003,-0.00677490234375,-0.0067643274207679705,-1.0574922982029521e-05
0.82699999999999996,-0.00732421875,-0.0073180109686363124,-6.2077813636875548e-06
0.827125,-0.006744384765625,-0.0067575947175793705,1.3209951954370504e-05
0.82725000000000004,-0.005157470703125,-0.0051694679853136393,1.1997282188639345e-05
0.82737499999999997,-0.0028076171875,-0.0027963153953541519,-1.1301792145848068e-05
0.82750000000000001,0,-3.2535356049419814e-08,3.2535356049419814e-08
0.82762500000000006,0.0028076171875,0.0027934610653919502,1.4156122108049778e-05
0.82774999999999999,0.005157470703125,0.0051590960079641694,-1.6253048391694225e-06
0.82787500000000003,0.006744384765625,0.0067373328946718656,7.0518709531343718e-06
0.82799999999999996,0.007293701171875,0.0072888061748690933,4.8949970059067316e-06
0.828125,0.006744384765625,0.0067306271113192328,1.3757654305767211e-05
0.82825000000000004,0.005157470703125,0.0051488401547315262,8.6305483934737831e-06
0.82837499999999997,0.002777099609375,0.0027851611356244756,-8.0615262494755993e-06
0.82850000000000001,0,4.0962750121054019e-08,-4.0962750121054019e-08
0.82862499999999994,-0.002777099609375,-0.0027823010940603537,5.2014846853537348e-06
0.82874999999999999,-0.005126953125,-0.0051384925003712867,1.1539375371286652e-05
0.82887500000000003,-0.0067138671875,-0.0067104291278369419,-3.4380596630580532e-06
0.82899999999999996,-0.00726318359375,-0.0072597009636017878,-3.4826301482122207e-06
0.829125,-0.0067138671875,-0.0067037501566850977,-1.0117030814902304e-05
0.82925000000000004,-0.005126953125,-0.0051282776674902476,1.3245424902476322e-06
0.82937499999999997,-0.002777099609375,-0.0027740344009549128,-3.0652084200871905e-06
0.82950000000000002,0,-3.2354062314886033e-08,3.2354062314886033e-08
0.82962499999999995,0.002777099609375,0.0027712026754494442,5.8969339255558403e-06
0.82974999999999999,0.005126953125,0.0051179882437858903,8.9648812141096892e-06
0.82987500000000003,0.006683349609375,0.0066836497623880943,-3.0015301309433556e-07
0.82999999999999996,0.007232666015625,0.0072307289417419401,1.9370738830598588e-06
0.830125,0.006683349609375,0.0066769974962334775,6.3521131415224599e-06
0.83025000000000004,0.005096435546875,0.0051078142671879051,-1.1378720312905065e-05
0.83037499999999997,0.002777099609375,0.0027629690859172942,1.4130523457705785e-05
0.83050000000000002,0,4.0781730943812127e-08,-4.0781730943812127e-08
0.83062499999999995,-0.00274658203125,-0.0027601315594065891,1.3549528156589063e-05
0.83074999999999999,-0.005096435546875,-0.0050975488375538764,1.1132906788764371e-06
0.83087500000000003,-0.00665283203125,-0.0066569602972850698,4.1282660350697858e-06
0.83099999999999996,-0.0072021484375,-0.0072018555731630674,-2.9286433693258285e-07
0.831125,-0.00665283203125,-0.0066503346293502533,-2.4974018997467318e-06
0.83125000000000004,-0.005096435546875,-0.0050874155538254539,-9.0199930495461073e-06
0.83137499999999998,-0.00274658203125,-0.0027519309408767676,5.3489096267676436e-06
0.83150000000000002,0,-3.2173321634184784e-08,3.2173321634184784e-08
0.83162499999999995,0.00274658203125,0.0027491216413673687,-2.5396101173687062e-06
0.83174999999999999,0.00506591796875,0.0050772080272376936,-1.1290058487693592e-05
0.83187500000000003,0.006622314453125,0.0066303943780809498,-8.0799249559497521e-06
0.83199999999999996,0.007171630859375,0.007173114468482138,-1.4836091071380314e-06
0.832125,0.006622314453125,0.0066237952020172996,-1.4807488922996201e-06
0.83225000000000005,0.00506591796875,0.005067115273621272,-1.1973048712719814e-06
0.83237499999999998,0.00274658203125,0.0027409538618209592,5.6281694290408191e-06
0.83250000000000002,0,4.0601267832347239e-08,-4.0601267832347239e-08
0.83262499999999995,-0.00274658203125,-0.0027381386726042264,-8.443358645773575e-06
0.83274999999999999,-0.00506591796875,-0.0050569314148018888,-8.9865539481112297e-06
0.83287500000000003,-0.006591796875,-0.0066039175071505229,1.2120632150522913e-05
0.83299999999999996,-0.00714111328125,-0.0071444710952672658,3.3578140172657589e-06
0.833125,-0.006591796875,-0.0065973447170340205,5.5478420340204782e-06
0.83325000000000005,-0.005035400390625,-0.0050468790291897103,1.147863856471032e-05
0.83337499999999998,-0.002716064453125,-0.0027300036005313633,1.3939147406363296e-05
0.83350000000000002,0,-3.1993136704027023e-08,3.1993136704027023e-08
0.83362499999999995,0.002716064453125,0.0027272165499631555,-1.11520968381555e-05
0.83374999999999999,0.005035400390625,0.0050367527484135172,-1.3523577885171667e-06
0.83387500000000003,0.006591796875,0.006577563333448974,1.4233541551026026e-05
0.83399999999999996,0.007110595703125,0.007115959067815281,-5.3633646902809945e-06
0.83412500000000001,0.006561279296875,0.0065710168237784871,-9.7375269034871009e-06
0.83425000000000005,0.005035400390625,0.0050267405693450633,8.65982127993669e-06
0.83437499999999998,0.002716064453125,0.00271911405439711,-3.0496012721099863e-06
0.83450000000000002,0,4.042136179022268e-08,-4.042136179022268e-08
0.83462499999999995,-0.002716064453125,-0.0027163210261167254,2.5657299172537548e-07
0.83474999999999999,-0.0050048828125,-0.0050166376326279847,1.1754820127984726e-05
0.83487500000000003,-0.006561279296875,-0.0065512973627370715,-9.9819341379285206e-06
0.83499999999999996,-0.007080078125,-0.0070875438573594785,7.4657323594785191e-06
0.83512500000000001,-0.00653076171875,-0.006544777028434548,1.4015309684548005e-05
0.83525000000000005,-0.0050048828125,-0.0050066654992908192,1.7826867908191796e-06
0.83537499999999998,-0.002716064453125,-0.0027082509766002609,-7.8134765247391165e-06
0.83550000000000002,0,-3.181350853473387e-08,3.181350853473387e-08
0.83562499999999995,0.002716064453125,0.0027054859993146112,1.057845381038881e-05
0.83574999999999999,0.0050048828125,0.0049966198181996546,8.2629943003453832e-06
0.83587500000000003,0.00653076171875,0.0065251532473462447,5.6084714037552691e-06
0.83599999999999997,0.007049560546875,0.0070592590818472131,-9.6985349722130548e-06
0.83612500000000001,0.00653076171875,0.0065186589837531363,1.2102734996863665e-05
0.83625000000000005,0.004974365234375,0.0049866875704233865,-1.2322336048386541e-05
0.83637499999999998,0.002685546875,0.002697448265929252,-1.1901390929252003e-05
0.83650000000000002,0,4.024201539742265e-08,-4.024201539742265e-08
0.83662499999999995,-0.002685546875,-0.0026946772236228276,9.1303486228276436e-06
0.83674999999999999,-0.004974365234375,-0.0049766649122575729,2.2996778825728689e-06
0.83687500000000004,-0.006500244140625,-0.0064990964963980973,-1.1476442269026804e-06
0.83699999999999997,-0.00701904296875,-0.0070310702161477476,1.2027247397747645e-05
0.83712500000000001,-0.006500244140625,-0.0064926281992737306,-7.6159413512693827e-06
0.83725000000000005,-0.004974365234375,-0.0049667723905113129,-7.5928438636871029e-06
0.83737499999999998,-0.002685546875,-0.0026866716769510788,1.1248019510788111e-06
0.83750000000000002,0,-3.1634442897333065e-08,3.1634442897333065e-08
0.83762499999999995,0.002685546875,0.0026839285986746133,1.6182763253867229e-06
0.83774999999999999,0.00494384765625,0.0049568066681159569,-1.2959011865956889e-05
0.83787500000000004,0.0064697265625,0.0064731607655697104,-3.4342030697104287e-06
0.83799999999999997,0.006988525390625,0.0070030108818298917,-1.4485491204891711e-05
0.83812500000000001,0.0064697265625,0.0064667183310913928,3.0082314086072107e-06
0.83825000000000005,0.00494384765625,0.0049469537135091507,-3.1060572591506616e-06
0.83837499999999998,0.002685546875,0.0026759551098378929,9.5917651621070521e-06
0.83850000000000002,0,4.0063229568330808e-08,-4.0063229568330808e-08
0.83862499999999995,-0.002685546875,-0.0026732058799227823,-1.2340995077217681e-05
0.83875,-0.00494384765625,-0.004937010695460404,-6.836960789595968e-06
0.83887500000000004,-0.006439208984375,-0.0064473115673185965,8.102582943596455e-06
0.83899999999999997,-0.006988525390625,-0.0069750465573699032,-1.3478833255096793e-05
0.83912500000000001,-0.006439208984375,-0.006440894892078176,1.6859077031760455e-06
0.83925000000000005,-0.004913330078125,-0.0049271971497368691,1.3867071611869085e-05
0.83937499999999998,-0.002655029296875,-0.0026652643205394488,1.0235023664448804e-05
0.83950000000000002,0,-3.1455940636260579e-08,3.1455940636260579e-08
0.83962499999999995,0.002655029296875,0.0026625429683760776,-7.5136715010776234e-06
0.83975,0.004913330078125,0.0049173107501479596,-3.9806720229596318e-06
0.83987500000000004,0.00640869140625,0.0064215825606426498,-1.2891154392649824e-05
0.83999999999999997,0.0069580078125,0.0069472108679291848,1.079694457081521e-05
0.84012500000000001,0.00640869140625,0.0064151915416448043,-6.5001353948043045e-06
0.84025000000000005,0.004913330078125,0.0049075364556833779,5.7936224416221468e-06
0.84037499999999998,0.002655029296875,0.002654633210596169,3.9608627883103154e-07
0.84050000000000002,0,3.9885009921919377e-08,-3.9885009921919377e-08
0.84062499999999996,-0.002655029296875,-0.0026519056208586167,-3.123676016383338e-06
0.84075,-0.0048828125,-0.0048976724443936543,1.4859944393654304e-05
0.84087500000000004,-0.00640869140625,-0.0063959392613050668,-1.2752144944933215e-05
0.84099999999999997,-0.006927490234375,-0.0069194692955622372,-8.0209388127628484e-06
0.84112500000000001,-0.006378173828125,-0.0063895737959681212,1.139996784312123e-05
0.84125000000000005,-0.0048828125,-0.0048879372441963838,5.1247441963837848e-06
0.84137499999999998,-0.002655029296875,-0.0026440275373251602,-1.1001759549839757e-05
0.84150000000000003,0,-3.1278002572105175e-08,3.1278002572105175e-08
0.84162499999999996,0.002655029296875,0.002641327739746617,1.3701557128383002e-05
0.84175,0.0048828125,0.0048781295365804798,4.682963419520153e-06
0.84187500000000004,0.006378173828125,0.0063704153315999098,7.758496525090211e-06
0.84199999999999997,0.00689697265625,0.0068918554689944471,5.1171872555528727e-06
0.84212500000000001,0.006378173828125,0.0063640753177499178,1.4098510375082189e-05
0.84225000000000005,0.0048828125,0.0048684332742856733,1.4379225714326697e-05
0.84237499999999998,0.00262451171875,0.0026334812036329707,-8.9694848829707449e-06
0.84250000000000003,0,3.9707357209997067e-08,-3.9707357209997067e-08
0.84262499999999996,-0.00262451171875,-0.002630775083220229,6.2633644702290124e-06
0.84275,-0.004852294921875,-0.00485864764143497,6.3527195599700353e-06
0.84287500000000004,-0.00634765625,-0.0063449762905715265,-2.6799594284735231e-06
0.84299999999999997,-0.006866455078125,-0.0068643348738300558,-2.1202042949442293e-06
0.84312500000000001,-0.00634765625,-0.0063386616264442877,-8.9946235557122889e-06
0.84325000000000006,-0.004852294921875,-0.0048489901613031957,-3.3047605718043022e-06
0.84337499999999999,-0.00262451171875,-0.0026229599681887959,-1.5517505612041432e-06
0.84350000000000003,0,-3.1100634174587457e-08,3.1100634174587457e-08
0.84362499999999996,0.00262451171875,0.0026202815550151414,4.2301637348586031e-06
0.84375,0.004852294921875,0.0048392605198425828,1.3034402032417215e-05
0.84387500000000004,0.006317138671875,0.0063196558037802893,-2.517131905289266e-06
0.84399999999999997,0.0068359375,0.0068369411423300089,-1.0036423300089151e-06
0.84412500000000001,0.006317138671875,0.0063133663880196667,3.7722838553333124e-06
0.84424999999999994,0.00482177734375,0.0048296416667573108,-7.8643230073107903e-06
0.84437499999999999,0.00262451171875,0.0026124977352500866,1.2013983499913408e-05
0.84450000000000003,0,3.9530272161467652e-08,-3.9530272161467652e-08
0.84462499999999996,-0.00262451171875,-0.0026098129146610678,-1.4698804088932212e-05
0.84475,-0.00482177734375,-0.0048199337890235637,-1.8435547264362973e-06
0.84487500000000004,-0.00628662109375,-0.0062944193935273373,7.798299777337335e-06
0.84499999999999997,-0.006805419921875,-0.0068096397636200189,4.2198417450189235e-06
0.84512500000000002,-0.00628662109375,-0.006288155125180093,1.5340314300929872e-06
0.84524999999999995,-0.00482177734375,-0.0048103534084908677,-1.1423935259132281e-05
0.84537499999999999,-0.002593994140625,-0.0026020602648360088,8.0661242110088155e-06
0.84550000000000003,0,-3.0923836104976142e-08,3.0923836104976142e-08
0.84562499999999996,0.002593994140625,0.0025994030672336905,-5.4089266086905334e-06
0.84575,0.004791259765625,0.0048007012123426019,-9.4414467176019354e-06
0.84587500000000004,0.006256103515625,0.0062693007286151146,-1.3197212990114643e-05
0.84599999999999997,0.00677490234375,0.0067824643734684257,-7.5620297184256571e-06
0.84612500000000002,0.006256103515625,0.0062630615071328222,-6.9579915078221699e-06
0.84624999999999995,0.004791259765625,0.0047911591504788357,1.0061514616431511e-07
0.84637499999999999,0.002593994140625,0.0025916814625398361,2.3126780851639474e-06
0.84650000000000003,0,3.9353760099563673e-08,-3.9353760099563673e-08
0.84662499999999996,-0.002593994140625,-0.0025890177736058446,-4.9763670191553706e-06
0.84675,-0.004791259765625,-0.004781528409495979,-9.7313561290210404e-06
0.84687500000000004,-0.006256103515625,-0.0062442653345720486,-1.1838181052951403e-05
0.84699999999999998,-0.006744384765625,-0.0067553804644943337,1.0995698869333687e-05
0.84712500000000002,-0.0062255859375,-0.0062380510598095103,1.2465122309510308e-05
0.84724999999999995,-0.0047607421875,-0.0047720245130449665,1.1282325544966464e-05
0.84737499999999999,-0.002593994140625,-0.0025813270897156581,-1.2667050909341906e-05
0.84750000000000003,0,-3.0747609002558115e-08,3.0747609002558115e-08
0.84762499999999996,0.0025634765625,0.0025786909401868128,-1.5214377686812754e-05
0.84775,0.0047607421875,0.0047624491463111379,-1.7069588111378806e-06
0.84787500000000005,0.0062255859375,0.0062193468834185915,6.2390540814085196e-06
0.84799999999999998,0.0067138671875,0.0067284216759455479,-1.4554488445547853e-05
0.84812500000000002,0.0062255859375,0.0062131574556286507,1.2428481871349338e-05
0.84824999999999995,0.0047607421875,0.0047529832626155653,7.7589248844347342e-06
0.84837499999999999,0.0025634765625,0.0025710310532904828,-7.5544907904828013e-06
0.84850000000000003,0,3.9177821597069151e-08,-3.9177821597069151e-08
0.84862499999999996,-0.0025634765625,-0.0025683883291733006,4.9117666733006042e-06
0.84875,-0.004730224609375,-0.0047434290449341332,1.3204435559133199e-05
0.84887500000000005,-0.006195068359375,-0.0061945109038859265,-5.5745548907353004e-07
0.84899999999999998,-0.0067138671875,-0.0067015535039067278,-1.2313683593272173e-05
0.84912500000000002,-0.006195068359375,-0.0061883462237220252,-6.7221356529747686e-06
0.84924999999999995,-0.004730224609375,-0.0047340010219624083,3.7764125874082885e-06
0.84937499999999999,-0.0025634765625,-0.0025607591159384235,-2.7174465615765163e-06
0.84950000000000003,0,-3.0571958046791891e-08,3.0571958046791891e-08
0.84962499999999996,0.0025634765625,0.0025581438483018313,5.3327141981687406e-06
0.84975000000000001,0.004730224609375,0.0047245018736387992,5.7227357362008013e-06
0.84987500000000005,0.00616455078125,0.0061697910711851003,-5.2402899351003396e-06
0.84999999999999998,0.006683349609375,0.0066748095910774095,8.5400182975904626e-06
0.85012500000000002,0.00616455078125,0.0061636510396973071,8.997415526929009e-07
0.85024999999999995,0.004730224609375,0.0047151115599533945,1.5113049421605455e-05
0.85037499999999999,0.0025634765625,0.0025505451859067535,1.2931376593246485e-05
0.85050000000000003,0,3.9002457205690693e-08,-3.9002457205690693e-08
0.85062499999999996,-0.002532958984375,-0.0025479232610866667,1.4964276711666724e-05
0.85075000000000001,-0.00469970703125,-0.0047056332570046648,5.9262257546648101e-06
0.85087500000000005,-0.006134033203125,-0.0061451529172257035,1.1119714100703455e-05
0.85099999999999998,-0.00665283203125,-0.0066481554369802066,-4.6765942697934298e-06
0.85112500000000002,-0.006134033203125,-0.006139037435859156,5.004232734156025e-06
0.85124999999999995,-0.00469970703125,-0.0046962805017855668,-3.426529464433184e-06
0.85137499999999999,-0.002532958984375,-0.0025403550271833456,7.3960428083456355e-06
0.85150000000000003,0,-3.0396883723991323e-08,3.0396883723991323e-08
0.85162499999999997,0.002532958984375,0.002537760476572544,-4.8014921975440307e-06
0.85175000000000001,0.00469970703125,0.004686856965726017,1.2850065523982955e-05
0.85187500000000005,0.006134033203125,0.0061206301203822226,1.3403082742777413e-05
0.85199999999999998,0.006622314453125,0.0066216246877388663,6.8976538613371025e-07
0.85212500000000002,0.006103515625,0.0061145390909772565,-1.1023465977256543e-05
0.85224999999999995,0.004669189453125,0.0046775416187468154,-8.3521656218154064e-06
0.85237499999999999,0.002532958984375,0.0025302225493224161,2.7364350525839465e-06
0.85250000000000004,0,3.8827671963787664e-08,-3.8827671963787664e-08
0.85262499999999997,-0.002532958984375,-0.0025276212595836105,-5.337724791389456e-06
0.85275000000000001,-0.004669189453125,-0.004668138626799702,-1.050826325297953e-06
0.85287500000000005,-0.006103515625,-0.0060961882157184758,-7.3274092815241512e-06
0.85299999999999998,-0.006591796875,-0.006595182846286571,3.3859712865709837e-06
0.85312500000000002,-0.006103515625,-0.0060901215405073459,-1.3394084492654099e-05
0.85324999999999995,-0.004669189453125,-0.0046588605384422976,-1.0328914682702396e-05
0.85337499999999999,-0.002532958984375,-0.0025201135176179099,-1.2845466757090054e-05
0.85350000000000004,0,-3.0222387996854598e-08,3.0222387996854598e-08
0.85362499999999997,0.00250244140625,0.0025175395204707417,-1.5098114220741653e-05
0.85375000000000001,0.004638671875,0.0046495120133243518,-1.0840138324351781e-05
0.85387500000000005,0.006072998046875,0.006071860884748345,1.1371621266549961e-06
0.85399999999999998,0.006561279296875,0.0065688635621440079,-7.5842652690078644e-06
0.85412500000000002,0.006072998046875,0.0060658184663541937,7.1795805208062918e-06
0.85424999999999995,0.004638671875,0.0046402710345627143,-1.5991595627143015e-06
0.854375,0.00250244140625,0.0025100618429219458,-7.6204366719458475e-06
0.85450000000000004,0,3.8653466273187381e-08,-3.8653466273187381e-08
0.85462499999999997,-0.00250244140625,-0.0025074810253491613,5.0396190991613445e-06
0.85475000000000001,-0.004638671875,-0.0046309427546884913,-7.7291203115087415e-06
0.85487500000000005,-0.00604248046875,-0.0060476136656630207,5.1331969130206587e-06
0.85499999999999998,-0.00653076171875,-0.0065426323416277301,1.187062287773006e-05
0.85512500000000002,-0.00604248046875,-0.0060415954070983545,-8.8506165164554257e-07
0.85524999999999995,-0.004608154296875,-0.0046217387371000288,1.3584440225028818e-05
0.855375,-0.00250244140625,-0.0025000332918185867,-2.4081144314133142e-06
0.85550000000000004,0,-3.0048472760192447e-08,3.0048472760192447e-08
0.85562499999999997,0.00250244140625,0.002497479685858606,4.9617203913940484e-06
0.85575000000000001,0.004608154296875,0.0046124646263791327,-4.3103295041327372e-06
0.85587500000000005,0.006011962890625,0.0060234802430924597,-1.1517352467459684e-05
0.85599999999999998,0.00653076171875,0.0065165228376283099,1.4238881121690118e-05
0.85612500000000002,0.006011962890625,0.0060174860477564315,-5.5231571314314637e-06
0.85624999999999996,0.004608154296875,0.0046032974221243833,4.8568747506166909e-06
0.856375,0.00250244140625,0.0024900617764489147,1.2379629801085278e-05
0.85650000000000004,0,3.8479841995117974e-08,-3.8479841995117974e-08
0.85662499999999997,-0.00250244140625,-0.0024875012694075267,-1.4940136842473296e-05
0.85675000000000001,-0.004608154296875,-0.0045940432601595301,-1.4111036715469885e-05
0.85687500000000005,-0.006011962890625,-0.0059994261583269058,-1.2536732298094183e-05
0.85699999999999998,-0.006500244140625,-0.0064905005598187198,-9.7435808062802318e-06
0.85712500000000003,-0.0059814453125,-0.005993455930008316,1.2010617508315981e-05
0.85724999999999996,-0.00457763671875,-0.0045849127220050035,7.2760032550035422e-06
0.857375,-0.002471923828125,-0.0024801130646795949,8.1892365545949489e-06
0.85750000000000004,0,-2.9875136896242516e-08,2.9875136896242516e-08
0.85762499999999997,0.002471923828125,0.0024775796889142179,-5.6558607892179258e-06
0.85775000000000001,0.00457763671875,0.0045757124338828758,1.9242848671241833e-06
0.85787500000000005,0.0059814453125,0.005975485099089844,5.9602134101560331e-06
0.85799999999999998,0.0064697265625,0.0064645991644325463,5.1273980674537353e-06
0.85812500000000003,0.0059814453125,0.0059695387419576532,1.190657054234677e-05
0.85824999999999996,0.00457763671875,0.0045666184151672701,1.1018303582729927e-05
0.858375,0.002471923828125,0.0024702210699290125,1.7027581959874576e-06
0.85850000000000004,0,3.8306800924351765e-08,-3.8306800924351765e-08
0.85862499999999997,-0.002471923828125,-0.0024676807130631787,-4.2431150618213107e-06
0.85875000000000001,-0.004547119140625,-0.0045574377816692841,1.0318641044284108e-05
0.85887500000000006,-0.005950927734375,-0.0059516226097481332,6.9487537313322328e-07
0.85899999999999999,-0.006439208984375,-0.0064387841644724508,-4.2481990254923663e-07
0.85912500000000003,-0.005950927734375,-0.0059457000283578611,-5.2277060171388584e-06
0.85924999999999996,-0.004547119140625,-0.0045483801363345264,1.2609957095264385e-06
0.859375,-0.002471923828125,-0.0024603515613362183,-1.1572266788781663e-05
0.85950000000000004,0,-2.9702388081657693e-08,2.9702388081657693e-08
0.85962499999999997,0.002471923828125,0.002457838256043825,1.4085572081175019e-05
0.85975000000000001,0.004547119140625,0.0045392530837192772,7.8660569057227916e-06
0.85987499999999994,0.00592041015625,0.0059278723810907404,-7.4622248407403904e-06
0.85999999999999999,0.00640869140625,0.0064130892194883982,-4.3978132383982321e-06
0.86012500000000003,0.00592041015625,0.0059219734803783808,-1.5633241283808177e-06
0.86024999999999996,0.0045166015625,0.0045302316662749137,-1.3630103774913728e-05
0.860375,0.00244140625,0.0024505384535867276,-9.1322035867275747e-06
0.86050000000000004,0,3.8134341879639588e-08,-3.8134341879639588e-08
0.86062499999999997,-0.00244140625,-0.0024480180878065374,6.6118378065373705e-06
0.86075000000000002,-0.0045166015625,-0.0045211239764931122,4.5224139931122204e-06
0.86087499999999995,-0.005889892578125,-0.00590419996053665,1.4307382411649951e-05
0.86099999999999999,-0.006378173828125,-0.0063874798457861986,9.3060176611986165e-06
0.86112500000000003,-0.005889892578125,-0.0058983246458194291,8.4320676944291129e-06
0.86124999999999996,-0.0045166015625,-0.0045121386420450436,-4.4629204549563942e-06
0.861375,-0.00244140625,-0.0024407475170818305,-6.5873291816946622e-07
0.86150000000000004,0,-2.9530225043985189e-08,2.9530225043985189e-08
0.86162499999999997,0.00244140625,0.0024382541238017292,3.1521261982707729e-06
0.86175000000000002,0.0045166015625,0.0045030842425137574,1.3517319986242581e-05
0.86187499999999995,0.005889892578125,0.0058806390419192042,9.253536205795776e-06
0.86199999999999999,0.00634765625,0.0063619897062057841,-1.4333456205784141e-05
0.86212500000000003,0.005889892578125,0.0058747872188884736,1.5105359236526443e-05
0.86224999999999996,0.004486083984375,0.0044941348467371469,-8.050862362146867e-06
0.862375,0.00244140625,0.0024310126677614102,1.0393582238589841e-05
0.86250000000000004,0,3.7962472369858224e-08,-3.7962472369858224e-08
0.86262499999999998,-0.00244140625,-0.0024285121352355678,-1.2894114764432172e-05
0.86275000000000002,-0.004486083984375,-0.0044850995205670844,-9.844638079155657e-07
0.86287499999999995,-0.005859375,-0.0058571551756829874,-2.2198243170125712e-06
0.86299999999999999,-0.00634765625,-0.0063365843203297776,-1.10719296702224e-05
0.86312500000000003,-0.005859375,-0.0058513267504149268,-8.0482495850731778e-06
0.86324999999999996,-0.004486083984375,-0.0044761859197225175,-9.8980646524825244e-06
0.863375,-0.002410888671875,-0.0024212996772869492,1.0411005411949201e-05
0.86350000000000005,0,-2.9358649415950675e-08,2.9358649415950675e-08
0.86362499999999998,0.002410888671875,0.0024188260388120757,-7.9373669370757377e-06
0.86375000000000002,0.00445556640625,0.004467203595486152,-1.1637189236152028e-05
0.86387499999999995,0.005828857421875,0.0058337820586792368,-4.9246368042368469e-06
0.86399999999999999,0.006317138671875,0.0063112973542618703,5.8413176131297262e-06
0.86412500000000003,0.005828857421875,0.0058279769376167476,8.8048425825239945e-07
0.86424999999999996,0.00445556640625,0.00445832564639895,-2.7592401489499527e-06
0.864375,0.002410888671875,0.0024116424628373616,-7.5379096236161819e-07
0.86450000000000005,0,3.7791191062132562e-08,-3.7791191062132562e-08
0.86462499999999998,-0.002410888671875,-0.0024091616069752374,-1.7270648997626259e-06
0.86475000000000002,-0.00445556640625,-0.0044493621083516411,-6.204297898358864e-06
0.86487499999999995,-0.00579833984375,-0.0058104852443573518,1.2145400607351843e-05
0.86499999999999999,-0.00628662109375,-0.0062860943308354024,-5.2676291459764074e-07
0.86512500000000003,-0.00579833984375,-0.0058047033343261887,6.3634905761887281e-06
0.86524999999999996,-0.00445556640625,-0.0044405196684319604,-1.5046737818039634e-05
0.86537500000000001,-0.002410888671875,-0.0024020067973163084,-8.8818745586916048e-06
0.86550000000000005,0,-2.9187662767070196e-08,2.9187662767070196e-08
0.86562499999999998,0.002410888671875,0.0023995527576780038,1.133591419699622e-05
0.86575000000000002,0.004425048828125,0.0044316088462944183,-6.5600181694182996e-06
0.86587499999999995,0.00579833984375,0.0057872984325613181,1.1041411188681891e-05
0.86599999999999999,0.006256103515625,0.0062610089193917929,-4.9054037667929304e-06
0.86612500000000003,0.005767822265625,0.0057815396407510326,-1.3717375126032563e-05
0.86624999999999996,0.004425048828125,0.0044228017735126026,2.2470546123974297e-06
0.86637500000000001,0.00238037109375,0.0023924265991477761,-1.2055505397776112e-05
0.86650000000000005,0,3.7620499494714826e-08,-3.7620499494714826e-08
0.86662499999999998,-0.00238037109375,-0.0023899652645976246,9.5941708476245981e-06
0.86675000000000002,-0.004425048828125,-0.0044139094526757551,-1.1139375449244898e-05
0.86687499999999995,-0.005767822265625,-0.0057641871797224848,-3.6350859025152324e-06
0.86699999999999999,-0.0062255859375,-0.0062360066459892088,1.0420708489208841e-05
0.86712500000000003,-0.005767822265625,-0.005758451413701347,-9.3708519236530147e-06
0.86724999999999997,-0.00439453125,-0.0044051376055782828,1.0606355578282774e-05
0.86737500000000001,-0.00238037109375,-0.0023828676424597671,2.4965487097671282e-06
0.86750000000000005,0,-2.9017266604553828e-08,2.9017266604553828e-08
0.86762499999999998,0.00238037109375,0.0023804330469180579,-6.1953168057921754e-08
0.86775000000000002,0.00439453125,0.00439629771689992,-1.7664668999200356e-06
0.86787499999999995,0.0057373046875,0.0057411851886504826,-3.8805011504826001e-06
0.86799999999999999,0.0062255859375,0.0062111211831810138,1.4464754318986237e-05
0.86812500000000004,0.0057373046875,0.0057354723563509081,1.8323311490918773e-06
0.86824999999999997,0.00439453125,0.0043875609545890124,6.9702954109875787e-06
0.86837500000000001,0.00238037109375,0.0023733638469061484,7.0072468438516292e-06
0.86850000000000005,0,3.7450399143999174e-08,-3.7450399143999174e-08
0.86862499999999998,-0.00238037109375,-0.0023709218795452554,-9.4492142047445694e-06
0.86875000000000002,-0.004364013671875,-0.0043787392845926389,1.4725612717638933e-05
0.86887499999999995,-0.005706787109375,-0.0057182580187370253,1.1470909362025321e-05
0.86899999999999999,-0.006195068359375,-0.0061863180602244831,-8.7502991505169353e-06
0.86912500000000004,-0.005706787109375,-0.0057125680284638714,5.7809190888713502e-06
0.86924999999999997,-0.004364013671875,-0.0043700374667480363,6.0237948730362811e-06
0.86937500000000001,-0.002349853515625,-0.0023638809878374109,1.402747221241089e-05
0.86950000000000005,0,-2.8847462374198905e-08,2.8847462374198905e-08
0.86962499999999998,0.002349853515625,0.0023614656828765666,-1.1612167251566583e-05
0.86975000000000002,0.004364013671875,0.0043612679474134561,2.7457244615438844e-06
0.86987499999999995,0.005706787109375,0.0056954393757370041,1.1347733637995933e-05
0.87,0.00616455078125,0.0061616309528593404,2.9198283906595526e-06
0.87012500000000004,0.00567626953125,0.0056897721361563753,-1.3502604906375296e-05
0.87024999999999997,0.004364013671875,0.004352600934260222,1.1412737614777992e-05
0.87037500000000001,0.002349853515625,0.0023544529861248714,-4.5994704998713644e-06
0.87050000000000005,0,3.7280891425409814e-08,-3.7280891425409814e-08
0.87062499999999998,-0.002349853515625,-0.0023520302330420541,2.1767174170541498e-06
0.87075000000000002,-0.00433349609375,-0.0043438493532345149,1.0353259484514876e-05
0.87087499999999995,-0.00567626953125,-0.0056726948219724344,-3.5747092775656117e-06
0.871,-0.006134033203125,-0.0061370253935164893,2.992190391489305e-06
0.87112500000000004,-0.00567626953125,-0.0056670502421231287,-9.2192891268712968e-06
0.87124999999999997,-0.00433349609375,-0.0043352170055726167,1.7209118226167372e-06
0.87137500000000001,-0.002349853515625,-0.0023450456183317721,-4.8078972932279022e-06
0.87150000000000005,0,-2.8678248676051019e-08,2.8678248676051019e-08
0.87162499999999998,0.002349853515625,0.0023426494516479981,7.2040639770018858e-06
0.87175000000000002,0.00433349609375,0.0043265172959526749,6.9787977973250967e-06
0.87187499999999996,0.005645751953125,0.0056500580661232236,-4.3061129982235533e-06
0.872,0.006103515625,0.0061125350610966109,-9.0194360966109471e-06
0.87212500000000004,0.005645751953125,0.0056444360553991853,1.3158977258146895e-06
0.87224999999999997,0.004302978515625,0.0043179194751230467,-1.4940959498046733e-05
0.87237500000000001,0.002349853515625,0.0023356928065371703,1.4160709087829727e-05
0.87250000000000005,0,3.7111977694278858e-08,-3.7111977694278858e-08
0.87262499999999998,-0.0023193359375,-0.0023332891160310135,1.3953178531013466e-05
0.87275000000000003,-0.004302978515625,-0.0043092374256685816,6.2589100435815961e-06
0.87287499999999996,-0.005615234375,-0.0056274946734204906,1.2260298420490624e-05
0.873,-0.006072998046875,-0.0060881254911789558,1.5127444303955802e-05
0.87312500000000004,-0.005615234375,-0.0056218951415853875,6.6607665853875286e-06
0.87324999999999997,-0.004302978515625,-0.0043006739935824772,-2.3045220425227733e-06
0.87337500000000001,-0.0023193359375,-0.0023263603285073988,7.0243910073987739e-06
0.87350000000000005,0,-2.8509632428357605e-08,2.8509632428357605e-08
0.87362499999999998,0.0023193359375,0.0023239831489992768,-4.6472114992768439e-06
0.87375000000000003,0.004302978515625,0.0042920435384985892,1.0934977126410804e-05
0.87387499999999996,0.005615234375,0.0056050383554426368,1.0196019557363184e-05
0.874,0.006072998046875,0.0060638303657999694,9.1676810750306037e-06
0.87412500000000004,0.005584716796875,0.0055994612126156326,-1.4744415740632587e-05
0.87424999999999997,0.0042724609375,0.0042835143576039061,-1.1053420103906107e-05
0.87437500000000001,0.0023193359375,0.0023170821075196362,2.2538299803637543e-06
0.87450000000000006,0,3.6943656494714734e-08,-3.6943656494714734e-08
0.87462499999999999,-0.0023193359375,-0.0023146973290863434,-4.6386084136566461e-06
0.87475000000000003,-0.0042724609375,-0.004274901286756041,2.4403492560410092e-06
0.87487499999999996,-0.005584716796875,-0.0055826546803077696,-2.0621165672304181e-06
0.875,-0.00604248046875,-0.0060396152236621668,-2.8652450878331737e-06
0.87512500000000004,-0.005584716796875,-0.0055770998369716312,-7.6169599033688168e-06
0.87524999999999997,-0.0042724609375,-0.0042664062200644956,-6.0547174355043629e-06
0.87537500000000001,-0.0023193359375,-0.0023078239225337183,-1.1512014966281667e-05
0.87549999999999994,0,-2.8341612090343663e-08,2.8341612090343663e-08
0.87562499999999999,0.0023193359375,0.0023054655802927106,1.3870357207289383e-05
0.87575000000000003,0.0042724609375,0.0042578444687532578,1.4616468746742224e-05
0.87587499999999996,0.00555419921875,0.005560377362469694,-6.1781437196940445e-06
0.876,0.006011962890625,0.0060155137499127839,-3.5508592877838904e-06
0.87612500000000004,0.00555419921875,0.0055548447294598473,-6.4551070984731479e-07
0.87624999999999997,0.004241943359375,0.0042493833798147654,-7.4400204397653824e-06
0.87637500000000002,0.002288818359375,0.0022986196980128745,-9.8013386378745064e-06
0.87649999999999995,0,3.6775940050528406e-08,-3.6775940050528406e-08
0.87662499999999999,-0.002288818359375,-0.0022962536823393342,7.4353229643341762e-06
0.87675000000000003,-0.004241943359375,-0.0042408387390025391,-1.104620372460903e-06
0.87687499999999996,-0.005523681640625,-0.0055381719729105097,1.4490332285509687e-05
0.877,-0.0059814453125,-0.0059914914863526975,1.0046173852697529e-05
0.87712500000000004,-0.005523681640625,-0.0055326614614262231,8.9798208012231012e-06
0.87724999999999997,-0.004241943359375,-0.0042324114919204976,-9.531867454502449e-06
0.87737500000000002,-0.002288818359375,-0.0022894352141084998,6.1685473349984768e-07
0.87749999999999995,0,-2.8174188870885721e-08,2.8174188870885721e-08
0.87762499999999999,0.002288818359375,0.0022870955604120456,1.7227989629543979e-06
0.87775000000000003,0.00421142578125,0.0042239178980004871,-1.2492116750487114e-05
0.87787499999999996,0.005523681640625,0.0055160722289365029,7.6094116884970961e-06
0.878,0.0059814453125,0.0059675821212151516,1.3863191284848447e-05
0.87812500000000004,0.005523681640625,0.0055105837505237606,1.3097890101239351e-05
0.87824999999999998,0.00421142578125,0.0042155243574122188,-4.0985761622187519e-06
0.87837500000000002,0.002288818359375,0.0022803043964553819,8.5139629196180969e-06
0.87849999999999995,0,3.6608815804048015e-08,-3.6608815804048015e-08
0.87862499999999999,-0.002288818359375,-0.0022779569954022041,-1.0861363972795943e-05
0.87875000000000003,-0.00421142578125,-0.0042070476024292404,-4.3781788207596095e-06
0.87887499999999996,-0.0054931640625,-0.0054940437043709449,8.796418709449208e-07
0.879,-0.005950927734375,-0.0059437511993747014,-7.1765350002986339e-06
0.87912500000000005,-0.0054931640625,-0.0054885771709377012,-4.5868915622988143e-06
0.87924999999999998,-0.00421142578125,-0.0041986876335249881,-1.2738147725011896e-05
0.87937500000000002,-0.00225830078125,-0.0022711930263794428,1.2892245129442811e-05
0.87949999999999995,0,-2.800736392176185e-08,2.800736392176185e-08
0.87962499999999999,0.00225830078125,0.0022688719136765541,-1.0571132426554115e-05
0.87975000000000003,0.004180908203125,0.0041902616549580676,-9.3534518330676275e-06
0.87987499999999996,0.005462646484375,0.0054721201193498837,-9.4736349748837309e-06
0.88,0.00592041015625,0.0059200324121260047,3.7774412399525087e-07
0.88012500000000005,0.005462646484375,0.0054666754431480528,-4.0289587730528084e-06
0.88024999999999998,0.004180908203125,0.0041819351234576967,-1.0269203326966625e-06
0.88037500000000002,0.00225830078125,0.0022621350306927367,-3.8342494427367341e-06
0.88049999999999995,0,3.6442290382812864e-08,-3.6442290382812864e-08
0.88062499999999999,-0.00225830078125,-0.0022598060972950358,1.5053160450357976e-06
0.88075000000000003,-0.004180908203125,-0.0041735257144254918,-7.3824886995081662e-06
0.88087499999999996,-0.005462646484375,-0.0054502670505161476,-1.2379433858852353e-05
0.88100000000000001,-0.005889892578125,-0.0058963913073928126,6.4987292678125516e-06
0.88112500000000005,-0.00543212890625,-0.0054448441441556925,1.2715237905692491e-05
0.88124999999999998,-0.004150390625,-0.0041652324865935689,1.4841861593568872e-05
0.88137500000000002,-0.00225830078125,-0.0022530961918788488,-5.2045893711512477e-06
0.88149999999999995,0,-2.7841138338484827e-08,2.7841138338484827e-08
0.88162499999999999,0.00225830078125,0.0022507934737809178,7.5073074690822257e-06
0.88175000000000003,0.004150390625,0.004156873585650373,-6.4829606503729806e-06
0.88187499999999996,0.00543212890625,0.0054285182208099131,3.610685440086879e-06
0.88200000000000001,0.005859375,0.0058728615795067916,-1.3486579506791566e-05
0.88212500000000005,0.00543212890625,0.0054231169972450951,9.011909004904943e-06
0.88224999999999998,0.004150390625,0.0041486135282768856,1.7770967231144422e-06
0.88237500000000002,0.00225830078125,0.002244110437912734,1.4190343337266032e-05
0.88249999999999995,0,3.6276362189180742e-08,-3.6276362189180742e-08
0.88262499999999999,-0.002227783203125,-0.0022417998263608865,1.4016623235886452e-05
0.88275000000000003,-0.004150390625,-0.0041402709296123686,-1.0119695387631432e-05
0.88287499999999997,-0.005401611328125,-0.0054068392096731513,5.2278815481513266e-06
0.88300000000000001,-0.005859375,-0.0058494087794165924,-9.966220583407584e-06
0.88312500000000005,-0.005401611328125,-0.0054014595822103476,-1.5174591465241111e-07
0.88324999999999998,-0.004119873046875,-0.004132043910033311,1.2170863158311035e-05
0.88337500000000002,-0.002227783203125,-0.0022351435524338905,7.3603493088904987e-06
0.88349999999999995,0,-2.7675513161125598e-08,2.7675513161125598e-08
0.88362499999999999,0.002227783203125,0.0022328590837104832,-5.0758805854832223e-06
0.88375000000000004,0.004119873046875,0.0041237515532627925,-3.8785063877925033e-06
0.88387499999999997,0.00537109375,0.0053852637428309031,-1.4169992830903068e-05
0.88400000000000001,0.005828857421875,0.0058260666044667063,2.7908174082937401e-06
0.88412500000000005,0.00537109375,0.005379905625118038,-8.8118751180379928e-06
0.88424999999999998,0.004119873046875,0.0041155574393297294,4.3156075452705639e-06
0.88437500000000002,0.002227783203125,0.0022262294645684195,1.5537385565805341e-06
0.88449999999999995,0,3.6111037587704295e-08,-3.6111037587704295e-08
0.88462499999999999,-0.002227783203125,-0.0022239370302063956,-3.8461729186044062e-06
0.88475000000000004,-0.004119873046875,-0.0041072811197053749,-1.2591927169625095e-05
0.88487499999999997,-0.00537109375,-0.0053637574024958529,-7.3363475041471338e-06
0.88500000000000001,-0.00579833984375,-0.0058028006086065708,4.460764856570841e-06
0.88512500000000005,-0.00537109375,-0.0053584207085332122,-1.267304146678784e-05
0.88524999999999998,-0.00408935546875,-0.0040991197798134066,9.7643110634065833e-06
0.88537500000000002,-0.002227783203125,-0.0022173339591025215,-1.0449244022478488e-05
0.88549999999999995,0,-2.7510486741589474e-08,2.7510486741589474e-08
0.885625,0.002227783203125,0.0022150675956697377,1.2715607455262255e-05
0.88575000000000004,0.00408935546875,0.0040908934380069007,-1.5379692569006745e-06
0.88587499999999997,0.005340576171875,0.0053423539171587571,-1.7777452837571331e-06
0.88600000000000001,0.005767822265625,0.0057796444921694914,-1.1822226544491374e-05
0.88612500000000005,0.005340576171875,0.00533703856128241,3.5376105925900153e-06
0.88624999999999998,0.00408935546875,0.004082764741062575,6.5907276874249687e-06
0.88637500000000002,0.002197265625,0.0022084909663042693,-1.1225341304269259e-05
0.88649999999999995,0,3.5946314850076751e-08,-3.5946314850076751e-08
0.886625,-0.002197265625,-0.0022062165656180407,8.9509406180406786e-06
0.88675000000000004,-0.00408935546875,-0.0040745541733800926,-1.4801295369907402e-05
0.88687499999999997,-0.00531005859375,-0.0053210188717829785,1.0960278032978547e-05
0.88700000000000001,-0.005767822265625,-0.0057565638120817926,-1.1258453543207432e-05
0.88712500000000005,-0.00531005859375,-0.0053157247686785401,5.6661749285400603e-06
0.88724999999999998,-0.004058837890625,-0.0040664579888273072,7.6200982023072461e-06
0.88737500000000002,-0.002197265625,-0.002199666272097433,2.4006470974329876e-06
0.88749999999999996,0,-2.734606529955606e-08,2.734606529955606e-08
0.887625,0.002197265625,0.0021974178710088602,-1.5224600886020942e-07
0.88775000000000004,0.004058837890625,0.0040582971369847948,5.407536402051924e-07
0.88787499999999997,0.00531005859375,0.0052997859975999111,1.0272596150088902e-05
0.88800000000000001,0.0057373046875,0.005733592271641769,3.7124158582309968e-06
0.88812500000000005,0.005279541015625,0.0052945130622891147,-1.4972046664114662e-05
0.88824999999999998,0.004058837890625,0.0040502333347803687,8.6045558446313369e-06
0.88837500000000003,0.002197265625,0.0021908938078805482,6.3718171194517698e-06
0.88849999999999996,0,3.5782194881305037e-08,-3.5782194881305037e-08
0.888625,-0.002197265625,-0.0021886372984914796,-8.6283265085204154e-06
0.88875000000000004,-0.0040283203125,-0.0040420879961296256,1.3767683629625597e-05
0.88887499999999997,-0.005279541015625,-0.0052786208823026827,-9.2013332231733608e-07
0.88900000000000001,-0.005706787109375,-0.005710695430728917,3.9083213539169506e-06
0.88912500000000005,-0.005279541015625,-0.0052733690301510153,-6.1719854739846619e-06
0.88924999999999998,-0.0040283203125,-0.0040340564467578775,5.736134257877494e-06
0.88937500000000003,-0.002197265625,-0.0021821393607131066,-1.512626428689344e-05
0.88949999999999996,0,-2.7182247058927987e-08,2.7182247058927987e-08
0.889625,0.002166748046875,0.0021799087801508397,-1.3160733275839696e-05
0.88975000000000004,0.0040283203125,0.0040259605640545126,2.3597484454873988e-06
0.88987499999999997,0.0052490234375,0.0052575572598414985,-8.5338223414985204e-06
0.89000000000000001,0.00567626953125,0.0056879069955829056,-1.1637464332905564e-05
0.89012500000000006,0.0052490234375,0.0052523264065478812,-3.3029690478811671e-06
0.89024999999999999,0.0040283203125,0.004017961138510444,1.0359173989555985e-05
0.89037500000000003,0.002166748046875,0.0021734368631102924,-6.688816235292383e-06
0.89049999999999996,0,3.5618678533762113e-08,-3.5618678533762113e-08
0.890625,-0.002166748046875,-0.0021711981037589598,4.450056883959809e-06
0.89075000000000004,-0.003997802734375,-0.0040098805101417175,1.2077775766717452e-05
0.89087499999999997,-0.0052490234375,-0.005236560720617487,-1.2462716882512964e-05
0.89100000000000001,-0.00567626953125,-0.0056651925290128564,-1.1077002237143592e-05
0.89112499999999994,-0.005218505859375,-0.0052313507822248431,1.2844922849843121e-05
0.89124999999999999,-0.003997802734375,-0.0040019130799436161,4.1103455686161347e-06
0.89137500000000003,-0.002166748046875,-0.0021647521032510781,-1.9959436239219176e-06
0.89149999999999996,0,-2.7019032846056046e-08,2.7019032846056046e-08
0.891625,0.002166748046875,0.0021625392025215609,4.208844353439066e-06
0.89175000000000004,0.003997802734375,0.0039938816496983389,3.9210846766611282e-06
0.89187499999999997,0.005218505859375,0.0052156650012780068,2.8408580969932484e-06
0.89200000000000002,0.005645751953125,0.0056425857401763797,3.1662129486203019e-06
0.89212499999999995,0.005218505859375,0.0052104758941590133,8.029965215986673e-06
0.89224999999999999,0.003997802734375,0.0039859460868692815,1.1856647505718507e-05
0.89237500000000003,0.002166748046875,0.0021561190147727461,1.0629032102253862e-05
0.89249999999999996,0,3.5455766607968203e-08,-3.5455766607968203e-08
0.892625,-0.002166748046875,-0.0021538978653173244,-1.2850181557675592e-05
0.89275000000000004,-0.00396728515625,-0.0039779296541583107,1.0644497908310693e-05
0.89287499999999997,-0.00518798828125,-0.0051948356949106222,6.8474136606221786e-06
0.89300000000000002,-0.005615234375,-0.005620052194788879,4.8178197888789839e-06
0.89312499999999995,-0.00518798828125,-0.0051896673357743018,1.6790545243018304e-06
0.89324999999999999,-0.00396728515625,-0.0039700258312441285,2.7406749941285072e-06
0.89337500000000003,-0.00213623046875,-0.0021475033869576736,1.1272918207673628e-05
0.89349999999999996,0,-2.6856423435825571e-08,2.6856423435825571e-08
0.893625,0.00213623046875,0.0021453080264685702,-9.0775577185702415e-06
0.89375000000000004,0.00396728515625,0.0039620583408830744,5.2268153669255552e-06
0.89387499999999998,0.00518798828125,0.0051741065408383328,1.3881740411667183e-05
0.89400000000000002,0.005584716796875,0.0055976256049026602,-1.290880802766025e-05
0.89412499999999995,0.005157470703125,0.0051689588467267447,-1.1488143601744681e-05
0.89424999999999999,0.00396728515625,0.0039541861309303206,1.3099025319679436e-05
0.89437500000000003,0.00213623046875,0.0021389391545515442,-2.7086858015441632e-06
0.89449999999999996,0,3.5293457312945402e-08,-3.5293457312945402e-08
0.894625,-0.00213623046875,-0.002136735475958921,5.0500720892099685e-07
0.89475000000000005,-0.003936767578125,-0.0039462333833455076,9.4658052205076268e-06
0.89487499999999998,-0.005157470703125,-0.0051534431348147173,-4.0275683102827115e-06
0.89500000000000002,-0.005584716796875,-0.0055752715391162548,-9.4452577587451902e-06
0.89512499999999995,-0.005157470703125,-0.0051483160231006256,-9.1546800243744175e-06
0.89524999999999999,-0.003936767578125,-0.0039383926599157234,1.62508179072339e-06
0.89537500000000003,-0.00213623046875,-0.002130392107938479,-5.838360811521049e-06
0.89549999999999996,0,-2.669441955242411e-08,2.669441955242411e-08
0.895625,0.00213623046875,0.0021282141492042343,8.0163195457657287e-06
0.89575000000000005,0.003936767578125,0.0039304886009395804,6.2789771854195736e-06
0.89587499999999998,0.005126953125,0.0051328792188141898,-5.9260938141897715e-06
0.89600000000000002,0.00555419921875,0.0055530237123535839,1.1755063964160803e-06
0.89612499999999995,0.005126953125,0.0051277726072026953,-8.1948220269530136e-07
0.89624999999999999,0.003936767578125,0.0039226792380910496,1.4088340033950424e-05
0.89637500000000003,0.00213623046875,0.002121896182961353,1.4334285788647049e-05
0.89649999999999996,0,3.5131756448893417e-08,-3.5131756448893417e-08
0.89662500000000001,-0.002105712890625,-0.0021197098372913378,1.3996946666337828e-05
0.89675000000000005,-0.00390625,-0.0039147896691626924,8.5396691626923871e-06
0.89687499999999998,-0.005126953125,-0.0051123803912370243,-1.4572733762975749e-05
0.89700000000000002,-0.005523681640625,-0.0055308476960733467,7.1660554483467254e-06
0.89712499999999995,-0.005096435546875,-0.0051072941977612822,1.0858650886282246e-05
0.89724999999999999,-0.00390625,-0.003907011541469922,7.6154146992201549e-07
0.89737500000000003,-0.002105712890625,-0.0021134171710972538,7.7042804722537994e-06
0.89749999999999996,0,-2.6533021870100133e-08,2.6533021870100133e-08
0.89762500000000001,0.002105712890625,0.0021112564767256071,-5.543586100607064e-06
0.89775000000000005,0.00390625,0.0038991704094251366,7.0795905748634314e-06
0.89787499999999998,0.005096435546875,0.0050919803966908341,4.4551501841658819e-06
0.89800000000000002,0.005523681640625,0.0055087772080482031,1.4904432576796911e-05
0.89812499999999995,0.005096435546875,0.0050869145397107853,9.5210071642147162e-06
0.89824999999999999,0.00390625,0.0038914233919500676,1.4826608049932355e-05
0.89837500000000003,0.002105712890625,0.0021049890092775078,7.2388134749216612e-07
0.89849999999999997,0,3.4970662104550647e-08,-3.4970662104550647e-08
0.89862500000000001,-0.002105712890625,-0.0021028198596812443,-2.8930309437557103e-06
0.89875000000000005,-0.003875732421875,-0.0038835964992327077,7.8640773577077008e-06
0.89887499999999998,-0.00506591796875,-0.0050716448361957118,5.7268674457117835e-06
0.89900000000000002,-0.0054931640625,-0.0054867778225742127,-6.386239925787289e-06
0.89912499999999995,-0.00506591796875,-0.0050665992343996349,6.8126564963487402e-07
0.89924999999999999,-0.003875732421875,-0.003875880467551164,1.4804567616396799e-07
0.89937500000000004,-0.002105712890625,-0.0020965774900634552,-9.1354005615448299e-06
0.89949999999999997,0,-2.6372228523798394e-08,2.6372228523798394e-08
0.89962500000000001,0.002105712890625,0.0020944339237468084,1.1278966878191642e-05
0.89975000000000005,0.003875732421875,0.003868101761995953,7.6306598790470276e-06
0.89987499999999998,0.00506591796875,0.0050514074569743741,1.4510511775625914e-05
0.90000000000000002,0.005462646484375,0.0054648832602500856,-2.2367758750856115e-06
0.90012499999999995,0.005035400390625,0.0050463820293747061,-1.0981638749706091e-05
0.90024999999999999,0.00384521484375,0.0038604165921672985,-1.5201748417298464e-05
0.90037500000000004,0.0020751953125,0.0020882165514662034,-1.3021238966203375e-05
0.90049999999999997,0,3.4810174880660196e-08,-3.4810174880660196e-08
0.90062500000000001,-0.0020751953125,-0.0020860644621752094,1.0869149675209449e-05
0.90075000000000005,-0.00384521484375,-0.0038526518772148128,7.4370334648128471e-06
0.90087499999999998,-0.005035400390625,-0.0050312338626477817,-4.1665279772182609e-06
0.90100000000000002,-0.00543212890625,-0.0054430590981866403,1.0930191936640334e-05
0.90112499999999995,-0.005035400390625,-0.005026228528580764,-9.1718620442359997e-06
0.90125,-0.00384521484375,-0.0038449974458064423,-2.1739794355771919e-07
0.90137500000000004,-0.0020751953125,-0.0020798719871227096,4.6766746227095909e-06
0.90149999999999997,0,-2.6212045090200166e-08,2.6212045090200166e-08
0.90162500000000001,0.0020751953125,0.0020777454136295618,-2.5501011295617909e-06
0.90175000000000005,0.00384521484375,0.0038372806702789025,7.9341734710975352e-06
0.90187499999999998,0.0050048828125,0.0050111578030300266,-6.274990530026614e-06
0.90200000000000002,0.00543212890625,0.0054213390597861091,1.0789846463890931e-05
0.90212499999999995,0.0050048828125,0.0050061724821544437,-1.28966965444368e-06
0.90225,0.003814697265625,0.0038296568543431443,-1.4959588718144266e-05
0.90237500000000004,0.0020751953125,0.0020715777361129781,3.6175763870219084e-06
0.90249999999999997,0,3.4650295329884228e-08,-3.4650295329884228e-08
0.90262500000000001,-0.0020751953125,-0.0020694425724328909,-5.7527400671090849e-06
0.90275000000000005,-0.003814697265625,-0.0038219538226699091,7.2565570449090872e-06
0.90287499999999998,-0.0050048828125,-0.0049911448843231792,-1.373792817682077e-05
0.90300000000000002,-0.005401611328125,-0.0053996887249516462,-1.9226031733538332e-06
0.90312499999999996,-0.004974365234375,-0.0049861794966190266,1.181426224402659e-05
0.90325,-0.003814697265625,-0.0038143604997578151,-3.367658671848614e-07
0.90337500000000004,-0.0020751953125,-0.002063299593147837,-1.1895719352162954e-05
0.90349999999999997,0,-2.6052469588086993e-08,2.6052469588086993e-08
0.90362500000000001,0.0020751953125,0.0020611898783142973,1.4005434185702676e-05
0.90375000000000005,0.003814697265625,0.003806705161745986,7.9921038790139662e-06
0.90387499999999998,0.004974365234375,0.004971228858912072,3.1363754629280469e-06
0.90400000000000003,0.00537109375,0.0053781418198666619,-7.0480698666618852e-06
0.90412499999999996,0.004974365234375,0.0049662833246793105,8.0819096956894973e-06
0.90425,0.0037841796875,0.0037991422098896887,-1.4962522389688673e-05
0.90437500000000004,0.002044677734375,0.0020550714983631263,-1.0393763988126269e-05
0.90449999999999997,0,3.4491023957532166e-08,-3.4491023957532166e-08
0.90462500000000001,-0.002044677734375,-0.0020529531266583979,8.2753922833979018e-06
0.90475000000000005,-0.0037841796875,-0.0037915003709443357,7.3206834443357433e-06
0.90487499999999998,-0.00494384765625,-0.0049513753355593009,7.527679309300879e-06
0.90500000000000003,-0.00537109375,-0.0053566639272044012,-1.4429822795598846e-05
0.90512499999999996,-0.00494384765625,-0.0049464495754165489,2.6019191665489425e-06
0.90525,-0.0037841796875,-0.0037839676686758973,-2.1201882410273529e-07
0.90537500000000004,-0.002044677734375,-0.0020468592475281887,2.1815131531887494e-06
0.90549999999999997,0,-2.5893502499363473e-08,2.5893502499363473e-08
0.90562500000000001,0.002044677734375,0.0020447662582540336,-8.8523879033554354e-08
0.90575000000000006,0.0037841796875,0.0037763732795811663,7.8064079188336528e-06
0.90587499999999999,0.00494384765625,0.004931618069199957,1.2229587050043011e-05
0.90600000000000003,0.005340576171875,0.0053352887759072964,5.2873959677035912e-06
0.90612499999999996,0.004913330078125,0.0049267120040832352,-1.3381925958235244e-05
0.90625,0.003753662109375,0.0037688707059047063,-1.5208596529706336e-05
0.90637500000000004,0.002044677734375,0.0020386967818398524,5.9809525351475941e-06
0.90649999999999997,0,3.4332361222280165e-08,-3.4332361222280165e-08
0.90662500000000001,-0.002044677734375,-0.0020365950695322172,-8.0826648427827913e-06
0.90674999999999994,-0.003753662109375,-0.0037612895730370823,7.6274636620823205e-06
0.90687499999999999,-0.004913330078125,-0.0049119226711376966,-1.4074069873033779e-06
0.90700000000000003,-0.00531005859375,-0.0053139819513965993,3.9233576465992626e-06
0.90712499999999996,-0.004913330078125,-0.0049070362222982172,-6.2938558267828029e-06
0.90725,-0.003753662109375,-0.0037538170074526769,1.5489807767693486e-07
0.90737500000000004,-0.002044677734375,-0.0020305498981107711,-1.4127836264228935e-05
0.90749999999999997,0,-2.5735144259657534e-08,2.5735144259657534e-08
0.90762500000000002,0.00201416015625,0.0020284735023375759,-1.4313346087575871e-05
0.90774999999999995,0.003753662109375,0.0037462830825621503,7.3790268128497497e-06
0.90787499999999999,0.0048828125,0.0048923228988347637,-9.5103988347637267e-06
0.90800000000000003,0.005279541015625,0.0052927771853517915,-1.3236169726791452e-05
0.90812499999999996,0.0048828125,0.0048874559878413909,-4.6434878413909031e-06
0.90825,0.003753662109375,0.0037388404050466878,1.4821704328312185e-05
0.90837500000000004,0.00201416015625,0.0020224525385858132,-8.2923823358132046e-06
0.90849999999999997,0,3.4174305134816563e-08,-3.4174305134816563e-08
0.90862500000000002,-0.00201416015625,-0.0020203673541458853,6.2071978958852699e-06
0.90874999999999995,-0.00372314453125,-0.0037313194954768278,8.1749642268278376e-06
0.90887499999999999,-0.0048828125,-0.0048727843661174816,-1.0028133882518386e-05
0.90900000000000003,-0.005279541015625,-0.0052716400659202347,-7.9009497047652713e-06
0.90912499999999996,-0.0048828125,-0.0048679369148489672,-1.4875585151032794e-05
0.90925,-0.00372314453125,-0.0037239065864838649,7.6205523386486257e-07
0.90937500000000004,-0.00201416015625,-0.0020143705011193744,2.1034486937443128e-07
0.90949999999999998,0,-2.5577395259027279e-08,2.5577395259027279e-08
0.90962500000000002,0.00201416015625,0.0020123105678357613,1.8495884142387224e-06
0.90974999999999995,0.00372314453125,0.00371643264494283,6.7118863071699737e-06
0.90987499999999999,0.004852294921875,0.0048533408329578748,-1.0459110828748078e-06
0.91000000000000003,0.0052490234375,0.0052506043274966399,-1.5808899966399115e-06
0.91012499999999996,0.004852294921875,0.0048485127636071958,3.7821582678041615e-06
0.91025,0.00372314453125,0.003709049385409158,1.4095145840842e-05
0.91037500000000005,0.00201416015625,0.0020063377289937612,7.822427256238846e-06
0.91049999999999998,0,3.4016860885946602e-08,-3.4016860885946602e-08
0.91062500000000002,-0.00201416015625,-0.0020042689419261005,-9.8912143238994929e-06
0.91074999999999995,-0.003692626953125,-0.0037015882201981982,8.9612670731982307e-06
0.91087499999999999,-0.00482177734375,-0.0048339579156793091,1.2180571929309124e-05
0.91100000000000003,-0.005218505859375,-0.005229635560932768,1.1129701557767956e-05
0.91112499999999996,-0.00482177734375,-0.0048291491507523364,7.3718070023364238e-06
0.91125,-0.003692626953125,-0.0036942344915351292,1.6075384101292382e-06
0.91137500000000005,-0.001983642578125,-0.0019983200210968127,1.4677442971812709e-05
0.91149999999999998,0,-2.5420253469246214e-08,2.5420253469246214e-08
0.91162500000000002,0.001983642578125,0.0019962764203256982,-1.2633842200698246e-05
0.91174999999999995,0.003692626953125,0.0036868200563129508,5.8068968120492288e-06
0.91187499999999999,0.00482177734375,0.0048146693767463561,7.107967003643946e-06
0.91200000000000003,0.005218505859375,0.0052087675033169224,9.7383560580775741e-06
0.91212499999999996,0.00482177734375,0.0048098798390551921,1.1897504694807944e-05
0.91225000000000001,0.003692626953125,0.0036794957404044375,1.3131212720562512e-05
0.91237500000000005,0.001983642578125,0.0019903513217400092,-6.7087436150092133e-06
0.91249999999999998,0,3.3860026377321859e-08,-3.3860026377321859e-08
0.91262500000000002,-0.001983642578125,-0.0019882988025816109,4.6562244566108676e-06
0.91274999999999995,-0.003662109375,-0.0036720938444190065,9.9844694190064781e-06
0.91287499999999999,-0.004791259765625,-0.004795440834961349,4.1810693363489651e-06
0.91300000000000003,-0.00518798828125,-0.005187965748183713,-2.2533066286987979e-08
0.91312499999999996,-0.004791259765625,-0.0047906704476294278,-5.8931799557220693e-07
0.91325000000000001,-0.003662109375,-0.0036647988236264487,2.6894486264486539e-06
0.91337500000000005,-0.001983642578125,-0.0019823974308363947,-1.2451472886053361e-06
0.91349999999999998,0,-2.5263723957058191e-08,2.5263723957058191e-08
0.91362500000000002,0.001983642578125,0.0019803700336268244,3.2725444981756245e-06
0.91374999999999995,0.003662109375,0.0036574434214828285,4.6659535171715213e-06
0.91387499999999999,0.004791259765625,0.004776306055258802,1.4953710366197998e-05
0.91400000000000003,0.005157470703125,0.0051672640352935766,-9.7933321685766267e-06
0.91412499999999997,0.0047607421875,0.00477155474171604,-1.0812554216040049e-05
0.91425000000000001,0.003662109375,0.0036501775786314671,1.1931796368532931e-05
0.91437500000000005,0.001983642578125,0.0019744922937184263,9.1502844065736826e-06
0.91449999999999998,0,3.3703801888114013e-08,-3.3703801888114013e-08
0.91462500000000002,-0.001983642578125,-0.0019724559140283562,-1.1186664096643831e-05
0.91474999999999995,-0.003631591796875,-0.0036428344805201351,1.1242683645135143e-05
0.91487499999999999,-0.0047607421875,-0.0047572306589011857,-3.5115285988143383e-06
0.91500000000000004,-0.005157470703125,-0.0051466279608425826,-1.0842742282417446e-05
0.91512499999999997,-0.0047607421875,-0.0047524983428836425,-8.2438446163575485e-06
0.91525000000000001,-0.003631591796875,-0.003635597698908863,4.0059020338630361e-06
0.91537500000000005,-0.001953125,-0.0019666017113161832,1.3476711316183151e-05
0.91549999999999998,0,-2.5107804587494845e-08,2.5107804587494845e-08
0.91562500000000002,0.001953125,0.0019645903897352259,-1.1465389735225862e-05
0.91574999999999995,0.003631591796875,0.003628300860368726,3.2909365062739823e-06
0.91587499999999999,0.004730224609375,0.004738248413273265,-8.0238038982650278e-06
0.91600000000000004,0.005126953125,0.0051260912672420212,8.6185775797879838e-07
0.91612499999999997,0.004730224609375,0.0047335350188219489,-3.3104094469488601e-06
0.91625000000000001,0.003631591796875,0.0036210930237615411,1.0498773113458947e-05
0.91637500000000005,0.001953125,0.0019587596299728114,-5.6346299728113509e-06
0.91649999999999998,0,3.3548187654333958e-08,-3.3548187654333958e-08
0.91662500000000002,-0.001953125,-0.0019567392623262869,3.6142623262868691e-06
0.91674999999999995,-0.00360107421875,-0.0036138082559180897,1.2734037168089709e-05
0.916875,-0.004730224609375,-0.0047193249420780497,-1.0899667296950313e-05
0.91700000000000004,-0.005096435546875,-0.0051056195533282214,9.1840064532213925e-06
0.91712499999999997,-0.00469970703125,-0.0047146303935376574,1.4923362287657359e-05
0.91725000000000001,-0.00360107421875,-0.0036066292485439017,5.5550297939016904e-06
0.91737500000000005,-0.001953125,-0.0019509318516337778,-2.1931483662222459e-06
0.91749999999999998,0,-2.4952495575239655e-08,2.4952495575239655e-08
0.91762500000000002,0.001953125,0.0019489364787606343,4.1885212393657101e-06
0.91774999999999995,0.00360107421875,0.0035993905078657734,1.6837108842266378e-06
0.917875,0.00469970703125,0.00470049401513104,-7.869838810400237e-07
0.91800000000000004,0.005096435546875,0.0050852465641421868,1.1188982732813178e-05
0.91812499999999997,0.00469970703125,0.0046958182371487842,3.8887941012158422e-06
0.91825000000000001,0.00360107421875,0.0035922402144165327,8.8340043334672776e-06
0.91837500000000005,0.001953125,0.0019431523236405589,9.9726763594411294e-06
0.91849999999999998,0,3.3393183869501868e-08,-3.3393183869501868e-08
0.91862500000000002,-0.001953125,-0.0019411478416144761,-1.1977158385523918e-05
0.91874999999999996,-0.003570556640625,-0.0035850133129551385,1.4456672330138542e-05
0.918875,-0.004669189453125,-0.0046817212585563263,1.2531805431326322e-05
0.91900000000000004,-0.00506591796875,-0.0050649379011394784,-9.8006761052159969e-07
0.91912499999999997,-0.004669189453125,-0.004677064176080695,7.8747229556950377e-06
0.91925000000000001,-0.003570556640625,-0.0035778916185823639,7.3349779573638613e-06
0.91937500000000005,-0.001922607421875,-0.0019353868489394928,1.2779427064492799e-05
0.91949999999999998,0,-2.4797797092817493e-08,2.4797797092817493e-08
0.91962500000000003,0.001922607421875,0.0019334072988532111,-1.0799876978211109e-05
0.91974999999999996,0.003570556640625,0.0035707105137303095,-1.5387310530953768e-07
0.919875,0.004669189453125,0.004663040444580783,6.1490085442169815e-06
0.92000000000000004,0.005035400390625,0.0050447273119698629,-9.3269213448628555e-06
0.92012499999999997,0.004669189453125,0.0046584019828603499,1.0787470264650087e-05
0.92025000000000001,0.003570556640625,0.003563617304049754,6.9393365752460495e-06
0.92037500000000005,0.001922607421875,0.0019276693758752622,-5.061954000262249e-06
0.92049999999999998,0,3.3238790685309426e-08,-3.3238790685309426e-08
0.92062500000000003,-0.001922607421875,-0.0019256806540467375,3.0732321717374857e-06
0.92074999999999996,-0.003570556640625,-0.0035564478087737514,-1.4108831851248563e-05
0.920875,-0.004638671875,-0.004644417201731167,5.7453267311670039e-06
0.92100000000000004,-0.005035400390625,-0.0050245804006872541,-1.0819989937745945e-05
0.92112499999999997,-0.004638671875,-0.004639797286312513,1.1254113125129528e-06
0.92125000000000001,-0.0035400390625,-0.0035493829698521845,9.3439073521844711e-06
0.92137500000000006,-0.001922607421875,-0.0019199657083806962,-2.6417134943038448e-06
0.92149999999999999,0,-2.4643709271252738e-08,2.4643709271252738e-08
0.92162500000000003,0.001922607421875,0.001918001856152323,4.6055657226770109e-06
0.92174999999999996,0.0035400390625,0.0035422590424614522,-2.2199799614521822e-06
0.921875,0.004638671875,0.0046258853046238788,1.2786570376121208e-05
0.92200000000000004,0.0050048828125,0.0050045309175294032,3.5189497059676111e-07
0.92212499999999997,0.004608154296875,0.0046212838613539,-1.3129564478899999e-05
0.92225000000000001,0.0035400390625,0.0035352224608261877,4.8166016738122701e-06
0.92237499999999994,0.001922607421875,0.0019123097957914426,1.0297626083557434e-05
0.92249999999999999,0,3.3085005941025798e-08,-3.3085005941025798e-08
0.92262500000000003,-0.001922607421875,-0.0019103367097298696,-1.2270712145130399e-05
0.92274999999999996,-0.0035400390625,-0.0035281099152003285,-1.1929147299671525e-05
0.922875,-0.004608154296875,-0.0046074103841709565,-7.4391270404351728e-07
0.92300000000000004,-0.004974365234375,-0.0049845444691278681,1.0179234752868103e-05
0.92312499999999997,-0.004608154296875,-0.0046028273391895474,-5.3269576854525838e-06
0.92325000000000002,-0.003509521484375,-0.0035211014778309215,1.1579993455921537e-05
0.92337499999999995,-0.00189208984375,-0.0019046674430295216,1.2577599279521567e-05
0.92349999999999999,0,-2.4490232200719797e-08,2.4490232200719797e-08
0.92362500000000003,0.00189208984375,0.0019027191647143209,-1.062932096432094e-05
0.92374999999999996,0.003509521484375,0.0035140342731836368,-4.5127888086368174e-06
0.923875,0.00457763671875,0.0045890262173618954,-1.1389498611895366e-05
0.92400000000000004,0.004974365234375,0.0049646548082877646,9.7104260872353867e-06
0.92412499999999997,0.00457763671875,0.0045844614971060262,-6.824778356026226e-06
0.92425000000000002,0.003509521484375,0.0035070538675116857,2.4676168633142558e-06
0.92437499999999995,0.00189208984375,0.0018970726003989713,-4.9827566489712895e-06
0.92449999999999999,0,3.2931834267234461e-08,-3.2931834267234461e-08
0.92462500000000003,-0.00189208984375,-0.0018951150266518916,3.0251829018915818e-06
0.92474999999999996,-0.003509521484375,-0.0034999978186282029,-9.523665746797097e-06
0.924875,-0.00457763671875,-0.0045706984374697937,-6.9382812802063279e-06
0.92500000000000004,-0.00494384765625,-0.0049448275441977612,9.7988794776123628e-07
0.92512499999999998,-0.00457763671875,-0.004566151968672264,-1.1484750077736007e-05
0.92525000000000002,-0.00347900390625,-0.0034930453325355466,1.4041426285546586e-05
0.92537499999999995,-0.00189208984375,-0.0018894910738094163,-2.5987699405836517e-06
0.92549999999999999,0,-2.4337363687029288e-08,2.4337363687029288e-08
0.92562500000000003,0.00189208984375,0.0018875582464516019,4.5315972983981344e-06
0.92574999999999996,0.00347900390625,0.0034860343995316593,-7.0304932816593266e-06
0.925875,0.004547119140625,0.004552460823840942,-5.3416832159420072e-06
0.92600000000000005,0.004913330078125,0.0049250964322098715,-1.1766354084871526e-05
0.92612499999999998,0.004547119140625,0.0045479325335240793,-8.1339289907927242e-07
0.92625000000000002,0.00347900390625,0.0034791097213469849,-1.0581509698494307e-07
0.92637499999999995,0.00189208984375,0.001881956814540156,1.0133029209844022e-05
0.92649999999999999,0,3.2779273404546459e-08,-3.2779273404546459e-08
0.92662500000000003,-0.00189208984375,-0.0018800146306318297,-1.207521311817031e-05
0.92674999999999996,-0.00347900390625,-0.0034721097199015677,-6.8941863484322553e-06
0.926875,-0.004547119140625,-0.0045342790120923987,-1.2840128532601303e-05
0.92700000000000005,-0.004913330078125,-0.0049054270840495056,-7.9029940754943989e-06
0.92712499999999998,-0.0045166015625,-0.0045297688275728809,1.3167265072880872e-05
0.92725000000000002,-0.00347900390625,-0.0034652127384049605,-1.3791167845039493e-05
0.92737499999999995,-0.001861572265625,-0.001874435629463852,1.2863363838851952e-05
0.92749999999999999,0,-2.4185108246770174e-08,2.4185108246770174e-08
0.92762500000000003,0.001861572265625,0.0018725181310700074,-1.0945865445007377e-05
0.92774999999999996,0.003448486328125,0.003458257629528724,-9.771301403724026e-06
0.92787500000000001,0.0045166015625,0.0045161867839058874,4.1477859411259005e-07
0.92800000000000005,0.0048828125,0.0048858532575952853,-3.0407575952852775e-06
0.92812499999999998,0.0045166015625,0.0045116946327901589,4.9069297098410652e-06
0.92825000000000002,0.003448486328125,0.0034513882339388025,-2.9019058138024696e-06
0.92837499999999995,0.001861572265625,0.0018669614708273329,-5.3892052023329483e-06
0.92849999999999999,0,3.2627323343806066e-08,-3.2627323343806066e-08
0.92862500000000003,-0.001861572265625,-0.0018650345552489306,3.4622896239306072e-06
0.92874999999999996,-0.003448486328125,-0.0034444438342018957,-4.0424939231043476e-06
0.92887500000000001,-0.004486083984375,-0.0044981497772246214,1.2065792849621365e-05
0.92900000000000005,-0.004852294921875,-0.0048663405670891381,1.404564521413805e-05
0.92912499999999998,-0.004486083984375,-0.0044936755874085731,7.591603033573098e-06
0.92925000000000002,-0.003448486328125,-0.0034376019141850872,-1.0884413939912796e-05
0.92937499999999995,-0.001861572265625,-0.0018595001464648416,-2.0721191601584012e-06
0.92949999999999999,0,-2.4033463589211884e-08,2.4033463589211884e-08
0.92962500000000003,0.001861572265625,0.0018575978560067292,3.9744096182708476e-06
0.92974999999999997,0.00341796875,0.0034307021854813021,-1.2733435481302076e-05
0.92987500000000001,0.004486083984375,0.0044802017760471376,5.8822083278623621e-06
0.93000000000000005,0.004852294921875,0.0048469227729161703,5.3721489588296617e-06
0.93012499999999998,0.004486083984375,0.0044757454757149663,1.0338508660033725e-05
0.93025000000000002,0.00341796875,0.0034238876311437614,-5.9188811437614099e-06
0.93037499999999995,0.001861572265625,0.0018520856095789204,9.4866560460796136e-06
0.93049999999999999,0,3.2475984037223591e-08,-3.2475984037223591e-08
0.93062500000000004,-0.001861572265625,-0.0018501738417829264,-1.1398423842073555e-05
0.93074999999999997,-0.00341796875,-0.0034169983909274394,-9.7035907256062467e-07
0.93087500000000001,-0.00445556640625,-0.0044623084206242732,6.7420143742731586e-06
0.93100000000000005,-0.00482177734375,-0.0048275654918147779,5.7881480647779468e-06
0.93112499999999998,-0.00445556640625,-0.0044578699382473094,2.303531997309427e-06
0.93125000000000002,-0.00341796875,-0.0034102110928148611,-7.7576571851389366e-06
0.93137499999999995,-0.0018310546875,-0.0018446836689638335,1.3628981463833503e-05
0.93149999999999999,0,-2.3882429647480451e-08,2.3882429647480451e-08
0.93162500000000004,0.0018310546875,0.0018427964663707214,-1.1741778870721399e-05
0.93174999999999997,0.00341796875,0.0034033663038589858,1.4602446141014167e-05
0.93187500000000001,0.00445556640625,0.0044445034972529149,1.1062908997085119e-05
0.93200000000000005,0.00482177734375,0.0048083024866565722,1.3474857093427779e-05
0.93212499999999998,0.004425048828125,0.0044400827615885038,-1.5033933463503776e-05
0.93225000000000002,0.003387451171875,0.0033966061529548458,-9.1549810798457684e-06
0.93237499999999995,0.0018310546875,0.0018373282787661524,-6.2735912661523573e-06
0.9325,0,3.2325255398991599e-08,-3.2325255398991599e-08
0.93262500000000004,-0.0018310546875,-0.0018354315391526756,4.3768516526756281e-06
0.93274999999999997,-0.003387451171875,-0.0033897716335893448,2.3204617143448084e-06
0.93287500000000001,-0.004425048828125,-0.0044267526484731406,1.7038203481405806e-06
0.93300000000000005,-0.004791259765625,-0.0047890993766565321,-2.1603889684678607e-06
0.93312499999999998,-0.004425048828125,-0.0044223495885634592,-2.6992395615408477e-06
0.93325000000000002,-0.003387451171875,-0.0033830385213116155,-4.4126505633844924e-06
0.93337499999999995,-0.0018310546875,-0.0018299852487284492,-1.0694387715508031e-06
0.9335,0,-2.3732006316989506e-08,2.3732006316989506e-08
0.93362500000000004,0.0018310546875,0.0018281130148734878,2.9416726265122251e-06
0.93374999999999997,0.003387451171875,0.0033762482351832128,1.1202936691787155e-05
0.93387500000000001,0.00439453125,0.004409089662861878,-1.4558412861877951e-05
0.93400000000000005,0.0047607421875,0.0047699899271529539,-9.2477396529538902e-06
0.93412499999999998,0.00439453125,0.0044047042080328364,-1.0172958032836354e-05
0.93425000000000002,0.00335693359375,0.0033695420533887653,-1.2608459638765307e-05
0.93437499999999996,0.0018310546875,0.0018226885339399025,8.3661535600974661e-06
0.9345,0,3.2175137305893848e-08,-3.2175137305893848e-08
0.93462500000000004,-0.0018310546875,-0.0018208067038572914,-1.0247983642708638e-05
0.93474999999999997,-0.00335693359375,-0.0033627618196929391,5.8282259429390942e-06
0.93487500000000001,-0.00439453125,-0.0043914801852310194,-3.051064768980552e-06
0.93500000000000005,-0.0047607421875,-0.0047509397598176706,-9.8024276823293829e-06
0.93512499999999998,-0.00439453125,-0.0043871122650902686,-7.418984909731384e-06
0.93525000000000003,-0.00335693359375,-0.0033560824606650502,-8.5113308494980805e-07
0.93537499999999996,-0.001800537109375,-0.0018154039450818001,1.4866835706800084e-05
0.9355,0,-2.3582193456045524e-08,2.3582193456045524e-08
0.93562500000000004,0.001800537109375,0.001813546561780639,-1.3009452405639017e-05
0.93574999999999997,0.00335693359375,0.0033493462439153159,7.5873498346840963e-06
0.93587500000000001,0.004364013671875,0.0043739580064168938,-9.9443345418937651e-06
0.93600000000000005,0.004730224609375,0.0047319826424360159,-1.758033061015872e-06
0.93612499999999998,0.004364013671875,0.0043696075508560216,-5.5938789810215661e-06
0.93625000000000003,0.00335693359375,0.0033426936003726863,1.4239993377313659e-05
0.93637499999999996,0.001800537109375,0.0018081654381784191,-7.6283288034191456e-06
0.9365,0,3.2025627450351578e-08,-3.2025627450351578e-08
0.93662500000000004,-0.001800537109375,-0.0018062983999077493,5.7612905327492948e-06
0.93674999999999997,-0.003326416015625,-0.0033359672206277825,9.5512050027825486e-06
0.93687500000000001,-0.004364013671875,-0.0043564887734867629,-7.524898388237139e-06
0.93700000000000006,-0.00469970703125,-0.004713084199117085,1.3377167867084996e-05
0.93712499999999999,-0.004364013671875,-0.004352155712674376,-1.1857959200623977e-05
0.93725000000000003,-0.003326416015625,-0.0033293411857166734,2.9251700916733611e-06
0.93737499999999996,-0.001800537109375,-0.001800938824842283,4.0171546728299222e-07
0.9375,0,-2.3432990886445862e-08,2.3432990886445862e-08
0.93762500000000004,0.001800537109375,0.0017990961748436043,1.4409345313957499e-06
0.93774999999999997,0.003326416015625,0.0033226586083469445,3.7574072780555308e-06
0.93787500000000001,0.00433349609375,0.0043391062795208116,-5.610185770811571e-06
0.93799999999999994,0.00469970703125,0.0046942782000737619,5.4288311762381095e-06
0.93812499999999999,0.00433349609375,0.0043347905439063876,-1.2944501563876346e-06
0.93825000000000003,0.003326416015625,0.0033160590756394852,1.0356939985514766e-05
0.93837499999999996,0.001800537109375,0.0017937580620253166,6.779047349683362e-06
0.9385,0,3.1876729948350705e-08,-3.1876729948350705e-08
0.93862500000000004,-0.001800537109375,-0.0017919056987790237,-8.6314105959763195e-06
0.93874999999999997,-0.0032958984375,-0.0033093861215570492,1.3487684057049247e-05
0.93887500000000002,-0.00433349609375,-0.0043217761738187808,-1.1719919931219187e-05
0.93899999999999995,-0.004669189453125,-0.0046755302718329934,6.340818707993405e-06
0.93912499999999999,-0.004302978515625,-0.0043174776941314903,1.4499178506490254e-05
0.93925000000000003,-0.0032958984375,-0.0033028129850555762,6.9145475555761927e-06
0.93937499999999996,-0.001800537109375,-0.0017865889622618986,-1.3948147113101387e-05
0.9395,0,-2.3284396272130625e-08,2.3284396272130625e-08
0.93962500000000004,0.00177001953125,0.0017847609292420169,-1.474139799201692e-05
0.93974999999999997,0.0032958984375,0.0032961836204838317,-2.8518298383168814e-07
0.93987500000000002,0.004302978515625,0.0043045322516892951,-1.5537360642950762e-06
0.93999999999999995,0.004669189453125,0.0046568741870158421,1.2315266109157869e-05
0.94012499999999999,0.004302978515625,0.0043002509589320469,2.7275566929531314e-06
0.94025000000000003,0.0032958984375,0.0032896367746086167,6.2616628913833051e-06
0.94037499999999996,0.00177001953125,0.0017794654834300914,-9.4459521800913538e-06
0.9405,0,3.1728442403225918e-08,-3.1728442403225918e-08
0.94062500000000004,-0.00177001953125,-0.0017776276793426209,7.6081480926209425e-06
0.94074999999999998,-0.0032958984375,-0.0032830168213092629,-1.2881616190737067e-05
0.94087500000000002,-0.0042724609375,-0.0042873401646484092,1.4879227148409217e-05
0.94099999999999995,-0.004638671875,-0.0046382755745478588,-3.9630045214119475e-07
0.94112499999999999,-0.0042724609375,-0.0042830759901023984,1.0615052602398409e-05
0.94125000000000003,-0.003265380859375,-0.0032764961609073658,1.1115301532365826e-05
0.94137499999999996,-0.00177001953125,-0.0017723534389748623,2.3339077248622688e-06
0.9415,0,-2.3136413624429524e-08,2.3136413624429524e-08
0.94162500000000005,0.00177001953125,0.0017705399075245174,-5.2037627451735104e-07
0.94174999999999998,0.003265380859375,0.0032699195859455794,-4.5387265705794204e-06
0.94187500000000002,0.0042724609375,0.0042702337102129857,2.2272272870143411e-06
0.94199999999999995,0.004608154296875,0.0046197682094391091,-1.1613912564109076e-05
0.94212499999999999,0.0042724609375,0.0042659865854333808,6.4743520666191504e-06
0.94225000000000003,0.003265380859375,0.0032634250062831376,1.9558530918624417e-06
0.94237499999999996,0.00177001953125,0.001765286787687174,4.7327435628260247e-06
0.9425,0,3.1580764548070916e-08,-3.1580764548070916e-08
0.94262500000000005,-0.00177001953125,-0.0017634634278096378,-6.5561034403621883e-06
0.94274999999999998,-0.003265380859375,-0.0032568576322634462,-8.5232271115538195e-06
0.94287500000000002,-0.004241943359375,-0.004253178542098549,1.123518272354903e-05
0.94299999999999995,-0.004608154296875,-0.0046013177229946153,-6.8365738803847012e-06
0.94312499999999999,-0.004241943359375,-0.0042489483989141697,7.0050395391697134e-06
0.94325000000000003,-0.003265380859375,-0.0032503890290255001,-1.4991830349499885e-05
0.94337499999999996,-0.00177001953125,-0.0017582313439270208,-1.1788187322979166e-05
0.94350000000000001,0,-2.2989040520147694e-08,2.2989040520147694e-08
0.94362500000000005,0.00177001953125,0.0017564321995500417,1.3587331699958316e-05
0.94374999999999998,0.00323486328125,0.0032438648238511426,-9.0015426011426369e-06
0.94387500000000002,0.004241943359375,0.0042362084600126087,5.7348993623912783e-06
0.94399999999999995,0.00457763671875,0.004582957892594418,-5.3211738444179993e-06
0.94412499999999999,0.004241943359375,0.004231995230524855,9.9481288501450382e-06
0.94425000000000003,0.00323486328125,0.0032374220931399617,-2.5588118899616714e-06
0.94437499999999996,0.001739501953125,0.0017512210673851548,-1.1719114260154819e-05
0.94450000000000001,0,3.1433696081507199e-08,-3.1433696081507199e-08
0.94462500000000005,-0.001739501953125,-0.0017494120376722851,9.9100845472850987e-06
0.94474999999999998,-0.00323486328125,-0.003230906880250098,-3.9564009999019586e-06
0.94487500000000002,-0.00421142578125,-0.0042192891198526341,7.8633386026340929e-06
0.94499999999999995,-0.00457763671875,-0.0045646543519040489,-1.298236684595111e-05
0.94512499999999999,-0.00421142578125,-0.0042150927364343806,3.6669551843806353e-06
0.94525000000000003,-0.00323486328125,-0.0032244899185835054,-1.0373362666494645e-05
0.94537499999999997,-0.001739501953125,-0.0017442217733254334,4.7198202004334298e-06
0.94550000000000001,0,-2.2842276640884384e-08,2.2842276640884384e-08
0.94562500000000005,0.001739501953125,0.0017424369024314817,-2.9349493064817402e-06
0.94574999999999998,0.003204345703125,0.0032180176667127775,-1.3671963587777534e-05
0.94587500000000002,0.00421142578125,0.0042024543234993146,8.9714577506854257e-06
0.94599999999999995,0.004547119140625,0.0045464408806546426,6.7825997035735747e-07
0.94612499999999999,0.00421142578125,0.0041982747187938483,1.315106245615167e-05
0.94625000000000004,0.003204345703125,0.0032116263710224914,-7.2806678974913532e-06
0.94637499999999997,0.001739501953125,0.0017372674223370401,2.2345307879598555e-06
0.94650000000000001,0,3.1287236668250295e-08,-3.1287236668250295e-08
0.94662500000000005,-0.001739501953125,-0.0017354726096458677,-4.029343479132301e-06
0.94674999999999998,-0.003204345703125,-0.0032051629044380532,8.1720131305321186e-07
0.94687500000000002,-0.004180908203125,-0.0041856697290146884,4.761525889688395e-06
0.94699999999999995,-0.0045166015625,-0.0045282831148534325,1.1681552353432455e-05
0.94712499999999999,-0.004180908203125,-0.0041815068359345921,5.9863280959214504e-07
0.94725000000000004,-0.003204345703125,-0.0031987971720665804,-5.5485310584196465e-06
0.94737499999999997,-0.001739501953125,-0.0017303238305785566,-9.1781225464433562e-06
0.94750000000000001,0,-2.2696121634613475e-08,2.2696121634613475e-08
0.94762500000000005,0.001739501953125,0.001728553120470238,1.0948832654761971e-05
0.94774999999999998,0.003204345703125,0.0031923764603293179,1.1969242795682126e-05
0.94787500000000002,0.004180908203125,0.0041689691404353151,1.1939062689684914e-05
0.94799999999999995,0.0045166015625,0.0045102148365639061,6.3867259360939413e-06
0.948125,0.004150390625,0.0041648228921614301,-1.4432267161430118e-05
0.94825000000000004,0.003173828125,0.0031860361890341184,-1.2208064034118383e-05
0.94837499999999997,0.001708984375,0.0017234249595304376,-1.444058453043762e-05
0.94850000000000001,0,3.1141383892760882e-08,-3.1141383892760882e-08
0.94862500000000005,-0.001708984375,-0.0017216442516131217,1.2659876613121653e-05
0.94874999999999998,-0.003173828125,-0.0031796240572296835,5.7959322296834842e-06
0.94887500000000002,-0.004150390625,-0.004152318217971321,1.9275929713210085e-06
0.94899999999999995,-0.004486083984375,-0.004492201684116349,6.1176997413489934e-06
0.949125,-0.004150390625,-0.0041481885479508597,-2.202077049140265e-06
0.94925000000000004,-0.003173828125,-0.0031733091451713593,-5.1897982864066577e-07
0.94937499999999997,-0.001708984375,-0.0017165366262388605,7.5522512388605245e-06
0.94950000000000001,0,-2.2550575116239564e-08,2.2550575116239564e-08
0.94962500000000005,0.001708984375,0.0017147799651104159,-5.7955901104158897e-06
0.94974999999999998,0.003173828125,0.0031669395636803131,6.888561319686945e-06
0.94987500000000002,0.004150390625,0.0041357507677956202,1.4639857204379846e-05
0.94999999999999996,0.004486083984375,0.0044742774418880188,1.1806542486981174e-05
0.950125,0.004119873046875,0.0041316376097434689,-1.1764562868468893e-05
0.95025000000000004,0.003173828125,0.0031606499094311261,1.3178215568873924e-05
0.95037499999999997,0.001708984375,0.001709692793068453,-7.0841806845299213e-07
0.95050000000000001,0,3.0996141463740927e-08,-3.0996141463740927e-08
0.95062500000000005,-0.001708984375,-0.0017079260785595417,-1.0582964404582968e-06
0.95074999999999998,-0.003143310546875,-0.0031542887041554613,1.0978157280461254e-05
0.95087500000000003,-0.004119873046875,-0.0041192324522508804,-6.4059462411957674e-07
0.95099999999999996,-0.00445556640625,-0.0044564077505137301,8.4134426373005944e-07
0.951125,-0.004119873046875,-0.0041151357401461681,-4.7373067288318874e-06
0.95125000000000004,-0.003143310546875,-0.0031480242066919085,4.713659816908515e-06
0.95137499999999997,-0.001708984375,-0.0017028592779459101,-6.1250970540898623e-06
0.95150000000000001,0,-2.240563666814728e-08,2.240563666814728e-08
0.95162500000000005,0.001708984375,0.0017011165548742615,7.8678201257385318e-06
0.95174999999999998,0.003143310546875,0.003141705348822433,1.6051980525669772e-06
0.95187500000000003,0.00408935546875,0.0041027970796316754,-1.3441610881675427e-05
0.95199999999999996,0.004425048828125,0.004438626396666083,-1.3577568541082996e-05
0.952125,0.00408935546875,0.0040987167477167389,-9.3612789667388632e-06
0.95225000000000004,0.003143310546875,0.0031354659075236452,7.8446393513547513e-06
0.95237499999999997,0.001708984375,0.0016960700441129898,1.291433088701022e-05
0.95250000000000001,0,3.0851506884169802e-08,-3.0851506884169802e-08
0.95262500000000006,-0.001708984375,-0.001694317212528131,-1.4667162471868967e-05
0.95274999999999999,-0.003143310546875,-0.003129155223769344,-1.4155323105656016e-05
0.95287500000000003,-0.00408935546875,-0.0040864103143915627,-2.9451543584373477e-06
0.95299999999999996,-0.004425048828125,-0.0044208990232660625,-4.1498048589374767e-06
0.953125,-0.00408935546875,-0.0040823462971731998,-7.0091715768001717e-06
0.95325000000000004,-0.00311279296875,-0.0031229407384211821,1.0147769671182104e-05
0.95337499999999997,-0.001678466796875,-0.0016892909103680377,1.0824113493037657e-05
0.95350000000000001,0,-2.2261303834366705e-08,2.2261303834366705e-08
0.95362499999999994,0.001678466796875,0.0016875620153076743,-9.0952184326742718e-06
0.95374999999999999,0.00311279296875,0.003116672200779551,-3.8792320295509899e-06
0.95387500000000003,0.004058837890625,0.0040701059669321924,-1.1268076307192378e-05
0.95399999999999996,0.00439453125,0.0044032594192633156,-8.7281692633155508e-06
0.954125,0.004058837890625,0.0040660581991783049,-7.2203085533049244e-06
0.95425000000000004,0.00311279296875,0.0031104825715630078,2.3103971869922225e-06
0.95437499999999997,0.001678466796875,0.0016825558408285106,-4.0890439535106252e-06
0.95450000000000002,0,3.0707479688667712e-08,-3.0707479688667712e-08
0.95462499999999995,-0.001678466796875,-0.0016808167825519142,2.3499856769142353e-06
0.95474999999999999,-0.00311279296875,-0.0031042220075464286,-8.5709612035714429e-06
0.95487500000000003,-0.004058837890625,-0.0040538497038027426,-4.988186822257358e-06
0.95499999999999996,-0.00439453125,-0.0043856732298467862,-8.8580201532137762e-06
0.955125,-0.004058837890625,-0.0040498181205420383,-9.0197700829616756e-06
0.95525000000000004,-0.00311279296875,-0.0030980571350460039,-1.4735833703996126e-05
0.95537499999999997,-0.001678466796875,-0.0016758306551537545,-2.6361417212455041e-06
0.95550000000000002,0,-2.2117580162605552e-08,2.2117580162605552e-08
0.95562499999999995,0.001678466796875,0.001674115478924245,4.3513179507550116e-06
0.95574999999999999,0.003082275390625,0.0030918385174479894,-9.5631268229893693e-06
0.95587500000000003,0.0040283203125,0.0040376753374928376,-9.3550249928376142e-06
0.95599999999999996,0.004364013671875,0.0043681742462250168,-4.1605743500167797e-06
0.956125,0.0040283203125,0.0040336598740138164,-5.3395615138163849e-06
0.95625000000000004,0.003082275390625,0.0030856983026443892,-3.4229120193891502e-06
0.95637499999999998,0.001678466796875,0.0016691493183244067,9.3174785505932556e-06
0.95650000000000002,0,3.0564059380679335e-08,-3.0564059380679335e-08
0.95662499999999995,-0.001678466796875,-0.0016674239246167158,-1.1042872258284217e-05
0.95674999999999999,-0.003082275390625,-0.0030794874597743372,-2.7879308506627981e-06
0.95687500000000003,-0.0040283203125,-0.0040215485366313372,-6.7717758686627536e-06
0.95699999999999996,-0.004364013671875,-0.0043507281158368435,-1.3285556038156524e-05
0.957125,-0.0040283203125,-0.0040175491284812305,-1.0771184018769538e-05
0.95725000000000005,-0.003082275390625,-0.0030733718040443143,-8.9035865806857094e-06
0.95737499999999998,-0.00164794921875,-0.0016624776508650102,1.4528432115010204e-05
0.95750000000000002,0,-2.1974463118426969e-08,2.1974463118426969e-08
0.95762499999999995,0.00164794921875,0.001660776085149735,-1.2826866399735012e-05
0.95774999999999999,0.003082275390625,0.0030672027094882479,1.5072681136752124e-05
0.95787500000000003,0.003997802734375,0.0040055031157792123,-7.700381404212274e-06
0.95799999999999996,0.00433349609375,0.0043333686321317131,1.2746161828693786e-07
0.958125,0.003997802734375,0.0040015196987629583,-3.7169643879583422e-06
0.95825000000000005,0.0030517578125,0.0030611115146030204,-9.3537021030203928e-06
0.95837499999999998,0.00164794921875,0.001655849618606989,-7.9003998569890203e-06
0.95850000000000002,0,3.0421245433000119e-08,-3.0421245433000119e-08
0.95862499999999995,-0.00164794921875,-0.0016541377815763067,6.1885628263066809e-06
0.95874999999999999,-0.0030517578125,-0.0030549499974595988,3.1921849595988039e-06
0.95887500000000003,-0.003997802734375,-0.0039895047456284388,-8.2979887465611801e-06
0.95899999999999996,-0.004302978515625,-0.0043160614447804125,1.308292915541253e-05
0.95912500000000001,-0.003997802734375,-0.0039855372558076476,-1.2265478567352432e-05
0.95925000000000005,-0.0030517578125,-0.0030488831655832642,-2.8746469167358242e-06
0.95937499999999998,-0.00164794921875,-0.0016492310429295218,1.281824179521834e-06
0.95950000000000002,0,-2.1831952159498211e-08,2.1831952159498211e-08
0.95962499999999995,0.00164794921875,0.0016475429802688087,4.0623848119127927e-07
0.95974999999999999,0.0030517578125,0.0030427632002247183,8.9946122752817062e-06
0.95987500000000003,0.00396728515625,0.0039735872427948127,-6.3020865448126795e-06
0.95999999999999996,0.004302978515625,0.0042988403494554454,4.1381661695545635e-06
0.96012500000000001,0.00396728515625,0.0039696356164867523,-2.3504602367522762e-06
0.96025000000000005,0.0030517578125,0.0030367206339126872,1.503717858731277e-05
0.96037499999999998,0.00164794921875,0.0016426558905135386,5.2933282364614129e-06
0.96050000000000002,0,3.027903728829635e-08,-3.027903728829635e-08
0.96062499999999995,-0.00164794921875,-0.001640957503123419,-6.9917156265810257e-06
0.96074999999999999,-0.003021240234375,-0.0030306080502206646,9.3678158456646059e-06
0.96087500000000003,-0.00396728515625,-0.0039577162800177416,-9.5688762322583554e-06
0.96099999999999997,-0.0042724609375,-0.0042816709980417695,9.2100605417694617e-06
0.96112500000000001,-0.00396728515625,-0.0039537804537935458,-1.3504702456454236e-05
0.96125000000000005,-0.003021240234375,-0.0030245896524167212,3.3494180417211784e-06
0.96137499999999998,-0.00164794921875,-0.0016360899835842139,-1.1859235165786065e-05
0.96150000000000002,0,-2.1690046713614927e-08,2.1690046713614927e-08
0.96162499999999995,0.00164794921875,0.0016344153173631453,1.3533901386854731e-05
0.96174999999999999,0.003021240234375,0.0030185184255447817,2.7218088302183134e-06
0.96187500000000004,0.003936767578125,0.0039419256759492451,-5.1580978242451309e-06
0.96199999999999997,0.0042724609375,0.004264587188417223,7.8737490827769652e-06
0.96212500000000001,0.003936767578125,0.0039380055866359096,-1.2380085109096189e-06
0.96225000000000005,0.003021240234375,0.0030125240995850216,8.7161347899784164e-06
0.96237499999999998,0.001617431640625,0.001629567289665211,-1.2135649040211039e-05
0.96250000000000002,0,3.0137432424185516e-08,-3.0137432424185516e-08
0.96262499999999995,-0.001617431640625,-0.0016278822457242409,1.0450605099240852e-05
0.96274999999999999,-0.003021240234375,-0.0030064600601888191,-1.4780174186180932e-05
0.96287500000000004,-0.003936767578125,-0.0039261811053613316,-1.058647276366842e-05
0.96299999999999997,-0.004241943359375,-0.0042475545746632985,5.6112152882984573e-06
0.96312500000000001,-0.003936767578125,-0.0039222766900354504,-1.4490888089549632e-05
0.96325000000000005,-0.00299072265625,-0.0030004897097904858,9.7670535404857824e-06
0.96337499999999998,-0.001617431640625,-0.001623053631820962,5.6219911959620381e-06
0.96350000000000002,0,-2.1548746179211557e-08,2.1548746179211557e-08
0.96362499999999995,0.001617431640625,0.0016213922562681347,-3.9606156431346799e-06
0.96375,0.00299072265625,0.0029944668337987014,-3.7441775487014051e-06
0.96387500000000004,0.00390625,0.0039105163889282457,-4.2663889282456777e-06
0.96399999999999997,0.004241943359375,0.0042306069568455902,1.1336402529409789e-05
0.96412500000000001,0.00390625,0.0039066275849195097,-3.7758491950971862e-07
0.96425000000000005,0.00299072265625,0.0029885203630682358,2.2022931817642158e-06
0.96437499999999998,0.001617431640625,0.0016165829784111478,8.4866221385223803e-07
0.96450000000000002,0,2.9996434110897682e-08,-2.9996434110897682e-08
0.96462499999999995,-0.001617431640625,-0.0016149111725662741,-2.5204680587258884e-06
0.96475,-0.00299072265625,-0.002982504481908484,-8.2181743415159908e-06
0.96487500000000004,-0.00390625,-0.0038948972034339542,-1.1352796566045827e-05
0.96499999999999997,-0.00421142578125,-0.0042137099912246262,2.2842099746261946e-06
0.96512500000000001,-0.003875732421875,-0.003891023948324079,1.5291526449078951e-05
0.96525000000000005,-0.00299072265625,-0.0029765817953345051,-1.4140860915494869e-05
0.96537499999999998,-0.001617431640625,-0.00161012115333277,-7.3104872922299599e-06
0.96550000000000002,0,-2.140804801351868e-08,2.140804801351868e-08
0.96562499999999996,0.001617431640625,0.0016084729635118295,8.9586771131705371e-06
0.96575,0.002960205078125,0.0029706068857016763,-1.0401807576676265e-05
0.96587500000000004,0.003875732421875,0.0038793573715610388,-3.6249496860388253e-06
0.96599999999999997,0.00421142578125,0.0041968974800363316,1.4528301213668354e-05
0.96612500000000001,0.003875732421875,0.0038754996031783915,2.3281869660852009e-07
0.96625000000000005,0.002960205078125,0.0029647078881534718,-4.5028100284717938e-06
0.96637499999999998,0.001617431640625,0.0016037021257748695,1.3729514850130495e-05
0.96650000000000003,0,2.9856039752790542e-08,-2.9856039752790542e-08
0.96662499999999996,-0.0015869140625,-0.0016020434535047819,1.5129391004781948e-05
0.96675,-0.002960205078125,-0.0029587397822383038,-1.465295886696194e-06
0.96687500000000004,-0.003875732421875,-0.0038638625720908634,-1.1869849784136577e-05
0.96699999999999997,-0.004180908203125,-0.0041801350817028959,-7.7312142210406165e-07
0.96712500000000001,-0.00384521484375,-0.0038600202285145797,1.4805384764579686e-05
0.96725000000000005,-0.002960205078125,-0.0029528643789696963,-7.3406991553037412e-06
0.96737499999999998,-0.0015869140625,-0.0015972917204586242,1.0377657958624215e-05
0.96750000000000003,0,-2.1267955397686311e-08,2.1267955397686311e-08
0.96762499999999996,0.0015869140625,0.0015956566122634201,-8.742549763420069e-06
0.96775,0.002960205078125,0.0029469370542299133,1.3268023895086738e-05
0.96787500000000004,0.00384521484375,0.0038484466296961279,-3.2317859461278645e-06
0.96799999999999997,0.004150390625,0.0041634566006132885,-1.3065975613288545e-05
0.96812500000000001,0.00384521484375,0.0038446196492522072,5.9519449779280725e-07
0.96825000000000006,0.0029296875,0.002941085150868297,-1.1397650868296989e-05
0.96837499999999999,0.0015869140625,0.0015909239074010893,-4.0098449010893267e-06
0.96850000000000003,0,2.9716248677088087e-08,-2.9716248677088087e-08
0.96862499999999996,-0.0015869140625,-0.0015892782650114032,2.3642025114031882e-06
0.96875,-0.0029296875,-0.0029351644402543682,5.4769402543682066e-06
0.96887500000000004,-0.00384521484375,-0.0038330752251404241,-1.2139618609575877e-05
0.96899999999999997,-0.004150390625,-0.0041468276973341406,-3.5629276658594167e-06
0.96912500000000001,-0.003814697265625,-0.0038292635464014417,1.4566280776441738e-05
0.96924999999999994,-0.0029296875,-0.0029293359428086284,-3.5155719137159799e-07
0.96937499999999999,-0.0015869140625,-0.0015845645121375501,-2.3495503624498554e-06
0.96950000000000003,0,-2.1128465717360192e-08,2.1128465717360192e-08
0.96962499999999996,0.0015869140625,0.0015829423822803258,3.971680219674173e-06
0.96975,0.0029296875,0.0029234558245310252,6.2316754689747955e-06
0.96987500000000004,0.003814697265625,0.0038177821850707114,-3.0849194457113933e-06
0.96999999999999997,0.004119873046875,0.0041302821783902972,-1.0409131515297203e-05
0.97012500000000002,0.003814697265625,0.0038139857468548716,7.1151877012844492e-07
0.97024999999999995,0.0029296875,0.0029176506393859668,1.2036860614033154e-05
0.97037499999999999,0.0015869140625,0.0015782475055012312,8.6665569987687784e-06
0.97050000000000003,0,2.9577060183391107e-08,-2.9577060183391107e-08
0.97062499999999996,-0.0015869140625,-0.0015766147901144533,-1.0299272385546699e-05
0.97075,-0.002899169921875,-0.0029117769471475158,1.2607025272515834e-05
0.97087500000000004,-0.003814697265625,-0.0038025331922170113,-1.2164073407988727e-05
0.97099999999999997,-0.004119873046875,-0.0041137857064757538,-6.087340399246223e-06
0.97112500000000002,-0.0037841796875,-0.0037987519335871277,1.4572246087127694e-05
0.97124999999999995,-0.002899169921875,-0.0029059949810583937,6.8250591833936627e-06
0.97137499999999999,-0.0015869140625,-0.0015719387138454998,-1.4975348654500207e-05
0.97150000000000003,0,-2.0989578258511933e-08,2.0989578258511933e-08
0.97162499999999996,0.001556396484375,0.0015703294598574179,-1.3932975482417852e-05
0.97175,0.002899169921875,0.002900161693821659,-9.9177194665903828e-07
0.97187500000000004,0.0037841796875,0.003787362075184817,-3.1823876848169862e-06
0.97199999999999998,0.00408935546875,0.0040973720902342161,-8.0166214842160993e-06
0.97212500000000002,0.0037841796875,0.0037835959354473605,5.8375205263952804e-07
0.97224999999999995,0.002899169921875,0.0028944028539219721,4.7670679530278925e-06
0.97237499999999999,0.001556396484375,0.0015656721088080315,-9.2756244330315357e-06
0.97250000000000003,0,2.9438473544160055e-08,-2.9438473544160055e-08
0.97262499999999996,-0.001556396484375,-0.0015640522183571479,7.6557339821479217e-06
0.97275,-0.002899169921875,-0.0028885758061348217,-1.0594115740178347e-05
0.97287500000000005,-0.0037841796875,-0.0037722345186548996,-1.1945168845100412e-05
0.97299999999999998,-0.00408935546875,-0.0040810069944700825,-8.3484742799174588e-06
0.97312500000000002,-0.003753662109375,-0.0037684834373590153,1.4821327984015312e-05
0.97324999999999995,-0.00286865234375,-0.0028828399999229187,1.4187656172918658e-05
0.97337499999999999,-0.001556396484375,-0.0015594135175502864,3.0170331752864266e-06
0.97350000000000003,0,-2.0851292280212011e-08,2.0851292280212011e-08
0.97362499999999996,0.001556396484375,0.0015578170377680371,-1.4205533930371477e-06
0.97375,0.00286865234375,0.0028770531712926746,-8.4008275426745646e-06
0.97387500000000005,0.003753662109375,0.0037571843531756886,-3.5222438006885654e-06
0.97399999999999998,0.004058837890625,0.0040647242299290441,-5.8863393040441483e-06
0.97412500000000002,0.003753662109375,0.0037534482701122242,2.1383926277580498e-07
0.97424999999999995,0.00286865234375,0.0028713403066460662,-2.6879628960661817e-06
0.97437499999999999,0.001556396484375,0.0015531969125131817,3.1995718618182695e-06
0.97450000000000003,0,2.9300488005192068e-08,-2.9300488005192068e-08
0.97462499999999996,-0.001556396484375,-0.0015515897457387164,-4.8067386362836417e-06
0.97475000000000001,-0.00286865234375,-0.0028655595323584218,-3.0928113915781701e-06
0.97487500000000005,-0.003753662109375,-0.003742177265363876,-1.1484844011123985e-05
0.97499999999999998,-0.004058837890625,-0.0040484894635090798,-1.034842711592019e-05
0.97512500000000002,-0.00372314453125,-0.003738456120563709,1.5311589313709e-05
0.97524999999999995,-0.00286865234375,-0.0028598695175126197,-8.7828262373803104e-06
0.97537499999999999,-0.001556396484375,-0.0015469881216580992,-9.4083627169008147e-06
0.97550000000000003,0,-2.0713607015103868e-08,2.0713607015103868e-08
0.97562499999999996,0.001556396484375,0.0015454043152227112,1.099216915228878e-05
0.97575000000000001,0.00286865234375,0.0028541287780137338,1.452356573626622e-05
0.97587500000000005,0.00372314453125,0.0037272470876932129,-4.1025564432128729e-06
0.97599999999999998,0.0040283203125,0.0040323365080411205,-4.0161955411205374e-06
0.97612500000000002,0.00372314453125,0.0037235408214291213,-3.9629017912134676e-07
0.97624999999999995,0.002838134765625,0.0028484615215816924,-1.0326755956692382e-05
0.97637499999999999,0.00152587890625,0.0015408211182227961,-1.494221197279608e-05
0.97650000000000003,0,2.9163100956063296e-08,-2.9163100956063296e-08
0.97662499999999997,-0.00152587890625,-0.0015392265746647013,1.3347668414701334e-05
0.97675000000000001,-0.002838134765625,-0.0028427266527918369,4.5918871668369256e-06
0.97687500000000005,-0.00372314453125,-0.0037123595087023044,-1.0785022547695616e-05
0.97699999999999998,-0.0040283203125,-0.0040162310325000542,-1.2089279999945822e-05
0.97712500000000002,-0.00372314453125,-0.00370866806148305,-1.4476469766949978e-05
0.97724999999999995,-0.002838134765625,-0.0028370820637416616,-1.0527018833384263e-06
0.97737499999999999,-0.00152587890625,-0.0015346617309622043,8.7828247122042746e-06
0.97750000000000004,0,-2.0576521669872051e-08,2.0576521669872051e-08
0.97762499999999997,0.00152587890625,0.001533090497810973,-7.2115915609729728e-06
0.97775000000000001,0.002838134765625,0.002831387046838647,6.7477187863530103e-06
0.97787500000000005,0.003692626953125,0.0036975483627769965,-4.9214096519965313e-06
0.97799999999999998,0.003997802734375,0.00400020685178542,-2.4041174104200494e-06
0.97812500000000002,0.003692626953125,0.0036938716753506327,-1.244722225632669e-06
0.97824999999999995,0.002838134765625,0.002825765034512867,1.2369731112132996e-05
0.97837499999999999,0.00152587890625,0.0015285439339045692,-2.6650276545691753e-06
0.97850000000000004,0,2.9026315265290791e-08,-2.9026315265290791e-08
0.97862499999999997,-0.00152587890625,-0.0015269619138959132,1.0830076459132296e-06
0.97875000000000001,-0.0028076171875,-0.0028200757061457001,1.2458518645700085e-05
0.97887500000000005,-0.003692626953125,-0.003682779340358276,-9.8476127667239746e-06
0.97899999999999998,-0.003997802734375,-0.0039842296369324709,-1.3573097442529103e-05
0.97912500000000002,-0.003692626953125,-0.0036791173537111367,-1.3509599413863253e-05
0.97924999999999995,-0.0028076171875,-0.0028144761802391585,6.858992739158451e-06
0.979375,-0.00152587890625,-0.0015224335565903794,-3.4453496596206258e-06
0.97950000000000004,0,-2.0440033617504807e-08,2.0440033617504807e-08
0.97962499999999997,0.00152587890625,0.0015208747974522531,5.0041087977469294e-06
0.97975000000000001,0.0028076171875,0.0028088265223127607,-1.209334812760695e-06
0.97987500000000005,0.003662109375,0.0036680862777309512,-5.9769027309511738e-06
0.97999999999999998,0.00396728515625,0.0039683332048928788,-1.0480486428788086e-06
0.98012500000000002,0.003662109375,0.003664438933082566,-2.3295580825659704e-06
0.98024999999999995,0.0028076171875,0.0028032493928904648,4.3677946095352013e-06
0.980375,0.00152587890625,0.0015163645738370856,9.5143324129144322e-06
0.98050000000000004,0,2.8890128256758454e-08,-2.8890128256758454e-08
0.98062499999999997,-0.00152587890625,-0.0015147949784977937,-1.1083927752206279e-05
0.98075000000000001,-0.0028076171875,-0.0027976052427742294,-1.0011944725770577e-05
0.98087500000000005,-0.003662109375,-0.003653434867224629,-8.6745077753709772e-06
0.98099999999999998,-0.00396728515625,-0.0039524832287458353,-1.4801927504164668e-05
0.98112500000000002,-0.003662109375,-0.0036498021060316198,-1.230726896838015e-05
0.98124999999999996,-0.002777099609375,-0.0027920504202545138,1.4950810879513828e-05
0.981375,-0.001495361328125,-0.0015103028159611284,1.494148783612835e-05
0.98150000000000004,0,-2.0304145644957774e-08,2.0304145644957774e-08
0.98162499999999997,0.001495361328125,0.0015087564323454448,-1.3395104220444804e-05
0.98175000000000001,0.002777099609375,0.0027864457605746864,-9.3461511996863721e-06
0.98187500000000005,0.003631591796875,0.0036388589470058566,-7.2671501308565686e-06
0.98199999999999998,0.003936767578125,0.0039367135274787999,5.4050646200107244e-08
0.98212500000000003,0.003631591796875,0.0036352407109582368,-3.6489140832368129e-06
0.98224999999999996,0.002777099609375,0.0027809131557392642,-3.8135463642642413e-06
0.982375,0.001495361328125,0.0015042822585595338,-8.9209304345338244e-06
0.98250000000000004,0,2.8754539074264147e-08,-2.8754539074264147e-08
0.98262499999999997,-0.001495361328125,-0.0015027249897918273,7.3636616668272623e-06
0.98275000000000001,-0.002777099609375,-0.002775313824583714,-1.7857847912860179e-06
0.98287500000000005,-0.003631591796875,-0.0036243242112785111,-7.2675855964888722e-06
0.98299999999999998,-0.00390625,-0.0039209897761986181,1.4739776198618125e-05
0.98312500000000003,-0.003631591796875,-0.0036207204422994328,-1.0871354575567229e-05
0.98324999999999996,-0.002777099609375,-0.0027698033485648241,-7.2962608101759252e-06
0.983375,-0.001495361328125,-0.0014982687327235282,2.9074045985282015e-06
0.98350000000000004,0,-2.0168855061068065e-08,2.0168855061068065e-08
0.98362499999999997,0.001495361328125,0.0014967346269188658,-1.3732987938657772e-06
0.98375000000000001,0.002777099609375,0.0027642433292715866,1.2856280103413446e-05
0.98387500000000006,0.00360107421875,0.0036098645000758795,-8.7902813258795322e-06
0.98399999999999999,0.00390625,0.0039053457959123098,9.0420408769024616e-07
0.98412500000000003,0.00360107421875,0.0036062751403207155,-5.2009215707154825e-06
0.98424999999999996,0.00274658203125,0.0027587548935644707,-1.2172862314470661e-05
0.984375,0.001495361328125,0.0014922962148201885,3.0651133048115089e-06
0.98450000000000004,0,2.8619546837240305e-08,-2.8619546837240305e-08
0.98462499999999997,-0.001495361328125,-0.0014907511752990953,-4.610152825904653e-06
0.98475000000000001,-0.00274658203125,-0.0027532000249354278,6.6179936854277727e-06
0.98487499999999994,-0.00360107421875,-0.0035954455094611786,-5.6287092888213965e-06
0.98499999999999999,-0.003875732421875,-0.0038897472637382203,1.4014841863220322e-05
0.98512500000000003,-0.00360107421875,-0.0035918705013165725,-9.2037174334274989e-06
0.98524999999999996,-0.00274658203125,-0.0027477335413830357,1.1515101330356568e-06
0.985375,-0.001495361328125,-0.0014863305367142678,-9.0307914107322362e-06
0.98550000000000004,0,-2.0034160973252719e-08,2.0034160973252719e-08
0.98562499999999997,0.001495361328125,0.0014848086117822551,1.0552716342744932e-05
0.98575000000000002,0.00274658203125,0.0027422178074623682,4.3642237876318456e-06
0.98587499999999995,0.003570556640625,0.0035811010813188928,-1.0544440693892754e-05
0.98599999999999999,0.003875732421875,0.0038742280026868377,1.5044191881623085e-06
0.98612500000000003,0.003570556640625,0.0035775403674025309,-6.9837267775308548e-06
0.98624999999999996,0.00274658203125,0.002736773188265255,9.8088429847449816e-06
0.986375,0.001495361328125,0.0014804056755334837,1.4955652591516289e-05
0.98650000000000004,0,2.8485150641196667e-08,-2.8485150641196667e-08
0.98662499999999997,-0.00146484375,-0.0014788727687007743,1.4029018700774257e-05
0.98675000000000002,-0.002716064453125,-0.0027312624285619177,1.519797543691765e-05
0.98687499999999995,-0.003570556640625,-0.0035667969135587691,-3.7597270662308863e-06
0.98699999999999999,-0.00384521484375,-0.0038587536918719824,1.3538848121982371e-05
0.98712500000000003,-0.003570556640625,-0.003563250436715753,-7.3062039092470187e-06
0.98724999999999996,-0.002716064453125,-0.0027258395862655802,9.7751331405802194e-06
0.987375,-0.00146484375,-0.0014744874639066759,9.6437139066758975e-06
0.98750000000000004,0,-1.9900062465225246e-08,1.9900062465225246e-08
0.98762499999999998,0.00146484375,0.0014729776236709984,-8.1338736709984059e-06
0.98775000000000002,0.002716064453125,0.0027203677855280307,-4.303332403030654e-06
0.98787499999999995,0.0035400390625,0.0035525668499004032,-1.252778740040315e-05
0.98799999999999999,0.00384521484375,0.0038433581562916461,1.8566874583538645e-06
0.98812500000000003,0.0035400390625,0.0035490345532070392,-8.9954907070391617e-06
0.98824999999999996,0.002716064453125,0.0027149666330364406,1.0978200885593779e-06
0.988375,0.00146484375,0.0014686098797210573,-3.7661297210573458e-06
0.98850000000000005,0,2.8351349558157386e-08,-2.8351349558157386e-08
0.98862499999999998,-0.00146484375,-0.0014670890097824548,2.245259782454774e-06
0.98875000000000002,-0.002716064453125,-0.0027094996314713515,-6.5648216536484671e-06
0.98887499999999995,-0.0035400390625,-0.0035383765900846853,-1.6624724153146975e-06
0.98899999999999999,-0.003814697265625,-0.0038280070770392188,1.3309811414218779e-05
0.98912500000000003,-0.0035400390625,-0.0035348584168415445,-5.1806456584555481e-06
0.98924999999999996,-0.002716064453125,-0.0027041200820269481,-1.1944371098051871e-05
0.989375,-0.00146484375,-0.001462738756361824,-2.1049936381760306e-06
0.98950000000000005,0,-1.9766558597430128e-08,1.9766558597430128e-08
0.98962499999999998,0.00146484375,0.0014612409054070984,3.602844592901595e-06
0.98975000000000002,0.002685546875,0.0026986918650814509,-1.3144990081450942e-05
0.98987499999999995,0.003509521484375,0.0035242599796517027,-1.4738495276702714e-05
0.98999999999999999,0.003814697265625,0.0038127342810843662,1.9629845406337991e-06
0.99012500000000003,0.003509521484375,0.0035207558733907226,-1.123438901572257e-05
0.99024999999999996,0.002685546875,0.0026933338322835229,-7.786957283522928e-06
0.99037500000000001,0.00146484375,0.0014569080724696356,7.9356775303644246e-06
0.99050000000000005,0,2.8218140906727975e-08,-2.8218140906727975e-08
0.99062499999999998,-0.00146484375,-0.0014553991443871498,-9.4446056128501786e-06
0.99075000000000002,-0.002685546875,-0.0026879102408589404,2.3633658589403833e-06
0.99087499999999995,-0.003509521484375,-0.0035101827201595697,6.6123578456971088e-07
0.99099999999999999,-0.0037841796875,-0.0037975054514842732,1.3325763984273209e-05
0.99112500000000003,-0.003509521484375,-0.0035066926246331521,-2.8288597418478847e-06
0.99124999999999996,-0.002685546875,-0.0026825736386425453,-2.97323635745474e-06
0.99137500000000001,-0.00146484375,-0.0014510836621800195,-1.3760087819980485e-05
0.99150000000000005,0,-1.9633648407471753e-08,1.9633648407471753e-08
0.99162499999999998,0.001434326171875,0.0014495977058441543,-1.5271533969154344e-05
0.99175000000000002,0.002685546875,0.0026771886588791058,8.3582161208941609e-06
0.99187499999999995,0.003509521484375,0.0034961786589556942,1.3342825419305777e-05
0.99199999999999999,0.0037841796875,0.0037823544171645658,1.8252703354341634e-06
0.99212500000000003,0.00347900390625,0.0034927025181457766,-1.3698611895776591e-05
0.99224999999999997,0.002685546875,0.0026718734015320836,1.3673473467916419e-05
0.99237500000000001,0.001434326171875,0.0014452995048810742,-1.0973333006074164e-05
0.99250000000000005,0,2.8085527187768072e-08,-2.8085527187768072e-08
0.99262499999999998,-0.001434326171875,-0.0014438024243670303,9.4762524920303376e-06
0.99275000000000002,-0.002655029296875,-0.0026664928750177951,1.1463578142795108e-05
0.99287499999999995,-0.00347900390625,-0.0034822134993989277,3.2095931489276551e-06
0.99299999999999999,-0.003753662109375,-0.0037672468631305828,1.3584753755582768e-05
0.99312500000000004,-0.00347900390625,-0.0034787512575081246,-2.5264874187538866e-07
0.99324999999999997,-0.002655029296875,-0.002661198877164725,6.1695802897250053e-06
0.99337500000000001,-0.001434326171875,-0.0014395214354511025,5.1952635761025063e-06
0.99350000000000005,0,-1.9501329200813436e-08,1.9501329200813436e-08
0.99362499999999998,0.001434326171875,0.0014380472798209362,-3.7211079459361935e-06
0.99375000000000002,0.002655029296875,0.0026558567907274057,-8.2749385240570364e-07
0.99387499999999995,0.00347900390625,0.0034683210906302714,1.0682815619728579e-05
0.99399999999999999,0.003753662109375,0.0037522166202483167,1.4454891266832588e-06
0.99412500000000004,0.00347900390625,0.0034648726920869254,1.4131214163074553e-05
0.99424999999999997,0.002655029296875,0.0026505839673391816,4.4453295358183945e-06
0.99437500000000001,0.001434326171875,0.0014337834340244283,5.4273785057173431e-07
0.99450000000000005,0,2.7953505661151568e-08,-2.7953505661151568e-08
0.99462499999999998,-0.001434326171875,-0.0014322981075355404,-2.0280643394595971e-06
0.99475000000000002,-0.002655029296875,-0.0026452461632517038,-9.7831336232962092e-06
0.99487499999999995,-0.003448486328125,-0.0034544671377949587,5.980809669958731e-06
0.995,-0.00372314453125,-0.003737229375455741,1.4084844205741048e-05
0.99512500000000004,-0.003448486328125,-0.0034510325272463435,2.5461991213435176e-06
0.99524999999999997,-0.002655029296875,-0.0026399944296332848,-1.5034867241715214e-05
0.99537500000000001,-0.001434326171875,-0.0014280513362130466,-6.2748356619533874e-06
0.99550000000000005,0,-1.936960340371731e-08,1.936960340371731e-08
0.99562499999999998,0.001434326171875,0.0014265888881136919,7.7372837613081356e-06
0.99575000000000002,0.00262451171875,0.0026346948954019578,-1.0183176651957799e-05
0.99587499999999995,0.003448486328125,0.0034406854918132977,7.8008363117022632e-06
0.996,0.00372314453125,0.0037223189615437618,8.255697062382189e-07
0.99612500000000004,0.003448486328125,0.003437264614132551,1.1221713992448992e-05
0.99624999999999997,0.00262451171875,0.0026294641672054654,-4.9524484554653789e-06
0.99637500000000001,0.001434326171875,0.0014223591228868407,1.196704898815933e-05
0.99650000000000005,0,2.7822075309224445e-08,-2.7822075309224445e-08
0.99662499999999998,-0.001434326171875,-0.0014208854576214628,-1.3440714253537154e-05
0.99675000000000002,-0.00262451171875,-0.0026241687457825816,-3.4297296741840275e-07
0.99687499999999996,-0.00341796875,-0.0034269418596026727,8.9731096026726513e-06
0.997,-0.003692626953125,-0.0037074510673675747,1.4824114242574689e-05
0.99712500000000004,-0.00341796875,-0.0034235346598781749,5.5659098781748843e-06
0.99724999999999997,-0.00262451171875,-0.0026189589389879219,-5.5527797620780715e-06
0.99737500000000001,-0.00140380859375,-0.0014166726303950802,1.2864036645080217e-05
0.99750000000000005,0,-1.9238468264331895e-08,1.9238468264331895e-08
0.99762499999999998,0.00140380859375,0.0014152217973888359,-1.1413203638835877e-05
0.99775000000000003,0.00262451171875,0.0026137016185552942,1.0810100194705817e-05
0.99787499999999996,0.00341796875,0.0034132700938485105,4.6986561514895074e-06
0.998,0.003692626953125,0.0036926595276276677,-3.2574502667730848e-08
0.99812500000000004,0.00341796875,0.0034098765173933565,8.0922326066434902e-06
0.99824999999999997,0.002593994140625,0.0026085126494867789,-1.4518508861778925e-05
0.99837500000000001,0.00140380859375,0.0014110258403326403,-7.2172465826402746e-06
0.99850000000000005,0,2.7691235092952246e-08,-2.7691235092952246e-08
0.99862499999999998,-0.00140380859375,-0.0014095637442155414,5.7551504655413682e-06
0.99875000000000003,-0.002593994140625,-0.0026032592736706995,9.2651330456995119e-06
0.99887499999999996,-0.003387451171875,-0.0033996359032262354,1.2184731351235368e-05
0.999,-0.003692626953125,-0.0036779100330811875,-1.4716920043812524e-05
0.99912500000000004,-0.003387451171875,-0.0033962558955670332,8.8047236920332263e-06
0.99924999999999997,-0.002593994140625,-0.0025980910589813748,4.096918356374761e-06
0.99937500000000001,-0.00140380859375,-0.001405384589777067,1.5759960270670011e-06
0.99950000000000006,0,-1.9107922733085674e-08,1.9107922733085674e-08
0.99962499999999999,0.00140380859375,0.0014039452801575608,-1.3668640756075469e-07
0.99975000000000003,0.002593994140625,0.0025928756166314145,1.11852399358554e-06
0.99987499999999996,0.003387451171875,0.003386073142172966,1.378029702034031e-06
1,0.003662109375,0.0036632364203229781,-1.1270453229780819e-06
1.0001249999999999,0.003387451171875,0.0033827066490586173,4.7445228163827367e-06
1.0002500000000001,0.002593994140625,0.00258772807331124,6.266067313760032e-06
1.000375,0.00140380859375,0.0013997828610471353,4.0257327028646924e-06
1.0004999999999999,0,2.7560983952325395e-08,-2.7560983952325395e-08
1.0006250000000001,-0.00140380859375,-0.001398332242734668,-5.4763510153319536e-06
1.00075,-0.002593994140625,-0.0025825164087235077,-1.1477731901492292e-05
1.000875,-0.003387451171875,-0.0033725475211062389,-1.4903650768761066e-05
1.0009999999999999,-0.003662109375,-0.003648604381996988,-1.3504993003011969e-05
1.001125,-0.00335693359375,-0.0033691944884993671,1.2260894749367094e-05
1.00125,-0.0025634765625,-0.0025773894540921031,1.3912891592103138e-05
1.0013749999999999,-0.00140380859375,-0.0013941864919413062,-9.622101808693783e-06
1.0015000000000001,0,-1.8977965739632808e-08,1.8977965739632808e-08
1.001625,0.00140380859375,0.0013927586147230984,1.1049979026901604e-05
1.0017499999999999,0.0025634765625,0.0025722155567798081,-8.7389942798081141e-06
1.0018750000000001,0.00335693359375,0.0033590928962028165,-2.1593024528165396e-06
1.002,0.003631591796875,0.0036340477565773243,-2.4559597023242861e-06
1.0021249999999999,0.00335693359375,0.0033557532702840134,1.1803234659865658e-06
1.0022500000000001,0.0025634765625,0.002567109108490998,-3.6325459909980137e-06
1.002375,0.00140380859375,0.0013886294654964859,1.5179128253514076e-05
1.0024999999999999,0,2.7431319157489589e-08,-2.7431319157489589e-08
1.0026250000000001,-0.001373291015625,-0.001387190234364606,1.3899218739606015e-05
1.00275,-0.0025634765625,-0.0025619388234112092,-1.5377390887908425e-06
1.002875,-0.00335693359375,-0.0033456749796084823,-1.125861414151769e-05
1.0029999999999999,-0.003631591796875,-0.0036195322385797015,-1.2059558295298475e-05
1.003125,-0.00335693359375,-0.0033423487067722607,-1.4584886977739298e-05
1.00325,-0.0025634765625,-0.0025568527994435084,-6.6237630564915627e-06
1.0033749999999999,-0.001373291015625,-0.0013830776202263023,9.7866046013023091e-06
1.0035000000000001,0,-1.8848596193250732e-08,1.8848596193250732e-08
1.003625,0.001373291015625,0.0013816610851438177,-8.3700695188177344e-06
1.0037499999999999,0.0025634765625,0.0025517201167701473,1.1756445729852686e-05
1.0038750000000001,0.003326416015625,0.0033323276292232368,-5.9116135982368277e-06
1.004,0.00360107421875,0.0036050916683425189,-4.0174495925188528e-06
1.0041249999999999,0.003326416015625,0.0033290146560797096,-2.5986404547095887e-06
1.0042500000000001,0.002532958984375,0.0025466544354336238,-1.3695451058623812e-05
1.004375,0.001373291015625,0.0013775649398800737,-4.2739242550736845e-06
1.0044999999999999,0,2.7302242919361769e-08,-2.7302242919361769e-08
1.0046250000000001,-0.001373291015625,-0.0013761370060186968,2.8459903936967589e-06
1.00475,-0.002532958984375,-0.0025415252007817885,8.5662164067885384e-06
1.004875,-0.003326416015625,-0.003319016558910497,-7.3994567145029694e-06
1.0049999999999999,-0.00360107421875,-0.0035906917422383338,-1.0382476511666249e-05
1.005125,-0.003326416015625,-0.0033157168322826124,-1.0699183342387578e-05
1.00525,-0.002532958984375,-0.00253647978071208,3.5207963370799573e-06
1.0053749999999999,-0.001373291015625,-0.0013720572636808964,-1.2337519441035609e-06
1.0055000000000001,0,-1.8719812983232915e-08,1.8719812983232915e-08
1.005625,0.001373291015625,0.0013706519811811993,2.639034443800703e-06
1.0057499999999999,0.002532958984375,0.0025313879849088181,1.5709994661819091e-06
1.0058750000000001,0.0032958984375,0.0033057756282797624,-9.8771907797623633e-06
1.006,0.003570556640625,0.0035763663024549895,-5.8096618299895326e-06
1.0061249999999999,0.0032958984375,0.0033024890952024766,-6.5906577024765767e-06
1.0062500000000001,0.002532958984375,0.0025263627450658422,6.5962393091577656e-06
1.006375,0.001373291015625,0.0013665885760848248,6.7024395401752302e-06
1.0065,0,2.7173752454872289e-08,-2.7173752454872289e-08
1.0066250000000001,-0.001373291015625,-0.0013651718502952239,-8.1191653297761363e-06
1.00675,-0.002532958984375,-0.0025212742343767415,-1.1684749998258463e-05
1.006875,-0.0032958984375,-0.0032925705528952741,-3.3278846047258594e-06
1.0069999999999999,-0.003570556640625,-0.0035620810472070962,-8.4755934179037672e-06
1.007125,-0.0032958984375,-0.003289297160616547,-6.6012768834529736e-06
1.00725,-0.00250244140625,-0.0025162690940480031,1.3827687798003124e-05
1.0073749999999999,-0.001373291015625,-0.0013611247170172763,-1.2166298607723704e-05
1.0075000000000001,0,-1.8591613362664132e-08,1.8591613362664132e-08
1.007625,0.001373291015625,0.0013597305982559385,1.3560417369061538e-05
1.0077499999999999,0.00250244140625,0.0025112178599503562,-8.7764537003562001e-06
1.0078750000000001,0.003265380859375,0.003279435194064284,-1.4054334689283989e-05
1.008,0.0035400390625,0.0035478698205171936,-7.8307580171936217e-06
1.0081249999999999,0.003265380859375,0.0032761748900423881,-1.0794030667388068e-05
1.0082500000000001,0.00250244140625,0.002506232738741595,-3.791332491594971e-06
1.008375,0.0013427734375,0.0013556996716398895,-1.2926234139889461e-05
1.0085,0,2.7045846624064071e-08,-2.7045846624064071e-08
1.0086250000000001,-0.0013427734375,-0.0013542940654275542,1.1520627927554244e-05
1.00875,-0.00250244140625,-0.0025011846281485905,-1.2567781014095197e-06
1.008875,-0.003265380859375,-0.0032663352690395406,9.5440966454063067e-07
1.0089999999999999,-0.0035400390625,-0.0035336983224272724,-6.3407400727275715e-06
1.009125,-0.003265380859375,-0.0032630880009428217,-2.2928584321782984e-06
1.00925,-0.00250244140625,-0.0024962194459905275,-6.221960259472463e-06
1.0093749999999999,-0.0013427734375,-0.0013502792805718214,7.5058430718214376e-06
1.0095000000000001,0,-1.8463999428134129e-08,1.8463999428134129e-08
1.009625,0.0013427734375,0.0013488962374028494,-6.1227999028493681e-06
1.0097499999999999,0.00250244140625,0.0024912084510211093,1.1232955228890687e-05
1.0098750000000001,0.003265380859375,0.0032533046408106609,1.2076218564339124e-05
1.01,0.003509521484375,0.0035196003987799517,-1.0078914404951667e-05
1.0101249999999999,0.00323486328125,0.0032500703565167075,-1.5207075266707518e-05
1.0102500000000001,0.002471923828125,0.0024862631281635781,-1.4339300038578116e-05
1.010375,0.0013427734375,0.0013448975296702097,-2.1240921702096651e-06
1.0105,0,2.6918524267956108e-08,-2.6918524267956108e-08
1.0106250000000001,-0.0013427734375,-0.0013435029552407657,7.2951774076571857e-07
1.01075,-0.002471923828125,-0.002481255096373384,9.3312682483840184e-06
1.010875,-0.00323486328125,-0.0032403090283060747,5.4457470560747429e-06
1.0109999999999999,-0.003509521484375,-0.0035055417514300389,-3.9797329449611091e-06
1.0111250000000001,-0.00323486328125,-0.0032370876759008774,2.2243946508774051e-06
1.01125,-0.002471923828125,-0.0024763295533851903,4.405725260190306e-06
1.0113749999999999,-0.0013427734375,-0.0013395202602513314,-3.2531772486685869e-06
1.0115000000000001,0,-1.8336968381694821e-08,1.8336968381694821e-08
1.011625,0.0013427734375,0.0013381482052261338,4.6252322738662283e-06
1.0117499999999999,0.002471923828125,0.002471358477531983,5.6535059301697152e-07
1.0118750000000001,0.00323486328125,0.0032273822961843492,7.4809850656508241e-06
1.012,0.00347900390625,0.0034915562280257335,-1.2552321775733538e-05
1.0121249999999999,0.00323486328125,0.003224173823961474,1.068945728852598e-05
1.0122500000000001,0.002471923828125,0.0024664526352996341,5.4711928253658657e-06
1.012375,0.0013427734375,0.0013341814588578354,8.5919786421645526e-06
1.0125,0,2.6791784208919075e-08,-2.6791784208919075e-08
1.0126250000000001,-0.0013427734375,-0.0013327978291070883,-9.9756083929117452e-06
1.01275,-0.002471923828125,-0.0024614843635752583,-1.0439464549741664e-05
1.012875,-0.003204345703125,-0.0032144901650362468,1.014446191124679e-05
1.0129999999999999,-0.00347900390625,-0.0034776095322202119,-1.3943740297880924e-06
1.0131250000000001,-0.003204345703125,-0.0032112945214959913,6.9488183709913096e-06
1.01325,-0.00244140625,-0.0024565981433016903,1.5191893301690334e-05
1.0133749999999999,-0.0013427734375,-0.001328846967494614,-1.3926470005385999e-05
1.0135000000000001,0,-1.8210519036532844e-08,1.8210519036532844e-08
1.013625,0.001312255859375,0.0013274858138564568,-1.522995448145683e-05
1.0137499999999999,0.00244140625,0.0024516666690976479,-1.0260419097647862e-05
1.0138750000000001,0.003204345703125,0.0032016665011759863,2.6792019490137244e-06
1.014,0.003448486328125,0.0034637355134528682,-1.5249185327868234e-05
1.0141249999999999,0.003204345703125,0.0031984836350245757,5.8620681004243128e-06
1.0142500000000001,0.00244140625,0.0024467999923009592,-5.3937423009592193e-06
1.014375,0.001312255859375,0.0013235507733887909,-1.1294914013790886e-05
1.0145,0,2.6665625251045986e-08,-2.6665625251045986e-08
1.0146250000000001,-0.001312255859375,-0.0013221780019017054,9.9221425267053808e-06
1.01475,-0.00244140625,-0.0024418711644402366,4.6491444023657319e-07
1.014875,-0.003173828125,-0.0031888770268440171,1.5048901844017144e-05
1.0149999999999999,-0.003448486328125,-0.0034498998771609209,1.4135490359209156e-06
1.0151250000000001,-0.003173828125,-0.0031857068869921524,1.1878761992152424e-05
1.01525,-0.00244140625,-0.0024370239529513216,-4.382297048678447e-06
1.0153749999999999,-0.001312255859375,-0.0013182587192269114,6.0028598519114209e-06
1.0155000000000001,0,-1.8084650187740823e-08,1.8084650187740823e-08
1.015625,0.001312255859375,0.0013169083809010879,-4.6525215260878952e-06
1.0157499999999999,0.00244140625,0.0024321317654552319,9.2744845447681121e-06
1.0158750000000001,0.003173828125,0.003176155609995221,-2.327484995220952e-06
1.016,0.003448486328125,0.0034361364745606809,1.2349853564319092e-05
1.0161249999999999,0.003173828125,0.0031729981455596882,8.2997944031177467e-07
1.0162500000000001,0.00244140625,0.002427303941420956,1.4102308579044039e-05
1.016375,0.001312255859375,0.0013130047929151216,-7.4893354012157617e-07
1.0165,0,2.6540044621068332e-08,-2.6540044621068332e-08
1.0166249999999999,-0.001312255859375,-0.0013116427939574664,-6.1306541753358874e-07
1.01675,-0.002410888671875,-0.0024224142437363934,1.1525571861393386e-05
1.016875,-0.003173828125,-0.0031634679745077836,-1.0360150492216402e-05
1.0169999999999999,-0.00341796875,-0.0034224110128591957,4.4422628591956823e-06
1.0171250000000001,-0.003173828125,-0.0031603231348064178,-1.3504990193582197e-05
1.01725,-0.002410888671875,-0.0024176057296105931,6.7170577355930502e-06
1.0173749999999999,-0.001312255859375,-0.0013077548378161866,-4.5010215588133992e-06
1.0175000000000001,0,-1.7959360612681077e-08,1.7959360612681077e-08
1.017625,0.001312255859375,0.0013064152294090042,5.8406299659958302e-06
1.0177499999999999,0.002410888671875,0.0024127525163836704,-1.8638445086704113e-06
1.0178750000000001,0.003143310546875,0.0031508479899659738,-7.5374430909738027e-06
1.018,0.00341796875,0.0034087573450355393,9.2114049644606913e-06
1.0181249999999999,0.003143310546875,0.0031477157245204555,-4.4051776454554978e-06
1.0182500000000001,0.002410888671875,0.0024079632349336489,2.9254369413511325e-06
1.018375,0.001312255859375,0.0013025428425098666,9.7130168651333743e-06
1.0185,0,2.6415044218943177e-08,-2.6415044218943177e-08
1.0186249999999999,-0.001312255859375,-0.001301191531027156,-1.1064328347844005e-05
1.01875,-0.002410888671875,-0.002403112356233519,-7.7763156414809714e-06
1.018875,-0.003143310546875,-0.0031382613818690878,-5.0491650059121714e-06
1.0189999999999999,-0.003387451171875,-0.0033951411800524798,7.6900081774798276e-06
1.0191250000000001,-0.003143310546875,-0.003135141640404104,-8.1689064708959785e-06
1.01925,-0.002410888671875,-0.0023983422305343819,-1.2546441340618129e-05
1.0193749999999999,-0.001312255859375,-0.001297334651029756,-1.492120834524404e-05
1.0195000000000001,0,-1.7834647530496037e-08,1.7834647530496037e-08
1.019625,0.00128173828125,0.001296005687821702,-1.4267406571701969e-05
1.0197499999999999,0.00238037109375,0.0023935276816247778,-1.3156587874777782e-05
1.0198750000000001,0.00311279296875,0.0031257420214195765,-1.2949052669576546e-05
1.02,0.003387451171875,0.0033815963726378118,5.8547992371881658e-06
1.0201249999999999,0.00311279296875,0.0031226347538584795,-9.841785108479547e-06
1.0202500000000001,0.00238037109375,0.0023887766350582196,-8.40554130821956e-06
1.020375,0.00128173828125,0.0012921642526238621,-1.0425971373862093e-05
1.0205,0,2.6290621224133651e-08,-2.6290621224133651e-08
1.0206249999999999,-0.00128173828125,-0.0012908235442316755,9.0852629816755379e-06
1.02075,-0.00238037109375,-0.0023839642666234283,3.5931728734283318e-06
1.020875,-0.00311279296875,-0.0031132556357261216,4.626669761215868e-07
1.0209999999999999,-0.00335693359375,-0.0033680886334960377,1.115503974603773e-05
1.0211250000000001,-0.00311279296875,-0.0031101607921942423,-2.632176555757669e-06
1.02125,-0.00238037109375,-0.0023792322228808538,-1.1388708691462482e-06
1.0213749999999999,-0.00128173828125,-0.0012869974919898527,5.2592107398527314e-06
1.0215000000000001,0,-1.7710512778134777e-08,1.7710512778134777e-08
1.021625,0.00128173828125,0.0012856790899316844,-3.9408086816843536e-06
1.0217499999999999,0.00238037109375,0.0023744560307995084,5.9150629504916077e-06
1.0218750000000001,0.00311279296875,0.0031008360975946832,1.1956871155316753e-05
1.022,0.00335693359375,0.0033546518190897272,2.2817746602728055e-06
1.022125,0.00311279296875,0.0030977536284161958,1.5039340333804219e-05
1.0222500000000001,0.00238037109375,0.0023697429138731948,1.0628179876805231e-05
1.022375,0.00128173828125,0.0012818683590428937,-1.3007779289374993e-07
1.0225,0,2.6166774371237116e-08,-2.6166774371237116e-08
1.0226249999999999,-0.00128173828125,-0.0012805381700244293,-1.2001112255706665e-06
1.02275,-0.002349853515625,-0.0023649687494419775,1.5115233816977505e-05
1.022875,-0.003082275390625,-0.003088449135731094,6.1737451060939544e-06
1.0229999999999999,-0.003326416015625,-0.0033412516418512479,1.4835626226247876e-05
1.0231250000000001,-0.003082275390625,-0.0030853789914287782,3.1036008037782156e-06
1.02325,-0.002349853515625,-0.0023602744836314533,1.0420968006453341e-05
1.0233749999999999,-0.00128173828125,-0.001276742699136611,-4.9955821133890015e-06
1.0235000000000001,0,-1.7586953528680715e-08,1.7586953528680715e-08
1.023625,0.00128173828125,0.0012754347748398275,6.3035064101725144e-06
1.0237499999999999,0.002349853515625,0.0023555363433357701,-5.6828277107700588e-06
1.0238750000000001,0.003082275390625,0.003076128624532052,6.1467660929480361e-06
1.024,0.003326416015625,0.0033279219599641279,-1.505944339127898e-06
1.024125,0.003082275390625,0.0030730707558265309,9.2046347984690684e-06
1.0242500000000001,0.002349853515625,0.0023508608532422618,-1.0073376172617561e-06
1.024375,0.00128173828125,0.0012716545028437919,1.0083778406208121e-05
1.0245,0,2.6043502378357334e-08,-2.6043502378357334e-08
1.0246249999999999,-0.00128173828125,-0.0012703347501417728,-1.1403531108227167e-05
1.02475,-0.002349853515625,-0.0023461245889863222,-3.7289266386778333e-06
1.024875,-0.0030517578125,-0.0030638402942878081,1.2082481787808064e-05
1.0249999999999999,-0.003326416015625,-0.0033146284875748204,-1.1787528050179619e-05
1.0251250000000001,-0.0030517578125,-0.0030607946520967311,9.0368395967311416e-06
1.02525,-0.002349853515625,-0.0023414677995126274,-8.3857161123726022e-06
1.0253749999999999,-0.00128173828125,-0.0012665696161772177,-1.5168665072782302e-05
1.0255000000000001,0,-1.7463968492120537e-08,1.7463968492120537e-08
1.025625,0.001251220703125,0.0012652720869144713,-1.4051383789471291e-05
1.0257499999999999,0.002349853515625,0.0023367674083859301,1.3086107239069882e-05
1.0258750000000001,0.0030517578125,0.0030516180209731276,1.3979152687238622e-07
1.026,0.0032958984375,0.0033014050845741037,-5.5066470741036745e-06
1.026125,0.0030517578125,0.0030485845564103974,3.1732560896026267e-06
1.0262500000000001,0.0023193359375,0.0023321292447352131,-1.2793307235213058e-05
1.026375,0.001251220703125,0.0012615220303578535,-1.0301327232853548e-05
1.0265,0,2.5920803947447619e-08,-2.5920803947447619e-08
1.0266249999999999,-0.001251220703125,-0.0012602126315693538,8.9919284443538104e-06
1.0267500000000001,-0.0023193359375,-0.0023274305792435912,8.0946417435911501e-06
1.026875,-0.0030517578125,-0.0030394275364500592,-1.2330276049940785e-05
1.0269999999999999,-0.0032958984375,-0.0032882174668088593,-7.6809706911406747e-06
1.0271250000000001,-0.003021240234375,-0.0030364062008250373,1.516596645003733e-05
1.02725,-0.0023193359375,-0.0023228109669171213,3.4750294171212621e-06
1.0273749999999999,-0.001251220703125,-0.0012564775920495934,5.2568889245933632e-06
1.0275000000000001,0,-1.7341556362460415e-08,1.7341556362460415e-08
1.027625,0.001251220703125,0.0012551903757438883,-3.9696726188882554e-06
1.0277499999999999,0.0023193359375,0.0023181480247504212,1.1879127495787595e-06
1.0278750000000001,0.003021240234375,0.0030273027182588516,-6.0624838838516451e-06
1.028,0.003265380859375,0.0032750994958635105,-9.7186364885104744e-06
1.028125,0.003021240234375,0.0030242934630755917,-3.0532287005917078e-06
1.0282500000000001,0.0023193359375,0.002313546889550603,5.7890479493970248e-06
1.028375,0.001251220703125,0.0012514702931206026,-2.4958999560262957e-07
1.0285,0,2.5798677764649578e-08,-2.5798677764649578e-08
1.0286249999999999,-0.001251220703125,-0.0012501711664946622,-1.049536630337751e-06
1.0287500000000001,-0.0023193359375,-0.0023088855238093805,-1.0450413690619477e-05
1.028875,-0.003021240234375,-0.0030152092998213995,-6.0309345536004901e-06
1.0289999999999999,-0.003265380859375,-0.0032620168892718224,-3.363970103177627e-06
1.0291250000000001,-0.003021240234375,-0.0030122120767772805,-9.0281575977194974e-06
1.02925,-0.0023193359375,-0.0023043027918311812,-1.5033145668818821e-05
1.0293749999999999,-0.001251220703125,-0.001246465980879304,-4.7547222456960185e-06
1.0295000000000001,0,-1.7219715818062574e-08,1.7219715818062574e-08
1.029625,0.001251220703125,0.0012451889961030312,6.0317070219688407e-06
1.0297499999999999,0.002288818359375,0.0022996770008008567,-1.0858641425856748e-05
1.0298750000000001,0.00299072265625,0.0030031811602292623,-1.2458503979262316e-05
1.03,0.00323486328125,0.0032490035102983633,-1.4140229048363335e-05
1.030125,0.00299072265625,0.0030001959212165035,-9.4732649665034592e-06
1.0302500000000001,0.002288818359375,0.0022951125984379847,-6.2942390629846905e-06
1.030375,0.001251220703125,0.0012414986478359051,9.7220552890949028e-06
1.0305,0,2.5677121026105729e-08,-2.5677121026105729e-08
1.0306249999999999,-0.001251220703125,-0.0012402097122669879,-1.1010990858012059e-05
1.0307500000000001,-0.002288818359375,-0.0022904882358122619,1.6698764372618906e-06
1.030875,-0.00299072265625,-0.0029911840344528798,4.6137820287981551e-07
1.0309999999999999,-0.00323486328125,-0.003236025078150343,1.1617969003429804e-06
1.0311250000000001,-0.00299072265625,-0.0029882107315537861,-2.5119246962138769e-06
1.03125,-0.002288818359375,-0.0022859420897517802,-2.8762696232197647e-06
1.0313749999999999,-0.001251220703125,-0.0012365341419382225,-1.4686561186777469e-05
1.0315000000000001,0,-1.7098445521977504e-08,1.7098445521977504e-08
1.031625,0.001220703125,0.0012352673079066439,-1.4564182906643937e-05
1.0317499999999999,0.002288818359375,0.0022813531544037774,7.4652049712226227e-06
1.0318750000000001,0.00299072265625,0.0029792518031244606,1.1470853125539367e-05
1.032,0.00323486328125,0.0032231154577590905,1.1747823490909463e-05
1.032125,0.00299072265625,0.0029762903886140636,1.4432267635936403e-05
1.0322499999999999,0.002288818359375,0.0022768251916280495,1.1993167746950518e-05
1.032375,0.001220703125,0.0012316064563333918,-1.0903331333391754e-05
1.0325,0,2.5556135348125834e-08,-2.5556135348125834e-08
1.0326249999999999,-0.001220703125,-0.0012303276313562891,9.6245063562891073e-06
1.0327500000000001,-0.00225830078125,-0.0022722375378378293,1.3936756587829262e-05
1.032875,-0.002960205078125,-0.0029673502027472683,7.1451246222683021e-06
1.0329999999999999,-0.003204345703125,-0.0032102403699919213,5.8946668669212707e-06
1.0331250000000001,-0.002960205078125,-0.002964400629092534,4.1955509675339897e-06
1.03325,-0.00225830078125,-0.0022677276856150593,9.4269043650592813e-06
1.0333749999999999,-0.001220703125,-0.0012266814396021798,5.978314602179827e-06
1.0335000000000001,0,-1.6977742665338383e-08,1.6977742665338383e-08
1.033625,0.001220703125,0.0012254246761697011,-4.7215511697010909e-06
1.0337499999999999,0.00225830078125,0.0022631753128460174,-4.8745315960174035e-06
1.0338750000000001,0.002960205078125,0.0029555131154835701,4.6919626414299205e-06
1.034,0.003204345703125,0.0031974336814336456,6.912021691354419e-06
1.034125,0.002960205078125,0.0029525753353392874,7.6297427857125941e-06
1.0342499999999999,0.00225830078125,0.0022586834987425399,-3.8271749253993362e-07
1.034375,0.001220703125,0.0012217930855276163,-1.089960527616337e-06
1.0345,0,2.5435717885041098e-08,-2.5435717885041098e-08
1.0346249999999999,-0.001220703125,-0.001220524291312393,-1.7883368760699715e-07
1.0347500000000001,-0.00225830078125,-0.0022541322618533383,-4.1685193966616713e-06
1.034875,-0.0029296875,-0.0029437062793583628,1.4018779358362758e-05
1.0349999999999999,-0.003173828125,-0.0031846611145984554,1.083298959845538e-05
1.0351250000000001,-0.0029296875,-0.0029407802455702929,1.1092745570292877e-05
1.03525,-0.00225830078125,-0.0022496584137200576,-8.6423675299423554e-06
1.0353749999999999,-0.001220703125,-0.0012169072433156824,-3.7958816843175827e-06
1.0355000000000001,0,-1.6857608807027553e-08,1.6857608807027553e-08
1.035625,0.001220703125,0.0012156604709667633,5.042654033236664e-06
1.0357499999999999,0.00225830078125,0.002245142312755534,1.3158468494465971e-05
1.0358750000000001,0.0029296875,0.002931963578050097,-2.2760780500970419e-06
1.036,0.003173828125,0.0031719565377114718,1.8715872885282162e-06
1.036125,0.0029296875,0.0029290492436519883,6.3825634801168221e-07
1.0362499999999999,0.002227783203125,0.0022406863587360205,-1.290315561102047e-05
1.036375,0.001220703125,0.0012120579073775391,8.6452176224609007e-06
1.0365,0,2.5315867263048005e-08,-2.5315867263048005e-08
1.0366249999999999,-0.001220703125,-0.0012107990647258486,-9.904060274151371e-06
1.0367500000000001,-0.002227783203125,-0.0022361712491339759,8.3880460089759412e-06
1.036875,-0.0029296875,-0.0029202507510939402,-9.4367489060598157e-06
1.0369999999999999,-0.003173828125,-0.0031592856749206428,-1.4542450079357231e-05
1.0371250000000001,-0.0029296875,-0.0029173480693073213,-1.233943069267867e-05
1.03725,-0.002227783203125,-0.0022317331176541131,3.949914529113082e-06
1.0373749999999999,-0.001220703125,-0.0012072109275434422,-1.3492197456557763e-05
1.0375000000000001,0,-1.6738041097476013e-08,1.6738041097476013e-08
1.037625,0.001220703125,0.0012059740673916676,1.4729057608332385e-05
1.03775,0.002227783203125,0.0022272530000331404,5.30203091859624e-07
1.0378750000000001,0.002899169921875,0.0029086016836724466,-9.4317617974465882e-06
1.038,0.003143310546875,0.0031466823960783191,-3.3718492033190522e-06
1.038125,0.002899169921875,0.0029057106079058929,-6.5406860308928755e-06
1.0382499999999999,0.002227783203125,0.0022228326198111782,4.9505833138218172e-06
1.038375,0.001190185546875,0.0012024002988450138,-1.2214751970013793e-05
1.0385,0,2.519658209416054e-08,-2.519658209416054e-08
1.0386249999999999,-0.001190185546875,-0.0012011513291824414,1.0965782307441416e-05
1.0387500000000001,-0.002227783203125,-0.0022183533501846263,-9.4298529403737466e-06
1.038875,-0.002899169921875,-0.0028969821168189159,-2.1878050560841453e-06
1.0389999999999999,-0.003143310546875,-0.0031341124269531934,-9.1981199218066183e-06
1.0391250000000001,-0.002899169921875,-0.0028941026006672841,-5.0673212077158997e-06
1.03925,-0.002227783203125,-0.0022139506502188502,-1.3832552906149764e-05
1.0393749999999999,-0.001190185546875,-0.001197591871735768,7.4063248607680095e-06
1.0395000000000001,0,-1.6619038141724931e-08,1.6619038141724931e-08
1.039625,0.001190185546875,0.0011963648455188449,-6.1792986438449337e-06
1.03975,0.002197265625,0.0022095062297745175,-1.2240604774517525e-05
1.0398750000000001,0.002899169921875,0.0028854259372080261,1.3743984666973914e-05
1.04,0.00311279296875,0.0031216096390118864,-8.8166702618863897e-06
1.040125,0.00286865234375,0.0028825579344517213,-1.3905590701721298e-05
1.0402499999999999,0.002197265625,0.0022051211393512389,-7.8555143512388723e-06
1.040375,0.001190185546875,0.0011928196418602042,-2.6340949852042203e-06
1.0405,0,2.5077860976523383e-08,-2.5077860976523383e-08
1.0406249999999999,-0.001190185546875,-0.0011915804672313717,1.3949203563716744e-06
1.0407500000000001,-0.002197265625,-0.0022006774246724251,3.4117996724251053e-06
1.040875,-0.00286865234375,-0.0028738988873592735,5.2465436092734644e-06
1.0409999999999999,-0.00311279296875,-0.003109139759630911,-3.6532091190889619e-06
1.0411250000000001,-0.00286865234375,-0.0028710423519635012,2.3900082135011776e-06
1.04125,-0.002197265625,-0.0021963098733557658,-9.5575164423423314e-07
1.0413749999999999,-0.001190185546875,-0.0011880494602874887,-2.1360865875112711e-06
1.0415000000000001,0,-1.6500598531101236e-08,1.6500598531101236e-08
1.041625,0.001190185546875,0.0011868321903583808,3.3533565166191711e-06
1.04175,0.002197265625,0.0021919008661979659,5.3647588020341169e-06
1.0418750000000001,0.00286865234375,0.0028624348554275648,6.2174883224352072e-06
1.042,0.003082275390625,0.0030967366618783001,-1.4461271253300104e-05
1.042125,0.00286865234375,0.0028595897415415973,9.0626022084027216e-06
1.0422499999999999,0.002197265625,0.0021875507838407643,9.7148411592356577e-06
1.0423750000000001,0.001190185546875,0.0011833153232740754,6.8702236009246347e-06
1.0425,0,2.4959702494721068e-08,-2.4959702494721068e-08
1.0426249999999999,-0.001190185546875,-0.0011820858663403858,-8.0996805346142484e-06
1.0427500000000001,-0.002197265625,-0.0021831423413496928,-1.4123283650307236e-05
1.042875,-0.002838134765625,-0.0028509995854072915,1.2864819782291547e-05
1.0429999999999999,-0.003082275390625,-0.0030843660747255802,2.0906841005801681e-06
1.0431250000000001,-0.002838134765625,-0.0028481658473631841,1.0031081738184119e-05
1.04325,-0.002166748046875,-0.0021788096580773902,1.2061611202390191e-05
1.0433749999999999,-0.001190185546875,-0.0011785830824985585,-1.1602464376441477e-05
1.0435000000000001,0,-1.6382720843524777e-08,1.6382720843524777e-08
1.043625,0.001190185546875,0.0011773754918245677,1.2810055050432347e-05
1.04375,0.002166748046875,0.0021744357825717246,-7.6877356967246062e-06
1.0438750000000001,0.002838134765625,0.0028396269669201816,-1.4922012951815514e-06
1.044,0.003082275390625,0.0030720618728294286,1.0213517795571413e-05
1.044125,0.002838134765625,0.002836804559234208,1.3302063907919513e-06
1.0442499999999999,0.002166748046875,0.0021701204287971699,-3.3723819221698551e-06
1.0443750000000001,0.00115966796875,0.0011738867348244681,-1.4218766074468054e-05
1.0445,0,2.4842103825864206e-08,-2.4842103825864206e-08
1.0446249999999999,-0.00115966796875,-0.0011726669188579142,1.2998950107914178e-05
1.0447500000000001,-0.002166748046875,-0.0021657469779825579,-1.0010688924421383e-06
1.044875,-0.002838134765625,-0.0028282827454248461,-9.8520202001539138e-06
1.0449999999999999,-0.0030517578125,-0.0030597897867436791,8.0319742436791436e-06
1.0451250000000001,-0.002838134765625,-0.002825471622792986,-1.2663142832014009e-05
1.04525,-0.002166748046875,-0.0021614488843890258,-5.2991624859741703e-06
1.0453749999999999,-0.00115966796875,-0.0011691921325349707,9.5241637849707329e-06
1.0455000000000001,0,-1.6265403643811393e-08,1.6265403643811393e-08
1.045625,0.00115966796875,0.0011679941446915752,-8.3261759415752343e-06
1.04575,0.002166748046875,0.0021571098611428345,9.6381857321655058e-06
1.0458750000000001,0.0028076171875,0.002817000811999754,-9.3836244997539536e-06
1.046,0.0030517578125,0.0030475836927009946,4.1741197990053693e-06
1.046125,0.0028076171875,0.0028142009293002108,-6.5837418002107767e-06
1.0462499999999999,0.002166748046875,0.0021528289586977343,1.391908817726566e-05
1.0463750000000001,0.00115966796875,0.0011645332730958371,-4.8653043458371081e-06
1.0465,0,2.472506632787518e-08,-2.472506632787518e-08
1.0466249999999999,-0.00115966796875,-0.0011633230219741816,3.6550532241815502e-06
1.0467500000000001,-0.00213623046875,-0.0021484902212791333,1.2259752529133333e-05
1.046875,-0.0028076171875,-0.0028057469135528566,-1.870273947143352e-06
1.0469999999999999,-0.003021240234375,-0.0030354093228249098,1.4169088449909797e-05
1.0471250000000001,-0.0028076171875,-0.0028029582258452959,-4.658961654704051e-06
1.04725,-0.00213623046875,-0.0021442264412210818,7.9959724710817505e-06
1.0473749999999999,-0.00115966796875,-0.0011598760093887142,2.080406387142044e-07
1.0475000000000001,0,-1.6148644106383629e-08,1.6148644106383629e-08
1.047625,0.00115966796875,0.0011586875485560409,9.8042019395908932e-07
1.04775,0.00213623046875,0.0021399219930616793,-3.6915243116792534e-06
1.0478749999999999,0.0028076171875,0.0027945549426083086,1.3062244891691444e-05
1.048,0.003021240234375,0.0030233005549115182,-2.0603205365182439e-06
1.048125,0.002777099609375,0.0027917774051310264,-1.4677795756026443e-05
1.0482499999999999,0.00213623046875,0.0021356752669082191,5.5520184178087587e-07
1.0483750000000001,0.00115966796875,0.0011552543394806357,4.4136292693642502e-06
1.0485,0,2.4608587141056175e-08,-2.4608587141056175e-08
1.0486249999999999,-0.00115966796875,-0.0011540535776826302,-5.6143910673698161e-06
1.0487500000000001,-0.00213623046875,-0.0021313709668192371,-4.8595019307628648e-06
1.048875,-0.002777099609375,-0.0027833906475160722,6.2910381410721805e-06
1.0489999999999999,-0.003021240234375,-0.0030112231226415397,-1.0017111733460343e-05
1.0491250000000001,-0.002777099609375,-0.0027806242156847645,3.5246063097645226e-06
1.04925,-0.00213623046875,-0.0021271412263569635,-9.0892423930365174e-06
1.0493749999999999,-0.00115966796875,-0.0011506341168444124,-9.0338519055876108e-06
1.0495000000000001,0,-1.6032443536896085e-08,1.6032443536896085e-08
1.049625,0.00115966796875,0.0011494551077986419,1.0212860951358061e-05
1.04975,0.00213623046875,0.0021228710783169247,1.3359390433075307e-05
1.0498749999999999,0.002777099609375,0.0027722879222307696,4.8116871442303692e-06
1.05,0.00299072265625,0.0029992109053620479,-8.488249112047902e-06
1.050125,0.002777099609375,0.0027695325516430645,7.567057731935542e-06
1.0502499999999999,0.002105712890625,0.0021186582556120379,-1.2945364987037872e-05
1.0503750000000001,0.00115966796875,0.0011460493401397455,1.3618628610254525e-05
1.0505,0,2.449266479876302e-08,-2.449266479876302e-08
1.0506249999999999,-0.00115966796875,-0.0011448579927429009,-1.4809976007099102e-05
1.0507500000000001,-0.002105712890625,-0.0021143881189798265,8.6752283548264565e-06
1.050875,-0.00274658203125,-0.0027612125165313132,1.4630485281313249e-05
1.0509999999999999,-0.00299072265625,-0.002987229638298543,-3.4930179514569733e-06
1.0511250000000001,-0.00274658203125,-0.0027584681629581951,1.1886131708195146e-05
1.05125,-0.002105712890625,-0.0021101921463625261,4.4792557375261492e-06
1.0513749999999999,-0.001129150390625,-0.0011414658634334959,1.2315472808495853e-05
1.0515000000000001,0,-1.5916799073979049e-08,1.5916799073979049e-08
1.051625,0.001129150390625,0.0011402962315459775,-1.1145840920977548e-05
1.05175,0.002105712890625,0.0021059560256611711,-2.4313503617107851e-07
1.0518749999999999,0.00274658203125,0.0027501983257945495,-3.6162945445494636e-06
1.052,0.002960205078125,0.0029753132023367106,-1.5108124211710584e-05
1.052125,0.00274658203125,0.0027474649451880106,-8.8291393801056758e-07
1.0522499999999999,0.002105712890625,0.0021017768357390423,3.9360548859577148e-06
1.0523750000000001,0.001129150390625,0.0011369176859695172,-7.7672953445171757e-06
1.0525,0,2.4377297822277284e-08,-2.4377297822277284e-08
1.0526249999999999,-0.001129150390625,-0.0011357356786378316,6.5852880128316072e-06
1.0527500000000001,-0.002105712890625,-0.0020975405908707158,-8.1722997542841951e-06
1.052875,-0.00274658203125,-0.0027392111012159029,-7.3709300340970771e-06
1.0529999999999999,-0.002960205078125,-0.0029634273342345296,3.2222561095296247e-06
1.0531250000000001,-0.00274658203125,-0.0027364886496999089,-1.0093381550091082e-05
1.05325,-0.002105712890625,-0.002093378116516104,-1.2334774108896038e-05
1.053375,-0.001129150390625,-0.0011323706624014713,3.2202717764712955e-06
1.0535000000000001,0,-1.580170923298501e-08,1.580170923298501e-08
1.053625,0.001129150390625,0.0011312103336339953,-2.0599430089953286e-06
1.05375,0.0020751953125,0.0020891757525421011,-1.398044004210109e-05
1.0538749999999999,0.002716064453125,0.0027282847395836258,-1.222028645862577e-05
1.054,0.002960205078125,0.0029516059164040364,8.599161720963637e-06
1.054125,0.002716064453125,0.0027255731734611871,-9.5087203361870522e-06
1.0542499999999999,0.0020751953125,0.0020850299268996546,-9.8346143996546481e-06
1.0543750000000001,0.001129150390625,0.001127858792556487,1.291598068512952e-06
1.0545,0,2.4262484721091835e-08,-2.4262484721091835e-08
1.0546249999999999,-0.001129150390625,-0.0011266860515433594,-2.4643390816405687e-06
1.0547500000000001,-0.0020751953125,-0.0020808273042611197,5.6319917611197083e-06
1.054875,-0.002716064453125,-0.0027173849934968241,1.320540371824077e-06
1.0549999999999999,-0.0029296875,-0.002939814687123476,1.0127187123475968e-05
1.0551250000000001,-0.002716064453125,-0.0027146842692431007,-1.3801838818993349e-06
1.05525,-0.0020751953125,-0.0020766980607381416,1.5027482381415984e-06
1.055375,-0.001129150390625,-0.0011233479316690906,-5.8024589559093655e-06
1.0555000000000001,0,-1.568717251761905e-08,1.568717251761905e-08
1.055625,0.001129150390625,0.0011221968325654994,6.9535580595006009e-06
1.05575,0.0020751953125,0.0020725291850332049,2.6661274667950582e-06
1.0558749999999999,0.002716064453125,0.0027065457611449403,9.5186919800596508e-06
1.056,0.0029296875,0.0029280875303190801,1.5999696809198931e-06
1.056125,0.002716064453125,0.0027038558354111602,1.2208617713839812e-05
1.0562499999999999,0.0020751953125,0.0020684164573099672,6.7788551900327572e-06
1.0563750000000001,0.001129150390625,0.0011188720801450383,1.0278310479961686e-05
1.0565,0,2.4148222664314894e-08,-2.4148222664314894e-08
1.0566249999999999,-0.001129150390625,-0.001117708532286103,-1.1441858338896976e-05
1.0567500000000001,-0.0020751953125,-0.0020642471895116143,-1.0948122988385742e-05
1.056875,-0.002685546875,-0.0026957327965211162,1.0185921521116154e-05
1.0569999999999999,-0.0029296875,-0.0029163901857772348,-1.3297314222765217e-05
1.0571250000000001,-0.002685546875,-0.0026930536261292911,7.5067511292911497e-06
1.05725,-0.0020751953125,-0.0020601509115261095,-1.5044400973890457e-05
1.057375,-0.001129150390625,-0.0011143970937950943,-1.4753296829905652e-05
1.0575000000000001,0,-1.5573187420218782e-08,1.5573187420218782e-08
1.057625,0.0010986328125,0.0011132551514804127,-1.4622338980412692e-05
1.05775,0.002044677734375,0.0020560152577650415,-1.1337523390041529e-05
1.0578749999999999,0.002685546875,0.0026849799992017462,5.6687579825381862e-07
1.0580000000000001,0.002899169921875,0.0029047565389263086,-5.5866170513086191e-06
1.058125,0.002685546875,0.0026823115411495741,3.2353338504259067e-06
1.0582499999999999,0.002044677734375,0.0020519353637269934,-7.2576293519933596e-06
1.0583750000000001,0.0010986328125,0.0011099569735990315,-1.1324161099031524e-05
1.0585,0,2.4034512807047344e-08,-2.4034512807047344e-08
1.0586249999999999,-0.0010986328125,-0.0011088025463075607,1.0169733807560699e-05
1.0587500000000001,-0.002044677734375,-0.002047799185505694,3.1214511306940258e-06
1.058875,-0.002685546875,-0.0026742531245644353,-1.1293750435564711e-05
1.0589999999999999,-0.002899169921875,-0.0028931523310488181,-6.0175908261819039e-06
1.0591250000000001,-0.002685546875,-0.0026715953360190166,-1.3951538980983436e-05
1.05925,-0.002044677734375,-0.0020437356098804964,-9.4212449450355173e-07
1.059375,-0.0010986328125,-0.0011055175759392606,6.884763439260564e-06
1.0595000000000001,0,-1.5459751109003827e-08,1.5459751109003827e-08
1.059625,0.0010986328125,0.0011043847181138665,-5.7519056138664697e-06
1.05975,0.002044677734375,0.0020396329138579836,5.0448205170163657e-06
1.0598749999999999,0.002655029296875,0.0026635860735624976,-8.5567766874975783e-06
1.0600000000000001,0.00286865234375,0.0028816114490632884,-1.2959105313288359e-05
1.060125,0.002655029296875,0.0026609389118642159,-5.909614989215925e-06
1.0602499999999999,0.002044677734375,0.0020355855913796613,9.0921429953387013e-06
1.0603750000000001,0.0010986328125,0.0011011129023649952,-2.4800898649952365e-06
1.0605,0,2.3921352285540907e-08,-2.3921352285540907e-08
1.0606249999999999,-0.0010986328125,-0.0010999675236273388,1.3347111273388432e-06
1.0607500000000001,-0.002044677734375,-0.002031482239581852,-1.3195494793147994e-05
1.060875,-0.002655029296875,-0.0026529446029454362,-2.0846939295638377e-06
1.0609999999999999,-0.00286865234375,-0.0028700996357364514,1.4472919864514169e-06
1.0611250000000001,-0.002655029296875,-0.0026503080256027349,-4.7212712722651332e-06
1.06125,-0.00201416015625,-0.0020274511052408382,1.3290948990838172e-05
1.061375,-0.0010986328125,-0.0010967088098245352,-1.9240026754648205e-06
1.0615000000000001,0,-1.5346864690917067e-08,1.5346864690917067e-08
1.061625,0.0010986328125,0.0010955849647608228,3.0478477391771962e-06
1.06175,0.00201416015625,0.0020233811048508683,-9.2209486008683166e-06
1.0618749999999999,0.002655029296875,0.0026423626150330285,1.2666681841971492e-05
1.0620000000000001,0.00286865234375,0.0028586507794651156,1.0001564284884377e-05
1.062125,0.00262451171875,0.0026397365797277404,-1.5224860977740371e-05
1.0622499999999999,0.00201416015625,0.0020193660939013033,-5.205937651303269e-06
1.0623750000000001,0.0010986328125,0.0010923393004356116,6.2935120643883846e-06
1.0625,0,2.380873956491458e-08,-2.380873956491458e-08
1.0626249999999999,-0.0010986328125,-0.001091202898806672,-7.4299136933280146e-06
1.0627500000000001,-0.00201416015625,-0.002015295307467131,1.1351512171310293e-06
1.062875,-0.00262451171875,-0.0026318058679357468,7.2941491857467927e-06
1.0629999999999999,-0.002838134765625,-0.0028472306244883968,9.0958588633968315e-06
1.0631250000000001,-0.00262451171875,-0.0026291903325149305,4.6786137649305198e-06
1.06325,-0.00201416015625,-0.0020112963554175288,-2.8638008324711681e-06
1.063375,-0.0010986328125,-0.0010879702317054931,-1.066258079450693e-05
1.0634999999999999,0,-1.523452788663481e-08,1.523452788663481e-08
1.063625,0.0010986328125,0.0010868553282397443,1.1777484260255735e-05
1.06375,0.00201416015625,0.0020072587906394741,6.9013656105259245e-06
1.0638749999999999,0.00262451171875,0.0026213082653289382,3.2034534210617811e-06
1.0640000000000001,0.002838134765625,0.0028358730606696126,2.2617049553873975e-06
1.064125,0.00262451171875,0.0026187031878121565,5.8085309378435451e-06
1.0642499999999999,0.00201416015625,0.0020032758332617874,1.0884322988212632e-05
1.0643750000000001,0.0010986328125,0.0010836356063123019,1.4997206187698092e-05
1.0645,0,2.3696673099870381e-08,-2.3696673099870381e-08
1.0646249999999999,-0.001068115234375,-0.0010825081109134263,1.4392876538426268e-05
1.0647500000000001,-0.00201416015625,-0.0019992373532066125,-1.4922803043387542e-05
1.064875,-0.00262451171875,-0.002610835566673202,-1.3676152076797995e-05
1.0649999999999999,-0.002838134765625,-0.0028245438337085316,-1.3590931916468429e-05
1.0651250000000001,-0.002593994140625,-0.002608240905243924,1.4246764618924043e-05
1.06525,-0.001983642578125,-0.0019952703265251198,1.1627748400119819e-05
1.065375,-0.001068115234375,-0.0010793012823250047,1.1186047950004696e-05
1.0654999999999999,0,-1.5122733956415602e-08,1.5122733956415602e-08
1.065625,0.001068115234375,0.0010781952498565468,-1.0080015481546802e-05
1.06575,0.001983642578125,0.0019912649394062303,-7.6223612812302902e-06
1.0658749999999999,0.002593994140625,0.0026004216769891426,-6.4275363641425921e-06
1.0660000000000001,0.0028076171875,0.0028132768349232932,-5.6596474232932341e-06
1.066125,0.002593994140625,0.0025978373900014781,-3.8432493764781368e-06
1.0662499999999999,0.001983642578125,0.001987313779704728,-3.671201579727966e-06
1.0663750000000001,0.001068115234375,0.0010750012629740626,-6.8860285990625728e-06
1.0665,0,2.3585151334956784e-08,-2.3585151334956784e-08
1.0666249999999999,-0.001068115234375,-0.0010738826034814343,5.7673691064342742e-06
1.0667500000000001,-0.001983642578125,-0.0019833073491026441,-3.3522902235594634e-07
1.066875,-0.002593994140625,-0.0025900323570752603,-3.9617835497396565e-06
1.0669999999999999,-0.0028076171875,-0.0028020378114626803,-5.579376037319686e-06
1.0671250000000001,-0.002593994140625,-0.0025874584030473836,-6.535737577616392e-06
1.06725,-0.001983642578125,-0.001979371992915255,-4.2705852097450411e-06
1.067375,-0.001068115234375,-0.0010707014068832867,2.5861725082866865e-06
1.0674999999999999,0,-1.5011482673281746e-08,1.5011482673281746e-08
1.067625,0.001068115234375,0.0010696041753700228,-1.4889409950227979e-06
1.06775,0.001983642578125,0.0019753985275551087,8.2440505698912897e-06
1.0678749999999999,0.002593994140625,0.0025797015132876791,1.429262733732093e-05
1.0680000000000001,0.002777099609375,0.0027908606560880594,-1.3761046713059357e-05
1.068125,0.0025634765625,0.0025771378509055736,-1.366128840557361e-05
1.0682499999999999,0.001983642578125,0.0019714789116761005,1.216366644889947e-05
1.0683750000000001,0.001068115234375,0.0010664357178346475,1.6795165403524649e-06
1.0685,0,2.3474172704828693e-08,-2.3474172704828693e-08
1.0686249999999999,-0.001068115234375,-0.0010653258244820414,-2.789409892958554e-06
1.0687500000000001,-0.001953125,-0.0019675042756453743,1.4379275645374275e-05
1.068875,-0.0025634765625,-0.0025693949077535993,5.9183452535993032e-06
1.069,-0.002777099609375,-0.0027797111173856865,2.6115080106864884e-06
1.0691250000000001,-0.0025634765625,-0.002566841495866013,3.3649333660130086e-06
1.06925,-0.001953125,-0.001963600337114639,1.0475337114638963e-05
1.069375,-0.001068115234375,-0.0010621700550011873,-5.945179373812717e-06
1.0694999999999999,0,-1.4900775020520458e-08,1.4900775020520458e-08
1.069625,0.001068115234375,0.0010610815549516603,7.0336794233396768e-06
1.06975,0.001953125,0.0019596585396461216,-6.5335396461215986e-06
1.0698749999999999,0.0025634765625,0.0025591464481511035,4.3301143488965431e-06
1.0700000000000001,0.002777099609375,0.0027686230895486571,8.4765198263428779e-06
1.070125,0.0025634765625,0.0025566032457747015,6.8733167252984541e-06
1.0702499999999999,0.001953125,0.0019557702157625241,-2.645215762524071e-06
1.0703750000000001,0.001068115234375,0.0010579384227119919,1.017681166300805e-05
1.0705,0,2.3363734377997232e-08,-2.3363734377997232e-08
1.0706249999999999,-0.001068115234375,-0.0010568372262839947,-1.1278008091005279e-05
1.0707500000000001,-0.001953125,-0.001951827121448429,-1.2978785515710498e-06
1.070875,-0.0025634765625,-0.0025489218979269667,-1.4554664573033279e-05
1.071,-0.00274658203125,-0.0027575623225892386,1.0980291339238602e-05
1.0711250000000001,-0.002532958984375,-0.0025463888642384292,1.3429879863429209e-05
1.07125,-0.001953125,-0.0019479543497544947,-5.1706502455053146e-06
1.071375,-0.001068115234375,-0.0010537066806849582,-1.4408553690041775e-05
1.0714999999999999,0,-1.4790608136536454e-08,1.4790608136536454e-08
1.071625,0.00103759765625,0.0010526268431575283,-1.5029186907528254e-05
1.07175,0.001953125,0.0019440439683303301,9.081031669669901e-06
1.0718749999999999,0.002532958984375,0.0025387551660716579,-5.7961816966579059e-06
1.0720000000000001,0.00274658203125,0.0027465627121208529,1.9319129147127301e-08
1.072125,0.002532958984375,0.0025362322604142538,-3.2732760392537724e-06
1.0722499999999999,0.001953125,0.0019401866866254895,1.2938313374510468e-05
1.0723750000000001,0.00103759765625,0.0010495088337919289,-1.1911177541928941e-05
1.0725,0,2.3253837293120892e-08,-2.3253837293120892e-08
1.0726249999999999,-0.00103759765625,-0.0010484162656195905,1.081860936959049e-05
1.0727500000000001,-0.001922607421875,-0.0019362748831841866,1.3667461309186573e-05
1.072875,-0.002532958984375,-0.0025286120173395629,-4.3469670354370944e-06
1.073,-0.00274658203125,-0.0027355900095704187,-1.099202167958134e-05
1.0731250000000001,-0.002532958984375,-0.0025260991992167238,-6.8597851582761875e-06
1.07325,-0.001922607421875,-0.0019324330295095876,9.8256076345875926e-06
1.073375,-0.00103759765625,-0.001045310742291315,7.7130860413150357e-06
1.0734999999999999,0,-1.4680980432364908e-08,1.4680980432364908e-08
1.0736250000000001,0.00103759765625,0.0010442394988886428,-6.6418426386428281e-06
1.07375,0.001922607421875,0.001928553814286253,-5.9463924112529605e-06
1.0738749999999999,0.002532958984375,0.002518526362023567,1.4432622351432962e-05
1.0740000000000001,0.002716064453125,0.0027246781119603623,-8.6136588353623311e-06
1.074125,0.00250244140625,0.0025160235911025558,-1.3582184852555836e-05
1.0742499999999999,0.001922607421875,0.0019247273269370191,-2.1199050620191156e-06
1.0743750000000001,0.00103759765625,0.0010411464115933885,-3.5487553433884503e-06
1.0745,0,2.3144478590100255e-08,-2.3144478590100255e-08
1.0746249999999999,-0.00103759765625,-0.0010400624035499086,2.4647472999085682e-06
1.0747500000000001,-0.001922607421875,-0.0019208465655195627,-1.7608563554372559e-06
1.074875,-0.00250244140625,-0.0025084639661752447,6.0225599252446832e-06
1.075,-0.002716064453125,-0.0027137927721209831,-2.2716810040169372e-06
1.0751250000000001,-0.00250244140625,-0.0025059712022822132,3.5297960322131818e-06
1.07525,-0.001922607421875,-0.0019170353830332365,-5.5720388417634849e-06
1.075375,-0.00103759765625,-0.0010369817024916308,-6.1595375836919104e-07
1.0754999999999999,0,-1.4571890310029803e-08,1.4571890310029803e-08
1.0756250000000001,0.00103759765625,0.0010359189853575215,1.6786708924784732e-06
1.07575,0.001922607421875,0.0019131870861523927,9.4203357226072676e-06
1.0758749999999999,0.00250244140625,0.0024984587413795223,3.9826648704777146e-06
1.0760000000000001,0.002716064453125,0.0027029678884724845,1.3096564652515484e-05
1.076125,0.00250244140625,0.002495975944504561,6.4654617454389628e-06
1.0762499999999999,0.001922607421875,0.0019093911473158345,1.3216274559165473e-05
1.0763750000000001,0.00103759765625,0.0010328506209338697,4.7470353161302697e-06
1.0765,0,2.3035656666546235e-08,-2.3035656666546235e-08
1.0766249999999999,-0.00103759765625,-0.0010317751054314483,-5.8225508185517395e-06
1.0767500000000001,-0.00189208984375,-0.0019055411810531774,1.3451337303177404e-05
1.076875,-0.00250244140625,-0.002488476454974822,-1.3964951275177977e-05
1.077,-0.002685546875,-0.0026921692152373656,6.6223402373655899e-06
1.0771250000000001,-0.002471923828125,-0.0024860035852642308,1.4079757139230827e-05
1.07725,-0.00189208984375,-0.0019017604248937397,9.6705811437397191e-06
1.077375,-0.00103759765625,-0.0010287190282421152,-8.8786280078847687e-06
1.0774999999999999,0,-1.4463336162788393e-08,1.4463336162788393e-08
1.0776250000000001,0.00103759765625,0.0010276647700538301,9.9328861961698722e-06
1.07775,0.00189208984375,0.0018979428004690761,-5.8529567190761245e-06
1.0778749999999999,0.002471923828125,0.0024785510198278194,-6.6271917028193524e-06
1.0780000000000001,0.002685546875,0.0026814306522224712,4.1162227775288183e-06
1.078125,0.002471923828125,0.0024760880375909937,-4.1642094659936728e-06
1.0782499999999999,0.00189208984375,0.0018941771662631811,-2.0873225131811009e-06
1.0783750000000001,0.00103759765625,0.0010246209308940658,1.2976725355934218e-05
1.0785,0,2.2927369911424031e-08,-2.2927369911424031e-08
1.0786249999999999,-0.00103759765625,-0.001023553840877377,-1.4043815372622977e-05
1.0787500000000001,-0.00189208984375,-0.0018903577502486864,-1.7320935013136283e-06
1.078875,-0.002471923828125,-0.0024686482045535351,-3.2756235714649293e-06
1.079,-0.002685546875,-0.002670717955031402,-1.4828919968597979e-05
1.0791249999999999,-0.002471923828125,-0.0024661950702557682,-5.7287578692317639e-06
1.07925,-0.00189208984375,-0.0018866071775113086,-5.4826662386913989e-06
1.079375,-0.001007080078125,-0.0010205221907428385,1.344211261783846e-05
1.0794999999999999,0,-1.4355316375372431e-08,1.4355316375372431e-08
1.0796250000000001,0.001007080078125,0.0010194763247114169,-1.2396246586416889e-05
1.07975,0.00189208984375,0.0018828199816119844,9.2698621380156096e-06
1.0798749999999999,0.002471923828125,0.0024588019232906371,1.3121904834362871e-05
1.0800000000000001,0.002655029296875,0.0026600650248465971,-5.0357279715970878e-06
1.080125,0.00244140625,0.0024563585975557614,-1.4952347555761449e-05
1.0802499999999999,0.00189208984375,0.0018790844101034614,1.3005433646538561e-05
1.0803750000000001,0.001007080078125,0.0010164568147883934,-9.3767366633934392e-06
1.0805,0,2.2819616705292656e-08,-2.2819616705292656e-08
1.0806249999999999,-0.001007080078125,-0.0010153980837304052,8.3180056054052431e-06
1.0807500000000001,-0.001861572265625,-0.0018752953013773152,1.3723035752315161e-05
1.080875,-0.00244140625,-0.0024489779459191843,7.5716959191843118e-06
1.081,-0.002655029296875,-0.0026494376186417591,-5.5916782332409397e-06
1.0811249999999999,-0.00244140625,-0.0024465443895298638,5.138139529863809e-06
1.08125,-0.001861572265625,-0.0018715746710946497,1.0002405469649667e-05
1.081375,-0.001007080078125,-0.0010123906654084733,5.3105872834732781e-06
1.0814999999999999,0,-1.4247828121806542e-08,1.4247828121806542e-08
1.0816250000000001,0.001007080078125,0.0010113531252700246,-4.2730471450245968e-06
1.08175,0.001861572265625,0.0018678176617305925,-6.2453961055925454e-06
1.0818749999999999,0.00244140625,0.0024392101878406313,2.1960621593686801e-06
1.0820000000000001,0.00262451171875,0.0026388696389639549,-1.4357920213954947e-05
1.082125,0.00244140625,0.0024367863617344868,4.6198882655132043e-06
1.0822499999999999,0.001861572265625,0.001864111912916738,-2.5396472917379748e-06
1.0823750000000001,0.001007080078125,0.001008357750124511,-1.2776719995109907e-06
1.0825,0,2.2712395420541143e-08,-2.2712395420541143e-08
1.0826249999999999,-0.001007080078125,-0.0010073073120245564,2.2723389955640362e-07
1.0827500000000001,-0.001861572265625,-0.0018603528704521813,-1.2193951728187331e-06
1.082875,-0.00244140625,-0.0024294644201913783,-1.1941829808621678e-05
1.083,-0.00262451171875,-0.0026283268441460728,3.8151253960727605e-06
1.0831249999999999,-0.00244140625,-0.0024270502854631432,-1.4355964536856818e-05
1.08325,-0.001861572265625,-0.0018566619435823148,-4.9103220426851679e-06
1.083375,-0.001007080078125,-0.0010043239318335714,-2.7561462914286496e-06
1.0834999999999999,0,-1.4140872184901555e-08,1.4140872184901555e-08
1.0836250000000001,0.001007080078125,0.0010032946518484863,3.7854262765137266e-06
1.08375,0.001861572265625,0.0018529348806862332,8.6373849387667671e-06
1.0838749999999999,0.002410888671875,0.0024197745596228424,-8.8858877478423942e-06
1.0840000000000001,0.00262451171875,0.0026178431380889369,6.6685806610631074e-06
1.084125,0.002410888671875,0.00241737007752371,-6.4814056487099564e-06
1.0842499999999999,0.001861572265625,0.0018492587164803728,1.2313549144627248e-05
1.0843750000000001,0.001007080078125,0.0010003232185744062,6.7568595505938019e-06
1.0845,0,2.2605703233544823e-08,-2.2605703233544823e-08
1.084625,-0.001007080078125,-0.00099928100795290123,-7.7990701720987744e-06
1.0847500000000001,-0.0018310546875,-0.0018455295011674717,1.4474813667471722e-05
1.084875,-0.002410888671875,-0.0024101063785191292,-7.8229335587079799e-07
1.085,-0.002593994140625,-0.0026073842804737895,1.339013984878951e-05
1.0851249999999999,-0.002410888671875,-0.0024077115104534142,-3.1771614215857745e-06
1.08525,-0.0018310546875,-0.001841868040576002,1.0813353076001954e-05
1.085375,-0.001007080078125,-0.00099632147375926152,-1.0758604365738479e-05
1.0854999999999999,0,-1.403444571315019e-08,1.403444571315019e-08
1.0856250000000001,0.001007080078125,0.00099530038870695547,1.1779689418044527e-05
1.08575,0.0018310546875,0.0018381706859906472,-7.115998490647181e-06
1.0858749999999999,0.002410888671875,0.0024004937947725768,1.0394877102423185e-05
1.0860000000000001,0.002593994140625,0.0025969841765444259,-2.9900359194258777e-06
1.086125,0.002410888671875,0.0023981085023002642,1.278016957473576e-05
1.0862499999999999,0.0018310546875,0.0018345238702068419,-3.4691827068419282e-06
1.0863750000000001,0.001007080078125,0.00099235270594008758,1.4727372184912416e-05
1.0865,0,2.249954088666887e-08,-2.249954088666887e-08
1.086625,-0.0009765625,-0.00099131865783442033,1.475615783442033e-05
1.0867500000000001,-0.0018310546875,-0.0018308242448372386,-2.3044266276141603e-07
1.086875,-0.00238037109375,-0.0023909025820036864,1.0531488253686435e-05
1.087,-0.002593994140625,-0.0025866085873196957,-7.3855533053042953e-06
1.0871249999999999,-0.00238037109375,-0.0023885268268380132,8.1557330880131784e-06
1.08725,-0.0018310546875,-0.0018271920152828978,-3.8626722171021706e-06
1.087375,-0.0009765625,-0.00098838277903912281,1.1820279039122814e-05
1.0874999999999999,0,-1.3928547059529065e-08,1.3928547059529065e-08
1.0876250000000001,0.0009765625,0.00098736982421502098,-1.080732421502098e-05
1.08775,0.0018310546875,0.0018235241327458534,7.5305547541466497e-06
1.0878749999999999,0.00238037109375,0.0023813666593362781,-9.9556558627806116e-07
1.0880000000000001,0.0025634765625,0.002576291419375668,-1.2814856875667958e-05
1.088125,0.00238037109375,0.0023790004033435621,1.3706904064378529e-06
1.0882499999999999,0.0018310546875,0.001819906431082896,1.1148256417104017e-05
1.0883750000000001,0.0009765625,0.0009844457021206802,-7.8832021206801974e-06
1.0885,0,2.2393905531558985e-08,-2.2393905531558985e-08
1.088625,-0.0009765625,-0.00098341975208112863,6.8572520811286276e-06
1.0887500000000001,-0.0018310546875,-0.001816236160334689,-1.4818527165310963e-05
1.088875,-0.00238037109375,-0.0023718518016174,-8.5192921326000294e-06
1.089,-0.0025634765625,-0.002565998435058143,2.5218725581430471e-06
1.0891249999999999,-0.00238037109375,-0.0023694950068164316,-1.0876086933568358e-05
1.0892500000000001,-0.001800537109375,-0.0018126329284542273,1.2095819079227348e-05
1.089375,-0.0009765625,-0.00098050733961075795,3.944839610757955e-06
1.0894999999999999,0,-1.3823174569646515e-08,1.3823174569646515e-08
1.0896250000000001,0.0009765625,0.00097950245081896803,-2.9399508189680273e-06
1.08975,0.001800537109375,0.0018089942835803491,-8.4571742053490568e-06
1.0898749999999999,0.002349853515625,0.0023623919291925477,-1.2538413567547702e-05
1.0900000000000001,0.0025634765625,0.0025557635422648419,7.7130202351580711e-06
1.090125,0.002349853515625,0.0023600445577539784,-1.0191042128978364e-05
1.0902499999999999,0.001800537109375,0.001805405463609208,-4.8683542342080419e-06
1.0903750000000001,0.0009765625,0.00097660170107870519,-3.9201078705190795e-08
1.0905,0,2.2288795510223368e-08,-2.2288795510223368e-08
1.090625,-0.0009765625,-0.00097558378516653024,-9.7871483346976401e-07
1.0907500000000001,-0.001800537109375,-0.0018017643140327674,1.2272046577674247e-06
1.090875,-0.002349853515625,-0.0023529528181255358,3.099302500535802e-06
1.091,-0.002532958984375,-0.0025455525046579465,1.2593520282946479e-05
1.0911249999999999,-0.002349853515625,-0.0023506148323712774,7.613167462773747e-07
1.0912500000000001,-0.001800537109375,-0.0017981898483251434,-2.3472610498566273e-06
1.091375,-0.0009765625,-0.00097269465145673911,-3.867848543260893e-06
1.0914999999999999,0,-1.371832658196454e-08,1.371832658196454e-08
1.0916250000000001,0.0009765625,0.00097169776500929158,4.864734990708418e-06
1.09175,0.001800537109375,0.0017945802085941218,5.9569007808781601e-06
1.0918749999999999,0.002349853515625,0.0023435683899738036,6.28512565119645e-06
1.0920000000000001,0.002532958984375,0.002535399231446302,-2.4402470713020402e-06
1.092125,0.002349853515625,0.0023412397523764092,8.6137632485908285e-06
1.0922499999999999,0.001800537109375,0.0017910200397396876,9.5170696353123925e-06
1.0923750000000001,0.0009765625,0.00096882020081199346,7.7422991880065446e-06
1.0925,0,2.2184209157633767e-08,-2.2184209157633767e-08
1.092625,-0.0009765625,-0.00096781025558897559,-8.7522444110244057e-06
1.0927500000000001,-0.001800537109375,-0.0017874077797411256,-1.3129329633874412e-05
1.092875,-0.0023193359375,-0.0023342044220082373,1.4868484508237263e-05
1.093,-0.002532958984375,-0.0025252694875979769,-7.6894967770231235e-06
1.0931249999999999,-0.0023193359375,-0.0023318850951903202,1.2549157690320157e-05
1.0932500000000001,-0.00177001953125,-0.0017838618505550956,1.3842319305095623e-05
1.093375,-0.0009765625,-0.0009649442145767223,-1.1618285423277701e-05
1.0934999999999999,0,-1.3614001428017748e-08,1.3614001428017748e-08
1.0936250000000001,0.0009765625,0.00096395526728953269,1.2607232710467307e-05
1.09375,0.00177001953125,0.001780280985295792,-1.0261454045791974e-05
1.0938749999999999,0.0023193359375,0.0023248948369889995,-5.5588994889994685e-06
1.0940000000000001,0.00250244140625,0.0025151971836224951,-1.2755777372495079e-05
1.094125,0.0023193359375,0.0023225847837221722,-3.2488462221721623e-06
1.0942499999999999,0.00177001953125,0.0017767492388253536,-6.7297075753535839e-06
1.0943750000000001,0.000946044921875,0.00096110070331509572,-1.5055781440095721e-05
1.0945,0,2.2080144801942829e-08,-2.2080144801942829e-08
1.094625,-0.000946044921875,-0.00096009866584601553,1.4053743971015526e-05
1.0947499999999999,-0.00177001953125,-0.0017731656386501637,3.1461074001637272e-06
1.094875,-0.0023193359375,-0.0023156054133831208,-3.7305241168792032e-06
1.095,-0.00250244140625,-0.002505148085783409,2.7066795334090323e-06
1.0951249999999999,-0.0023193359375,-0.0023133045965887319,-6.0313409112680572e-06
1.0952500000000001,-0.00177001953125,-0.001769648018167865,-3.7151308213503355e-07
1.095375,-0.000946044921875,-0.00095725553295435053,1.1210611079350528e-05
1.0954999999999999,0,-1.3510196295693974e-08,1.3510196295693974e-08
1.0956250000000001,0.000946044921875,0.0009562744621400657,-1.0229540265065703e-05
1.09575,0.00177001953125,0.0017660956985444157,3.9238327055842511e-06
1.0958749999999999,0.0023193359375,0.0023063700751447739,1.2965862355226055e-05
1.0960000000000001,0.00250244140625,0.0024951561058805566,7.2853003694433975e-06
1.096125,0.002288818359375,0.0023040784578919828,-1.5260098516982779e-05
1.0962499999999999,0.00177001953125,0.0017625921475505053,7.4273836994946576e-06
1.0963750000000001,0.000946044921875,0.00095344271455173005,-7.3977926767300516e-06
1.0965,0,2.1976600764698493e-08,-2.1976600764698493e-08
1.096625,-0.000946044921875,-0.00095244852239825221,6.4036005232522052e-06
1.0967499999999999,-0.00177001953125,-0.0017590369792761969,-1.0982551973803129e-05
1.096875,-0.002288818359375,-0.0022971546019289121,8.3362425539121321e-06
1.097,-0.002471923828125,-0.0024851870114626518,1.3263183337651821e-05
1.0971249999999999,-0.002288818359375,-0.002294872147434113,6.0537880591129793e-06
1.0972500000000001,-0.00177001953125,-0.0017555474414961084,-1.4472089753891568e-05
1.097375,-0.000946044921875,-0.00094962811452551049,3.5831926505104899e-06
1.0974999999999999,0,-1.3406911786247355e-08,1.3406911786247355e-08
1.0976250000000001,0.000946044921875,0.00094865485799276446,-2.6099361177644564e-06
1.09775,0.001739501953125,0.0017520234404909093,-1.2521487365909278e-05
1.0978749999999999,0.002288818359375,0.0022879929188715986,8.2544050340142144e-07
1.0980000000000001,0.002471923828125,0.0024752747156095603,-3.350887484560288e-06
1.098125,0.002288818359375,0.0022857195904991191,3.0987688758809216e-06
1.0982499999999999,0.001739501953125,0.0017485478598775503,-9.045906752550275e-06
1.0983750000000001,0.000946044921875,0.00094584574442208057,1.9917745291942682e-07
1.0985,0,2.1873574237681711e-08,-2.1873574237681711e-08
1.098625,-0.000946044921875,-0.0009448593356388309,-1.1855862361691023e-06
1.0987499999999999,-0.001739501953125,-0.0017450208973910297,5.5189442660296632e-06
1.098875,-0.002288818359375,-0.0022788508068075411,-9.9675525674588518e-06
1.099,-0.002471923828125,-0.0024653849871449228,-6.5388409800771867e-06
1.0991249999999999,-0.002288818359375,-0.002276586568067767,-1.2231791307232981e-05
1.0992500000000001,-0.001739501953125,-0.0017415592181182923,2.0572649932922536e-06
1.099375,-0.000946044921875,-0.0009420614711468429,-3.9834507281571009e-06
1.0994999999999999,0,-1.3304145065647076e-08,1.3304145065647076e-08
1.0996250000000001,0.000946044921875,0.00094109596719528087,4.9489546797191293e-06
1.09975,0.001739501953125,0.0017380633105207465,1.4386426042535365e-06
1.0998749999999999,0.00225830078125,0.002269762192046141,-1.1461410796140964e-05
1.1000000000000001,0.00244140625,0.0024555517404184369,-1.4145490418436893e-05
1.100125,0.00225830078125,0.0022675070065953469,-9.2062253453468676e-06
1.10025,0.001739501953125,0.0017346154769881958,4.8864761368041989e-06
1.1003750000000001,0.000946044921875,0.00093830930673143356,7.7356151435664352e-06
1.1005,0,2.177106578556075e-08,-2.177106578556075e-08
1.100625,-0.000946044921875,-0.0009373306198621075,-8.7143020128925032e-06
1.1007499999999999,-0.001739501953125,-0.0017311164959753862,-8.3854571496138133e-06
1.100875,-0.00225830078125,-0.0022606928565911673,2.392075341167265e-06
1.101,-0.00244140625,-0.002445740745518502,4.3344955185020337e-06
1.1011249999999999,-0.00225830078125,-0.0022584466882309526,1.4590698095258772e-07
1.1012500000000001,-0.001739501953125,-0.0017276824528041754,-1.1819500320824636e-05
1.101375,-0.000946044921875,-0.00093455511856347327,-1.1489803311526725e-05
1.1014999999999999,0,-1.3201894439847776e-08,1.3201894439847776e-08
1.1016250000000001,0.000946044921875,0.00093359730598090358,1.2447615894096422e-05
1.10175,0.001708984375,0.0017242144151931457,-1.5230040193145661e-05
1.1018749999999999,0.00225830078125,0.0022516767279164396,6.6240533335604375e-06
1.1020000000000001,0.00244140625,0.0024359859180545346,5.4203319454653766e-06
1.102125,0.00225830078125,0.0022494395405931304,8.861240656869631e-06
1.10225,0.001708984375,0.0017207941072259272,-1.1809732225927239e-05
1.1023750000000001,0.00091552734375,0.0009308329191590589,-1.5305575409058905e-05
1.1025,0,2.166907257893e-08,-2.166907257893e-08
1.102625,-0.00091552734375,-0.00092986189323256228,1.4334549482562277e-05
1.1027499999999999,-0.001708984375,-0.0017173228851566644,8.338510156664404e-06
1.102875,-0.002227783203125,-0.0022426795891854721,1.4896386060472139e-05
1.103,-0.00244140625,-0.0024262530293696198,-1.515322063038024e-05
1.1031249999999999,-0.002227783203125,-0.0022404513469895561,1.2668143864556086e-05
1.1032500000000001,-0.001708984375,-0.0017139162574567031,4.9318824567030992e-06
1.103375,-0.00091552734375,-0.00092710857638213522,1.1581232632135218e-05
1.1034999999999999,0,-1.3100158208926433e-08,1.3100158208926433e-08
1.1036250000000001,0.00091552734375,0.00092615839443759408,-1.0631050687594083e-05
1.10375,0.001708984375,0.0017104758681886546,-1.4914931886545781e-06
1.1038749999999999,0.002227783203125,0.0022337353690272265,-5.9521659022264591e-06
1.1040000000000001,0.002410888671875,0.0024165759963228461,-5.6873244478460733e-06
1.104125,0.002227783203125,0.0022315160361927656,-3.7328330677655931e-06
1.10425,0.001708984375,0.0017070828660389447,1.901508961055275e-06
1.1043750000000001,0.00091552734375,0.00092341610322633182,-7.8887594763318164e-06
1.1045,0,2.1567592915003811e-08,-2.1567592915003811e-08
1.104625,-0.00091552734375,-0.00092245267775497523,6.9253340049752268e-06
1.1047499999999999,-0.001708984375,-0.0017036391821527864,-5.3451928472135913e-06
1.1048750000000001,-0.002227783203125,-0.0022248098517557218,-2.9733513692781557e-06
1.105,-0.002410888671875,-0.0024069205915019909,-3.9680803730090565e-06
1.1051249999999999,-0.002227783203125,-0.0022225993926597866,-5.1838104652133545e-06
1.1052500000000001,-0.001708984375,-0.0017002597510551738,-8.7246239448262458e-06
1.105375,-0.00091552734375,-0.00091972136803424281,4.19402428424281e-06
1.1054999999999999,0,-1.2998934667283614e-08,1.2998934667283614e-08
1.1056250000000001,0.00091552734375,0.00091877875647727696,-3.2514127272769561e-06
1.10575,0.001708984375,0.0016968467902492418,1.2137584750758186e-05
1.1058749999999999,0.002227783203125,0.0022159369671462745,1.1846235978725528e-05
1.1060000000000001,0.002410888671875,0.0023973207330058614,1.3567938869138603e-05
1.106125,0.002227783203125,0.0022137353463079477,1.4047856817052309e-05
1.10625,0.001678466796875,0.0016934808759227762,-1.501407904777618e-05
1.1063750000000001,0.00091552734375,0.00091605838427017317,-5.3104052017316668e-07
1.1065,0,2.1466625085419682e-08,-2.1466625085419682e-08
1.106625,-0.00091552734375,-0.00091510249923977495,-4.2484451022505119e-07
1.1067499999999999,-0.001678466796875,-0.001690064511215705,1.1597714340704987e-05
1.1068750000000001,-0.002197265625,-0.002207082500652986,9.8168756529860499e-06
1.107,-0.00238037109375,-0.0023877421946570058,7.3711009070057815e-06
1.1071249999999999,-0.002197265625,-0.0022048896827344734,7.6240577344733641e-06
1.1072500000000001,-0.001678466796875,-0.0016867120595988512,8.2452627238511784e-06
1.107375,-0.00091552734375,-0.00091239302074952195,-3.1343230004780495e-06
1.1074999999999999,0,-1.2898221020189909e-08,1.2898221020189909e-08
1.1076250000000001,0.00091552734375,0.00091145791980636764,4.0694239436323606e-06
1.10775,0.001678466796875,0.0016833263091228291,-4.8595122478290766e-06
1.1078749999999999,0.002197265625,0.002198280383189232,-1.01475818923202e-06
1.1080000000000001,0.00238037109375,0.002378218895784072,2.1521979659279954e-06
1.108125,0.002197265625,0.0021960963329923592,1.169292007640807e-06
1.10825,0.001678466796875,0.0016799872663672143,-1.5204694922142832e-06
1.1083750000000001,0.00091552734375,0.00090875929140656216,6.768052343437839e-06
1.1085,0,2.1366167376435197e-08,-2.1366167376435197e-08
1.108625,-0.00091552734375,-0.00090781088727879308,-7.7164564712069216e-06
1.1087499999999999,-0.001678466796875,-0.0016765980035753495,-1.8687932996505011e-06
1.1088750000000001,-0.002197265625,-0.0021894964013409479,-7.7692236590521345e-06
1.109,-0.00238037109375,-0.0023687166114345379,-1.165448231546214e-05
1.1091249999999999,-0.002197265625,-0.0021873210838095304,-9.9445411904696204e-06
1.1092500000000001,-0.001678466796875,-0.0016732723160502714,-5.1944808247285888e-06
1.109375,-0.00091552734375,-0.00090512306552471811,-1.0404278225281888e-05
1.1094999999999999,0,-1.2798017727223795e-08,1.2798017727223795e-08
1.1096250000000001,0.00091552734375,0.00090419541589153605,1.1331927858463948e-05
1.10975,0.001678466796875,0.0016699135595074598,8.5532373675402396e-06
1.1098749999999999,0.002166748046875,0.0021807644871492419,-1.4016440274241919e-05
1.1100000000000001,0.002349853515625,0.0023592692621570975,-9.4157465320974555e-06
1.110125,0.002166748046875,0.0021785978673668402,-1.1849820491840243e-05
1.11025,0.001678466796875,0.001666601173795957,1.1865623079043014e-05
1.1103749999999999,0.00091552734375,0.00090151835750646391,1.400898624353609e-05
1.1105,0,2.1266216998396305e-08,-2.1266216998396305e-08
1.110625,-0.00091552734375,-0.0009005773752110821,-1.4949968538917899e-05
1.1107499999999999,-0.00164794921875,-0.00166323879738479,1.5289578634789967e-05
1.1108750000000001,-0.002166748046875,-0.0021720504283236973,5.3023814486972791e-06
1.111,-0.002349853515625,-0.0023498426242143989,-1.0891410601090307e-08
1.1111249999999999,-0.002166748046875,-0.0021698924715130752,3.1444246380752001e-06
1.1112500000000001,-0.00164794921875,-0.001659939660282799,1.1990441532798955e-05
1.111375,-0.000885009765625,-0.00089791103709358107,1.2901271468581071e-05
1.1114999999999999,0,-1.2698321974580438e-08,1.2698321974580438e-08
1.1116250000000001,0.000885009765625,0.0008969907799357493,-1.1981014310749301e-05
1.11175,0.00164794921875,0.0016566076829959242,-8.6584642459241849e-06
1.1118749999999999,0.002166748046875,0.0021633881580229429,3.3598888520571489e-06
1.1120000000000001,0.002349853515625,0.0023404706193654538,9.3828962595462334e-06
1.112125,0.002166748046875,0.0021612388295467319,5.5092173282681248e-06
1.11225,0.00164794921875,0.0016533217415144448,-5.3725227644448124e-06
1.1123749999999999,0.000885009765625,0.00089433511915599194,-9.3253535309919394e-06
1.1125,0,2.1166774377364042e-08,-2.1166774377364042e-08
1.112625,-0.000885009765625,-0.00089340150009406939,8.3917344690693932e-06
1.1127499999999999,-0.00164794921875,-0.0016499860376620421,2.0368189120420922e-06
1.1128750000000001,-0.002166748046875,-0.002154743465072067,-1.2004581802933009e-05
1.113,-0.0023193359375,-0.002331119025078402,1.1783087578402015e-05
1.1131249999999999,-0.002166748046875,-0.0021526027304309883,-1.4145316444011749e-05
1.1132500000000001,-0.00164794921875,-0.0016467132390210006,-1.2359797289993556e-06
1.113375,-0.000885009765625,-0.00089075647389708849,5.7467082720884894e-06
1.1134999999999999,0,-1.2599132035911287e-08,1.2599132035911287e-08
1.1136250000000001,0.000885009765625,0.00088984355084449759,-4.8337852194975904e-06
1.11375,0.00164794921875,0.0016434078280215701,4.5413907284299129e-06
1.1138749999999999,0.00213623046875,0.0021461502837391393,-9.9198149891392695e-06
1.1140000000000001,0.0023193359375,0.0023218217643129328,-2.4858268129327767e-06
1.114125,0.00213623046875,0.0021440181085718444,-7.7876398218443624e-06
1.11425,0.00164794921875,0.0016401481196542506,7.8010990957493899e-06
1.1143749999999999,0.000885009765625,0.00088720911664261367,-2.1993510176136679e-06
1.1145,0,2.1067836705285035e-08,-2.1067836705285035e-08
1.114625,-0.000885009765625,-0.00088628280267392988,1.2730370489298821e-06
1.1147499999999999,-0.00164794921875,-0.0016368388762399095,-1.1110342510090541e-05
1.1148750000000001,-0.00213623046875,-0.0021375744039546386,1.3439352046385605e-06
1.115,-0.0023193359375,-0.002312544615733068,-6.7913217669320243e-06
1.1151249999999999,-0.00213623046875,-0.0021354507540371787,-7.7971471282127502e-07
1.1152500000000001,-0.00164794921875,-0.001633592205789097,-1.4357012960902965e-05
1.115375,-0.000885009765625,-0.00088365891805293668,-1.3508475720633208e-06
1.1154999999999999,0,-1.2500446180155569e-08,1.2500446180155569e-08
1.1156250000000001,0.000885009765625,0.00088275327119729261,2.2564944277073942e-06
1.11575,0.001617431640625,0.0016303131498008046,-1.2881509175804561e-05
1.115875,0.00213623046875,0.0021290497610876396,7.1807076623604284e-06
1.1160000000000001,0.002288818359375,0.0023033215034896082,-1.450314411460818e-05
1.116125,0.00213623046875,0.0021269346023328963,9.2958664171037368e-06
1.11625,0.001617431640625,0.0016270794651186971,-9.6478244936970547e-06
1.1163749999999999,0.000885009765625,0.00088013989391184683,4.8698717131531689e-06
1.1165,0,2.0969402248812421e-08,-2.0969402248812421e-08
1.116625,-0.000885009765625,-0.00087922082735619321,-5.7889382688067854e-06
1.1167499999999999,-0.001617431640625,-0.0016237964717086503,6.3648310836502721e-06
1.1168750000000001,-0.002105712890625,-0.0021205421461652071,1.4829255540207108e-05
1.117,-0.002288818359375,-0.0022941182074329275,5.2998480579275441e-06
1.1171249999999999,-0.002105712890625,-0.0021184354446223625,1.2722553997362475e-05
1.1172500000000001,-0.001617431640625,-0.0016205757208560192,3.1440802310191574e-06
1.117375,-0.000885009765625,-0.0008766179153301268,-8.3918502948732024e-06
1.1174999999999999,0,-1.2402262671725051e-08,1.2402262671725051e-08
1.1176250000000001,0.000885009765625,0.00087571948721839341,9.2902784066065938e-06
1.11775,0.001617431640625,0.0016173228102835343,1.0883034146568979e-07
1.117875,0.002105712890625,0.0021120854956486455,-6.3726050236454813e-06
1.1180000000000001,0.002288818359375,0.0022849686528954478,3.8497064795521563e-06
1.118125,0.002105712890625,0.0021099872175026247,-4.2743268776246519e-06
1.11825,0.001617431640625,0.0016141149415281576,3.3166990968424345e-06
1.1183749999999999,0.000885009765625,0.00087312699854402058,1.1882767080979417e-05
1.1185,0,2.0871469270163156e-08,-2.0871469270163156e-08
1.118625,-0.000885009765625,-0.00087221512217754572,-1.2794643447454281e-05
1.1187499999999999,-0.001617431640625,-0.0016108579893629009,-6.5736512620991061e-06
1.1188750000000001,-0.002105712890625,-0.0021036456016528689,-2.067288972131074e-06
1.119,-0.002288818359375,-0.002275838620904446,-1.2979738470554007e-05
1.1191249999999999,-0.002105712890625,-0.0021015557132238031,-4.1571774011968897e-06
1.1192500000000001,-0.001617431640625,-0.0016076629511816709,-9.7686894433290927e-06
1.119375,-0.0008544921875,-0.00086963301511404768,1.5140827614047682e-05
1.1194999999999999,0,-1.2304579770686061e-08,1.2304579770686061e-08
1.1196250000000001,0.0008544921875,0.00086874174874776433,-1.4249561247764333e-05
1.11975,0.001617431640625,0.0016044359780965193,1.2995662528480665e-05
1.119875,0.002105712890625,0.0020952564017231072,1.0456488901892762e-05
1.1200000000000001,0.00225830078125,0.002266762037964545,-8.461256714544993e-06
1.120125,0.002105712890625,0.0020931748694653952,1.2538021159604756e-05
1.12025,0.0015869140625,0.0016012537191694783,-1.4339656669478274e-05
1.1203749999999999,0.0008544921875,0.00086616998172433038,-1.1677794224330376e-05
1.1205000000000001,0,2.0774036027298856e-08,-2.0774036027298856e-08
1.120625,-0.0008544921875,-0.00086526523877306235,1.0773051273062348e-05
1.1207499999999999,-0.0015869140625,-0.0015980226011482472,1.1108538648247224e-05
1.1208750000000001,-0.0020751953125,-0.0020868836890522656,1.1688376552265647e-05
1.121,-0.00225830078125,-0.0022577046862705479,-5.9609497945209769e-07
1.1211249999999999,-0.0020751953125,-0.0020848104795556221,9.6151670556220842e-06
1.1212500000000001,-0.0015869140625,-0.0015948530703628892,7.9390078628891522e-06
1.121375,-0.0008544921875,-0.00086270377038154245,8.2115828815424504e-06
1.1214999999999999,0,-1.2207394708303073e-08,1.2207394708303073e-08
1.1216250000000001,0.0008544921875,0.00086181960921321167,-7.3274217132116666e-06
1.12175,0.0015869140625,0.0015916518284909214,-4.7377659909214002e-06
1.121875,0.0020751953125,0.0020785614022616537,-3.3660897616537115e-06
1.1220000000000001,0.00225830078125,0.0022487004934899409,9.6002877600590703e-06
1.122125,0.0020751953125,0.0020764964822477983,-1.301169747798276e-06
1.12225,0.0015869140625,0.001588494974938447,-1.5809124384470047e-06
1.1223749999999999,0.0008544921875,0.00085926839821411647,-4.7762107141164668e-06
1.1225000000000001,0,2.0677100774103853e-08,-2.0677100774103853e-08
1.122625,-0.0008544921875,-0.0008583707323532849,3.8785448532849048e-06
1.1227499999999999,-0.0015869140625,-0.0015852894856082313,-1.6245768917687135e-06
1.1228750000000001,-0.0020751953125,-0.0020702553356147608,-4.9399768852391793e-06
1.123,-0.002227783203125,-0.0022397152429757482,1.1932039850748224e-05
1.1231249999999999,-0.0020751953125,-0.0020681986719392688,-6.9966405607311925e-06
1.1232500000000001,-0.0015869140625,-0.0015821452585834598,-4.7688039165401548e-06
1.123375,-0.0008544921875,-0.00085582973767132291,1.3375501713229054e-06
1.1234999999999999,0,-1.2110707793923281e-08,1.2110707793923281e-08
1.1236250000000001,0.0008544921875,0.00085495262559801108,-4.6043809801108067e-07
1.12375,0.0015869140625,0.001578969543289522,7.9445192104779603e-06
1.123875,0.0020751953125,0.0020619994287980454,1.3195883701954628e-05
1.1240000000000001,0.002227783203125,0.0022307828635490558,-2.9996604240557778e-06
1.124125,0.002044677734375,0.0020599509884497817,-1.5273254074781722e-05
1.12425,0.0015869140625,0.0015758378922900776,1.1076170209922383e-05
1.1243749999999999,0.0008544921875,0.00085242180632236566,2.0703811776343365e-06
1.1245000000000001,0,2.0580660748146994e-08,-2.0580660748146994e-08
1.124625,-0.0008544921875,-0.00085153116167189927,-2.9610258281007268e-06
1.1247499999999999,-0.0015869140625,-0.0015726578278324964,-1.4256234667503562e-05
1.1248750000000001,-0.002044677734375,-0.0020537594771382274,9.0817427632274191e-06
1.125,-0.002227783203125,-0.0022218691397118797,-5.9140634131203337e-06
1.1251249999999999,-0.002044677734375,-0.0020517192272365,7.0414928615000413e-06
1.1252500000000001,-0.001556396484375,-0.001569538702557282,1.3142218182281978e-05
1.125375,-0.0008544921875,-0.00084901047705558696,-5.4817104444130401e-06
1.1254999999999999,0,-1.2014516242777834e-08,1.2014516242777834e-08
1.1256250000000001,0.0008544921875,0.00084814035841825259,6.351829081747409e-06
1.12575,0.001556396484375,0.0015663883108343582,-9.9918264593581909e-06
1.125875,0.002044677734375,0.0020455694213792034,-8.9168700420335159e-07
1.1259999999999999,0.002227783203125,0.0022130080014297142,1.4775201695285765e-05
1.126125,0.002044677734375,0.0020435373291759489,1.1404051990511303e-06
1.12625,0.001556396484375,0.0015632816611856079,-6.8851768106079157e-06
1.1263749999999999,0.0008544921875,0.00084562976787651962,8.8624196234803835e-06
1.1265000000000001,0,2.048471622857687e-08,-2.048471622857687e-08
1.126625,-0.0008544921875,-0.00084474608899846241,-9.7460985015375857e-06
1.1267499999999999,-0.001556396484375,-0.0015601268194017635,3.7303350267634591e-06
1.1268750000000001,-0.002044677734375,-0.0020373950579012827,-7.2826764737172686e-06
1.127,-0.002197265625,-0.0022041652343444068,6.8996093444068443e-06
1.1271249999999999,-0.002044677734375,-0.0020353710907789918,-9.3066435960082426e-06
1.1272500000000001,-0.001556396484375,-0.0015570325954792398,6.3611110423977997e-07
1.127375,-0.0008544921875,-0.00084224555211186408,-1.2246635388135922e-05
1.1274999999999999,0,-1.1918818299320553e-08,1.1918818299320553e-08
1.1276250000000001,0.0008544921875,0.00084138237169090906,1.3109815809090935e-05
1.12775,0.001556396484375,0.0015539073259354795,2.4891584395204513e-06
1.127875,0.00201416015625,0.0020292703284977686,-1.5110172247768602e-05
1.1279999999999999,0.002197265625,0.0021953747695567438,1.8908554432562133e-06
1.128125,0.00201416015625,0.0020272544539693444,-1.3094297719344356e-05
1.12825,0.001556396484375,0.0015508254780406583,5.5710063343416931e-06
1.1283749999999999,0.000823974609375,0.00083889184819815031,-1.4917238823150309e-05
1.1285000000000001,0,2.0389264437544378e-08,-2.0389264437544378e-08
1.128625,-0.000823974609375,-0.00083801508009038604,1.4040470715386043e-05
1.1287499999999999,-0.001556396484375,-0.0015476956583404063,-8.7008260345937481e-06
1.1288750000000001,-0.00201416015625,-0.0020211610305941605,7.0008743441605029e-06
1.129,-0.002197265625,-0.0021866023938393294,-1.0663231160670632e-05
1.1291249999999999,-0.00201416015625,-0.0020191532163024079,4.9930600524079362e-06
1.1292500000000001,-0.001556396484375,-0.0015446261369728336,-1.1770347402166419e-05
1.129375,-0.000823974609375,-0.00083553452989416931,1.1559920519169315e-05
1.1294999999999999,0,-1.1823612204531447e-08,1.1823612204531447e-08
1.1296250000000001,0.000823974609375,0.00083467823290688534,-1.070362353188534e-05
1.12975,0.001556396484375,0.0015415257898165919,1.4870694558408127e-05
1.129875,0.00201416015625,0.0020131011070248076,1.0590492251923676e-06
1.1299999999999999,0.002166748046875,0.0021778820394191905,-1.1133992544190476e-05
1.130125,0.00201416015625,0.0020111013207418983,3.0588355081017336e-06
1.13025,0.00152587890625,0.0015384685456738025,-1.2589639423802451e-05
1.1303749999999999,0.000823974609375,0.00083220761606955058,-8.2330066945505813e-06
1.1305000000000001,0,2.0294303614355882e-08,-2.0294303614355882e-08
1.130625,-0.000823974609375,-0.00083133770416606023,7.3630947910602318e-06
1.1307499999999999,-0.00152587890625,-0.0015353635490622383,9.484642812238259e-06
1.1308750000000001,-0.00201416015625,-0.0020050563562520733,-9.1037999979267335e-06
1.131,-0.002166748046875,-0.0021691794941906739,2.4314473156738722e-06
1.1311249999999999,-0.00201416015625,-0.0020030645658790465,-1.1095590370953541e-05
1.1312500000000001,-0.00152587890625,-0.0015323185330389593,6.4396267889592872e-06
1.131375,-0.000823974609375,-0.0008288769809089697,4.9023715339697018e-06
1.1315,0,-1.1728896196083596e-08,1.1728896196083596e-08
1.1316250000000001,0.000823974609375,0.00082802751300333757,-4.0529036283375695e-06
1.13175,0.00152587890625,0.0015292429100681884,-3.3640038181884449e-06
1.131875,0.001983642578125,0.0019970607221430538,-1.3418144018053843e-05
1.1319999999999999,0.002166748046875,0.0021605286914980781,6.2193553769219166e-06
1.132125,0.001983642578125,0.001995076895709286,-1.1434317584285963e-05
1.13225,0.00152587890625,0.0015262100732548593,-3.3116700485927644e-07
1.1323749999999999,0.000823974609375,0.00082557664370987085,-1.6020343348708459e-06
1.1325000000000001,0,2.0199831995093279e-08,-2.0199831995093279e-08
1.132625,-0.000823974609375,-0.00082471353387362372,7.3892449862372495e-07
1.1327499999999999,-0.00152587890625,-0.0015231297023203271,-2.7492039296728686e-06
1.1328750000000001,-0.001983642578125,-0.0019890800041887182,5.4374260637182238e-06
1.133,-0.002166748046875,-0.0021518954203485559,-1.4852626526444101e-05
1.1331249999999999,-0.001983642578125,-0.0019871041098514187,3.4615317264187137e-06
1.1332500000000001,-0.00152587890625,-0.0015201089960050894,-5.7699102449105654e-06
1.133375,-0.000823974609375,-0.00082227247908217343,-1.7021302928265682e-06
1.1335,0,-1.1634668508507486e-08,1.1634668508507486e-08
1.1336250000000001,0.000823974609375,0.0008214297863371172,2.5448230378827957e-06
1.13375,0.00152587890625,0.0015170579005939931,8.8210056560069153e-06
1.133875,0.001983642578125,0.0019811481472810544,2.4944308439456102e-06
1.1339999999999999,0.00213623046875,0.0021433136151947688,-7.083146444768814e-06
1.134125,0.001983642578125,0.0019791801533243763,4.4624248006237127e-06
1.13425,0.00152587890625,0.0015140492762570558,1.182962999294419e-05
1.1343749999999999,0.000823974609375,0.00081899850674680807,4.9761026281919295e-06
1.1345000000000001,0,2.0105847812777134e-08,-2.0105847812777134e-08
1.134625,-0.000823974609375,-0.00081814214526911315,-5.8324641058868539e-06
1.1347499999999999,-0.00152587890625,-0.0015109933351564768,-1.4885571093523238e-05
1.1348750000000001,-0.001983642578125,-0.0019732309519303174,-1.0411626194682579e-05
1.135,-0.00213623046875,-0.0021347490661478142,-1.4814026021857558e-06
1.1351249999999999,-0.001983642578125,-0.0019712708267663466,-1.2371751358653416e-05
1.1352500000000001,-0.001495361328125,-0.0015079967444741815,1.2635416349181467e-05
1.135375,-0.000823974609375,-0.00081572060173555074,-8.2540076394492599e-06
1.1355,0,-1.1540926404519159e-08,1.1540926404519159e-08
1.1356250000000001,0.000823974609375,0.00081488463065391287,9.089978721087133e-06
1.13575,0.001495361328125,0.0015049699815613625,-9.6086534363624531e-06
1.135875,0.001953125,0.0019653623640459709,-1.2237364045970898e-05
1.1359999999999999,0.00213623046875,0.0021262357087598852,9.9947599901148258e-06
1.1361250000000001,0.001953125,0.0019634100762116018,-1.0285076211601768e-05
1.13625,0.001495361328125,0.0015019853764026414,-6.6240482776414294e-06
1.1363749999999999,0.000823974609375,0.00081247278418944543,1.1501825185554568e-05
1.1365000000000001,0,2.0012349297527512e-08,-2.0012349297527512e-08
1.136625,-0.000823974609375,-0.00081162311778565539,-1.2351491589344607e-05
1.1367499999999999,-0.001495361328125,-0.0014989536708518031,3.5923427268030623e-06
1.1368750000000001,-0.001953125,-0.0019575081851505478,4.3831851505478359e-06
1.137,-0.002105712890625,-0.0021177393342372243,1.2026443612224262e-05
1.1371249999999999,-0.001953125,-0.001955563703309226,2.4387033092259681e-06
1.1372500000000001,-0.001495361328125,-0.0014959810032774167,6.1967515241670955e-07
1.137375,-0.000823974609375,-0.00080922092955876084,-1.4753679816239163e-05
1.1375,0,-1.1447670058234781e-08,1.1447670058234781e-08
1.1376250000000001,0.00079345703125,0.00080839162706666128,-1.4934595816661284e-05
1.13775,0.001495361328125,0.0014929783793513787,2.3829487736212913e-06
1.137875,0.001953125,0.0019497023621606548,3.422637839345247e-06
1.1379999999999999,0.002105712890625,0.0021092938792227969,-3.5809885977969302e-06
1.1381250000000001,0.001953125,0.0019477656551018443,5.3593448981557445e-06
1.13825,0.001495361328125,0.0014900176016158727,5.3437265091272647e-06
1.1383749999999999,0.00079345703125,0.00080599905840042366,-1.2542027150423663e-05
1.1385000000000001,0,1.9919333719444932e-08,-1.9919333719444932e-08
1.138625,-0.00079345703125,-0.00080515603420747487,1.1699002957474866e-05
1.1387499999999999,-0.001495361328125,-0.0014870099388742885,-8.3513892507114992e-06
1.1388750000000001,-0.001953125,-0.0019419106976041485,-1.1214302395851474e-05
1.139,-0.002105712890625,-0.0021008651360092624,-4.8477546157376164e-06
1.1391249999999999,-0.001953125,-0.0019399817342406476,-1.3143265759352424e-05
1.1392500000000001,-0.001495361328125,-0.0014840610034204586,-1.1300324704541361e-05
1.139375,-0.00079345703125,-0.00080277304658251541,9.3160153325154123e-06
1.1395,0,-1.1354896719104381e-08,1.1354896719104381e-08
1.1396250000000001,0.00079345703125,0.00080195036002510614,-8.4933287751061404e-06
1.13975,0.001495361328125,0.0014810823265093388,1.4279001615661235e-05
1.139875,0.001922607421875,0.0019341671393974863,-1.1559717522486267e-05
1.1399999999999999,0.002105712890625,0.002092487042321671,1.3225848303329013e-05
1.1401250000000001,0.001922607421875,0.0019322458887674815,-9.6384668924814551e-06
1.14025,0.00146484375,0.0014781451859728985,-1.3301435972898476e-05
1.1403749999999999,0.00079345703125,0.00079957691507276125,-6.1198838227612476e-06
1.1405000000000001,0,1.9826801225503675e-08,-1.9826801225503675e-08
1.140625,-0.00079345703125,-0.00079874048064318913,5.2834493931891349e-06
1.1407499999999999,-0.00146484375,-0.0014751613748335813,1.0317624833581281e-05
1.1408750000000001,-0.001922607421875,-0.0019264374910647366,3.830069189736645e-06
1.141,-0.0020751953125,-0.0020841253915304422,8.9300790304422221e-06
1.1411249999999999,-0.001922607421875,-0.0019245239223298492,1.9165004548492466e-06
1.1412500000000001,-0.00146484375,-0.0014722359820369955,7.392232036995466e-06
1.141375,-0.00079345703125,-0.00079637654015108359,2.91950890108359e-06
1.1415,0,-1.1262604610684605e-08,1.1262604610684605e-08
1.1416249999999999,0.00079345703125,0.00079556041728924424,-2.1033860392442351e-06
1.14175,0.00146484375,0.0014692810616963026,-4.4373116963025965e-06
1.141875,0.001922607421875,0.001918755701514611,3.8517203603889889e-06
1.1419999999999999,0.0020751953125,0.0020758141224340829,-6.188099340828819e-07
1.1421250000000001,0.001922607421875,0.0019168497839597625,5.7576379152374582e-06
1.14225,0.00146484375,0.0014663673696527441,-1.5236196527440658e-06
1.1423749999999999,0.00079345703125,0.00079320594319800836,2.510880519916367e-07
1.1425000000000001,0,1.9734749073097534e-08,-1.9734749073097534e-08
1.142625,-0.00079345703125,-0.00079237604649932177,-1.080984750678228e-06
1.1427499999999999,-0.00146484375,-0.0014634072204293262,-1.43652957067383e-06
1.1428750000000001,-0.001922607421875,-0.0019110875752594476,-1.1519846615552385e-05
1.143,-0.0020751953125,-0.0020675190294721906,-7.6762830278093858e-06
1.1431249999999999,-0.001922607421875,-0.0019091892782923739,-1.3418143582626108e-05
1.1432500000000001,-0.00146484375,-0.0014605051823392318,-4.338567660768216e-06
1.143375,-0.00079345703125,-0.00079003100089938513,-3.4260303506148749e-06
1.1435,0,-1.117079195417582e-08,1.117079195417582e-08
1.1436249999999999,0.00079345703125,0.00078922138990643591,4.2356413435640878e-06
1.14375,0.00146484375,0.0014575738296376934,7.2699203623066179e-06
1.143875,0.00189208984375,0.0019034670621923071,-1.1377218442307126e-05
1.1439999999999999,0.002044677734375,0.0020592740525081769,-1.4596318133176887e-05
1.1441250000000001,0.00189208984375,0.0019015763553430567,-9.4865115930567196e-06
1.14425,0.00146484375,0.0014546833988886823,1.0160351111317698e-05
1.1443749999999999,0.00079345703125,0.00078688573504350368,6.5712962064963173e-06
1.1445000000000001,0,1.9643175482305724e-08,-1.9643175482305724e-08
1.144625,-0.00079345703125,-0.0007860623244548854,-7.3947067951146001e-06
1.1447499999999999,-0.00146484375,-0.0014517467234033239,-1.3097026596676142e-05
1.1448750000000001,-0.00189208984375,-0.0018958599678059232,3.7701240559232484e-06
1.145,-0.002044677734375,-0.0020510449870422939,6.3672526672939496e-06
1.1451249999999999,-0.00189208984375,-0.0018939768207263817,1.8869769763817275e-06
1.1452500000000001,-0.001434326171875,-0.0014488678535694514,1.4541681694451398e-05
1.145375,-0.00079345703125,-0.00078373602272152707,-9.7210085284729283e-06
1.1455,0,-1.107945696857242e-08,1.107945696857242e-08
1.1456249999999999,0.00079345703125,0.00078293287217997729,1.0524159070022707e-05
1.14575,0.001434326171875,0.0014459598810789855,-1.1633709203985512e-05
1.145875,0.00189208984375,0.0018883002429698629,3.7896007801371465e-06
1.1459999999999999,0.002044677734375,0.0020428657739943751,1.8119603806248524e-06
1.1461250000000001,0.00189208984375,0.0018864246254332508,5.6652183167491942e-06
1.14625,0.001434326171875,0.0014430925259193382,-8.7663540443382298e-06
1.1463749999999999,0.00079345703125,0.00078061588612538685,1.2841145124613154e-05
1.1465000000000001,0,1.9552078671075835e-08,-1.9552078671075835e-08
1.146625,-0.00079345703125,-0.00077979891043185692,-1.3658120818143085e-05
1.1467499999999999,-0.001434326171875,-0.001440179137491385,5.8529656163850124e-06
1.1468750000000001,-0.00189208984375,-0.0018807536941494439,-1.1336149600556147e-05
1.147,-0.002044677734375,-0.0020347022099168736,-9.9755244581264078e-06
1.147125,-0.00189208984375,-0.0018788855760498472,-1.3204267700152794e-05
1.1472500000000001,-0.001434326171875,-0.0014373232509519677,2.9970790769676559e-06
1.147375,-0.000762939453125,-0.00077749120274833098,1.4551749623330982e-05
1.1475,0,-1.0988597870810956e-08,1.0988597870810956e-08
1.1476249999999999,0.000762939453125,0.00077669446164664569,-1.3755008521645689e-05
1.14775,0.001434326171875,0.0014344384727350609,-1.123008600608516e-07
1.147875,0.001861572265625,0.0018732542731833086,-1.1682007558308635e-05
1.1479999999999999,0.00201416015625,0.0020265882367776294,-1.2428080527629361e-05
1.1481250000000001,0.001861572265625,0.0018713936245348291,-9.8213589098290754e-06
1.14825,0.001434326171875,0.0014315940089434632,2.7321629315368336e-06
1.1483749999999999,0.000762939453125,0.00077439599518271454,-1.1456542057714544e-05
1.1485000000000001,0,1.946145685537079e-08,-1.946145685537079e-08
1.148625,-0.000762939453125,-0.000773585403574514,1.0645950449514005e-05
1.1487499999999999,-0.001434326171875,-0.001428703722375571,-5.6224494994290466e-06
1.1488750000000001,-0.001861572265625,-0.0018657677875005532,4.1955218755532122e-06
1.149,-0.00201416015625,-0.0020184896521729142,4.3294959229142442e-06
1.149125,-0.001861572265625,-0.0018639145784378965,2.342312812896475e-06
1.1492500000000001,-0.001434326171875,-0.0014258706356448155,-8.4555362301844822e-06
1.149375,-0.000762939453125,-0.00077129614132066717,8.3566881956671736e-06
1.1495,0,-1.0898211959845186e-08,1.0898211959845186e-08
1.1496249999999999,0.000762939453125,0.00077050575905006488,-7.5663059250648777e-06
1.14975,0.001434326171875,0.0014230088672433155,1.1317304631684516e-05
1.149875,0.001861572265625,0.0018583281899018813,3.2440757231186508e-06
1.1499999999999999,0.00201416015625,0.0020104403991102185,3.7197571397815446e-06
1.1501250000000001,0.001861572265625,0.001856482390678809,5.0898749461910243e-06
1.15025,0.001434326171875,0.0014201871120685067,1.4139059806493343e-05
1.1503749999999999,0.000762939453125,0.00076822566415177826,-5.2862110267782626e-06
1.1505000000000001,0,1.9371308249313637e-08,-1.9371308249313637e-08
1.150625,-0.000762939453125,-0.00076742140622030675,4.4819530953067515e-06
1.1507499999999999,-0.00140380859375,-0.0014173197436374602,1.3511149887460204e-05
1.1508750000000001,-0.001861572265625,-0.0018509012887735388,-1.0670976851461216e-05
1.151,-0.00201416015625,-0.0020024062762213197,-1.1753880028680334e-05
1.151125,-0.001861572265625,-0.0018490628697624045,-1.2509395862595482e-05
1.1512500000000001,-0.00140380859375,-0.0014145092746950627,1.0700680945062695e-05
1.151375,-0.000762939453125,-0.00076515044196387991,2.2109888388799131e-06
1.1515,0,-1.0808299288372211e-08,1.0808299288372211e-08
1.1516249999999999,0.000762939453125,0.00076436636831515034,-1.4269151901503442e-06
1.1517500000000001,0.00140380859375,0.0014116703331164674,-7.8617393664674219e-06
1.151875,0.0018310546875,0.0018435210378685218,-1.2466350368521778e-05
1.1519999999999999,0.001983642578125,0.0019944212275450762,-1.0778649420076225e-05
1.1521250000000001,0.0018310546875,0.0018416899695608319,-1.0635282060831881e-05
1.15225,0.00140380859375,0.0014088711052661592,-5.0625115161591957e-06
1.1523749999999999,0.000762939453125,0.00076210449813979373,8.349549852062696e-07
1.1525000000000001,0,1.9281630160186369e-08,-1.9281630160186369e-08
1.152625,-0.000762939453125,-0.00076130652387527975,-1.6329292497202497e-06
1.1527499999999999,-0.00140380859375,-0.001406026472708558,2.2178789585579513e-06
1.1528750000000001,-0.0018310546875,-0.0018361532465236495,5.0985590236494582e-06
1.153,-0.001983642578125,-0.0019864510527405157,2.8084746155157027e-06
1.153125,-0.0018310546875,-0.0018343294995285557,3.2748120285556667e-06
1.1532500000000001,-0.00140380859375,-0.0014032384409879942,-5.7015276200582041e-07
1.153375,-0.000762939453125,-0.00075905371136241102,-3.8857417625889814e-06
1.1535,0,-1.0718857144593215e-08,1.0718857144593215e-08
1.1536249999999999,0.000762939453125,0.00075827589652276313,4.6635566022368681e-06
1.1537500000000001,0.00140380859375,0.0014004221446963811,3.3864490536189128e-06
1.153875,0.0018310546875,0.0018288318694373203,2.2228180626797378e-06
1.1539999999999999,0.001983642578125,0.0019785296968696489,5.1128812553510698e-06
1.1541250000000001,0.0018310546875,0.0018270154144814814,4.0392730185185525e-06
1.15425,0.00140380859375,0.0013976452643249741,6.1633294250258881e-06
1.1543749999999999,0.000762939453125,0.00075603210540297976,6.9073477220202382e-06
1.1545000000000001,0,1.9192422616357563e-08,-1.9192422616357563e-08
1.154625,-0.000762939453125,-0.00075524036518882223,-7.699087936177771e-06
1.1547499999999999,-0.00140380859375,-0.0013948231868275564,-8.9854069224436402e-06
1.1548750000000001,-0.0018310546875,-0.0018215227168883077,-9.5319706116922705e-06
1.155,-0.001983642578125,-0.0019706229606105694,-1.3019617514430613e-05
1.155125,-0.0018310546875,-0.0018197135248154339,-1.1341162684566121e-05
1.1552500000000001,-0.00140380859375,-0.001392057413203188,-1.1751180546812042e-05
1.155375,-0.000762939453125,-0.00075300555933380329,-9.9338937911967089e-06
1.1555,0,-1.062988373865065e-08,1.062988373865065e-08
1.1556249999999999,0.000762939453125,0.00075223395388538566,1.0705499239614343e-05
1.1557500000000001,0.00140380859375,0.0013892635821050696,1.4545011644930385e-05
1.155875,0.001800537109375,0.0018142597445132233,-1.3722635138223348e-05
1.1559999999999999,0.001953125,0.0019627647900402863,-9.6397900402863182e-06
1.1561250000000001,0.001800537109375,0.0018124577862835994,-1.1920676908599385e-05
1.15625,0.001373291015625,0.001386508870804016,-1.3217855179015973e-05
1.1563749999999999,0.000762939453125,0.00075000809731644942,1.293135580855058e-05
1.1565000000000001,0,1.9103682914864108e-08,-1.9103682914864108e-08
1.156625,-0.000762939453125,-0.00074922254192862406,-1.3716911196375936e-05
1.1567499999999999,-0.001373291015625,-0.0013837091689914804,1.0418153366480425e-05
1.1568750000000001,-0.001800537109375,-0.0018070087635252939,6.4716541502939096e-06
1.157,-0.001953125,-0.0019549209868478402,1.7959868478401725e-06
1.157125,-0.001800537109375,-0.0018052140102153172,4.6769008403171712e-06
1.1572499999999999,-0.001373291015625,-0.0013809654757683278,7.6744601433277864e-06
1.157375,-0.000732421875,-0.0007470055988070413,1.45837238070413e-05
1.1575,0,-1.0541377279336748e-08,1.0541377279336748e-08
1.1576249999999999,0.000732421875,0.00074624015371886892,-1.3818278718868916e-05
1.1577500000000001,0.001373291015625,0.0013781939312024617,-4.9029155774617077e-06
1.157875,0.001800537109375,0.0017998037304918705,7.3337888312945479e-07
1.1579999999999999,0.001953125,0.00194712549811715,5.999501882849971e-06
1.1581250000000001,0.001800537109375,0.0017980161532935835,2.5209560814165068e-06
1.15825,0.001373291015625,0.0013754612119868796,-2.1701963618795707e-06
1.1583749999999999,0.000732421875,0.00074403208835270411,-1.1610213352704108e-05
1.1585000000000001,0,1.9015409263874407e-08,-1.9015409263874407e-08
1.158625,-0.000732421875,-0.00074325266895664173,1.0830793956641727e-05
1.1587499999999999,-0.001373291015625,-0.0013726837079104533,-6.0730771454667667e-07
1.1588750000000001,-0.001800537109375,-0.0017926104575531805,-7.9266518218195064e-06
1.159,-0.001953125,-0.0019393441265401488,-1.3780873459851234e-05
1.159125,-0.001800537109375,-0.0017908300277738147,-9.7070816011853023e-06
1.1592499999999999,-0.001373291015625,-0.0013699619188108855,-3.3290968141144999e-06
1.159375,-0.000732421875,-0.00074105344579280131,8.6315707928013088e-06
1.1595,0,-1.0453335974228677e-08,1.0453335974228677e-08
1.1596249999999999,0.000732421875,0.00074029411242265805,-7.8722374226580533e-06
1.1597500000000001,0.001373291015625,0.0013672124835381345,6.0785320868655263e-06
1.159875,0.001800537109375,0.001785462902200239,1.5074207174760974e-05
1.1599999999999999,0.001922607421875,0.0019316108201996437,-9.0033983246437174e-06
1.1601250000000001,0.00177001953125,0.0017836895912614068,-1.3670060011406783e-05
1.16025,0.001373291015625,0.0013645015808354608,8.7894347895391568e-06
1.1603749999999999,0.000732421875,0.0007381036960561173,-5.6818210561173027e-06
1.1605000000000001,0,1.8927599870408602e-08,-1.8927599870408602e-08
1.160625,-0.000732421875,-0.00073733036420118279,4.908489201182792e-06
1.1607499999999999,-0.001373291015625,-0.001361746097962171,-1.1544917662829023e-05
1.1608750000000001,-0.00177001953125,-0.0017783268774918804,8.3073462418803683e-06
1.161,-0.001922607421875,-0.0019238913827824651,1.283960907465069e-06
1.161125,-0.00177001953125,-0.0017765606569304757,6.5411256804756741e-06
1.1612499999999999,-0.001373291015625,-0.0013590460381164794,-1.4244977508520587e-05
1.161375,-0.000732421875,-0.00073514871936220178,2.7268443622017807e-06
1.1615,0,-1.0365757156683215e-08,1.0365757156683215e-08
1.1616249999999999,0.000732421875,0.0007343954494519173,-1.9735744519172984e-06
1.1617500000000001,0.0013427734375,0.0013563185363066146,-1.354509880661459e-05
1.161875,0.00177001953125,0.0017712363418360922,-1.216810586092236e-06
1.1619999999999999,0.001922607421875,0.0019162197633623517,6.3876585126483327e-06
1.1621250000000001,0.00177001953125,0.0017694771833014699,5.4234794853009159e-07
1.16225,0.0013427734375,0.0013536292759471903,-1.0855838447190302e-05
1.1623749999999999,0.000732421875,0.00073222254101845739,1.993339815426062e-07
1.1625000000000001,0,1.8840252940470647e-08,-1.8840252940470647e-08
1.162625,-0.000732421875,-0.00073145524863736612,-9.6662636263388294e-07
1.16275,-0.0013427734375,-0.001350895639146745,8.1222016467450385e-06
1.1628750000000001,-0.00177001953125,-0.0017641571092036712,-5.8624220463287992e-06
1.163,-0.001922607421875,-0.0019085617666131068,-1.4045655261893213e-05
1.163125,-0.00177001953125,-0.0017624049844595473,-7.6145467904527309e-06
1.1632499999999999,-0.0013427734375,-0.0013482171350812724,5.4436975812724182e-06
1.163375,-0.000732421875,-0.00072929104162159123,-3.1308333784087683e-06
1.1635,0,-1.0278640785478706e-08,1.0278640785478706e-08
1.1636249999999999,0.000732421875,0.00072854378729401135,3.87808770598865e-06
1.1637500000000001,0.0013427734375,0.0013455113923023995,-2.7379548023995226e-06
1.163875,0.00177001953125,0.0017571231389112625,1.2896392338737541e-05
1.1639999999999999,0.00189208984375,0.0019009513425914991,-8.8614988414991228e-06
1.1641250000000001,0.00177001953125,0.0017553780198339161,1.4641511416083877e-05
1.16425,0.0013427734375,0.0013428436015064089,-7.0164006408949056e-08
1.1643749999999999,0.000732421875,0.00072638824685460654,6.0336281453934621e-06
1.1645000000000001,0,1.8753365816454813e-08,-1.8753365816454813e-08
1.164625,-0.000732421875,-0.00072562694625958322,-6.794928740416783e-06
1.16475,-0.0013427734375,-0.0013401316370425125,-2.6418004574874608e-06
1.1648750000000001,-0.001739501953125,-0.0017501002458350239,1.0598292710023872e-05
1.165,-0.00189208984375,-0.0018933542969504441,1.2644532004441392e-06
1.165125,-0.001739501953125,-0.0017483621044128564,8.8601512878564489e-06
1.1652499999999999,-0.0013427734375,-0.0013374745166678994,-5.2989208321006093e-06
1.165375,-0.000732421875,-0.00072348003768836413,-8.9418373116358736e-06
1.1655,0,-1.0191984185186487e-08,1.0191984185186487e-08
1.1656249999999999,0.000732421875,0.00072273875144434176,9.68312355565824e-06
1.1657500000000001,0.0013427734375,0.0013347903598753357,7.9830776246643271e-06
1.165875,0.001739501953125,0.0017431223901920301,-3.6204370670301061e-06
1.1659999999999999,0.00189208984375,0.0018858045807219088,6.2852630280912491e-06
1.1661250000000001,0.001739501953125,0.0017413911985260978,-1.8892454010978072e-06
1.16625,0.0013427734375,0.0013321438672423303,1.0629570257669708e-05
1.1663749999999999,0.000732421875,0.00072060044017768277,1.1821434822317225e-05
1.1665000000000001,0,1.8666938435041926e-08,-1.8666938435041926e-08
1.166625,-0.000732421875,-0.00071984508405825384,-1.2576790941746163e-05
1.16675,-0.0013427734375,-0.0013294534027591507,-1.3320034740849345e-05
1.1668750000000001,-0.001739501953125,-0.0017361553877572428,-3.3465653677571591e-06
1.167,-0.00189208984375,-0.0018782680005301161,-1.3821843219883907e-05
1.167125,-0.001739501953125,-0.0017344311180598293,-5.0708350651706893e-06
1.1672499999999999,-0.001312255859375,-0.0013268174953611118,1.4561635986111822e-05
1.1673750000000001,-0.000732421875,-0.00071771533566696824,-1.4706539333031758e-05
1.1675,0,-1.0105785559834497e-08,1.0105785559834497e-08
1.1676249999999999,0.000701904296875,0.00071697997038316702,-1.5075673508167017e-05
1.1677500000000001,0.001312255859375,0.0013241547528869565,-1.1898893511956467e-05
1.167875,0.001739501953125,0.0017292331996416528,1.0268753483347239e-05
1.1679999999999999,0.001861572265625,0.0018707785083744634,-9.206242749463427e-06
1.1681250000000001,0.001739501953125,0.0017275158242361394,1.1986128888860593e-05
1.16825,0.001312255859375,0.0013215293883842424,-9.273529009242408e-06
1.1683749999999999,0.000701904296875,0.00071485875057831203,-1.2954453703312033e-05
1.1685000000000001,0,1.8580968130307048e-08,-1.8580968130307048e-08
1.168625,-0.000701904296875,-0.00071410929199595572,1.2204995120955724e-05
1.16875,-0.001312255859375,-0.0013188602528972574,6.6043935222574301e-06
1.1688750000000001,-0.001708984375,-0.0017223216425108769,1.3337267510876933e-05
1.169,-0.001861572265625,-0.0018633019118427391,1.7296462177390521e-06
1.169125,-0.001708984375,-0.0017206111338313123,1.162675883131228e-05
1.1692499999999999,-0.001312255859375,-0.0013162453891231792,3.9895297481791665e-06
1.1693750000000001,-0.000701904296875,-0.00071199656662432353,1.009226974932353e-05
1.1695,0,-1.0020043112880858e-08,1.0020043112880858e-08
1.1696249999999999,0.000701904296875,0.00071126707554866944,-9.3627786736694444e-06
1.1697500000000001,0.001312255859375,0.0013136038906641579,-1.3480312891578708e-06
1.169875,0.001708984375,0.0017154546783630237,-6.4703033630236773e-06
1.1699999999999999,0.001861572265625,0.0018558721638940641,5.7001017309359341e-06
1.1701250000000001,0.001708984375,0.0017137510089536723,-4.7666339536723418e-06
1.17025,0.001312255859375,0.0013109994856176808,1.2563737573191916e-06
1.1703749999999999,0.000701904296875,0.00070916281059615861,-7.2585137211586071e-06
1.1705000000000001,0,1.8495453105470104e-08,-1.8495453105470104e-08
1.170625,-0.000701904296875,-0.00070841920298374153,6.5149061087415314e-06
1.17075,-0.001312255859375,-0.0013083515095021654,-3.9043498728345838e-06
1.1708750000000001,-0.001708984375,-0.0017085981247472713,-3.8625025272870199e-07
1.171,-0.001861572265625,-0.0018484550730721171,-1.3117192552882916e-05
1.171125,-0.001708984375,-0.0017069012672621764,-2.0831077378235998e-06
1.1712499999999999,-0.001312255859375,-0.0013057575213526371,-6.4983380223628852e-06
1.1713750000000001,-0.000701904296875,-0.00070632336456934305,4.4190676943430506e-06
1.1715,0,-9.9347550473369795e-09,9.9347550473369795e-09
1.1716249999999999,0.000701904296875,0.00070559970131811069,-3.6954044431106864e-06
1.1717500000000001,0.001312255859375,0.0013031370979592588,9.1187614157412378e-06
1.171875,0.001708984375,0.0017017859445417809,7.1984304582191263e-06
1.1719999999999999,0.0018310546875,0.0018410845932880905,-1.0029905788090524e-05
1.1721250000000001,0.001708984375,0.0017000958717443234,8.8885032556765796e-06
1.17225,0.001312255859375,0.0013005534850403634,1.1702374334636575e-05
1.1723749999999999,0.000701904296875,0.00070351225569959138,-1.6079588245913792e-06
1.1725000000000001,0,1.8410391563365137e-08,-1.8410391563365137e-08
1.172625,-0.000701904296875,-0.000702774452858416,8.7015598341599974e-07
1.17275,-0.001312255859375,-0.0012979265000211658,-1.4329359353834224e-05
1.1728749999999999,-0.001708984375,-0.0016949839561719287,-1.4000418828071307e-05
1.173,-0.0018310546875,-0.0018337265340339392,2.6718465339391814e-06
1.173125,-0.001678466796875,-0.0016933006409347129,1.4833844059712869e-05
1.1732499999999999,-0.00128173828125,-0.0012953532208373824,1.3614939587382408e-05
1.1733750000000001,-0.000701904296875,-0.0007006953664248001,-1.2089304501998986e-06
1.1735,0,-9.849919565888719e-09,9.849919565888719e-09
1.1736249999999999,0.000701904296875,0.00069997748498126387,1.9268118937361281e-06
1.1737500000000001,0.00128173828125,0.0012927537049043675,-1.1015423654367517e-05
1.173875,0.001678466796875,0.0016882261233901882,-9.7593265151881773e-06
1.1739999999999999,0.0018310546875,0.0018264148501653435,4.6398373346565481e-06
1.1741250000000001,0.001678466796875,0.0016865495386930078,-8.0827418180078135e-06
1.17425,0.00128173828125,0.0012901907181214283,-8.4524368714282948e-06
1.1743749999999999,0.000701904296875,0.00069790672426155718,3.997572613442823e-06
1.1745000000000001,0,1.8325781706560508e-08,-1.8325781706560508e-08
1.174625,-0.000701904296875,-0.00069717468035613921,-4.7296165188607858e-06
1.17475,-0.00128173828125,-0.001287584557260465,5.8462760104650239e-06
1.1748749999999999,-0.001678466796875,-0.0016814782654895656,3.011468614565584e-06
1.175,-0.0018310546875,-0.0018191153521149729,-1.1939335385027132e-05
1.175125,-0.001678466796875,-0.0016798083844224766,1.3415875474765727e-06
1.1752499999999999,-0.00128173828125,-0.0012850318217141243,3.2935404641243251e-06
1.1753750000000001,-0.000701904296875,-0.00069511221200724001,-6.7920848677599944e-06
1.1755,0,-9.7655340454286533e-09,9.7655340454286533e-09
1.1756249999999999,0.000701904296875,0.00069440006671799362,7.5042301570063833e-06
1.1757500000000001,0.00128173828125,0.0012824530469691148,-7.1476571911481719e-07
1.175875,0.001678466796875,0.0016747743470898796,3.6924497851204083e-06
1.1759999999999999,0.001800537109375,0.0018118619956754732,-1.1324886300473173e-05
1.1761250000000001,0.001678466796875,0.0016731111428479979,5.3556540270021172e-06
1.17625,0.00128173828125,0.0012799105216550915,1.8277595949084922e-06
1.1763749999999999,0.000701904296875,0.00069234585753643544,9.5584393385645576e-06
1.1765000000000001,0,1.8241621737477263e-08,-1.8241621737477263e-08
1.176625,-0.000701904296875,-0.00069161952709395147,-1.0284769781048527e-05
1.17675,-0.00128173828125,-0.0012773250193424855,-4.4132619075145426e-06
1.1768749999999999,-0.001678466796875,-0.0016680801883464413,-1.0386608528558739e-05
1.177,-0.001800537109375,-0.0018046205922127353,4.0834828377352833e-06
1.177125,-0.001678466796875,-0.0016664236342342697,-1.2043162640730304e-05
1.1772499999999999,-0.00128173828125,-0.0012747926634251638,-6.9456178248361675e-06
1.1773750000000001,-0.000701904296875,-0.00068957354400313894,-1.2330752871861058e-05
1.1775,0,-9.681598346099824e-09,9.681598346099824e-09
1.1776249999999999,0.000701904296875,0.00068886708957522659,1.3037207299773407e-05
1.1777500000000001,0.00128173828125,0.0012722344649181254,9.5038163318746094e-06
1.177875,0.00164794921875,0.0016614297547382305,-1.3480535988230537e-05
1.1779999999999999,0.001800537109375,0.0017974250984489006,3.1120109260994282e-06
1.1781250000000001,0.00164794921875,0.0016597798241654378,-1.1830605415437834e-05
1.17825,0.00128173828125,0.0012697122377205775,1.2026043529422522e-05
1.178375,0.000701904296875,0.00068682929963708177,1.5074997237918232e-05
1.1785000000000001,0,1.815790904276627e-08,-1.815790904276627e-08
1.178625,-0.00067138671875,-0.000686108637543734,1.4721918793734004e-05
1.17875,-0.00128173828125,-0.0012671472296640815,-1.4591051585918476e-05
1.1788749999999999,-0.00164794921875,-0.0016547888672763123,6.8396485263123169e-06
1.179,-0.001800537109375,-0.001790241326675647,-1.0295782699353039e-05
1.179125,-0.00164794921875,-0.0016531455337601359,5.1963150101358782e-06
1.1792499999999999,-0.001251220703125,-0.0012646350906761229,1.3414387551122925e-05
1.1793750000000001,-0.00067138671875,-0.00068407900794603628,1.2692289196036279e-05
1.1795,0,-9.5981098381019271e-09,9.5981098381019271e-09
1.1796249999999999,0.00067138671875,0.00068337819944410891,-1.1991480694108908e-05
1.1797500000000001,0.001251220703125,0.0012620973047688256,-1.087660164382563e-05
1.179875,0.00164794921875,0.0016481914922919839,-2.4227354198389298e-07
1.1799999999999999,0.00177001953125,0.0017831032345372051,-1.3083703287205053e-05
1.1801250000000001,0.00164794921875,0.0016465547294539924,1.3944892960076217e-06
1.18025,0.001251220703125,0.00125959521363942,-8.3745105144200291e-06
1.180375,0.00067138671875,0.00068135669751130136,-9.9699787613013622e-06
1.1805000000000001,0,1.8074643462879809e-08,-1.8074643462879809e-08
1.180625,-0.00067138671875,-0.00068064165901023088,9.2549402602308843e-06
1.18075,-0.001251220703125,-0.0012570505368522098,5.8298337272098301e-06
1.1808749999999999,-0.00164794921875,-0.001641603451645242,-6.3457671047580187e-06
1.181,-0.00177001953125,-0.001775976635243664,5.9571039936639515e-06
1.181125,-0.00164794921875,-0.0016399732332146467,-7.9759855353533221e-06
1.1812499999999999,-0.001251220703125,-0.0012545584533940036,3.3377502690035664e-06
1.1813750000000001,-0.00067138671875,-0.00067862825219385079,7.2415334438507856e-06
1.1815,0,-9.5150667239931505e-09,9.5150667239931505e-09
1.1816249999999999,0.00067138671875,0.0006779330450380857,-6.5463262880857036e-06
1.1817500000000001,0.001251220703125,0.0012520409177501609,-8.2021462516086024e-07
1.181875,0.00164794921875,0.0016350587125129104,1.2890506237089568e-05
1.1819999999999999,0.00177001953125,0.0017688954873539971,1.1240438960028517e-06
1.1821250000000001,0.00164794921875,0.0016334350123214879,1.4514206428512064e-05
1.18225,0.001251220703125,0.0012495588019336883,1.6619011913117029e-06
1.182375,0.00067138671875,0.00067592770092225393,-4.5409821722539349e-06
1.1825000000000001,0,1.7991822378197451e-08,-1.7991822378197451e-08
1.182625,-0.00067138671875,-0.0006752182416084791,3.831522858479099e-06
1.18275,-0.001251220703125,-0.0012470342947257084,-4.1864083992915885e-06
1.1828749999999999,-0.001617431640625,-0.001628523097597156,1.1091456972156044e-05
1.1830000000000001,-0.00177001953125,-0.001761825604989382,-8.1939262606179914e-06
1.183125,-0.001617431640625,-0.0016269058895837781,9.4742489587780563e-06
1.1832499999999999,-0.001251220703125,-0.0012445621066850196,-6.6585964399804021e-06
1.1833750000000001,-0.00067138671875,-0.00067322092790563588,1.8342091556358816e-06
1.1835,0,-9.4324672065839554e-09,9.4324672065839554e-09
1.1836249999999999,0.00067138671875,0.00067253127786743704,-1.1445591174370426e-06
1.1837500000000001,0.001251220703125,0.0012420646602587914,9.1560428662085941e-06
1.183875,0.001617431640625,0.0016220305749135887,-4.5989342885887404e-06
1.1839999999999999,0.001739501953125,0.0017548009476162504,-1.5298994491250379e-05
1.1841250000000001,0.001617431640625,0.001620419833118875,-2.9881924938749988e-06
1.18425,0.001251220703125,0.0012396023602845526,1.1618342840447353e-05
1.184375,0.00067138671875,0.00067054196242153133,8.4475632846866579e-07
1.1845000000000001,0,1.7909443991697599e-08,-1.7909443991697599e-08
1.184625,-0.00067138671875,-0.00066983803824214976,-1.5486805078502447e-06
1.18475,-0.001251220703125,-0.0012370978622516285,-1.412284087337146e-05
1.1848749999999999,-0.001617431640625,-0.001615546968000141,-1.8846726248589792e-06
1.1850000000000001,-0.001739501953125,-0.0017477873302596107,8.2853771346106699e-06
1.185125,-0.001617431640625,-0.0016139426665706435,-3.4889740543565459e-06
1.1852499999999999,-0.001220703125,-0.0012346454107955904,1.3942285795590396e-05
1.1853750000000001,-0.00067138671875,-0.00066785668902221698,-3.5300297277830218e-06
1.1855,0,-9.3503094890471514e-09,9.3503094890471514e-09
1.1856249999999999,0.00067138671875,0.00066717255222145612,4.2141665285438815e-06
1.1857500000000001,0.001220703125,0.0012321678938213324,-1.1464768821332428e-05
1.185875,0.001617431640625,0.0016091062457036127,8.325394921387258e-06
1.1859999999999999,0.001739501953125,0.0017408187132861176,-1.31676016111755e-06
1.1861250000000001,0.001617431640625,0.0016075083588877369,9.923281737263083e-06
1.18625,0.001220703125,0.0012297252514906166,-9.0221264906166151e-06
1.186375,0.00067138671875,0.00066519913732993269,6.187581420067311e-06
1.1865000000000001,0,1.7827506506775396e-08,-1.7827506506775396e-08
1.186625,-0.00067138671875,-0.00066450070457838711,-6.8860141716128864e-06
1.18675,-0.001220703125,-0.0012272406035047855,6.537478504785527e-06
1.1868749999999999,-0.001617431640625,-0.0016026742323916505,-1.4757408233349477e-05
1.1870000000000001,-0.001739501953125,-0.0017338609126174109,-5.6410405075890593e-06
1.187125,-0.0015869140625,-0.0016010827345419735,1.4168672041973453e-05
1.1872499999999999,-0.001220703125,-0.0012248077310679901,4.1046060679900652e-06
1.1873750000000001,-0.00067138671875,-0.0006625351922395909,-8.8515265104090971e-06
1.1875,0,-9.26859177502626e-09,9.26859177502626e-09
1.1876249999999999,0.00067138671875,0.00066185652514333198,9.5301936066680224e-06
1.1877500000000001,0.001220703125,0.001222349985051199,-1.6468600511989912e-06
1.187875,0.0015869140625,0.0015962848977365324,-9.3708352365323624e-06
1.1879999999999999,0.001739501953125,0.0017269478895131942,1.2554063611805834e-05
1.1881250000000001,0.0015869140625,0.0015946997633066744,-7.785700806674364e-06
1.18825,0.001220703125,0.0012199268434293753,7.762815706247473e-07
1.188375,0.00067138671875,0.00065989888371465193,1.1487835035348072e-05
1.1884999999999999,0,1.7746008911104159e-08,-1.7746008911104159e-08
1.188625,-0.00067138671875,-0.00065920589903020103,-1.2180819719798965e-05
1.18875,-0.001220703125,-0.0012174618876270628,-3.2412373729372428e-06
1.1888749999999999,-0.0015869140625,-0.0015899040669271889,2.9900044271888911e-06
1.1890000000000001,-0.001708984375,-0.0017200454607845953,1.1061085784595283e-05
1.189125,-0.0015869140625,-0.001588325270475017,1.4112079750169728e-06
1.1892499999999999,-0.001220703125,-0.0012150484379020081,-5.654687097991903e-06
1.1893750000000001,-0.00067138671875,-0.00065725609698993133,-1.4130621760068672e-05
1.1895,0,-9.187311488116786e-09,9.187311488116786e-09
1.1896249999999999,0.00067138671875,0.00065658285640894849,1.4803862341051513e-05
1.1897500000000001,0.001220703125,0.0012126103056086467,8.0928193913532877e-06
1.189875,0.0015869140625,0.0015835657104557074,3.3483520442926119e-06
1.1899999999999999,0.001708984375,0.0017131875885772528,-4.203213577252821e-06
1.1901250000000001,0.0015869140625,0.0015819932266384171,4.9208358615829111e-06
1.19025,0.001220703125,0.0012102065090133951,1.0496615986604852e-05
1.190375,0.000640869140625,0.00065464086236739175,-1.377172174239175e-05
1.1904999999999999,0,1.7664947835480178e-08,-1.7664947835480178e-08
1.190625,-0.000640869140625,-0.00065395328273164677,1.3084142106646775e-05
1.19075,-0.001220703125,-0.0012077610887875837,-1.2942036212416257e-05
1.1908749999999999,-0.0015869140625,-0.0015772356543263619,-9.6784081736380617e-06
1.1910000000000001,-0.001708984375,-0.0017063400905846901,-2.644284415309877e-06
1.191125,-0.0015869140625,-0.0015756694579045706,-1.1244604595429374e-05
1.1912499999999999,-0.001190185546875,-0.0012053669067140823,1.5181359839082321e-05
1.1913750000000001,-0.000640869140625,-0.00065201906541904528,1.1149924794045282e-05
1.1915,0,-9.1064684006921609e-09,9.1064684006921609e-09
1.1916249999999999,0.000640869140625,0.00065135120850510998,-1.0482067880109979e-05
1.1917500000000001,0.001190185546875,0.0012029482321605576,-1.2762685285557613e-05
1.191875,0.001556396484375,0.0015709478698436095,-1.4551385468609523e-05
1.1919999999999999,0.001708984375,0.0016995369298314241,9.4474451685759315e-06
1.1921250000000001,0.001556396484375,0.0015693879356773633,-1.2991451302363276e-05
1.19225,0.001190185546875,0.0012005636261524302,-1.037807927743023e-05
1.192375,0.000640869140625,0.00064942473678194579,-8.5555961569457918e-06
1.1924999999999999,0,1.758432227523531e-08,-1.758432227523531e-08
1.192625,-0.000640869140625,-0.00064874251951687885,7.8733788918788471e-06
1.19275,-0.001190185546875,-0.0011981375861404592,7.9520392654592459e-06
1.1928749999999999,-0.001556396484375,-0.0015646681838208747,8.271699445874716e-06
1.1930000000000001,-0.001678466796875,-0.0016927439248863468,1.4277128011346788e-05
1.193125,-0.001556396484375,-0.0015631144868719206,6.7180024969205974e-06
1.1932499999999999,-0.001190185546875,-0.0011957625178973281,5.5769710223280578e-06
1.1933750000000001,-0.000640869140625,-0.00064682376236475361,5.9546217397536119e-06
1.1935,0,-9.0260599315456958e-09,9.0260599315456958e-09
1.1936249999999999,0.000640869140625,0.0006461612466079421,-5.2921059829420976e-06
1.1937500000000001,0.001190185546875,0.0011933631463405447,-3.1775994655447361e-06
1.193875,0.001556396484375,0.0015584305683685126,-2.0340839935125993e-06
1.194,0.001678466796875,0.0016859950396458446,-7.5282427708445784e-06
1.1941250000000001,0.001556396484375,0.0015568830836972397,-4.8659932223968534e-07
1.19425,0.001190185546875,0.0011909975777130452,-8.120308380452166e-07
1.194375,0.000640869140625,0.00064425017313551717,-3.3810325105171736e-06
1.1944999999999999,0,1.7504130436488466e-08,-1.7504130436488466e-08
1.194625,-0.000640869140625,-0.00064357327589863644,2.7041352736364424e-06
1.19475,-0.001190185546875,-0.0011885907637883642,-1.594783086635845e-06
1.1948749999999999,-0.001556396484375,-0.0015522008511026485,-4.195633272351465e-06
1.1950000000000001,-0.001678466796875,-0.0016792560935472046,7.8929667220455253e-07
1.195125,-0.001556396484375,-0.0015506595538712148,-5.7369305037852439e-06
1.1952499999999999,-0.001190185546875,-0.0011862346567818847,-3.9508900931152762e-06
1.1953750000000001,-0.000640869140625,-0.00064166985533473369,8.0071470973368947e-07
1.1955,0,-8.9460842872526421e-09,8.9460842872526421e-09
1.1956249999999999,0.000640869140625,0.00064101263856216565,-1.4349793716565001e-07
1.1957500000000001,0.001190185546875,0.0011838544347099187,6.3311121650813044e-06
1.195875,0.001556396484375,0.0015460130049331157,1.0383479441884291e-05
1.196,0.001678466796875,0.0016725610513517385,5.9057455232614572e-06
1.1961250000000001,0.001556396484375,0.0015444778704006518,1.1918613974348227e-05
1.19625,0.001190185546875,0.0011815077514791179,8.6777953958820913e-06
1.196375,0.000640869140625,0.00063911684026306151,1.7523003619384931e-06
1.1964999999999999,0,1.7424370526295395e-08,-1.7424370526295395e-08
1.196625,-0.000640869140625,-0.00063844522104689971,-2.4239195781002856e-06
1.19675,-0.001190185546875,-0.0011791200107409074,-1.1065536134092623e-05
1.1968749999999999,-0.00152587890625,-0.0015398328582723417,1.3953952022341745e-05
1.1970000000000001,-0.001678466796875,-0.0016658757333582062,-1.2591063516793769e-05
1.197125,-0.00152587890625,-0.0015383038617992322,1.2424955549232217e-05
1.1972499999999999,-0.001190185546875,-0.0011767827135950415,-1.3402833279958521e-05
1.1973750000000001,-0.000640869140625,-0.00063655701448806683,-4.3121261369331691e-06
1.1975,0,-8.8665396753747436e-09,8.8665396753747436e-09
1.1976249999999999,0.000640869140625,0.00063590505485701864,4.9640857679813556e-06
1.1977500000000001,0.00115966796875,0.0011744214887162692,-1.4753519966269205e-05
1.197875,0.00152587890625,0.0015336943848232698,-7.815478573269764e-06
1.198,0.00164794921875,0.0016592341051859551,-1.1284886435955098e-05
1.1981250000000001,0.00152587890625,0.001532171501866095,-6.2925956160950463e-06
1.19825,0.00115966796875,0.0011720935401126622,-1.2425571362662197e-05
1.198375,0.000640869140625,0.00063402440963895954,6.8447309860404605e-06
1.1984999999999999,0,1.7345039999724784e-08,-1.7345039999724784e-08
1.1986250000000001,-0.000640869140625,-0.00063335802676841311,-7.511113856586895e-06
1.19875,-0.00115966796875,-0.001169724720876083,1.0056752126083026e-05
1.1988749999999999,-0.00152587890625,-0.0015275634137885755,1.6845075385754638e-06
1.1990000000000001,-0.00164794921875,-0.0016526019879883516,4.6527692383515739e-06
1.199125,-0.00152587890625,-0.0015260466199040737,1.677136540736892e-07
1.1992499999999999,-0.00115966796875,-0.0011674060834243561,7.7381146743561377e-06
1.1993750000000001,-0.000640869140625,-0.00063148491260988304,-9.3842280151169638e-06
1.1995,0,-8.7874243045584062e-09,8.7874243045584062e-09
1.1996249999999999,0.000640869140625,0.00063083816860940627,1.003097201559373e-05
1.1997500000000001,0.00115966796875,0.0011650637046577603,-5.3957359077603465e-06
1.199875,0.00152587890625,0.0015214739196571236,4.4049865928763587e-06
