time_s,decoded_FS,fit_FS,residual_FS
0.20000000000000001,0.090728759765625,0.089989711591876312,0.00073904817374868814
0.200125,0.083251953125,0.083108218206532941,0.00014373491846705888
0.20025000000000001,0.0625,0.063583342574415877,-0.001083342574415877
0.200375,0.033905029296875,0.034398743818042941,-0.0004937145211679414
0.20050000000000001,-0.00250244140625,4.9656853160423426e-06,-0.0025074070915660422
0.200625,-0.035491943359375,-0.03435924877491002,-0.0011326945844649799
0.20075000000000001,-0.063507080078125,-0.063464899446257286,-4.2180631867713703e-05
0.200875,-0.083404541015625,-0.082888390044723051,-0.00051615097090194906
0.20100000000000001,-0.089599609375,-0.089683838250931486,8.4228875931485758e-05
0.201125,-0.081634521484375,-0.082829856505917981,0.0011953350215429814
0.20125000000000001,-0.06353759765625,-0.063383044855414697,-0.00015455280083530309
0.201375,-0.034423828125,-0.034315133211698823,-0.0001086949133011772
0.20150000000000001,-0.000518798828125,-5.8870966839204485e-05,-0.00045992786128579551
0.201625,0.036590576171875,0.03416794478263472,0.0024226313892402804
0.20175000000000001,0.06341552734375,0.063157221073939118,0.00025830626981088178
0.201875,0.082733154296875,0.082503048680345387,0.00023010561652961337
0.20200000000000001,0.090728759765625,0.089271324116426021,0.0014574356491989793
0.202125,0.083404541015625,0.082444744022485084,0.0009597969931399164
0.20225000000000001,0.062957763671875,0.063075684239688498,-0.00011792056781349813
0.202375,0.03363037109375,0.034123993165218643,-0.00049362207146864262
0.20250000000000001,0.000823974609375,4.6969814716795943e-06,0.00081927762790332036
0.202625,-0.032958984375,-0.034085269419602861,0.0011262850446028608
0.20275000000000001,-0.061279296875,-0.062958636635573675,0.0016793397605736754
0.202875,-0.08135986328125,-0.082227111778056375,0.00086724849680637484
0.20300000000000001,-0.089385986328125,-0.088968323099009913,-0.00041766322911508669
0.203125,-0.083404541015625,-0.082169035106612165,-0.0012355059090128351
0.20324999999999999,-0.063323974609375,-0.062877416325508528,-0.00044655828386647167
0.203375,-0.03338623046875,-0.034041481142222031,0.0006552506734720312
0.20349999999999999,0.000274658203125,-5.8603391201117291e-05,0.0003332615943261173
0.203625,0.03363037109375,0.03389506082731493,-0.00026468973356492953
0.20374999999999999,0.062042236328125,0.062652982412208,-0.0006107460840829998
0.203875,0.0816650390625,0.081844414377291078,-0.0001793753147910776
0.20399999999999999,0.089202880859375,0.088558669803642465,0.00064421105573253534
0.204125,0.0819091796875,0.081786564801228395,0.00012261488627160477
0.20424999999999999,0.06085205078125,0.062572077398691459,-0.0017200266174414586
0.204375,0.033111572265625,0.03385143528643237,-0.00073986302080737004
0.20449999999999999,0.000885009765625,4.4305293059479723e-06,0.00088057923631905204
0.204625,-0.034698486328125,-0.033813476484739279,-0.00088500984338572147
0.20474999999999999,-0.061920166015625,-0.062456414029812231,0.00053624801418723084
0.204875,-0.082427978515625,-0.081571110867355828,-0.00085686764826917172
0.20499999999999999,-0.0899658203125,-0.088258518186891621,-0.0017073021256083787
0.205125,-0.080230712890625,-0.081513487499120754,0.0012827746084957542
0.20524999999999999,-0.0626220703125,-0.062375823089959079,-0.00024624722254092124
0.205375,-0.0328369140625,-0.033770013079033309,0.00093309901653330918
0.20549999999999999,-0.0006103515625,-5.8338057793549991e-05,-0.00055201350470644999
0.205625,0.03369140625,0.033624354550886144,6.7051699113855612e-05
0.20574999999999999,0.063812255859375,0.062152767801790791,0.0016594880575842089
0.205875,0.081817626953125,0.081191036329952254,0.00062659062317274583
0.20599999999999999,0.087799072265625,0.087851702899451004,-5.2630633826003526e-05
0.206125,0.08135986328125,0.081133638285457887,0.00022622499579211253
0.20624999999999999,0.060821533203125,0.062072489717459566,-0.0012509565143345655
0.206375,0.034423828125,0.033581052681241778,0.00084277544375822161
0.20649999999999999,0.001617431640625,4.1663099776696112e-06,0.0016132653306473305
0.206625,-0.030914306640625,-0.033543852522163818,0.0026295458815388181
0.20674999999999999,-0.0626220703125,-0.061958199386331292,-0.00066387092616870813
0.206875,-0.0811767578125,-0.080920345196484472,-0.00025641261601552778
0.20699999999999999,-0.087738037109375,-0.08755437794344012,-0.00018365916593487963
0.207125,-0.081024169921875,-0.080863171595097233,-0.00016099832677776704
0.20724999999999999,-0.062896728515625,-0.061878232944100511,-0.0010184955715244887
0.207375,-0.033782958984375,-0.033500711591665122,-0.00028224739270987786
0.20749999999999999,0.000701904296875,-5.8074947877441651e-05,0.00075997924475244166
0.207625,0.0325927734375,0.033355808574952649,-0.00076303513745264867
0.20774999999999999,0.0633544921875,0.061656545128942898,0.0016979470585571019
0.207875,0.078277587890625,0.080542872590583459,-0.0022652846999584586
0.20799999999999999,0.08612060546875,0.087150378014921995,-0.0010297725461719948
0.208125,0.080413818359375,0.080485922555109793,-7.2104195734792875e-05
0.20824999999999999,0.06121826171875,0.061576889120093022,-0.00035862740134302157
0.208375,0.032379150390625,0.03331282798887461,-0.00093367759824961039
0.20849999999999999,0.001495361328125,3.9043048261232886e-06,0.0014914570232988768
0.208625,-0.031646728515625,-0.033276380222961602,0.0016296517073366018
0.20874999999999999,-0.06048583984375,-0.061463960719783967,0.00097812087603396658
0.20887500000000001,-0.079864501953125,-0.080274772985414952,0.00041027103228995221
0.20899999999999999,-0.087615966796875,-0.086855857161204045,-0.00076010963567095524
0.20912500000000001,-0.081451416015625,-0.080218045642087829,-0.0012333703735371709
0.20924999999999999,-0.06036376953125,-0.061384613940279067,0.0010208444090290675
0.20937500000000001,-0.0318603515625,-0.033233559388762143,0.0013732078262621433
0.20949999999999999,0.0009765625,-5.7814042862278931e-05,0.0010343765428622788
0.20962500000000001,0.03350830078125,0.033089405659802527,0.0004188951214474726
0.20974999999999999,0.061370849609375,0.061164282536206975,0.00020656707316802497
0.20987500000000001,0.08001708984375,0.079899881546204685,0.00011720829754531537
0.20999999999999999,0.08807373046875,0.086454650123356638,0.0016190803453933617
0.21012500000000001,0.07830810546875,0.079843376024670232,-0.0015352705559202318
0.21024999999999999,0.0604248046875,0.061085243786676569,-0.00066043909917656851
0.21037500000000001,0.03314208984375,0.033046743987114865,9.5345856635134507e-05
0.21049999999999999,0.00042724609375,3.644495338514239e-06,0.00042360159841148574
0.21062500000000001,-0.032989501953125,-0.033011042416346711,2.1540463221711437e-05
0.21074999999999999,-0.06005859375,-0.060973666300085841,0.00091507255008584087
0.21087500000000001,-0.07916259765625,-0.079634352787546825,0.00047175513129682489
0.21099999999999999,-0.086151123046875,-0.086162910993514502,1.1787946639502112e-05
0.21112500000000001,-0.080169677734375,-0.079578068220850978,-0.0005916095135240218
0.21124999999999999,-0.062103271484375,-0.060894934385807099,-0.0012083370985679007
0.21137500000000001,-0.03271484375,-0.032968539316970844,0.0002536955669708435
0.21149999999999999,0.0015869140625,-5.7555324312661348e-05,0.0016444693868126613
0.21162500000000001,0.034271240234375,0.03282512870330058,0.0014461115310744205
0.21174999999999999,0.058746337890625,0.060675948420362454,-0.0019296105297374536
0.21187500000000001,0.079254150390625,0.079262021915929903,-7.8715253049033151e-06
0.21199999999999999,0.084869384765625,0.085764474557396123,-0.00089508979177112258
0.21212500000000001,0.07916259765625,0.079205957440505168,-4.3359784255167511e-05
0.21224999999999999,0.05908203125,0.060597522151241576,-0.0015154909012415757
0.21237500000000001,0.034942626953125,0.032782783591195387,0.0021598433619296128
0.21249999999999999,-0.001251220703125,3.3868631565132659e-06,-0.0012546075662815132
0.21262500000000001,-0.0335693359375,-0.032747822068561062,-0.00082151386893893757
0.21274999999999999,-0.05908203125,-0.060487284650373487,0.0014052534003734865
0.21287500000000001,-0.07720947265625,-0.078999043487045867,0.0017895708307958669
0.21299999999999999,-0.0858154296875,-0.08547549495160589,-0.00033993473589410961
0.21312500000000001,-0.080810546875,-0.07894319824269809,-0.0018673486323019101
0.21325,-0.0594482421875,-0.060409162840928357,0.00096092065342835709
0.21337500000000001,-0.032470703125,-0.032705634359837039,0.00023493123483703943
0.2135,-0.000335693359375,-5.7298773947009405e-05,-0.00027839458542799059
0.21362500000000001,0.032257080078125,0.032562960739791577,-0.00030588066166657712
0.21375,0.058837890625,0.060191511430397311,-0.0013536208053973112
0.21387500000000001,0.078521728515625,0.078629252748316739,-0.00010752423269173861
0.214,0.0841064453125,0.085079807006154057,-0.00097336169365405678
0.21412500000000001,0.079010009765625,0.0785736258782119,0.00043638388741309986
0.21425,0.059539794921875,0.060113692899739508,-0.00057389797786450841
0.21437500000000001,0.033660888671875,0.032520929852702711,0.001139958819172289
0.2145,0.00030517578125,3.1313900749703249e-06,0.00030204439117502966
0.21462500000000001,-0.03204345703125,-0.032486702281779134,0.00044324525052913399
0.21475,-0.060333251953125,-0.06000478454498244,-0.00032846740814256037
0.21487500000000001,-0.077362060546875,-0.078368804296204297,0.0010067437493292974
0.215,-0.0845947265625,-0.084793564901759669,0.00019883833925966876
0.21512500000000001,-0.078857421875,-0.078313394946855408,-0.00054402692814459197
0.21525,-0.061737060546875,-0.059927268116799381,-0.0018097924300756185
0.21537500000000001,-0.03240966796875,-0.032444827636715051,3.5159667965051211e-05
0.2155,-0.000457763671875,-5.7044373636884688e-05,-0.00040071929823811531
0.21562500000000001,0.033538818359375,0.032302884939009402,0.0012359334203655981
0.21575,0.060333251953125,0.05971094046549405,0.0006223114876309499
0.21587500000000001,0.077423095703125,0.078001533418737362,-0.00057843771561236212
0.216,0.082122802734375,0.084400603512371344,-0.0022778007779963444
0.21612500000000001,0.078338623046875,0.077946340739991682,0.00039228230688331811
0.21625,0.06134033203125,0.059633724968031362,0.0017066070632186375
0.21637500000000001,0.0323486328125,0.032261165958487679,8.7466854012320516e-05
0.2165,-0.00054931640625,2.8780580412375624e-06,-0.00055219446429123761
0.21662500000000001,-0.03192138671875,-0.032227666293024371,0.00030627957427437069
0.21675,-0.06048583984375,-0.059526135007443227,-0.00095970483630677256
0.21687500000000001,-0.07720947265625,-0.077743594752822151,0.00053412209657215104
0.217,-0.08563232421875,-0.084117077062470819,-0.0015152471562791814
0.21712500000000001,-0.079925537109375,-0.077688617897847451,-0.0022369192115275494
0.21725,-0.06060791015625,-0.059449219273487029,-0.0011586908827629708
0.21737500000000001,-0.031707763671875,-0.032186102401682695,0.00047833872980769521
0.2175,-0.00115966796875,-5.6792105403310376e-05,-0.0011028758633466896
0.21762500000000001,0.02984619140625,0.032044884604997735,-0.0021986931987477351
0.21775,0.059173583984375,0.059234204673033905,-6.062068865890502e-05
0.21787500000000001,0.07659912109375,0.07737882362677026,-0.00077970253302026005
0.218,0.084197998046875,0.083726820469594287,0.00047117757728071252
0.21812500000000001,0.079681396484375,0.077324061752042469,0.0023573347323325305
0.21825,0.06011962890625,0.059157587539893267,0.00096204136635673343
0.21837500000000001,0.033111572265625,0.032003475229586235,0.0011080970360387646
0.2185,0.000457763671875,2.6268491515047216e-06,0.00045513682272349526
0.21862500000000001,-0.032989501953125,-0.031970697473092759,-0.0010188044800322413
0.21875,-0.05963134765625,-0.059051305308492577,-0.00058004234775742292
0.21887499999999999,-0.077911376953125,-0.077123374717606663,-0.00078800223551833692
0.219,-0.082733154296875,-0.083445988001636925,0.00071283370476192542
0.21912499999999999,-0.076995849609375,-0.077068826982902489,7.2977373527488565e-05
0.21925,-0.05902099609375,-0.05897498561798202,-4.6010475767979675e-05
0.21937499999999999,-0.031585693359375,-0.031929442042472868,0.00034374868309786782
0.2195,-0.0006103515625,-5.6541951419132374e-05,-0.0005538096110808676
0.21962499999999999,0.03253173828125,0.031788943175031413,0.00074279510621858696
0.21975,0.057464599609375,0.058761273446615872,-0.001296673837240872
0.21987499999999999,0.0794677734375,0.076761083393610069,0.0027066900438899311
0.22,0.084075927734375,0.083058414619374771,0.0010175131150002292
0.22012499999999999,0.077301025390625,0.0767067489619771,0.00059427642864789965
0.22025,0.059295654296875,0.058685250045037857,0.00061040425183714331
0.22037499999999999,0.032501220703125,0.031747841120155017,0.00075337958296998325
0.2205,0.000946044921875,2.3777456531510417e-06,0.00094366717622184899
0.22062499999999999,-0.0323486328125,-0.031715779325478213,-0.00063285348702178668
0.22075,-0.058441162109375,-0.058580264964100154,0.00013910285472515382
0.22087499999999999,-0.075653076171875,-0.076508104371607197,0.00085502819973219679
0.221,-0.082733154296875,-0.082780254633769854,4.7100336894853601e-05
0.22112499999999999,-0.076171875,-0.076453982409367849,0.00028210740936784884
0.22125,-0.05865478515625,-0.05850453670222866,-0.00015024845402134002
0.22137499999999999,-0.03021240234375,-0.031674830079381155,0.0014624277356311555
0.2215,0.00054931640625,-5.6293894004764354e-05,0.00060561030025476433
0.22162499999999999,0.03076171875,0.031535044218579431,-0.00077332546857943052
0.22175,0.05645751953125,0.058292116424091801,-0.0018345968928418013
0.22187499999999999,0.07598876953125,0.076148273059512536,-0.00015950352826253622
0.222,0.083709716796875,0.082395343048492969,0.0013143737483820306
0.22212499999999999,0.074951171875,0.076094362736246784,-0.0011431908612467845
0.22225,0.058319091796875,0.058216682157151582,0.00010240963972341782
0.22237499999999999,0.03167724609375,0.031494247216382727,0.00018299887736727277
0.2225,0.001190185546875,2.1307299410920181e-06,0.0011880548169339079
0.22262499999999999,-0.03082275390625,-0.031462895485341889,0.00064014157909188935
0.22275,-0.057098388671875,-0.058112983733513118,0.0010145950616381183
0.22287499999999999,-0.07568359375,-0.075897744213640275,0.00021415046364027523
0.223,-0.082366943359375,-0.082119834217229432,-0.00024710914214556845
0.22312499999999999,-0.07562255859375,-0.075844044702170432,0.00022148610842043226
0.22325,-0.057769775390625,-0.058037842321168334,0.00026806693054333419
0.22337499999999999,-0.031524658203125,-0.031422250164245102,-0.00010240803887989758
0.2235,0.000396728515625,-5.604791562990666e-05,0.00045277643125490668
0.22362499999999999,0.030609130859375,0.031283171436210649,-0.00067404057683564944
0.22375,0.05950927734375,0.057826703485617151,0.0016825738581328492
0.22387499999999999,0.075439453125,0.075540353281230696,-0.00010090015623069604
0.224,0.08099365234375,0.081737563186202386,-0.00074391084245238603
0.22412499999999999,0.07586669921875,0.075486863757612113,0.0003798354611378868
0.22425,0.056793212890625,0.057751853791947576,-0.00095864090132257579
0.22437499999999999,0.0303955078125,0.031242677235475698,-0.00084716942297569792
0.22450000000000001,-0.00030517578125,1.8857845571490613e-06,-0.00030706156580714904
0.22462499999999999,-0.031280517578125,-0.031212029718419059,-6.8487859705940873e-05
0.22475000000000001,-0.057586669921875,-0.057649431617312182,6.2761695437181519e-05
0.22487499999999999,-0.075897216796875,-0.07529225505776671,-0.00060496173910828954
0.22500000000000001,-0.079498291015625,-0.081464684351479438,0.0019663933358544383
0.22512499999999999,-0.077178955078125,-0.07523897470127161,-0.0019399803768533896
0.22525000000000001,-0.0579833984375,-0.057574872510802649,-0.00040852592669735066
0.22537499999999999,-0.030029296875,-0.031171686079371319,0.0011423892043713191
0.22550000000000001,-0.00030517578125,-5.5803998908782697e-05,-0.00024937178234121728
0.22562499999999999,0.030426025390625,0.03103330865857383,-0.00060728326794882992
0.22575000000000001,0.055938720703125,0.057365004751717276,-0.0014262840485922759
0.22587499999999999,0.075775146484375,0.074937285029500755,0.00083786145487424468
0.22600000000000001,0.080047607421875,0.081085032801496537,-0.0010374253796215371
0.22612499999999999,0.074615478515625,0.074884213022609239,-0.00026873450698423895
0.22625000000000001,0.05712890625,0.057290735105234122,-0.00016182885523412238
0.22637499999999999,0.02923583984375,0.030993115024586022,-0.0017572751808360224
0.22650000000000001,-0.000152587890625,1.6428921888260282e-06,-0.00015423078281382601
0.22662499999999999,-0.031097412109375,-0.030963165920005364,-0.00013424618936963562
0.22675000000000001,-0.056884765625,-0.057189578855487352,0.00030481323048735243
0.22687499999999999,-0.076446533203125,-0.074691598030771481,-0.0017549351723535195
0.22700000000000001,-0.08111572265625,-0.080814762974365323,-0.00030095968188467714
0.22712499999999999,-0.07550048828125,-0.074638733559155818,-0.00086175472209418236
0.22725000000000001,-0.058135986328125,-0.057115597546267931,-0.0010203887818570692
0.22737499999999999,-0.02886962890625,-0.030923121736498662,0.002053492830248662
0.22750000000000001,0.000335693359375,-5.5562126602427639e-05,0.00039125548597742765
0.22762499999999999,0.03057861328125,0.030785439845353025,-0.00020682656410302494
0.22775000000000001,0.056121826171875,0.056906990581369173,-0.0007851644094941726
0.22787499999999999,0.07281494140625,0.074339029586533448,-0.0015240881802834477
0.22800000000000001,0.080078125,0.080437710000397677,-0.00035958500039767749
0.22812499999999999,0.07269287109375,0.074286371839047488,-0.0015935007452974881
0.22825000000000001,0.0562744140625,0.056833296490998469,-0.00055888242849846947
0.22837499999999999,0.031585693359375,0.030745544559781054,0.00084014879959394551
0.22850000000000001,-6.103515625e-05,1.4020356680958211e-06,-6.2437191918095821e-05
0.22862499999999999,-0.0294189453125,-0.030716288113915798,0.0012973428014157982
0.22875000000000001,-0.0579833984375,-0.056733395925526904,-0.0012500025119730959
0.228875,-0.074249267578125,-0.074095734569670044,-0.00015353300845495632
0.22900000000000001,-0.0782470703125,-0.080170028359413739,0.0019229580469137392
0.229125,-0.075531005859375,-0.074043282738336283,-0.0014877231210387171
0.22925000000000001,-0.057220458984375,-0.056659987939927194,-0.00056047104444780643
0.229375,-0.029296875,-0.030676541175765744,0.0013796661757657439
0.22950000000000001,-0.0008544921875,-5.5322281612296406e-05,-0.00079916990588770357
0.229625,0.029541015625,0.030539549084237779,-0.00099853345923777911
0.22975000000000001,0.055938720703125,0.056452631570098541,-0.00051391086697354094
0.229875,0.07208251953125,0.073745548543528258,-0.0016630290122782582
0.23000000000000001,0.079803466796875,0.079795553223267146,7.9135736078539409e-06
0.230125,0.071044921875,0.073693301823525487,-0.0026483799485254866
0.23025000000000001,0.058441162109375,0.056379508579506098,0.0020616535298689023
0.230375,0.030792236328125,0.030499949945014503,0.00029228638311049743
0.23050000000000001,-0.001678466796875,1.1631979701971564e-06,-0.0016796299948451971
0.230625,-0.030181884765625,-0.030471380451459119,0.00028949568583411939
0.23075000000000001,-0.056304931640625,-0.056280853540522001,-2.40781001029991e-05
0.230875,-0.073333740234375,-0.073504626419229918,0.00017088618485491813
0.23100000000000001,-0.077392578125,-0.079530439113153634,0.0021378609881536337
0.231125,-0.07330322265625,-0.073452584008880911,0.00014936135263091121
0.23125000000000001,-0.05645751953125,-0.056208014439476872,-0.00024950509177312785
0.231375,-0.030181884765625,-0.030431928564686211,0.00025004379906121144
0.23150000000000001,-0.00115966796875,-5.5084446985967489e-05,-0.0011045835217640325
0.231625,0.02935791015625,0.030295620589900662,-0.00093771043365066184
0.23175000000000001,0.05645751953125,0.056001898548091997,0.00045562098315800326
0.231875,0.075042724609375,0.073156803798207534,0.0018859208111674658
0.23200000000000001,0.078948974609375,0.079158521242137084,-0.00020954663276208374
0.232125,0.07415771484375,0.073104964898966771,0.0010527499447832295
0.23225000000000001,0.058319091796875,0.05592934223541568,0.00238974956145932
0.232375,0.0302734375,0.030256315411105777,1.7122088894223203e-05
0.23250000000000001,-0.00054931640625,9.2636221244126168e-07,-0.0005502427684624413
0.232625,-0.0291748046875,-0.030228427210420419,0.0010536225229204194
0.23275000000000001,-0.056793212890625,-0.055831922647286564,-0.00096129024333843627
0.232875,-0.073272705078125,-0.072918235629516298,-0.00035446944860870189
0.23300000000000001,-0.0794677734375,-0.078895954172458649,-0.00057181926504135117
0.233125,-0.07318115234375,-0.072866599445957705,-0.00031455289779229456
0.23325000000000001,-0.05517578125,-0.055759648026068712,0.00058386677606871162
0.233375,-0.0328369140625,-0.030189268197132142,-0.0026476458653678578
0.23350000000000001,-0.00164794921875,-5.4848605911344028e-05,-0.001593100612838656
0.233625,0.030426025390625,0.030053638702988002,0.00037238668763699828
0.23375000000000001,0.0555419921875,0.055554762578324396,-1.2770390824395905e-05
0.233875,0.07373046875,0.072572757552370304,0.0011577111976296961
0.23400000000000001,0.07708740234375,0.078526573158063523,-0.0014391708143135229
0.234125,0.073394775390625,0.072521323292175158,0.00087345209844984228
0.23425000000000001,0.05596923828125,0.055482768555905393,0.00048646972534460708
0.234375,0.029876708984375,0.030014625314727515,-0.00013791633035251452
0.23449999999999999,0.00054931640625,6.9151165971305617e-07,0.00054862489459028699
0.234625,-0.030670166015625,-0.029987412794051791,-0.00068275322157320892
0.23474999999999999,-0.055877685546875,-0.055386574424487238,-0.00049111112238776206
0.234875,-0.072479248046875,-0.072336524553455295,-0.00014272349341970525
0.23499999999999999,-0.0799560546875,-0.07826653280191076,-0.0016895218855892402
0.235125,-0.072235107421875,-0.072285291427399992,5.0184005524991915e-05
0.23524999999999999,-0.0567626953125,-0.055314859912451268,-0.0014478354000487317
0.235375,-0.02801513671875,-0.029948544492325601,0.001933407773575601
0.23549999999999999,0.00054931640625,-5.4614741723288125e-05,0.00060393114797328818
0.235625,0.0338134765625,0.029813587889108401,0.0039998886733915995
0.23574999999999999,0.05572509765625,0.055111194954696387,0.00061390270155361332
0.235875,0.070281982421875,0.071993372309465523,-0.0017113898875905226
0.23599999999999999,0.0787353515625,0.077899668398500613,0.00083568316399938725
0.236125,0.0711669921875,0.071942339531409522,-0.00077534734390952154
0.23624999999999999,0.05609130859375,0.055039758868826665,0.0010515497249233355
0.236375,0.031768798828125,0.029774864137402133,0.0019939346907228671
0.23649999999999999,-0.002044677734375,4.5862969650635151e-07,-0.0020451363640715064
0.236625,-0.0291748046875,-0.029748321730071105,0.00057351704257110545
0.23674999999999999,-0.055450439453125,-0.054944780280812039,-0.00050565917231296109
0.236875,-0.071685791015625,-0.071759455844416953,7.3664828791952797e-05
0.23699999999999999,-0.075836181640625,-0.077642134591185061,0.0018059529505600608
0.237125,-0.070587158203125,-0.071708622631290769,0.0011214644281657693
0.23724999999999999,-0.05413818359375,-0.054873621541102841,0.00073543794735284052
0.237375,-0.03045654296875,-0.029709741993838214,-0.00074680097491178557
0.23749999999999999,-0.00067138671875,-5.4382837875768098e-05,-0.00061700388087423193
0.237625,0.02935791015625,0.029575452737839614,-0.0002175425815896144
0.23774999999999999,0.055267333984375,0.054671167200209481,0.00059616678416551938
0.237875,0.07159423828125,0.071418610872184804,0.00017562740906519603
0.23799999999999999,0.0755615234375,0.077277766714695731,-0.0017162432771957309
0.238125,0.069915771484375,0.071367976443978035,-0.0014522049596030345
0.23824999999999999,0.054718017578125,0.054600284730841213,0.00011773284728378713
0.238375,0.031005859375,0.029537016484501338,0.0014688428904986624
0.23849999999999999,-3.0517578125e-05,2.2769986602747997e-07,-3.074527799102748e-05
0.238625,-0.03033447265625,-0.029511138669668702,-0.0008233339865812983
0.23874999999999999,-0.05419921875,-0.054506511853106371,0.00030729310310637081
0.238875,-0.07177734375,-0.071186992453817391,-0.00059035129618260906
0.23899999999999999,-0.0767822265625,-0.077022719452455174,0.00024049288995517393
0.239125,-0.0697021484375,-0.071136556033566709,0.0014344075960667085
0.23924999999999999,-0.055877685546875,-0.054435904582426232,-0.0014417809644487675
0.239375,-0.029571533203125,-0.02947284536859876,-9.8687834526239859e-05
0.23949999999999999,0.000274658203125,-5.4152877980805916e-05,0.00032881108110580592
0.239625,0.0296630859375,0.029339217961738256,0.00032386797576174423
0.23974999999999999,0.054412841796875,0.054234651065112723,0.00017819073176227745
0.239875,0.071197509765625,0.070848436340074233,0.00034907342555076659
0.23999999999999999,0.076690673828125,0.076660828179105397,2.9845649019602516e-05
0.24012500000000001,0.07171630859375,0.070798197153851508,0.00091811143989849187
0.24024999999999999,0.053070068359375,0.054164317925624018,-0.0010942495662490184
0.24037500000000001,0.029144287109375,0.029301067084263829,-0.00015677997488882864
0.24049999999999999,0.0003662109375,-1.2941578576337485e-09,0.00036621223165785765
0.24062500000000001,-0.0284423828125,-0.029275848386522092,0.00083346557402209226
0.24074999999999999,-0.05291748046875,-0.054071741004571079,0.0011542605358210792
0.24087500000000001,-0.069427490234375,-0.070619097628740857,0.0011916073943658567
0.24099999999999999,-0.078216552734375,-0.076408247617819697,-0.0018083051165553032
0.24112500000000001,-0.070159912109375,-0.070569054905640902,0.00040914279626590166
0.24124999999999999,-0.05279541015625,-0.054001680932911744,0.0012062707766617442
0.24137500000000001,-0.0296630859375,-0.029237839405908642,-0.00042524653159135839
0.24149999999999999,-0.001190185546875,-5.3924845781619959e-05,-0.00113626070109338
0.24162500000000001,0.030242919921875,0.029104868395358349,0.0011380515265166508
0.24174999999999999,0.05230712890625,0.053801618525103956,-0.0014944896188539558
0.24187500000000001,0.069671630859375,0.070282812107164985,-0.00061118124778998528
0.24199999999999999,0.0760498046875,0.076048813182831909,9.9150466809083682e-07
0.24212500000000001,0.06976318359375,0.070232965079296272,-0.0004697814855462723
0.24224999999999999,0.0528564453125,0.053731830462032788,-0.00087538514953278829
0.24237500000000001,0.027984619140625,0.029067000786809589,-0.0010823816461845888
0.24249999999999999,0.0010986328125,-2.2836856395070618e-07,0.0010988611810639507
0.24262500000000001,-0.029266357421875,-0.029042435775818456,-0.00022392164605654352
0.24274999999999999,-0.05426025390625,-0.053640439822950567,-0.00061981408329943311
0.24287500000000001,-0.071380615234375,-0.070055734909577866,-0.0013248803247971341
0.24299999999999999,-0.0772705078125,-0.07579867963674887,-0.0014718281757511303
0.24312500000000001,-0.070281982421875,-0.070006082812045345,-0.00027589960982965511
0.24324999999999999,-0.053436279296875,-0.053570922713333628,0.00013464341645862826
0.24337500000000001,-0.0316162109375,-0.029004709016466245,-0.0026115019210337549
0.24349999999999999,-0.0015869140625,-5.3698725152780264e-05,-0.0015332153373472197
0.24362500000000001,0.028564453125,0.028872388994278804,-0.00030793586927880395
0.24374999999999999,0.053680419921875,0.053372041779525356,0.000308378142349644
0.24387500000000001,0.071044921875,0.06972170185962516,0.0013232200153748402
0.24399999999999999,0.075775146484375,0.075441682433080262,0.00033346405129473788
0.24412500000000001,0.069000244140625,0.0696722439305235,-0.00067199978989850029
0.24424999999999999,0.05291748046875,0.053302794572314731,-0.00038531410356473089
0.24437500000000001,0.0274658203125,0.028834802563173171,-0.0013689822506731709
0.2445,-0.000213623046875,-4.5353941025075352e-07,-0.00021316950746474924
0.24462500000000001,-0.028778076171875,-0.028810885853283983,3.2809681408983021e-05
0.24475,-0.0548095703125,-0.053212580618744593,-0.0015969896937554073
0.24487500000000001,-0.06976318359375,-0.069496868127689182,-0.00026631546606081802
0.245,-0.07513427734375,-0.075193976373551782,5.9699029801782433e-05
0.24512500000000001,-0.069305419921875,-0.069447603608089506,0.00014218368621450594
0.24525,-0.052490234375,-0.053143602266968605,0.00065336789196860506
0.24537500000000001,-0.027740478515625,-0.028773439231393083,0.0010329607157680831
0.2455,-0.00213623046875,-5.3474500110977035e-05,-0.0020827559686390231
0.24562500000000001,0.028106689453125,0.02864176483413261,-0.00053507538100761032
0.24575,0.054046630859375,0.052945893249586103,0.0011007376097888974
0.24587500000000001,0.069305419921875,0.069165069573423874,0.00014035034845112648
0.246,0.074066162109375,0.074839396950635545,-0.00077323484126054498
0.24612500000000001,0.0682373046875,0.069115997707363666,-0.0008786930198636661
0.24625,0.051971435546875,0.052877182710327535,-0.00090574716345253464
0.24637500000000001,0.02874755859375,0.028604457504327781,0.00014310108942221927
0.2465,0.001556396484375,-6.7682261322845897e-07,0.0015570733069882284
0.24662500000000001,-0.0264892578125,-0.028581183754226882,0.0020919259417268819
0.24675,-0.054351806640625,-0.052788135923422339,-0.0015636707172026615
0.24687500000000001,-0.06890869140625,-0.068942461403077429,3.3769996827429094e-05
0.247,-0.07501220703125,-0.074594099004863856,-0.00041810802638614364
0.24712500000000001,-0.0697021484375,-0.068893581437544191,-0.00080856699995580927
0.24725,-0.051361083984375,-0.052719692157808702,0.0013586081734337022
0.24737500000000001,-0.029205322265625,-0.028544015201283628,-0.00066130706434137237
0.2475,0.00030517578125,-5.3252154797736896e-05,0.00035842793604773691
0.24762500000000001,0.028472900390625,0.028412981109659664,5.9919280965336358e-05
0.24775,0.051910400390625,0.052523145576580513,-0.00061274518595551275
0.24787500000000001,0.070709228515625,0.068612879512024633,0.0020963490036003674
0.248,0.074371337890625,0.074241918067360316,0.00012941982326468426
0.24812500000000001,0.070037841796875,0.068564190696949176,0.001473651099925824
0.24825,0.052001953125,0.052454967549763962,-0.0004530144247639617
0.24837500000000001,0.027557373046875,0.02837595082024285,-0.00081857777336784981
0.2485,0.000518798828125,-8.9823396504064361e-07,0.00051969706209004064
0.24862500000000001,-0.029022216796875,-0.028353314732572247,-0.00066890206430275309
0.24875,-0.050933837890625,-0.052367078487670186,0.0014332405970451864
0.24887500000000001,-0.06768798828125,-0.068392479142089319,0.00070449086083931856
0.249,-0.07318115234375,-0.073999009017154185,0.00081785667340418533
0.24912500000000001,-0.06866455078125,-0.068343980730333459,-0.00032057005091654101
0.24925,-0.0516357421875,-0.052299165168811834,0.00066342298131183419
0.24937500000000001,-0.028228759765625,-0.028316422195237008,8.766242961200793e-05
0.2495,0.00042724609375,-5.3031673495437305e-05,0.0004802777672454373
0.24962500000000001,0.0272216796875,0.028186023133741522,-0.00096434344624152235
0.24975,0.05267333984375,0.052103771620143714,0.00056956822360628573
0.24987500000000001,0.066497802734375,0.068065096224084493,-0.0015672934897094926
0.25,0.0745849609375,0.073649207423712074,0.00093575351378792637
0.25012499999999999,0.06927490234375,0.068016787471430418,0.0012581148723195823
0.25024999999999997,0.05218505859375,0.052036121982405648,0.00014893661134435243
0.25037500000000001,0.029052734375,0.02814926783891861,0.00090346653608138969
0.2505,0.001312255859375,-1.1177891175796839e-06,0.0013133736484925798
0.25062499999999999,-0.027313232421875,-0.02812726415992441,0.00081403173804940956
0.25074999999999997,-0.0516357421875,-0.051949381279625929,0.00031363909212592939
0.25087500000000001,-0.068695068359375,-0.067846886035128104,-0.0008481823242468961
0.251,-0.0714111328125,-0.073408668204252958,0.0019975353917529581
0.25112499999999999,-0.068115234375,-0.067798766200259708,-0.00031646817474029199
0.25124999999999997,-0.052276611328125,-0.051881994300146748,-0.00039461702797825154
0.25137500000000002,-0.026641845703125,-0.02809064559992688,0.0014487998968018799
0.2515,0.00048828125,-5.2813040609215017e-05,0.00054109429060921507
0.25162499999999999,0.027008056640625,0.027960876336466545,-0.00095281969584154469
0.25174999999999997,0.05157470703125,0.051687744456492719,-0.00011303742524271937
0.25187500000000002,0.068389892578125,0.067521684541184512,0.00086820803694048765
0.252,0.074493408203125,0.073061226966280465,0.0014321812368445347
0.25212499999999999,0.067657470703125,0.067473752885684954,0.00018371781744004612
0.25224999999999997,0.051483154296875,0.05162061911636924,-0.00013746481949424016
0.25237500000000002,0.02813720703125,0.027924394005459739,0.00021281302579026148
0.2525,-0.001434326171875,-1.3355036004924807e-06,-0.0014329906682745074
0.25262499999999999,-0.02764892578125,-0.027903017524635369,0.00025409174338536858
0.25274999999999997,-0.05206298828125,-0.051535017483172962,-0.00052797079807703762
0.25287500000000002,-0.066131591796875,-0.067305647054384118,0.0011740552575091184
0.253,-0.07452392578125,-0.072823038664898476,-0.0017008871163515238
0.25312499999999999,-0.06793212890625,-0.067257902842722081,-0.00067422606352791903
0.25324999999999998,-0.05255126953125,-0.051468152767453743,-0.0010831167637962574
0.25337500000000002,-0.027862548828125,-0.027866670918647529,4.1220905225292093e-06
0.2535,0.00213623046875,-5.2596240682726674e-05,0.0021888267094327266
0.25362499999999999,0.027069091796875,0.027737526264211665,-0.00066843446733666489
0.25374999999999998,0.0506591796875,0.051275037376726167,-0.00061585768922616663
0.25387500000000002,0.0670166015625,0.066982609575565358,3.3991986934642227e-05
0.254,0.073028564453125,0.072477938945344114,0.00055062550778088581
0.25412499999999999,0.0660400390625,0.06693505207508213,-0.00089501301258212984
0.25424999999999998,0.05267333984375,0.051208432274396171,0.0014649075693538294
0.25437500000000002,0.027496337890625,0.027701314881125219,-0.00020497699050021911
0.2545,-0.0008544921875,-1.5513928054827877e-06,-0.00085294079469451717
0.25462499999999999,-0.028900146484375,-0.027680560430853849,-0.001219586053521151
0.25474999999999998,-0.05230712890625,-0.051123960496180211,-0.001183168410069789
0.25487500000000002,-0.067474365234375,-0.066768727451591681,-0.00070563778278331935
0.255,-0.071441650390625,-0.072242082800303836,0.00080043240967883622
0.25512499999999999,-0.06646728515625,-0.066721355932489998,0.00025407077623999796
0.25524999999999998,-0.050201416015625,-0.051057614000139737,0.00085619798451473661
0.25537500000000002,-0.027618408203125,-0.027644483770398569,2.60755672735688e-05
0.2555,-0.00054931640625,-5.2381258380345614e-05,-0.00049693514786965434
0.25562499999999999,0.026031494140625,0.027515958578674202,-0.0014844644380492024
0.25574999999999998,0.050140380859375,0.050865623885078447,-0.00072524302570344673
0.25587500000000002,0.0670166015625,0.066447836717894032,0.00056876484460596788
0.25600000000000001,0.0731201171875,0.071899305912447101,0.0012208112750528993
0.25612499999999999,0.065185546875,0.066400650453228502,-0.0012151035782285019
0.25624999999999998,0.050811767578125,0.050799534992133771,1.2232585991228673e-05
0.25637500000000002,0.027862548828125,0.027480016142416713,0.00038253268570828669
0.25650000000000001,-0.00201416015625,-1.7654720040429852e-06,-0.002012394684245957
0.25662499999999999,-0.026214599609375,-0.027459878597609073,0.0012452789882340734
0.25674999999999998,-0.049468994140625,-0.050716183928823821,0.0012471897881988214
0.25687500000000002,-0.0648193359375,-0.066236092755791731,0.0014167568182917312
0.25700000000000001,-0.0682373046875,-0.071665763311743,0.0034284586242429999
0.25712499999999999,-0.066986083984375,-0.06618909102145841,-0.00079699296291659005
0.25724999999999998,-0.051666259765625,-0.050650351639666302,-0.0010159081259586977
0.25737500000000002,-0.028289794921875,-0.027424069888946172,-0.00086572503292882755
0.25750000000000001,0.000946044921875,-5.216807850267261e-05,0.00099821300037767268
0.25762499999999999,0.027313232421875,0.027296159055987854,1.7073365887146363e-05
0.25774999999999998,0.051300048828125,0.050459477697232177,0.00084057113089282265
0.25787500000000002,0.064544677734375,0.065917331635035409,-0.0013726539006604088
0.25800000000000001,0.070037841796875,0.07132529071799458,-0.00128744892111958
0.25812499999999999,0.066436767578125,0.065870513709756065,0.00056625386836893499
0.25824999999999998,0.05096435546875,0.050393901016428967,0.00057045445232103281
0.25837500000000002,0.026214599609375,0.027260483580145441,-0.0010458839707704407
0.25850000000000001,-0.00030517578125,-1.9777563320051613e-06,-0.00030319802491799483
0.25862499999999999,-0.02850341796875,-0.027240957857903363,-0.0012624601108466374
0.25874999999999998,-0.0511474609375,-0.050311661601876806,-0.00083579933562319408
0.25887500000000002,-0.067535400390625,-0.065707708771125195,-0.001827691619499805
0.25900000000000001,-0.06951904296875,-0.071094043198156098,0.0015750002294060983
0.25912499999999999,-0.065216064453125,-0.065661073936440967,0.00044500948331596679
0.25924999999999998,-0.04974365234375,-0.050246339537850085,0.00050268719410008489
0.25937500000000002,-0.027069091796875,-0.027205415121922316,0.00013632332504731615
0.25950000000000001,0.000701904296875,-5.1956685969016441e-05,0.00075386098284401643
0.25962499999999999,0.02752685546875,0.027078113585788655,0.00044874188296134543
0.25974999999999998,0.048126220703125,0.050056572738636389,-0.0019303520355113887
0.25987500000000002,0.0633544921875,0.065391060267854351,-0.0020365680803543507
0.26000000000000001,0.07012939453125,0.070755856508867815,-0.00062646197761781486
0.260125,0.064727783203125,0.065344607808113145,-0.00061682460498814484
0.26024999999999998,0.0506591796875,0.049991504303654212,0.00066767538384578801
0.26037500000000002,0.02691650390625,0.027042703098525647,-0.00012619919227564724
0.26050000000000001,0.000762939453125,-2.1882608069903672e-06,0.00076512771393199034
0.260625,-0.027069091796875,-0.027023784157787539,-4.530763908746141e-05
0.26074999999999998,-0.050048828125,-0.049910367545039941,-0.00013846057996005912
0.26087500000000002,-0.0665283203125,-0.06518354157463116,-0.0013447787378688403
0.26100000000000001,-0.0712890625,-0.07052688575377393,-0.00076217674622607035
0.261125,-0.065826416015625,-0.065137270776978215,-0.00068914523864678501
0.26124999999999998,-0.049346923828125,-0.049845551755195602,0.00049862792707060233
0.26137500000000002,-0.026763916015625,-0.026988505429900979,0.00022458941427597884
0.26150000000000001,-0.000701904296875,-5.1747065832658773e-05,-0.00065015723104234124
0.261625,0.0277099609375,0.026861808170324162,0.00084815276717583807
0.26174999999999998,0.050628662109375,0.049656883142821032,0.00097177896655396834
0.26187500000000002,0.064208984375,0.064868988829022894,-0.00066000445402289443
0.26200000000000001,0.070556640625,0.070190966726057971,0.00036567389894202884
0.262125,0.066162109375,0.064822898983385321,0.0013392103916146786
0.26224999999999998,0.0513916015625,0.049592319018023939,0.0017992825444760607
0.26237500000000002,0.026397705078125,0.02682666071427503,-0.00042895563615003018
0.26250000000000001,0.00079345703125,-2.3970003132045346e-06,0.00079585403156320455
0.262625,-0.0257568359375,-0.026808343555473745,0.0010515076179737452
0.26274999999999998,-0.0517578125,-0.049512275995262971,-0.0022455365047370293
0.26287500000000003,-0.065765380859375,-0.064663557514075293,-0.0011018233452997073
0.26300000000000001,-0.069061279296875,-0.069964254565761289,0.00090297526888628854
0.263125,-0.063995361328125,-0.06461764791315576,0.00062228658503075962
0.26324999999999998,-0.049468994140625,-0.049447962559219627,-2.1031581405372979e-05
0.26337500000000003,-0.027008056640625,-0.02677332688551165,-0.00023472975511334981
0.26350000000000001,-0.00042724609375,-5.1539203263613944e-05,-0.00037570689048638608
0.263625,0.02490234375,0.02664722892353991,-0.0017448851735399097
0.26374999999999998,0.04864501953125,0.049260383249747831,-0.00061536371849783139
0.26387500000000003,0.0660400390625,0.064351083800857092,0.0016889552616429077
0.26400000000000001,0.06976318359375,0.069630585102319037,0.00013259849143096303
0.264125,0.06549072265625,0.064305353740121474,0.0011853689161285264
0.26424999999999998,0.048095703125,0.049196319529947158,-0.0011006164049471578
0.26437500000000003,0.026763916015625,0.026612342555703924,0.00015157345992107552
0.26450000000000001,0.000396728515625,-2.6039896166338199e-06,0.00039933250524163381
0.264625,-0.025909423828125,-0.026594622220425506,0.00068519839230050603
0.26474999999999999,-0.0489501953125,-0.049117361395102019,0.00016716608260201882
0.26487500000000003,-0.064208984375,-0.064147723205783089,-6.1261169216911271e-05
0.26500000000000001,-0.06805419921875,-0.06940611351187928,0.0013519142931292805
0.265125,-0.064697265625,-0.064102171983451195,-0.00059509364154880506
0.26524999999999999,-0.046661376953125,-0.049053546422803511,0.0023921694696785109
0.26537500000000003,-0.025726318359375,-0.02655986567253027,0.00083354731315526953
0.26550000000000001,-3.0517578125e-05,-5.1333083563651846e-05,2.0815505438651846e-05
0.265625,0.02716064453125,0.026434362070202819,0.0007262824610471813
0.26574999999999999,0.04901123046875,0.048867047604151476,0.00014418286459852436
0.26587499999999997,0.064239501953125,0.063837311933154658,0.00040219001997034154
0.26600000000000001,0.06787109375,0.069074675659839435,-0.0012035819098394351
0.266125,0.06414794921875,0.063791938850189397,0.00035601036856060253
0.26624999999999999,0.049041748046875,0.048803480414370569,0.00023826763250443111
0.26637499999999997,0.027618408203125,0.026399734861850283,0.0012186733412747168
0.26650000000000001,0,-2.8092433599606349e-06,2.8092433599606349e-06
0.266625,-0.02752685546875,-0.026382606432484648,-0.0011442490362653518
0.26674999999999999,-0.048065185546875,-0.048725598391067493,0.0006604128441924928
0.26687499999999997,-0.06268310546875,-0.063636005532498305,0.00095290006374830483
0.26700000000000002,-0.071807861328125,-0.068852426758166066,-0.0029554345699589341
0.267125,-0.063751220703125,-0.063590809892586073,-0.00016041081053892736
0.26724999999999999,-0.048248291015625,-0.048662278022558271,0.00041398700693327101
0.26737499999999997,-0.02801513671875,-0.026348108085017627,-0.0016670286337323731
0.26750000000000002,0.000274658203125,-5.1128692149332541e-05,0.00032578689527433253
0.267625,0.025848388671875,0.026223193945002124,-0.00037480527312712397
0.26774999999999999,0.049774169921875,0.048476850953916746,0.0012973189679582539
0.26787499999999997,0.06201171875,0.063327640241083491,-0.001315921491083491
0.26800000000000002,0.069000244140625,0.068523202707931968,0.00047704143269303168
0.268125,0.06427001953125,0.063282621350636281,0.00098739818061371887
0.26824999999999999,0.04736328125,0.048413776449157439,-0.0010504951991574391
0.26837499999999997,0.02392578125,0.026188823981537837,-0.0022630427315378371
0.26850000000000002,-0.0009765625,-3.0127760577585062e-06,-0.00097354972394224153
0.268625,-0.02679443359375,-0.026172282580975856,-0.0006221510127741442
0.26874999999999999,-0.04864501953125,-0.04833696183200762,-0.00030805769924237975
0.26887499999999998,-0.0653076171875,-0.063128371641268582,-0.0021792455462314175
0.26900000000000002,-0.069061279296875,-0.068303158756636353,-0.0007581205402386465
0.269125,-0.06365966796875,-0.063083528809407236,-0.0005761391593427645
0.26924999999999999,-0.0477294921875,-0.048274132237188981,0.00054464004968898111
0.26937499999999998,-0.024322509765625,-0.026138040526383122,0.0018155307607581224
0.26950000000000002,-0.0003662109375,-5.0926014566791017e-05,-0.00031528492293320901
0.269625,0.02587890625,0.026013710991686766,-0.00013480474168676634
0.26974999999999999,0.047943115234375,0.048089768248446116,-0.00014665301407111586
0.26987499999999998,0.0614013671875,0.062822036003034751,-0.0014206688155347508
0.27000000000000002,0.069854736328125,0.067976130840742596,0.0018786054873824037
0.270125,0.062255859375,0.062777368541578518,-0.0005215091665785182
0.27024999999999999,0.048583984375,0.048027182613457037,0.00055680176154296324
0.27037499999999998,0.028533935546875,0.025979596372579666,0.0025543391742953343
0.27050000000000002,-0.001007080078125,-3.2146021112464784e-06,-0.0010038654760137534
0.270625,-0.025421142578125,-0.025963637163845678,0.00054249458572067782
0.27074999999999999,-0.05010986328125,-0.047951426767482597,-0.0021584365137674033
0.27087499999999998,-0.06219482421875,-0.062624788941315346,0.00042996472256534579
0.27100000000000002,-0.06683349609375,-0.067758274242999045,0.00092477814924904478
0.271125,-0.062469482421875,-0.062580296164772772,0.00011081374289777235
0.27124999999999999,-0.048248291015625,-0.047889084145893011,-0.00035920686973198862
0.27137499999999998,-0.022735595703125,-0.025929649508582547,0.0031940538054575467
0.27150000000000002,0.000762939453125,-5.0725036475042096e-05,0.00081366448960004212
0.27162500000000001,0.025726318359375,0.025805899762180576,-7.9581402805575796e-05
0.27174999999999999,0.046661376953125,0.047705774637062562,-0.0010443976839375618
0.27187499999999998,0.06109619140625,0.062320466758537842,-0.0012242753522878416
0.27200000000000002,0.06634521484375,0.067433424934977212,-0.0010882100912272125
0.27212500000000001,0.061492919921875,0.062276147984096253,-0.00078322806222125285
0.27224999999999999,0.046966552734375,0.047643674086109256,-0.00067712135173425558
0.27237499999999998,0.025482177734375,0.025772038600850467,-0.00028986086647546719
0.27250000000000002,-0.001220703125,-3.4147357936805057e-06,-0.0012172883892063195
0.27262500000000001,-0.025482177734375,-0.025756656786790212,0.00027447905241521214
0.27274999999999999,-0.046905517578125,-0.047568968446172484,0.00066345086804748404
0.27287499999999998,-0.060302734375,-0.06212522510195348,0.0018224907269534796
0.27300000000000002,-0.0687255859375,-0.06721773823439324,-0.00150784770310676
0.27312500000000001,-0.0638427734375,-0.062081079649467061,-0.0017616937880329392
0.27324999999999999,-0.04779052734375,-0.047507109026748894,-0.00028341831700110648
0.27337499999999998,-0.0255126953125,-0.025722921651213711,0.00021022633871371071
0.27350000000000002,0.0009765625,-5.0525743660530909e-05,0.001027088243660531
0.27362500000000001,0.024658203125,0.025599746915733385,-0.00094154379073338457
0.27374999999999999,0.048980712890625,0.047324845467403238,0.0016558674232217616
0.27387499999999998,0.061767578125,0.061822900306177084,-5.5322181177083762e-05
0.27400000000000002,0.066925048828125,0.066895050147646629,2.9998680478371398e-05
0.27412500000000001,0.06146240234375,0.06177892749815652,-0.00031652515440652035
0.27424999999999999,0.048614501953125,0.047263226244039953,0.0013512757090850466
0.27437499999999998,0.025848388671875,0.025566137339449246,0.00028225133242575431
0.27450000000000002,0.0006103515625,-3.6131912668485312e-06,0.00061396475376684857
0.27462500000000001,-0.025482177734375,-0.025551328162389978,6.9150428014978088e-05
0.27474999999999999,-0.048370361328125,-0.047189562314283992,-0.0011807990138410079
0.27487499999999998,-0.06134033203125,-0.06162964805051703,0.00028931601926703021
0.27500000000000002,-0.066802978515625,-0.066681516027142229,-0.00012146248848277086
0.27512500000000001,-0.062347412109375,-0.061585847212120494,-0.0007615648972545061
0.27524999999999999,-0.0465087890625,-0.047128182355140054,0.00061939329264005388
0.27537499999999998,-0.026092529296875,-0.025517843680655853,-0.00057468561621914702
0.27550000000000002,0.0009765625,-5.0328122020703922e-05,0.001026890622020704
0.27562500000000001,0.02587890625,0.0253952392180503,0.00048366703194969995
0.27575,0.04827880859375,0.046946956283847575,0.0013318523099024246
0.27587499999999998,0.05999755859375,0.06132930470151856,-0.0013317461077685597
0.27600000000000002,0.0662841796875,0.0663609719138296,-7.6792226329600033e-05
0.27612500000000001,0.059112548828125,0.06128567516054146,-0.0021731263324164599
0.27625,0.0484619140625,0.046885814660691028,0.0015760994018089725
0.27637499999999998,0.02484130859375,0.025361879367829451,-0.00052057077407945129
0.27650000000000002,0.0008544921875,-3.8099825666933664e-06,0.00085830217006669339
0.27662500000000001,-0.024627685546875,-0.025347638109269325,0.00071995256239432495
0.27675,-0.04547119140625,-0.046813184013970097,0.0013419926077200967
0.27687499999999998,-0.062225341796875,-0.061138025970294253,-0.0010873158265807467
0.27700000000000002,-0.066741943359375,-0.066149573194525482,-0.00059237016484951777
0.27712500000000001,-0.06280517578125,-0.061094567057157427,-0.001710608724092573
0.27725,-0.04705810546875,-0.046752279802169353,-0.00030582566658064747
0.27737499999999998,-0.025665283203125,-0.025314402429231414,-0.00035088077389358596
0.27750000000000002,-0.000213623046875,-5.0132157578328695e-05,-0.00016349088929667132
0.27762500000000001,0.0250244140625,0.025192363540456272,-0.00016794947795627235
0.27775,0.0447998046875,0.046572082825936563,-0.001772278138436563
0.27787499999999998,0.06134033203125,0.060839648255064958,0.00050068377618504162
0.27800000000000002,0.066162109375,0.065831155944453698,0.00033095343054630189
0.27812500000000001,0.062469482421875,0.060796359302804484,0.0016731231190705159
0.27825,0.0460205078125,0.046511415104441178,-0.00049090729194117833
0.27837499999999998,0.02520751953125,0.025159251570964169,4.8267960285831163e-05
0.27850000000000003,0.00048828125,-4.0051236195449287e-06,0.0004922863736195449
0.27862500000000001,-0.023956298828125,-0.02514557355123611,0.0011892747231111098
0.27875,-0.048370361328125,-0.0464398093817757,-0.0019305519463493001
0.27887499999999998,-0.06005859375,-0.060650327298490021,0.0005917335484900213
0.27900000000000003,-0.0672607421875,-0.065621875584568265,-0.001638866602931735
0.27912500000000001,-0.0594482421875,-0.060607207642749114,0.0011589654552491141
0.27925,-0.046417236328125,-0.046379377233107782,-3.7859095017217514e-05
0.27937499999999998,-0.024749755859375,-0.025112584834346634,0.00036282897497163374
0.27950000000000003,-0.000762939453125,-4.9937836465326779e-05,-0.00071300161665967319
0.27962500000000001,0.02301025390625,0.024991106859039235,-0.0019808529527892346
0.27975,0.04656982421875,0.046200201026825864,0.00036962319192413579
0.27987499999999998,0.06243896484375,0.060353899530215291,0.0020850653135347091
0.28000000000000003,0.0667724609375,0.065305568224093793,0.0014668927134062065
0.28012500000000001,0.058441162109375,0.060310948509231965,-0.0018697863998569653
0.28025,0.046173095703125,0.046140003537060957,3.3092166064042916e-05
0.28037499999999999,0.024505615234375,0.024958240938490049,-0.00045262570411504915
0.28050000000000003,0.000213623046875,-4.198628227970997e-06,0.00021782167510297099
0.28062500000000001,-0.0252685546875,-0.024945121516456264,-0.00032343317104373617
0.28075,-0.044921875,-0.046069414447075629,0.0011475394470756295
0.28087499999999999,-0.059906005859375,-0.060166520724197294,0.00026051486482229352
0.28100000000000003,-0.064727783203125,-0.065098389317849115,0.00037060611472411464
0.28112500000000001,-0.059814453125,-0.060123737678794274,0.00030928455379427428
0.28125,-0.046112060546875,-0.046009450705834246,-0.00010260984104075443
0.28137499999999999,-0.025543212890625,-0.024912377937666645,-0.00063083495295835484
0.28149999999999997,-0.000244140625,-4.974514494794093e-05,-0.00019439548005205907
0.28162500000000001,0.025604248046875,0.024791456253827952,0.00081279179304704838
0.28175,0.046966552734375,0.045831287011731357,0.0011352657226436427
0.28187499999999999,0.059478759765625,0.059872027341251743,-0.00039326757562674342
0.28199999999999997,0.0653076171875,0.064784175008788289,0.00052344217871171106
0.28212500000000001,0.059417724609375,0.0598294116148285,-0.00041168700545349962
0.28225,0.04571533203125,0.045771556112158697,-5.6224080908696961e-05
0.28237499999999999,0.02557373046875,0.024758834563884124,0.00081489590486587618
0.28249999999999997,0.0001220703125,-4.3905100738821867e-06,0.0001264608225738822
0.28262500000000002,-0.025634765625,-0.024746269136607144,-0.00088849648839285644
0.28275,-0.04541015625,-0.045701975430546347,0.00029181918054634742
0.28287499999999999,-0.05987548828125,-0.059686575186385427,-0.00018891309486457342
0.28299999999999997,-0.06658935546875,-0.064579080785324677,-0.0020102746834253227
0.28312500000000002,-0.058502197265625,-0.059644126124905245,0.0011419288592802446
0.28325,-0.0452880859375,-0.045642476469309037,0.00035439053180903735
0.28337499999999999,-0.02545166015625,-0.024713768884269752,-0.00073789127198024829
0.28349999999999997,-0.000396728515625,-4.9554069366439554e-05,-0.00034717444625856044
0.28362500000000002,0.0257568359375,0.02459339890795046,0.0011634370295495397
0.28375,0.045562744140625,0.045465317096399276,9.7427044225724402e-05
0.28387499999999999,0.0582275390625,0.059394000751335239,-0.0011664616888352394
0.28399999999999997,0.063720703125,0.064266942823872589,-0.00054623969887258872
0.28412500000000002,0.061279296875,0.059351717703317333,0.0019275791716826668
0.28425,0.0460205078125,0.045406049173661318,0.00061445863883868163
0.28437499999999999,0.023406982421875,0.024561019643631506,-0.0011540372217565056
0.28449999999999998,-0.000640869140625,-4.5807827580075138e-06,-0.00063628835786699249
0.28462500000000002,-0.025299072265625,-0.024549003646065215,-0.00075006861955978499
0.28475,-0.0452880859375,-0.04533746874263013,4.9382805130129825e-05
0.28487499999999999,-0.05987548828125,-0.059210459871906845,-0.00066502840934315466
0.28499999999999998,-0.063323974609375,-0.064063916646171865,0.00073994203679686454
0.28512500000000002,-0.0582275390625,-0.059168342188417142,0.00094080312591714177
0.28525,-0.045806884765625,-0.045278430962038214,-0.00052845380358678556
0.28537499999999999,-0.02337646484375,-0.024516744921833925,0.0011402800780839252
0.28549999999999998,-0.00103759765625,-4.9364596217514931e-05,-0.0009882330600324851
0.28562500000000002,0.024993896484375,0.024396922106814864,0.00059697437756013605
0.28575,0.045623779296875,0.045102267785594508,0.00052151151128049245
0.28587499999999999,0.06005859375,0.05891978907051787,0.0011388046794821305
0.28599999999999998,0.0625,0.063753838461830012,-0.0012538384618300119
0.28612500000000002,0.0584716796875,0.058877836105154763,-0.00040615641765476274
0.28625,0.0450439453125,0.045043459254279848,4.8605822015185263e-07
0.28637499999999999,0.0235595703125,0.024364783476391556,-0.00080521316389155564
0.28649999999999998,0.00189208984375,-4.7694597307839299e-06,0.001896859303480784
0.28662500000000002,-0.02532958984375,-0.024353312381074566,-0.00097627746267543378
0.28675,-0.046356201171875,-0.044975870982023221,-0.0013803301898517792
0.28687499999999999,-0.05718994140625,-0.058738144213523642,0.0015482028072736423
0.28699999999999998,-0.063995361328125,-0.063552863825647371,-0.00044249750247762898
0.28712500000000002,-0.05902099609375,-0.058696355322412352,-0.00032464077133764757
0.28725000000000001,-0.044158935546875,-0.044917290810570151,0.00075835526369515127
0.28737499999999999,-0.025299072265625,-0.024321293399814582,-0.00097777886581041848
0.28749999999999998,-0.000640869140625,-4.9176712086782977e-05,-0.00059169242853821706
0.28762500000000002,0.023895263671875,0.024202013237304795,-0.00030674956542979526
0.28775000000000001,0.045562744140625,0.044742115771576781,0.0008206283690482194
0.28787499999999999,0.059173583984375,0.058449361853774799,0.00072422213060020085
0.28799999999999998,0.062286376953125,0.063244828980159776,-0.00095845202703477572
0.28812500000000002,0.05804443359375,0.058407736395556131,-0.00036330280180613128
0.28825000000000001,0.0439453125,0.044683763074019625,-0.00073845057401962511
0.28837499999999999,0.024810791015625,0.024170113462202623,0.00064067755342237659
0.28849999999999998,-0.001129150390625,-4.9565543432165882e-06,-0.0011241938362817835
0.28862500000000002,-0.023590087890625,-0.024159182778937437,0.00056909488831243665
0.28875000000000001,-0.04425048828125,-0.044617158934182471,0.00036667065293247147
0.28887499999999999,-0.05694580078125,-0.058269597887936682,0.0013237971066866819
0.28899999999999998,-0.0618896484375,-0.063045889512964179,0.0011562410754641789
0.28912500000000002,-0.05755615234375,-0.058228135223757173,0.00067198288000717282
0.28925000000000001,-0.045074462890625,-0.044559032827992125,-0.00051543006263287533
0.28937499999999999,-0.026153564453125,-0.024127401768620632,-0.0020261626845043679
0.28949999999999998,0.000885009765625,-4.8990403682750778e-05,0.0009340001693077508
0.28962500000000002,0.024566650390625,0.024008659786949476,0.00055799060367552403
0.28975000000000001,0.04376220703125,0.044384837932614676,-0.00062263090136467636
0.28987499999999999,0.057098388671875,0.057982688899047383,-0.00088430022717238266
0.28999999999999998,0.063018798828125,0.062739881699261937,0.00027891712886306264
0.29012500000000002,0.057861328125,0.057941388392550856,-8.0060267550856323e-05
0.29025000000000001,0.043670654296875,0.044326937538675185,-0.0006562832418001846
0.29037499999999999,0.023468017578125,0.023976997101662786,-0.00050897952353778572
0.29049999999999998,-0.0013427734375,-5.1420798312826291e-06,-0.0013376313576687173
0.29062500000000002,-0.02471923828125,-0.023966602377219343,-0.00075263590403065739
0.29075000000000001,-0.0443115234375,-0.0442613095698196,-5.0213867680400093e-05
0.29087499999999999,-0.058807373046875,-0.057804790813844473,-0.0010025822330305273
0.29099999999999998,-0.063720703125,-0.062542961159184979,-0.0011777419658150212
0.29112500000000002,-0.058868408203125,-0.057763651831158259,-0.0011047563719667405
0.29125000000000001,-0.044403076171875,-0.044203634012432699,-0.0001994421594423007
0.291375,-0.023773193359375,-0.023935057578828751,0.00016186421945375146
0.29149999999999998,0.00048828125,-4.8805657821265278e-05,0.00053708690782126531
0.29162500000000002,0.023834228515625,0.02381684934313073,1.7379172494270262e-05
0.29175000000000001,0.04437255859375,0.044030411331496017,0.0003421472622539834
0.291875,0.05926513671875,0.057519740245309793,0.0017453964734402069
0.29199999999999998,0.063568115234375,0.062238964200339447,0.0013291510340355528
0.29212500000000002,0.0574951171875,0.057478762155039095,1.6355032460904639e-05
0.29225000000000001,0.04266357421875,0.043972959738352642,-0.0013093855196026419
0.292375,0.022796630859375,0.023785421995117469,-0.00098879113574246863
0.29249999999999998,-0.000762939453125,-5.3260493311314475e-06,-0.00075761340379386854
0.29262500000000002,-0.025238037109375,-0.023775558812929042,-0.0014624782964459578
0.29275000000000001,-0.045989990234375,-0.043908300043432935,-0.0020816901909420649
0.292875,-0.05670166015625,-0.057343693150009097,0.00064203299375909656
0.29299999999999998,-0.0625,-0.062044046475132515,-0.00045595352486748481
0.29312500000000002,-0.057647705078125,-0.057302875323227247,-0.0003448297548977533
0.29325000000000001,-0.04437255859375,-0.04385107154560023,-0.00052148704814976993
0.293375,-0.023651123046875,-0.023744248480370645,9.3125433495645088e-05
0.29349999999999998,-0.00048828125,-4.8622461431768496e-05,-0.00043965878856823149
0.29362500000000002,0.024200439453125,0.023626569592295824,0.00057386986082917646
0.29375000000000001,0.0416259765625,0.043678813214065484,-0.0020528366515654844
0.293875,0.05572509765625,0.057060486170637206,-0.0013353885143872063
0.29399999999999998,0.0625,0.061742044323316599,0.00075795567668340141
0.29412500000000003,0.056976318359375,0.057019827980872052,-4.3509621497052342e-05
0.29425000000000001,0.044464111328125,0.043621806945988675,0.00084230438213632464
0.294375,0.02215576171875,0.02359537584188311,-0.0014396141231331101
0.29449999999999998,0.001129150390625,-5.5084758585558122e-06,0.0011346588664835559
0.29462500000000003,-0.023773193359375,-0.023586039821738215,-0.00018715353763678472
0.29475000000000001,-0.042572021484375,-0.043558107691835699,0.00098608620746069853
0.294875,-0.05743408203125,-0.056886275293345855,-0.00054780673790414541
0.29499999999999998,-0.0615234375,-0.061549113429316529,2.5675929316529289e-05
0.29512500000000003,-0.058807373046875,-0.056845776116574237,-0.001961596930300763
0.29525000000000001,-0.044403076171875,-0.043501322791307584,-0.00090175338056741605
0.295375,-0.024017333984375,-0.023554962221746644,-0.00046237176262835591
0.29549999999999998,-0.00115966796875,-4.8440801542279439e-05,-0.0011112271672077205
0.29562500000000003,0.02294921875,0.0234378083191473,-0.00048858956914729981
0.29575000000000001,0.043243408203125,0.04333002100774859,-8.6612804623589779e-05
0.295875,0.05694580078125,0.056604897190303038,0.00034090359094696154
0.29599999999999999,0.05999755859375,0.061249090164774408,-0.0012515315710244085
0.29612500000000003,0.056793212890625,0.056564556404939764,0.00022865648568523578
0.29625000000000001,0.04315185546875,0.043273456615906508,-0.00012160114715650816
0.296375,0.023101806640625,0.02340684643944415,-0.00030503979881914972
0.29649999999999999,-0.000213623046875,-5.6893723207578349e-06,-0.00020793367455424215
0.29662500000000003,-0.024749755859375,-0.023398033237187608,-0.0013517226221873915
0.29675000000000001,-0.042938232421875,-0.043210710032710965,0.00027247761083596528
0.296875,-0.0584716796875,-0.056432507877014482,-0.0020391718104855183
0.29699999999999999,-0.062469482421875,-0.061058130245877244,-0.0014113521759977557
0.29712499999999997,-0.0562744140625,-0.056392324863908272,0.00011791080140827193
0.29725000000000001,-0.042999267578125,-0.043154365294023812,0.00015509771589881233
0.297375,-0.025421142578125,-0.023367186649226143,-0.0020539559288988568
0.29749999999999999,0.000518798828125,-4.8260665299678117e-05,0.00056705949342467814
0.29762499999999997,0.02252197265625,0.023250553405862354,-0.00072858074961235433
0.29775000000000001,0.0439453125,0.042984012320110211,0.00096130017988978883
0.297875,0.054962158203125,0.0561529440548834,-0.0011907858517583997
0.29799999999999999,0.060028076171875,0.060760070075902305,-0.00073199390402730463
0.29812499999999997,0.055328369140625,0.056112918197291306,-0.00078454905666630603
0.29825000000000002,0.042205810546875,0.042927886382358185,-0.00072207583548318521
0.298375,0.024139404296875,0.023219821682675983,0.00091958261419901668
0.29849999999999999,0.00079345703125,-5.8687515275978355e-06,0.00079932578277759788
0.29862499999999997,-0.023651123046875,-0.023211526989909255,-0.00043959605696574505
0.29875000000000002,-0.0430908203125,-0.042866084763153393,-0.00022473554934660661
0.298875,-0.055328369140625,-0.055982361768539234,0.00065399262791423357
0.29899999999999999,-0.060577392578125,-0.060571065402545296,-6.3271755797039697e-06
0.29912499999999997,-0.05584716796875,-0.055942492452133258,9.532448338325783e-05
0.29925000000000002,-0.04254150390625,-0.042810176777422541,0.00026867287117254141
0.299375,-0.0230712890625,-0.023180909706086644,0.00010962064358664356
0.29949999999999999,-0.00274658203125,-4.8082039954645967e-05,-0.002698499991295354
0.29962499999999997,0.021148681640625,0.023064792831346888,-0.0019161111907218878
0.29975000000000002,0.04400634765625,0.042640764937424282,0.0013655827188257183
0.299875,0.056304931640625,0.055704597748384467,0.00060033389224053296
0.29999999999999999,0.060333251953125,0.060274952660466188,5.8299292658811619e-05
0.30012499999999998,0.0565185546875,0.055664884361236823,0.00085367032626317702
0.30025000000000002,0.040374755859375,0.042585074058093662,-0.0022103181987186624
0.300375,0.022705078125,0.023034289563054974,-0.00032921143805497363
0.30049999999999999,0.00091552734375,-6.0466261715522003e-06,0.00092157396992155222
0.30062499999999998,-0.02301025390625,-0.023026509106870673,1.6255200620672594e-05
0.30075000000000002,-0.041717529296875,-0.042524209758247333,0.00080668046137233329
0.300875,-0.056671142578125,-0.055535808067935871,-0.0011353345101891288
0.30099999999999999,-0.061004638671875,-0.060087887628617907,-0.00091675104325709272
0.30112499999999998,-0.05474853515625,-0.055496250000510845,0.00074771484426084528
0.30125000000000002,-0.043182373046875,-0.042468735142966577,-0.00071363790390842341
0.301375,-0.021636962890625,-0.022996119431826653,0.0013591565412016532
0.30149999999999999,0.00146484375,-4.7904912867725056e-05,0.0015127486628677251
0.30162499999999998,0.02130126953125,0.022880514670418753,-0.0015792451391687529
0.30175000000000002,0.04180908203125,0.042300256823232921,-0.00049117479198292069
0.301875,0.0555419921875,0.055259829486371682,0.00028216270112831759
0.30199999999999999,0.06048583984375,0.059793706772792721,0.00069213307095727927
0.30212499999999998,0.052703857421875,0.055220426131512429,-0.002516568709637429
0.30225000000000002,0.04180908203125,0.042244997632926454,-0.00043591560167645371
0.302375,0.024017333984375,0.022850238167906583,0.0011670958164684171
0.30249999999999999,0.00030517578125,-6.2230088425925191e-06,0.00031139879009259254
0.30262499999999998,-0.02386474609375,-0.022842967710558416,-0.0010217783831915836
0.30275000000000002,-0.040435791015625,-0.042185063069641503,0.0017492720540165027
0.30287500000000001,-0.054412841796875,-0.055092818105861516,0.00067997630898651573
0.30299999999999999,-0.059478759765625,-0.059608565902951278,0.00012980613732627849
0.30312499999999998,-0.0557861328125,-0.055053568858784679,-0.00073256395371532057
0.30325000000000002,-0.041717529296875,-0.042130018468479073,0.00041248917160407322
0.30337500000000001,-0.02349853515625,-0.022812803961404088,-0.00068573119484591216
0.30349999999999999,0.0003662109375,-4.7729271494774826e-05,0.00041394020899477484
0.30362499999999998,0.021453857421875,0.022697707093061646,-0.0012438496711866462
0.30375000000000002,0.0416259765625,0.041962466116941495,-0.00033648955444149503
0.30387500000000001,0.055938720703125,0.054818610714125783,0.0011201099889992169
0.30399999999999999,0.058441162109375,0.059316301515769679,-0.0008751394063946788
0.30412499999999998,0.05548095703125,0.054779514972412242,0.00070144205883775762
0.30425000000000002,0.041748046875,0.041907635272335125,-0.00015958839733512531
0.30437500000000001,0.0213623046875,0.022667655679627679,-0.0013053509921276789
0.30449999999999999,0.00054931640625,-6.3979120221984005e-06,0.00055571431827219843
0.30462499999999998,-0.0244140625,-0.0226608910182634,-0.0017531714817365998
0.30475000000000002,-0.04241943359375,-0.041848622924149557,-0.00057081066960044252
0.30487500000000001,-0.0562744140625,-0.054653363441766072,-0.0016210506207339284
0.30499999999999999,-0.058197021484375,-0.059133069451968924,0.000936047967593924
0.30512499999999998,-0.05438232421875,-0.054614420605347769,0.00023209638659776877
0.30525000000000002,-0.042236328125,-0.04179400500674102,-0.00044232311825898041
0.30537500000000001,-0.02105712890625,-0.022630951524461911,0.0015738226182119112
0.30549999999999999,-0.00103759765625,-4.7555103406617546e-05,-0.00099004255284338241
0.30562499999999998,0.02288818359375,0.0225163583636688,0.00037182523008119986
0.30575000000000002,0.041351318359375,0.041627371132410454,-0.00027605277303545395
0.30587500000000001,0.054718017578125,0.054380913104813355,0.00033710447331164461
0.30599999999999999,0.05865478515625,0.058842706238862383,-0.00018792108261238283
0.30612499999999998,0.054962158203125,0.054342122575968058,0.00062003562715694238
0.30625000000000002,0.040313720703125,0.041572965316051647,-0.0012592446129266466
0.30637500000000001,0.0224609375,0.02248653037493404,-2.5592874934039778e-05
0.30649999999999999,-0.0003662109375,-6.5713480977264878e-06,-0.00035963958940227349
0.30662499999999998,-0.0234375,-0.022480267341295958,-0.00095723265870404153
0.30675000000000002,-0.041351318359375,-0.041514867722337728,0.00016354936296272826
0.30687500000000001,-0.05364990234375,-0.054217415862071697,0.00056751351832169672
0.307,-0.0594482421875,-0.058661367747685926,-0.00078687443981407396
0.30712499999999998,-0.053466796875,-0.05417877704541247,0.0007119801704124698
0.30725000000000002,-0.042694091796875,-0.041460673184085348,-0.0012334186127896524
0.30737500000000001,-0.02239990234375,-0.022450550444591214,5.0648100841214211e-05
0.3075,0.00030517578125,-4.7382396274454963e-05,0.00035255817752445498
0.30762499999999998,0.023193359375,0.022336456840283288,0.00085690253471671154
0.30775000000000002,0.041107177734375,0.041294950356572435,-0.00018777262219743518
0.30787500000000001,0.0535888671875,0.053946708557660511,-0.00035784137016051099
0.308,0.057769775390625,0.058372890536145736,-0.00060311514552073564
0.30812499999999998,0.053466796875,0.053908220860126671,-0.00044142398512667103
0.30825000000000002,0.041107177734375,0.04124096627667552,-0.00013378854230051973
0.30837500000000001,0.023895263671875,0.022306850624095233,0.0015884130477797666
0.3085,-0.001678466796875,-6.7433293429992696e-06,-0.0016717234675320007
0.30862499999999998,-0.02099609375,-0.022301085084248062,0.0013049913342480617
0.30875000000000002,-0.040740966796875,-0.04118377603714788,0.00044280924027288032
0.30887500000000001,-0.053436279296875,-0.05378494737835874,0.00034866808148373979
0.309,-0.058319091796875,-0.058193430505749003,-0.00012566129112599744
0.30912499999999998,-0.05328369140625,-0.053746610209207978,0.00046291880295797755
0.30925000000000002,-0.041748046875,-0.04113000159902612,-0.00061804527597388026
0.30937500000000001,-0.021759033203125,-0.022271589138568935,0.00051255593544393546
0.3095,0.0006103515625,-4.7211137875737492e-05,0.00065756270037573754
0.30962499999999998,0.02203369140625,0.022157990973863007,-0.00012429956761300653
0.30975000000000003,0.04132080078125,0.040965182448036951,0.00035561833321304942
0.30987500000000001,0.05401611328125,0.053515969196153902,0.00050014408509609781
0.31,0.057769775390625,0.05790682424435218,-0.00013704885372717995
0.31012499999999998,0.05517578125,0.053477781966949495,0.0016979992830505053
0.31025000000000003,0.041473388671875,0.040911616838284738,0.00056177183359026189
0.31037500000000001,0.02105712890625,0.022128604890206516,-0.0010714759839565158
0.3105,0.00140380859375,-6.9138679327137838e-06,0.0014107224616827139
0.31062499999999998,-0.02264404296875,-0.022123332744242795,-0.00052071022450720511
0.31075000000000003,-0.04217529296875,-0.040855326612517118,-0.0013199663562328823
0.31087500000000001,-0.053985595703125,-0.053355930225574,-0.00062966547755100022
0.311,-0.05755615234375,-0.05772922768349216,0.00017307533974215972
0.31112499999999998,-0.05255126953125,-0.053317892350179558,0.00076662281892955764
0.31125000000000003,-0.040191650390625,-0.040801969020877245,0.00061031863025224481
0.31137500000000001,-0.022552490234375,-0.02209405611562025,-0.00045843411875474971
0.3115,0.000946044921875,-4.7041316080080938e-05,0.000993086237955081
0.31162499999999999,0.0228271484375,0.021980949307520727,0.00084619912997927274
0.31175000000000003,0.04119873046875,0.04063804623572978,0.00056068423302021997
0.31187500000000001,0.0537109375,0.053088667366248482,0.00062227013375151796
0.312,0.0579833984375,0.057444477440935095,0.00053892099656490527
0.31212499999999999,0.0540771484375,0.053050778260818977,0.0010263701766810227
0.31225000000000003,0.041839599609375,0.040584895855081356,0.0012547037542936443
0.31237500000000001,0.02227783203125,0.021951781728435631,0.00032605030281436867
0.3125,0.000213623046875,-7.0829759366420651e-06,0.00022070602281164207
0.31262499999999999,-0.022979736328125,-0.021946998910208008,-0.0010327374179169915
0.31274999999999997,-0.0401611328125,-0.040529498362015498,0.00036836554951549805
0.31287500000000001,-0.052337646484375,-0.052930336860240526,0.00059269037586552609
0.313,-0.05670166015625,-0.057268729478007901,0.00056706932175790148
0.31312499999999999,-0.054229736328125,-0.052892595943209546,-0.0013371403849154542
0.31324999999999997,-0.03924560546875,-0.04047655438838936,0.0012309489196393603
0.31337500000000001,-0.02288818359375,-0.021917939976668705,-0.00097024361708129489
0.3135,-0.00067138671875,-4.6872918868293392e-05,-0.00062451379988170659
0.31362499999999999,0.02374267578125,0.021805320475800985,0.001937355305449015
0.31374999999999997,0.0386962890625,0.040313520717522221,-0.0016172316550222207
0.31387500000000002,0.052764892578125,0.052664775634597129,0.0001001169435278712
0.314,0.0570068359375,0.0569858204421477,2.1015495352300073e-05
0.31412499999999999,0.054107666015625,0.052627182326671795,0.0014804836889532047
0.31424999999999997,0.04229736328125,0.040260782350033546,0.0020365809312164543
0.31437500000000002,0.020751953125,0.021776369785294066,-0.0010244166602940662
0.3145,-0.000457763671875,-7.2506653335458122e-06,-0.00045051300654145416
0.31462499999999999,-0.021697998046875,-0.021772072262125533,7.4074215250533038e-05
0.31474999999999997,-0.04083251953125,-0.040206270367506111,-0.00062624916374388884
0.31487500000000002,-0.0511474609375,-0.052508139958694376,0.0013606790211943762
0.315,-0.0557861328125,-0.056811906324233767,0.0010257735117337671
0.31512499999999999,-0.05426025390625,-0.052470693682845161,-0.0017895602234048388
0.31524999999999997,-0.04107666015625,-0.04015373680838389,-0.00092292334786611002
0.31537500000000002,-0.020904541015625,-0.021743229413622476,0.00083868839799747588
0.3155,-3.0517578125e-05,-4.6705934321474417e-05,1.6188356196474417e-05
0.31562499999999999,0.021026611328125,0.021631093203944369,-0.00060448187581936888
0.31574999999999998,0.037506103515625,0.039991585058919511,-0.0024854815432945113
0.31587500000000002,0.0518798828125,0.052244266786781783,-0.0003643839742817831
0.316,0.054534912109375,0.056530823801137373,-0.0019959116917623726
0.31612499999999999,0.051300048828125,0.052206966968234951,-0.00090691814010995103
0.31624999999999998,0.039947509765625,0.03993925551349442,8.2542521305795091e-06
0.31637500000000002,0.0223388671875,0.021602357797896068,0.00073650938960393222
0.3165,-0.000823974609375,-7.4169479923762814e-06,-0.00081655766138262367
0.31662499999999999,-0.021820068359375,-0.021598541570316678,-0.00022152678905832182
0.31674999999999998,-0.039337158203125,-0.039885621877767431,0.00054846367464243123
0.31687500000000002,-0.051788330078125,-0.052089312415327917,0.00030098233720291662
0.317,-0.05487060546875,-0.056358728893054252,0.0014881234243042524
0.31712499999999999,-0.05242919921875,-0.052052158481552972,-0.00037704073719702774
0.31724999999999998,-0.039764404296875,-0.039833495554443848,6.9091257568848485e-05
0.31737500000000002,-0.02264404296875,-0.021569913208639116,-0.001074129760110884
0.3175,-0.000640869140625,-4.6540350610593372e-05,-0.00059432879001440663
0.31762499999999999,0.021026611328125,0.021458256307175672,-0.00043164497905067226
0.31774999999999998,0.039825439453125,0.039672218591668015,0.00015322086145698466
0.31787500000000002,0.05194091796875,0.051827113825571369,0.00011380414317863075
0.318,0.05767822265625,0.056079458306054944,0.001598764350195056
0.31812499999999999,0.052032470703125,0.05179010520627602,0.00024236549684897996
0.31824999999999998,0.040374755859375,0.039620294701921174,0.00075446115745382569
0.31837500000000002,0.02191162109375,0.021429734593253508,0.00048188650049649229
0.31850000000000001,-0.001007080078125,-7.5818356862274165e-06,-0.00099949824243877254
0.31862499999999999,-0.023773193359375,-0.02142639569471531,-0.0023467976646596896
0.31874999999999998,-0.03857421875,-0.039567532307195799,0.00099331355719579906
0.31887500000000002,-0.051055908203125,-0.051673827340854496,0.00061791913772949597
0.31900000000000001,-0.055877685546875,-0.055909168089417725,3.1482542542725367e-05
0.31912499999999999,-0.051544189453125,-0.051636963467974688,9.277401484968778e-05
0.31924999999999998,-0.041015625,-0.039515810065559917,-0.001499814934440083
0.31937500000000002,-0.01861572265625,-0.021397980233396452,0.0027822575771464519
0.31950000000000001,-0.00238037109375,-4.6376156015065265e-05,-0.0023339949377349347
0.31962499999999999,0.02191162109375,0.021286798689967912,0.0006248224037820882
0.31974999999999998,0.038909912109375,0.03935540081246524,-0.00044548870309023963
0.31987500000000002,0.050537109375,0.051413289969185962,-0.00087618059418596156
0.32000000000000001,0.05596923828125,0.055631694978179366,0.00033754330307063374
0.32012499999999999,0.051544189453125,0.051376570276878378,0.00016761917624662226
0.32024999999999998,0.039825439453125,0.039303879436512722,0.0005215600166122783
0.32037500000000002,0.0220947265625,0.021258489087546448,0.00083623747495355227
0.32050000000000001,-0.001190185546875,-7.745340086718052e-06,-0.0011824402067882819
0.32062499999999999,-0.022552490234375,-0.021255623584164492,-0.0012968666502105076
0.32074999999999998,-0.0386962890625,-0.039251981234463058,0.00055569217196305837
0.32087500000000002,-0.05218505859375,-0.051261658060574741,-0.00092340053317525872
0.32100000000000001,-0.05560302734375,-0.055463195050468553,-0.0001398322932814472
0.32112499999999999,-0.050323486328125,-0.0512250819852045,0.00090159565707950001
0.32124999999999998,-0.03875732421875,-0.039200659944808335,0.00044333572605833454
0.32137500000000002,-0.0230712890625,-0.021227419448395887,-0.0018438696141041128
0.32150000000000001,0.000732421875,-4.6213338908964843e-05,0.00077863521390896483
0.32162499999999999,0.02166748046875,0.02111670934533913,0.00055077112341087031
0.32174999999999998,0.03900146484375,0.039041111381632035,-3.9646537882034871e-05
0.32187500000000002,0.050537109375,0.051002768649582274,-0.0004656592745822738
0.32200000000000001,0.054840087890625,0.055187505070057145,-0.0003474171794321454
0.32212499999999999,0.051544189453125,0.050966335629717925,0.00057785382340707486
0.32224999999999998,0.038970947265625,0.0389899894019064,-1.9042136281399724e-05
0.32237500000000002,0.020477294921875,0.021088610285417347,-0.0006113153635423467
0.32250000000000001,-0.000335693359375,-7.9074727774665804e-06,-0.00032778588659753343
0.322625,-0.018646240234375,-0.021086214275689342,0.0024399740413143418
0.32274999999999998,-0.039886474609375,-0.038938948401214778,-0.00094752620816022232
0.32287500000000002,-0.05047607421875,-0.050852778112667765,0.00037670389391776526
0.32300000000000001,-0.053955078125,-0.055020781143693978,0.0010657030186939781
0.323125,-0.049591064453125,-0.050816487589072659,0.0012254231359476592
0.32324999999999998,-0.03887939453125,-0.038888024958054782,8.6304268047815436e-06
0.32337500000000002,-0.022735595703125,-0.021058219902241659,-0.0016773758008833406
0.32350000000000001,9.1552734375e-05,-4.6051887766577614e-05,0.00013760462214157761
0.323625,0.0220947265625,0.020947977354154421,0.0011467492083455794
0.32374999999999998,0.036041259765625,0.038729330121815682,-0.0026880703561906819
0.32387500000000002,0.050445556640625,0.050595523510740682,-0.00014996687011568227
0.32400000000000001,0.0545654296875,0.054746860063656672,-0.00018143037615667157
0.324125,0.05126953125,0.050559374926360874,0.0007101563236391259
0.32424999999999998,0.038299560546875,0.038678604444864692,-0.00037904389798969207
0.32437500000000002,0.0198974609375,0.02092008727925351,-0.0010226263417535096
0.32450000000000001,0.00030517578125,-8.0682452358827599e-06,0.00031324402648588278
0.324625,-0.02239990234375,-0.020918156893805061,-0.0014817454499449385
0.32474999999999998,-0.039306640625,-0.038628413710765051,-0.00067822691423494869
0.32487500000000002,-0.051422119140625,-0.050447161246495793,-0.00097495789412920669
0.32500000000000001,-0.0538330078125,-0.054581897965085842,0.00074889015258584185
0.325125,-0.049774169921875,-0.050411154046455034,0.00063698412458003395
0.32524999999999998,-0.03778076171875,-0.038577885032646211,0.00079712331389621138
0.32537500000000003,-0.0223388671875,-0.020890370730943523,-0.0014484964565564772
0.32550000000000001,-0.000335693359375,-4.5891791149086603e-05,-0.00028980156822591338
0.325625,0.02288818359375,0.020780591884407444,0.0021075917093425559
0.32574999999999998,0.03704833984375,0.038420037016681209,-0.0013716971729312091
0.32587500000000003,0.05126953125,0.050191528406977971,0.0010780028430220287
0.32600000000000001,0.05487060546875,0.05430973166853735,0.00056087380021264954
0.326125,0.050567626953125,0.050155662038568014,0.00041196491455698647
0.32624999999999998,0.035919189453125,0.038369704572994663,-0.0024505151198696631
0.32637500000000003,0.021575927734375,0.020752909248504137,0.00082301848587086265
0.32650000000000001,0.000335693359375,-8.2276688466795803e-06,0.00034392102822167957
0.326625,-0.019439697265625,-0.020751440649812946,0.001311743384187946
0.32674999999999998,-0.0394287109375,-0.038320357226815184,-0.001108353710684816
0.32687500000000003,-0.050048828125,-0.050044781420911691,-4.0467040883090943e-06
0.32700000000000001,-0.05328369140625,-0.054146517337317027,0.00086282593106702665
0.327125,-0.04913330078125,-0.050009055333583907,0.0008757545523339072
0.32724999999999999,-0.036956787109375,-0.038270220256126593,0.0013134331467515928
0.32737500000000003,-0.019989013671875,-0.020723861157207726,0.00073484748533272568
0.32750000000000001,-0.000762939453125,-4.573303772256344e-05,-0.00071720641540243659
0.327625,0.019622802734375,0.020614542190536767,-0.00099173945616176651
0.32774999999999999,0.0386962890625,0.038113212209632978,0.00058307685286702188
0.32787500000000003,0.049835205078125,0.04979075740126631,4.4447676858690166e-05
0.32800000000000001,0.05462646484375,0.053876091820033271,0.00075037302371672859
0.328125,0.049560546875,0.04975517104662433,-0.00019462417162433021
0.32824999999999999,0.03717041015625,0.03806326995345545,-0.00089285979720545028
0.32837499999999997,0.020477294921875,0.020587065458985247,-0.00010977053711024726
0.32850000000000001,-0.000274658203125,-8.3857548964316083e-06,-0.00026627244822856837
0.328625,-0.0208740234375,-0.020586054841119226,-0.00028796859638077418
0.32874999999999999,-0.039215087890625,-0.038014759172160489,-0.0012003287184645106
0.32887499999999997,-0.051116943359375,-0.049645612802588349,-0.0014713305567866514
0.32900000000000001,-0.053466796875,-0.053714611307932328,0.00024781443293232785
0.329125,-0.049591064453125,-0.049610165634379713,1.9101181254713162e-05
0.32924999999999999,-0.037506103515625,-0.037965010874949683,0.00045890735932468257
0.32937499999999997,-0.020416259765625,-0.020558680489770696,0.00014242072414569554
0.32950000000000002,-0.000213623046875,-4.5575616244618306e-05,-0.00016804743063038169
0.329625,0.0184326171875,0.020449817612730275,-0.0020172004252302748
0.32974999999999999,0.039337158203125,0.037808836002546468,0.0015283222005785316
0.32987499999999997,0.051483154296875,0.049393184763569374,0.0020899695333056259
0.33000000000000002,0.0533447265625,0.053445912677451329,-0.00010118611495132934
0.330125,0.048675537109375,0.049357876237670108,-0.00068233912829510773
0.33024999999999999,0.038055419921875,0.037759280911689216,0.00029613901018578359
0.33037499999999997,0.02032470703125,0.020422545262148002,-9.7838230898001505e-05
0.33050000000000002,0.001678466796875,-8.5425145866235197e-06,0.0016870093114616236
0.330625,-0.021026611328125,-0.020421988850530846,-0.0006046224775941543
0.33074999999999999,-0.03680419921875,-0.03771159992742952,0.0009074007086795205
0.33087499999999997,-0.04998779296875,-0.04924962976437184,-0.00073816320437816024
0.33100000000000002,-0.054718017578125,-0.053286152147553952,-0.0014318654305710485
0.331125,-0.04949951171875,-0.049214459338788666,-0.00028505237996133415
0.33124999999999999,-0.03515625,-0.037662237293223835,0.0025059872932238353
0.33137499999999998,-0.01947021484375,-0.020394818122667212,0.00092460327891721178
0.33150000000000002,9.1552734375e-05,-4.5419515569776968e-05,0.00013697224994477697
0.331625,0.019744873046875,0.020286407576252129,-0.0005415345293771287
0.33174999999999999,0.036834716796875,0.037506888854490543,-0.00067217205761554294
0.33187499999999998,0.048675537109375,0.048998784969197275,-0.00032324785982227461
0.33200000000000002,0.055023193359375,0.053019166622283891,0.0020040267370911094
0.332125,0.049560546875,0.048963752104052356,0.00059679477094764372
0.33224999999999999,0.035491943359375,0.03745771793014941,-0.0019657745707744104
0.33237499999999998,0.0198974609375,0.020259338094463154,-0.00036187715696315431
0.33250000000000002,0.000335693359375,-8.6979590160151856e-06,0.0003443913183910152
0.332625,-0.0213623046875,-0.020259232145585299,-0.0011030725419147007
0.33274999999999999,-0.03790283203125,-0.037410860029820046,-0.00049197200142995362
0.33287499999999998,-0.047607421875,-0.048856806883619666,0.0012493850086196662
0.33300000000000002,-0.053466796875,-0.052861112348101091,-0.00060568452689890862
0.333125,-0.048797607421875,-0.048821911041145721,2.4303619270721333e-05
0.33324999999999999,-0.03704833984375,-0.037361880071445128,0.00031354022769512768
0.33337499999999998,-0.01885986328125,-0.020232263534605943,0.0013724002533559432
0.33350000000000002,0.0008544921875,-4.52647246365886e-05,0.00089975691213658863
0.333625,0.022216796875,0.020124301590746959,0.002092495284253041
0.33374999999999999,0.03656005859375,0.037207351380481646,-0.00064729278673164581
0.33387499999999998,0.049072265625,0.04860753269715043,0.00046473292784957043
0.33400000000000002,0.052978515625,0.052595826256435538,0.00038268936856446223
0.33412500000000001,0.049713134765625,0.048572773341682585,0.0011403614239424154
0.33424999999999999,0.035186767578125,0.037158561647060592,-0.0019717940689355923
0.33437499999999998,0.01971435546875,0.020097433476697249,-0.000383078007947249
0.33450000000000002,0.000244140625,-8.8520991937262607e-06,0.00025299272419372626
0.33462500000000001,-0.020416259765625,-0.0200977742778689,-0.00031848548775609969
0.33474999999999999,-0.04022216796875,-0.037112520171858197,-0.0031096477968918027
0.33487499999999998,-0.0496826171875,-0.048467118940575704,-0.0012154982469242959
0.33500000000000002,-0.051971435546875,-0.052439464621023953,0.00046802907414895262
0.33512500000000001,-0.047149658203125,-0.048432495538539781,0.0012828373354147812
0.33524999999999999,-0.037933349609375,-0.037063919925253555,-0.00086942968412144495
0.33537499999999998,-0.019622802734375,-0.02007100628824882,0.00044820355387381952
0.33550000000000002,-0.00091552734375,-4.5111232485050344e-05,-0.00087041611126494967
0.33562500000000001,0.01953125,0.019963489249577734,-0.00043223924957773441
0.33574999999999999,0.03570556640625,0.036910204350234982,-0.0012046379439849819
0.33587499999999998,0.047119140625,0.048219402828511372,-0.0011002622035113721
0.33600000000000002,0.053680419921875,0.052175864400464095,0.0015045555214109052
0.33612500000000001,0.048126220703125,0.048184914848419177,-5.8694145294177491e-05
0.33624999999999999,0.036163330078125,0.036861792855166609,-0.00069846277704160853
0.33637499999999998,0.02069091796875,0.019936821013253905,0.00075409695549609468
0.33650000000000002,-0.00048828125,-9.0049460339651013e-06,-0.0004792763039660349
0.33662500000000001,-0.01922607421875,-0.019937604882357057,0.00071153066360705661
0.33674999999999999,-0.03680419921875,-0.036816561200145995,1.2361981395994648e-05
0.33687499999999998,-0.047637939453125,-0.048080540916752221,0.00044260146362722075
0.33700000000000002,-0.05291748046875,-0.052021181895551744,-0.00089629857319825645
0.33712500000000001,-0.047698974609375,-0.048046187829192233,0.00034721321981723285
0.33724999999999999,-0.036376953125,-0.03676833772418641,0.00039138459918641039
0.33737499999999998,-0.018951416015625,-0.019911036029566048,0.00095962001394104754
0.33750000000000002,0.0010986328125,-4.4959028243679457e-05,0.0011435918407436795
0.33762500000000001,0.019256591796875,0.019803960229152148,-0.00054736843227714757
0.33774999999999999,0.03753662109375,0.036615428686938421,0.00092119240681157871
0.33787499999999998,0.04705810546875,0.04783437044482166,-0.00077626497607165973
0.33800000000000002,0.05157470703125,0.051759254091835599,-0.00018454706058559922
0.33812500000000001,0.04852294921875,0.047800151722450987,0.00072279749629901302
0.33825,0.036224365234375,0.036567392500501679,-0.00034302726612667894
0.33837499999999998,0.019866943359375,0.019777490391495386,8.9452967879613543e-05
0.33850000000000002,0.000152587890625,-9.1565103686647005e-06,0.00016174440099366469
0.33862500000000001,-0.01947021484375,-0.01977871367673225,0.00030849883298224995
0.33875,-0.037200927734375,-0.036522964114140355,-0.00067796362023464507
0.33887499999999998,-0.0467529296875,-0.047697047993321307,0.00094411830582130651
0.33900000000000002,-0.052886962890625,-0.051606237316954615,-0.0012807255736703854
0.33912500000000001,-0.04913330078125,-0.047662963110858624,-0.0014703376703913765
0.33925,-0.0352783203125,-0.03647511449046275,0.0011967941779627497
0.33937499999999998,-0.0198974609375,-0.019752342487160172,-0.00014511845033982756
0.33950000000000002,-0.000762939453125,-4.4808101134721822e-05,-0.00071813135199027818
0.33962500000000001,0.017120361328125,0.019645704288270782,-0.0025253429601457822
0.33975,0.037353515625,0.036323005466015044,0.0010305101589849555
0.33987499999999998,0.045684814453125,0.047452410826486706,-0.0017675963733617059
0.34000000000000002,0.050201416015625,0.051345968583193298,-0.001144552567568298
0.34012500000000001,0.048553466796875,0.04741845926070095,0.00113500753617405
0.34025,0.037933349609375,0.036275341681158708,0.0016580079282162916
0.34037499999999998,0.018341064453125,0.019619431381096904,-0.0012783669279719037
0.34050000000000002,-9.1552734375e-05,-9.3068029304029436e-06,-8.2245931444597053e-05
0.34062500000000001,-0.01861572265625,-0.019621090460732397,0.0010053678044823974
0.34075,-0.0377197265625,-0.036231710064928972,-0.0014880164975710278
0.34087499999999998,-0.046051025390625,-0.047316615549526021,0.0012655901589010213
0.34100000000000003,-0.05316162109375,-0.051194604244819565,-0.0019670168489304349
0.34112500000000001,-0.04736328125,-0.047282796779231667,-8.0484470768332761e-05
0.34125,-0.036285400390625,-0.036184231397758469,-0.00010116899286653075
0.34137499999999998,-0.019287109375,-0.019594915471612049,0.00030780609661204897
0.34150000000000003,0.001190185546875,-4.4658440461667402e-05,0.0012348439873366675
0.34162500000000001,0.018157958984375,0.01948871126745326,-0.0013307522830782598
0.34175,0.034393310546875,0.036032915913916698,-0.001639605367041698
0.34187499999999998,0.047607421875,0.047073499451186405,0.0005339224238135945
0.34200000000000003,0.0526123046875,0.050935981340640375,0.0016763233468596248
0.34212500000000001,0.045989990234375,0.04703981295723552,-0.0010498227228605203
0.34225,0.033905029296875,0.035985621646088234,-0.0020805923492132339
0.34237499999999998,0.019073486328125,0.019462633833378762,-0.00038914750525376185
0.34250000000000003,0.001953125,-9.4558343621823417e-06,0.0019625808343621824
0.34262500000000001,-0.021209716796875,-0.019464725115503977,-0.0017449916813710234
0.34275,-0.03558349609375,-0.035942780354028557,0.00035928426027855703
0.34287499999999999,-0.045928955078125,-0.046939219161092942,0.0010102640829679418
0.34300000000000003,-0.05194091796875,-0.050786256251340062,-0.0011546617174099383
0.34312500000000001,-0.04669189453125,-0.046905664426363819,0.00021376989511381894
0.34325,-0.036529541015625,-0.035895669769991458,-0.00063387124563354241
0.34337499999999999,-0.021209716796875,-0.019438744874815801,-0.0017709719220591995
0.34350000000000003,-0.00091552734375,-4.4510035626126228e-05,-0.00087101730812387383
0.34362500000000001,0.0203857421875,0.019332971088296992,0.0010527710992030079
0.34375,0.035675048828125,0.03574514140691451,-7.009257878951014e-05
0.34387499999999999,0.047454833984375,0.046697611992305363,0.00075722199206963714
0.34399999999999997,0.050628662109375,0.050529266042036412,9.939606733858769e-05
0.34412500000000001,0.04522705078125,0.046664188501698053,-0.0014371377204480534
0.34425,0.03533935546875,0.035698213793886081,-0.00035885832513608135
0.34437499999999999,0.01806640625,0.019307087680660116,-0.0012406814306601156
0.34449999999999997,-0.001220703125,-9.6036152181756515e-06,-0.0012110995097818244
0.34462500000000001,-0.020477294921875,-0.01930960760293628,-0.0011676873189387198
0.34475,-0.035888671875,-0.035656156432171938,-0.00023251544282806152
0.34487499999999999,-0.0469970703125,-0.046564834598668559,-0.00043223571383144144
0.34499999999999997,-0.05096435546875,-0.050381167119619333,-0.00058318834913066719
0.34512500000000002,-0.04510498046875,-0.046531541839095789,0.0014265613703457886
0.34525,-0.036407470703125,-0.035609411080134906,-0.00079805962299009381
0.34537499999999999,-0.01861572265625,-0.019283820669346023,0.00066809801309602318
0.34549999999999997,0.0003662109375,-4.4362876126735688e-05,0.00041057381362673566
0.34562500000000002,0.019683837890625,0.019178473752824807,0.0005053641378001926
0.34575,0.035675048828125,0.035459663469911473,0.00021538535821352678
0.34587499999999999,0.048309326171875,0.046324724317364223,0.0019846018545107771
0.34599999999999997,0.04925537109375,0.05012579657530742,-0.00087042548155742
0.34612500000000002,0.04510498046875,0.046291561777743545,-0.0011865813089935451
0.34625,0.03521728515625,0.035413099671603269,-0.00019581451535326949
0.34637499999999999,0.01739501953125,0.019152782935601929,-0.0017577634043519294
0.34649999999999997,0.001220703125,-9.7501559815362199e-06,0.0012304532809815363
0.34662500000000002,-0.019500732421875,-0.01915572796502777,-0.00034500445684722963
0.34675,-0.03460693359375,-0.035371819898123484,0.00076488630437348409
0.34687499999999999,-0.045928955078125,-0.046193437826261584,0.00026448274813658385
0.34699999999999998,-0.048370361328125,-0.049979310841987111,0.001608949513862111
0.34712500000000002,-0.047393798828125,-0.046160404997508647,-0.0012333938306163528
0.34725,-0.03619384765625,-0.035325436949019504,-0.0008684107072304964
0.34737499999999999,-0.018707275390625,-0.01913013290780571,0.00042285751718071016
0.34749999999999998,-0.000244140625,-4.4216951515575531e-05,-0.00019992367348442447
0.34762500000000002,0.018585205078125,0.019025209342853681,-0.00044000426472868073
0.34775,0.033843994140625,0.035176463775244061,-0.0013324696346190615
0.34787499999999999,0.044952392578125,0.045954812486474969,-0.0010024199083499691
0.34799999999999998,0.050079345703125,0.049725547036769464,0.00035379866635553564
0.34812500000000002,0.0445556640625,0.045921908861492444,-0.0013662447989924442
0.34825,0.033905029296875,0.035130260973553123,-0.0012252316766781235
0.34837499999999999,0.01812744140625,0.018999709690581675,-0.00087226828433167522
0.34849999999999998,0.0015869140625,-9.8954670249358301e-06,0.0015968095295249359
0.34862500000000002,-0.019256591796875,-0.019003076323241556,-0.00025351547363344426
0.34875,-0.034454345703125,-0.035089752497503714,0.00063540679437871367
0.34887499999999999,-0.045989990234375,-0.045825004999704065,-0.0001649852346709349
0.34899999999999998,-0.04864501953125,-0.049580661618329941,0.0009356420870799409
0.34912500000000002,-0.04412841796875,-0.045792230073377148,0.0016638121046271478
0.34925,-0.0355224609375,-0.035043729144157446,-0.00047873179334255445
0.34937499999999999,-0.020263671875,-0.018977671722179783,-0.0012860001528202172
0.34949999999999998,-0.0006103515625,-4.4072251466267955e-05,-0.00056627931103373202
0.34962500000000002,0.019317626953125,0.018873168019342135,0.00044445893378286527
0.34975000000000001,0.03387451171875,0.034895524141513756,-0.0010210124227637563
0.34987499999999999,0.046234130859375,0.045587852750801655,0.00064627810857334489
0.34999999999999998,0.049041748046875,0.049328491729465511,-0.00028674368259051092
0.35012500000000002,0.04595947265625,0.045555206019990302,0.00040426663625969805
0.35025000000000001,0.035369873046875,0.034849679540148087,0.00052019350672691256
0.35037499999999999,0.0174560546875,0.01884785811704651,-0.00139180342954651
0.35049999999999998,0.000823974609375,-1.0039558640202968e-05,0.00083401416801520299
0.35062500000000002,-0.01739501953125,-0.018851642877881623,0.0014566233466316234
0.35075000000000001,-0.03369140625,-0.034809936121605302,0.0011185298716053019
0.35087499999999999,-0.04595947265625,-0.045459512465114121,-0.00049996019113587864
0.35099999999999998,-0.049713134765625,-0.049185193854434782,-0.00052794091119021808
0.35112500000000002,-0.0452880859375,-0.045426993428642183,0.00013890749114218309
0.35125000000000001,-0.03485107421875,-0.034764269578563885,-8.6804640186115278e-05
0.35137499999999999,-0.019439697265625,-0.018826427323217262,-0.00061326994240773827
0.35149999999999998,0.00030517578125,-4.3928765727271429e-05,0.00034910454697727146
0.35162500000000002,0.0186767578125,0.018722340021769219,-4.5582209269218882e-05
0.35175000000000001,0.033172607421875,0.034616826532415837,-0.001444219110540837
0.35187499999999999,0.0452880859375,0.045223821551040023,6.4264386459976508e-05
0.35199999999999998,0.049407958984375,0.04893460516151564,0.00047335382285935979
0.35212500000000002,0.045318603515625,0.045191429709690645,0.00012717380593435523
0.35225000000000001,0.033172607421875,0.034571337356725712,-0.0013987299348507121
0.35237499999999999,0.0184326171875,0.018697218464887467,-0.00026460127738746689
0.35249999999999998,-0.000946044921875,-1.0182441041594466e-05,-0.00093586248083340551
0.35262500000000002,-0.018798828125,-0.018701417907448045,-9.7410217551954781e-05
0.35275000000000001,-0.035369873046875,-0.034532352806238537,-0.00083752024063646346
0.35287499999999999,-0.043701171875,-0.045096936757380572,0.0013957648823805721
0.35299999999999998,-0.048370361328125,-0.048792882160345691,0.00042252083222069081
0.35312500000000002,-0.044769287109375,-0.045064671613888684,0.00029538450451368353
0.35325000000000001,-0.034332275390625,-0.034487040309607614,0.00015476491898261391
0.35337499999999999,-0.01995849609375,-0.01867638999979216,-0.0012821060939578396
0.35349999999999998,0.000518798828125,-4.3786484135445455e-05,0.00056258531226044547
0.35362500000000002,0.01837158203125,0.01857271566750272,-0.00020113363625271982
0.35375000000000001,0.033843994140625,0.034340353055589294,-0.00049635891496429413
0.353875,0.04437255859375,0.044862695515898519,-0.00049013692214851939
0.35399999999999998,0.0477294921875,0.048543862044480406,-0.00081436985698040559
0.35412500000000002,0.0450439453125,0.044830556574939985,0.00021338873756001492
0.35425000000000001,0.03460693359375,0.03429521655239598,0.00031171704135402045
0.354375,0.01837158203125,0.018547781061803083,-0.00017619903055308278
0.35449999999999998,-0.002197265625,-1.0324124349645616e-05,-0.0021869415006503545
0.35462500000000002,-0.0189208984375,-0.018552391768023393,-0.00036850666947660718
0.35475000000000001,-0.034912109375,-0.034256984730574098,-0.00065512464442590151
0.354875,-0.043792724609375,-0.044737254598659563,0.0009445299892845635
0.35499999999999998,-0.049102783203125,-0.048403701348733834,-0.00069908185439116616
0.35512500000000002,-0.046478271484375,-0.04470524136684674,-0.0017730301175282598
0.35525000000000001,-0.033660888671875,-0.034212023537851084,0.00055113486597608424
0.355375,-0.019500732421875,-0.01852755011828516,-0.00097318230358984029
0.35549999999999998,-0.0013427734375,-4.364539660424875e-05,-0.0012991280408957513
0.35562500000000002,0.016754150390625,0.018424285351187782,-0.0016701349605627823
0.35575000000000001,0.034912109375,0.03406608596145632,0.00084602341354367977
0.355875,0.0443115234375,0.044504451460602126,-0.00019292802310212631
0.35599999999999998,0.047576904296875,0.048156237291737271,-0.0005793329948622708
0.35612500000000002,0.043792724609375,0.04447256344647528,-0.00067983883710028004
0.35625000000000001,0.035552978515625,0.034021299398886137,0.0015316791167388627
0.356375,0.01873779296875,0.018399536312693872,0.00033825665605612815
0.35649999999999998,9.1552734375e-05,-1.0464618603148208e-05,0.00010201735297814821
0.35662500000000003,-0.018341064453125,-0.018404554892648452,6.3490439523451736e-05
0.35675000000000001,-0.0335693359375,-0.033983814216006721,0.00041447827850672053
0.356875,-0.04302978515625,-0.044380442896873838,0.0013506577406238382
0.35699999999999998,-0.048004150390625,-0.048017626433280343,1.3476042655342912e-05
0.35712500000000003,-0.04248046875,-0.044348679610893602,0.0018682108608936016
0.35725000000000001,-0.035064697265625,-0.033939201605911504,-0.0011254956597134963
0.357375,-0.01812744140625,-0.018379898121954834,0.0002524567157048338
0.35749999999999998,0.00030517578125,-4.3505493139696482e-05,0.0003486812743896965
0.35762500000000003,0.01788330078125,0.018277039544114904,-0.00039373876286490431
0.35775000000000001,0.0352783203125,0.033794007642090645,0.0014843126704093546
0.357875,0.04510498046875,0.044149066385401725,0.00095591408334827488
0.35799999999999998,0.048492431640625,0.047771706016870016,0.00072072562375498361
0.35812500000000003,0.04351806640625,0.044117427339942658,-0.00059936093369265808
0.35825000000000001,0.033050537109375,0.033749568309414148,-0.0006990312000391477
0.358375,0.01776123046875,0.018252474699035875,-0.00049124423028587549
0.35849999999999999,0.001983642578125,-1.0603933754321507e-05,0.0019942465118793213
0.35862500000000003,-0.0181884765625,-0.018257897790718201,6.9421228218201347e-05
0.35875000000000001,-0.033203125,-0.033712823725008535,0.00050969872500853525
0.358875,-0.0435791015625,-0.044026478744234349,0.00044737718173434859
0.35899999999999999,-0.047607421875,-0.047634632627072168,2.7210752072168165e-05
0.35912500000000003,-0.0447998046875,-0.043994963453574287,-0.00080484123392571272
0.35925000000000001,-0.034423828125,-0.033668556997319458,-0.00075527112768054155
0.359375,-0.015869140625,-0.018233424530339368,0.0023642839053393677
0.35949999999999999,-0.000640869140625,-4.3366763828525709e-05,-0.00059750237679647431
0.35962499999999997,0.018310546875,0.018130968793608544,0.00017957808139145576
0.35975000000000001,0.0333251953125,0.033524100630083327,-0.00019890531758332691
0.359875,0.04400634765625,0.043796517474101751,0.000209830182148249
0.35999999999999999,0.047698974609375,0.047390243532070907,0.00030873107730409327
0.36012499999999997,0.042144775390625,0.043765125454420656,-0.0016203500637956558
0.36025000000000001,0.032867431640625,0.033480005837553631,-0.0006125741969286308
0.360375,0.016510009765625,0.018106586778274581,-0.0015965770126495811
0.36049999999999999,-0.002044677734375,-1.0742079680379411e-05,-0.0020339356546946207
0.36062499999999997,-0.018646240234375,-0.01811241104734989,-0.00053382918702511023
0.36075000000000002,-0.03466796875,-0.033443995860010969,-0.0012239728899890306
0.360875,-0.0435791015625,-0.043675339415767483,9.6237853267483464e-05
0.36099999999999999,-0.045806884765625,-0.04725469534101065,0.0014478105753856496
0.36112499999999997,-0.044586181640625,-0.043644070185130709,-0.00094211145549429054
0.36125000000000002,-0.033966064453125,-0.033400072335405845,-0.00056599211771915514
0.361375,-0.01861572265625,-0.018088119938637577,-0.00052760271761242289
0.36149999999999999,-0.002685546875,-4.3229198842967105e-05,-0.0026423176761570331
0.36162499999999997,0.017120361328125,0.017986063722457674,-0.0008657023943326736
0.36175000000000002,0.0340576171875,0.033256347597428876,0.00080126959007112419
0.361875,0.0433349609375,0.043446782092588926,-0.00011182115508892587
0.36199999999999999,0.048248291015625,0.047011825346555736,0.0012364656690692644
0.36212499999999997,0.04364013671875,0.043415635170945995,0.0002245015478040055
0.36225000000000002,0.03387451171875,0.033212594676108056,0.00066191704264194351
0.362375,0.019073486328125,0.017961863183208675,0.0011116231449163246
0.36249999999999999,-0.00018310546875,-1.0879066167889139e-05,-0.00017222640258211086
0.36262499999999998,-0.019317626953125,-0.017968085322818631,-0.0013495416303063688
0.36275000000000002,-0.032379150390625,-0.033177313362283967,0.00079816297165896666
0.362875,-0.042724609375,-0.043327002367860253,0.00060239299286025255
0.36299999999999999,-0.046478271484375,-0.046877790182232905,0.00039951869785790489
0.36312499999999998,-0.041046142578125,-0.043295977277037545,0.0022498346989125451
0.36325000000000002,-0.03387451171875,-0.033133730382178456,-0.00074078133657154432
0.363375,-0.015960693359375,-0.017943975017110082,0.0019832816577350816
0.36349999999999999,-0.001007080078125,-4.3092788426658453e-05,-0.00096398728969834151
0.36362499999999998,0.017181396484375,0.017842315028253713,-0.00066091854387871282
0.36375000000000002,0.0333251953125,0.032990731354401372,0.00033446395809862833
0.363875,0.043853759765625,0.043099837787382446,0.00075392197824255408
0.36399999999999999,0.047119140625,0.04663642716499139,0.00048271346000861026
0.36412499999999998,0.04400634765625,0.043068934051075841,0.00093741360517415884
0.36425000000000002,0.032806396484375,0.032947317656010972,-0.00014092117163597151
0.364375,0.0179443359375,0.017818294621406015,0.00012604131609398467
0.36449999999999999,-0.00152587890625,-1.1014902924370403e-05,-0.0015148640033256296
0.36462499999999998,-0.01708984375,-0.017824911351907981,0.00073506760190798076
0.36475000000000002,-0.03338623046875,-0.032912759110835604,-0.00047347135791439565
0.364875,-0.0443115234375,-0.042981445236805658,-0.0013300782006943415
0.36499999999999999,-0.0479736328125,-0.046503892952545693,-0.0014697398599543068
0.36512499999999998,-0.044097900390625,-0.042950662380571193,-0.0011472380100538068
0.36525000000000002,-0.029693603515625,-0.03286951403721905,0.0031759105215940497
0.36537500000000001,-0.017822265625,-0.017800980510467992,-2.1285114532008237e-05
0.36549999999999999,0.00067138671875,-4.2957522923388675e-05,0.00071434424167338866
0.36562499999999998,0.01678466796875,0.017699713482831073,-0.0009150455140810726
0.36575000000000002,0.033294677734375,0.032727234848456688,0.00056744288591831227
0.36587500000000001,0.04180908203125,0.042755662284196402,-0.00094658025294640236
0.36599999999999999,0.046600341796875,0.046264024885936138,0.00033631691093886223
0.36612499999999998,0.044097900390625,0.042724999835442007,0.0013729005551829931
0.36625000000000002,0.033050537109375,0.032684157745217907,0.00036637936415709338
0.36637500000000001,0.019317626953125,0.017675871874584723,0.0016417550785402767
0.36649999999999999,-0.000640869140625,-1.114959957361781e-05,-0.00062971954105138224
0.36662499999999998,-0.017364501953125,-0.017682879943357325,0.00031837799023232485
0.36675000000000002,-0.032257080078125,-0.032650316121299636,0.00039323604317463567
0.36687500000000001,-0.040740966796875,-0.042638645837376234,0.0018976790405012336
0.36699999999999999,-0.04400634765625,-0.046132979646871915,0.0021266319906219147
0.36712499999999998,-0.04290771484375,-0.042608103325358589,-0.00029961151839141137
0.36725000000000002,-0.0325927734375,-0.032607406336576092,1.4632899076091888e-05
0.36737500000000001,-0.016632080078125,-0.017659127237305589,0.0010270471591805885
0.36749999999999999,-0.000244140625,-4.2823392741674794e-05,-0.00020131723225832521
0.36762499999999998,0.018951416015625,0.017558249931676827,0.0013931660839481726
0.36775000000000002,0.0321044921875,0.03246584116314509,-0.00036134897564508994
0.36787500000000001,0.043212890625,0.042414233486498545,0.00079865713850145459
0.36799999999999999,0.04559326171875,0.045894594600292153,-0.00030133288154215315
0.36812499999999998,0.041015625,0.042383810442315741,-0.0013681854423157405
0.36825000000000002,0.034942626953125,0.032423098047605431,0.0025195289055195691
0.36837500000000001,0.0172119140625,0.017534585798050711,-0.00032267173555071069
0.36849999999999999,0.00115966796875,-1.1283165664297144e-05,0.0011709511344142971
0.36862499999999998,-0.01885986328125,-0.017541981979237495,-0.0013178813020125052
0.36875000000000002,-0.03033447265625,-0.03238996754486196,0.0020554948886119598
0.36887500000000001,-0.041290283203125,-0.042298582161387474,0.0010082989582624741
0.36899999999999999,-0.0457763671875,-0.045765026451709309,-1.1340735790690837e-05
0.36912499999999998,-0.041107177734375,-0.042268278117967885,0.0011611003835928849
0.36925000000000002,-0.033355712890625,-0.03234739045169608,-0.00100832243892892
0.36937500000000001,-0.0169677734375,-0.017518406089478977,0.00055063265197897657
0.3695,-0.00048828125,-4.2690388370289751e-05,-0.00044559086162971023
0.36962499999999998,0.017913818359375,0.01741791529331629,0.00049590306605870951
0.36975000000000002,0.03228759765625,0.032206533517004789,8.1064139245211331e-05
0.36987500000000001,0.04010009765625,0.042075529474104929,-0.0019754318178549293
0.37,0.0452880859375,0.045528112589770561,-0.0002400266522705613
0.37012499999999998,0.0423583984375,0.042045343966202069,0.00031305447129793135
0.37025000000000002,0.03143310546875,0.032164121801906781,-0.00073101633315678094
0.37037500000000001,0.019012451171875,0.017394427320078738,0.0016180238517962617
0.3705,0.00091552734375,-1.1415610667822019e-05,0.00092694295441782205
0.37062499999999998,-0.017303466796875,-0.017402208414397106,9.8741617522105779e-05
0.37075000000000002,-0.0313720703125,-0.032131696667156727,0.00075962635465672695
0.37087500000000001,-0.042572021484375,-0.041961232376300006,-0.00061078910807499387
0.371,-0.044891357421875,-0.045400009743601651,0.00050865232172665059
0.37112499999999998,-0.04266357421875,-0.041931164940483392,-0.00073240927826660751
0.37125000000000002,-0.03179931640625,-0.032089449688318825,0.00029013328206882461
0.37137500000000001,-0.01715087890625,-0.017378808031536099,0.00022792912528609918
0.3715,-0.00048828125,-4.2558500393035284e-05,-0.00044572274960696473
0.37162499999999998,0.017425537109375,0.017278700558761604,0.00014683655061339604
0.37175000000000002,0.032806396484375,0.031949295262508656,0.00085710122186634374
0.37187500000000001,0.041717529296875,0.041739528501766369,-2.1999204891369473e-05
0.372,0.045501708984375,0.045164555325368637,0.00033715365900636313
0.37212499999999998,0.0404052734375,0.041709578676418418,-0.0013043052389184184
0.37225000000000003,0.031005859375,0.031907212380611588,-0.00090135300561158815
0.37237500000000001,0.01708984375,0.017255387441344784,-0.00016554369134478414
0.3725,-0.0008544921875,-1.1546943960971429e-05,-0.00084294524353902857
0.37262499999999998,-0.016571044921875,-0.01726355027586712,0.00069250535399211985
0.37275000000000003,-0.03118896484375,-0.031875486907220876,0.0006865220634708763
0.37287500000000001,-0.04132080078125,-0.041626574823801936,0.00030577404255193591
0.373,-0.04437255859375,-0.045037906087622093,0.00066534749387209269
0.37312499999999998,-0.04107666015625,-0.041596742149110841,0.00052008199286084078
0.37325000000000003,-0.031097412109375,-0.03183356748541695,0.0007361553760419498
0.37337500000000001,-0.017669677734375,-0.017240324100150767,-0.00042935363422423253
0.3735,-0.00146484375,-4.2427719456818738e-05,-0.0014224160305431812
0.37362499999999998,0.01739501953125,0.017140596790918665,0.00025442274033133511
0.37375000000000003,0.031585693359375,0.031694109884984271,-0.00010841652560927145
0.37387500000000001,0.040985107421875,0.041406208997766591,-0.00042110157589159147
0.374,0.04498291015625,0.044803899465859227,0.00017901069039077261
0.37412499999999999,0.041351318359375,0.041376493015715325,-2.5174656340325174e-05
0.37425000000000003,0.030426025390625,0.03165235328890955,-0.0012263278982845502
0.37437500000000001,0.017852783203125,0.017117457234362286,0.00073532596876271436
0.3745,-0.000274658203125,-1.1677174862771717e-05,-0.0002629810282622283
0.37462499999999999,-0.0174560546875,-0.017125998662270724,-0.00033005602522927571
0.37475000000000003,-0.03009033203125,-0.031621321816400365,0.0015309897851503648
0.37487500000000001,-0.042205810546875,-0.041294588018432291,-0.00091122252844270946
0.375,-0.0452880859375,-0.044678692235868504,-0.0006093937016314957
0.37512499999999999,-0.041290283203125,-0.041264988272793617,-2.5294930331383469e-05
0.37524999999999997,-0.030609130859375,-0.031579727414150507,0.00097059655477550744
0.37537500000000001,-0.0167236328125,-0.017102945403518463,0.00037931259101846304
0.3755,0,-4.2298036286812768e-05,4.2298036286812768e-05
0.37562499999999999,0.01605224609375,0.017003595123999352,-0.00095134903024935227
0.37574999999999997,0.030120849609375,0.031440961001539279,-0.001320111392164279
0.37587500000000001,0.04241943359375,0.04107554956254908,0.0013438840312009204
0.376,0.04339599609375,0.044446121856292133,-0.0010501257625421326
0.37612499999999999,0.041656494140625,0.04104606559887853,0.00061042854174647027
0.37624999999999997,0.032257080078125,0.031399528163645697,0.00085755191447930285
0.37637500000000002,0.017486572265625,0.016980627842875708,0.00050594442274929166
0.3765,0.00067138671875,-1.1806312593964902e-05,0.00068319303134396487
0.37662499999999999,-0.01629638671875,-0.016989544743280419,0.00069315802453041864
0.37674999999999997,-0.03289794921875,-0.031369185077316099,-0.0015287641414339012
0.37687500000000002,-0.040802001953125,-0.040965250646195508,0.00016324869307050849
0.377,-0.04425048828125,-0.044322345125970997,7.1856844720996627e-05
0.37712499999999999,-0.040252685546875,-0.040935882011822501,0.00068319646494750114
0.37724999999999997,-0.0316162109375,-0.031327913176758065,-0.00028829776074193458
0.37737500000000002,-0.015655517578125,-0.016966663120799919,0.0013111455426749186
0.3775,0.000213623046875,-4.216944170087799e-05,0.00025579248857587802
0.37762499999999999,0.0162353515625,0.016867686762985442,-0.00063233520048544198
0.37774999999999997,0.029998779296875,0.031189832360045747,-0.0011910530631707474
0.37787500000000002,0.042449951171875,0.040747528967337243,0.0017024222045377568
0.378,0.042449951171875,0.04409119952650755,-0.0016412483546325504
0.37812499999999999,0.041259765625,0.040718275211361989,0.00054149041363801137
0.37824999999999998,0.033111572265625,0.03114872077223374,0.00196285149339126
0.37837500000000002,0.0162353515625,0.016844890481329672,-0.00060953891882967182
0.3785,0.0009765625,-1.193436631350846e-05,0.00098849686631350851
0.37862499999999999,-0.016387939453125,-0.016854179759036688,0.00046624030591168805
0.37874999999999998,-0.0301513671875,-0.031119060502816053,0.00096769331531605315
0.37887500000000002,-0.041534423828125,-0.040638541563187441,-0.00089588226493755863
0.379,-0.044219970703125,-0.043968841879611163,-0.00025112882351383675
0.37912499999999999,-0.041290283203125,-0.040609402236474058,-0.00068088096665094161
0.37924999999999998,-0.03076171875,-0.031078108605582327,0.00031638985558232746
0.37937500000000002,-0.015655517578125,-0.016831468501568581,0.0011759509234435805
0.3795,0,-4.2041926573413095e-05,4.2041926573413095e-05
0.37962499999999999,0.01513671875,0.016732862983026391,-0.0015961442330263906
0.37974999999999998,0.03143310546875,0.030940707838060709,0.00049239763068929104
0.37987500000000002,0.04150390625,0.040422126152765768,0.001081780097234232
0.38,0.041839599609375,0.043739109689661319,-0.0018995100802863193
0.38012499999999999,0.0404052734375,0.040393100807931501,1.2172629568499294e-05
0.38024999999999998,0.0308837890625,0.030899915011649938,-1.6125949149937979e-05
0.38037500000000002,0.014862060546875,0.016710236434271983,-0.0018481758873969828
0.3805,0.000152587890625,-1.2061345103715702e-05,0.00016464923572871571
0.38062499999999999,-0.0152587890625,-0.016719895019571933,0.0014611059570719329
0.38074999999999998,-0.03131103515625,-0.030870932034918305,-0.00044010312133169541
0.38087500000000002,-0.0401611328125,-0.040314439794249417,0.00015330698174941676
0.38100000000000001,-0.043182373046875,-0.043618159801053338,0.00043578675417833834
0.38112499999999999,-0.039306640625,-0.040285527985659764,0.00097888736065976367
0.38124999999999998,-0.03082275390625,-0.030830297661974697,7.5437557246968434e-06
0.38137500000000002,-0.018096923828125,-0.016697352865216172,-0.0013995709629088283
0.38150000000000001,0.00030517578125,-4.1915481875083179e-05,0.00034709126312508319
0.38162499999999999,0.018402099609375,0.016599115128911979,0.0018029844804630206
0.38174999999999998,0.03155517578125,0.030693571441812617,0.0008616043394373829
0.38187500000000002,0.04052734375,0.040099320227542076,0.00042802352245792374
0.38200000000000001,0.0435791015625,0.043389829740761957,0.00018927182173804347
0.38212499999999999,0.039520263671875,0.040070521511302012,-0.00055025783942701245
0.38224999999999998,0.030609130859375,0.030653094907377654,-4.3964048002654438e-05
0.38237500000000002,0.0166015625,0.016576657055808217,2.4905444191782727e-05
0.38250000000000001,0.000579833984375,-1.2187257956118597e-05,0.00059202124233111858
0.38262499999999999,-0.015655517578125,-0.016586681904280424,0.0009311643261554238
0.38274999999999998,-0.0291748046875,-0.03062478374379788,0.0014499790562978801
0.38287500000000002,-0.040313720703125,-0.039992924531615771,-0.00032079617150922862
0.38300000000000001,-0.043365478515625,-0.043270276375687415,-9.5202139937584918e-05
0.38312499999999999,-0.040069580078125,-0.039964238465566827,-0.0001053416125581727
0.38324999999999998,-0.0311279296875,-0.030584464435301034,-0.00054346525219896649
0.38337500000000002,-0.017791748046875,-0.016564307600432388,-0.0012274404464426118
0.38350000000000001,-0.001129150390625,-4.1790098637044433e-05,-0.0010873602919879556
0.38362499999999999,0.01617431640625,0.016466434614502513,-0.00029211820825251339
0.38374999999999998,0.02996826171875,0.0304484073051569,-0.0004801455864069
0.38387500000000002,0.03887939453125,0.039779090467089689,-0.00089969593583968943
0.38400000000000001,0.044586181640625,0.04304333725521936,0.0015428443854056395
0.38412499999999999,0.040496826171875,0.039750516610803054,0.0007463095610719464
0.38424999999999998,0.03009033203125,0.030408244612399337,-0.00031791258114933704
0.38437500000000002,0.01568603515625,0.016444143769060164,-0.00075810861281016412
0.38450000000000001,-0.000518798828125,-1.231211380201347e-05,-0.00050648671432298651
0.38462499999999999,-0.017822265625,-0.016454531861350798,-0.0013677337636492023
0.38474999999999998,-0.030364990234375,-0.03038059982674652,1.5609592371519654e-05
0.38487500000000002,-0.04046630859375,-0.039673975133572341,-0.0007923334601776591
0.38500000000000001,-0.04071044921875,-0.042925169268583356,0.0022147200498333561
0.385125,-0.038909912109375,-0.039645513048338389,0.00073560093896338913
0.38524999999999998,-0.031280517578125,-0.030340593141895474,-0.00093992443622952643
0.38537500000000002,-0.016265869140625,-0.016432324164619719,0.00016645502399471879
0.38550000000000001,-0.00030517578125,-4.1665767965509553e-05,-0.00026351001328449043
0.385625,0.017059326171875,0.016334812922164127,0.00072451324971087305
0.38574999999999998,0.0303955078125,0.030205199688578471,0.00019030812392152943
0.38587500000000002,0.041473388671875,0.039461416312231129,0.002011972359643871
0.38600000000000001,0.041168212890625,0.042699609987405088,-0.0015313970967800877
0.386125,0.0396728515625,0.039433065561054623,0.00023978600144537732
0.38624999999999998,0.029144287109375,0.030165348406154608,-0.001021061296779608
0.38637500000000002,0.015411376953125,0.016312688065587676,-0.00090131111246267645
0.38650000000000001,0.000274658203125,-1.2435921497953683e-05,0.00028709412462295367
0.386625,-0.015106201171875,-0.016323436407203656,0.0012172352353286564
0.38674999999999998,-0.030853271484375,-0.030138364607182565,-0.00071490687719243454
0.38687500000000002,-0.040252685546875,-0.039357571123144419,-0.00089511442373058081
0.38700000000000001,-0.04217529296875,-0.042582816323057264,0.000407523354307264
0.387125,-0.0406494140625,-0.039329331270735908,-0.001320082791764092
0.38724999999999998,-0.0306396484375,-0.030098668124057745,-0.00054098031344225472
0.38737500000000002,-0.013916015625,-0.016301394083358896,0.0023853784583588965
0.38750000000000001,0.001251220703125,-4.1542481055605137e-05,0.0012927631841806052
0.387625,0.014617919921875,0.016204241602249314,-0.0015863216803743141
0.38774999999999998,0.031463623046875,0.029963932978170554,0.0014996900687044463
0.38787500000000003,0.038177490234375,0.039146277367862081,-0.00096878713348708123
0.38800000000000001,0.042266845703125,0.042358625869224155,-9.1780166099154903e-05
0.388125,0.038238525390625,0.039118147980636814,-0.00087962259001181375
0.38824999999999998,0.02978515625,0.029924390693558709,-0.00013923444355870909
0.38837500000000003,0.01593017578125,0.016182281504856233,-0.00025210572360623296
0.38850000000000001,0.001861572265625,-1.2558689811947574e-05,0.0018741309554369476
0.388625,-0.01617431640625,-0.016193387125978554,1.9070719728554036e-05
0.38874999999999998,-0.030609130859375,-0.029898062533616758,-0.00071106832575824203
0.38887500000000003,-0.03973388671875,-0.039043692186767134,-0.00069019453198286562
0.38900000000000001,-0.041778564453125,-0.042243195559248867,0.00046463110612386671
0.389125,-0.039093017578125,-0.039015672832831014,-7.7344745293986272e-05
0.38924999999999998,-0.02960205078125,-0.029858673849057969,0.00025662306780796854
0.38937500000000003,-0.015380859375,-0.016171508949878059,0.00079064957487805926
0.38950000000000001,-0.001007080078125,-4.1420229161432289e-05,-0.00096565984896356775
0.389625,0.01654052734375,0.016074712272540641,0.00046581507120935922
0.38974999999999999,0.0301513671875,0.029724591684622145,0.00042677550287785471
0.38987500000000003,0.039703369140625,0.038833653401636636,0.00086971573898836363
0.39000000000000001,0.04083251953125,0.042020363008698221,-0.0011878434774482208
0.390125,0.037841796875,0.038805743650786984,-0.00096394677578698351
0.39024999999999999,0.0294189453125,0.029685356003977044,-0.00026641069147704394
0.39037500000000003,0.016326904296875,0.016052915713708222,0.00027398858316677807
0.39050000000000001,-0.001312255859375,-1.2680427458048703e-05,-0.0012995754319169513
0.390625,-0.01837158203125,-0.01606437566895778,-0.0023072063622922197
0.39074999999999999,-0.029388427734375,-0.029659678178678015,0.00027125044430301518
0.39087499999999997,-0.037841796875,-0.038732318172992539,0.00089052129799253865
0.39100000000000001,-0.040618896484375,-0.041906285172710347,0.0012873886883353475
0.391125,-0.039581298828125,-0.03870451759670776,-0.00087678123141723963
0.39124999999999999,-0.029083251953125,-0.029620594908118841,0.00053734295499384063
0.39137499999999997,-0.0155029296875,-0.016042660424490443,0.00053973073699044305
0.39150000000000001,0.000457763671875,-4.1299003610286744e-05,0.00049906267548528672
0.391625,0.017486572265625,0.015946216617699495,0.0015403556479255051
0.39174999999999999,0.029541015625,0.02948716044224748,5.3855182752519937e-05
0.39187499999999997,0.03839111328125,0.038523524342677605,-0.000132411061427605
0.39200000000000002,0.0416259765625,0.041684799688560016,-5.8823126060016107e-05
0.392125,0.03851318359375,0.038495832514107063,1.7351079642936862e-05
0.39224999999999999,0.029052734375,0.02944822899024236,-0.00039549461524236024
0.39237499999999997,0.01446533203125,0.015924582385802907,-0.0014592503545529066
0.39250000000000002,0.00030517578125,-1.2801143058339097e-05,0.0003179769243083391
0.392625,-0.015838623046875,-0.015936393754061688,9.7770707186688177e-05
0.39274999999999999,-0.02984619140625,-0.029423196238112511,-0.00042299516813748897
0.39287499999999997,-0.03790283203125,-0.038423429091195636,0.00052059705994563638
0.39300000000000002,-0.0416259765625,-0.041572063533006458,-5.3913029493542208e-05
0.393125,-0.04132080078125,-0.038395845585158538,-0.0029249551960914624
0.39324999999999999,-0.03155517578125,-0.029384416015436714,-0.0021707597658132856
0.39337499999999997,-0.016448974609375,-0.015914840234059282,-0.00053413437531571809
0.39350000000000002,0.00091552734375,-4.1178795816187754e-05,0.0009567061395661878
0.393625,0.0146484375,0.015818746388758933,-0.0011703088887589329
0.39374999999999999,0.030670166015625,0.029251624007972425,0.0014185420076525748
0.39387499999999998,0.038848876953125,0.038215870280287736,0.00063300667283726353
0.39400000000000002,0.039886474609375,0.041351914364859105,-0.0014654397554841048
0.394125,0.037841796875,0.038188394673263001,-0.00034659779826300141
0.39424999999999999,0.02880859375,0.029212994427679325,-0.00040440067767932505
0.39437499999999998,0.01702880859375,0.015797273281083438,0.0012315353126665617
0.39450000000000002,-3.0517578125e-05,-1.2920845177161091e-05,-1.7596732947838909e-05
0.394625,-0.01531982421875,-0.015809433165303522,0.00048960894655352208
0.39474999999999999,-0.029541015625,-0.029188601529791223,-0.00035241409520877717
0.39487499999999998,-0.039398193359375,-0.038117005110281932,-0.0012811882490930682
0.39500000000000002,-0.039459228515625,-0.041240509182325767,0.0017812806667007672
0.395125,-0.0390625,-0.038089636980407113,-0.00097286301959288723
0.39524999999999999,-0.029449462890625,-0.029150122007210136,-0.0002993408834148642
0.39537499999999998,-0.015533447265625,-0.015788040171484247,0.00025459290585924665
0.39550000000000002,-0.002410888671875,-4.105959725065042e-05,-0.0023698290746243496
0.395625,0.016082763671875,0.015692293402580597,0.00039047026929440315
0.39574999999999999,0.027984619140625,0.029017967260379487,-0.0010333481197544875
0.39587499999999998,0.03955078125,0.03791067146266424,0.0016401097873357598
0.39600000000000002,0.040252685546875,0.041021685665578692,-0.00076900011870369156
0.396125,0.037384033203125,0.037883410389721872,-0.00049937718659687214
0.39624999999999999,0.02825927734375,0.028979637213106885,-0.00072035986935688537
0.39637499999999998,0.016387939453125,0.015670980225265366,0.00071695922785963359
0.39650000000000002,-0.00152587890625,-1.3039542307178669e-05,-0.0015128393639428214
0.39662500000000001,-0.01580810546875,-0.015683485752249024,-0.00012461971650097603
0.39674999999999999,-0.028472900390625,-0.028955878992755396,0.00048297860213039612
0.39687499999999998,-0.037811279296875,-0.037813026557423308,1.7472605483084824e-06
0.39700000000000002,-0.040374755859375,-0.040911600834103078,0.00053684497472807763
0.39712500000000001,-0.039031982421875,-0.037785872122841624,-0.0012461102990333761
0.39724999999999999,-0.032012939453125,-0.028917697840642836,-0.0030952416124821643
0.39737499999999998,-0.016326904296875,-0.015662252095174117,-0.00066465220170088338
0.39750000000000002,-0.0009765625,-4.09413994565687e-05,-0.00093562110054343131
0.39762500000000001,0.015045166015625,0.015566849541316584,-0.00052168352569158423
0.39774999999999999,0.029083251953125,0.028786175198726806,0.0002970767543981935
0.39787499999999998,0.040191650390625,0.037607908295630751,0.0025837420949942486
0.39800000000000002,0.041107177734375,0.040694092389263477,0.00041308534511152323
0.39812500000000001,0.03900146484375,0.037580860082471891,0.0014206047612781089
0.39824999999999999,0.028961181640625,0.028748142363878754,0.00021303927674624565
0.39837499999999998,0.01617431640625,0.015545695109311414,0.00062862129693858591
0.39850000000000002,-6.103515625e-05,-1.315724285611642e-05,-4.7877913393883582e-05
0.39862500000000001,-0.014801025390625,-0.015558543429519341,0.0007575180388943413
0.39874999999999999,-0.02960205078125,-0.028725013686239396,-0.0008770370950106042
0.39887499999999998,-0.037445068359375,-0.03751147391678606,6.6405557411060301e-05
0.39900000000000002,-0.041229248046875,-0.040585317371652697,-0.00064393067522230257
0.39912500000000001,-0.0364990234375,-0.037484531509739731,0.00098550807223973108
0.39924999999999999,-0.027801513671875,-0.028687128593004506,0.00088561492112950585
0.39937499999999998,-0.01654052734375,-0.015537467928502432,-0.0010030594152475678
0.39950000000000002,-0.00030517578125,-4.0824194061423575e-05,-0.00026435158718857643
0.39962500000000001,0.01556396484375,0.015442406751918547,0.00012155809183145294
0.39974999999999999,0.028350830078125,0.028556232941975367,-0.0002054028638503666
0.39987499999999998,0.036834716796875,0.03730756134138833,-0.0004728445445133303
0.40000000000000002,0.040557861328125,0.040369113503658488,0.00018874782446651195
0.40012500000000001,0.03961181640625,0.037280724326770723,0.0023310920794792772
0.40024999999999999,0.027130126953125,0.028518495016931211,-0.0013883680638062113
0.40037499999999998,0.015716552734375,0.015421409888889296,0.00029514284548570399
0.40050000000000002,0.0008544921875,-1.3273955175406998e-05,0.00086776614267540704
0.40062500000000001,-0.01544189453125,-0.015434598176258793,-7.2963549912069547e-06
0.40075,-0.030792236328125,-0.028495990788701832,-0.0022962455394231682
0.40087499999999998,-0.036224365234375,-0.037212327828290398,0.00098796259391539798
0.40100000000000002,-0.042236328125,-0.040261637846812789,-0.0019746902781872105
0.40112500000000001,-0.037567138671875,-0.037185595794030829,-0.00038154287784417096
0.40125,-0.026824951171875,-0.028458399460649566,0.0016334482887745659
0.40137499999999998,-0.013885498046875,-0.01541367965930205,0.00152818161242705
0.40150000000000002,0.000579833984375,-4.0707972744185184e-05,0.00062054195711918518
0.40162500000000001,0.015716552734375,0.015318957045586321,0.00039759568878867946
0.40175,0.027801513671875,0.02832812572785335,-0.00052661205597834965
0.40187499999999998,0.0362548828125,0.037009611317262089,-0.00075472850476208941
0.40200000000000002,0.03955078125,0.040046728144358758,-0.00049594689435875777
0.40212500000000001,0.03790283203125,0.036982983852903634,0.00091984817834636634
0.40225,0.029266357421875,0.028290680427809082,0.0009756769940659181
0.40237499999999998,0.016632080078125,0.015298116583868324,0.001333963494256676
0.40250000000000002,0,-1.3389687546582966e-05,1.3389687546582966e-05
0.40262500000000001,-0.016082763671875,-0.015311642035607307,-0.00077112163626769266
0.40275,-0.028350830078125,-0.028268795596896896,-8.2034481228104167e-05
0.40287499999999998,-0.037445068359375,-0.036915569086353371,-0.00052949927302162886
0.40300000000000002,-0.040496826171875,-0.039940541478600371,-0.00055628469327462932
0.40312500000000001,-0.038116455078125,-0.036889045783041419,-0.0012274092950835813
0.40325,-0.0284423828125,-0.028231495758076677,-0.00021088705442332337
0.40337499999999998,-0.012237548828125,-0.015290879339363291,0.0030533305112382912
0.40350000000000003,0.000457763671875,-4.0592727271691702e-05,0.00049835639914669176
0.40362500000000001,0.01593017578125,0.015196492497285,0.00073368328396499968
0.40375,0.026641845703125,0.028101838911898453,-0.0014599932087734531
0.40387499999999998,0.0357666015625,0.036714039094457987,-0.00094743753195798697
0.40400000000000003,0.040008544921875,0.03972691561346977,0.00028162930840523043
0.40412500000000001,0.03668212890625,0.036687619544935643,-5.4906386856429235e-06
0.40425,0.029022216796875,0.028064683969729064,0.0009575328271459356
0.40437499999999998,0.01361083984375,0.015175807277819519,-0.0015649674340695186
0.40450000000000003,0.001708984375,-1.3504448168330053e-05,0.00172248882316833
0.40462500000000001,-0.0152587890625,-0.015189667114219332,-6.9121948280667644e-05
0.40475,-0.0269775390625,-0.028043413524904373,0.0010658744624043731
0.40487499999999998,-0.035797119140625,-0.036621178638668123,0.00082405949804312262
0.40500000000000003,-0.037628173828125,-0.039622007651877178,0.001993833823752178
0.40512500000000001,-0.03680419921875,-0.036594862437268297,-0.0002093367814817032
0.40525,-0.028045654296875,-0.028006402916995431,-3.9251379879569337e-05
0.40537499999999999,-0.013946533203125,-0.015169059083898153,0.0012225258807731527
0.40550000000000003,0.001434326171875,-4.0478449465894422e-05,0.0014748046213408944
0.40562500000000001,0.015289306640625,0.015075005245223257,0.00021430139540174267
0.40575,0.02691650390625,0.027877357966508153,-0.0009608540602581532
0.40587499999999999,0.03656005859375,0.036420825696845308,0.00013923289690469243
0.40600000000000003,0.038238525390625,0.039409655378278605,-0.0011711299876536047
0.40612500000000001,0.035797119140625,0.036394612439489646,-0.00059749329886464586
0.40625,0.027862548828125,0.027840491132650136,2.2057695474864136e-05
0.40637499999999999,0.014312744140625,0.015054474117477864,-0.00074172997685286422
0.40649999999999997,0.001129150390625,-1.3618245179979205e-05,0.0011427686358049791
0.40662500000000001,-0.014862060546875,-0.015068665581723354,0.0002066050348483537
0.40675,-0.02581787109375,-0.027819830103215905,0.0020019590094659048
0.40687499999999999,-0.03619384765625,-0.036329137584975413,0.00013528992872541279
0.40699999999999997,-0.037261962890625,-0.039306015916026102,0.0020440530254011019
0.40712500000000001,-0.033905029296875,-0.036303026869161238,0.0023979975722862382
0.40725,-0.0283203125,-0.027783106485371665,-0.00053720601462833514
0.40737499999999999,-0.017303466796875,-0.015048211071046924,-0.0022552557258280759
0.40749999999999997,0.00189208984375,-4.0365131226109728e-05,0.0019324549749761097
0.40762500000000002,0.016510009765625,0.014954487490336277,0.0015555222752887225
0.40775,0.029632568359375,0.027654668480026328,0.001977899879348672
0.40787499999999999,0.036468505859375,0.036129952299732988,0.00033855355964201167
0.40799999999999997,0.038177490234375,0.039094927069935725,-0.00091743683556072542
0.40812500000000002,0.03643798828125,0.036103943724533953,0.00033404455671604688
0.40825,0.028594970703125,0.027618087522319548,0.00097688318080545178
0.40837499999999999,0.015594482421875,0.014934109312271555,0.00066037310960344493
0.40849999999999997,0.0001220703125,-1.3731086661715791e-05,0.00013580139916171579
0.40862500000000002,-0.01519775390625,-0.014948629670248591,-0.00024912423600140926
0.40875,-0.0279541015625,-0.027598030977796246,-0.00035607058470375416
0.40887499999999999,-0.036285400390625,-0.036039427175845115,-0.00024597321477988487
0.40899999999999997,-0.038726806640625,-0.038992545983638202,0.00026573934301320212
0.40912500000000002,-0.037261962890625,-0.036013520341899981,-0.0012484425487250192
0.40925,-0.029266357421875,-0.027561592126509354,-0.0017047652953656456
0.40937499999999999,-0.012908935546875,-0.014928327541388188,0.0020193919945131877
0.40949999999999998,0.00103759765625,-4.025276450156479e-05,0.0010778504207515649
0.40962500000000002,0.015625,0.014834931495810081,0.00079006850418991866
0.40975,0.02703857421875,0.027433756155808283,-0.00039518193705828306
0.40987499999999999,0.034515380859375,0.03584140022865602,-0.0013260193692810202
0.40999999999999998,0.03912353515625,0.038782710482147202,0.00034082467410279788
0.41012500000000002,0.0374755859375,0.035815594738162523,0.0016599911993374766
0.41025,0.02874755859375,0.027397458859374078,0.0013500997343759216
0.41037499999999999,0.0142822265625,0.01481470513379262,-0.00053247857129262027
0.41049999999999998,-0.000244140625,-1.3842980617179386e-05,-0.00023029764438282062
0.41062500000000002,-0.0137939453125,-0.014829551673913605,0.0010356063614136053
0.41075,-0.0262451171875,-0.027378001909152377,0.0011328847216523774
0.41087499999999999,-0.035888671875,-0.035752028811482733,-0.00013664306351726663
0.41099999999999998,-0.039794921875,-0.038681577729210249,-0.0011133441457897505
0.41112500000000002,-0.03619384765625,-0.035726324268196545,-0.00046752338805345489
0.41125,-0.028472900390625,-0.027341845618139425,-0.0011310547724855749
0.41137499999999999,-0.015777587890625,-0.014809400797411762,-0.00096818709321323804
0.41149999999999998,0.001312255859375,-4.0141341335398362e-05,0.0013523972007103984
0.41162500000000002,0.01611328125,0.014716329586572215,0.0013969516634277854
0.41175,0.027862548828125,0.027214606811293608,0.00064794201683139249
0.41187499999999999,0.03680419921875,0.035555150958188453,0.0012490482605615472
0.41199999999999998,0.038177490234375,0.038472985569877431,-0.00029549533550243118
0.41212500000000002,0.035552978515625,0.035529546967410411,2.3431548214589148e-05
0.41225000000000001,0.026336669921875,0.027178590978401102,-0.00084192105652610219
0.41237499999999999,0.01605224609375,0.014696253915313299,0.0013559921784367015
0.41249999999999998,-0.002288818359375,-1.395393497438348e-05,-0.0022748644244006164
0.41262500000000002,-0.014373779296875,-0.014711423948319532,0.00033764465144453179
0.41275000000000001,-0.027313232421875,-0.027159728771438265,-0.000153503650436735
0.41287499999999999,-0.035736083984375,-0.035466924040530111,-0.00026915994384488912
0.41299999999999998,-0.037994384765625,-0.038373091187852572,0.00037870642222757184
0.41312500000000002,-0.036468505859375,-0.035441420209106851,-0.0010270856502681489
0.41325000000000001,-0.027191162109375,-0.027123852851487773,-6.730925788722697e-05
0.41337499999999999,-0.0150146484375,-0.014691423203057255,-0.00032322523444274463
0.41349999999999998,0.00091552734375,-4.003085381953481e-05,0.00095555819756953486
0.41362500000000002,0.015106201171875,0.014598674148786968,0.00050752702308803216
0.41375000000000001,0.025970458984375,0.026997206377117555,-0.0010267473927425552
0.41387499999999999,0.0321044921875,0.035271186110740441,-0.0031666939232404406
0.41399999999999998,0.037078857421875,0.038165732448062248,-0.0010868750261872479
0.41412500000000002,0.033843994140625,0.035245782047053351,-0.0014017879064283506
0.41425000000000001,0.02734375,0.026961469827038655,0.00038228017296134537
0.41437499999999999,0.013763427734375,0.014578748051305799,-0.0008153203169307989
0.41449999999999998,-0.00146484375,-1.4063957608288565e-05,-0.0014507797923917114
0.41462500000000002,-0.014404296875,-0.014594238910083835,0.00018994203508383538
0.41475000000000001,-0.02740478515625,-0.026943197551538404,-0.00046158760471159618
0.41487499999999999,-0.035186767578125,-0.035184094558875827,-2.6730192491733473e-06
0.41499999999999998,-0.037445068359375,-0.038067066554007295,0.000621998194632295
0.41512500000000002,-0.03466796875,-0.035158789872836715,0.00049082112283671542
0.41525000000000001,-0.028350830078125,-0.026907599830378961,-0.0014432302477460392
0.41537499999999999,-0.016265869140625,-0.014574387183195221,-0.0016914819574297794
0.41549999999999998,0.002410888671875,-3.9921294112095395e-05,0.0024508099659870954
0.41562500000000002,0.016021728515625,0.014481957629394998,0.0015397708862300019
0.41575000000000001,0.024993896484375,0.02678154089618286,-0.0017876444118078601
0.41587499999999999,0.034576416015625,0.034989487455390246,-0.00041307143976524602
0.41599999999999998,0.0379638671875,0.037860931390332177,0.00010293579716782325
0.41612500000000002,0.03570556640625,0.034964281758433725,0.00074128464781627462
0.41625000000000001,0.026702880859375,0.026746081465082366,-4.3200605707366391e-05
0.416375,0.013519287109375,0.014462179996929619,-0.00094289288755461907
0.41649999999999998,6.103515625e-05,-1.417305632793486e-05,7.5208212577934858e-05
0.41662500000000002,-0.01495361328125,-0.014477989036341074,-0.00047562424490892562
0.41675000000000001,-0.026458740234375,-0.02672839434815906,0.00026965411378405968
0.416875,-0.035491943359375,-0.034903522208491765,-0.00058842115088323516
0.41699999999999998,-0.0389404296875,-0.037763484180176762,-0.0011769455073232377
0.41712500000000002,-0.0345458984375,-0.034878415113572619,0.00033251667607261948
0.41725000000000001,-0.026702880859375,-0.026693072670346679,-9.8081890283208129e-06
0.417375,-0.015411376953125,-0.014458285223153105,-0.00095309172997189509
0.41749999999999998,0.0001220703125,-3.9812654449689182e-05,0.00016188296694968918
0.41762500000000002,0.013580322265625,0.014366172535596163,-0.00078585026997116288
0.41775000000000001,0.02789306640625,0.026567596522785432,0.0013254698834645681
0.417875,0.035430908203125,0.03471003690670859,0.00072087129641641018
0.41799999999999998,0.037109375,0.037558562827746028,-0.00044918782774602817
0.41812500000000002,0.03350830078125,0.034685028028295796,-0.001176727247045796
0.41825000000000001,0.025970458984375,0.026532412063571913,-0.00056195307919691337
0.418375,0.013397216796875,0.014346542267559442,-0.00094932547068444194
0.41849999999999998,0.000244140625,-1.4281238864200452e-05,0.00025842186386420044
0.41862500000000002,-0.015350341796875,-0.014362666864248147,-0.00098767493262685337
0.41875000000000001,-0.025146484375,-0.026515305370957275,0.0013688209959572747
0.418875,-0.034515380859375,-0.034625188976254023,0.00010980811687902325
0.41899999999999998,-0.037628173828125,-0.037462324575662141,-0.00016584925246285881
0.41912500000000003,-0.03515625,-0.034600277930321562,-0.00055597206967843843
0.41925000000000001,-0.027191162109375,-0.026480257597720876,-0.00071090451165412363
0.419375,-0.0159912109375,-0.014343109868244544,-0.0016481010692554563
0.41949999999999998,-0.000335693359375,-3.9704927120867048e-05,-0.00029598843225413294
0.41962500000000003,0.01239013671875,0.014251311434396596,-0.001861174715646596
0.41975000000000001,0.026580810546875,0.026355359521716026,0.00022545102515897364
0.419875,0.03497314453125,0.034432816523592785,0.00054032800765721478
0.41999999999999998,0.03619384765625,0.037258607347534473,-0.0010647596912844726
0.42012500000000003,0.03411865234375,0.034408002927615429,-0.00028935058386542895
0.42025000000000001,0.02532958984375,0.026320447903912535,-0.00099085806016253539
0.420375,0.01495361328125,0.014231827438316262,0.00072178584293373753
0.42049999999999998,0.000396728515625,-1.4388512900471432e-05,0.00041111702852547144
0.42062500000000003,-0.014068603515625,-0.014248264990529136,0.00017966147490413621
0.42075000000000001,-0.027679443359375,-0.02630391693963114,-0.0013755264197438596
0.420875,-0.033905029296875,-0.034349076992798044,0.00044404769592304438
0.42099999999999999,-0.036346435546875,-0.037163568405312035,0.00081713285843703493
0.42112500000000003,-0.034210205078125,-0.034324360465743858,0.00011415538761885835
0.42125000000000001,-0.025360107421875,-0.026269140948767793,0.00090903352689279335
0.421375,-0.014495849609375,-0.014228853723266838,-0.00026699588610816158
0.42149999999999999,-0.000244140625,-3.9598104478734294e-05,-0.00020454252052126571
0.42162500000000003,0.014984130859375,0.014137366952119403,0.00084676390725559741
0.42175000000000001,0.0267333984375,0.026144816267369555,0.00058858217013044514
0.421875,0.033233642578125,0.034157808508124651,-0.0009241659299996513
0.42199999999999999,0.037872314453125,0.036961045691853732,0.00091126876127126805
0.42212499999999997,0.03521728515625,0.034133188670457226,0.0010840964857927737
0.42225000000000001,0.024566650390625,0.026110175377003091,-0.0015435249863780913
0.422375,0.012908935546875,0.014118028143563034,-0.0012090925966880342
0.42249999999999999,-0.000518798828125,-1.4494886038927641e-05,-0.00050430394208607235
0.42262499999999997,-0.01446533203125,-0.014134776070980183,-0.00033055596026981653
0.42275000000000001,-0.02557373046875,-0.026094215483062729,0.00052048501431272917
0.422875,-0.034423828125,-0.034075168531366364,-0.00034865959363363647
0.42299999999999999,-0.037750244140625,-0.036867196488281156,-0.00088304765234384353
0.42312499999999997,-0.034759521484375,-0.034050645005022862,-0.00070887647935213849
0.42325000000000002,-0.025604248046875,-0.02605970916879146,0.00045546112191646032
0.423375,-0.013763427734375,-0.014115509452038212,0.00035208171766321246
0.42349999999999999,0.0001220703125,-3.9492178952950156e-05,0.00016156249145295016
0.42362499999999997,0.013885498046875,0.014024331773912,-0.00013883372703699971
0.42375000000000002,0.024505615234375,0.025935953242888388,-0.0014303380085133877
0.423875,0.03448486328125,0.033884995204422959,0.00059986807682704119
0.42399999999999999,0.03704833984375,0.036665858756549145,0.00038248108720085466
0.42412499999999997,0.03436279296875,0.033860567612822856,0.0005022253559271439
0.42425000000000002,0.02508544921875,0.025901580982341341,-0.00081613176359134065
0.424375,0.016265869140625,0.014005137076463151,0.0022607320641618491
0.42449999999999999,0.000885009765625,-1.4600365830895043e-05,0.00089961013145589501
0.42462499999999997,-0.013427734375,-0.014022192820021376,0.00059445844502137649
0.42475000000000002,-0.02642822265625,-0.025886187538437688,-0.00054203511781231173
0.424875,-0.03436279296875,-0.033803446006665766,-0.00055934696208423396
0.42499999999999999,-0.03582763671875,-0.036573189796798862,0.00074555307804886201
0.42512499999999998,-0.033416748046875,-0.033779113974701833,0.00036236592782683263
0.42525000000000002,-0.024017333984375,-0.025851948811272632,0.001834614826897632
0.425375,-0.012786865234375,-0.014003069776938255,0.001216204542563255
0.42549999999999999,-0.00274658203125,-3.9387143023812907e-05,-0.0027071948882261871
0.42562499999999998,0.013275146484375,0.013912198643334707,-0.00063705215895970731
0.42575000000000002,0.02490234375,0.02572875703928542,-0.00082641328928542007
0.425875,0.032989501953125,0.03361435909750507,-0.0006248571443800699
0.42599999999999999,0.03546142578125,0.036373027589928671,-0.00091160180867867063
0.42612499999999998,0.032440185546875,0.033590122251534418,-0.0011499367046594183
0.42625000000000002,0.02398681640625,0.025694651327180996,-0.0017078349209309965
0.426375,0.011627197265625,0.013893146988483934,-0.0022659497228589339
0.42649999999999999,-0.000396728515625,-1.470495976448281e-05,-0.00038202355586051717
0.42662499999999998,-0.01275634765625,-0.013910508010190325,0.0011541603539403245
0.42675000000000002,-0.02618408203125,-0.025679819750372139,-0.00050426228087786101
0.426875,-0.033935546875,-0.033533891973747919,-0.0004016549012520812
0.42699999999999999,-0.0372314453125,-0.036281529454947517,-0.00094991585755248298
0.42712499999999998,-0.03350830078125,-0.033509749941587855,1.4491603378546936e-06
0.42725000000000002,-0.026275634765625,-0.025645846537014134,-0.00062978822861086553
0.427375,-0.01287841796875,-0.013891527478417364,0.0010131095096673638
0.42749999999999999,-0.000213623046875,-3.9282989234573415e-05,-0.0001743400576404266
0.42762499999999998,0.01397705078125,0.013800960361817447,0.0001760904194325532
0.42775000000000002,0.025848388671875,0.025523214354574521,0.00032517431730047855
0.42787500000000001,0.03326416015625,0.033345882812173731,-8.1722655923731347e-05
0.42799999999999999,0.036407470703125,0.036082533391546115,0.00032493731157888506
0.42812499999999998,0.033416748046875,0.03332183522309453,9.4912823780470001e-05
0.42825000000000002,0.027069091796875,0.025489373125651065,0.0015797186712239349
0.42837500000000001,0.012603759765625,0.013782050688943063,-0.0011782909233180629
0.42849999999999999,3.0517578125e-05,-1.4808675252821318e-05,4.5326253377821321e-05
0.42862499999999998,-0.01361083984375,-0.01379971447171691,0.00018887462796690971
0.42875000000000002,-0.026580810546875,-0.025475098870072994,-0.0011057116768020056
0.42887500000000001,-0.03338623046875,-0.033266489126884534,-0.00011974134186546609
0.42899999999999999,-0.03466796875,-0.035992196737450639,0.0013242279874506394
0.42912499999999998,-0.03509521484375,-0.03324253561160688,-0.0018526792321431201
0.42925000000000002,-0.025604248046875,-0.02544138911326679,-0.00016285893360820994
0.42937500000000001,-0.014434814453125,-0.013780875394544961,-0.00065393905858003934
0.42949999999999999,-0.0010986328125,-3.9179710203150242e-05,-0.0010594531022968497
0.42962499999999998,0.013092041015625,0.013690609788259405,-0.00059856877263440508
0.42975000000000002,0.025299072265625,0.025319311992937039,-2.0239727312038741e-05
0.42987500000000001,0.033935546875,0.033079549111888741,0.00085599776311125891
0.42999999999999999,0.03546142578125,0.035794357510994149,-0.00033293172974414864
0.43012499999999998,0.032989501953125,0.033055689302578038,-6.6187349453038224e-05
0.43025000000000002,0.02508544921875,0.025285733197911844,-0.00020028397916184437
0.43037500000000001,0.014190673828125,0.013671841044558106,0.00051883278356689398
0.43049999999999999,-0.000518798828125,-1.4911519659462636e-05,-0.00050388730846553736
0.43062499999999998,-0.014068603515625,-0.013689805092047385,-0.00037879842357761533
0.43075000000000002,-0.025177001953125,-0.025272011754478445,9.5009801353445472e-05
0.43087500000000001,-0.032745361328125,-0.033001220298451622,0.0002558589703266223
0.43099999999999999,-0.03570556640625,-0.035705173068470653,-3.9333777934746905e-07
0.43112499999999998,-0.03253173828125,-0.032977453828709272,0.00044571554745927167
0.43125000000000002,-0.024871826171875,-0.025238563412888732,0.0003667372410137322
0.43137500000000001,-0.015472412109375,-0.013671106420560873,-0.0018013056888141268
0.43149999999999999,0.001739501953125,-3.9077298592782741e-05,0.0017785792517177827
0.43162499999999998,0.01397705078125,0.013581139838532312,0.00039591094271768795
0.43175000000000002,0.02294921875,0.025117036863851337,-0.0021678181138513365
0.43187500000000001,0.033935546875,0.032815340897671491,0.0011202059773285089
0.432,0.036102294921875,0.035508481446706826,0.00059381347516817423
0.43212499999999998,0.031707763671875,0.032791667402530783,-0.001083903730655783
0.43225000000000002,0.0240478515625,0.025083718469317246,-0.0010358669068172462
0.43237500000000001,0.01324462890625,0.013562510978965736,-0.00031788207271573644
0.4325,-0.000732421875,-1.5013500286310736e-05,-0.00071740837471368922
0.43262499999999998,-0.012664794921875,-0.013580772815376629,0.0009159778935016287
0.43275000000000002,-0.026580810546875,-0.025070545365405598,-0.0015102651814694022
0.43287500000000001,-0.030914306640625,-0.032738068457836771,0.0018237618172117706
0.433,-0.034088134765625,-0.035420440020416326,0.0013323052547913258
0.43312499999999998,-0.033935546875,-0.032714487573757341,-0.0012210593012426593
0.43325000000000002,-0.0263671875,-0.025037356413511121,-0.0013298310864888786
0.43337500000000001,-0.013427734375,-0.013562213508392703,0.00013447913339270298
0.4335,-0.000152587890625,-3.8975747144292817e-05,-0.00011361214348070718
0.43362499999999998,0.014434814453125,0.013472543485052245,0.00096227096807275508
0.43375000000000002,0.02508544921875,0.024916375981272661,0.00016907323747733863
0.43387500000000001,0.03369140625,0.032553241207002377,0.0011381650429976228
0.434,0.034393310546875,0.035224886844771819,-0.00083157629789681886
0.43412499999999998,0.033294677734375,0.03252975257186308,0.00076492516251192022
0.43425000000000002,0.024810791015625,0.024883315969558003,-7.2524953933002928e-05
0.43437500000000001,0.0107421875,0.013454053472278876,-0.0027118659722788763
0.4345,-0.001617431640625,-1.5114624362138293e-05,-0.0016023170162628617
0.43462499999999998,-0.013885498046875,-0.013472610642221463,-0.00041288740465353704
0.43475000000000003,-0.024139404296875,-0.024870686768730735,0.00073128247185573481
0.43487500000000001,-0.0328369140625,-0.032477016710340964,-0.00035989735215903595
0.435,-0.035980224609375,-0.03513797931275963,-0.00084224529661536957
0.43512499999999998,-0.03204345703125,-0.032453619963437409,0.00041016293218740923
0.43525000000000003,-0.02545166015625,-0.024837755196681945,-0.00061390495956805541
0.43537500000000001,-0.01324462890625,-0.013454189666233357,0.00020956075998335676
0.4355,-0.000274658203125,-3.8875048647042079e-05,-0.00023578315447795792
0.43562499999999998,0.01641845703125,0.013364813756316977,0.0030536432749330225
0.43575000000000003,0.024749755859375,0.024717316462790677,3.2439396584323099e-05
0.43587500000000001,0.03326416015625,0.032293233212727215,0.00097092694352278464
0.436,0.035186767578125,0.034943555497752021,0.0002432120803729787
0.43612499999999998,0.032440185546875,0.032269927994766218,0.00017025755210878235
0.43625000000000003,0.0245361328125,0.024684512831837729,-0.00014838001933772937
0.43637500000000001,0.014434814453125,0.013346461560646979,0.0010883528924780211
0.4365,-0.000732421875,-1.5214899071351079e-05,-0.00071720697592864895
0.43662499999999999,-0.0150146484375,-0.013365311628941428,-0.001649336808558572
0.43675000000000003,-0.023590087890625,-0.024672423133550194,0.0010823352429251941
0.43687500000000001,-0.0318603515625,-0.032218048296089381,0.00035769673358938131
0.437,-0.03546142578125,-0.03485777281086213,-0.00060365297038787041
0.43712499999999999,-0.03143310546875,-0.032194834249180383,0.00076172878043038322
0.43725000000000003,-0.024322509765625,-0.024639746947059456,0.00031723718143445573
0.43737500000000001,-0.012786865234375,-0.013347027958065923,0.00056016272369092263
0.4375,0.000335693359375,-3.8775195950762737e-05,0.00037446855532576273
0.43762499999999999,0.0133056640625,0.013257943736447491,4.7720326052509004e-05
0.43774999999999997,0.02392578125,0.024519845528788449,-0.00059406427878844897
0.43787500000000001,0.031646728515625,0.032035300221986147,-0.00038857170636114741
0.438,0.03546142578125,0.034664469343516566,0.00079695643773343428
0.43812499999999999,0.03289794921875,0.032012176989637299,0.00088577222911270098
0.43824999999999997,0.024505615234375,0.024487296292057901,1.8318942317099157e-05
0.43837500000000001,0.014404296875,0.013239728335786634,0.0011645685392133662
0.4385,-9.1552734375e-05,-1.5314331522365661e-05,-7.6238402852634346e-05
0.43862499999999999,-0.012115478515625,-0.013258868887319041,0.0011433903716940412
0.43874999999999997,-0.02301025390625,-0.024475741731345532,0.0014654878250955315
0.43887500000000002,-0.031463623046875,-0.031961146588966087,0.00049752354209108701
0.439,-0.035064697265625,-0.034579802524810639,-0.00048489474081436085
0.43912499999999999,-0.032012939453125,-0.031938113816077245,-7.4825637047755411e-05
0.43924999999999997,-0.0247802734375,-0.024443318951572233,-0.00033695448592776719
0.43937500000000002,-0.01336669921875,-0.013240721503229667,-0.00012597771552033329
0.4395,-0.000732421875,-3.8676181976813494e-05,-0.00069374569302318653
0.43962499999999999,0.013397216796875,0.013151926564766169,0.00024529023210883086
0.43974999999999997,0.02276611328125,0.024323950501664086,-0.0015578372204140857
0.43987500000000002,0.030426025390625,0.031779425675137279,-0.0013534002845122795
0.44,0.034271240234375,0.034387610464081238,-0.00011637022970623773
0.44012499999999999,0.03167724609375,0.031756483007997605,-7.9236914247604595e-05
0.44024999999999997,0.022735595703125,0.024291653687970267,-0.0015560579848452674
0.44037500000000002,0.013275146484375,0.013133846944549235,0.00014129953982576493
0.4405,0.000244140625,-1.5412928776075746e-05,0.00025955355377607576
0.44062499999999999,-0.012969970703125,-0.013153275584106346,0.00018330488098134562
0.44074999999999998,-0.025054931640625,-0.024280629935194305,-0.00077430170543069457
0.44087500000000002,-0.031341552734375,-0.031706295095534465,0.00036474236115946468
0.441,-0.03424072265625,-0.034304050608262297,6.3327952012297295e-05
0.44112499999999999,-0.0322265625,-0.031683442181816998,-0.00054312031818300188
0.44124999999999998,-0.024658203125,-0.024248458598603181,-0.00040974452639681858
0.44137500000000002,-0.015289306640625,-0.013135263475988994,-0.0021540431646360058
0.4415,-0.000152587890625,-3.8577999693875065e-05,-0.00011400989093112494
0.44162499999999999,0.012451171875,0.013046755435345137,-0.00059558356034513683
0.44174999999999998,0.02362060546875,0.024129618804960798,-0.00050901333621079792
0.44187500000000002,0.032470703125,0.031525593144689043,0.00094510998031095694
0.442,0.033782958984375,0.034112961084458056,-0.0003300021000830558
0.44212499999999999,0.02984619140625,0.031502829633442239,-0.0016566382271922392
0.44224999999999998,0.0234375,0.024097572458392003,-0.00066007245839200257
0.44237500000000002,0.01373291015625,0.013028810588491728,0.00070409956775827238
0.4425,-0.0009765625,-1.5510697834255563e-05,-0.0009610518021657444
0.44262499999999999,-0.01287841796875,-0.013048524940575517,0.00017010697182551736
0.44274999999999998,-0.023834228515625,-0.02408707521893149,0.00025284670330649045
0.44287500000000002,-0.030670166015625,-0.031453477453988896,0.00078331143836389561
0.443,-0.034332275390625,-0.034030499357298752,-0.00030177603332624814
0.44312499999999999,-0.031646728515625,-0.031430802995632813,-0.00021592551999218695
0.44324999999999998,-0.026153564453125,-0.024055153377193706,-0.0020984110759312939
0.44337500000000002,-0.0130615234375,-0.01303064710507338,-3.0876332426620079e-05
0.44350000000000001,0.0008544921875,-3.8480642129500598e-05,0.00089297282962950064
0.44362499999999999,0.0125732421875,0.012942423596558681,-0.0003691814090586807
0.44374999999999998,0.02435302734375,0.023936837962604197,0.00041618938114580326
0.44387500000000002,0.032928466796875,0.031273786334256107,0.0016546804626188932
0.44400000000000001,0.031768798828125,0.033840503571514136,-0.0020717047433891356
0.44412499999999999,0.031646728515625,0.031251200580575567,0.0003955279350494334
0.44424999999999998,0.02490234375,0.023905040142382393,0.000997303607617607
0.44437500000000002,0.012725830078125,0.012924612523414774,-0.00019878244528977358
0.44450000000000001,-0.0003662109375,-1.560764562852671e-05,-0.00035060329187147328
0.44462499999999999,-0.014434814453125,-0.01294461023210541,-0.00149020422101959
0.44474999999999998,-0.025177001953125,-0.023895065156361979,-0.001281936796763021
0.44487500000000002,-0.03240966796875,-0.031202677433099717,-0.0012069905356502826
0.44500000000000001,-0.033599853515625,-0.033759131209289514,0.00015927769366451405
0.44512499999999999,-0.03271484375,-0.03118018003724338,-0.0015346637127566197
0.44524999999999998,-0.025360107421875,-0.023863390876226503,-0.0014967165456484972
0.44537500000000002,-0.0150146484375,-0.012926865673253607,-0.0020877827642463934
0.44550000000000001,0.001220703125,-3.838410238110469e-05,0.0012590872273811047
0.44562499999999999,0.012603759765625,0.01283892435067497,-0.00023516458504996979
0.44574999999999998,0.0230712890625,0.023745595598073623,-0.00067430653557362316
0.44587500000000002,0.029388427734375,0.031023989077501066,-0.0016355613431260664
0.44600000000000001,0.03546142578125,0.033570220432839526,0.0018912053484104741
0.44612499999999999,0.030487060546875,0.03100157969397023,-0.00051451914709522983
0.44624999999999998,0.025299072265625,0.02371404437845653,0.0015850278871684699
0.44637500000000002,0.013641357421875,0.012821246058958478,0.00082011136291652159
0.44650000000000001,0.000457763671875,-1.5703779044180228e-05,0.00047346745091918024
0.44662499999999999,-0.011688232421875,-0.012841524787738853,0.0011532923658638533
0.44674999999999998,-0.022552490234375,-0.023704587420449136,0.0011520971860741365
0.44687500000000002,-0.029388427734375,-0.030953878931166801,0.0015654511967918006
0.44700000000000001,-0.033203125,-0.033489928741764416,0.00028680374176441592
0.44712499999999999,-0.03076171875,-0.030931557215815947,0.00016983846581594686
0.44724999999999998,-0.0245361328125,-0.023673158783642449,-0.00086297402885755076
0.44737500000000002,-0.013702392578125,-0.012823912516921018,-0.00087848006120398205
0.44750000000000001,-0.0006103515625,-3.8288373588440074e-05,-0.00057206318891155994
0.447625,0.01251220703125,0.012736251053397469,-0.00022404402214746925
0.44774999999999998,0.02490234375,0.023555879433626796,0.001346464316373204
0.44787500000000002,0.0322265625,0.030776185337107052,0.0014503771628929484
0.44800000000000001,0.034210205078125,0.033302094315624191,0.00090811076250080919
0.448125,0.03094482421875,0.030753950947134224,0.00019087327161577614
0.44824999999999998,0.0244140625,0.023524572903775257,0.00088948959622474344
0.44837500000000002,0.013702392578125,0.012718704558147803,0.0009836880199771969
0.44850000000000001,-0.000274658203125,-1.579910490885484e-05,-0.00025885909821614513
0.448625,-0.0135498046875,-0.012739261989743962,-0.00081054269775603788
0.44874999999999998,-0.022796630859375,-0.023515629782542447,0.00071899892316744721
0.44887500000000002,-0.030731201171875,-0.030707065974994643,-2.4135196880357285e-05
0.44900000000000001,-0.030303955078125,-0.033222874671295075,0.0029189195931700745
0.449125,-0.030975341796875,-0.030684918568937639,-0.00029042322793736142
0.44924999999999998,-0.02294921875,-0.023484444885631055,0.00053522613563105476
0.44937500000000002,-0.01318359375,-0.012721781025634864,-0.00046181272436513626
0.44950000000000001,0.000152587890625,-3.8193448963857524e-05,0.00019078133958885752
0.449625,0.012969970703125,0.012634397113463326,0.00033557358966167412
0.44974999999999998,0.023284912109375,0.023367677289503289,-8.276518012828929e-05
0.44987500000000002,0.03070068359375,0.030530359203743522,0.00017032439000647798
0.45000000000000001,0.035400390625,0.033036108005543942,0.0023642826194560582
0.450125,0.029541015625,0.030508298441473205,-0.00096728281647320488
0.45024999999999998,0.02392578125,0.02333661355336613,0.0005891676966338702
0.45037500000000003,0.012786865234375,0.012616981436977216,0.0001698837973977841
0.45050000000000001,-0.000946044921875,-1.5893629981765385e-05,-0.00093015129189323456
0.450625,-0.013885498046875,-0.01263781527321048,-0.0012476827736645196
0.45074999999999998,-0.021759033203125,-0.023328180111570795,0.0015691469084457947
0.45087500000000003,-0.029388427734375,-0.030462222718862401,0.0010737949844874008
0.45100000000000001,-0.031280517578125,-0.032957951852385176,0.0016774342742601756
0.451125,-0.030181884765625,-0.030440248261580403,0.00025836349595540278
0.45124999999999998,-0.023834228515625,-0.023297237065867907,-0.00053699144975709323
0.45137500000000003,-0.012603759765625,-0.012620464641726031,1.670487610103133e-05
0.45150000000000001,-0.0006103515625,-3.8099321765067656e-05,-0.0005722522407349323
0.451625,0.01202392578125,0.012533355992209429,-0.0005094302109594287
0.45174999999999998,0.0233154296875,0.023180977083134643,0.00013445260436535655
0.45187500000000003,0.0306396484375,0.030286494895040664,0.00035315354245933628
0.45200000000000001,0.033599853515625,0.032772244425655218,0.00082760908996978161
0.452125,0.02825927734375,0.03026460640527414,-0.0020053290615241401
0.45224999999999999,0.023223876953125,0.023150154259350242,7.3722693774758152e-05
0.45237500000000003,0.011383056640625,0.012516070163998279,-0.0011330135233732792
0.45250000000000001,0.00018310546875,-1.5987360976958585e-05,0.00019909282972695858
0.452625,-0.0113525390625,-0.012537178125617604,0.0011846390631176044
0.45274999999999999,-0.021484375,-0.023142226373282487,0.0016578513732824866
0.45287500000000003,-0.030609130859375,-0.030219333443502288,-0.00038979741587271202
0.45300000000000001,-0.031494140625,-0.032695143276369791,0.0012010026513697911
0.453125,-0.028900146484375,-0.030197530585095906,0.001297384100720906
0.45324999999999999,-0.022430419921875,-0.023111523304717923,0.00068110338284292291
0.45337499999999997,-0.011627197265625,-0.012519956859854891,0.0008927595942298909
0.45350000000000001,0.001556396484375,-3.8005985306238542e-05,0.0015944024696812385
0.453625,0.01141357421875,0.012433121203142421,-0.0010195469843924214
0.45374999999999999,0.023345947265625,0.02299576682838473,0.00035018043724027031
0.45387499999999997,0.031341552734375,0.030044576754583337,0.0012969759797916633
0.45400000000000001,0.03094482421875,0.032510486635298687,-0.0015656624165486868
0.454125,0.0302734375,0.030022859192696975,0.00025057830730302461
0.45424999999999999,0.021270751953125,0.022965183050148837,-0.0016944310970238366
0.45437499999999997,0.0113525390625,0.012415964259882799,-0.0010634251973827991
0.45450000000000002,-0.00054931640625,-1.6080304552259681e-05,-0.00053323610169774037
0.454625,-0.012542724609375,-0.012437344086405703,-0.00010538052296929674
0.45474999999999999,-0.0211181640625,-0.02295775662946449,0.0018395925669644903
0.45487499999999997,-0.029632568359375,-0.029978382555097615,0.00034581419572261504
0.45500000000000002,-0.03253173828125,-0.032434432070323288,-9.7306210926711989e-05
0.455125,-0.029449462890625,-0.029956749956196953,0.00050728706557195274
0.45524999999999999,-0.022308349609375,-0.022927291678471792,0.00061894206909679159
0.45537499999999997,-0.01361083984375,-0.012420251226593872,-0.0011905886171561277
0.45550000000000002,-6.103515625e-05,-3.7913432968554063e-05,-2.3121723281445937e-05
0.455625,0.0118408203125,0.012333686311543048,-0.00049286599904304826
0.45574999999999999,0.0245361328125,0.022812034634772094,0.0017240981777279056
0.45587499999999997,0.030242919921875,0.02980458925090583,0.00043833067096916978
0.45600000000000002,0.031646728515625,0.032250817829011638,-0.00060408931338663818
0.456125,0.029754638671875,0.029783041282761529,-2.840261088652915e-05
0.45624999999999999,0.02294921875,0.022781688049735811,0.00016753070026418945
0.45637499999999998,0.0111083984375,0.012316657297007056,-0.0012082588595070561
0.45650000000000002,-0.000274658203125,-1.6172467298756233e-05,-0.00025848573582624377
0.456625,-0.01336669921875,-0.01233830674658562,-0.00102839247216438
0.45674999999999999,-0.023773193359375,-0.022774759037168284,-0.0009984343222067156
0.45687499999999998,-0.029632568359375,-0.029739354584281525,0.00010678622490652503
0.45700000000000002,-0.03338623046875,-0.032175801495976139,-0.001210428972773861
0.457125,-0.02978515625,-0.0297178909159613,-6.7265334038699859e-05
0.45724999999999999,-0.02178955078125,-0.02274453035858813,0.00095497957733813033
0.45737499999999998,-0.013153076171875,-0.012321341340030231,-0.00083173483184476905
0.45750000000000002,0.000823974609375,-3.7821658177419774e-05,0.00086179626755241974
0.457625,0.011474609375,0.012235044934042569,-0.00076043555904256946
0.45774999999999999,0.02093505859375,0.022629768706698892,-0.0016947101129488919
0.45787499999999998,0.030670166015625,0.029566516976489002,0.0011036490391359982
0.45800000000000002,0.032379150390625,0.031993221335449018,0.00038592905517598197
0.458125,0.027984619140625,0.029545137278355348,-0.0015605181377303483
0.45824999999999999,0.02130126953125,0.022599657476856806,-0.0012983879456068062
0.45837499999999998,0.010406494140625,0.01221814289905284,-0.0018116487584278404
0.45850000000000002,-0.000152587890625,-1.6263855767134022e-05,-0.00013632403485786597
0.458625,-0.0126953125,-0.012240059748299888,-0.00045525275170011162
0.45874999999999999,-0.026397705078125,-0.022593221847965198,-0.0038044832301598018
0.45887499999999998,-0.0296630859375,-0.029502234185138192,-0.00016085175236180832
0.45900000000000002,-0.032745361328125,-0.03191923494864022,-0.00082612637948478035
0.45912500000000001,-0.02886962890625,-0.029480938128843327,0.00061130922259332657
0.45924999999999999,-0.02178955078125,-0.02256322761091837,0.00077367682966836965
0.45937499999999998,-0.013031005859375,-0.012223220849337864,-0.00080778501003713615
0.45950000000000002,-0.0006103515625,-3.7730654413297457e-05,-0.00057262090808670254
0.45962500000000001,0.01153564453125,0.012137190738202932,-0.0006015462069529319
0.45974999999999999,0.022705078125,0.022448957342711798,0.00025612078228820154
0.45987499999999998,0.0308837890625,0.029330344646771245,0.0015534444157287546
0.46000000000000002,0.030853271484375,0.03173768061631313,-0.00088440913193812976
0.46012500000000001,0.028411865234375,0.029309131905249294,-0.00089726667087429435
0.46024999999999999,0.020965576171875,0.022419079644280748,-0.0014535034724057483
0.46037499999999998,0.01214599609375,0.01212041474059773,2.5581353152269795e-05
0.46050000000000002,0.00067138671875,-1.6354476438720771e-05,0.00068774119518872072
0.46062500000000001,-0.01324462890625,-0.012142596784438405,-0.0011020321218115949
0.46074999999999999,-0.020904541015625,-0.022413133407184274,0.0015085923915592742
0.46087499999999998,-0.0289306640625,-0.029267006134217677,0.00033634207171767683
0.46100000000000002,-0.031402587890625,-0.031664715956142765,0.00026212806551776519
0.46112500000000001,-0.027984619140625,-0.029245876381681021,0.0012612572410560206
0.46124999999999999,-0.02117919921875,-0.02238337179496129,0.0012041725762112904
0.46137499999999998,-0.0137939453125,-0.012125883454386392,-0.0016680618581136081
0.46150000000000002,-0.00018310546875,-3.764041522201315e-05,-0.00014546505352798684
0.46162500000000001,0.014007568359375,0.012040117442133874,0.0019674509172411259
0.46174999999999999,0.02142333984375,0.022269588934730085,-0.00084624909098008488
0.46187499999999998,0.029449462890625,0.029096057099174163,0.0003534057914508365
0.46200000000000002,0.029144287109375,0.031484179265291769,-0.0023398921559167687
0.46212500000000001,0.02716064453125,0.029075010011107121,-0.0019143654798571205
0.46224999999999999,0.021728515625,0.022239942958057094,-0.00051142733305709412
0.46237499999999998,0.01153564453125,0.012023466546692181,-0.00048782201544218112
0.46250000000000002,-0.001220703125,-1.644433575154919e-05,-0.0012042587892484508
0.46262500000000001,-0.0120849609375,-0.012045911598223212,-3.9049339276788289e-05
0.46274999999999999,-0.02337646484375,-0.022234482153156408,-0.0011419826905935924
0.46287499999999998,-0.029541015625,-0.029033655329565526,-0.00050736029543447386
0.46300000000000002,-0.031402587890625,-0.031412228177768828,9.6402871438278082e-06
0.46312500000000001,-0.02960205078125,-0.029012690582723478,-0.00058936019852652219
0.46325,-0.022308349609375,-0.022204951363123223,-0.00010339824625177699
0.46337499999999998,-0.011444091796875,-0.012029322905313203,0.00058523110843820315
0.46350000000000002,3.0517578125e-05,-3.7550934192504906e-05,6.8068512317504906e-05
0.46362500000000001,0.012969970703125,0.011943818814062798,0.0010261518890622018
0.46375,0.02178955078125,0.022091651967318406,-0.00030210118606840627
0.46387499999999998,0.02886962890625,0.028863639292124814,5.9896141251861157e-06
0.46400000000000002,0.030029296875,0.031232701007004954,-0.0012034041320049538
0.46412500000000001,0.029327392578125,0.028842756564523765,0.00048463601360123482
0.46425,0.020782470703125,0.022062235916756039,-0.0012797652136310386
0.46437499999999998,0.01220703125,0.011927292092466849,0.00027973915753315079
0.46450000000000002,-6.103515625e-05,-1.653344008973692e-05,-4.4501716160263077e-05
0.46462500000000001,-0.0126953125,-0.011949997982797037,-0.00074531451720296314
0.46475,-0.020965576171875,-0.022057256616487466,0.001091680444612466
0.46487499999999998,-0.02764892578125,-0.028802166789748968,0.0011532410084989682
0.46500000000000002,-0.031005859375,-0.031161755403212157,0.00015589602821215742
0.46512500000000001,-0.0291748046875,-0.028781365760666072,-0.00039343892683392848
0.46525,-0.021759033203125,-0.022027954859958822,0.0002689216568338218
0.46537499999999998,-0.00982666015625,-0.011933533002148807,0.0021068728458988068
0.46550000000000002,-0.001190185546875,-3.7462204967400462e-05,-0.0011527233419075995
0.46562500000000001,0.010711669921875,0.011848288671958074,-0.0011366187500830745
0.46575,0.021820068359375,0.021915135016939678,-9.5066657564677609e-05
0.46587499999999998,0.0303955078125,0.028633076304086031,0.001762431508413969
0.46600000000000003,0.032318115234375,0.030983229695959992,0.001334885538415008
0.46612500000000001,0.028076171875,0.0286123566540506,-0.00053618477905060039
0.46625,0.0240478515625,0.02188594711073787,0.0021619044517621304
0.46637499999999998,0.01123046875,0.01183188520274267,-0.00060141645274267019
0.46650000000000003,0.000213623046875,-1.6621795773382542e-05,0.00023024484264838255
0.46662500000000001,-0.012542724609375,-0.011854849780844699,-0.00068787482853030144
0.46675,-0.021728515625,-0.021881445419314173,0.00015292979431417303
0.46687499999999998,-0.028717041015625,-0.028572525652891041,-0.00014451536273395876
0.46700000000000003,-0.0313720703125,-0.030913281551534472,-0.00045878876096552834
0.46712500000000001,-0.027252197265625,-0.028551887063679633,0.0012996897980546325
0.46725,-0.023101806640625,-0.0218523709214558,-0.0012494357191692
0.46737499999999998,-0.01226806640625,-0.011838507594395548,-0.00042955881185445174
0.46750000000000003,-0.0025634765625,-3.7374221253080918e-05,-0.0025261023412469193
0.46762500000000001,0.010833740234375,0.011753520883122077,-0.00091978064874707714
0.46775,0.021514892578125,0.021740026751214329,-0.00022513417308932943
0.46787499999999999,0.0279541015625,0.028404353332606627,-0.00045025177010662651
0.46800000000000003,0.030609130859375,0.030735749315514895,-0.00012661845613989517
0.46812500000000001,0.02801513671875,0.028383795487242246,-0.00036865876849224641
0.46825,0.023590087890625,0.021711065221427812,0.0018790226691971883
0.46837499999999999,0.011566162109375,0.011737239751614581,-0.00017107764223958134
0.46850000000000003,0,-1.6709409080376092e-05,1.6709409080376092e-05
0.46862500000000001,-0.010711669921875,-0.011760460884187786,0.0010487909623127858
0.46875,-0.022369384765625,-0.021707037274566271,-0.00066234749105872903
0.46887499999999999,-0.02838134765625,-0.028344717175725957,-3.6630480524043468e-05
0.46899999999999997,-0.02972412109375,-0.030666790670133014,0.00094266957638301438
0.46912500000000001,-0.029327392578125,-0.0283242397584678,-0.0010031528196572
0.46925,-0.02081298828125,-0.021678188274287725,0.00086519999303772549
0.46937499999999999,-0.01123046875,-0.011744240580642728,0.00051377183064272788
0.46949999999999997,-0.000823974609375,-3.7286976801433869e-05,-0.00078668763257356612
0.46962500000000001,0.011749267578125,0.01165950936378787,8.9758214337130188e-05
0.46975,0.021240234375,0.021566315928207746,-0.00032608155320774587
0.46987499999999999,0.02862548828125,0.028177455693366875,0.00044803258788312511
0.46999999999999997,0.031494140625,0.030490243976850087,0.0010038966481499129
0.47012500000000002,0.028472900390625,0.028157058389710853,0.00031584200091414744
0.47025,0.022430419921875,0.021537579020574332,0.00089284090130066843
0.47037499999999999,0.0123291015625,0.011643349662068227,0.00068575190043177262
0.47049999999999997,-0.00189208984375,-1.6796286229105887e-05,-0.0018752935575208941
0.47062500000000002,-0.01214599609375,-0.011666825233382933,-0.00047917086036706677
0.47075,-0.022369384765625,-0.021534020985259285,-0.00083536378036571518
0.47087499999999999,-0.026092529296875,-0.028118726732641743,0.0020261974357667425
0.47099999999999997,-0.030792236328125,-0.030422266933716354,-0.00036996939440864587
0.47112500000000002,-0.02740478515625,-0.028098409229311658,0.00069362407306165774
0.47125,-0.0235595703125,-0.021505395735097781,-0.0020541745774022187
0.47137499999999999,-0.00897216796875,-0.011650725908184402,0.0026785579394344016
0.47149999999999997,-0.00140380859375,-3.7200465409695669e-05,-0.0013666081283403044
0.47162500000000002,0.012298583984375,0.011566248078748115,0.00073233590562688487
0.47175,0.021820068359375,0.021393991395700945,0.00042607696367405468
0.47187499999999999,0.029022216796875,0.02795236881923184,0.0010698479776431596
0.47199999999999998,0.02984619140625,0.030246697917948286,-0.0004005065116982863
0.47212500000000002,0.02685546875,0.027932130804175868,-0.0010766620541758677
0.47225,0.02252197265625,0.021365477369535802,0.001156495286714198
0.47237499999999999,0.011871337890625,0.011550208905599239,0.000321128985025761
0.47249999999999998,0.000701904296875,-1.6882433399783854e-05,0.00071878673027478391
0.47262500000000002,-0.010833740234375,-0.011573936817355414,0.0007401965829804142
0.47275,-0.0198974609375,-0.021362385443755908,0.0014649245062559081
0.47287499999999999,-0.0284423828125,-0.027894539814750711,-0.00054784299774928921
0.47299999999999998,-0.029449462890625,-0.030179694643288367,0.00073023175266336698
0.47312500000000002,-0.0284423828125,-0.02787438097713538,-0.00056800183536461976
0.47325,-0.02166748046875,-0.021333982209788053,-0.00033349825896194715
0.47337499999999999,-0.012359619140625,-0.011557957572611391,-0.00080166156801360876
0.47349999999999998,-0.001190185546875,-3.7114680933975137e-05,-0.0011530708659410248
0.47362500000000002,0.011077880859375,0.011473731040957802,-0.00039585018158280229
0.47375,0.02093505859375,0.021223042090467371,-0.0002879834967173707
0.47387499999999999,0.027618408203125,0.027729078259325444,-0.00011067005620044382
0.47399999999999998,0.02911376953125,0.030005095502582561,-0.00089132597133256136
0.47412500000000002,0.02850341796875,0.027708998289533483,0.00079441967921651743
0.47425,0.022186279296875,0.021194749218572593,0.00099153007830240711
0.47437499999999999,0.01171875,0.011457811501803779,0.00026093849819622088
0.47449999999999998,0.0009765625,-1.6967856700254979e-05,0.0009935303567002549
0.47462500000000002,-0.0115966796875,-0.011481789672987568,-0.00011489001451243236
0.47475000000000001,-0.020751953125,-0.021192119631070098,0.0004401665060700978
0.47487499999999999,-0.029876708984375,-0.027672142028953791,-0.002204566955421209
0.47499999999999998,-0.030853271484375,-0.029939058225140345,-0.0009142132592346551
0.47512500000000002,-0.02813720703125,-0.027652140618579336,-0.00048506641267066428
0.47525000000000001,-0.021820068359375,-0.021163936692792536,-0.00065613166658246361
0.47537499999999999,-0.011566162109375,-0.011465929617435547,-0.00010023249193945316
0.47549999999999998,-0.00164794921875,-3.7029617288543761e-05,-0.0016109196014614563
0.47562500000000002,0.009674072265625,0.01138195231114048,-0.0017078800455154804
0.47575000000000001,0.02264404296875,0.021053457037577283,0.0015905859311727173
0.47587499999999999,0.027099609375,0.027507569678092113,-0.00040796030309211279
0.47599999999999998,0.029388427734375,0.029765421219312437,-0.00037699348493743651
0.47612500000000002,0.028228759765625,0.027487646519933382,0.00074111324569161793
0.47625000000000001,0.020233154296875,0.021025383606120582,-0.00079222930924558246
0.47637499999999999,0.009857177734375,0.011366151518019995,-0.0015089737836449946
0.47649999999999998,-0.001220703125,-1.7052562201052536e-05,-0.0012036505627989475
0.47662500000000002,-0.0107421875,-0.011390377884758355,0.00064819038475835526
0.47675000000000001,-0.019927978515625,-0.021023212616152226,0.0010952341005272259
0.47687499999999999,-0.0283203125,-0.027451519097012742,-0.0008687934029872578
0.47699999999999998,-0.029571533203125,-0.029700342229851091,0.00012880902672609065
0.47712500000000002,-0.026580810546875,-0.02743167388506865,0.00085086333819365048
0.47725000000000001,-0.021087646484375,-0.020995248266377903,-9.2398217997096549e-05
0.47737499999999999,-0.01104736328125,-0.011374636133716623,0.00032727285246662331
0.47749999999999998,-0.00079345703125,-3.694526842493589e-05,-0.00075651176282506415
0.47762500000000002,0.011688232421875,0.011290905997426019,0.0003973264244489811
0.47775000000000001,0.020599365234375,0.020885225349685774,-0.00028586011531077371
0.47787499999999999,0.0269775390625,0.027287828854385632,-0.00031028979188563177
0.47799999999999998,0.029541015625,0.029527659680488053,1.3355944511947437e-05
0.47812500000000002,0.02752685546875,0.027268061283849808,0.00025879418490019207
0.47825000000000001,0.019500732421875,0.020857369658106768,-0.0013566372362317676
0.47837499999999999,0.0126953125,0.011275223068924948,0.0014200894310750518
0.47849999999999998,0.000823974609375,-1.7136555921865897e-05,0.00084111116529686589
0.47862500000000002,-0.00927734375,-0.011299695584353911,0.002022351834353911
0.47875000000000001,-0.02117919921875,-0.020855653555180188,-0.00032354566356981168
0.478875,-0.0263671875,-0.027232656854641202,0.00086546935464120248
0.47899999999999998,-0.0294189453125,-0.029463531331295076,4.4586018795075844e-05
0.47912500000000002,-0.027923583984375,-0.027212966621901168,-0.00071061736247383239
0.47925000000000001,-0.020111083984375,-0.020827906099949684,0.00071682211557468414
0.479375,-0.012939453125,-0.011284071259660898,-0.0016553818653391016
0.47949999999999998,-0.00115966796875,-3.686162835878405e-05,-0.0011228063403912159
0.47962500000000002,0.011383056640625,0.011200586254962732,0.00018247038566226829
0.47975000000000001,0.02081298828125,0.020718336226326704,9.4652054923295703e-05
0.479875,0.027496337890625,0.02706984168055215,0.00042649621007284991
0.47999999999999998,0.03057861328125,0.029291795621262183,0.001286817659987817
0.48012500000000002,0.026702880859375,0.027050228483179534,-0.00034734762380453366
0.48025000000000001,0.02227783203125,0.02069069658723419,0.0015871354440158102
0.480375,0.00848388671875,0.011185020316166283,-0.0027011335974162828
0.48049999999999998,0.001190185546875,-1.7219843821986615e-05,0.0012074053906969866
0.48062500000000002,-0.01165771484375,-0.011209736950281639,-0.00044797789346836051
0.48075000000000001,-0.019500732421875,-0.020689431690877624,0.0011886992690026237
0.480875,-0.02685546875,-0.027015541250591416,0.00016007250059141623
0.48099999999999998,-0.02972412109375,-0.029228610325658409,-0.00049551076809159142
0.48112500000000002,-0.028839111328125,-0.026996004787342445,-0.0018431065407825548
0.48125000000000001,-0.020904541015625,-0.020661899449342519,-0.00024264156628248101
0.481375,-0.011962890625,-0.011194229180269783,-0.00076866144473021654
0.48149999999999998,0.001007080078125,-3.6778691145667613e-05,0.0010438587692706675
0.48162500000000003,0.010345458984375,0.011110987285532992,-0.00076552830115799234
0.48175000000000001,0.02117919921875,0.020552778953235984,0.00062642026551401608
0.481875,0.0274658203125,0.026853594161520642,0.00061222615097935792
0.48199999999999998,0.0303955078125,0.029057813898610271,0.0013376939138897287
0.48212500000000003,0.027099609375,0.026834134132327669,0.00026547524267233127
0.48225000000000001,0.019683837890625,0.020525353692296678,-0.00084151580167167797
0.482375,0.009552001953125,0.011095537467996542,-0.0015435355148715416
0.48249999999999998,0.00042724609375,-1.7302431820928297e-05,0.00044454852557092832
0.48262500000000003,-0.011962890625,-0.011120496207515122,-0.00084239441748487805
0.48275000000000001,-0.0198974609375,-0.02052453635181602,0.00062707541431602024
0.482875,-0.0252685546875,-0.026800158345748323,0.0015316036582483233
0.48299999999999998,-0.027587890625,-0.028995564130462774,0.001407673505462774
0.48312500000000003,-0.02569580078125,-0.026780774451716522,0.0010849736704665221
0.48325000000000001,-0.019439697265625,-0.020497217656137587,0.0010575203905125868
0.483375,-0.009796142578125,-0.011105104126944709,0.0013089615488197093
0.48349999999999999,-0.001739501953125,-3.6696450890955827e-05,-0.0017028055022340442
0.48362500000000003,0.01153564453125,0.011022103337202618,0.00051354119404738163
0.48375000000000001,0.01953125,0.020388542901644772,-0.00085729290164477182
0.483875,0.0274658203125,0.026639072413912109,0.0008267478985878908
0.48399999999999999,0.028961181640625,0.028825699490358139,0.00013548215026686072
0.48412500000000003,0.02679443359375,0.026619764357313638,0.00017466923643636237
0.48425000000000001,0.020721435546875,0.02036133035749868,0.00036010518937631963
0.484375,0.0103759765625,0.011006768778882741,-0.0006307922163827414
0.48449999999999999,0.00042724609375,-1.7384325788622816e-05,0.00044463041953862281
0.48462499999999997,-0.009613037109375,-0.011031967627107906,0.0014189305177329057
0.48475000000000001,-0.02008056640625,-0.020360956951722676,0.00028039054547267586
0.484875,-0.026031494140625,-0.026586494312243542,0.00055500017161854223
0.48499999999999999,-0.029296875,-0.028764377783597046,-0.00053249721640295442
0.48512499999999997,-0.0264892578125,-0.02656726179651801,7.8003984018009537e-05
0.48525000000000001,-0.019622802734375,-0.020333850146985206,0.00071104741261020579
0.485375,-0.010009765625,-0.011016690377126125,0.0010069247521261246
0.48549999999999999,-6.103515625e-05,-3.6614901759172656e-05,-2.4420254490827344e-05
0.48562499999999997,0.011932373046875,0.010933928703921019,0.00099844434295398056
0.48575000000000002,0.01953125,0.020225617527613614,-0.00069436752761361381
0.485875,0.02642822265625,0.026426262665144327,1.9599911056725206e-06
0.48599999999999999,0.029327392578125,0.028595437494217588,0.00073195508390741168
0.48612499999999997,0.026641845703125,0.026407105394886679,0.00023474030823832093
0.48625000000000002,0.020721435546875,0.020198616051759669,0.00052281949511533143
0.486375,0.01025390625,0.010918708549146838,-0.0006648022991468383
0.48649999999999999,0.000335693359375,-1.746553153609288e-05,0.0003531588909110929
0.48662499999999997,-0.01025390625,-0.010944145525843958,0.00069023927584395753
0.48675000000000002,-0.0194091796875,-0.020198682988817381,0.0007895033013173812
0.486875,-0.027923583984375,-0.026374535432557508,-0.0015490485518174918
0.48699999999999999,-0.027923583984375,-0.028535036442356741,0.00061145245798174125
0.48712499999999997,-0.025726318359375,-0.026355453113517321,0.00062913475414232145
0.48725000000000002,-0.0186767578125,-0.020171786432909681,0.0014950286204096809
0.487375,-0.011993408203125,-0.010928982253935052,-0.0010644259491899479
0.48749999999999999,-0.001220703125,-3.6534037953786218e-05,-0.0011841690870462139
0.48762499999999998,0.00994873046875,0.010846457725203396,-0.00089772725645339592
0.48775000000000002,0.020599365234375,0.020063992371348358,0.00053537286302664244
0.487875,0.027801513671875,0.026215151252543967,0.0015863624193310326
0.48799999999999999,0.030975341796875,0.028367013126829599,0.0026083286700454011
0.48812499999999998,0.0260009765625,0.026196143591623387,-0.00019516702912338729
0.48825000000000002,0.0211181640625,0.020037200328045065,0.0010809637344549351
0.488375,0.010955810546875,0.01083135112460871,0.00012445942226629002
0.48849999999999999,-0.0020751953125,-1.7546054838803289e-05,-0.0020576492576611966
0.48862499999999998,-0.0101318359375,-0.0108570242658426,0.00072518832834259951
0.48875000000000002,-0.021087646484375,-0.020037704045119644,-0.0010499424392553559
0.488875,-0.025299072265625,-0.02616426809864757,0.00086519583302257022
0.48899999999999999,-0.02630615234375,-0.028307525382491042,0.0020013730387410424
0.48912499999999998,-0.027252197265625,-0.026145334803893097,-0.0011068624617319028
0.48925000000000002,-0.01983642578125,-0.020011016108654401,0.00017459032740440097
0.489375,-0.013031005859375,-0.010841974125790414,-0.0021890317335845864
0.48949999999999999,0.00048828125,-3.6453853726818452e-05,0.0005247351037268185
0.48962499999999998,0.0120849609375,0.010759684785706915,0.0013252761517930853
0.48975000000000002,0.021087646484375,0.019903657056521883,0.0011839894278531174
0.489875,0.025482177734375,0.026005724622476894,-0.00052354688810189384
0.48999999999999999,0.027862548828125,0.028140411722815225,-0.00027786289469022493
0.49012499999999998,0.025146484375,0.025986865403076154,-0.00084038102807615367
0.49025000000000002,0.022613525390625,0.019877072822702291,0.0027364525679227092
0.49037500000000001,0.01055908203125,0.010744690896202048,-0.00018560886495204779
0.49049999999999999,0.00042724609375,-1.7625901410981734e-05,0.00044487199516098173
0.49062499999999998,-0.009735107421875,-0.010770598254226802,0.0010354908323518021
0.49075000000000002,-0.018402099609375,-0.019878009785796038,0.0014759101764210379
0.49087500000000001,-0.025421142578125,-0.025955678811070554,0.00053453623294555386
0.49099999999999999,-0.028167724609375,-0.028081829997257477,-8.5894612117522889e-05
0.49112499999999998,-0.026275634765625,-0.025936893377346594,-0.000338741388278406
0.49125000000000002,-0.019073486328125,-0.019851528851997598,0.0007780425238725977
0.49137500000000001,-0.009429931640625,-0.010755660406056623,0.0013257287654316226
0.49149999999999999,0.000213623046875,-3.6374343387987954e-05,0.00024999739026298795
0.49162499999999998,0.010009765625,0.010673604314918426,-0.00066383868991842614
0.49175000000000002,0.01947021484375,0.019744601289621657,-0.00027438644587165703
0.49187500000000001,0.024932861328125,0.02579796932947424,-0.00086510800134924001
0.49199999999999999,0.02752685546875,0.027915618733834028,-0.00038876326508402795
0.49212499999999998,0.0250244140625,0.025779257392883587,-0.00075484333038358664
0.49225000000000002,0.020111083984375,0.019718223254779395,0.0003928607295956045
0.49237500000000001,0.010589599609375,0.010658722299638152,-6.9122690263151779e-05
0.49249999999999999,0.00048828125,-1.7705076928728162e-05,0.00050598632692872817
0.49262499999999998,-0.009613037109375,-0.010684861942751957,0.0010718248333769567
0.49275000000000002,-0.018707275390625,-0.019719589958489693,0.001012314567864693
0.49287500000000001,-0.026763916015625,-0.025748754178112423,-0.0010151618375125772
0.49299999999999999,-0.0291748046875,-0.027857935796484139,-0.0013168688910158606
0.49312499999999998,-0.0250244140625,-0.025730115451240591,0.00070570138874059135
0.49325000000000002,-0.01904296875,-0.019693314423096651,0.00065034567309665142
0.49337500000000001,-0.00933837890625,-0.010670035552693639,0.0013316566464436387
0.49349999999999999,0.0013427734375,-3.6295501284979866e-05,0.0013790689387849799
0.49362499999999998,0.00958251953125,0.010588210786767001,-0.0010056912555170012
0.49375000000000002,0.02020263671875,0.019586814859281969,0.0006158218594680305
0.49387500000000001,0.024871826171875,0.025591872035365559,-0.00072004586349055932
0.49399999999999999,0.029449462890625,0.027692619727650046,0.001756843162974954
0.49412499999999998,0.02581787109375,0.02557330623192024,0.00024456486182975953
0.49425000000000002,0.0191650390625,0.019560641425383132,-0.00039560236288313164
0.49437500000000001,0.011444091796875,0.010573439815027823,0.00087065198184717654
0.4945,0.00030517578125,-1.7783587020595289e-05,0.00032295936827059528
0.49462499999999998,-0.010101318359375,-0.010599809827440975,0.00049849146806597508
0.49475000000000002,-0.021575927734375,-0.019562434392655433,-0.0020134933417195675
0.49487500000000001,-0.026611328125,-0.025543480914935895,-0.0010678472100641052
0.495,-0.0301513671875,-0.02763582840563937,-0.0025155387818606295
0.49512499999999998,-0.025482177734375,-0.025524987749743804,4.2810015368804216e-05
0.49525000000000002,-0.019439697265625,-0.019536362663837244,9.6665398212243681e-05
0.49537500000000001,-0.01116943359375,-0.010585094067883402,-0.00058433952586659822
0.4955,0.001861572265625,-3.6217321812827752e-05,0.0018977895874378278
0.49562499999999998,0.010650634765625,0.01050349871928989,0.0001471360463351102
0.49575000000000002,0.01934814453125,0.019430287635621709,-8.2143104371708991e-05
0.49587500000000001,0.02398681640625,0.025387419508431007,-0.001400603102181007
0.496,0.027069091796875,0.027471400387205226,-0.0004023085903302262
0.49612499999999998,0.024139404296875,0.025368998697432272,-0.0012295944005572719
0.49625000000000002,0.01788330078125,0.019404317217008336,-0.0015210164357583357
0.49637500000000001,0.00970458984375,0.010488837966535949,-0.00078424812278594935
0.4965,0.00103759765625,-1.7861437258626765e-05,0.0010554590935086268
0.49662499999999998,-0.00872802734375,-0.01051543644824861,0.0017874091044986096
0.49675000000000002,-0.01934814453125,-0.019406532998920333,5.8388467670332511e-05
0.49687500000000001,-0.0244140625,-0.025339845842723786,0.00092578334272378632
0.497,-0.028411865234375,-0.027415493564908903,-0.00099637166946609651
0.49712499999999998,-0.02557373046875,-0.025321497102970041,-0.00025223336577995942
0.49725000000000003,-0.019256591796875,-0.019380663497167716,0.00012407170029271608
0.49737500000000001,-0.010955810546875,-0.010500830497685779,-0.00045498004918922107
0.4975,0,-3.6139799422839647e-05,3.6139799422839647e-05
0.49762499999999998,0.01007080078125,0.010419462674271638,-0.00034866189302163765
0.49775000000000003,0.01849365234375,0.019275009569609647,-0.00078135722585964684
0.49787500000000001,0.025665283203125,0.02518459862254217,0.0004806845805828304
0.498,0.026519775390625,0.027251946509700205,-0.00073217111907520477
0.49812499999999998,0.02679443359375,0.025166321672192161,0.0016281119215578385
0.49825000000000003,0.020477294921875,0.019249240592895161,0.0012280543289798392
0.49837500000000001,0.010711669921875,0.010404911322038494,0.00030675859983650584
0.4985,0.001129150390625,-1.7938633177695645e-05,0.0011470890238026957
0.49862499999999998,-0.010223388671875,-0.010431736388701991,0.00020834771682699121
0.49875000000000003,-0.018402099609375,-0.019251875768429145,0.00084977615905414486
0.49887500000000001,-0.026947021484375,-0.025137835887829377,-0.0018091855965456233
0.499,-0.0279541015625,-0.027196917128280328,-0.00075718443421967166
0.49912499999999999,-0.024627685546875,-0.025119630446142283,0.00049194489926728327
0.49925000000000003,-0.017669677734375,-0.019226206926458881,0.001556529192083881
0.49937500000000001,-0.009490966796875,-0.01041723943169694,0.00092627263482194036
0.4995,0.00103759765625,-3.6062928600254343e-05,0.0010736605848502543
0.49962499999999999,0.0108642578125,0.010336097256886433,0.00052816055561356705
0.49975000000000003,0.018218994140625,0.01912097069240154,-0.0009019765517765399
0.49987500000000001,0.025787353515625,0.024983396356327792,0.00080395715929720835
0.5,0.02734375,0.027034244005682471,0.0003095059943175292
0.50012500000000004,0.023681640625,0.024965262143657761,-0.0012836215186577613
0.50024999999999997,0.018951416015625,0.019095401596395549,-0.00014398558077054896
0.50037500000000001,0.011444091796875,0.010321654492756327,0.0011224373041186734
0.50049999999999994,0.0003662109375,-1.8015180260167561e-05,0.00038422611776016755
0.50062499999999999,-0.010223388671875,-0.010348704275544426,0.00012531560366942605
0.50075000000000003,-0.019256591796875,-0.01909845277219523,-0.00015813902467977023
0.50087499999999996,-0.024444580078125,-0.024937438080943092,0.00049285800281809178
0.501,-0.026641845703125,-0.026980085062634909,0.00033823935950990855
0.50112500000000004,-0.02490234375,-0.024919374818743175,1.7031068743175032e-05
0.50124999999999997,-0.0186767578125,-0.019072983034870851,0.00039622522237085095
0.50137500000000002,-0.01019287109375,-0.010334315502681832,0.00014144440893183209
0.50149999999999995,3.0517578125e-05,-3.598670389493033e-05,6.650428201993033e-05
0.50162499999999999,0.009979248046875,0.010253397115369073,-0.00027414906849407283
0.50175000000000003,0.018310546875,0.018968161114715575,-0.00065761423971557459
0.50187499999999996,0.024627685546875,0.024783799792331793,-0.00015611424545679264
0.502,0.026092529296875,0.026818278898141801,-0.00072574960126680146
0.50212500000000004,0.024505615234375,0.024765807203139121,-0.0002601919687641209
0.50224999999999997,0.019561767578125,0.018942790350301164,0.00061897722782383591
0.50237500000000002,0.00970458984375,0.010239062132918029,-0.00053447228916802918
0.50249999999999995,0.00048828125,-1.8091083954808949e-05,0.00050637233395480895
0.50262499999999999,-0.010101318359375,-0.010266334778410475,0.00016501641903547519
0.50275000000000003,-0.020111083984375,-0.018946254160476295,-0.0011648298238987054
0.50287499999999996,-0.02435302734375,-0.024738639556259729,0.00038561221250972902
0.503,-0.02679443359375,-0.026764983446846573,-2.9450146903427232e-05
0.50312500000000004,-0.022430419921875,-0.024720717363697076,0.0022902974418220756
0.50324999999999998,-0.0179443359375,-0.018920981984694513,0.00097664604719451334
0.50337500000000002,-0.00860595703125,-0.010252053386252432,0.0016460963550024316
0.50349999999999995,0.00030517578125,-3.5911119871686445e-05,0.00034108690112168643
0.50362499999999999,0.00927734375,0.010171356940662634,-0.00089401319066263404
0.50375000000000003,0.018463134765625,0.018816571026190828,-0.00035343626056582797
0.50387499999999996,0.025665283203125,0.024585796116191001,0.0010794870869339987
0.504,0.027618408203125,0.026604037321612883,0.0010143708815121173
0.50412500000000005,0.026519775390625,0.02456794404496028,0.0019518313456647202
0.50424999999999998,0.01824951171875,0.018791397056252896,-0.00054188533750289605
0.50437500000000002,0.009033203125,0.01015712893942501,-0.0011239258144250096
0.50449999999999995,0.00164794921875,-1.8166349646466502e-05,0.0016661155683964665
0.50462499999999999,-0.00933837890625,-0.010184622609460986,0.00084624370321098596
0.50475000000000003,-0.0196533203125,-0.01879527016213535,-0.00085805015036465038
0.50487499999999996,-0.022796630859375,-0.024541427550647782,0.0017447966912727819
0.505,-0.0260009765625,-0.02655159847088822,0.00055062190838821995
0.50512500000000005,-0.024688720703125,-0.024523645326528128,-0.00016507537659687238
0.50524999999999998,-0.017974853515625,-0.018770194016741695,0.0007953405011166953
0.50537500000000002,-0.009796142578125,-0.010170447800505977,0.0003743052223809766
0.50549999999999995,0.001190185546875,-3.5836171171328062e-05,0.001226021718046328
0.50562499999999999,0.0101318359375,0.010089971466069343,4.1864471430657496e-05
0.50575000000000003,0.0201416015625,0.018666190694751016,0.0014754108677489837
0.50587499999999996,0.02459716796875,0.024389372615800736,0.00020779535294926377
0.50600000000000001,0.02435302734375,0.026391505521285136,-0.0020384781775351357
0.50612500000000005,0.025482177734375,0.024371659965644259,0.0011105177687307406
0.50624999999999998,0.01763916015625,0.018641211994076954,-0.001002051837826954
0.50637500000000002,0.008453369140625,0.010075849651491286,-0.0016224805108662858
0.50649999999999995,0.001373291015625,-1.8240982687150435e-05,0.0013915319983121505
0.50662499999999999,-0.0074462890625,-0.010103562523063455,0.0026572734605634554
0.50675000000000003,-0.019775390625,-0.018645491084007086,-0.0011298995409929138
0.50687499999999996,-0.0244140625,-0.024345789402830081,-6.8273097169918584e-05
0.50700000000000001,-0.026702880859375,-0.026339916434945019,-0.00036296442442998109
0.50712500000000005,-0.02484130859375,-0.024328146054555414,-0.00051316253919458585
0.50724999999999998,-0.018646240234375,-0.018620609449705606,-2.5630784669394141e-05
0.50737500000000002,-0.008514404296875,-0.010089493505694424,0.0015750892088194236
0.50749999999999995,-0.000244140625,-3.5761852461289328e-05,-0.00020837877253871069
0.50762499999999999,0.010528564453125,0.010009235466929315,0.00051932898619568534
0.50775000000000003,0.019195556640625,0.018517010465992634,0.00067854617463236622
0.50787499999999997,0.023834228515625,0.024194516680510435,-0.00036028816488543544
0.50800000000000001,0.025604248046875,0.026180669852119597,-0.00057642180524459727
0.50812500000000005,0.024322509765625,0.024176942363099686,0.00014556740252531439
0.50824999999999998,0.017425537109375,0.018492225521182314,-0.0010666884118073136
0.50837500000000002,0.01068115234375,0.009995219050328118,0.00068593329342188196
0.50849999999999995,0.000457763671875,-1.8314988384032816e-05,0.00047607866025903284
0.50862499999999999,-0.00909423828125,-0.010023149315446711,0.00092891103419671071
0.50875000000000004,-0.01904296875,-0.018496907310290508,-0.0005460614397094915
0.50887499999999997,-0.023040771484375,-0.02415171255257673,0.0011109410682017297
0.50900000000000001,-0.026153564453125,-0.026129923748534872,-2.3640704590127681e-05
0.50912500000000005,-0.024810791015625,-0.024134206996071356,-0.00067658401955364433
0.50924999999999998,-0.019439697265625,-0.018472218679549856,-0.00096747858607514406
0.50937500000000002,-0.008819580078125,-0.01000918530389623,0.0011896052257712297
0.50949999999999995,0.00152587890625,-3.5688158465596806e-05,0.0015615670647155968
0.50962499999999999,0.01068115234375,0.0099291437602766364,0.00075200858347336356
0.50975000000000004,0.018524169921875,0.01836902076255862,0.00015514915931637979
0.50987499999999997,0.0255126953125,0.024001215800309245,0.0015114795121907547
0.51000000000000001,0.025299072265625,0.025971516777972905,-0.00067244451234790489
0.51012500000000005,0.02532958984375,0.023983778735804744,0.0013458111079452557
0.51024999999999998,0.019256591796875,0.018344428071926707,0.00091216372494829293
0.51037500000000002,0.0091552734375,0.0099152319587894056,-0.00075995852128940555
0.51049999999999995,0.000335693359375,-1.8388371990973615e-05,0.0003540817313659736
0.510625,-0.009765625,-0.0099433778243586783,0.00017775282435867831
0.51075000000000004,-0.01800537109375,-0.018349509301914608,0.00034413820816460786
0.51087499999999997,-0.024169921875,-0.023959184539895186,-0.00021073733510481446
0.51100000000000001,-0.026336669921875,-0.025921606929635899,-0.00041506299223910068
0.51112500000000005,-0.02398681640625,-0.023941815699539289,-4.5000706710710686e-05
0.51124999999999998,-0.017303466796875,-0.018325012178877047,0.0010215453820020468
0.51137500000000002,-0.01153564453125,-0.0099295180386659732,-0.0016061264925840268
0.51149999999999995,-0.001251220703125,-3.5615083943455171e-05,-0.0012156056191815448
0.511625,0.00927734375,0.00984969120449849,-0.00057234745449849002
0.51175000000000004,0.018310546875,0.01822221208351724,8.8334791482760217e-05
0.51187499999999997,0.02392578125,0.023809457565019544,0.00011632368498045581
0.51200000000000001,0.0262451171875,0.025764032870728239,0.00048108431677176128
0.51212500000000005,0.023468017578125,0.023792156682008066,-0.00032413910388306641
0.51224999999999998,0.0177001953125,0.018197810157008897,-0.00049761484450889723
0.51237500000000002,0.011138916015625,0.0098358832410477132,0.0013030327745772868
0.51249999999999996,0.0003662109375,-1.8461138726803464e-05,0.00038467207622680348
0.512625,-0.0103759765625,-0.0098642429287515137,-0.00051173363374848631
0.51275000000000004,-0.01824951171875,-0.018203287595940747,-4.622412280925331e-05
0.51287499999999997,-0.024322509765625,-0.023768193004226962,-0.00055431676139803751
0.51300000000000001,-0.02655029296875,-0.025714952603820809,-0.00083534036492919142
0.51312500000000005,-0.0224609375,-0.023750959812797449,0.0012900223127974494
0.51324999999999998,-0.01953125,-0.018178980496333895,-0.001352269503666105
0.51337500000000003,-0.0081787109375,-0.0098504865947116899,0.0016717756572116899
0.51349999999999996,-0.00030517578125,-3.5542623697977521e-05,-0.00026963315755202245
0.513625,0.0103759765625,0.0097708726990242464,0.00060510386347575364
0.51375000000000004,0.0174560546875,0.018076575003764757,-0.00062052031626475684
0.51387499999999997,0.023834228515625,0.023619229663507005,0.00021499885211799519
0.51400000000000001,0.02685546875,0.025558204809433185,0.0012972639405668153
0.51412500000000005,0.0244140625,0.023602063898935825,0.0008119986010641754
0.51424999999999998,0.01898193359375,0.018052362362865587,0.00092957123088441285
0.51437500000000003,0.0108642578125,0.0097571678022725459,0.0011070900102274541
0.51449999999999996,-0.000152587890625,-1.8533293766628197e-05,-0.0001340545968583718
0.514625,-0.009124755859375,-0.0097857395484444963,0.00066098368906949631
0.51475000000000004,-0.0167236328125,-0.018058232804948754,0.0013345999924487539
0.51487499999999997,-0.024627685546875,-0.023578725683661955,-0.0010489598632130448
0.51500000000000001,-0.026275634765625,-0.025509947503398259,-0.00076568726222674133
0.51512500000000006,-0.0230712890625,-0.023561627082259107,0.00049033801975910743
0.51524999999999999,-0.016632080078125,-0.018034114255989758,0.0014020341778647576
0.51537500000000003,-0.00927734375,-0.0097720858975744382,0.00049474214757443818
0.51549999999999996,-0.000335693359375,-3.5470772584491612e-05,-0.00030022258679050838
0.515625,0.010223388671875,0.0096926831839762306,0.00053070548789876937
0.51575000000000004,0.015472412109375,0.017932100173413946,-0.0024596880640389458
0.51587499999999997,0.024810791015625,0.023430519882886702,0.0013802711327382984
0.51600000000000001,0.0252685546875,0.025354019379444537,-8.5464691944536764e-05
0.51612499999999994,0.021392822265625,0.02341348818199732,-0.0020206659163723197
0.51624999999999999,0.01708984375,0.017908075351054552,-0.00081823160105455248
0.51637500000000003,0.010467529296875,0.0096790805882869431,0.00078844870858805691
0.51649999999999996,0,-1.8604842233555776e-05,1.8604842233555776e-05
0.516625,-0.0089111328125,-0.0097078626437899062,0.0007967298312899062
0.51675000000000004,-0.017791748046875,-0.017914335616428134,0.00012258756955313421
0.51687499999999997,-0.023101806640625,-0.023390770414142253,0.00028896377351725344
0.51700000000000002,-0.025390625,-0.02530657846656105,-8.4046533438950077e-05
0.51712499999999995,-0.023590087890625,-0.023373805352132588,-0.00021628253849241205
0.51724999999999999,-0.01806640625,-0.017890404156740994,-0.00017600209325900618
0.51737500000000003,-0.010894775390625,-0.0096943109132835922,-0.0012004644773414078
0.51749999999999996,0.000335693359375,-3.539952549261997e-05,0.00037109288486761999
0.517625,0.010223388671875,0.00961511763986388,0.00060827103201111996
0.51775000000000004,0.01861572265625,0.017788778317187746,0.00082694433906225356
0.51787499999999997,0.023193359375,0.023243316107735813,-4.9956732735813303e-05
0.51800000000000002,0.02471923828125,0.02515146347157985,-0.00043222519032985046
0.51812499999999995,0.023468017578125,0.023226417423997017,0.00024160015412798275
0.51824999999999999,0.0167236328125,0.01776493985766138,-0.0010413070451613798
0.51837500000000003,0.01025390625,0.0096016165852511864,0.00065228966474881363
0.51849999999999996,0.00067138671875,-1.8675789219401152e-05,0.0006900625079694011
0.518625,-0.010162353515625,-0.009630607215365657,-0.00053174630025934304
0.51875000000000004,-0.01837158203125,-0.017771586792192564,-0.00059999523905743604
0.51887499999999998,-0.023162841796875,-0.023204315128688979,4.1473331813979275e-05
0.51900000000000002,-0.02740478515625,-0.025104832436541092,-0.002299952719708908
0.51912499999999995,-0.02301025390625,-0.023187482563630863,0.00017722865738086305
0.51924999999999999,-0.016448974609375,-0.017747840971719813,0.0012988663623448131
0.51937500000000003,-0.0078125,-0.0096171566480551061,0.0018046566480551061
0.51949999999999996,-0.001739501953125,-3.5328877354803247e-05,-0.0017041730757701968
0.519625,0.009246826171875,0.0095381710872532895,-0.00029134491537828947
0.51975000000000005,0.01788330078125,0.017646600233838142,0.00023670054741185831
0.51987499999999998,0.024871826171875,0.023057606319322407,0.0018142198525525934
0.52000000000000002,0.025909423828125,0.024950524081275804,0.00095889974684919624
0.52012499999999995,0.022064208984375,0.023040839614369483,-0.00097663062999448283
0.52024999999999999,0.01654052734375,0.017622946692710709,-0.0010824193489607087
0.52037500000000003,0.007904052734375,0.0095247708193487417,-0.0016207180849737417
0.52049999999999996,0.000244140625,-1.8746139761913312e-05,0.00026288676476191329
0.520625,-0.010650634765625,-0.0095539683036461771,-0.0010966664619788229
0.52075000000000005,-0.016265869140625,-0.017629977167780565,0.0013641080271555653
0.52087499999999998,-0.022552490234375,-0.023019347856624212,0.00046685762224921157
0.52100000000000002,-0.024810791015625,-0.024904696460771127,9.3905445146126587e-05
0.52112499999999995,-0.024688720703125,-0.023002646754210616,-0.0016860739489143843
0.52124999999999999,-0.016571044921875,-0.017606415547689665,0.0010353706258146647
0.52137500000000003,-0.00994873046875,-0.0095406181479521564,-0.00040811232079784356
0.52149999999999996,0.000732421875,-3.525882315440953e-05,0.00076768069815440958
0.52162500000000001,0.009857177734375,0.0094618385864397355,0.00039533914793526449
0.52175000000000005,0.017425537109375,0.017505556795539116,-8.0019686164115728e-05
0.52187499999999998,0.021881103515625,0.022873378594830469,-0.00099227507920546937
0.52200000000000002,0.0235595703125,0.024751188307753302,-0.0011916179952533024
0.52212499999999995,0.02435302734375,0.022856742838398232,0.0014962845053517679
0.52224999999999999,0.01739501953125,0.017482086739562006,-8.7067208312006233e-05
0.52237500000000003,0.01123046875,0.0094485383564509758,0.0017819303935490242
0.52249999999999996,-6.103515625e-05,-1.8815898865265638e-05,-4.2219257384734358e-05
0.52262500000000001,-0.008819580078125,-0.009477940988676237,0.00065836091055123704
0.52275000000000005,-0.016448974609375,-0.017489497651861162,0.001040523042486162
0.52287499999999998,-0.023040771484375,-0.022835856722799225,-0.00020491476157577515
0.52300000000000002,-0.0223388671875,-0.024706157690053143,0.0023672905025531425
0.52312499999999995,-0.022125244140625,-0.022819286056794258,0.00069404191616925792
0.52324999999999999,-0.01568603515625,-0.017466118804463727,0.0017800836482137275
0.52337500000000003,-0.008819580078125,-0.009464690498575172,0.00064511042045017203
0.52349999999999997,0.000732421875,-3.5189357908240484e-05,0.00076761123290824051
0.52362500000000001,0.009918212890625,0.0093861152371464036,0.00053209765347859636
0.52375000000000005,0.0164794921875,0.017365638947314865,-0.00088614675981486465
0.52387499999999998,0.022674560546875,0.022690621106591227,-1.6060559716226525e-05
0.52400000000000002,0.02490234375,0.024553443353189201,0.00034890039681079871
0.52412499999999995,0.021881103515625,0.022674115276457314,-0.00079301176083231353
0.52424999999999999,0.017333984375,0.017342350954340325,-8.3665793403249478e-06
0.52437500000000004,0.008575439453125,0.0093729143018084111,-0.00079747484868341115
0.52449999999999997,0.0001220703125,-1.8885071491701305e-05,0.00014095538399170129
0.52462500000000001,-0.010650634765625,-0.0094025203897734472,-0.0012481143758515528
0.52475000000000005,-0.01593017578125,-0.017350139225664279,0.0014199634444142795
0.52487499999999998,-0.02239990234375,-0.022653829946838611,0.00025392760308861131
0.52500000000000002,-0.025909423828125,-0.024509203377733435,-0.001400220450391565
0.52512499999999995,-0.0238037109375,-0.022637388699014549,-0.001166322238485451
0.52524999999999999,-0.018157958984375,-0.017326941734327812,-0.00083101725004718768
0.52537500000000004,-0.009185791015625,-0.0093893688247539565,0.00020357780912895647
0.52549999999999997,-0.00048828125,-3.5120476674852594e-05,-0.00045316077332514739
0.52562500000000001,0.010009765625,0.0093109961782017869,0.00069876944679821314
0.52575000000000005,0.01739501953125,0.017226837706452301,0.00016818182479769878
0.52587499999999998,0.0223388671875,0.022509322121331346,-0.00017045493383134602
0.52600000000000002,0.02484130859375,0.024357276521894639,0.00048403207185536076
0.52612499999999995,0.0216064453125,0.022492945203244942,-0.00088649989074494201
0.52625,0.01702880859375,0.017203730365339721,-0.00017492177158972069
0.52637500000000004,0.010101318359375,0.0092978937997415436,0.00080342455963345639
0.52649999999999997,-0.00201416015625,-1.8953662553584489e-05,-0.0019952064936964156
0.52662500000000001,-0.0093994140625,-0.0093277016651940811,-7.1712397305918885e-05
0.52675000000000005,-0.01885986328125,-0.017211892942385759,-0.0016479703388642408
0.52687499999999998,-0.022430419921875,-0.022473255842379612,4.2835920504611519e-05
0.52700000000000002,-0.0235595703125,-0.024313820878884233,0.00075425056638423263
0.52712499999999995,-0.023345947265625,-0.022456943002451248,-0.00088900426317375242
0.52725,-0.016693115234375,-0.017188875401448138,0.00049576016707313791
0.52737500000000004,-0.010284423828125,-0.0093146482902165574,-0.00096977553790844259
0.52749999999999997,-0.000335693359375,-3.5052174562474287e-05,-0.00030064118481252573
0.52762500000000001,0.009796142578125,0.0092364765872199935,0.00055966599090500647
0.52775000000000005,0.017578125,0.017089144161918531,0.00048898083808146878
0.52787499999999998,0.024322509765625,0.022329469999410014,0.0019930397662149858
0.52800000000000002,0.024932861328125,0.024162675219499965,0.00077018610862503514
0.52812499999999996,0.0203857421875,0.02231322098703924,-0.0019274787995392402
0.52825,0.016571044921875,0.017066216072463017,-0.00049517115058801686
0.52837500000000004,0.008575439453125,0.009223472033323795,-0.00064803258019879503
0.52849999999999997,0.00140380859375,-1.9021676930546976e-05,0.0014228302706805469
0.52862500000000001,-0.0087890625,-0.0092534800118404016,0.00046441751184040161
0.52875000000000005,-0.01739501953125,-0.017074749926626883,-0.00032026960462311696
0.52887499999999998,-0.022186279296875,-0.022294122816325,0.0001078435194500002
0.52900000000000003,-0.0228271484375,-0.024119997649491878,0.0012928492119918776
0.52912499999999996,-0.02130126953125,-0.022277937381889872,0.00097666785063987155
0.52925,-0.01654052734375,-0.017051910941313402,0.00051138359756340221
0.52937500000000004,-0.008758544921875,-0.0092405240972993335,0.00048197917542433348
0.52949999999999997,-0.000335693359375,-3.4984446711927895e-05,-0.00030070891266307208
0.52962500000000001,0.008758544921875,0.0091625516803066007,-0.00040400675843160067
0.52975000000000005,0.017974853515625,0.016952549473800625,0.0010223040418243755
0.52987499999999998,0.023223876953125,0.02215105319408546,0.0010728237590395401
0.53000000000000003,0.024566650390625,0.023969626952146179,0.00059702343847882131
0.53012499999999996,0.02264404296875,0.022134931088943981,0.0005091118798060193
0.53025,0.01715087890625,0.016929799246636637,0.00022107965961336296
0.53037500000000004,0.0096435546875,0.0091496442240671869,0.00049391046343281314
0.53049999999999997,0.000732421875,-1.9089119458608986e-05,0.00075151099445860893
0.53062500000000001,-0.00982666015625,-0.0091798506649419676,-0.00064680949130803238
0.53075000000000006,-0.018890380859375,-0.016938701373816634,-0.0019516794855583657
0.53087499999999999,-0.02105712890625,-0.022116419368090428,0.0010592904618404279
0.53100000000000003,-0.02313232421875,-0.023927721245651453,0.00079539702690145306
0.53112499999999996,-0.020751953125,-0.022100360344570434,0.0013484072195704341
0.53125,-0.016937255859375,-0.016916039560151905,-2.1216299223095203e-05
0.53137500000000004,-0.00921630859375,-0.0091669914866209755,-4.9317107129024512e-05
0.53149999999999997,0.001861572265625,-3.491728830746541e-05,0.0018964895539324653
0.53162500000000001,0.00909423828125,0.0090892167117412534,5.0215695087466039e-06
0.53174999999999994,0.017303466796875,0.016817044872726328,0.00048642192414867155
0.53187499999999999,0.02423095703125,0.021974060250754591,0.0022568967804954092
0.53200000000000003,0.024932861328125,0.023778119325682717,0.0011547420024422828
0.53212499999999996,0.021697998046875,0.021958064062152033,-0.00026006601527703288
0.53225,0.0162353515625,0.016794471129251549,-0.00055911956675154875
0.53237500000000004,0.009796142578125,0.0090764056316232269,0.00071973694650177313
0.53249999999999997,-0.000701904296875,-1.9155994938732915e-05,-0.00068274830193626706
0.53262500000000002,-0.007659912109375,-0.0091068088977573243,0.0014468967883823243
0.53274999999999995,-0.01568603515625,-0.01680373854964462,0.0011177033933946201
0.53287499999999999,-0.02264404296875,-0.021940134088878668,-0.00070390887987133166
0.53300000000000003,-0.02252197265625,-0.023736979322767849,0.001215006666517849
0.53312499999999996,-0.01947021484375,-0.021924200489453857,0.0024539856457038572
0.53325,-0.0174560546875,-0.016781252534374763,-0.00067480215312523684
0.53337500000000004,-0.00958251953125,-0.009094045736787142,-0.00048847379446285803
0.53349999999999997,-0.00103759765625,-3.4850694568249005e-05,-0.001002746961681751
0.53362500000000002,0.0084228515625,0.0090164669736805345,-0.00059361541118053453
0.53374999999999995,0.0162353515625,0.01668262165931839,-0.00044727009681838972
0.53387499999999999,0.0218505859375,0.02179847980623555,5.2106131264450378e-05
0.53400000000000003,0.0206298828125,0.023588140044871794,-0.0029582572323717943
0.53412499999999996,0.021514892578125,0.021782608551209344,-0.00026771597308434397
0.53425,0.018402099609375,0.016660223031599,0.0017418765777760005
0.53437500000000004,0.00933837890625,0.0090037515534759499,0.00033462735277405009
0.53449999999999998,0.001312255859375,-1.9222308115510719e-05,0.0013314781674905107
0.53462500000000002,-0.0091552734375,-0.0090343500212505656,-0.00012092341624943444
0.53474999999999995,-0.01666259765625,-0.016669852789515608,7.2551332656080325e-06
0.53487499999999999,-0.020782470703125,-0.021765255660938745,0.00098278495781374542
0.53500000000000003,-0.0244140625,-0.023547759634763247,-0.00086630286523675312
0.53512499999999996,-0.02301025390625,-0.021749446506486813,-0.001260807399763187
0.53525,-0.0172119140625,-0.016647541210013866,-0.00056437285248613425
0.53537500000000005,-0.010040283203125,-0.0090216821640847628,-0.0010186010390402372
0.53549999999999998,0.00018310546875,-3.4784660769578516e-05,0.00021789012951957851
0.53562500000000002,0.009857177734375,0.0089442977958358282,0.00091287993853917185
0.53574999999999995,0.016387939453125,0.016549271203613054,-0.00016133175048805432
0.53587499999999999,0.021148681640625,0.02162430058802868,-0.00047561894740368038
0.53600000000000003,0.0230712890625,0.023399676912598994,-0.0003283878500989941
0.53612499999999996,0.022918701171875,0.021608553291283864,0.0013101478805911358
0.53625,0.01495361328125,0.016527046334308872,-0.0015734330530588723
0.53637500000000005,0.008544921875,0.0089316773246350782,-0.00038675544963507821
0.53649999999999998,-0.001800537109375,-1.9288063710039508e-05,-0.0017812490456649605
0.53662500000000002,-0.008453369140625,-0.0089624693838203841,0.00050910024319538415
0.53674999999999995,-0.0162353515625,-0.016537035497970295,0.00030168393547029548
0.53687499999999999,-0.022125244140625,-0.021591772856841395,-0.00053347128378360489
0.53700000000000003,-0.02252197265625,-0.023360050033290853,0.00083807737704085297
0.53712499999999996,-0.020721435546875,-0.02157608717588385,0.00085465162900884989
0.53725000000000001,-0.017333984375,-0.016514897002162521,-0.00081908737283747923
0.53737500000000005,-0.00927734375,-0.0089498961221763963,-0.00032744762782360368
0.53749999999999998,-0.000335693359375,-3.4719182210147304e-05,-0.00030097417716485269
0.53762500000000002,0.007843017578125,0.0088727045452034452,-0.0010296869670784452
0.53774999999999995,0.01727294921875,0.016416984944521353,0.00085596427422864746
0.53787499999999999,0.019378662109375,0.021451511413594936,-0.0020728493042199356
0.53800000000000003,0.02557373046875,0.023212717829090183,0.0023610126396598173
0.53812499999999996,0.021636962890625,0.021435887107450466,0.00020107578317453412
0.53825000000000001,0.0157470703125,0.01639493248681136,-0.00064786217431135953
0.53837500000000005,0.00958251953125,0.0088601783173561672,0.00072234121389383281
0.53849999999999998,-0.00067138671875,-1.9353266398516381e-05,-0.00065203345235148363
0.53862500000000002,-0.00872802734375,-0.008891162370981363,0.00016313502723136301
0.53874999999999995,-0.015228271484375,-0.016405278148152555,0.001177006663777555
0.53887499999999999,-0.020538330078125,-0.021419674538758291,0.00088134446063329111
0.53900000000000003,-0.02392578125,-0.023173838466954977,-0.00075194278304502316
0.53912499999999997,-0.0211181640625,-0.02140411136739466,0.0002859473048946598
0.53925000000000001,-0.01715087890625,-0.016383311394439243,-0.00076756751181075722
0.53937500000000005,-0.01019287109375,-0.0088786830018215204,-0.0013141880919284796
0.53949999999999998,-6.103515625e-05,-3.4654254233361933e-05,-2.6380902016638067e-05
0.53962500000000002,0.009765625,0.008801682625747197,0.00096394237425280298
0.53974999999999995,0.016387939453125,0.016285754389279389,0.00010218506384561052
0.53987499999999999,0.02081298828125,0.021280101189639952,-0.00046711290838995223
0.54000000000000004,0.02374267578125,0.023027250791134653,0.00071542499011534658
0.54012499999999997,0.021759033203125,0.021264598913961194,0.00049443428916380594
0.54025000000000001,0.017578125,0.016263873006765333,0.001314251993234667
0.54037500000000005,0.0069580078125,0.0087892499408138876,-0.0018312421283138876
0.54049999999999998,0.000335693359375,-1.9417920818013115e-05,0.00035511128019301313
0.54062500000000002,-0.009735107421875,-0.0088204244050727795,-0.00091468301680222054
0.54074999999999995,-0.016143798828125,-0.016274572281243217,0.00013077345311821725
0.54087499999999999,-0.02105712890625,-0.021248949657748966,0.00019182075149896602
0.54100000000000004,-0.022552490234375,-0.022989112980537282,0.00043662274616228236
0.54112499999999997,-0.022796630859375,-0.021233508039597761,-0.0015631228197772393
0.54125000000000001,-0.01556396484375,-0.01625277593841842,0.00068881109466841992
0.54137500000000005,-0.0107421875,-0.008808038230551091,-0.001934149269448909
0.54149999999999998,0.000335693359375,-3.4589872221590611e-05,0.0003702832315965906
0.54162500000000002,0.009613037109375,0.0087312274781083526,0.00088180963126664735
0.54174999999999995,0.016693115234375,0.016155571112888199,0.0005375441214868007
0.541875,0.021484375,0.021110058911393774,0.00037431608860622606
0.54200000000000004,0.022430419921875,0.022843263891314552,-0.00041284396943955248
0.54212499999999997,0.020782470703125,0.021094677713541746,-0.0003122070104167457
0.54225000000000001,0.01715087890625,0.016133859479528855,0.0010170194267211455
0.54237500000000005,0.0089111328125,0.0087188876408270007,0.00019224517167299934
0.54249999999999998,-0.000274658203125,-1.9482031571992542e-05,-0.00025517617155300745
0.54262500000000002,-0.006500244140625,-0.0087502509449647256,0.0022500068043397256
0.54274999999999995,-0.0146484375,-0.01614490950593948,0.0014964720059394802
0.542875,-0.020843505859375,-0.021079587253043416,0.00023608139366841641
0.54300000000000004,-0.023223876953125,-0.022805861714229238,-0.00041801523889576156
0.54312499999999997,-0.021942138671875,-0.021064266239189507,-0.00087787243268549336
0.54325000000000001,-0.015899658203125,-0.016123282253102948,0.00022362404997794752
0.54337500000000005,-0.00897216796875,-0.0087379572723936573,-0.0002342106963563427
0.54349999999999998,-0.0001220703125,-3.4526031590668945e-05,-8.7544280909331062e-05
0.54362500000000002,0.009185791015625,0.0086613345793177306,0.00052445643630726936
0.54374999999999996,0.01531982421875,0.016026426757595233,-0.00070660253884523294
0.543875,0.022491455078125,0.020941373661916469,0.0015500814162085312
0.54400000000000004,0.0238037109375,0.022660745317240334,0.0011429656202596658
0.54412499999999997,0.021026611328125,0.020926112596683331,0.0001004987314416686
0.54425000000000001,0.01617431640625,0.016004883557615122,0.00016943284863487826
0.54437500000000005,0.00860595703125,0.0086490868995610214,-4.3129868311021433e-05
0.54449999999999998,-0.002166748046875,-1.954560320983226e-05,-0.0021472024436651679
0.54462500000000003,-0.010162353515625,-0.0086806374857713552,-0.0014817160298536448
0.54474999999999996,-0.0152587890625,-0.016016281497901193,0.00075749243540119277
0.544875,-0.020751953125,-0.020911576451350493,0.00015962332635049287
0.54500000000000004,-0.020843505859375,-0.022624072902870686,0.0017805670434956865
0.54512499999999997,-0.020782470703125,-0.020896375100280862,0.00011390439715586176
0.54525000000000001,-0.01641845703125,-0.015994822024382356,-0.00042363500686764394
0.54537500000000005,-0.008941650390625,-0.0086684356275791748,-0.00027321476304582523
0.54549999999999998,-0.00054931640625,-3.4462727810294396e-05,-0.00051485367843970558
0.54562500000000003,0.00732421875,0.0085919994424861947,-0.0012677806924861947
0.54574999999999996,0.01654052734375,0.015898313032342858,0.00064221431140714172
0.545875,0.021270751953125,0.020774034611389144,0.00049671734173585558
0.54600000000000004,0.022216796875,0.022479683350792395,-0.00026288647579239544
0.54612499999999997,0.019500732421875,0.020758892740940303,-0.0012581603190653032
0.54625000000000001,0.015350341796875,0.015876936960156532,-0.00052659516328153189
0.54637500000000006,0.007781982421875,0.0085798432352381208,-0.00079786081336312084
0.54649999999999999,-0.00140380859375,-1.9608640258408637e-05,-0.0013841999534915913
0.54662500000000003,-0.0076904296875,-0.0086115795585426144,0.00092114987104261435
0.54674999999999996,-0.016448974609375,-0.015888679999220168,-0.00056029461015483228
0.546875,-0.022308349609375,-0.02074490646615175,-0.0015634431432232504
0.54700000000000004,-0.02288818359375,-0.022443734875194535,-0.00044444871855546519
0.54712499999999997,-0.020843505859375,-0.020729823843697818,-0.00011368201567718214
0.54725000000000001,-0.017578125,-0.015867387004495401,-0.0017107379955045993
0.54737499999999994,-0.009857177734375,-0.0085994688322547832,-0.0012577089021202168
0.54749999999999999,0.00048828125,-3.4399956372568616e-05,0.00052268120637256866
0.54762500000000003,0.009674072265625,0.0085232176165453734,0.0011508546490796266
0.54774999999999996,0.0159912109375,0.015771221712239811,0.00021998922526018927
0.547875,0.021575927734375,0.020608031016420655,0.00096789671795434462
0.54800000000000004,0.022705078125,0.022300066367368778,0.00040501175763122191
0.54812499999999997,0.021728515625,0.020593007410243148,0.0011355082147568515
0.54825000000000002,0.016845703125,0.015750011472369436,0.0010956916526305635
0.54837499999999995,0.00830078125,0.0085111522018540414,-0.00021037095185404142
0.54849999999999999,-0.000579833984375,-1.9671147201531687e-05,-0.00056016283717346836
0.54862500000000003,-0.008392333984375,-0.0085430727300059971,0.00015073874563099714
0.54874999999999996,-0.01739501953125,-0.015762096817890047,-0.0016329227133599529
0.548875,-0.020111083984375,-0.020579566597010941,0.00046848261263594121
0.54900000000000004,-0.022216796875,-0.022264836053077351,4.8039178077351197e-05
0.54912499999999997,-0.021148681640625,-0.020564601776297157,-0.00058407986432784317
0.54925000000000002,-0.016082763671875,-0.015740969011514946,-0.00034179466036005426
0.54937499999999995,-0.0076904296875,-0.0085310524581793529,0.00084062277067935287
0.54949999999999999,-3.0517578125e-05,-3.4337712812480442e-05,3.8201346874804415e-06
0.54962500000000003,0.0078125,0.0084549846859427024,-0.0006424846859427024
0.54974999999999996,0.0140380859375,0.01564514463803672,-0.0016070587005367204
0.549875,0.021087646484375,0.020443352219357926,0.00064429426501707437
0.55000000000000004,0.021331787109375,0.022121882835138797,-0.00079009572576379736
0.55012499999999998,0.02069091796875,0.020428445954197429,0.00026247201455257066
0.55025000000000002,0.0147705078125,0.015624098945041057,-0.00085359113254105702
0.55037499999999995,0.008148193359375,0.0084430093888738528,-0.00029481602949885284
0.55049999999999999,-0.000457763671875,-1.9733128485492403e-05,-0.0004380305433895076
0.55062500000000003,-0.00970458984375,-0.0084751126022628125,-0.0012294772414871875
0.55074999999999996,-0.0157470703125,-0.015636523827283914,-0.00011054648521608562
0.550875,-0.019195556640625,-0.020415546228888991,0.0012199895882639908
0.55100000000000005,-0.021697998046875,-0.022087364950796103,0.00038936690392110326
0.55112499999999998,-0.020050048828125,-0.020400698290268162,0.00035064946214316203
0.55125000000000002,-0.014739990234375,-0.015615559928800978,0.00087556969442597818
0.55137499999999995,-0.00836181640625,-0.0084631821124674777,0.00010136570621747769
0.55149999999999999,0.001129150390625,-3.4275992702380726e-05,0.0011634263833273806
0.55162500000000003,0.00689697265625,0.008387296270362778,-0.001490323614112778
0.55174999999999996,0.016357421875,0.015520073715588003,0.0008373481594119974
0.551875,0.01898193359375,0.020279987647603574,-0.0012980540538535743
0.55200000000000005,0.021026611328125,0.02194512131430269,-0.0009185099861776895
0.55212499999999998,0.02069091796875,0.020265197807407858,0.000425720161342142
0.55225000000000002,0.015533447265625,0.015499191293984676,3.4255971640324151e-05
0.55237499999999995,0.010162353515625,0.0083754104209769892,0.0017869430946480108
0.55249999999999999,0.000335693359375,-1.9794588519376048e-05,0.00035548794789437603
0.55262500000000003,-0.00860595703125,-0.0084076948125106476,-0.00019826221873935242
0.55274999999999996,-0.01507568359375,-0.015511952965618355,0.0004362693718683551
0.55287500000000001,-0.01947021484375,-0.020252834831454774,0.0007826199877047739
0.55300000000000005,-0.0216064453125,-0.0219113101742907,0.00030486486179069974
0.55312499999999998,-0.020294189453125,-0.020238102862459421,-5.6086590665579278e-05
0.55325000000000002,-0.0159912109375,-0.015491151704493927,-0.00050005923300607338
0.55337499999999995,-0.00823974609375,-0.0083958534372838949,0.00015610734353389485
0.55349999999999999,0.0008544921875,-3.4214791646704456e-05,0.00088870697914670443
0.55362500000000003,0.006683349609375,0.0083201480244461633,-0.0016367984150711633
0.55374999999999996,0.01513671875,0.015396000915353689,-0.00025928216535368864
0.55387500000000001,0.01959228515625,0.020117926812929499,-0.00052564165667949928
0.55400000000000005,0.0224609375,0.021769770456357165,0.00069116704364283535
0.55412499999999998,0.02069091796875,0.020103252488797983,0.00058766547995201673
0.55425000000000002,0.0150146484375,0.015375280499535045,-0.00036063206203504512
0.55437499999999995,0.008026123046875,0.0083083509577528813,-0.00028222791087788128
0.55449999999999999,0.000640869140625,-1.9855531680318918e-05,0.00066072467230531896
0.55462500000000003,-0.01123046875,-0.008340815032767861,-0.002889653717232139
0.55474999999999997,-0.015472412109375,-0.015388376235457236,-8.4035873917764209e-05
0.55487500000000001,-0.01934814453125,-0.020091421958420626,0.00074327742717062578
0.55500000000000005,-0.02374267578125,-0.021736660420432485,-0.0020060153608175146
0.55512499999999998,-0.019073486328125,-0.020076805053701213,0.0010033187255762133
0.55525000000000002,-0.01593017578125,-0.015367736350994114,-0.00056243943025588612
0.55537499999999995,-0.008026123046875,-0.0083290621095868256,0.00030293906271182565
0.55549999999999999,-0.0001220703125,-3.4154105301564836e-05,-8.791620719843517e-05
0.55562500000000004,0.00701904296875,0.008253535637514962,-0.001234492668764962
0.55574999999999997,0.01495361328125,0.015272918271869591,-0.00031930499061959099
0.55587500000000001,0.01898193359375,0.019957159310815022,-0.00097522571706502165
0.55600000000000005,0.021759033203125,0.021595819003366767,0.00016321419975823259
0.55612499999999998,0.019744873046875,0.019942599600937277,-0.00019772655406227746
0.55625000000000002,0.015777587890625,0.015252358606029828,0.0005252292845951724
0.55637499999999995,0.009063720703125,0.0082418266934453244,0.00082189400967967556
0.55649999999999999,0.001220703125,-1.9915962293992532e-05,0.0012406190872939924
0.55662500000000004,-0.00860595703125,-0.0082744689695774289,-0.00033148806167257114
0.55674999999999997,-0.015625,-0.015265785703184036,-0.00035921429681596423
0.55687500000000001,-0.021148681640625,-0.019931297246863947,-0.0012173843937610535
0.55700000000000005,-0.02197265625,-0.021563404476298526,-0.00040925177370147378
0.55712499999999998,-0.019317626953125,-0.019916794508133436,0.00059916755500843619
0.55725000000000002,-0.01470947265625,-0.01524530594444887,0.00053583328819887047
0.55737499999999995,-0.0079345703125,-0.0082628038408227543,0.00032823352832275429
0.5575,-0.000885009765625,-3.4093929344531547e-05,-0.00085091583628046843
0.55762500000000004,0.0078125,0.008187454833277874,-0.00037495483327787404
0.55774999999999997,0.01318359375,0.015150817883239499,-0.0019672241332394994
0.55787500000000001,0.02008056640625,0.019797674819771228,0.00028289158647877219
0.55800000000000005,0.02203369140625,0.021423255787241136,0.00061043561900886445
0.55812499999999998,0.02044677734375,0.019783228829371714,0.00066354851437828641
0.55825000000000002,0.01513671875,0.015130417721295404,6.3010287045962149e-06
0.55837499999999995,0.00970458984375,0.0081758333566484646,0.0015287564871015354
0.5585,0.000213623046875,-1.9975884664704473e-05,0.00023359893153970449
0.55862500000000004,-0.007843017578125,-0.0082086523637588359,0.00036563478563383586
0.55874999999999997,-0.01422119140625,-0.015144173498496042,0.00092298209224604168
0.55887500000000001,-0.019287109375,-0.019772450416563839,0.00048534104156383942
0.55900000000000005,-0.019622802734375,-0.021391531218451759,0.0017687284840767585
0.55912499999999998,-0.01922607421875,-0.019758060952548225,0.00053198673379822523
0.55925000000000002,-0.016021728515625,-0.015123852624240387,-0.00089787589138461306
0.55937499999999996,-0.008819580078125,-0.0081970743766695171,-0.00062250570145548287
0.5595,0.000946044921875,-3.4034259494309849e-05,0.00098007918136930978
0.55962500000000004,0.00836181640625,0.0081219013695830629,0.00023991503666693711
0.55974999999999997,0.013458251953125,0.015029691910627904,-0.0015714399575029042
0.55987500000000001,0.018768310546875,0.019639463100680227,-0.00087115255380522741
0.56000000000000005,0.02020263671875,0.021252069729017959,-0.001049433010267959
0.56012499999999998,0.02020263671875,0.019625129941969032,0.00057750677678096787
0.56025000000000003,0.01531982421875,0.015009450016153936,0.0003103742025960636
0.56037499999999996,0.009063720703125,0.0081103667100509425,0.00095335399307405755
0.5605,-0.00079345703125,-2.0035303055797929e-05,-0.00077342172819420203
0.56062500000000004,-0.009002685546875,-0.0081433609901162794,-0.00085932455675872058
0.56074999999999997,-0.014862060546875,-0.015023531813902527,0.00016147126702752666
0.56087500000000001,-0.018768310546875,-0.019614871269342929,0.00084656072246792891
0.56100000000000005,-0.022064208984375,-0.02122102961222681,-0.00084317937214819019
0.56112499999999998,-0.019805908203125,-0.019600594195719065,-0.00020531400740593508
0.56125000000000003,-0.015411376953125,-0.015003368592494763,-0.00040800836063023711
0.56137499999999996,-0.0096435546875,-0.008131869496758537,-0.001511685190741463
0.5615,-0.00042724609375,-3.3975091505433018e-05,-0.000393271002244567
0.56162500000000004,0.00799560546875,0.0080568710381275291,-6.1265569377529083e-05
0.56174999999999997,0.01373291015625,0.014909532577760103,-0.0011766224215101033
0.56187500000000001,0.02069091796875,0.019482513996139636,0.001208403972610364
0.56200000000000006,0.022125244140625,0.021082249838151681,0.0010429943024733192
0.56212499999999999,0.018890380859375,0.019468292788250567,-0.00057791192887556714
0.56225000000000003,0.015716552734375,0.014889447723899956,0.0008271050104750443
0.56237499999999996,0.00885009765625,0.0080454225501592064,0.00080467510609079362
0.5625,6.103515625e-05,-2.0094221694937975e-05,8.1129377944937975e-05
0.56262500000000004,-0.007781982421875,-0.0080785906571720183,0.00029660823529701827
0.56274999999999997,-0.014007568359375,-0.014903852904209801,0.0008962845448348012
0.56287500000000001,-0.017730712890625,-0.019458549688405248,0.0017278367977802481
0.56299999999999994,-0.0213623046875,-0.021051888711021545,-0.00031041597647845504
0.56312499999999999,-0.01824951171875,-0.01944438412775407,0.0011948724090040698
0.56325000000000003,-0.01361083984375,-0.014883846113560676,0.0012730062698106757
0.56337499999999996,-0.008087158203125,-0.0080671850144038212,-1.9973188721178828e-05
0.5635,-0.00079345703125,-3.391642116796314e-05,-0.00075954061008203682
0.56362500000000004,0.008758544921875,0.0079923596641915257,0.00076618525768347434
0.56374999999999997,0.0146484375,0.014790332170409398,-0.00014189467040939818
0.56387500000000002,0.018707275390625,0.019326817429803082,-0.00061954203917808162
0.56399999999999995,0.020904541015625,0.020913785211807898,-9.2441961828983177e-06
0.56412499999999999,0.01861572265625,0.019312707298747036,-0.00069698464249703593
0.56425000000000003,0.016204833984375,0.014770403139815563,0.0014344308445594367
0.56437499999999996,0.00634765625,0.0079809967070232374,-0.0016333404570232374
0.5645,-0.001312255859375,-2.0152644779161401e-05,-0.0012921032145958387
0.56462500000000004,-0.007568359375,-0.0080143372068973082,0.00044597783189730816
0.56474999999999997,-0.01422119140625,-0.014785129086044549,0.00056393767979454924
0.56487500000000002,-0.020477294921875,-0.019303475637697833,-0.0011738192841771675
0.56499999999999995,-0.021759033203125,-0.020884097655594267,-0.00087493554753073285
0.56512499999999999,-0.01922607421875,-0.01928942071944496,6.3346500694960034e-05
0.56525000000000003,-0.01385498046875,-0.014765277513526527,0.00091029704477652712
0.56537499999999996,-0.008331298828125,-0.0080030167763287877,-0.00032828205179621234
0.5655,0.000335693359375,-3.3858244302461548e-05,0.00036955160367746156
0.56562500000000004,0.00665283203125,0.0079283631063749426,-0.0012755310751249426
0.56574999999999998,0.013458251953125,0.014672083035922257,-0.0012138310827972572
0.56587500000000002,0.019744873046875,0.019172363405744366,0.00057250964113063352
0.56599999999999995,0.022705078125,0.02074666503416334,0.0019584130908366602
0.56612499999999999,0.021575927734375,0.019158363484350186,0.0024175642500248139
0.56625000000000003,0.0137939453125,0.014652308620672284,-0.00085836330817228371
0.56637499999999996,0.008270263671875,0.0079170850439863865,0.0003531786278886135
0.5665,0.000244140625,-2.0210576456126782e-05,0.00026435120145612675
0.56662500000000005,-0.00775146484375,-0.0079505965144498099,0.00019913167069980989
0.56674999999999998,-0.01397705078125,-0.01466735273734681,0.00069030195609681017
0.56687500000000002,-0.0189208984375,-0.019149639161258971,0.000228740723758971
0.56699999999999995,-0.0201416015625,-0.020717645673366557,0.00057604411086655677
0.56712499999999999,-0.02001953125,-0.01913569402162317,-0.00088383722837682976
0.56725000000000003,-0.016143798828125,-0.014647655179724278,-0.0014961436484007221
0.56737499999999996,-0.00799560546875,-0.0079393606624171015,-5.6244806332898453e-05
0.5675,0.001190185546875,-3.3800556778663859e-05,0.0012239861036536638
0.56762500000000005,0.008575439453125,0.0078648772563139069,0.00071056219681109312
0.56774999999999998,0.0133056640625,0.014554777582713386,-0.0012491135202133859
0.56787500000000002,0.018707275390625,0.019019142007808323,-0.00031186661718332273
0.56799999999999995,0.01788330078125,0.020580878575711503,-0.0026975777944615031
0.56812499999999999,0.02099609375,0.019005251435669668,0.0019908423143303322
0.56825000000000003,0.013763427734375,0.014535156584237024,-0.00077172884986202381
0.56837499999999996,0.006927490234375,0.0078536834573933265,-0.00092619322301832653
0.56850000000000001,0.00152587890625,-2.0268020853032703e-05,0.0015461469271030328
0.56862500000000005,-0.009735107421875,-0.0078873644878913497,-0.0018477429339836503
0.56874999999999998,-0.014556884765625,-0.014550516296884102,-6.3684687408981783e-06
0.56887500000000002,-0.01910400390625,-0.018997030382580875,-0.00010697352366912521
0.56899999999999995,-0.02056884765625,-0.020552522077731616,-1.6325578518383566e-05
0.56912499999999999,-0.018402099609375,-0.018983194164519313,0.00058109455514431321
0.56925000000000003,-0.015838623046875,-0.014530971560237393,-0.0013076514866376069
0.56937499999999996,-0.008270263671875,-0.0078762125854217983,-0.00039405108645320167
0.56950000000000001,0.001312255859375,-3.3743354486677383e-05,0.0013459992138616773
0.56962500000000005,0.00836181640625,0.007801898038443382,0.00055991836780661802
0.56974999999999998,0.01446533203125,0.014438408279781746,2.692375146825382e-05
0.56987500000000002,0.01690673828125,0.018867143398976015,-0.0019604051177260148
0.56999999999999995,0.020263671875,0.02041641519257378,-0.0001527433175737801
0.57012499999999999,0.017578125,0.018853361322403995,-0.0012752363224039949
0.57025000000000003,0.014495849609375,0.014418939508798502,7.6910100576497997e-05
0.57037499999999997,0.010040283203125,0.0077907878763442354,0.0022494953267807646
0.57050000000000001,0.00018310546875,-2.0324982057786482e-05,0.0002034304508077865
0.57062500000000005,-0.0096435546875,-0.0078246370679514576,-0.0018189176195485424
0.57074999999999998,-0.015045166015625,-0.014434612263765962,-0.00061055375185903836
0.57087500000000002,-0.01898193359375,-0.018845639503975588,-0.00013629408977441221
0.57099999999999995,-0.018524169921875,-0.020388716267368181,0.0018645463454931809
0.57112499999999999,-0.020355224609375,-0.018831911357136619,-0.0015233132522383813
0.57125000000000004,-0.015289306640625,-0.014415219163429161,-0.00087408747719583922
0.57137499999999997,-0.006805419921875,-0.0078135684907204381,0.0010081485688454381
0.57150000000000001,-0.001495361328125,-3.3686633355737196e-05,-0.0014616746947692628
0.57162500000000005,0.00457763671875,0.0077394214097179399,-0.0031617846909679399
0.57174999999999998,0.014739990234375,0.014322967656230342,0.00041702257814465842
0.57187500000000002,0.0184326171875,0.01871635782073499,-0.00028374063323498983
0.57199999999999995,0.020416259765625,0.020253264325816086,0.00016299543980891409
0.57212499999999999,0.018890380859375,0.018702683392698604,0.000187697466676396
0.57225000000000004,0.014617919921875,0.014303649932664416,0.00031426998921058394
0.57237499999999997,0.007568359375,0.0077283942624289774,-0.0001600348874289774
0.57250000000000001,0.000640869140625,-2.0381464124082391e-05,0.00066125060474908235
0.57262500000000005,-0.00811767578125,-0.00776241022774925,-0.00035526555350075002
0.57274999999999998,-0.013092041015625,-0.014319633196965671,0.0012275921813406712
0.57287500000000002,-0.01898193359375,-0.018695456805947752,-0.00028647678780224783
0.57299999999999995,-0.0206298828125,-0.020226217725559881,-0.00040366508694011927
0.573125,-0.018096923828125,-0.018681835886611608,0.00058491205848660785
0.57325000000000004,-0.0137939453125,-0.014300390557441872,0.00050644524494187181
0.57337499999999997,-0.007598876953125,-0.0077514243560503661,0.00015254740292536609
0.57350000000000001,0.000396728515625,-3.3630389349148254e-05,0.00043035890497414823
0.57362500000000005,0.007293701171875,0.0076774433593566173,-0.00038374218748161732
0.57374999999999998,0.013702392578125,0.014208448300773504,-0.00050605572264850358
0.57387500000000002,0.017669677734375,0.018566775592445659,-0.00089709785807065914
0.57399999999999995,0.019683837890625,0.020091415500770968,-0.00040757761014596772
0.574125,0.018707275390625,0.018553207972526988,0.00015406741809801186
0.57425000000000004,0.014434814453125,0.014189280453695656,0.00024553399942934401
0.57437499999999997,0.0086669921875,0.007666498609467806,0.001000493578032194
0.57450000000000001,0.000457763671875,-2.0437471071687373e-05,0.00047820114294668735
0.57462500000000005,-0.007568359375,-0.0077006799725393097,0.00013232059753930971
0.57474999999999998,-0.013214111328125,-0.014205571714829491,0.00099146038670449091
0.57487500000000002,-0.01824951171875,-0.018546472646563499,0.00029696092781349853
0.57499999999999996,-0.01971435546875,-0.020065016019520047,0.00035066055077004679
0.575125,-0.01953125,-0.018532958117597666,-0.0009982918824023336
0.57525000000000004,-0.014617919921875,-0.014186478369732884,-0.00043144155214211617
0.57537499999999997,-0.00836181640625,-0.0076897761912462347,-0.00067204021500376528
0.57550000000000001,0.000518798828125,-3.3574618459453891e-05,0.00055237344658445387
0.57562500000000005,0.008026123046875,0.0076159599085896378,0.00041016313828536217
0.57574999999999998,0.0145263671875,0.014094842861280743,0.00043152432621925731
0.57587500000000003,0.019287109375,0.018418387110730444,0.00086872226426955648
0.57599999999999996,0.0208740234375,0.019930858326365097,0.00094316511113490265
0.576125,0.018798828125,0.018404925465067754,0.0003939026599322458
0.57625000000000004,0.013702392578125,0.014075823728827727,-0.0003734311507027268
0.57637499999999997,0.008514404296875,0.0076050969432499525,0.00090930735362504747
0.57650000000000001,-0.00048828125,-2.0493006891253198e-05,-0.0004677882431087468
0.57662500000000005,-0.008148193359375,-0.0076394423394594273,-0.00050875101991557266
0.57674999999999998,-0.01416015625,-0.014092420494622357,-6.7735755377643439e-05
0.57687500000000003,-0.01837158203125,-0.018398677460842078,2.7095429592078474e-05
0.57699999999999996,-0.020050048828125,-0.019905100799721891,-0.00014494802840310864
0.577125,-0.01849365234375,-0.018385268491644596,-0.00010838385210540369
0.57725000000000004,-0.01373291015625,-0.014073475286597985,0.00034056513034798515
0.57737499999999997,-0.0089111328125,-0.007628620038000666,-0.001282512774499334
0.57750000000000001,0.0003662109375,-3.3519316726377895e-05,0.0003997302542263779
0.57762500000000006,0.0072021484375,0.0075549671103861534,-0.00035281867288615345
0.57774999999999999,0.013641357421875,0.013982144044291619,-0.00034078662241661915
0.57787500000000003,0.017913818359375,0.018271182848850119,-0.00035736448947511906
0.57799999999999996,0.019012451171875,0.019771582494452131,-0.00075913132257713137
0.578125,0.0174560546875,0.018257826350088501,-0.00080177166258850116
0.57825000000000004,0.013946533203125,0.013963272473599287,-1.6739270474287055e-05
0.57837499999999997,0.006317138671875,0.0075441853212952206,-0.0012270466494202206
0.57850000000000001,-0.000213623046875,-2.0548075526446039e-05,-0.00019307497134855395
0.57862499999999994,-0.009002685546875,-0.0075786933972511288,-0.0014239921496238712
0.57874999999999999,-0.013702392578125,-0.013980172272044671,0.00027777969391967056
0.57887500000000003,-0.02008056640625,-0.018252061760134643,-0.0018285046461153573
0.57899999999999996,-0.021453857421875,-0.019746461799234078,-0.0017073956226409219
0.579125,-0.017333984375,-0.018238757526583254,0.00090477315158325397
0.57925000000000004,-0.01348876953125,-0.013961374052698622,0.00047260452144862186
0.57937499999999997,-0.009063720703125,-0.0075679519695847587,-0.0014957687335402413
0.57950000000000002,-0.000640869140625,-3.3464480209153627e-05,-0.00060740466041584633
0.57962499999999995,0.0086669921875,0.0074944610492178954,0.0011725311382821046
0.57974999999999999,0.01318359375,0.013870344614550792,-0.00068675086455079193
0.57987500000000003,0.0177001953125,0.018125153356093944,-0.00042495804359394401
0.57999999999999996,0.018585205078125,0.019613577779150914,-0.001028372701025914
0.580125,0.0169677734375,0.018111901183332866,-0.0011441277458328659
0.58025000000000004,0.013916015625,0.013851619461681302,6.4396163318698393e-05
0.58037499999999997,0.00762939453125,0.0074837598325756408,0.00014563469867435921
0.58050000000000002,0.000885009765625,-2.0602680901506724e-05,0.00090561244652650672
0.58062499999999995,-0.008636474609375,-0.0075184292460657529,-0.0011180453633092471
0.58074999999999999,-0.01495361328125,-0.013868819840769209,-0.0010847934404807913
0.58087500000000003,-0.0191650390625,-0.018106616131516887,-0.0010584229309831134
0.58099999999999996,-0.0196533203125,-0.019589088833061517,-6.4231479438483369e-05
0.581125,-0.017242431640625,-0.018093415815923622,0.00085098417529862191
0.58125000000000004,-0.014801025390625,-0.013850167470608779,-0.00095085792001622059
0.58137499999999998,-0.00653076171875,-0.0075077680906128885,0.00097700637186288845
0.58150000000000002,-0.000335693359375,-3.3410105004543926e-05,-0.0003022832543704561
0.58162499999999995,0.00640869140625,0.0074344378408281384,-0.0010257464345781384
0.58174999999999999,0.01409912109375,0.013759437394543496,0.00033968369920650381
0.58187500000000003,0.016876220703125,0.017980289257172936,-0.0011040685540479357
0.58199999999999996,0.01861572265625,0.019456834036188961,-0.00084111137993896079
0.582125,0.017669677734375,0.017967140595921024,-0.00029746286154602383
0.58225000000000005,0.01385498046875,0.013740857524425717,0.00011412294432428319
0.58237499999999998,0.007415771484375,0.0074238165972811817,-8.045112906181727e-06
0.58250000000000002,-0.000518798828125,-2.0656826903302772e-05,-0.00049814200122169725
0.58262499999999995,-0.00958251953125,-0.0074586460171513717,-0.0021238735140986283
0.58274999999999999,-0.01483154296875,-0.013758356051981606,-0.0010731869167683941
0.58287500000000003,-0.01812744140625,-0.017962331237186369,-0.00016511016906363071
0.58299999999999996,-0.019378662109375,-0.019432971797491486,5.4309688116486315e-05
0.583125,-0.018310546875,-0.01794923402824055,-0.0003613128467594498
0.58325000000000005,-0.01312255859375,-0.013739848400333793,0.00061728980658379284
0.58337499999999998,-0.0072021484375,-0.0074480645367883463,0.00024591609928834631
0.58350000000000002,6.103515625e-05,-3.3356187241982401e-05,9.4391343491982401e-05
0.58362499999999995,0.008148193359375,0.0073748936319203533,0.00077329972745464673
0.58374999999999999,0.013153076171875,0.013649415264037889,-0.00049633909216288859
0.58387500000000003,0.018096923828125,0.017836581251619649,0.00026034257650535061
0.58399999999999996,0.019256591796875,0.019301341202251153,-4.4749405376152962e-05
0.58412500000000001,0.01495361328125,0.017823535293737886,-0.0028699220124878862
0.58425000000000005,0.013824462890625,0.013630979550386193,0.00019348334023880712
0.58437499999999998,0.00738525390625,0.0073643517665664231,2.0902139683576931e-05
0.58450000000000002,0.000274658203125,-2.0710517386167665e-05,0.00029536872051116766
0.58462499999999995,-0.008697509765625,-0.0073993398726256657,-0.0012981698929993343
0.58474999999999999,-0.015655517578125,-0.013648773813908886,-0.0020067437642161141
0.58487500000000003,-0.017852783203125,-0.017819197813856269,-3.3585389268731003e-05
0.58499999999999996,-0.0208740234375,-0.019278100669444961,-0.0015959227680550393
0.58512500000000001,-0.018707275390625,-0.017806202906581539,-0.00090107248404346085
0.58525000000000005,-0.0142822265625,-0.013630409758864674,-0.00065181680363532619
0.58537499999999998,-0.0091552734375,-0.0073888374746511809,-0.0017664359628488191
0.58550000000000002,-0.00042724609375,-3.3302723083300559e-05,-0.00039394337066669943
0.58562499999999995,0.00579833984375,0.0073158245999688015,-0.0015174847562188015
0.58574999999999999,0.01458740234375,0.013540271159615438,0.0010471311841345615
0.58587500000000003,0.018280029296875,0.0176940201131843,0.00058600918369069999
0.58599999999999997,0.01824951171875,0.019147089294333668,-0.00089757757558366763
0.58612500000000001,0.018646240234375,0.017681076056843242,0.00096516417753175765
0.58625000000000005,0.013824462890625,0.013521978484874211,0.0003024844057507893
0.58637499999999998,0.009552001953125,0.0073053615222994084,0.0022466404308255916
0.58650000000000002,0.00048828125,-2.0763756176523529e-05,0.00050904500617652356
0.58662499999999995,-0.006378173828125,-0.0073405070052457791,0.00096233317712077909
0.58674999999999999,-0.0133056640625,-0.013540066091382971,0.00023440202888297054
0.58687500000000004,-0.01800537109375,-0.017677206672170858,-0.00032816442157914197
0.58699999999999997,-0.01873779296875,-0.019124465505833074,0.00038667253708307356
0.58712500000000001,-0.0181884765625,-0.017664313267870699,-0.00052416329462930122
0.58725000000000005,-0.013916015625,-0.013521844519720145,-0.00039417110527985473
0.58737499999999998,-0.00494384765625,-0.0073300831013482495,0.0023862354450982495
0.58750000000000002,0.000244140625,-3.3249708718123636e-05,0.00027739033371812364
0.58762499999999995,0.008453369140625,0.00725722695294831,0.00119614218767669
0.58774999999999999,0.01263427734375,0.013431998074236211,-0.00079772073048621148
0.58787500000000004,0.0159912109375,0.017552596689252603,-0.0015613857517526031
0.58799999999999997,0.019927978515625,0.018994068409103022,0.00093391010652197834
0.58812500000000001,0.017242431640625,0.017539753738878127,-0.00029732209825312703
0.58825000000000005,0.01324462890625,0.013413847329502954,-0.00016921842325295401
0.58837499999999998,0.007080078125,0.0072468420768325992,-0.00016676395183259918
0.58850000000000002,-0.00189208984375,-2.0816547055712022e-05,-0.001871273296694288
0.58862499999999995,-0.007537841796875,-0.0072821436381474754,-0.00025569815872752456
0.58875,-0.011474609375,-0.013432225905376474,0.0019576165303764742
0.58887500000000004,-0.018157958984375,-0.017536348696108681,-0.00062161028826631867
0.58899999999999997,-0.021087646484375,-0.018972056442918789,-0.0021155900414562105
0.58912500000000001,-0.018798828125,-0.017523556002319161,-0.0012752721226808386
0.58925000000000005,-0.01251220703125,-0.013414145712495511,0.00090193868124551109
0.58937499999999998,-0.007476806640625,-0.0072717976443647143,-0.00020500899626028565
0.58950000000000002,0.001312255859375,-3.3197140380971117e-05,0.0013454529997559712
0.58962499999999995,0.007904052734375,0.0071990969290949645,0.00070495580528003553
0.58975,0.013214111328125,0.013324589056776488,-0.00011047772865148756
0.58987500000000004,0.017364501953125,0.017412301900251354,-4.7799947126354186e-05
0.58999999999999997,0.01837158203125,0.018842268722260285,-0.00047068669101028512
0.59012500000000001,0.018157958984375,0.017399559266475909,0.00075839971789909075
0.59025000000000005,0.01361083984375,0.01330657914173494,0.00030426070201505957
0.59037499999999998,0.008331298828125,0.0071887896727354647,0.0011425091553895353
0.59050000000000002,-0.001373291015625,-2.0868893786471786e-05,-0.0013524221218385282
0.59062499999999996,-0.00640869140625,-0.0072242460246067959,0.00081555461835679591
0.59075,-0.014373779296875,-0.013325246332557775,-0.0010485329643172246
0.59087500000000004,-0.016845703125,-0.017396614842399065,0.00055091171739906492
0.59099999999999997,-0.019744873046875,-0.018820863695683591,-0.00092400935119140923
0.59112500000000001,-0.01513671875,-0.017383922072838554,0.0022472033228385542
0.59125000000000005,-0.011810302734375,-0.013307306422412114,0.0014970036880371136
0.59137499999999998,-0.006195068359375,-0.0072139773612980651,0.0010189090019230651
0.59150000000000003,-0.000457763671875,-3.3145014324885213e-05,-0.00042461865755011481
0.59162499999999996,0.007965087890625,0.0071414307966646265,0.00082365709396037354
0.59175,0.0157470703125,0.013218037211585635,0.0025290331009143654
0.59187500000000004,0.017364501953125,0.017273126739067234,9.1375214057765747e-05
0.59199999999999997,0.02032470703125,0.018691680487910308,0.0016330265433396919
0.59212500000000001,0.01751708984375,0.01726048363868635,0.00025660620506364959
0.59225000000000005,0.013397216796875,0.013200167034448434,0.00019704976242656581
0.59237499999999998,0.008514404296875,0.0071312005825693919,0.0013832037143056081
0.59250000000000003,0.001007080078125,-2.0920800095694846e-05,0.0010280008782206948
0.59262499999999996,-0.006622314453125,-0.0071668104478034497,0.00054449599467844972
0.59275,-0.01416015625,-0.013219120504849573,-0.00094103574515042726
0.59287500000000004,-0.018035888671875,-0.017257996139941476,-0.00077789253193352378
0.59299999999999997,-0.018310546875,-0.018670877557199272,0.00036033068219927175
0.59312500000000001,-0.017913818359375,-0.017245402514467364,-0.0006684158449076355
0.59325000000000006,-0.012664794921875,-0.013201319789885459,0.00053652486801045868
0.59337499999999999,-0.006805419921875,-0.0071566185396137608,0.0003511986177387608
0.59350000000000003,-0.00146484375,-3.3093326838605527e-05,-0.0014317504231613945
0.59362499999999996,0.006866455078125,0.0070842248536972657,-0.00021776977557226573
0.59375,0.01458740234375,0.013112335698046412,0.0014750666457035884
0.59387500000000004,0.016998291015625,0.017135062270470149,-0.00013677125484514926
0.59399999999999997,0.01898193359375,0.018542294037936041,0.00043963955581395944
0.59412500000000001,0.01629638671875,0.017122517926387831,-0.00082613120763783132
0.59424999999999994,0.0108642578125,0.013094604175482957,-0.0022303463629829573
0.59437499999999999,0.007720947265625,0.00707407110864431,0.00064687615698068995
0.59450000000000003,-0.00103759765625,-2.0972269679075375e-05,-0.0010166253865709245
0.59462499999999996,-0.0054931640625,-0.0071098332205664899,0.0016166691580664899
0.59475,-0.0133056640625,-0.013113841608975888,-0.00019182245352411184
0.59487500000000004,-0.017242431640625,-0.017120483689231216,-0.00012194795139378392
0.59499999999999997,-0.019073486328125,-0.018522088398004746,-0.00055139793012025373
0.59512500000000002,-0.01593017578125,-0.017107988433785481,0.0011778126525354808
0.59524999999999995,-0.01251220703125,-0.013096179010072571,0.00058397197882257071
0.59537499999999999,-0.00762939453125,-0.0070997174964068455,-0.0005296770348431545
0.59550000000000003,0.0006103515625,-3.3042074241938978e-05,0.00064339363674193893
0.59562499999999996,0.008026123046875,0.0070274754277636579,0.00099864761911134213
0.59575,0.0126953125,0.013007477730123814,-0.00031216523012381377
0.59587500000000004,0.017486572265625,0.01699809963053308,0.00048847263509192024
0.59599999999999997,0.0185546875,0.018394099781377786,0.00016058771862221405
0.59612500000000002,0.015777587890625,0.016985653271720663,-0.0012080653810956632
0.59624999999999995,0.013092041015625,0.012989883787185961,0.00010215722843903881
0.59637499999999999,0.005828857421875,0.0070173975827774026,-0.0011885401609024026
0.59650000000000003,-0.00042724609375,-2.1023306201370244e-05,-0.00040622278754862975
0.59662499999999996,-0.00714111328125,-0.0070533106851612412,-8.7802596088758754e-05
0.59675,-0.0133056640625,-0.013009402886042767,-0.00029626117645723329
0.59687500000000004,-0.016265869140625,-0.016984068661781562,0.00071819952115656158
0.59699999999999998,-0.01800537109375,-0.018374486665487796,0.00036911557173779572
0.59712500000000002,-0.0166015625,-0.016971671008349818,0.00037010850834981804
0.59724999999999995,-0.013519287109375,-0.012991877332420436,-0.00052740977695456444
0.59737499999999999,-0.007537841796875,-0.0070432705781616383,-0.00049457121871336173
0.59750000000000003,0.000640869140625,-3.2991252881336893e-05,0.00067386039350633687
0.59762499999999996,0.007904052734375,0.0069711788757531538,0.00093287385862184623
0.59775,0.010894775390625,0.012903456575947405,-0.002008681185322405
0.59787500000000005,0.01708984375,0.016862230026072768,0.00022761372392723217
0.59799999999999998,0.018829345703125,0.018247088203817471,0.00058225749930752857
0.59812500000000002,0.0167236328125,0.016849880887516738,-0.00012624807501673829
0.59824999999999995,0.01446533203125,0.01288599914602242,0.0015793328852275797
0.59837499999999999,0.00628662109375,0.006961176366073068,-0.00067455527232306804
0.59850000000000003,-0.000518798828125,-2.1073913300804226e-05,-0.00049772491482419573
0.59862499999999996,-0.00628662109375,-0.0069972392130386923,0.00071061811928869231
0.59875,-0.0128173828125,-0.012905797631092258,8.8414818592258415e-05
0.59887500000000005,-0.017059326171875,-0.016848742299566712,-0.0002105838723082884
0.59899999999999998,-0.01800537109375,-0.018228062883271758,0.00022269178952175755
0.59912500000000002,-0.0167236328125,-0.016836441486126206,0.00011280867362620586
0.59924999999999995,-0.011962890625,-0.0128884080602772,0.0009255174352772004
0.59937499999999999,-0.00677490234375,-0.0069872741605325611,0.00021237181678256112
0.59950000000000003,0.00030517578125,-3.2940859146324443e-05,0.00033811664039632447
0.59962499999999996,0.006805419921875,0.0069153315836240912,-0.00010991166174909115
0.59975000000000001,0.011016845703125,0.012800265557367125,-0.0017834198542421246
0.59987500000000005,0.018280029296875,0.016727444734078667,0.0015525845627963331
0.59999999999999998,0.0186767578125,0.018101249866767768,0.00057550794573223152
0.60012500000000002,0.016815185546875,0.016715192056733792,9.999349014120848e-05
0.60024999999999995,0.01226806640625,0.012782943582101315,-0.0005148771758513148
0.60037499999999999,0.005615234375,0.0069054038486659874,-0.0012901694736659874
0.60050000000000003,0,-2.1124094572706179e-05,2.1124094572706179e-05
0.60062499999999996,-0.00738525390625,-0.0069416152046065261,-0.0004436387016434739
0.60075000000000001,-0.013275146484375,-0.012803019192674998,-0.00047212729170000196
0.60087500000000005,-0.01806640625,-0.016714495914452981,-0.0013519103355470186
0.60099999999999998,-0.01593017578125,-0.018082807650607154,0.0021526318693571543
0.60112500000000002,-0.017333984375,-0.016702291184925944,-0.00063169319007405633
0.60124999999999995,-0.01068115234375,-0.012785764550420523,0.0021046122066705232
0.60137499999999999,-0.005523681640625,-0.006931724648088256,0.001408043007463256
0.60150000000000003,0.001953125,-3.2890889444165182e-05,0.0019860158894441653
0.60162499999999997,0.00726318359375,0.0068599299661757183,0.00040325362757428172
0.60175000000000001,0.012359619140625,0.012697898049527544,-0.00033827890890254439
0.60187500000000005,0.017364501953125,0.016593735101154541,0.00077076685197045858
0.60199999999999998,0.018157958984375,0.017956575407066151,0.00020138357730884945
0.60212500000000002,0.016265869140625,0.016581578131902031,-0.00031570899127703056
0.60224999999999995,0.013580322265625,0.012680710478765298,0.00089961178685970221
0.60237499999999999,0.007843017578125,0.0068500764495049065,0.00099294112862009353
0.60250000000000004,0,-2.1173853594743166e-05,2.1173853594743166e-05
0.60262499999999997,-0.007232666015625,-0.0068864350889980153,-0.00034623092662698467
0.60275000000000001,-0.0108642578125,-0.012701060972423168,0.0018368031599231682
0.60287500000000005,-0.015045166015625,-0.016581320887642692,0.0015361548720176921
0.60299999999999998,-0.0177001953125,-0.017938711641768114,0.00023851632926811389
0.60312500000000002,-0.01788330078125,-0.01656921149185462,-0.0013140892893953801
0.60324999999999995,-0.010986328125,-0.012683940212648889,0.0016976120876488893
0.60337499999999999,-0.006561279296875,-0.0068766184740962017,0.00031533917722120167
0.60350000000000004,0.00054931640625,-3.2841340216361749e-05,0.00058215774646636174
0.60362499999999997,0.006927490234375,0.0068049704668217918,0.00012251976755320824
0.60375000000000001,0.0140380859375,0.012596347480445446,0.0014417384570545536
0.60387500000000005,0.016845703125,0.0164610925429629,0.00038461058203709958
0.60399999999999998,0.017669677734375,0.017813055536273721,-0.00014337780189872112
0.60412500000000002,0.016082763671875,0.01644903053455949,-0.00036626686268449032
0.60424999999999995,0.01226806640625,0.012579293272162921,-0.00031122686591292074
0.604375,0.006927490234375,0.0067951906161187892,0.00013229961825621077
0.60450000000000004,0.001220703125,-2.1223193910485681e-05,0.0012419263189104857
0.60462499999999997,-0.0074462890625,-0.0068316953238465516,-0.00061459373865344839
0.60475000000000001,-0.012359619140625,-0.012599916424629777,0.00024029728400477672
0.60487500000000005,-0.0159912109375,-0.016449208669122327,0.00045799773162232688
0.60499999999999998,-0.016326904296875,-0.017795765605453651,0.0014688613085786506
0.60512500000000002,-0.015655517578125,-0.016437193862749739,0.00078167628462473895
0.60524999999999995,-0.0120849609375,-0.012582928509355537,0.00049796757185553708
0.605375,-0.004302978515625,-0.0068219521002898294,0.0025189735846648294
0.60550000000000004,-0.0001220703125,-3.279220793420804e-05,-8.927810456579196e-05
0.60562499999999997,0.006622314453125,0.0067504495573472113,-0.0001281351042222113
0.60575000000000001,0.01116943359375,0.01249560733057636,-0.0013261737368263603
0.60587500000000005,0.018157958984375,0.016329508543675431,0.0018284504406995694
0.60599999999999998,0.017425537109375,0.017670681040078913,-0.00024514393070391299
0.60612500000000002,0.014984130859375,0.016317540754707559,-0.0013334098953325588
0.60624999999999996,0.010589599609375,0.012478685450827164,-0.0018890858414521636
0.606375,0.007659912109375,0.0067407428243887344,0.00091916928498626555
0.60650000000000004,-0.000823974609375,-2.1272119033837673e-05,-0.00080270249034116229
0.60662499999999997,-0.006805419921875,-0.0067773923950432292,-2.802752683177083e-05
0.60675000000000001,-0.012420654296875,-0.01249957905581691,7.8924758941910367e-05
0.60687500000000005,-0.014892578125,-0.016318150777107444,0.0014255726521074444
0.60699999999999998,-0.018310546875,-0.017653960364193706,-0.00065658651080629377
0.60712500000000003,-0.0146484375,-0.016306229821638426,0.0016577923216384259
0.60724999999999996,-0.012908935546875,-0.012482722955105871,-0.00042621259176912896
0.607375,-0.00701904296875,-0.0067677220166376421,-0.00025132095211235789
0.60750000000000004,-0.0009765625,-3.2743489098540302e-05,-0.00094381901090145968
0.60762499999999997,0.00836181640625,0.0066963637377041368,0.0016654526685458632
0.60775000000000001,0.012939453125,0.012395671132413343,0.00054378199258665709
0.60787500000000005,0.017303466796875,0.016198974655420088,0.0011044921414549123
0.60799999999999998,0.016265869140625,0.017529442777705882,-0.0012635736370808816
0.60812500000000003,0.017578125,0.016187100350263047,0.0013910246497369529
0.60824999999999996,0.011077880859375,0.012378880555254591,-0.0013009996958795907
0.608375,0.005401611328125,0.0066867295783180139,-0.0012851182501930139
0.60850000000000004,-0.000274658203125,-2.132063245326825e-05,-0.00025333757067173173
0.60862499999999997,-0.00604248046875,-0.0067235228165337868,0.00068104234778378677
0.60875000000000001,-0.010955810546875,-0.012400042424336129,0.0014442318774611287
0.60887500000000006,-0.0179443359375,-0.016188138797507436,-0.0017561971399925637
0.60899999999999999,-0.0179443359375,-0.01751328681375993,-0.0004310491237400696
0.60912500000000003,-0.01513671875,-0.016176310960191679,0.0010395922101916789
0.60924999999999996,-0.01068115234375,-0.012383317116232407,0.001702164772482407
0.609375,-0.0074462890625,-0.0067139247411326479,-0.00073236432136735211
0.60950000000000004,9.1552734375e-05,-3.2695180235522448e-05,0.00012424791461052245
0.60962499999999997,0.0079345703125,0.0066427095357721819,0.0012918607767278181
0.60975000000000001,0.011383056640625,0.012296532470060195,-0.00091347582943519454
0.60987499999999994,0.014923095703125,0.016069482497746482,-0.0011463867946214824
0.60999999999999999,0.017578125,0.017389331681327638,0.0001887933186723624
0.61012500000000003,0.017181396484375,0.016057700946516183,0.0011236955378588175
0.61024999999999996,0.010528564453125,0.012279872177501889,-0.0017513077243768889
0.610375,0.00653076171875,0.0066331474098223521,-0.0001023856910723521
0.61050000000000004,0.000640869140625,-2.136873761609008e-05,0.00066223787824109008
0.61062499999999997,-0.00653076171875,-0.0066700831300797684,0.0001393214113297684
0.61075000000000002,-0.011016845703125,-0.012301300139943376,0.0012844544368183757
0.61087499999999995,-0.015380859375,-0.016059164383377608,0.00067830500837760821
0.61099999999999999,-0.019989013671875,-0.017373735922581176,-0.0026152777492938241
0.61112500000000003,-0.014678955078125,-0.016047428937183004,0.0013684738590580038
0.61124999999999996,-0.011993408203125,-0.01228470461040466,0.00029129640727965957
0.611375,-0.0081787109375,-0.0066605568195465285,-0.0015181541179534715
0.61150000000000004,0.000213623046875,-3.264727791230479e-05,0.00024627032478730478
0.61162499999999997,0.00634765625,0.0065894835071393159,-0.00024182725713931593
0.61175000000000002,0.012725830078125,0.012198184978822439,0.00052764509930256116
0.61187499999999995,0.01629638671875,0.015941023757087721,0.00035536296166227901
0.61199999999999999,0.0177001953125,0.017250338755483912,0.00044985655701608798
0.61212500000000003,0.0167236328125,0.0159293342355914,0.00079429857690859959
0.61224999999999996,0.011749267578125,0.012181653960757476,-0.00043238638263247593
0.612375,0.007598876953125,0.0065799928784850735,0.0010188840746399265
0.61250000000000004,-9.1552734375e-05,-2.1416437952702085e-05,-7.0136296422297915e-05
0.61262499999999998,-0.0064697265625,-0.0066170699050402794,0.00014734334254027943
0.61275000000000002,-0.01318359375,-0.012203345863391614,-0.00098024788660838573
0.61287499999999995,-0.016448974609375,-0.015931219254390883,-0.00051775535498411671
0.61299999999999999,-0.01885986328125,-0.017235298731163647,-0.0016245645500863534
0.61312500000000003,-0.015960693359375,-0.015919575477958955,-4.1117881416044555e-05
0.61324999999999996,-0.01080322265625,-0.012186879106230751,0.001383656449980751
0.613375,-0.006378173828125,-0.0066076148252227239,0.00022944099709772386
0.61350000000000005,0.001373291015625,-3.2599778712878337e-05,0.0014058907943378784
0.61362499999999998,0.003936767578125,0.0065366822348807288,-0.0025999146567557288
0.61375000000000002,0.011962890625,0.012100622344798735,-0.00013773171979873482
0.61387499999999995,0.013519287109375,0.015813590186219119,-0.0022943030768441189
0.61399999999999999,0.016632080078125,0.017112455076503583,-0.00048037499837858336
0.61412500000000003,0.017974853515625,0.015801991975919989,0.0021728615397050115
0.61424999999999996,0.012969970703125,0.012084219598944713,0.00088575110418028652
0.614375,0.005859375,0.0065272625713510097,-0.00066788757135100973
0.61450000000000005,0.00042724609375,-2.1463736860799656e-05,0.00044870983061079964
0.61462499999999998,-0.006744384765625,-0.0065644797381553517,-0.00017990502746964825
0.61475000000000002,-0.0106201171875,-0.012106173306026606,0.0014860561185266064
0.61487499999999995,-0.01605224609375,-0.015804295196297131,-0.00024795089745286922
0.61499999999999999,-0.017181396484375,-0.017097966351515677,-8.3430132859323158e-05
0.61512500000000003,-0.01544189453125,-0.015792742373898758,0.00035084784264875768
0.61524999999999996,-0.011932373046875,-0.012089834322848049,0.00015746127597304933
0.61537500000000001,-0.007293701171875,-0.0065550953588526745,-0.0007386058130223255
0.61550000000000005,0.002105712890625,-3.255267925380149e-05,0.0021382655698788016
0.61562499999999998,0.00628662109375,0.0064843023293430641,-0.00019768123559306405
0.61575000000000002,0.01312255859375,0.012003838304478253,0.0011187202892717473
0.61587499999999995,0.015472412109375,0.015687173603734776,-0.00021476149435977615
0.61599999999999999,0.016876220703125,0.016975671791931778,-9.9451088806778304e-05
0.61612500000000003,0.015625,0.015675665991701906,-5.0665991701906443e-05
0.61624999999999996,0.01129150390625,0.011987562836314164,-0.00069605893006416397
0.61637500000000001,0.006805419921875,0.0064749531027036566,0.00033046681917134335
0.61650000000000005,-0.000396728515625,-2.1510637709630269e-05,-0.00037521787791536975
0.61662499999999998,-0.006378173828125,-0.0065123092533130641,0.00013413542518806408
0.61675000000000002,-0.012939453125,-0.012009776229372153,-0.000929676895627847
0.61687499999999995,-0.01458740234375,-0.015678384060401864,0.0010909817166518641
0.61699999999999999,-0.016448974609375,-0.016961729966577108,0.00051275535720210833
0.61712500000000003,-0.01654052734375,-0.015666921481893362,-0.00087360586185663766
0.61724999999999997,-0.01312255859375,-0.011993564029519913,-0.0011289945642300875
0.61737500000000001,-0.00665283203125,-0.0065029950482575751,-0.00014983698299242485
0.61750000000000005,-0.001434326171875,-3.2505976179961499e-05,-0.0014018201956950385
0.61762499999999998,0.00897216796875,0.006432340427912471,0.002539827540837529
0.61775000000000002,0.012054443359375,0.011907826644327577,0.00014661671504742277
0.61787499999999995,0.015350341796875,0.015561765893520804,-0.00021142409664580419
0.61799999999999999,0.01605224609375,0.016839980119961531,-0.00078773402621153121
0.61812500000000004,0.016265869140625,0.01555034817238689,0.00071552096823811022
0.61824999999999997,0.013427734375,0.011891677467039253,0.0015360569079607474
0.61837500000000001,0.005401611328125,0.0064230611138442351,-0.0010214497857192351
0.61850000000000005,-0.000274658203125,-2.1557143844058562e-05,-0.00025310105928094142
0.61862499999999998,-0.006591796875,-0.0064605551013544463,-0.00013124177364555369
0.61875000000000002,-0.0106201171875,-0.011914148444746147,0.0012940312572461473
0.61887499999999995,-0.015350341796875,-0.015553477763041551,0.0002031359661665514
0.61899999999999999,-0.015594482421875,-0.016826580829653198,0.0012320984077781975
0.61912500000000004,-0.015167236328125,-0.015542104723821129,0.00037486839569612906
0.61924999999999997,-0.012725830078125,-0.011898062045232943,-0.00082776803289205669
0.61937500000000001,-0.00579833984375,-0.0064513105481683224,0.0006529707044183224
0.61950000000000005,0.001129150390625,-3.2459666160525636e-05,0.0011616100567855257
0.61962499999999998,0.004608154296875,0.0063807931948202945,-0.0017726388979452945
0.61975000000000002,0.0128173828125,0.0118125812004083,0.0010048016120916999
0.61987499999999995,0.015228271484375,0.015437359004234293,-0.00020908751985929293
0.62,0.01690673828125,0.016705371348869937,0.00020136693238006348
0.62012500000000004,0.0155029296875,0.015426030472152246,7.6899215347753583e-05
0.62024999999999997,0.013275146484375,0.011796557334828685,0.0014785891495463152
0.62037500000000001,0.00390625,0.006371583272890227,-0.002465333272890227
0.62050000000000005,0.00067138671875,-2.160325856946176e-05,0.00069298997731946177
0.62062499999999998,-0.00640869140625,-0.0064092139598440285,5.2255359402845342e-07
0.62075000000000002,-0.0111083984375,-0.0118192838128522,0.00071088537535220035
0.62087499999999995,-0.01385498046875,-0.015429568285066081,0.0015745878163160813
0.621,-0.016326904296875,-0.016692510263853062,0.00036560596697806161
0.62112500000000004,-0.0159912109375,-0.015418284086029153,-0.0005729268514708466
0.62124999999999997,-0.010772705078125,-0.011803322238310959,0.0010306171601859593
0.62137500000000001,-0.005767822265625,-0.0064000385400248367,0.00063221627439983673
0.62150000000000005,-0.000457763671875,-3.2413745903985485e-05,-0.00042534992597101449
0.62162499999999998,0.006866455078125,0.0063296573209145248,0.00053679775721047519
0.62175000000000002,0.011688232421875,0.011718095857970278,-2.9863436095277709e-05
0.62187499999999996,0.015625,0.015313944948787786,0.00031105505121221434
0.622,0.01739501953125,0.016571836836458881,0.00082318269479111916
0.62212500000000004,0.014404296875,0.015302704909384816,-0.00089840803438481602
0.62224999999999997,0.0126953125,0.011702196332514842,0.00099311616748515817
0.62237500000000001,0.00677490234375,0.0063205162745401172,0.00045438606920988282
0.62250000000000005,-0.000640869140625,-2.1648985175019854e-05,-0.00061922015544998012
0.62262499999999998,-0.00567626953125,-0.0063582825328601525,0.00068201300161015253
0.62275000000000003,-0.01263427734375,-0.011725176243388266,-0.00090910110036173351
0.62287499999999996,-0.01580810546875,-0.015306647671318134,-0.00050145779743186562
0.623,-0.016143798828125,-0.016559509661532634,0.00041571083340763426
0.62312500000000004,-0.0162353515625,-0.015295451618817367,-0.00093989994368263302
0.62324999999999997,-0.011322021484375,-0.01170933852600505,0.00038731704163004997
0.62337500000000001,-0.00592041015625,-0.0063491757317417699,0.00042876557549176991
0.62350000000000005,0.00128173828125,-3.2368212134959866e-05,0.0013141064933849598
0.62362499999999998,0.007415771484375,0.0062789295234509717,0.0011368419609240283
0.62375000000000003,0.01202392578125,0.011624364551061819,0.00039956123018818068
0.62387499999999996,0.0145263671875,0.015191515803830768,-0.00066514861633076849
0.624,0.016815185546875,0.01643936800950016,0.00037581753737483958
0.62412500000000004,0.0140380859375,0.015180363566174325,-0.001142277628674325
0.62424999999999997,0.010833740234375,0.011608588401672591,-0.00077484816729759057
0.62437500000000001,0.006500244140625,0.0062698568398754147,0.00023038730074958526
0.62450000000000006,0.000640869140625,-2.1694326918545524e-05,0.00066256346754354557
0.62462499999999999,-0.005584716796875,-0.0063077575507834126,0.00072304075390841258
0.62475000000000003,-0.011016845703125,-0.011631819694655657,0.00061497399153065749
0.62487499999999996,-0.014892578125,-0.015184708030131163,0.00029212990513116308
0.625,-0.016571044921875,-0.016427570483741983,-0.00014347443813301705
0.62512500000000004,-0.015472412109375,-0.015173599435933858,-0.00029881267344114212
0.62524999999999997,-0.0103759765625,-0.011616104874113894,0.0012401283116138945
0.62537500000000001,-0.006988525390625,-0.0062987188575112972,-0.00068980653311370276
0.62549999999999994,-0.000701904296875,-3.2323061613025942e-05,-0.000669581235261974
0.62562499999999999,0.006134033203125,0.0062286065458859678,-9.4573342760967752e-05
0.62575000000000003,0.0125732421875,0.011531381262142893,0.0010418609253571073
0.62587499999999996,0.015960693359375,0.015070063709249636,0.00089062965012536369
0.626,0.016021728515625,0.016307956363185085,-0.00028622784756008463
0.62612500000000004,0.01458740234375,0.015058998587796336,-0.00047159624404633643
0.62624999999999997,0.01116943359375,0.011515727532227569,-0.00034629393847756922
0.62637500000000002,0.00616455078125,0.0062196017161465405,-5.5050934896540456e-05
0.62649999999999995,0.000701904296875,-2.1739287026865481e-05,0.00072364358390186549
0.62662499999999999,-0.007843017578125,-0.0062576357700901619,-0.0015853818080348381
0.62675000000000003,-0.010955810546875,-0.011539208173173766,0.00058339762629876571
0.62687499999999996,-0.01568603515625,-0.015063741532816919,-0.00062229362343308066
0.627,-0.015777587890625,-0.016296684259677129,0.00051909636905212928
0.62712500000000004,-0.0155029296875,-0.015052719714059916,-0.00045020997344008377
0.62724999999999997,-0.012725830078125,-0.011523615296593615,-0.0012022147815313848
0.62737500000000002,-0.005584716796875,-0.0062486646775898776,0.00066394788071487756
0.62749999999999995,-0.000518798828125,-3.2278291113731433e-05,-0.00048652053701126857
0.62762499999999999,0.006134033203125,0.006178685157653521,-4.4651954528521047e-05
0.62775000000000003,0.01220703125,0.011439140021688242,0.0007678912283117581
0.62787499999999996,0.01611328125,0.014949580867657289,0.0011637003823427115
0.628,0.01763916015625,0.016177593460578413,0.0014615666956715873
0.62812500000000004,0.016937255859375,0.014938602182213729,0.001998653677161271
0.62824999999999998,0.01177978515625,0.011423607762067701,0.00035617739418229884
0.62837500000000002,0.006591796875,0.0061697476765639817,0.00042204919843601835
0.62849999999999995,0.000213623046875,-2.1783868710904818e-05,0.00023540691558590482
0.62862499999999999,-0.00628662109375,-0.0062079139731305725,-7.8707120619427549e-05
0.62875000000000003,-0.0118408203125,-0.011447335733284807,-0.00039348457921519267
0.62887499999999996,-0.014923095703125,-0.014943740413164283,2.0644710039282796e-05
0.629,-0.016143798828125,-0.016166842586136179,2.30437580111785e-05
0.62912500000000005,-0.014312744140625,-0.01493280469231353,0.00062006055168853033
0.62924999999999998,-0.01025390625,-0.011431863855170863,0.0011779576051708634
0.62937500000000002,-0.00762939453125,-0.0061990099780868486,-0.0014303845531631514
0.62949999999999995,0.000457763671875,-3.2233897450786579e-05,0.00048999756932578654
0.62962499999999999,0.007659912109375,0.0061291621539786411,0.0015307499553963589
0.62975000000000003,0.009613037109375,0.011347634907820007,-0.0017345977984450072
0.62987499999999996,0.015167236328125,0.014830059543893957,0.00033717678423104275
0.63,0.016845703125,0.016048270932076721,0.00079743219292327874
0.63012500000000005,0.015960693359375,0.01481916661957502,0.0011415267397999803
0.63024999999999998,0.009674072265625,0.011332223176670845,-0.0016581509110458453
0.63037500000000002,0.006927490234375,0.0061202915200877358,0.00080719871428726418
0.63049999999999995,0.000518798828125,-2.1828075143583774e-05,0.00054062690326858373
0.63062499999999999,-0.0059814453125,-0.0061585889679426995,0.00017714365544269951
0.63075000000000003,-0.011871337890625,-0.011356196476787879,-0.00051514141383712103
0.63087499999999996,-0.01397705078125,-0.014824696966940682,0.00084764618569068209
0.63100000000000001,-0.016632080078125,-0.016038037126979827,-0.00059404295114517253
0.63112500000000005,-0.012237548828125,-0.014813846671749648,0.0025762978436246475
0.63124999999999998,-0.01129150390625,-0.011340844658971927,4.9340752721926603e-05
0.63137500000000002,-0.003814697265625,-0.0061497515707716333,0.0023350543051466333
0.63149999999999995,0.000518798828125,-3.2189877460863097e-05,0.00055098870558586304
0.63162499999999999,0.007354736328125,0.0060800343556577643,0.0012747019724672357
0.63175000000000003,0.011444091796875,0.011256860045916944,0.00018723175095805566
0.63187499999999996,0.014373779296875,0.014711492064531982,-0.00033771276765698181
0.63200000000000001,0.017822265625,0.015919980474871028,0.0019022851501289718
0.63212500000000005,0.015167236328125,0.014700684231718037,0.00046655209640696256
0.63224999999999998,0.010986328125,0.011241567908709366,-0.00025523978370936562
0.63237500000000002,0.00701904296875,0.0060712300712352837,0.00094781289751471633
0.63249999999999995,-0.000885009765625,-2.1871909474957938e-05,-0.00086313785615004207
0.63262499999999999,-0.002685546875,-0.0061096575880337902,0.0034241107130337902
0.63275000000000003,-0.012115478515625,-0.011265784552549741,-0.00084969396307525875
0.63287499999999997,-0.014404296875,-0.014706603551398842,0.0003023066763988419
0.63300000000000001,-0.015533447265625,-0.015910259612596168,0.00037681234697116775
0.63312500000000005,-0.012664794921875,-0.014695838014864527,0.0020310430929895273
0.63324999999999998,-0.010467529296875,-0.011250551864128907,0.00078302256725390658
0.63337500000000002,-0.005645751953125,-0.0061008862928486497,0.00045513433972364965
0.63349999999999995,-0.00067138671875,-3.2146228007122521e-05,-0.00063924049074287745
0.63362499999999999,0.0054931640625,0.0060312986088581298,-0.00053813454635812975
0.63375000000000004,0.0118408203125,0.011166809608239923,0.00067401070426007653
0.63387499999999997,0.013916015625,0.014593870817377634,-0.00067785519237763443
0.63400000000000001,0.01678466796875,0.015792713852413761,0.00099195411633623901
0.63412500000000005,0.014862060546875,0.014583147411676248,0.00027891313519875192
0.63424999999999998,0.01202392578125,0.011151636137683902,0.00087228964356609803
0.63437500000000002,0.005401611328125,0.0060225601798573978,-0.00062094885173239779
0.63449999999999995,-0.0013427734375,-2.1915374828703983e-05,-0.0013208580626712959
0.63462499999999999,-0.00634765625,-0.0060611166921804589,-0.00028653955781954114
0.63475000000000004,-0.012176513671875,-0.01117609415613185,-0.0010004195157431502
0.63487499999999997,-0.015594482421875,-0.014589452584780564,-0.0010050298370944365
0.63500000000000001,-0.016204833984375,-0.015783501839369739,-0.00042133214500526123
0.63512500000000005,-0.01422119140625,-0.014578771145110877,0.00035757973886087722
0.63524999999999998,-0.012847900390625,-0.011160979673414938,-0.0016869207172100619
0.63537500000000002,-0.00689697265625,-0.006052411006767836,-0.00084456164948216398
0.63549999999999995,-0.000152587890625,-3.2102945975419436e-05,-0.00012048494464958056
0.635625,0.00634765625,0.0059829517849186104,0.00036470446508138962
0.63575000000000004,0.010498046875,0.011077477813557803,-0.00057943093855780323
0.63587499999999997,0.014892578125,0.014477188250990737,0.00041538987400926292
0.63600000000000001,0.01605224609375,0.015666462893889916,0.000385783199860084
0.63612500000000005,0.013397216796875,0.014466548613195858,-0.0010693318163208579
0.63624999999999998,0.011199951171875,0.011062422089547032,0.00013752908232796818
0.63637500000000002,0.005523681640625,0.0059742787209494308,-0.00045059708032443076
0.63649999999999995,6.103515625e-05,-2.1958474305901225e-05,8.2993630555901231e-05
0.636625,-0.005889892578125,-0.0060129631642303165,0.00012307058610531649
0.63675000000000004,-0.01141357421875,-0.011087119529420188,-0.00032645468932981231
0.63687499999999997,-0.012939453125,-0.014473236545838312,0.0015337834208383125
0.63700000000000001,-0.015380859375,-0.015657755669154855,0.00027689629415485542
0.63712500000000005,-0.01519775390625,-0.01446263854640315,-0.00073511535984684996
0.63724999999999998,-0.009735107421875,-0.011072122335869364,0.0013370149139943638
0.63737500000000002,-0.0057373046875,-0.0060043226000197998,0.00026701791251979978
0.63749999999999996,-0.000885009765625,-3.2060028288412257e-05,-0.00085294973733658771
0.637625,0.00732421875,0.0059349907801356377,0.0013892279698643623
0.63775000000000004,0.010528564453125,0.010988858926778764,-0.00046029447365376376
0.63787499999999997,0.0128173828125,0.014361436874194283,-0.0015440540616942829
0.63800000000000001,0.0164794921875,0.015541219493692493,0.00093827269380750665
0.63812500000000005,0.01519775390625,0.014350880350243051,0.00084687355600694854
0.63824999999999998,0.01080322265625,0.010973920036332557,-0.00017069738008255661
0.63837500000000003,0.009429931640625,0.005926382594447277,0.003503549046177723
0.63849999999999996,0.00030517578125,-2.2001210970977184e-05,0.00032717699222097719
0.638625,-0.004119873046875,-0.0059651939128887443,0.0018453208660137443
0.63875000000000004,-0.009674072265625,-0.01099885496024554,0.0013247826946205399
0.63887499999999997,-0.01434326171875,-0.014357947973346762,1.4686254596761941e-05
0.63900000000000001,-0.01513671875,-0.015533013028753123,0.00039629427875312317
0.63912500000000005,-0.01348876953125,-0.014347432762640482,0.00085866323139048226
0.63924999999999998,-0.011627197265625,-0.010983974146426016,-0.00064322311919898408
0.63937500000000003,-0.00286865234375,-0.00595661798493596,0.00308796564118596
0.63949999999999996,0,-3.201747188380711e-05,3.201747188380711e-05
0.639625,0.00665283203125,0.0058874125155838446,0.00076541951566615543
0.63975000000000004,0.011322021484375,0.010900947258572085,0.00042107422580291501
0.63987499999999997,0.0145263671875,0.014246609255594874,0.00027975793190512625
0.64000000000000001,0.0169677734375,0.015416975610902108,0.0015507978265978922
0.64012500000000006,0.014892578125,0.014236135196528887,0.00065644292847111263
0.64024999999999999,0.010284423828125,0.010886124295785263,-0.0006017004676602631
0.64037500000000003,0.004852294921875,0.0058788687250250805,-0.0010265738031500805
0.64049999999999996,0.00103759765625,-2.2043587873376717e-05,0.0010596412441233767
0.640625,-0.00579833984375,-0.00591780587154026,0.00011946602779026004
0.64075000000000004,-0.012176513671875,-0.01091129478203192,-0.0012652188898430797
0.64087499999999997,-0.01385498046875,-0.014243579465625171,0.00038859899687517137
0.64100000000000001,-0.01556396484375,-0.015409265909395082,-0.00015469893435491808
0.64112499999999994,-0.014434814453125,-0.014233146397227996,-0.00020166805589700437
0.64124999999999999,-0.009124755859375,-0.010896529445556895,0.0017717735861818955
0.64137500000000003,-0.005615234375,-0.0059092940984870708,0.00029405972348707076
0.64149999999999996,0.0008544921875,-3.1975273728529817e-05,0.00088646746122852981
0.641625,0.006866455078125,0.0058402139369051085,0.0010262411412198915
0.64175000000000004,0.007171630859375,0.010813737165017986,-0.0036421063056429857
0.64187499999999997,0.014434814453125,0.014132698023105631,0.00030211643001936891
0.64200000000000002,0.015167236328125,0.01529372326877072,-0.00012648694064571961
0.64212499999999995,0.01446533203125,0.014122305785032461,0.00034302624621753916
0.64224999999999999,0.009918212890625,0.010799029231006027,-0.00088081634038102673
0.64237500000000003,0.006622314453125,0.0058317340619107507,0.00079058039121424929
0.64249999999999996,-0.000213623046875,-2.208560803344664e-05,-0.00019153743884155335
0.642625,-0.00701904296875,-0.0058707959980384122,-0.0011482469707115878
0.64275000000000004,-0.010498046875,-0.010824433373422638,0.00032638649842263792
0.64287499999999997,-0.0145263671875,-0.014130123680063526,-0.00039624350743647403
0.64300000000000002,-0.014892578125,-0.015286506366226082,0.0003939282412260825
0.64312499999999995,-0.015472412109375,-0.014119772112596485,-0.0013526399967785149
0.64324999999999999,-0.011077880859375,-0.010809782618893805,-0.00026809824048119532
0.64337500000000003,-0.00579833984375,-0.0058623479020994771,6.4008058349477107e-05
0.64349999999999996,0.000244140625,-3.1933430814907627e-05,0.00027607405581490761
0.643625,0.00543212890625,0.0057933920141158219,-0.00036126310786582187
0.64375000000000004,0.011962890625,0.010727223047235189,0.001235667577764811
0.64387499999999998,0.01165771484375,0.014019695863474213,-0.0023619810197242127
0.64400000000000002,0.01458740234375,0.015171454554209525,-0.00058405221045952464
0.64412499999999995,0.01361083984375,0.01400938480752255,-0.00039854496377255029
0.64424999999999999,0.01068115234375,0.010712629250074959,-3.1476906324958559e-05
0.64437500000000003,0.00750732421875,0.0057849755786705814,0.0017223486400794186
0.64449999999999996,-0.00030517578125,-2.2127274446238698e-05,-0.00028304850680376133
0.644625,-0.00689697265625,-0.0058241612745137993,-0.0010728113817362007
0.64475000000000005,-0.011077880859375,-0.010738265157921976,-0.00033961570145302385
0.64487499999999998,-0.015167236328125,-0.01401757333264579,-0.0011496629954792104
0.64500000000000002,-0.015472412109375,-0.015164726517796163,-0.00030768559157883651
0.64512499999999995,-0.016082763671875,-0.014007302629739439,-0.0020754610421355613
0.64524999999999999,-0.00994873046875,-0.010723728096877896,0.00077499762812789641
0.64537500000000003,-0.006072998046875,-0.0058157763814405839,-0.00025722166543441609
0.64549999999999996,0.000762939453125,-3.189194016045697e-05,0.00079483139328545701
0.645625,0.004638671875,0.0057469437414123629,-0.0011082718664123629
0.64575000000000005,0.011505126953125,0.010641399351024013,0.00086372760210098702
0.64587499999999998,0.013427734375,0.013907595521807991,-0.00047986114680799094
0.64600000000000002,0.01495361328125,0.015050161617280906,-9.6548336030906345e-05
0.64612499999999995,0.01251220703125,0.013897365014096464,-0.0013851579828464636
0.64624999999999999,0.012115478515625,0.010626918805702362,0.0014885597099226384
0.64637500000000003,0.00518798828125,0.0057385902730279414,-0.00055060199177794141
0.64649999999999996,0.000640869140625,-2.2168590085142213e-05,0.00066303773071014224
0.64662500000000001,-0.0059814453125,-0.0057778987071834959,-0.00020354660531650415
0.64675000000000005,-0.010833740234375,-0.010652784603537149,-0.00018095563083785071
0.64687499999999998,-0.01409912109375,-0.013905921197490286,-0.00019319989625971382
0.64700000000000002,-0.013916015625,-0.015043918545554058,0.0011279029205540584
0.64712499999999995,-0.01385498046875,-0.013895730727740281,4.0750258990281465e-05
0.64724999999999999,-0.010894775390625,-0.010638360354399584,-0.00025641503622541618
0.64737500000000003,-0.006317138671875,-0.0057695765462382866,-0.00054756212563671341
0.64749999999999996,-0.00067138671875,-3.1850798804265337e-05,-0.00063953591994573471
0.64762500000000001,0.007904052734375,0.0057008661369812863,0.0022031865973937137
0.64775000000000005,0.01025390625,0.010556260566512198,-0.00030235431651219787
0.64787499999999998,0.013458251953125,0.013796389801116247,-0.00033813784799124717
0.64800000000000002,0.015655517578125,0.014929836670694464,0.00072568090743053634
0.64812499999999995,0.01397705078125,0.013786239212709205,0.0001908115685407951
0.64824999999999999,0.011383056640625,0.010541892394870061,0.00084116424575493912
0.64837500000000003,0.006622314453125,0.0056925751666672521,0.00092973928645774789
0.64849999999999997,9.1552734375e-05,-2.220955788838122e-05,0.00011376229226338122
0.64862500000000001,-0.0047607421875,-0.0057320053261462039,0.00097126313864620388
0.64875000000000005,-0.0107421875,-0.01056798622242556,-0.00017420127757443969
0.64887499999999998,-0.013580322265625,-0.013795160106380424,0.00021483784075542432
0.64900000000000002,-0.014373779296875,-0.014924074693345229,0.00055029539647022917
0.64912499999999995,-0.013153076171875,-0.013785049243310131,0.00063197307143513133
0.64924999999999999,-0.01129150390625,-0.010553673910443781,-0.00073782999580621934
0.64937500000000004,-0.006134033203125,-0.0057237454300857306,-0.00041028777303926938
0.64949999999999997,-0.000579833984375,-3.1810003820440216e-05,-0.00054802398055455977
0.64962500000000001,0.006378173828125,0.0056551562427952827,0.00072301758532971726
0.64975000000000005,0.01275634765625,0.010471801227791511,0.0022845464284584893
0.64987499999999998,0.0128173828125,0.013686071561842806,-0.00086868874934280596
0.65000000000000002,0.01348876953125,0.014810471989307026,-0.0013217024580570256
0.65012499999999995,0.01409912109375,0.013676000268711738,0.00042312082503826245
0.65024999999999999,0.011383056640625,0.010457544558475711,0.00092551208214928897
0.65037500000000004,0.004425048828125,0.0056469273050396467,-0.0012218784769146467
0.65049999999999997,0.000335693359375,-2.2250180779832238e-05,0.00035794354015483221
0.65062500000000001,-0.004730224609375,-0.0056864781852106151,0.00095625357583561509
0.65075000000000005,-0.0113525390625,-0.010483864570532877,-0.00086867449196712312
0.65087499999999998,-0.01385498046875,-0.013685282948305828,-0.00016969752044417204
0.65100000000000002,-0.01580810546875,-0.0148051872669139,-0.0010029182018361001
0.65112499999999995,-0.01336669921875,-0.013675251070326612,0.00030855185157661197
0.65125,-0.010955810546875,-0.010469663327735643,-0.00048614721913935698
0.65137500000000004,-0.00689697265625,-0.0056782800902477311,-0.0012186925660022689
0.65149999999999997,0.0009765625,-3.1769552297374596e-05,0.0010083320522973746
0.65162500000000001,0.005218505859375,0.0056098111244422509,-0.00039130526506725091
0.65175000000000005,0.00897216796875,0.010388015912581363,-0.0014158479438313634
0.65187499999999998,0.013092041015625,0.013576633721408967,-0.0004845927057839667
0.65200000000000002,0.01409912109375,0.014692059909626711,-0.00059293881587671113
0.65212499999999995,0.014251708984375,0.013566641104398132,0.00068506787997686842
0.65225,0.01171875,0.010373869880991834,0.0013448801190081659
0.65237500000000004,0.00592041015625,0.0056016437571857281,0.00031876639906427192
0.65249999999999997,-0.000274658203125,-2.2290461655462856e-05,-0.00025236774146953717
0.65262500000000001,-0.004791259765625,-0.0056413143616935732,0.00085005459606857323
0.65275000000000005,-0.009185791015625,-0.010400414247257963,0.0012146232316329626
0.65287499999999998,-0.012939453125,-0.013576282669005818,0.00063682954400581804
0.65300000000000002,-0.013641357421875,-0.014687248633409068,0.0010458912115340682
0.65312499999999996,-0.013580322265625,-0.013566329159382736,-1.3993106242263589e-05
0.65325,-0.009918212890625,-0.010386323212400963,0.00046811032177596253
0.65337500000000004,-0.003875732421875,-0.0056331776074842535,0.0017574451856092535
0.65349999999999997,-0.001617431640625,-3.1729441351254176e-05,-0.0015857021992737458
0.65362500000000001,0.00555419921875,0.0055648278709242455,-1.0628652174245537e-05
0.65375000000000005,0.009918212890625,0.010304899241870976,-0.00038668635124597568
0.65387499999999998,0.014434814453125,0.013468069253760104,0.00096674519936489588
0.65400000000000003,0.014434814453125,0.014574592829320892,-0.00013977837619589227
0.65412499999999996,0.012451171875,0.013458154698543359,-0.0010069828235433585
0.65425,0.01025390625,0.010290862990103775,-3.6956740103774588e-05
0.65437500000000004,0.007049560546875,0.0055567216155286312,0.0014928389313463688
0.65449999999999997,-0.000518798828125,-2.233040338698497e-05,-0.00049646842473801507
0.65462500000000001,-0.007781982421875,-0.0055965109562356279,-0.0021854714656393721
0.65475000000000005,-0.010955810546875,-0.010317629895096499,-0.00063818065177850131
0.65487499999999998,-0.01641845703125,-0.013468152270517767,-0.0029503047607322332
0.65500000000000003,-0.014984130859375,-0.01457025122089446,-0.00041387963848053995
0.65512499999999996,-0.01385498046875,-0.013458276517326619,-0.00039670395142338104
0.65525,-0.00994873046875,-0.010303648213605576,0.00035491774485557626
0.65537500000000004,-0.0062255859375,-0.0055884350858443101,-0.00063715085165568994
0.65549999999999997,0.001617431640625,-3.1689668122418787e-05,0.0016491213087474188
0.65562500000000001,0.0045166015625,0.0055202035944737788,-0.0010036020319737788
0.65575000000000006,0.01123046875,0.010222445879576512,0.0010080228704234875
0.65587499999999999,0.0128173828125,0.013360371188909457,-0.00054298837640945688
0.65600000000000003,0.01385498046875,0.014458063206728109,-0.00060308273797810875
0.65612499999999996,0.0157470703125,0.013350534085957695,0.0023965362265423052
0.65625,0.01116943359375,0.010208518556374354,0.00096091503737564567
0.65637500000000004,0.005584716796875,0.0055121579956998639,7.2558801175136127e-05
0.65649999999999997,0.000457763671875,-2.2370008822057489e-05,0.00048013368069705747
0.65662500000000001,-0.0054931640625,-0.0055520650926149089,5.8901030114908923e-05
0.65674999999999994,-0.010345458984375,-0.01023550619929715,-0.00010995278507784992
0.65687499999999999,-0.011077880859375,-0.013360884810722748,0.0022830039513477476
0.65700000000000003,-0.01422119140625,-0.014454187517862385,0.0002329961116123852
0.65712499999999996,-0.012725830078125,-0.01335108620681762,0.00062525612869262018
0.65725,-0.01043701171875,-0.010221633023221358,-0.00021537869552864207
0.65737500000000004,-0.006134033203125,-0.0055440496524924721,-0.00058998355063252794
0.65749999999999997,-0.00042724609375,-3.1650229771886729e-05,-0.00039559586397811328
0.65762500000000002,0.004638671875,0.0054759354303714576,-0.00083726355537145757
0.65774999999999995,0.010040283203125,0.010140650532196168,-0.0001003673290711684
0.65787499999999999,0.013336181640625,0.01325353261249833,8.2649028126670007e-05
0.65800000000000003,0.014312744140625,0.014342463560373876,-2.9719419748875514e-05
0.65812499999999996,0.012054443359375,0.013243772357038244,-0.0011893289976632436
0.65825,0.008514404296875,0.010126831292899289,-0.0016124269960242892
0.65837500000000004,0.004669189453125,0.0054679500363509579,-0.0007987605832259579
0.65849999999999997,0.00054931640625,-2.2409280787748048e-05,0.00057172568703774801
0.65862500000000002,-0.004974365234375,-0.0055079739175654891,0.00053360868319048908
0.65874999999999995,-0.011932373046875,-0.01015403788752965,-0.0017783351593453501
0.65887499999999999,-0.012725830078125,-0.013254473402907472,0.00052864332478247227
0.65900000000000003,-0.01641845703125,-0.014339050072751491,-0.0020794069584985087
0.65912499999999996,-0.0147705078125,-0.013244751345879671,-0.0015257564666203288
0.65925,-0.01025390625,-0.010140272375483008,-0.00011363387451699195
0.65937500000000004,-0.005584716796875,-0.005500018457521307,-8.4698339353692954e-05
0.65949999999999998,0.000885009765625,-3.1611123494275915e-05,0.00091662088911927597
0.65962500000000002,0.00567626953125,0.0054320205367499623,0.00024424899450003774
0.65974999999999995,0.011260986328125,0.010059507948479594,0.001201478379645406
0.65987499999999999,0.011810302734375,0.013147546665347048,-0.0013372439309720478
0.66000000000000003,0.013153076171875,0.014227786468490374,-0.0010747102966153742
0.66012499999999996,0.01220703125,0.013137862657324065,-0.00093083140732406512
0.66025,0.010986328125,0.010045795954967757,0.00094053217003224263
0.66037500000000005,0.005584716796875,0.0054240948989697571,0.00016062189790524289
0.66049999999999998,-0.001434326171875,-2.2448222077663526e-05,-0.0014118779497973365
0.66062500000000002,-0.005645751953125,-0.005464234600582151,-0.00018151735254284904
0.66074999999999995,-0.010711669921875,-0.010073219729532325,-0.00063845019234267525
0.66087499999999999,-0.0140380859375,-0.013148911215317072,-0.00088917472218292756
0.66100000000000003,-0.014678955078125,-0.014224831493468348,-0.00045412358465665194
0.66112499999999996,-0.013641357421875,-0.013139265107458187,-0.00050209231441681289
0.66125,-0.01171875,-0.010059561046647705,-0.0016591889533522954
0.66137500000000005,-0.004150390625,-0.0054563386737653949,0.0013059480487653949
0.66149999999999998,0.001007080078125,-3.1572346497884003e-05,0.0010386524246228841
0.66162500000000002,0.004974365234375,0.0053884560944298179,-0.00041409086005481793
0.66174999999999995,0.00823974609375,0.0099790129190768517,-0.0017392668253268517
0.66187499999999999,0.013946533203125,0.01304240654301587,0.00090412666010913044
0.66200000000000003,0.013153076171875,0.01411402456853993,-0.00096094839666492973
0.66212499999999996,0.013427734375,0.01303279818706107,0.00039493618793893029
0.66225000000000001,0.011627197265625,0.0099654073397233839,0.0016617899259016161
0.66237500000000005,0.00457763671875,0.0053805897676951955,-0.00080295304894519547
0.66249999999999998,-0.000457763671875,-2.2486835471790195e-05,-0.00043527683640320978
0.66262500000000002,-0.0062255859375,-0.0054208443337568149,-0.0008047416037431851
0.66274999999999995,-0.009613037109375,-0.0099930465367856786,0.00038000942741067863
0.66287499999999999,-0.014129638671875,-0.013044191470717732,-0.0010854472011572677
0.66300000000000003,-0.0147705078125,-0.014111524446912875,-0.00065898336558712495
0.66312499999999996,-0.01416015625,-0.013034620718986699,-0.0011255355310133015
0.66325000000000001,-0.00885009765625,-0.0099794938546688573,0.0011293961984188573
0.66337500000000005,-0.006683349609375,-0.0054130074966317471,-0.0012703421127432529
0.66349999999999998,-0.00042724609375,-3.1533896017665511e-05,-0.00039571219773233452
0.66362500000000002,0.005645751953125,0.0053452393067262528,0.0003005126463987472
0.66374999999999995,0.012481689453125,0.0098991602762155233,0.0025825291769094767
0.66387499999999999,0.012725830078125,0.012938105495368155,-0.00021227541724315457
0.66400000000000003,0.01422119140625,0.01400117055674233,0.0002200208495076704
0.66412499999999997,0.012786865234375,0.012928572200757986,-0.00014170696638298591
0.66425000000000001,0.010589599609375,0.0098856602858392942,0.00070393932353570582
0.66437500000000005,0.00531005859375,0.0053374318491483698,-2.7373255398369795e-05
0.66449999999999998,0.000244140625,-2.2525123723568464e-05,0.00026666574872356846
0.66462500000000002,-0.003662109375,-0.0053778003315861633,0.0017156909565861633
0.66474999999999995,-0.007904052734375,-0.0099135131621791717,0.0020094604278041717
0.66487499999999999,-0.012969970703125,-0.012940307445962843,-2.9663257162157106e-05
0.66500000000000004,-0.01373291015625,-0.013999121658507505,0.00026621150225750526
0.66512499999999997,-0.012908935546875,-0.012930811461944592,2.1875915069592342e-05
0.66525000000000001,-0.0096435546875,-0.0099000656588496307,0.00025651097134963066
0.66537500000000005,-0.005645751953125,-0.0053700221439017858,-0.00027572980922321421
0.66549999999999998,0.000579833984375,-3.1495769311736503e-05,0.00061132975368673648
0.66562500000000002,0.00567626953125,0.0053023673992727031,0.00037390213197729689
0.66574999999999995,0.010467529296875,0.0098199448933575708,0.0006475844035174292
0.66587499999999999,0.0118408203125,0.012834636826138184,-0.00099381651363818387
0.66600000000000004,0.013916015625,0.013889217187605917,2.6798437394082511e-05
0.66612499999999997,0.013427734375,0.012825178006758264,0.00060255636824173633
0.66625000000000001,0.00927734375,0.0098065496731730654,-0.00052920592317306538
0.66637500000000005,0.006134033203125,0.0052946183722353364,0.00083941483088966363
0.66649999999999998,6.103515625e-05,-2.2563089563374214e-05,8.3598245813374208e-05
0.66662500000000002,-0.00457763671875,-0.0053350998307958603,0.00075746311204586032
0.66674999999999995,-0.010101318359375,-0.0098346144996717764,-0.00026670385970322362
0.666875,-0.0120849609375,-0.012837252471556457,0.00075229153405645746
0.66700000000000004,-0.014068603515625,-0.013887615911730182,-0.00018098760389481834
0.66712499999999997,-0.0130615234375,-0.012827830671430732,-0.00023369276606926767
0.66725000000000001,-0.0086669921875,-0.0098212713595220904,0.0011542791720220904
0.66737500000000005,-0.005584716796875,-0.0053273798555646878,-0.00025733694131031219
0.66749999999999998,0.000152587890625,-3.1457963658035748e-05,0.00018404585428303575
0.66762500000000002,0.003936767578125,0.0052598376198427091,-0.0013230700417177091
0.66774999999999995,0.007965087890625,0.0097413616848838046,-0.0017762737942588046
0.667875,0.013580322265625,0.0127319938924964,0.00084832837312859982
0.66800000000000004,0.01361083984375,0.013778157273462387,-0.00016731742971238736
0.66812499999999997,0.014129638671875,0.012722608966809197,0.0014070297050658032
0.66825000000000001,0.0087890625,0.0097280704224470983,-0.00093900792244709826
0.66837500000000005,0.005340576171875,0.0052521465879811005,8.8429583893899488e-05
0.66849999999999998,-0.0009765625,-2.26007357018442e-05,-0.00095396176429815582
0.66862500000000002,-0.004638671875,-0.005292740090166048,0.00065406821516604801
0.66874999999999996,-0.0103759765625,-0.0097563454839777203,-0.00061963107852227965
0.668875,-0.0135498046875,-0.012735019931232444,-0.00081478475626755621
0.66900000000000004,-0.01239013671875,-0.013777000047651004,0.001386863328901004
0.66912499999999997,-0.0135498046875,-0.012725671735734294,-0.00082413295176570617
0.66925000000000001,-0.007904052734375,-0.0097431058977174665,0.0018390531633424665
0.66937500000000005,-0.005279541015625,-0.0052850778936371643,5.5368780121642716e-06
0.66949999999999998,-0.000335693359375,-3.1420476366738794e-05,-0.0003042728830082612
0.66962500000000003,0.00634765625,0.0052176472381761166,0.0011300090118238834
0.66974999999999996,0.01031494140625,0.009663405605758308,0.00065153580049169199
0.669875,0.014068603515625,0.012630170104630245,0.001438433410994755
0.67000000000000004,0.014923095703125,0.013667983684005352,0.0012551120191196478
0.67012499999999997,0.01202392578125,0.012620858495635722,-0.00059693271438572212
0.67025000000000001,0.01055908203125,0.0096502174949202532,0.00090886453632974679
0.67037500000000005,0.0052490234375,0.0052100137693501282,3.9009668149871807e-05
0.67049999999999998,-0.001068115234375,-2.2638064817511617e-05,-0.0010454771695574884
0.67062500000000003,-0.0057373046875,-0.005250718390343777,-0.00048658629715622303
0.67074999999999996,-0.01007080078125,-0.009678701090232238,-0.00039209969101776203
0.670875,-0.0120849609375,-0.012633603261524811,0.00054864232402481068
0.67100000000000004,-0.01446533203125,-0.013667266964472629,-0.00079806506677737067
0.67112499999999997,-0.01165771484375,-0.012624328095909099,0.000966613252159099
0.67125000000000001,-0.0096435546875,-0.0096655642548413578,2.2009567341357839e-05
0.67137500000000006,-0.006072998046875,-0.0052431135419876663,-0.00082988450488733368
0.67149999999999999,-0.0013427734375,-3.1383304761120732e-05,-0.0013113901327388793
0.67162500000000003,0.005706787109375,0.0051757935457922514,0.00053099356358274862
0.67174999999999996,0.00927734375,0.0095860716512068192,-0.0003087279012068192
0.671875,0.01171875,0.012529158925316173,-0.00081040892531617295
0.67200000000000004,0.01287841796875,0.013558689345832526,-0.00068027137708252632
0.67212499999999997,0.01239013671875,0.012519920060516448,-0.00012978334176644811
0.67225000000000001,0.00946044921875,0.009572985892062123,-0.00011253667331212296
0.67237499999999994,0.007293701171875,0.0051682172110741045,0.0021254839608008955
0.67249999999999999,-0.00067138671875,-2.2675079575866789e-05,-0.00064871163917413317
0.67262500000000003,-0.00421142578125,-0.0052090320336858602,0.00099760625243586025
0.67274999999999996,-0.00909423828125,-0.0096016763336712434,0.00050743805242124337
0.672875,-0.01190185546875,-0.012532995951347558,0.00063114048259755792
0.67300000000000004,-0.013519287109375,-0.013558409617074317,3.9122507699317424e-05
0.67312499999999997,-0.0123291015625,-0.012523793245357245,0.00019469168285724502
0.67325000000000002,-0.009613037109375,-0.0095886414523493179,-2.4395657025682096e-05
0.67337499999999995,-0.006561279296875,-0.0052014841061648193,-0.0013597951907101807
0.67349999999999999,0.001373291015625,-3.1346446190024009e-05,0.001404637461815024
0.67362500000000003,0.005767822265625,0.0051342738558334067,0.00063354840979159329
0.67374999999999996,0.012115478515625,0.0095093548563954244,0.0026061236592295756
0.673875,0.010162353515625,0.012428953869501212,-0.0022666003538762119
0.67400000000000004,0.011749267578125,0.013450267241991625,-0.0017009996638666248
0.67412499999999997,0.013275146484375,0.012419787180868974,0.00085535930350602585
0.67425000000000002,0.009307861328125,0.009496370655240869,-0.00018850932711586901
0.67437499999999995,0.00433349609375,0.0051267542294667944,-0.00079325813571679438
0.67449999999999999,0.0009765625,-2.2711782616939136e-05,0.00099927428261693905
0.67462500000000003,-0.004913330078125,-0.0051676783440740524,0.00025434826594905244
0.67474999999999996,-0.0111083984375,-0.0095252662693134735,-0.0015831321681865265
0.674875,-0.0126953125,-0.012433191541576646,-0.00026212095842335394
0.67500000000000004,-0.012847900390625,-0.01345042101655961,0.00060252062593461019
0.67512499999999998,-0.010162353515625,-0.012424060729404234,0.0022617072137792339
0.67525000000000002,-0.00909423828125,-0.0095123325514359473,0.00041809427018594733
0.67537499999999995,-0.00274658203125,-0.0051601869132130405,0.0024136048819630405
0.67549999999999999,0.0006103515625,-3.1309898024500731e-05,0.00064166146052450077
0.67562500000000003,0.005096435546875,0.0050930855028807533,3.3500439942466681e-06
0.67574999999999996,0.008697509765625,0.0094332502961139743,-0.00073574053048897428
0.675875,0.01416015625,0.012329548503887752,0.0018306077461122481
0.67600000000000005,0.0126953125,0.013342710411529849,-0.00064739791152984907
0.67612499999999998,0.01446533203125,0.01232045342782667,0.0021448786034233298
0.67625000000000002,0.009857177734375,0.0094203668653917022,0.0004368108689832978
0.67637499999999995,0.00518798828125,0.0050856221622689098,0.00010236611898109017
0.67649999999999999,-0.000274658203125,-2.2748176558641449e-05,-0.00025191002656635853
0.67662500000000003,-0.004638671875,-0.0051266546667461674,0.00048798279174616741
0.67674999999999996,-0.00958251953125,-0.0094494659916343569,-0.00013305353961564313
0.676875,-0.012054443359375,-0.012334183624636477,0.00027974026526147652
0.67700000000000005,-0.014190673828125,-0.013343294229807633,-0.00084737959831736667
0.67712499999999998,-0.013427734375,-0.01232512414488933,-0.0011026102301106705
0.67725000000000002,-0.010162353515625,-0.0094366326527046841,-0.00072572086292031594
0.67737499999999995,-0.00323486328125,-0.005119219311518014,0.001884356030268014
0.67749999999999999,0.000335693359375,-3.1273657657626996e-05,0.00036696701703262699
0.67762500000000003,0.00531005859375,0.0050522258427861408,0.00025783275096385918
0.67774999999999996,0.008819580078125,0.0093577530844512462,-0.00053817300632624625
0.67787500000000001,0.01300048828125,0.012230936446515869,0.00076955183473413104
0.67800000000000005,0.011871337890625,0.013236011949046967,-0.0013646740584219667
0.67812499999999998,0.011871337890625,0.012221912423830713,-0.00035057453320571329
0.67825000000000002,0.0089111328125,0.0093449696427098349,-0.00043383683020983485
0.67837499999999995,0.00372314453125,0.0050448183684629177,-0.0013216738372129177
0.67849999999999999,0.000213623046875,-2.2784263999964384e-05,0.00023640731087496439
0.67862500000000003,-0.003631591796875,-0.0050859583681256539,0.0014543665712506539
0.67874999999999996,-0.009307861328125,-0.0093742706342640932,6.6409306139093155e-05
0.67887500000000001,-0.012939453125,-0.012235965844083872,-0.00070348728091612807
0.67900000000000005,-0.013580322265625,-0.013237022379027975,-0.000343299886597025
0.67912499999999998,-0.013092041015625,-0.012226977139753249,-0.00086506387587175111
0.67925000000000002,-0.009033203125,-0.0093615368958619941,0.00032833377086199413
0.67937499999999995,-0.00494384765625,-0.0050785786706222472,0.00013473101437224723
0.67949999999999999,0.000732421875,-3.1237722501321215e-05,0.00076365959750132118
0.67962500000000003,0.005157470703125,0.0050116922525051191,0.00014577845061988087
0.67974999999999997,0.009674072265625,0.0092828583744942548,0.00039121389113074521
0.67987500000000001,0.01104736328125,0.012133111366360609,-0.0010857480851106088
0.68000000000000005,0.011962890625,0.013130165004251992,-0.0011672743792519921
0.68012499999999998,0.0120849609375,0.012124157842219411,-3.9196904719410522e-05
0.68025000000000002,0.009521484375,0.0092701741463349727,0.00025131022866502727
0.68037499999999995,0.005218505859375,0.0050043402281174853,0.00021416563125751468
0.68049999999999999,0.000701904296875,-2.2820047509097254e-05,0.00072472434438409724
0.68062500000000004,-0.004791259765625,-0.0050455868356552858,0.00025432707003028576
0.68074999999999997,-0.009796142578125,-0.0092996753696665477,-0.00049646720845845232
0.68087500000000001,-0.013763427734375,-0.01213853189420697,-0.0016248958401680301
0.68100000000000005,-0.012542724609375,-0.013131598641319114,0.00058887403194411367
0.68112499999999998,-0.013580322265625,-0.012129613412630332,-0.0014507088529946682
0.68125000000000002,-0.0101318359375,-0.00928704045940313,-0.00084479547809687
0.68137499999999995,-0.005615234375,-0.0050382623810701381,-0.00057697199392986193
0.68149999999999999,-0.000335693359375,-3.1202089998175874e-05,-0.00030449126937682412
0.68162500000000004,0.005523681640625,0.004971482129917452,0.00055219951070754805
0.68174999999999997,0.00927734375,0.0092085613580083995,6.8782391991600508e-05
0.68187500000000001,0.011932373046875,0.012036066982920819,-0.00010369393604581917
0.68200000000000005,0.01324462890625,0.01302516278152336,0.00021946612472664023
0.68212499999999998,0.0120849609375,0.012027183406820869,5.7777530679131023e-05
0.68225000000000002,0.009552001953125,0.009195975574040522,0.00035602637908447796
0.68237499999999995,0.004241943359375,0.0049641851422025027,-0.00072224178282750268
0.6825,0.00054931640625,-2.2855529641739839e-05,0.00057217193589173987
0.68262500000000004,-0.0064697265625,-0.005005537477618391,-0.001464189084881609
0.68274999999999997,-0.009185791015625,-0.0092256754088314904,3.9884393206490384e-05
0.68287500000000001,-0.010467529296875,-0.012041875519615705,0.0015743462227407051
0.68300000000000005,-0.011932373046875,-0.013027016248230364,0.001094643201355364
0.68312499999999998,-0.0115966796875,-0.012033026712442871,0.00043634702494287081
0.68325000000000002,-0.008575439453125,-0.0092131385603004771,0.00063769910717547708
0.68337499999999995,-0.004364013671875,-0.0049982678542237246,0.00063425418234872456
0.6835,0.000152587890625,-3.1166757603218942e-05,0.00018375464822821894
0.68362500000000004,0.00518798828125,0.0049315928936767449,0.00025639538757325515
0.68374999999999997,0.008941650390625,0.0091348572651309586,-0.00019320687450595855
0.68387500000000001,0.0115966796875,0.011939797065817133,-0.00034311737831713325
0.68400000000000005,0.0115966796875,0.012920998539472634,-0.0013243188519726345
0.68412499999999998,0.012451171875,0.011930982891554621,0.00052018898344537851
0.68425000000000002,0.008758544921875,0.0091223691619231675,-0.00036382424004816755
0.68437499999999996,0.004974365234375,0.0049243505324333969,5.0014701941603068e-05
0.6845,0.001800537109375,-2.2890712929171708e-05,0.0018234278223041717
0.68462500000000004,-0.003875732421875,-0.0049658077229890905,0.0010900753011140905
0.68474999999999997,-0.0091552734375,-0.0091522660009671422,-3.0074365328577879e-06
0.68487500000000001,-0.01385498046875,-0.011945990514841397,-0.001908989953908603
0.68500000000000005,-0.012725830078125,-0.012923268485327344,0.00019743840720234419
0.68512499999999998,-0.01116943359375,-0.01193721083800427,0.00076777724425427032
0.68525000000000003,-0.008819580078125,-0.0091398264537048135,0.0003202463755798135
0.68537499999999996,-0.005096435546875,-0.004958592522107644,-0.00013784302476735604
0.6855,0.001556396484375,-3.1131722795796913e-05,0.001587528207170797
0.68562500000000004,0.004669189453125,0.0048920219830335954,-0.00022283252990859537
0.68574999999999997,0.0084228515625,0.0090617413640669241,-0.00063888980156692407
0.68587500000000001,0.0115966796875,0.01184429543439307,-0.0002476157468930696
0.68600000000000005,0.012725830078125,0.012817665590511706,-9.1835512386706161e-05
0.68612499999999998,0.010986328125,0.011835550120025027,-0.00084922199502502661
0.68625000000000003,0.009796142578125,0.0090493501841053467,0.00074679239401965331
0.68637499999999996,0.00494384765625,0.0048848338411027819,5.9013815147218075e-05
0.6865,0.000244140625,-2.2925599881464833e-05,0.00026706622488146484
0.68662500000000004,-0.0052490234375,-0.0049263950212561384,-0.00032262841624386158
0.68674999999999997,-0.00762939453125,-0.0090794424331972524,0.0014500479019472524
0.68687500000000001,-0.0107421875,-0.011850870723939455,0.0011086832239394547
0.68700000000000006,-0.01397705078125,-0.01282034869176088,-0.00115670208948912
0.68712499999999999,-0.0133056640625,-0.011842159637614126,-0.0014635044248858739
0.68725000000000003,-0.008941650390625,-0.0090670994326281229,0.0001254490420031229
0.68737499999999996,-0.0057373046875,-0.0049192338372414327,-0.00081807085025856728
0.6875,0.000946044921875,-3.1096983076375027e-05,0.00097714190495137507
0.68762500000000004,0.00347900390625,0.0048527668576739897,-0.0013737629514239897
0.68774999999999997,0.008026123046875,0.0089892089607769426,-0.00096308591390194265
0.68787500000000001,0.01141357421875,0.011749555957313763,-0.00033598173856376305
0.68799999999999994,0.012542724609375,0.012715157300423434,-0.00017243269104843389
0.68812499999999999,0.01171875,0.011740878965129296,-2.2128965129295658e-05
0.68825000000000003,0.012054443359375,0.0089769139524193079,0.0030775294069556921
0.68837499999999996,0.0025634765625,0.0048456325309162301,-0.0022821559684162301
0.6885,-0.00146484375,-2.2960192987660863e-05,-0.0014418835570123392
0.68862500000000004,-0.004058837890625,-0.0048872968422619817,0.00082845895163698169
0.68874999999999997,-0.009063720703125,-0.0090072000302502502,-5.652067287474985e-05
0.68887500000000002,-0.0128173828125,-0.011756510040089685,-0.0010608727724103154
0.68899999999999995,-0.012603759765625,-0.012718250259839364,0.00011449049421436396
0.68912499999999999,-0.013427734375,-0.011747867008667794,-0.0016798673663322057
0.68925000000000003,-0.007293701171875,-0.0089949528276497548,0.0017012516557747548
0.68937499999999996,-0.00494384765625,-0.0048801892724733113,-6.3658383776688671e-05
0.6895,0.001220703125,-3.1062535963480908e-05,0.0012517656609634809
0.68962500000000004,0.005859375,0.0048138249975562255,0.0010455500024437745
0.68974999999999997,0.00921630859375,0.0089172553986884024,0.0002990531950615976
0.68987500000000002,0.01214599609375,0.011655572552179045,0.000490423541570955
0.68999999999999995,0.01251220703125,0.01261346708793569,-0.00010126005668568971
0.69012499999999999,0.011993408203125,0.011646963348662982,0.00034644485446201807
0.69025000000000003,0.00628662109375,0.0089050558161144627,-0.0026184347223644627
0.69037499999999996,0.00439453125,0.0048067440848267159,-0.00041221283482671591
0.6905,-0.002105712890625,-2.2994494718815309e-05,-0.0020827183959061849
0.69062500000000004,-0.003082275390625,-0.0048485106760429737,0.0017662352854179737
0.69074999999999998,-0.008758544921875,-0.008935534154171523,0.00017698923229652296
0.69087500000000002,-0.01300048828125,-0.011662902405210949,-0.0013375858760390508
0.69099999999999995,-0.011993408203125,-0.012616966634604532,0.00062355843147953241
0.69112499999999999,-0.01287841796875,-0.011654326897263456,-0.0012240910714865442
0.69125000000000003,-0.009613037109375,-0.0089233820066145324,-0.00068965510276046763
0.69137499999999996,-0.0062255859375,-0.0048414563208285816,-0.0013841296166714184
0.6915,0.000244140625,-3.102837900507193e-05,0.0002751690040050719
0.69162500000000005,0.005523681640625,0.0047751939027517679,0.00074848773787323207
0.69174999999999998,0.00689697265625,0.0088458760583881735,-0.0019489034021381735
0.69187500000000002,0.013031005859375,0.01156233918512845,0.0014686666742465496
0.69199999999999995,0.012298583984375,0.012512588424298849,-0.00021400443992384936
0.69212499999999999,0.01031494140625,0.011553797240929723,-0.0012388558346797234
0.69225000000000003,0.009307861328125,0.008833771161556701,0.00047409016656829901
0.69237499999999996,0.006195068359375,0.0047681660058836112,0.0014269023534913888
0.6925,-0.000823974609375,-2.3028507516675513e-05,-0.00080094610185832448
0.69262500000000005,-0.0048828125,-0.0048100340326576244,-7.2778467342375641e-05
0.69274999999999998,-0.009735107421875,-0.008864440204017358,-0.00087066721785764196
0.69287500000000002,-0.01263427734375,-0.011570041809567744,-0.0010642355341822559
0.69299999999999995,-0.0142822265625,-0.012516491313410615,-0.0017657352490893855
0.69312499999999999,-0.012542724609375,-0.011561533297812336,-0.00098119131156266387
0.69325000000000003,-0.010528564453125,-0.0088523823743333497,-0.0016761820787916503
0.69337499999999996,-0.00531005859375,-0.004803032495332627,-0.00050702609841737304
0.69350000000000001,-0.001251220703125,-3.0994509761013262e-05,-0.0012202261933639868
0.69362500000000005,0.00482177734375,0.0047368710932741967,8.4906250475803337e-05
0.69374999999999998,0.00921630859375,0.00877506635732812,0.00044124223642188001
0.69387500000000002,0.011993408203125,0.011469849870454962,0.00052355833267003771
0.69399999999999995,0.012969970703125,0.012412514832866631,0.00055745587025836894
0.69412499999999999,0.011749267578125,0.011461374660353039,0.00028789291777196052
0.69425000000000003,0.00860595703125,0.0087630554119301624,-0.00015709838068016235
0.69437499999999996,0.00341796875,0.004729895817056403,-0.001311927067056403
0.69450000000000001,-0.000946044921875,-2.3062233811132582e-05,-0.00092298268806386742
0.69462500000000005,-0.004730224609375,-0.0047718644420427243,4.1639832667724266e-05
0.69474999999999998,-0.00982666015625,-0.0087939136155616385,-0.0010327465406883615
0.69487500000000002,-0.0113525390625,-0.011477922291385466,0.00012538322888546588
0.69499999999999995,-0.0118408203125,-0.012416817845506847,0.00057599753300684696
0.69512499999999999,-0.011077880859375,-0.011469480252657508,0.00039159939328250841
0.69525000000000003,-0.0086669921875,-0.0087819493722961564,0.00011495718479615641
0.69537499999999997,-0.00543212890625,-0.0047649153288619366,-0.00066721357738806341
0.69550000000000001,0.00030517578125,-3.0960925814494501e-05,0.00033613670706449453
0.69562500000000005,0.005096435546875,0.0046988541089358826,0.00039758143793911741
0.69574999999999998,0.007781982421875,0.0087048217495308972,-0.00092283932765589716
0.69587500000000002,0.0118408203125,0.011378098670220724,0.00046272164227927591
0.69599999999999995,0.01153564453125,0.012313239888680267,-0.00077759535743026666
0.69612499999999999,0.013519287109375,0.011369689673096638,0.002149597436278362
0.69625000000000004,0.008209228515625,0.0086929040269514094,-0.00048367551132640942
0.69637499999999997,0.00567626953125,0.0046919310610863095,0.0009843384701636905
0.69650000000000001,-6.103515625e-05,-2.3095676008850326e-05,-3.7939480241149674e-05
0.69662500000000005,-0.004486083984375,-0.0047339994538440977,0.00024791546946909774
0.69674999999999998,-0.0091552734375,-0.0087239498610048125,-0.00043132357649518747
0.69687500000000002,-0.010345458984375,-0.011386537936468768,0.0010410789520937675
0.69699999999999995,-0.011505126953125,-0.012317939831623336,0.00081281287849833614
0.69712499999999999,-0.013397216796875,-0.011378161851684809,-0.002019054945190191
0.69725000000000004,-0.00604248046875,-0.0087120784783672189,0.0026695980096172189
0.69737499999999997,-0.00482177734375,-0.0047271023739830142,-9.4674969766985785e-05
0.69750000000000001,-0.000335693359375,-3.0927624768955928e-05,-0.0003047657346060441
0.69762500000000005,0.00384521484375,0.0046611405091794428,-0.00081592566542944278
0.69774999999999998,0.009613037109375,0.0086351377253000763,0.00097789938407492373
0.69787500000000002,0.011688232421875,0.011287079693876885,0.00040115272799811502
0.69799999999999995,0.012664794921875,0.012214757218056007,0.00045003770381899302
0.698125,0.010589599609375,0.011278736392676915,-0.00068913678330191457
0.69825000000000004,0.008026123046875,0.008623312502565865,-0.00059718945569086496
0.69837499999999997,0.00604248046875,0.0046542693003258362,0.0013882111684241638
0.69850000000000001,0.00177001953125,-2.31288364963267e-05,0.0017931483677463267
0.69862500000000005,-0.00445556640625,-0.0046964366372619862,0.00024087023101198625
0.69874999999999998,-0.007049560546875,-0.008654544448675262,0.001604983901800262
0.69887500000000002,-0.013458251953125,-0.011295882877817534,-0.0021623690753074659
0.69899999999999995,-0.012725830078125,-0.012219850923560188,-0.00050597915456481249
0.699125,-0.008636474609375,-0.011287572231947799,0.0026510976225727987
0.69925000000000004,-0.00927734375,-0.0086427652065028341,-0.0006345785434971659
0.69937499999999997,-0.00506591796875,-0.0046895912027952336,-0.00037632676595476637
0.69950000000000001,0.00042724609375,-3.0894604247919176e-05,0.00045814069799791918
0.69962500000000005,0.005462646484375,0.0046237278729237274,0.00083891861145127256
0.69974999999999998,0.00836181640625,0.008566009810922726,-0.00020419340467272597
0.69987500000000002,0.010498046875,0.011196787097881133,-0.00069874022288113347
0.69999999999999996,0.01171875,0.012117060498175927,-0.00039831049817592654
0.700125,0.01055908203125,0.01118850897959044,-0.0006294269483404398
0.70025000000000004,0.010986328125,0.0085542763706647259,0.0024320517543352741
0.70037499999999997,0.005828857421875,0.0046169081165797054,0.0012119493052952946
0.70050000000000001,6.103515625e-05,-2.3161717640062421e-05,8.4196873890062424e-05
0.70062500000000005,-0.00445556640625,-0.0046591735808975314,0.00020360717464753143
0.70074999999999998,-0.008087158203125,-0.0085856929227548177,0.00049853471962981767
0.70087500000000003,-0.01202392578125,-0.011205951295255638,-0.0008179744859943619
0.70099999999999996,-0.012176513671875,-0.012122544823779953,-5.396884809504704e-05
0.701125,-0.011077880859375,-0.011197705577289156,0.00011982471791415622
0.70125000000000004,-0.0096435546875,-0.0085740051064632367,-0.0010695495810367633
0.70137499999999997,-0.004791259765625,-0.0046523794067749469,-0.00013888035885005305
0.70150000000000001,-0.001922607421875,-3.0861861892074714e-05,-0.0018917455599829253
0.70162500000000005,0.003173828125,0.0045866137984083843,-0.0014127856734083843
0.70174999999999998,0.0079345703125,0.0084974335683921237,-0.00056286325589212372
0.70187500000000003,0.012969970703125,0.011107215085330021,0.001862755617794979
0.70199999999999996,0.012054443359375,0.012020143456681965,3.4299902693034692e-05
0.702125,0.01080322265625,0.011099001640932658,-0.00029577898468265834
0.70225000000000004,0.009368896484375,0.008485791198803912,0.00088310528557108796
0.70237499999999997,0.0045166015625,0.0045798451109572754,-6.3243548457275409e-05
0.70250000000000001,-0.00054931640625,-2.3194321786728115e-05,-0.00052612208446327184
0.70262500000000006,-0.004913330078125,-0.0046222078925877794,-0.00029112218553722057
0.70274999999999999,-0.00811767578125,-0.008517390862976917,0.00039971508172691704
0.70287500000000003,-0.010101318359375,-0.011116737415057152,0.0010154190556821516
0.70299999999999996,-0.01263427734375,-0.012026015285003303,-0.00060826205874669678
0.703125,-0.012115478515625,-0.011108556117971518,-0.0010069223976534817
0.70325000000000004,-0.00830078125,-0.0085057937635171464,0.00020501251351714642
0.70337499999999997,-0.00543212890625,-0.0046154645966208366,-0.00081666430962916339
0.70350000000000001,0.00189208984375,-3.0829395367393181e-05,0.0019229192391173931
0.70362499999999994,0.005035400390625,0.0045497959030396801,0.00048560448758531993
0.70374999999999999,0.008026123046875,0.0084294045951226904,-0.00040328154824769043
0.70387500000000003,0.01080322265625,0.011018357905578291,-0.00021513524932829063
0.70399999999999996,0.013519287109375,0.011923999871273256,0.001595287238101744
0.704125,0.011627197265625,0.011010208630036549,0.00061698863558845053
0.70425000000000004,0.00726318359375,0.0084178525899076921,-0.0011546689961576921
0.70437499999999997,0.00482177734375,0.0045430779037132999,0.00027869944003670009
0.70450000000000002,3.0517578125e-05,-2.3226651263330138e-05,5.3744229388330141e-05
0.70462499999999995,-0.004150390625,-0.0045855371992624353,0.00043514657426243532
0.70474999999999999,-0.009307861328125,-0.0084496338843565548,-0.0008582274437684452
0.70487500000000003,-0.010711669921875,-0.011028235509570446,0.00031656558769544568
0.70499999999999996,-0.013153076171875,-0.011930256109807936,-0.0012228200620670645
0.705125,-0.0113525390625,-0.011020118130300681,-0.00033242093219931941
0.70525000000000004,-0.007171630859375,-0.0084381267981777485,0.0012664959388027485
0.70537499999999997,-0.004974365234375,-0.0045788444021005095,-0.00039552083227449054
0.70550000000000002,-0.000732421875,-3.0797202359339168e-05,-0.00070162467264066081
0.70562499999999995,0.00408935546875,0.0045132718232375538,-0.00042391635448755377
0.70574999999999999,0.01031494140625,0.0083619185236595422,0.0019530228825904578
0.70587500000000003,0.01043701171875,0.010930209853877059,-0.0004931981351270591
0.70599999999999996,0.01165771484375,0.011828623569306623,-0.00017090872555662259
0.706125,0.01007080078125,0.010922124246093083,-0.00085132346484308348
0.70625000000000004,0.008270263671875,0.0083504561819942591,-8.0192510119259097e-05
0.70637499999999998,0.005279541015625,0.0045066041340901426,0.00077293688153485737
0.70650000000000002,-0.002899169921875,-2.325870837737496e-05,-0.0028759112134976251
0.70662499999999995,-0.00640869140625,-0.0045491591468013372,-0.0018595322594486628
0.70674999999999999,-0.00927734375,-0.0083824176369009431,-0.00089492611309905691
0.70687500000000003,-0.010589599609375,-0.010940439896855695,0.00035084028748069533
0.70699999999999996,-0.011993408203125,-0.01183526115023072,-0.00015814705289428008
0.707125,-0.01190185546875,-0.010932385936261314,-0.00096946953248868567
0.70725000000000005,-0.0087890625,-0.0083709998659021057,-0.00041806263409789428
0.70737499999999998,-0.006439208984375,-0.0045425164718982947,-0.0018966925124767053
0.70750000000000002,-3.0517578125e-05,-3.0765280567350224e-05,2.4770244235022392e-07
0.70762499999999995,0.00433349609375,0.0044770392142838688,-0.00014354312053386879
0.70774999999999999,0.01019287109375,0.0082949710213982685,0.0018979000723517315
0.70787500000000003,0.01123046875,0.010842765271003382,0.00038770347899661807
0.70799999999999996,0.01153564453125,0.011734008427400256,-0.00019836389615025644
0.708125,0.009796142578125,0.010834742833790517,-0.0010386002556655172
0.70825000000000005,0.0068359375,0.0082835976478917907,-0.0014476601478917907
0.70837499999999998,0.0030517578125,0.0044704214601738127,-0.0014186636476738127
0.70850000000000002,-0.000732421875,-2.329049541970101e-05,-0.00070913137958029894
0.70862499999999995,-0.00555419921875,-0.004513071399855754,-0.001041127818894246
0.70874999999999999,-0.007293701171875,-0.0083157378053321691,0.0010220366334571691
0.70887500000000003,-0.01080322265625,-0.01085334494031494,5.012228406493964e-05
0.70899999999999996,-0.01080322265625,-0.01174102430737292,0.00093780165112291973
0.70912500000000001,-0.011077880859375,-0.010845353903155512,-0.00023252695621948753
0.70925000000000005,-0.00714111328125,-0.0083044086568219017,0.0011632953755719017
0.70937499999999998,-0.004669189453125,-0.0045064784734618266,-0.00016271097966317344
0.70950000000000002,-0.00018310546875,-3.0733627712864426e-05,-0.00015237184103713557
0.70962499999999995,0.00543212890625,0.0044410957501743505,0.00099103315607564947
0.70974999999999999,0.006378173828125,0.0082285577903163185,-0.0018503839621913185
0.70987500000000003,0.010833740234375,0.010756018542897924,7.7721691477076332e-05
0.70999999999999996,0.011871337890625,0.011640148371040637,0.00023118951958436308
0.71012500000000001,0.011138916015625,0.01074805878295022,0.00039085723267478015
0.71025000000000005,0.008514404296875,0.0082172726949682091,0.00029713160190679086
0.71037499999999998,0.004058837890625,0.0044345275587410376,-0.00037568966811603755
0.71050000000000002,-3.0517578125e-05,-2.3322014653943862e-05,-7.1955634710561383e-06
0.71062499999999995,-0.00323486328125,-0.0044772716417185868,0.0012424083604685868
0.71074999999999999,-0.006744384765625,-0.0082495901088120768,0.0015052053431870768
0.71087500000000003,-0.009063720703125,-0.010766945048336363,0.0017032243452113627
0.71099999999999997,-0.011077880859375,-0.011647539531008701,0.00056965867163370071
0.71112500000000001,-0.0107421875,-0.010759016443234924,1.6828943234924176e-05
0.71125000000000005,-0.00927734375,-0.0082383488954648008,-0.0010389948545351992
0.71137499999999998,-0.00390625,-0.0044707280928621149,0.0005644780928621149
0.71150000000000002,-0.001953125,-3.0702241536414701e-05,-0.0019224227584635854
0.71162499999999995,0.00421142578125,0.0044054391234594351,-0.00019401334220943509
0.71174999999999999,0.008544921875,0.0081626745666893742,0.00038224730831062578
0.71187500000000004,0.0098876953125,0.010669964100305598,-0.00078226878780559769
0.71199999999999997,0.012420654296875,0.011547037374192479,0.00087361692268252134
0.71212500000000001,0.01177978515625,0.010662066528165511,0.0011177186280844891
0.71225000000000005,0.00653076171875,0.0081514770648441846,-0.0016207153460941846
0.71237499999999998,0.004974365234375,0.0043989201251101034,0.00057544510926489656
0.71250000000000002,0.00042724609375,-2.3353268332773398e-05,0.00045059936208277342
0.71262499999999995,-0.00445556640625,-0.0044417575741706253,-1.3808832079374722e-05
0.71274999999999999,-0.00933837890625,-0.0081839703006598898,-0.0011544086055901102
0.71287500000000004,-0.0118408203125,-0.010681234673931211,-0.0011595856385687893
0.71299999999999997,-0.012420654296875,-0.011554800819196635,-0.00086585347767836537
0.71312500000000001,-0.01123046875,-0.010673368013346155,-0.00055710073665384517
0.71325000000000005,-0.006103515625,-0.0081728163404780861,0.0020693007154780861
0.71337499999999998,-0.00537109375,-0.0044352630346301755,-0.00093583071536982448
0.71350000000000002,-0.000732421875,-3.0671119794853269e-05,-0.00070175075520514669
0.71362499999999995,0.0045166015625,0.0043700670451109107,0.00014653451738908928
0.71375,0.007904052734375,0.0080973171208195728,-0.00019326438644457281
0.71387500000000004,0.008941650390625,0.010584596418413918,-0.001642946027788918
0.71399999999999997,0.011444091796875,0.011454669458911887,-1.0577662036886579e-05
0.71412500000000001,0.011566162109375,0.010576760548448331,0.00098940156092666882
0.71425000000000005,0.00732421875,0.008086206533127336,-0.00076198778312733598
0.71437499999999998,0.003692626953125,0.0043635968729904568,-0.0006709699198654568
0.71450000000000002,0.00262451171875,-2.3384258687313383e-05,0.0026478959774373133
0.71462499999999995,-0.0040283203125,-0.0044065269173329813,0.0003782066048329813
0.71475,-0.00836181640625,-0.0081188741680908796,-0.00024294223815912036
0.71487500000000004,-0.009521484375,-0.010596208314378665,0.0010747239393786648
0.71499999999999997,-0.01202392578125,-0.011462802217894386,-0.00056112356335561407
0.71512500000000001,-0.008758544921875,-0.010588403114573854,0.0018298581926988536
0.71525000000000005,-0.0074462890625,-0.008107806784363767,0.00066151772186376703
0.71537499999999998,-0.004180908203125,-0.0044000810216195318,0.00021917281849453182
0.71550000000000002,-0.000762939453125,-3.0640260271677709e-05,-0.00073229919285332234
0.71562499999999996,0.003265380859375,0.0043349772443651109,-0.0010695963849901109
0.71575,0.0078125,0.0080324812567657642,-0.0002199812567657642
0.71587500000000004,0.00946044921875,0.01049991001650441,-0.0010394607977544101
0.71599999999999997,0.0128173828125,0.011363038694962531,0.0014543441175374691
0.71612500000000001,0.011749267578125,0.010492135366868761,0.0012571322112562393
0.71625000000000005,0.00933837890625,0.0080214569091390936,0.0013169219971109064
0.71637499999999998,0.00286865234375,0.0043285555343455647,-0.0014599031905955647
0.71650000000000003,0.000732421875,-2.3414987929989385e-05,0.00075583686292998936
0.71662499999999996,-0.004730224609375,-0.0043715774095231356,-0.00035864719985186436
0.71675,-0.008941650390625,-0.0080542975319383581,-0.00088735285868664186
0.71687500000000004,-0.012603759765625,-0.010511860510873567,-0.002091899254751433
0.71699999999999997,-0.01171875,-0.011371537820576457,-0.00034721217942354325
0.71712500000000001,-0.011444091796875,-0.010504116291886642,-0.00093997550498835757
0.71725000000000005,-0.0074462890625,-0.0080433160531972886,0.0005970269906972886
0.71737499999999998,-0.00433349609375,-0.0043651797948575143,3.1683701107514291e-05
0.71750000000000003,0.000335693359375,-3.0609660761115925e-05,0.00036630302013611593
0.71762499999999996,0.00299072265625,0.0043001674685795915,-0.0013094448123295915
0.71775,0.009765625,0.0079681628120668001,0.0017974621879331999
0.71787500000000004,0.010406494140625,0.010415899457596666,-9.4053169716664525e-06
0.71799999999999997,0.0106201171875,0.011272139199434933,-0.00065202201193493257
0.71812500000000001,0.010009765625,0.010408185550207392,-0.00039841992520739215
0.71825000000000006,0.0079345703125,0.0079572240356438288,-2.2653723143828755e-05
0.71837499999999999,0.005584716796875,0.0042937938592327767,0.0012909229376422233
0.71850000000000003,-0.000457763671875,-2.3445458254685131e-05,-0.00043431821362031485
0.71862499999999996,-0.00555419921875,-0.0043369068071001772,-0.0012172924116498228
0.71875,-0.00750732421875,-0.0079902362463872643,0.00048291202763726428
0.71887500000000004,-0.011077880859375,-0.010428185848172004,-0.00064969501120299561
0.71899999999999997,-0.012237548828125,-0.011281001767854949,-0.0009565470602700514
0.71912500000000001,-0.009918212890625,-0.010420502133790885,0.00050228924316588451
0.71924999999999994,-0.006591796875,-0.0079793400063669796,0.0013875431313669796
0.71937499999999999,-0.0048828125,-0.0043305571133978732,-0.00055225538660212681
0.71950000000000003,-0.00054931640625,-3.05793190784969e-05,-0.00051873708717150311
0.71962499999999996,0.004852294921875,0.0042656354830885425,0.00058665943878645748
0.71975,0.00897216796875,0.0079043576574853395,0.0010678103112646605
0.71987500000000004,0.009002685546875,0.010332559348100305,-0.0013298738012253054
0.71999999999999997,0.011383056640625,0.01118196513636874,0.00020109150425626048
0.72012500000000002,0.010040283203125,0.010324905708605515,-0.00028462250548051508
0.72024999999999995,0.008941650390625,0.0078935037885946198,0.0010481466020303802
0.72037499999999999,0.0023193359375,0.0042593096156685545,-0.0019399736781685545
0.72050000000000003,0.001190185546875,-2.3475671839441052e-05,0.0012136612187144411
0.72062499999999996,-0.003814697265625,-0.0043025128843351343,0.00048781561871013429
0.72075,-0.008392333984375,-0.0079266861987098147,-0.00046564778566518528
0.72087500000000004,-0.010772705078125,-0.010345178954249565,-0.0004275261238754352
0.72099999999999997,-0.011566162109375,-0.011191188247103414,-0.0003749738622715864
0.72112500000000002,-0.010498046875,-0.010337555271977262,-0.0001604916030227381
0.72124999999999995,-0.00830078125,-0.0079158745363063689,-0.00038490671369363107
0.72137499999999999,-0.003692626953125,-0.0042962107541863331,0.00060358380106133314
0.72150000000000003,0.00152587890625,-3.0549233057459407e-05,0.0015564281393074593
0.72162499999999996,0.004425048828125,0.0042313790710616483,0.00019366975706335172
0.72175,0.008758544921875,0.0078410616967353845,0.00091748322513961547
0.72187500000000004,0.011962890625,0.010249884337469657,0.0017130062875303428
0.72199999999999998,0.011993408203125,0.011092510716378082,0.00090089748674691827
0.72212500000000002,0.009979248046875,0.010242290495219047,-0.00026304244834404744
0.72224999999999995,0.00732421875,0.0078302920768358528,-0.00050607332683585277
0.72237499999999999,0.004180908203125,0.0042251005894827333,-4.4192386357733322e-05
0.72250000000000003,-0.0008544921875,-2.3505630836413647e-05,-0.00083098655666358635
0.72262499999999996,-0.00408935546875,-0.004268393433258506,0.000179037964508506
0.72275,-0.00787353515625,-0.0078636433089942365,-9.8918472557635306e-06
0.72287500000000005,-0.0091552734375,-0.010262834499952517,0.0011075610624525171
0.72299999999999998,-0.012939453125,-0.011102091492083617,-0.0018373616329163834
0.72312500000000002,-0.00933837890625,-0.010255270380980118,0.0009168914747301176
0.72324999999999995,-0.006988525390625,-0.0078529155682286397,0.00086439017760363973
0.72337499999999999,-0.004058837890625,-0.004262138511903657,0.000203300621278657
0.72350000000000003,-0.001800537109375,-3.0519400549798859e-05,-0.001770017708825201
0.72362499999999996,0.0048828125,0.004197396033352418,0.00068541646664758201
0.72375,0.008453369140625,0.0077782708662211437,0.00067509827440385625
0.72387500000000005,0.010650634765625,0.010167869117856391,0.00048276564776860917
0.72399999999999998,0.011016845703125,0.011003770196279848,1.3075506845152199e-05
0.72412500000000002,0.01068115234375,0.0101603346058743,0.00052081773787569959
0.72424999999999995,0.008056640625,0.0077675848418804544,0.00028905578311954564
0.72437499999999999,0.0050048828125,0.0041911645841740371,0.0008137182283259629
0.72450000000000003,0.00091552734375,-2.3535337387350158e-05,0.00093906268113735014
0.72462499999999996,-0.0045166015625,-0.0042345462635209026,-0.00028205529897909736
0.72475000000000001,-0.00897216796875,-0.0078011035298936942,-0.0011710644388563058
0.72487500000000005,-0.0103759765625,-0.010181147198656612,-0.00019482936384338824
0.72499999999999998,-0.01116943359375,-0.011013705782575389,-0.00015572781117461146
0.72512500000000002,-0.00860595703125,-0.010173642177834516,0.0015676851465845163
0.72524999999999995,-0.00933837890625,-0.0077904590598721875,-0.0015479198463778125
0.72537499999999999,-0.0035400390625,-0.0042283381988335181,0.00068829913633351811
0.72550000000000003,0.00054931640625,-3.0489819422822451e-05,0.00057980622567282243
0.72562499999999996,0.004730224609375,0.0041636841883710817,0.00056654042100391828
0.72575000000000001,0.0072021484375,0.0077159811347761349,-0.00051383269727613493
0.72587500000000005,0.011138916015625,0.010086508423774553,0.0010524075918504471
0.72599999999999998,0.01153564453125,0.010915737878724964,0.00061990665252503567
0.72612500000000002,0.009429931640625,0.010079032778731286,-0.00064910113810628597
0.72624999999999995,0.00665283203125,0.0077053780576256913,-0.0010525460263756913
0.72637499999999999,0.004180908203125,0.0041574994207783213,2.3408782346678696e-05
0.72650000000000003,0.0008544921875,-2.3564793613504435e-05,0.00087805698111350446
0.72662499999999997,-0.00555419921875,-0.0042009692022547474,-0.0013532300164952526
0.72675000000000001,-0.008575439453125,-0.0077390628463591907,-0.00083637660676580926
0.72687500000000005,-0.00921630859375,-0.010100111805928678,0.00088380321217867812
0.72699999999999998,-0.011444091796875,-0.01092602544400932,-0.00051806635286568044
0.72712500000000002,-0.01153564453125,-0.010092665421737099,-0.001442979109512901
0.72724999999999995,-0.008697509765625,-0.0077285010012303271,-0.00096900876439467293
0.72737499999999999,-0.006134033203125,-0.0041948076447196857,-0.0019392255584053143
0.72750000000000004,-0.00091552734375,-3.0460487569190801e-05,-0.00088506685618080919
0.72762499999999997,0.004150390625,0.0041302413719351422,2.0149253064857819e-05
0.72775000000000001,0.006072998046875,0.0076541885034061641,-0.0015811904565311641
0.72787500000000005,0.010498046875,0.010005797031758624,0.00049224984324137619
0.72799999999999998,0.0098876953125,0.010828408111832633,-0.00094071279933263287
0.72812500000000002,0.01025390625,0.0099983797939400855,0.0002555264560599145
0.72824999999999995,0.0074462890625,0.0076436677301001581,-0.0001973786676001581
0.72837499999999999,0.0035400390625,0.0041241029377147229,-0.00058406387521472286
0.72850000000000004,-0.001129150390625,-2.3594001618350847e-05,-0.0011055563890066491
0.72862499999999997,-0.0037841796875,-0.0041676600939255732,0.00038348040642557316
0.72875000000000001,-0.007720947265625,-0.0076775172753836361,-4.3429990241363944e-05
0.72887500000000005,-0.009918212890625,-0.010019723119186068,0.00010151022856106848
0.72899999999999998,-0.00946044921875,-0.010839044847102495,0.0013785956283524949
0.72912500000000002,-0.01025390625,-0.010012334913708617,-0.00024157133629138308
0.72924999999999995,-0.005889892578125,-0.0076670374143010204,0.0017771448361760204
0.729375,-0.00537109375,-0.0041615446966266414,-0.0012095490533733586
0.72950000000000004,0.001678466796875,-3.0431402891750304e-05,0.0017088981997667504
0.72962499999999997,0.0029296875,0.0040970654371327913,-0.0011673779371327913
0.72975000000000001,0.006317138671875,0.0075928890050255497,-0.0012757503331505497
0.72987500000000005,0.010894775390625,0.0099257297600291641,0.00096904563059583594
0.72999999999999998,0.010833740234375,0.010741775288827438,9.1964945547562058e-05
0.73012500000000002,0.010711669921875,0.0099183704733096147,0.00079329944856538527
0.73024999999999995,0.006500244140625,0.0075824498972055969,-0.0010822057565805969
0.730375,0.0042724609375,0.0040909729906561916,0.00018148794684380836
0.73050000000000004,-0.001708984375,-2.3622963490176618e-05,-0.0016853614115098234
0.73062499999999997,-0.003326416015625,-0.0041346168002074817,0.00080820078458248169
0.73075000000000001,-0.00762939453125,-0.0076164628657461198,-1.2931665503880183e-05
0.73087500000000005,-0.01055908203125,-0.0099399759773684104,-0.00061910605388158964
0.73099999999999998,-0.011474609375,-0.010752758407497018,-0.00072185096750298182
0.73112500000000002,-0.00994873046875,-0.0099326454962639626,-1.6084972486037422e-05
0.73124999999999996,-0.0064697265625,-0.0076060643528296596,0.0011363377903296596
0.731375,-0.0035400390625,-0.0041285472187991158,0.00058850815629911575
0.73150000000000004,-0.001007080078125,-3.0402563313417411e-05,-0.00097667751481158248
0.73162499999999997,0.002685546875,0.0040641542541873339,-0.0013786073791873339
0.73175000000000001,0.00567626953125,0.0075320787042129946,-0.0018558091729629946
0.73187500000000005,0.010711669921875,0.0098463014681610308,0.00086536845371396921
0.73199999999999998,0.00994873046875,0.010655833847679406,-0.00070710337892940581
0.73212500000000003,0.01025390625,0.0098389996799741562,0.00041490657002584384
0.73224999999999996,0.0062255859375,0.0075217206284694544,-0.0012961346909694544
0.732375,0.0048828125,0.0040581074523894558,0.00082470504761054421
0.73250000000000004,-0.001068115234375,-2.3651681292435175e-05,-0.0010444635530825648
0.73262499999999997,-0.003265380859375,-0.0041018371998366209,0.00083645634046162088
0.73275000000000001,-0.00506591796875,-0.0075558956977599687,0.0024899777290099687
0.73287500000000005,-0.009490966796875,-0.0098608652606024024,0.00036989846372740241
0.73299999999999998,-0.01043701171875,-0.01066716058540155,0.00023014886665155034
0.73312500000000003,-0.009490966796875,-0.0098535920530753249,0.00036262525620032494
0.73324999999999996,-0.008514404296875,-0.0075455779020556996,-0.00096882639481930041
0.733375,-0.004180908203125,-0.0040958130925339703,-8.5095110591029699e-05
0.73350000000000004,-0.0008544921875,-3.0373966774518685e-05,-0.00082411822072548128
0.73362499999999997,0.00299072265625,0.0040315057103114619,-0.0010407830540614619
0.73375000000000001,0.00836181640625,0.0074717536969518732,0.0008900627092981268
0.73387500000000006,0.00921630859375,0.0097675070567496622,-0.00055119846299966219
0.73399999999999999,0.01165771484375,0.010570578270746882,0.0010871365730031179
0.73412500000000003,0.00885009765625,0.0097602623180626825,-0.00091016466181268255
0.73424999999999996,0.00653076171875,0.0074614760247820973,-0.00093071430603209725
0.734375,0.004302978515625,0.0040255042126784582,0.00027747430294654176
0.73450000000000004,0.0003662109375,-2.3680157078612897e-05,0.00038989109457861291
0.73462499999999997,-0.00311279296875,-0.0040693191884773371,0.0009565262197273371
0.73475000000000001,-0.00787353515625,-0.007495811883014237,-0.00037772327323576296
0.73487499999999994,-0.00811767578125,-0.009782385889874087,0.001664710108624087
0.73499999999999999,-0.011260986328125,-0.010582245885235583,-0.00067874044288941671
0.73512500000000003,-0.01025390625,-0.0097751695086475236,-0.00047873674135247637
0.73524999999999996,-0.008941650390625,-0.0074855741784596377,-0.0014560762121653623
0.735375,-0.003082275390625,-0.0040633402160305948,0.00098106482540559481
0.73550000000000004,-6.103515625e-05,-3.0345611230250006e-05,-3.0689545019749997e-05
0.73562499999999997,0.0057373046875,0.0039991177095851467,0.0017381869779148533
0.73575000000000002,0.009521484375,0.007411910110381381,0.002109574264618619
0.73587499999999995,0.010040283203125,0.0096893414670865177,0.00035094173603848235
0.73599999999999999,0.011444091796875,0.010486003084422315,0.00095808871245268469
0.73612500000000003,0.00836181640625,0.0096821533323753258,-0.0013203369261253258
0.73624999999999996,0.00555419921875,0.0074017122181534419,-0.0018475129994034419
0.736375,0.00225830078125,0.0039931611781266379,-0.0017348603968766379
0.73650000000000004,0.000823974609375,-2.3708392882540683e-05,0.00084768300225754073
0.73662499999999997,-0.004669189453125,-0.0040370606785892736,-0.00063212877453572638
0.73675000000000002,-0.006988525390625,-0.0074362075641343723,0.00044768217350937226
0.73687499999999995,-0.00848388671875,-0.0097045328267027775,0.0012206461079527775
0.73699999999999999,-0.00860595703125,-0.010498008855276636,0.0018920518240266356
0.73712500000000003,-0.0098876953125,-0.0096973728279911957,-0.00019032248450880432
0.73724999999999996,-0.00579833984375,-0.0074260493295204288,0.0016277094857704288
0.737375,-0.00384521484375,-0.0040311265042650259,0.0001859116605150259
0.73750000000000004,-0.0013427734375,-3.0317494660132027e-05,-0.0013124559428398679
0.73762499999999998,0.002960205078125,0.0039669881728120636,-0.0010067830946870636
0.73775000000000002,0.00634765625,0.0073525441025495521,-0.0010048878525495521
0.73787499999999995,0.0087890625,0.0096117996808415783,-0.00082273718084157829
0.73799999999999999,0.011474609375,0.010402102858780807,0.0010725065162191932
0.73812500000000003,0.008819580078125,0.0096046677080533112,-0.00078508762992831119
0.73824999999999996,0.007659912109375,0.0073424253714628601,0.00031748673791213988
0.738375,0.0032958984375,0.0039610762720513719,-0.00066517783455137189
0.73850000000000005,0.001953125,-2.3736390721001066e-05,0.001976861390721001
0.73862499999999998,-0.0054931640625,-0.0040050595992845318,-0.0014881044632154682
0.73875000000000002,-0.0081787109375,-0.0073770789145277118,-0.00080163202297228817
0.73887499999999995,-0.008636474609375,-0.0096273010728184626,0.00099082646344346263
0.73899999999999999,-0.010498046875,-0.010414444087310263,-8.3602787689736682e-05
0.73912500000000003,-0.008575439453125,-0.0096201970162986018,0.0010447575631736018
0.73924999999999996,-0.00701904296875,-0.0073669995334579644,0.00034795656470796438
0.739375,-0.001922607421875,-0.0039991698888537826,0.0020765624669787826
0.73950000000000005,-0.000732421875,-3.0289615053438424e-05,-0.00070213225994656162
0.73962499999999998,0.006011962890625,0.0039351150373883601,0.0020768478532366399
0.73975000000000002,0.00640869140625,0.0072936518621598972,-0.00088496045590989725
0.73987499999999995,0.01031494140625,0.0095348767197255598,0.00078006468652444018
0.73999999999999999,0.009063720703125,0.010318872207231529,-0.0012551515041065286
0.74012500000000003,0.00946044921875,0.0095278004702606615,-6.7351251510661472e-05
0.74024999999999996,0.00653076171875,0.0072836116782111623,-0.00075284995946116231
0.74037500000000001,0.00396728515625,0.0039292474343373372,3.8037721912662775e-05
0.74050000000000005,0.0003662109375,-2.3764152593870761e-05,0.00038997509009387076
0.74062499999999998,-0.003631591796875,-0.0039733138962080089,0.00034172209933300886
0.74075000000000002,-0.00616455078125,-0.0073184221381395057,0.0011538713568895057
0.74087499999999995,-0.011138916015625,-0.0095506856698373034,-0.0015882303457876966
0.74099999999999999,-0.009490966796875,-0.010331546216282786,0.00084057941940778556
0.74112500000000003,-0.009246826171875,-0.0095436371186265988,0.00029681094675159878
0.74124999999999996,-0.006256103515625,-0.0073084209989944882,0.0010523174833694882
0.74137500000000001,-0.00384521484375,-0.0039674683179189187,0.00012225347416891866
0.74150000000000005,-0.001220703125,-3.0261970418692296e-05,-0.0011904411545813078
0.74162499999999998,0.001861572265625,0.0039034962571724181,-0.0020419239915474181
0.74175000000000002,0.006134033203125,0.0072352296083368168,-0.0011011964052118168
0.74187499999999995,0.009613037109375,0.0094585676451813573,0.00015446946419364269
0.74199999999999999,0.00994873046875,0.010236305786171867,-0.00028757531742186655
0.74212500000000003,0.01165771484375,0.009451546683863896,0.002206168159886104
0.74224999999999997,0.00653076171875,0.0072252673622828535,-0.00069450564353285352
0.74237500000000001,0.003143310546875,0.0038976726213131143,-0.00075436207443811427
0.74250000000000005,-0.002105712890625,-2.3791680486591012e-05,-0.0020819212101384089
0.74262499999999998,-0.006378173828125,-0.0039418215313966314,-0.0024363522967283686
0.74275000000000002,-0.006317138671875,-0.0072602334692108894,0.00094309479733588938
0.74287499999999995,-0.01007080078125,-0.0094746816989487431,-0.00059611908230125694
0.74299999999999999,-0.0120849609375,-0.010249309919956887,-0.0018356510175431134
0.74312500000000004,-0.010101318359375,-0.0094676882195730405,-0.00063363013980195955
0.74324999999999997,-0.009429931640625,-0.0072503099651094853,-0.0021796216755155147
0.74337500000000001,-0.003570556640625,-0.0039360197559649207,0.00036546311533992067
0.74350000000000005,-6.103515625e-05,-3.0234558781110896e-05,-3.0800597468889104e-05
0.74362499999999998,0.004058837890625,0.0038721298023448336,0.00018670808828016644
0.74375000000000002,0.007293701171875,0.0071772735903761313,0.0001164275814988687
0.74387499999999995,0.010498046875,0.0093828675580650781,0.0011151793169349219
0.74399999999999999,0.0091552734375,0.010154398294644358,-0.00099912485714435777
0.74412500000000004,0.010162353515625,0.0093759014531151486,0.00078645206250985145
0.74424999999999997,0.0068359375,0.0071673886776936818,-0.00033145117769368179
0.74437500000000001,0.0032958984375,0.0038663498056177512,-0.00057045136811775116
0.74450000000000005,0.001373291015625,-2.3818976360973449e-05,0.0013971099919859735
0.74462499999999998,-0.003387451171875,-0.0039105804831507662,0.00052312931127576623
0.74475000000000002,-0.0086669921875,-0.0072025091720304968,-0.0014644830154695032
0.74487499999999995,-0.008331298828125,-0.0093992842805960732,0.0010679854524710732
0.745,-0.01025390625,-0.010167729918569885,-8.6176331430114564e-05
0.74512500000000004,-0.010101318359375,-0.0093923454429648626,-0.00070897291641013743
0.74524999999999997,-0.0078125,-0.0071926627007965673,-0.00061983729920343268
0.74537500000000001,-0.005279541015625,-0.003904822183735006,-0.001374718831889994
0.74550000000000005,-0.0006103515625,-3.0207378182466026e-05,-0.00058014418431753399
0.74562499999999998,0.0029296875,0.003841013659291129,-0.00091132615929112896
0.74575000000000002,0.006561279296875,0.0071197800875059539,-0.0005585007906309539
0.74587499999999995,0.009765625,0.0093077715983279734,0.00045785340167202662
0.746,0.008544921875,0.010073144473996367,-0.0015282225989963674
0.74612500000000004,0.00982666015625,0.009300859921336984,0.000525800234913016
0.74624999999999997,0.006622314453125,0.0071099719083568286,-0.00048765745523182864
0.74637500000000001,0.00244140625,0.0038352769760684555,-0.0013938707260684555
0.74650000000000005,0.000396728515625,-2.3846042169368663e-05,0.00042057455779436864
0.74662499999999998,-0.002655029296875,-0.0038795887459044131,0.0012245594490294131
0.74675000000000002,-0.005767822265625,-0.0071452455407045694,0.0013774232750795694
0.74687499999999996,-0.01019287109375,-0.0093244885741640641,-0.00086838251958593592
0.747,-0.010833740234375,-0.010086800974494776,-0.00074693925988022353
0.74712500000000004,-0.008514404296875,-0.0093176039515440647,0.00080319965466906472
0.74724999999999997,-0.0089111328125,-0.0071354755048304653,-0.0017756573076695347
0.74737500000000001,-0.003448486328125,-0.0038738735980901572,0.00042538726996515716
0.74750000000000005,0.001922607421875,-3.0180426678662819e-05,0.0019527878485536628
0.74762499999999998,0.00396728515625,0.0038101458304637841,0.00015713932578621586
0.74775000000000003,0.006195068359375,0.0070627454086494498,-0.00086767704927444983
0.74787499999999996,0.007965087890625,0.0092332749447097667,-0.0012681870540847667
0.748,0.009674072265625,0.0099925391075424454,-0.00031846684191744537
0.74812500000000004,0.008819580078125,0.0092264172706141082,-0.00040683719248910816
0.74824999999999997,0.00701904296875,0.0070530133678426126,-3.397039909261261e-05
0.74837500000000001,0.004486083984375,0.0038044521375399688,0.00068163184683503117
0.74850000000000005,0.000701904296875,-2.3872879845432288e-05,0.00072577717672043227
0.74862499999999998,-0.004241943359375,-0.0038488443300985766,-0.00039309902927642335
0.74875000000000003,-0.006683349609375,-0.0070884388989123906,0.00040508928953739056
0.74887499999999996,-0.00909423828125,-0.0092502897776690785,0.00015605149641907852
0.749,-0.01092529296875,-0.010006517891903949,-0.0009187750768460505
0.74912500000000004,-0.007904052734375,-0.0092434589466571914,0.0013394062122821914
0.74924999999999997,-0.00799560546875,-0.0070787447055195617,-0.0009168607632304383
0.74937500000000001,-0.00439453125,-0.0038431720118783323,-0.00055135923812166775
0.74950000000000006,-0.00128173828125,-3.0153702348751682e-05,-0.0012515845789012484
0.74962499999999999,0.003387451171875,0.0037795243342561842,-0.00039207316238118418
0.74975000000000003,0.00677490234375,0.0070061658921814016,-0.00023126354843140164
0.74987499999999996,0.01007080078125,0.0091593728144255294,0.00091142796682447055
0.75,0.00726318359375,0.0099125770202294419,-0.0026493934264794419
0.75012500000000004,0.008697509765625,0.0091525687214787307,-0.00045505895585373074
0.75024999999999997,0.00677490234375,0.0069965093991418443,-0.00022160705539184429
0.75037500000000001,0.00433349609375,0.003773873310823685,0.000559622782926315
0.75049999999999994,-9.1552734375e-05,-2.3899491306609375e-05,-6.7653243068390622e-05
0.75062499999999999,-0.002838134765625,-0.0038183452620451051,0.00098021049642010513
0.75075000000000003,-0.006988525390625,-0.0070320855996719445,4.3560209046944465e-05
0.75087499999999996,-0.009063720703125,-0.0091766831274472695,0.00011296242432226947
0.751,-0.01092529296875,-0.0099268755164356234,-0.00099841745231437663
0.75112500000000004,-0.009368896484375,-0.009169905667946331,-0.00019899081642866905
0.75124999999999997,-0.00634765625,-0.0070224666604767321,0.00067481041047673211
0.75137500000000002,-0.00341796875,-0.0038127154538047927,0.00039474670380479273
0.75149999999999995,0.000732421875,-3.0127203287780189e-05,0.00076254907828778018
0.75162499999999999,0.004241943359375,0.0037491472048754092,0.00049279615449959084
0.75175000000000003,0.006256103515625,0.0069500379057028409,-0.00069393439007784091
0.75187499999999996,0.010162353515625,0.0090860604628595371,0.0010762930527654629
0.752,0.00848388671875,0.0098332530783042001,-0.0013493663595542001
0.75212500000000004,0.0087890625,0.009079309532607268,-0.000290247032607268
0.75224999999999997,0.006622314453125,0.0069404563744294009,-0.00031814192130440091
0.75237500000000002,0.003692626953125,0.0037435385325091069,-5.0911579384106936e-05
0.75249999999999995,-0.00042724609375,-2.3925878456507496e-05,-0.00040332021529349249
0.75262499999999999,-0.002288818359375,-0.0037880895838126594,0.0014992712244376594
0.75275000000000003,-0.007110595703125,-0.0069761820251073425,-0.00013441367801765754
0.75287499999999996,-0.007659912109375,-0.0091036638978540026,0.0014437517884790026
0.753,-0.009552001953125,-0.0098478687348629076,0.00029586678173790758
0.75312500000000004,-0.009979248046875,-0.0090969393930469648,-0.00088230865382803517
0.75324999999999998,-0.0074462890625,-0.0069666377563838153,-0.00047965130611618469
0.75337500000000002,-0.004058837890625,-0.0037825019683138538,-0.00027633592231114624
0.75349999999999995,0.000946044921875,-3.0100927588832706e-05,0.0009761458494638327
0.75362499999999999,0.00494384765625,0.0037190124922180912,0.0012248351640319088
0.75375000000000003,0.00634765625,0.0068943578458013728,-0.00054670159580137278
0.75387499999999996,0.008819580078125,0.0090133331832606411,-0.00019375310513564115
0.754,0.00958251953125,0.009754562188984026,-0.00017204265773402595
0.75412500000000005,0.00958251953125,0.0090066350005150158,0.0005758845307349842
0.75424999999999998,0.006622314453125,0.0068848506948376922,-0.00026253624171269224
0.75437500000000002,0.001708984375,0.0037134458548556347,-0.0020044614798556347
0.75449999999999995,-0.00042724609375,-2.3952043176063375e-05,-0.00040329405057393665
0.75462499999999999,-0.004486083984375,-0.0037580753530925474,-0.00072800863128245257
0.75475000000000003,-0.008575439453125,-0.0069207245862102449,-0.0016547148669147551
0.75487499999999996,-0.0093994140625,-0.0090312274009569544,-0.00036818666154304555
0.755,-0.00946044921875,-0.0097694924747655249,0.00030904325601552492
0.75512500000000005,-0.009521484375,-0.0090245554372795963,-0.00049692893772040371
0.75524999999999998,-0.005706787109375,-0.0069112544087596419,0.0012044672993846419
0.75537500000000002,-0.002838134765625,-0.0037525296154508163,0.00091439484982581629
0.75549999999999995,-0.00146484375,-3.0074873381193475e-05,-0.0014347688766188065
0.75562499999999999,0.00225830078125,0.0036891182617369775,-0.0014308174804869775
0.75575000000000003,0.0062255859375,0.0068391221378214413,-0.00061353620032144132
0.75587499999999996,0.009307861328125,0.0089411863064409493,0.00036667502168405072
0.75600000000000001,0.01007080078125,0.0096764993001296571,0.0003943014811203429
0.75612500000000005,0.008514404296875,0.0089345404592533675,-0.00042013616237836747
0.75624999999999998,0.00799560546875,0.0068296887902160163,0.0011659166785339837
0.75637500000000002,0.004058837890625,0.0036835933456654791,0.00037524454495952092
0.75649999999999995,-3.0517578125e-05,-2.3977987337154859e-05,-6.5395907878451413e-06
0.75662499999999999,-0.0032958984375,-0.0037283006430761699,0.00043240220557616994
0.75675000000000003,-0.006378173828125,-0.0068657097226189449,0.00048753589449394494
0.75687499999999996,-0.008453369140625,-0.008959368986236017,0.000505999845611017
0.75700000000000001,-0.010223388671875,-0.0096917417042041605,-0.00053164696767083949
0.75712500000000005,-0.00885009765625,-0.0089527491533524118,0.0001026514971024118
0.75724999999999998,-0.00799560546875,-0.0068563130617283379,-0.0011392924070216621
0.75737500000000002,-0.00531005859375,-0.0037227964707457549,-0.0015872621230042451
0.75749999999999995,-0.000518798828125,-3.0049038800900985e-05,-0.00048874978932409905
0.75762499999999999,0.003662109375,0.0036594625943291341,2.6467806708658712e-06
0.75775000000000003,0.005889892578125,0.0067843272356348629,-0.0008944346575098629
0.75787499999999997,0.00787353515625,0.0088696152004726532,-0.0009960800442226532
0.75800000000000001,0.009918212890625,0.0095990593999209436,0.00031915349070405635
0.75812500000000005,0.0084228515625,0.0088630212801135769,-0.00044016971761357687
0.75824999999999998,0.00592041015625,0.0067749671189077515,-0.0008545569626577515
0.75837500000000002,0.004486083984375,0.0036539790881677417,0.00083210489620725832
0.75849999999999995,-0.00054931640625,-2.4003712793729318e-05,-0.00052531269345627071
0.75862499999999999,-0.003448486328125,-0.0036987635423333331,0.00025027721420833307
0.75875000000000004,-0.006256103515625,-0.0068111339023834419,0.00055503038675844187
0.75887499999999997,-0.010162353515625,-0.008888084040284747,-0.001274269475340253
0.75900000000000001,-0.009674072265625,-0.0096146114313973834,-5.9460834227616569e-05
0.75912500000000005,-0.00823974609375,-0.0088815159310620777,0.00064176983731207768
0.75924999999999998,-0.005859375,-0.0068018101877972276,0.00094243518779722757
0.75937500000000002,-0.00323486328125,-0.0036933006250878678,0.00045843734383786781
0.75949999999999995,-9.1552734375e-05,-3.0023422006199812e-05,-6.1529312368800192e-05
0.75962499999999999,0.0035400390625,0.0036300435862044724,-9.0004523704472449e-05
0.75975000000000004,0.00732421875,0.0067299696214146764,0.00059424912858532363
0.75987499999999997,0.00921630859375,0.0087986152703957658,0.00041769332335423424
0.76000000000000001,0.0096435546875,0.0095222375165350624,0.00012131717096493765
0.76012500000000005,0.00775146484375,0.0087920728713245487,-0.0010406080275745487
0.76024999999999998,0.00677490234375,0.006720682167521334,5.4220176228665998e-05
0.76037500000000002,0.00384521484375,0.0036246011808831005,0.00022061366286689954
0.76049999999999995,0.0015869140625,-2.4029221384190273e-05,0.0016109432838841903
0.760625,-0.0035400390625,-0.003669462154681457,0.00012942309218145695
0.76075000000000004,-0.00836181640625,-0.0067569936217402923,-0.0016048227845097077
0.76087499999999997,-0.008941650390625,-0.0088173679865149769,-0.00012428240411002309
0.76100000000000001,-0.00860595703125,-0.0095380967044011722,0.00093213967315117219
0.76112500000000005,-0.0111083984375,-0.0088108511969968873,-0.0022975472405031127
0.76124999999999998,-0.006561279296875,-0.0067477422876210287,0.00018646299074602871
0.76137500000000002,-0.004547119140625,-0.0036640401846028832,-0.00088307895602211675
0.76149999999999995,0.00030517578125,-2.9998021164198801e-05,0.0003351738024141988
0.761625,0.003143310546875,0.0036008593487655959,-0.00045754880189059592
0.76175000000000004,0.00531005859375,0.0066760458054031628,-0.0013659872116531628
0.76187499999999997,0.0087890625,0.0087281819579196878,6.0880542080312197e-05
0.76200000000000001,0.009674072265625,0.0094460287178273188,0.00022804354779768117
0.76212500000000005,0.0089111328125,0.0087216906777613876,0.00018944213473861236
0.76224999999999998,0.005645751953125,0.0066668304507031739,-0.0010210784975781739
0.76237500000000002,0.00360107421875,0.0035954577375098924,5.6164812401076139e-06
0.76249999999999996,-0.0010986328125,-2.4054514931527404e-05,-0.0010745782975684725
0.762625,-0.001129150390625,-0.0036403945990760079,0.0025112442084510079
0.76275000000000004,-0.006317138671875,-0.0067032854048876519,0.00038614673301265185
0.76287499999999997,-0.007598876953125,-0.0087472162848596987,0.0011483393317346987
0.76300000000000001,-0.00909423828125,-0.0094621926107909919,0.00036795432954099191
0.76312500000000005,-0.008026123046875,-0.0087407504142464829,0.00071462736737148286
0.76324999999999998,-0.006927490234375,-0.0066941058897833873,-0.00023338434459161273
0.76337500000000003,-0.0035400390625,-0.0036350132705294945,9.4974208029494512e-05
0.76349999999999996,-9.1552734375e-05,-2.997283445956677e-05,-6.157989991543323e-05
0.763625,0.0040283203125,0.0035719080084885462,0.00045641230401145382
0.76375000000000004,0.008056640625,0.0066225523256970391,0.0014340882993029609
0.76387499999999997,0.009521484375,0.0086583107411314485,0.00086317363386855146
0.76400000000000001,0.010040283203125,0.0093704281110144859,0.00066985509211051411
0.76412500000000005,0.010040283203125,0.0086518701806521069,0.0013884130224728931
0.76424999999999998,0.004241943359375,0.0066134085109199924,-0.0023714651515449924
0.76437500000000003,0.0057373046875,0.0035665468868009537,0.0021707578006990463
0.76449999999999996,0.001068115234375,-2.4079595245577933e-05,0.0010921948296205779
0.764625,-0.0032958984375,-0.0036115590094816089,0.00031566057198160894
0.76475000000000004,-0.005889892578125,-0.0066500058037636568,0.00076011322563865683
0.76487499999999997,-0.007110595703125,-0.0086776244314865497,0.0015670287283615497
0.76500000000000001,-0.010284423828125,-0.0093868942773463991,-0.00089752955077860089
0.76512500000000006,-0.00787353515625,-0.0086712090821055524,0.00079767392585555243
0.76524999999999999,-0.00567626953125,-0.0066408975505724711,0.00096462801932247107
0.76537500000000003,-0.003875732421875,-0.0036062180191066412,-0.00026951440276835881
0.76549999999999996,-0.00030517578125,-2.9947860092193393e-05,-0.00027522792115780662
0.765625,0.00238037109375,0.0035431877067945965,-0.0011628166130445965
0.76575000000000004,0.006256103515625,0.0065694857480190398,-0.00031338223239403985
0.76587499999999997,0.0084228515625,0.0085889971342061732,-0.00016614557170617321
0.76600000000000001,0.008575439453125,0.0092954308423606729,-0.00071999138923567289
0.76612499999999994,0.008514404296875,0.008582606897286708,-6.8202600411708045e-05
0.76624999999999999,0.00860595703125,0.0065604129182276327,0.0020455441130223673
0.76637500000000003,0.001922607421875,0.0035378667724434761,-0.0016152593505684761
0.76649999999999996,-0.000701904296875,-2.4104464114607662e-05,-0.00067779983276039231
0.766625,-0.002777099609375,-0.0035829535347543006,0.00080585392537930057
0.76675000000000004,-0.006317138671875,-0.0065971513978189929,0.00028001272594399291
0.76687499999999997,-0.009063720703125,-0.008608587958505361,-0.00045513274461963897
0.76700000000000002,-0.00750732421875,-0.0093121968697381617,0.0018048726509881617
0.76712499999999995,-0.00885009765625,-0.0086022227357906642,-0.00024787492045933585
0.76724999999999999,-0.006622314453125,-0.0065881138537583431,-3.4200599366656856e-05
0.76737500000000003,-0.004547119140625,-0.0035776525814419395,-0.00096946655918306052
0.76749999999999996,-0.00067138671875,-2.9923096277061842e-05,-0.00064146362247293821
0.767625,0.00457763671875,0.0035146965999428561,0.0010629401188071439
0.76775000000000004,0.00543212890625,0.0065168426654989729,-0.0010847137592489729
0.76787499999999997,0.0081787109375,0.0085202366871158404,-0.0003415257496158404
0.76800000000000002,0.009185791015625,0.0092210320968657295,-3.5241081240729513e-05
0.76812499999999995,0.008636474609375,0.0085138963807325999,0.00012257822864240007
0.76824999999999999,0.007415771484375,0.0065078402700569984,0.00090793121431800156
0.76837500000000003,0.00238037109375,0.0035094155529378618,-0.0011290444591878618
0.76849999999999996,-0.000152587890625,-2.4129123318283667e-05,-0.00012845876730671634
0.768625,-0.00323486328125,-0.0035545763385226806,0.00031971305727268064
0.76875000000000004,-0.007415771484375,-0.0065447187938064023,-0.00087105269056859773
0.76887499999999998,-0.008056640625,-0.0085401024336821084,0.00048346180868210839
0.76900000000000002,-0.009063720703125,-0.0092380955922179049,0.00017437488909290491
0.76912499999999995,-0.008819580078125,-0.0085337869461430075,-0.00028579313198199251
0.76924999999999999,-0.007904052734375,-0.0065357514103796194,-0.0013683013239953806
0.76937500000000003,-0.003509521484375,-0.0035493151234009123,3.9793639025912254e-05
0.76949999999999996,0.000274658203125,-2.9898541242032394e-05,0.00030455674436703241
0.769625,0.004425048828125,0.003486432858903946,0.00093861596922105396
0.76975000000000005,0.006561279296875,0.0064646196984564745,9.6659598418525478e-05
0.76987499999999998,0.00872802734375,0.0084520249853484962,0.00027600235840150381
0.77000000000000002,0.009796142578125,0.0091472270979560694,0.00064891548016893057
0.77012499999999995,0.0084228515625,0.0084457342195442455,-2.2882657044245511e-05
0.77024999999999999,0.004608154296875,0.0064556871909940312,-0.0018475328941190312
0.77037500000000003,0.003204345703125,0.0034811914014872742,-0.00027684569836227422
0.77049999999999996,-0.0010986328125,-2.4153574619218904e-05,-0.0010744792378807812
0.770625,-0.003662109375,-0.0035264255990719606,-0.00013568377592803943
0.77075000000000005,-0.0059814453125,-0.0064927046255567463,0.00051125931305674634
0.77087499999999998,-0.008270263671875,-0.0084721634601551913,0.0002018997882801913
0.77100000000000002,-0.011138916015625,-0.0091645856873101891,-0.0019743303283148109
0.77112499999999995,-0.009124755859375,-0.0084658973193586905,-0.00065885854001630946
0.77124999999999999,-0.006622314453125,-0.0064838068585168921,-0.00013850759460810793
0.77137500000000003,-0.00384521484375,-0.0035212038254872416,-0.00032401101826275841
0.77149999999999996,0.001312255859375,-2.9874193236094547e-05,0.0013421300526110945
0.77162500000000001,0.00225830078125,0.0034583946692445747,-0.0012000938879945747
0.77175000000000005,0.007598876953125,0.0064128134941781297,0.0011860634589468703
0.77187499999999998,0.006927490234375,0.0083843576496215322,-0.0014568674152465322
0.77200000000000002,0.009613037109375,0.0090740111071780528,0.00053902600219694723
0.77212499999999995,0.00885009765625,0.008378116037483143,0.00047198161876685699
0.77224999999999999,0.00628662109375,0.0064039503325630173,-0.00011732923881301732
0.77237500000000003,0.005035400390625,0.0034531925058686446,0.0015822078847563554
0.77249999999999996,0.00103759765625,-2.4177819765246484e-05,0.0010617754760152466
0.77262500000000001,-0.004486083984375,-0.0034984995092192939,-0.00098758447515570613
0.77275000000000005,-0.007720947265625,-0.0064411055537644439,-0.0012798417118605561
0.77287499999999998,-0.01007080078125,-0.008404766676149927,-0.001666034105100073
0.77300000000000002,-0.007293701171875,-0.0090916624355070925,0.0017979612636320925
0.77312499999999995,-0.009918212890625,-0.0083985494966960506,-0.0015196633939289494
0.77324999999999999,-0.005767822265625,-0.0064322768630828732,0.00066445459745787319
0.77337500000000003,-0.00347900390625,-0.0034933168827240343,1.4312976474034275e-05
0.77349999999999997,-0.000701904296875,-2.9850050516651691e-05,-0.00067205424635834827
0.77362500000000001,0.00262451171875,0.0034305802310110652,-0.00080606851226106523
0.77375000000000005,0.007110595703125,0.0063614207267111058,0.0007491749764138942
0.77387499999999998,0.0091552734375,0.0083172303356013871,0.00083804310189861293
0.77400000000000002,0.008544921875,0.0090013794238937139,-0.00045645754889371386
0.77412499999999995,0.00665283203125,0.0083110374932360929,-0.0016582054619860929
0.77424999999999999,0.0074462890625,0.006352626373010122,0.001093662689489878
0.77437500000000004,0.0035400390625,0.0034254170683241303,0.00011462199417586975
0.77449999999999997,-0.000244140625,-2.4201860491592044e-05,-0.00021993876450840795
0.77462500000000001,-0.003265380859375,-0.003470796276209357,0.00020541541683435699
0.77475000000000005,-0.00592041015625,-0.0063899182657745088,0.00046950810952450881
0.77487499999999998,-0.00927734375,-0.0083379077547033366,-0.00093943599529666341
0.77500000000000002,-0.008392333984375,-0.0090193211549651868,0.0006269871705901868
0.77512499999999995,-0.009002685546875,-0.0083317391542014358,-0.00067094639267356419
0.77524999999999999,-0.007293701171875,-0.0063811581156067798,-0.00091254305626822015
0.77537500000000004,-0.003326416015625,-0.0034656525045455499,0.00013923648892054993
0.77549999999999997,0.000274658203125,-2.9826111357808956e-05,0.00030448431448280898
0.77562500000000001,0.00390625,0.0034029877586156782,0.0005032622413843218
0.77575000000000005,0.00823974609375,0.0063104380966437033,0.0019293079971062967
0.77587499999999998,0.00958251953125,0.0082506387336253838,0.0013318807976246162
0.77600000000000002,0.0101318359375,0.0089293273849790182,0.0012025085525209818
0.77612499999999995,0.008544921875,0.0082444942801364312,0.00030042759486356881
0.77625,0.005706787109375,0.0063017120170959584,-0.00059492490772095844
0.77637500000000004,0.002349853515625,0.0033978633054437156,-0.0010480097898187156
0.77649999999999997,0.000274658203125,-2.4225698512785146e-05,0.00029888390163778516
0.77662500000000001,-0.004638671875,-0.003443314121591511,-0.001195357753408489
0.77675000000000005,-0.006103515625,-0.0063391394753641011,0.00023562385036410109
0.77687499999999998,-0.008575439453125,-0.0082715824033831233,-0.00030385704974187668
0.77700000000000002,-0.009002685546875,-0.008947557201204959,-5.5128345670040976e-05
0.77712499999999995,-0.00732421875,-0.0082654620024268481,0.00094124325242684811
0.77725,-0.006439208984375,-0.0063304473340218921,-0.00010876165035310793
0.77737500000000004,-0.003387451171875,-0.0034382089146707808,5.0757742795780846e-05
0.77749999999999997,0.001220703125,-2.9802374048144133e-05,0.0012505054990481442
0.77762500000000001,0.002685546875,0.0033756154807144407,-0.00069006860571444069
0.77775000000000005,0.00531005859375,0.006259862330894996,-0.00094980373714499602
0.77787499999999998,0.008819580078125,0.0081845785684219376,0.00063500150970306236
0.77800000000000002,0.0074462890625,0.0088578503645244389,-0.0014115613020244389
0.77812499999999996,0.0064697265625,0.0081784821258867775,-0.0017087555633867775
0.77825,0.006805419921875,0.006251203995875255,0.00055421592599974503
0.77837500000000004,0.001220703125,0.0033705294480488547,-0.0021498263230488547
0.77849999999999997,0.000457763671875,-2.4249335535122325e-05,0.00048201300741012231
0.77862500000000001,-0.00250244140625,-0.0034160512811075849,0.00091360987485758494
0.77875000000000005,-0.006988525390625,-0.0062887659225402499,-0.0006997594680847501
0.77887499999999998,-0.009521484375,-0.0082057863640129149,-0.0013156980109870851
0.77900000000000003,-0.0072021484375,-0.0088763659668126375,0.0016742175293126375
0.77912499999999996,-0.00750732421875,-0.0081997137861576953,0.00069238956740769533
0.77925,-0.006072998046875,-0.0062801412624534352,0.00020714321557843522
0.77937500000000004,-0.0025634765625,-0.0034109843509970432,0.00084750778849704321
0.77949999999999997,0.000762939453125,-2.9778836888578523e-05,0.00079271829001357856
0.77962500000000001,0.002471923828125,0.0033484616401047757,-0.00087653781197977567
0.77975000000000005,0.006744384765625,0.0062096901825047365,0.0005346945831202635
0.77987499999999998,0.0086669921875,0.00811904559884076,0.00054794658865923995
0.78000000000000003,0.009429931640625,0.0087869437735379925,0.00064298786708700748
0.78012499999999996,0.009124755859375,0.0081129967922878212,0.0010117590670871788
0.78025,0.006317138671875,0.0062010990664928345,0.00011603960538216548
0.78037500000000004,0.00390625,0.0033434137410863272,0.00056283625891367277
0.78049999999999997,-0.0008544921875,-2.4272773248543507e-05,-0.00083021941425145648
0.78062500000000001,-0.006011962890625,-0.0033890060045804471,-0.0026229568860445529
0.78075000000000006,-0.00537109375,-0.0062387943733247476,0.00086770062332474761
0.78087499999999999,-0.0078125,-0.0081405154123996449,0.00032801541239964489
0.78100000000000003,-0.0098876953125,-0.0088057428811443589,-0.0010819524313556411
0.78112499999999996,-0.008056640625,-0.0081344902841388265,7.784965913882648e-05
0.78125,-0.006195068359375,-0.0062302366710151958,3.5168311640195772e-05
0.78137500000000004,-0.00396728515625,-0.0033839770654849324,-0.0005833080907650676
0.78149999999999997,0.000762939453125,-2.975549820030519e-05,0.00079269495132530524
0.78162500000000001,0.002105712890625,0.0033215244936051196,-0.0012158116029801196
0.78174999999999994,0.007720947265625,0.0061599184304262653,0.0015610288351987347
0.78187499999999999,0.00787353515625,0.0080540356175774538,-0.00018050046132745377
0.78200000000000003,0.0107421875,0.0087166030596505916,0.0020255844403494084
0.78212499999999996,0.00823974609375,0.0080480340749615742,0.00019171201878842581
0.78225,0.004913330078125,0.006151394011973922,-0.001238063933848922
0.78237500000000004,0.0040283203125,0.0033165144435043357,0.00071180586899566431
0.78249999999999997,-0.00030517578125,-2.4296013328816755e-05,-0.00028087976792118323
0.78262500000000002,-0.0050048828125,-0.0033621765557942575,-0.0016427062567057425
0.78274999999999995,-0.00726318359375,-0.0061892216195437964,-0.0010739619742062036
0.78287499999999999,-0.0086669921875,-0.0080757653580592684,-0.00059122682944073163
0.78300000000000003,-0.009368896484375,-0.0087356834100327536,-0.00063321307434224643
0.78312499999999996,-0.0079345703125,-0.0080697873088027266,0.00013521699630272659
0.78325,-0.005340576171875,-0.0061807303555936289,0.00084015418371862893
0.78337500000000004,-0.003082275390625,-0.003357185324046069,0.000274909933421069
0.78349999999999997,-0.00103759765625,-2.9732356312573247e-05,-0.0010078652999374268
0.78362500000000002,0.00408935546875,0.0032948023119449086,0.00079455315680509141
0.78374999999999995,0.004669189453125,0.0061105438793141228,-0.0014413544261891228
0.78387499999999999,0.0078125,0.007989544450904159,-0.00017704445090415896
0.78400000000000003,0.0087890625,0.0086468237068237919,0.00014223879317620813
0.78412499999999996,0.007049560546875,0.0079835898030845339,-0.00093402925620953391
0.78425,0.005706787109375,0.0061020856410162212,-0.00039529853164122115
0.78437500000000004,0.005828857421875,0.0032898298281482147,0.0025390275937267853
0.78449999999999998,0.0001220703125,-2.43190574396251e-05,0.0001463893699396251
0.78462500000000002,-0.0023193359375,-0.0033355612123941339,0.0010162252748941339
0.78474999999999995,-0.007904052734375,-0.0061400444786388559,-0.0017640082557361441
0.78487499999999999,-0.007354736328125,-0.0080115320439523678,0.00065679571582736782
0.78500000000000003,-0.008697509765625,-0.0086661830554958137,-3.132671012918628e-05
0.78512499999999996,-0.006805419921875,-0.0080056007060037276,0.0012001807841287276
0.78525,-0.00445556640625,-0.0061316191376478224,0.0016760527313978224
0.78537500000000005,-0.00469970703125,-0.003330607406429958,-0.001369099624820042
0.78549999999999998,-3.0517578125e-05,-2.9709409570650405e-05,-8.0816855434959529e-07
0.78562500000000002,0.00372314453125,0.0032682933796553846,0.00045485115159461537
0.78574999999999995,0.0067138671875,0.0060615633593273481,0.00065230382817265189
0.78587499999999999,0.00787353515625,0.0079255679584016147,-5.2032802151614696e-05
0.78600000000000003,0.0086669921875,0.0085776012350598403,8.9390952440159682e-05
0.78612499999999996,0.008941650390625,0.0079196598391191256,0.0010219905515058744
0.78625,0.007354736328125,0.0060531707877906045,0.0013015655403343955
0.78637500000000005,0.0029296875,0.0032633581816476436,-0.0003336706816476436
0.78649999999999998,-0.000946044921875,-2.4341907224795382e-05,-0.00092170301465020461
0.78662500000000002,-0.002685546875,-0.0033091582657681462,0.00062361139076814618
0.78674999999999995,-0.0030517578125,-0.0060912597934384277,0.0030395019809384277
0.78687499999999999,-0.00885009765625,-0.0079478113462141536,-0.00090228631003584636
0.78700000000000003,-0.009124755859375,-0.0085972373554481316,-0.00052751850392686837
0.78712499999999996,-0.00909423828125,-0.0079419263547466975,-0.0011523119265033025
0.78725000000000001,-0.0067138671875,-0.0060828998640040091,-0.00063096732349599092
0.78737500000000005,-0.00494384765625,-0.0033042416061207849,-0.0016396060501292151
0.78749999999999998,0.000396728515625,-2.9686656333681668e-05,0.00042641517195868164
0.78762500000000002,0.002288818359375,0.0032419959949522041,-0.00095317763557720408
0.78774999999999995,0.00634765625,0.0060129737259203434,0.00033468252407965662
0.78787499999999999,0.007781982421875,0.0078621020326940742,-8.0119610819074163e-05
0.78800000000000003,0.007659912109375,0.0085089312001140425,-0.00084901909073904248
0.78812499999999996,0.00860595703125,0.0078562400785473288,0.00074971695270267119
0.78825000000000001,0.0057373046875,0.0060046463117294389,-0.00026734162422943891
0.78837500000000005,0.002166748046875,0.0032370978043066516,-0.0010703497574316516
0.78849999999999998,9.1552734375e-05,-2.4364564320271647e-05,0.00011591729869527165
0.78862500000000002,-0.0018310546875,-0.0032829660209394988,0.0014519113334394988
0.78874999999999995,-0.004608154296875,-0.0060428644319667074,0.0014347101350917074
0.78887499999999999,-0.007965087890625,-0.0078845991738905035,-8.0488716734496493e-05
0.78900000000000003,-0.007476806640625,-0.0085288418834144099,0.0010520352427894099
0.78912499999999997,-0.0079345703125,-0.0078787601669255535,-5.5810145574446482e-05
0.78925000000000001,-0.005615234375,-0.0060345694066517366,0.00041933503165173663
0.78937500000000005,-0.00457763671875,-0.0032780862302169427,-0.0012995504885330573
0.78949999999999998,3.0517578125e-05,-2.9664094974573225e-05,6.0181673099573229e-05
0.78962500000000002,0.00177001953125,0.003215908469637097,-0.001445888938387097
0.78974999999999995,0.005340576171875,0.0059647718596423909,-0.00062419568776739091
0.78987499999999999,0.008087158203125,0.0077991425991826187,0.00028801560394238132
0.79000000000000004,0.009307861328125,0.0084408091932094576,0.00086705213491554238
0.79012499999999997,0.006988525390625,0.0077933264496101006,-0.00080480105898510061
0.79025000000000001,0.005889892578125,0.0059565090973305789,-6.6616519205578949e-05
0.79037500000000005,0.004241943359375,0.0032110470099926906,0.0010308963493823094
0.79049999999999998,-0.0013427734375,-2.4387030346310343e-05,-0.0013183864071536896
0.79062500000000002,-0.00421142578125,-0.0032569827964594811,-0.00095444298479051889
0.79074999999999995,-0.004302978515625,-0.00599485528724662,0.00169187677162162
0.79087499999999999,-0.007080078125,-0.0078218914686753026,0.00074181334367530265
0.79100000000000004,-0.0074462890625,-0.008460992248245279,0.001014703185745279
0.79112499999999997,-0.00811767578125,-0.007816098087059983,-0.00030157769419001702
0.79125000000000001,-0.007080078125,-0.0059866246625485293,-0.0010934534624514707
0.79137500000000005,-0.003692626953125,-0.0032521395993296096,-0.00044048735379539038
0.79149999999999998,-0.00079345703125,-2.9641723877963484e-05,-0.00076381530737203651
0.79162500000000002,0.002532958984375,0.0031900291289822117,-0.00065707014460721167
0.79174999999999995,0.005218505859375,0.0059169546659387411,-0.00069844880656374109
0.791875,0.0076904296875,0.007736685615788063,-4.6255928288062992e-05
0.79200000000000004,0.00714111328125,0.0083732308407538109,-0.0012321175595038109
0.79212499999999997,0.00762939453125,0.0077309149130415245,-0.00010152038179152452
0.79225000000000001,0.00726318359375,0.0059087560539559112,0.0013544275397940888
0.79237500000000005,0.00518798828125,0.0031852041260355016,0.0020027841552144984
0.79249999999999998,-0.002166748046875,-2.4409306909579097e-05,-0.0021423387399654211
0.79262500000000002,-0.004425048828125,-0.003231206924292429,-0.001193841903832571
0.79274999999999995,-0.0057373046875,-0.0059472292770947734,0.0002099245895947734
0.792875,-0.008453369140625,-0.0077596842046506343,-0.00069368493597436569
0.79300000000000004,-0.008148193359375,-0.0083936840938353754,0.00024549073446037545
0.79312499999999997,-0.0096435546875,-0.0077539360920350986,-0.0018896185954649014
0.79325000000000001,-0.005889892578125,-0.0059390625534124011,4.9169975287401135e-05
0.79337500000000005,-0.0037841796875,-0.0032264000474731009,-0.0005577796400268991
0.79349999999999998,9.1552734375e-05,-2.961954144777947e-05,0.00012117227582277948
0.79362500000000002,0.00396728515625,0.0031643563116244187,0.00080292884462558134
0.79374999999999996,0.006134033203125,0.0058695190749465413,0.00026451412817845871
0.793875,0.00677490234375,0.0076747270726884274,-0.00089982472893842744
0.79400000000000004,0.008514404296875,0.0083061918040587285,0.00020821249281627145
0.79412499999999997,0.007415771484375,0.0076690014618124164,-0.00025322997743741638
0.79425000000000001,0.00457763671875,0.0058613841156315979,-0.0012837473968815979
0.79437500000000005,0.004669189453125,0.0031595674931090083,0.0015096219600159917
0.79449999999999998,0.00054931640625,-2.4431395603270388e-05,0.00057374780185327041
0.79462500000000003,-0.002197265625,-0.003205636749719314,0.001008371124719314
0.79474999999999996,-0.006378173828125,-0.0058999833439249954,-0.00047819048420000461
0.794875,-0.007598876953125,-0.0076979733880253752,9.9096434900375167e-05
0.79500000000000004,-0.008880615234375,-0.0083269130988436676,-0.00055370213553133235
0.79512499999999997,-0.0067138671875,-0.0076922701908424063,0.0009784030033424063
0.79525000000000001,-0.006011962890625,-0.005891880025529735,-0.00012008286509526504
0.79537500000000005,-0.00225830078125,-0.0032008659219561596,0.00094256514070615964
0.79549999999999998,-0.0001220703125,-2.9597546095594697e-05,-9.2472766404405303e-05
0.79562500000000003,0.00274658203125,0.0031388883694604048,-0.00039230633821040481
0.79574999999999996,0.004791259765625,0.0058224620413058663,-0.0010312022756808663
0.795875,0.009246826171875,0.0076132629920622787,0.0016335631798127213
0.79600000000000004,0.007354736328125,0.0082396877790611601,-0.00088495145093616008
0.79612499999999997,0.007781982421875,0.0076075821208723528,0.00017440030100264719
0.79625000000000001,0.006134033203125,0.005814390240856576,0.00031964296226842399
0.79637500000000006,0.0020751953125,0.0031341354651319322,-0.0010589401526319322
0.79649999999999999,-3.0517578125e-05,-2.4453298009090188e-05,-6.0642801159098121e-06
0.79662500000000003,-0.003753662109375,-0.0031802706312243937,-0.00057339147815060627
0.79674999999999996,-0.00616455078125,-0.005853114454552018,-0.00031143632669798204
0.796875,-0.0087890625,-0.0076367550568832007,-0.0011523074431167993
0.79700000000000004,-0.008758544921875,-0.0082606749764160149,-0.00049786994545898515
0.79712499999999997,-0.007720947265625,-0.0076310964243264615,-8.9850841298538472e-05
0.79725000000000001,-0.007659912109375,-0.0058450740495578409,-0.0018148380598171591
0.79737499999999994,-0.00372314453125,-0.0031755355832828089,-0.00054760894796719107
0.79749999999999999,0.0013427734375,-2.9575736248218276e-05,0.0013723491737482182
0.79762500000000003,0.002899169921875,0.0031136236675338913,-0.00021445374565889127
0.79774999999999996,0.00372314453125,0.0057757805439587898,-0.0020526360127087898
0.797875,0.007781982421875,0.0075522894278340436,0.00022969299404095641
0.79800000000000004,0.008697509765625,0.0081737144960470666,0.0005237952695779334
0.79812499999999997,0.008392333984375,0.007546652946894431,0.00084568103748056903
0.79825000000000002,0.0052490234375,0.0057677714123992333,-0.00051874797489923335
0.79837499999999995,0.002197265625,0.0031089064091654591,-0.00091164078416545915
0.79849999999999999,-0.000762939453125,-2.4475015689851316e-05,-0.00073846443743514863
0.79862500000000003,-0.00390625,-0.0031551069403916048,-0.00075114305960839517
0.79874999999999996,-0.007293701171875,-0.0058066195999980728,-0.0014870815718769272
0.798875,-0.008636474609375,-0.0075760252809252675,-0.0010604493284497325
0.79900000000000004,-0.009002685546875,-0.0081949654739099376,-0.00080772007296506243
0.79912499999999997,-0.00775146484375,-0.007570410864926342,-0.00018105397882365801
0.79925000000000002,-0.005767822265625,-0.0057986416203291303,3.0819354704130289e-05
0.79937499999999995,-0.00390625,-0.0031504074050366093,-0.00075584259496339068
0.79949999999999999,-0.001251220703125,-2.9554110345654321e-05,-0.0012216665927793457
0.79962500000000003,0.005157470703125,0.0030885605839411621,0.0020689101191838379
0.79974999999999996,0.005279541015625,0.0057294715859567812,-0.00044993057033178123
0.799875,0.0057373046875,0.0074918024654178142,-0.0017544977779178142
0.80000000000000004,0.010101318359375,0.0081082677193772806,0.0019930506399977194
0.80012499999999998,0.00592041015625,0.0074862100280214047,-0.0015657998717714047
0.80025000000000002,0.006927490234375,0.0057215246371090508,0.0012059655972659492
0.80037499999999995,0.004241943359375,0.0030838787052860088,0.0011580646540889912
0.80049999999999999,0.001800537109375,-2.4496550200884555e-05,0.0018250336595758846
0.80062500000000003,-0.004486083984375,-0.0031301440618000326,-0.0013559399225749674
0.80074999999999996,-0.006866455078125,-0.0057604957952944484,-0.0011059592828305516
0.800875,-0.008880615234375,-0.0075157801612186275,-0.0013648350731563725
0.80100000000000005,-0.0068359375,-0.0081297803726216034,0.0012938428726216034
0.80112499999999998,-0.0078125,-0.0075102096164263669,-0.00030229038357363312
0.80125000000000002,-0.007965087890625,-0.0057525797566634453,-0.0022125081339615547
0.80137499999999995,-0.002471923828125,-0.0031254797737832189,0.00065355594565821894
0.80149999999999999,0.002471923828125,-2.9532666839152908e-05,0.002501456494964153
0.80162500000000003,0.003082275390625,0.0030636975097199353,1.8577880905064695e-05
0.80174999999999996,0.00653076171875,0.0056835321942683131,0.00084722952448168694
0.801875,0.0087890625,0.0074317982214703203,0.0013572642785296797
0.80200000000000005,0.00701904296875,0.0080433432472155775,-0.0010243002784655775
0.80212499999999998,0.0076904296875,0.0074262494836173495,0.00026418020388265049
0.80225000000000002,0.004791259765625,0.0056756469457231095,-0.00088438718009810954
0.80237499999999995,0.003082275390625,0.0030590507465191449,2.3224644105855098e-05
0.80249999999999999,0.00115966796875,-2.4517903082599983e-05,0.0011841858718326
0.80262500000000003,-0.0009765625,-0.0031053803929219042,0.0021288178929219042
0.80274999999999996,-0.00701904296875,-0.0057147400792977622,-0.0013043028894522378
0.80287500000000001,-0.005615234375,-0.0074560158299466313,0.0018407814549466313
0.80300000000000005,-0.00860595703125,-0.0080651154875149497,-0.00054084154373505028
0.80312499999999998,-0.00640869140625,-0.0074504888137052515,0.0010417974074552515
0.80325000000000002,-0.006256103515625,-0.0057068855011687411,-0.00054921801445625886
0.80337499999999995,-0.002105712890625,-0.003100751088965059,0.00099503819834005896
0.80349999999999999,-0.000762939453125,-2.9511404198469897e-05,-0.00073342804892653009
0.80362500000000003,0.002777099609375,0.0030390328487478343,-0.00026193323937283427
0.80374999999999996,0.005828857421875,0.0056379594195892658,0.00019089800228573421
0.80387500000000001,0.00775146484375,0.0073722728436387509,0.0003791920001112491
0.80400000000000005,0.008758544921875,0.0079789369112589024,0.00077960801061609762
0.80412499999999998,0.008544921875,0.0073667674640142703,0.0011781544109857297
0.80425000000000002,0.00604248046875,0.0056301353926754161,0.00041234507607458386
0.80437499999999995,0.003448486328125,0.0030344209387053521,0.00041406538941964792
0.80449999999999999,0.000518798828125,-2.453907586248695e-05,0.00054333790398748694
0.80462500000000003,-0.001953125,-0.0030808143440129139,0.0011276893440129139
0.80474999999999997,-0.0062255859375,-0.0056693495144945821,-0.0005562364230054179
0.80487500000000001,-0.007110595703125,-0.0073967284501577609,0.00028613274703276088
0.80500000000000005,-0.007720947265625,-0.0080009666669530275,0.00028001940132802751
0.80512499999999998,-0.00775146484375,-0.0073912446224872232,-0.00036022022126277684
0.80525000000000002,-0.005767822265625,-0.0056615559200564906,-0.0001062663455685094
0.80537499999999995,-0.00396728515625,-0.0030762197627968568,-0.00089106539345314324
0.80549999999999999,-0.0013427734375,-2.9490320900682224e-05,-0.0013132831165993178
0.80562500000000004,0.001922607421875,0.0030145650176399137,-0.0010919575957649137
0.80574999999999997,0.007568359375,0.0055927503361484429,0.0019756090388515571
0.80587500000000001,0.0052490234375,0.0073132225103141341,-0.0020641990728141341
0.80600000000000005,0.007232666015625,0.0079150445764697621,-0.0006823785608447621
0.80612499999999998,0.007415771484375,0.0073077601502677687,0.00010801133410723134
0.80625000000000002,0.00616455078125,0.0055849870559065325,0.00057956372534346753
0.80637499999999995,0.003814697265625,0.0030099877004097515,0.00080470956521524854
0.80649999999999999,-0.001129150390625,-2.456007005702443e-05,-0.0011045903205679755
0.80662500000000004,-0.002716064453125,-0.0030564443380203788,0.00034037988489537879
0.80674999999999997,-0.008270263671875,-0.0056243211868141465,-0.0026459424850608535
0.80687500000000001,-0.008056640625,-0.0073379142155235548,-0.0007187264094764452
0.80700000000000005,-0.00750732421875,-0.0079373297924314242,0.00043000557368142421
0.80712499999999998,-0.006805419921875,-0.0073324732390986636,0.00052705331722366355
0.80725000000000002,-0.005279541015625,-0.0056165881029519886,0.00033704708732698856
0.80737499999999995,-0.00384521484375,-0.0030518842201704157,-0.00079333062357958431
0.8075,0.001708984375,-2.9469415437479158e-05,0.0017384537904374792
0.80762500000000004,0.00341796875,0.0029902924456486823,0.00042767630435131768
0.80774999999999997,0.004669189453125,0.0055479020415274659,-0.00087871258840246588
0.80787500000000001,0.005645751953125,0.0072546434303859889,-0.0016088914772609889
0.80800000000000005,0.00811767578125,0.0078516621408107317,0.0002660136404392683
0.80812499999999998,0.005279541015625,0.007249223753911147,-0.001969682738286147
0.80825000000000002,0.004302978515625,0.0055401990366810722,-0.0012372205210560722
0.80837499999999995,0.00225830078125,0.0029857494628188199,-0.00072744868156881994
0.8085,-0.001617431640625,-2.4580887164565018e-05,-0.0015928507534604349
0.80862500000000004,-0.00299072265625,-0.0030322688104751725,4.1546154225172507e-05
0.80874999999999997,-0.005615234375,-0.0055796522054425571,-3.5582169557442887e-05
0.80887500000000001,-0.007354736328125,-0.0072795693500913809,-7.5166978033619145e-05
0.80900000000000005,-0.00762939453125,-0.007874200778313873,0.00024480624706387302
0.80912499999999998,-0.0064697265625,-0.0072741708902196861,0.0008044443277196861
0.80925000000000002,-0.0067138671875,-0.0055719791627075093,-0.0011418880247924907
0.80937499999999996,-0.00439453125,-0.0030277428985433915,-0.0013667883514566085
0.8095,0.000457763671875,-2.9448686313202084e-05,0.00048721235818820208
0.80962500000000004,0.003204345703125,0.0029662135745566072,0.00023813212856839275
0.80974999999999997,0.005218505859375,0.0055034116564692823,-0.0002849057970942823
0.80987500000000001,0.006805419921875,0.0071965318429996266,-0.00039111192112462664
0.81000000000000005,0.0074462890625,0.007788785534981111,-0.00034249647248111095
0.81012499999999998,0.008026123046875,0.0071911545167115095,0.00083496853016349053
0.81025000000000003,0.00439453125,0.0054957684593938943,-0.0011012372093938943
0.81037499999999996,0.001861572265625,0.0029617046696396856,-0.0011001324040146856
0.8105,-0.001007080078125,-2.4601528676297741e-05,-0.0009824785494487022
0.81062500000000004,-0.00299072265625,-0.0030082862093930114,1.7563553143011383e-05
0.81074999999999997,-0.006011962890625,-0.0055353397026321159,-0.00047662318799288408
0.81087500000000001,-0.00836181640625,-0.0072216901080427538,-0.0011401262982072462
0.81100000000000005,-0.00634765625,-0.0078115755715699228,0.0014639193215699228
0.81112499999999998,-0.00823974609375,-0.0072163338326447068,-0.0010234122611052932
0.81125000000000003,-0.0057373046875,-0.0055277262352156718,-0.00020957845228432824
0.81137499999999996,-0.001434326171875,-0.0030037942478457059,0.0015694680759707059
0.8115,-3.0517578125e-05,-2.9428132044738598e-05,-1.0894460802614024e-06
0.81162500000000004,0.003692626953125,0.0029423268585860776,0.00075030009453892245
0.81174999999999997,0.005828857421875,0.0054592763246946044,0.00036958109718039558
0.81187500000000001,0.008514404296875,0.0071388840173119451,0.0013755202795630549
0.81200000000000006,0.008819580078125,0.0077264107221556586,0.0010931693559693414
0.81212499999999999,0.00653076171875,0.0071335487104311635,-0.00060278699168116352
0.81225000000000003,0.005096435546875,0.0054516924713906238,-0.00035525692451562375
0.81237499999999996,0.000885009765625,0.0029378517769985527,-0.0020528420113735527
0.8125,0.00067138671875,-2.4621996069101312e-05,0.00069600871481910128
0.81262500000000004,-0.00299072265625,-0.0029844949951764316,-6.2276610735684246e-06
0.81274999999999997,-0.00616455078125,-0.0054913808335248374,-0.00067316994772516261
0.81287500000000001,-0.007720947265625,-0.0071642727734528211,-0.00055667449217217894
0.81299999999999994,-0.010040283203125,-0.0077494501515147441,-0.0022908330516102559
0.81312499999999999,-0.0054931640625,-0.0071589583530413808,0.0016657942905413808
0.81325000000000003,-0.005828857421875,-0.0054838264792305708,-0.00034503094264442917
0.81337499999999996,-0.002349853515625,-0.0029800367303783248,0.0006301832147533248
0.8135,-0.000823974609375,-2.9407751159665171e-05,-0.00079456685821533487
0.81362500000000004,0.001922607421875,0.0029186307642935006,-0.00099602334241850063
0.81374999999999997,0.00634765625,0.0054154932127197736,0.00093216303728022639
0.81387500000000002,0.006866455078125,0.0070816962522560279,-0.00021524117413102787
0.81399999999999995,0.007843017578125,0.0076645336977254194,0.00017848388039958061
0.81412499999999999,0.008514404296875,0.0070764026365842019,0.0014380016602907981
0.81425000000000003,0.005859375,0.0054079682427831963,0.0004514067572168037
0.81437499999999996,0.002777099609375,0.0029141892533481074,-0.00013708964397310744
0.8145,0.00042724609375,-2.4642290807465374e-05,0.00045188838455746536
0.81462500000000004,-0.002593994140625,-0.0029608936405094589,0.00036689949988445887
0.81474999999999997,-0.00579833984375,-0.0054477727759647153,-0.00035056706778528474
0.81487500000000002,-0.0067138671875,-0.0071073136600524811,0.00039344647255248107
0.81499999999999995,-0.008148193359375,-0.0076878205295509792,-0.00046037282982402082
0.81512499999999999,-0.0074462890625,-0.0071020407677115562,-0.00034424829478844378
0.81525000000000003,-0.006317138671875,-0.0054402770761778187,-0.0008768615956971813
0.81537499999999996,-0.0013427734375,-0.0029564688207145279,0.0016136953832145279
0.8155,-0.001922607421875,-2.9387542203166468e-05,-0.0018932198796718334
0.81562500000000004,0.00335693359375,0.0028951237704725251,0.00046180982327747493
0.81574999999999998,0.00537109375,0.0053720595096698959,-9.6575966989590617e-07
0.81587500000000002,0.0079345703125,0.0070249648763007697,0.00090960543619923034
0.81599999999999995,0.006500244140625,0.0076031504890406096,-0.0011029063484156096
0.81612499999999999,0.00811767578125,0.0070197126262017432,0.0010979631550482568
0.81625000000000003,0.004638671875,0.0053645929662669584,-0.00072592109126695843
0.81637499999999996,0.00164794921875,0.0028907155793593663,-0.0012427663606093663
0.8165,-0.000885009765625,-2.46624143435942e-05,-0.00086034735128140579
0.81662500000000005,-0.002532958984375,-0.0029374806302693299,0.00040452164589432991
0.81674999999999998,-0.004364013671875,-0.0054045127303178203,0.0010404990584428203
0.81687500000000002,-0.006072998046875,-0.0070508091109890373,0.0009778110641140373
0.81699999999999995,-0.008880615234375,-0.007626682748912662,-0.001253932485462338
0.81712499999999999,-0.006744384765625,-0.0070455774223574207,0.00030119265673242065
0.81725000000000003,-0.004791259765625,-0.005397075229978612,0.00060581546435361198
0.81737499999999996,-0.002685546875,-0.0029330890056003763,0.00024754213060037633
0.8175,-0.000152587890625,-2.9367503727375829e-05,-0.00012322038689762418
0.81762500000000005,0.002410888671875,0.0028718043680579825,-0.00046091569618298247
0.81774999999999998,0.006378173828125,0.0053289724271058294,0.0010492014010191706
0.81787500000000002,0.00738525390625,0.0069686862472158675,0.00041656765903413245
0.81799999999999995,0.008544921875,0.0075422571551555769,0.0010026647198444231
0.81812499999999999,0.006591796875,0.0069634750395957193,-0.00037167816459571928
0.81825000000000003,0.006072998046875,0.0053215638569453121,0.00075143418992968791
0.81837499999999996,0.00213623046875,0.002867429247830686,-0.00073119877908068599
0.81850000000000001,0.000518798828125,-2.4682368119227099e-05,0.0005434811962442271
0.81862500000000005,-0.0023193359375,-0.0029142544614227024,0.00059491852392270237
0.81874999999999998,-0.00457763671875,-0.0053615979192937714,0.00078396120054377138
0.81887500000000002,-0.0076904296875,-0.006994755498595441,-0.00069567418890455895
0.81899999999999995,-0.0064697265625,-0.0075660328844112017,0.0010963063219112017
0.81912499999999999,-0.006866455078125,-0.0069895646918428757,0.00012310961371787572
0.81925000000000003,-0.004119873046875,-0.0053542181668689562,0.0012343451199939562
0.81937499999999996,-0.001983642578125,-0.0029098957838639278,0.00092625320573892778
0.81950000000000001,0,-2.9347634298324563e-05,2.9347634298324563e-05
0.81962500000000005,0.00225830078125,0.0028486710600226237,-0.00059037027877262369
0.81974999999999998,0.003509521484375,0.005286229198840202,-0.001776707714465202
0.81987500000000002,0.007904052734375,0.0069128567518386211,0.00099119598253637892
0.81999999999999995,0.00860595703125,0.0074818497865757833,0.0011241072446742167
0.82012499999999999,0.006256103515625,0.006907686266124511,-0.000651582750499511
0.82025000000000003,0.006195068359375,0.0052788781521435624,0.00091619020723143763
0.82037499999999997,0.0030517578125,0.0028443287635893317,0.00020742904891066834
0.82050000000000001,-0.0010986328125,-2.4702153558856228e-05,-0.0010739306589411437
0.82062500000000005,-0.003387451171875,-0.0028912136429307951,-0.00049623752894420491
0.82074999999999998,-0.004241943359375,-0.0053190255877625702,0.0010770822283875702
0.82087500000000002,-0.008453369140625,-0.0069391492241547203,-0.0015142199164702797
0.82099999999999995,-0.006744384765625,-0.0075058670421833569,0.0007614822765583569
0.82112499999999999,-0.006744384765625,-0.0069339989799634804,0.0001896142143384804
0.82125000000000004,-0.004241943359375,-0.0053117031352203593,0.0010697597758453593
0.82137499999999997,-0.0028076171875,-0.0028868876663092529,7.9270478809252871e-05
0.82150000000000001,0.00091552734375,-2.9327932494073907e-05,0.00094485527624407393
0.82162500000000005,0.001007080078125,0.0028257223612906156,-0.0018186422831656156
0.82174999999999998,0.003570556640625,0.0052438270807610527,-0.0016732704401360527
0.82187500000000002,0.008758544921875,0.00685747280583935,0.00190107211603565
0.82199999999999995,0.007049560546875,0.0074219245050067923,-0.00037236395813179234
0.82212499999999999,0.007354736328125,0.0068523427239637795,0.00050239360416122047
0.82225000000000004,0.00384521484375,0.0052365331112364339,-0.0013913182674864339
0.82237499999999997,0.00372314453125,0.0028214126433939259,0.00090173188785607405
0.82250000000000001,0.00018310546875,-2.4721772080174614e-05,0.00020782724083017462
0.82262500000000005,-0.00244140625,-0.0028683566956536699,0.00042695044565366994
0.82274999999999998,-0.00634765625,-0.0052767930025850469,-0.0010708632474149531
0.82287500000000002,-0.006744384765625,-0.0068839867176695817,0.00013960195204458167
0.82299999999999995,-0.0074462890625,-0.0074461813594412542,-1.0770305874582831e-07
0.823125,-0.005096435546875,-0.0068788767192148751,0.0017824411723398751
0.82325000000000004,-0.0054931640625,-0.0052695274053680026,-0.0002236366571319974
0.82337499999999997,-0.002685546875,-0.0028640631756272311,0.0001785163006272311
0.82350000000000001,0.00103759765625,-2.9308396902930821e-05,0.0010669060531529309
0.82362500000000005,0.0009765625,0.0028029567986357852,-0.0018263942986357852
0.82374999999999998,0.00555419921875,0.0052017633506568654,0.0003524358680931346
0.82387500000000002,0.00665283203125,0.0068025308534952139,-0.00014969882224521395
0.82399999999999995,0.00653076171875,0.0073624774631052912,-0.00083171574435529118
0.824125,0.006317138671875,0.0067974408598725482,-0.00048030218799754824
0.82425000000000004,0.00543212890625,0.0051945260154709098,0.0002376028907790902
0.82437499999999997,0.00347900390625,0.0027986794158454658,0.0006803244904045342
0.82450000000000001,6.103515625e-05,-2.4741225087264602e-05,8.5776381337264608e-05
0.82462500000000005,-0.00213623046875,-0.0028456821522568308,0.00070945168350683083
0.82474999999999998,-0.005523681640625,-0.0052348974524324843,-0.00028878418819251565
0.82487500000000002,-0.00640869140625,-0.0068292644376338899,0.00042057303138388989
0.82499999999999996,-0.006500244140625,-0.0073869720042243755,0.00088672786359937552
0.825125,-0.00726318359375,-0.0068241943705637537,-0.00043898922318624627
0.82525000000000004,-0.005706787109375,-0.005227688269428217,-0.00047909883994678298
0.82537499999999997,-0.002593994140625,-0.0028414208462990862,0.00024742670567408625
0.82550000000000001,-0.000457763671875,-2.9289026130095771e-05,-0.00042847464574490425
0.82562500000000005,0.00238037109375,0.0027803729105886597,-0.00040000181683865974
0.82574999999999998,0.005706787109375,0.005160035308037019,0.00054675180133798105
0.82587500000000003,0.007904052734375,0.0067480273674593002,0.0011560253669156998
0.82599999999999996,0.00689697265625,0.0073035048442320625,-0.00040653218798206246
0.826125,0.008270263671875,0.0067429771489677043,0.0015272865229072957
0.82625000000000004,0.00469970703125,0.005152854167791647,-0.00045314713654164701
0.82637499999999997,0.00189208984375,0.0027761276212834368,-0.00088403777753343678
0.82650000000000001,0.000335693359375,-2.4760513972428721e-05,0.00036045387334742872
0.82662500000000005,-0.002777099609375,-0.0028231885571108079,4.608894773580792e-05
0.82674999999999998,-0.004608154296875,-0.0051933362476138016,0.00058518195073880164
0.82687500000000003,-0.00811767578125,-0.0067749788708026878,-0.0013426969104473122
0.82699999999999996,-0.006927490234375,-0.0073282351751535555,0.00040074494077855551
0.827125,-0.006591796875,-0.006769948423219989,0.00017815154821998903
0.82725000000000004,-0.004974365234375,-0.0051861830411294918,0.00021181780675449177
0.82737499999999997,-0.00189208984375,-0.0028189592245007567,0.00092686938075075675
0.82750000000000001,0.000885009765625,-2.9269818787422012e-05,0.00091427958441242204
0.82762500000000006,0.002044677734375,0.0027579692473426367,-0.0007132915129676367
0.82774999999999999,0.004364013671875,0.0051186402739656,-0.00075462660209060003
0.82787500000000003,0.006103515625,0.0066939588485348134,-0.00059044322353481345
0.82799999999999996,0.008514404296875,0.007245002862206959,0.001269401434668041
0.828125,0.006744384765625,0.0066889480944970388,5.5436671127961218e-05
0.82825000000000004,0.005096435546875,0.0051115148926666586,-1.5079345791658635e-05
0.82837499999999997,0.00311279296875,0.0027537558116983852,0.00035903715705161475
0.82850000000000001,-6.103515625e-05,-2.4779640117938447e-05,-3.6255516132061553e-05
0.82862499999999994,-0.0028076171875,-0.0028008744662070531,-6.7427212929469307e-06
0.82874999999999999,-0.005126953125,-0.0051521067199028492,2.5153594902849186e-05
0.82887500000000003,-0.006134033203125,-0.0067211265319705431,0.00058709332884554315
0.82899999999999996,-0.00732421875,-0.0072699671011868996,-5.425164881310042e-05
0.829125,-0.006195068359375,-0.0067161353944137983,0.00052106703503879831
0.82925000000000004,-0.005126953125,-0.00514500905563876,1.8055930638759959e-05
0.82937499999999997,-0.003204345703125,-0.0027966768680156911,-0.00040766883510930888
0.82950000000000002,-0.000518798828125,-2.9250773500092132e-05,-0.00048954805462490792
0.82962499999999995,0.00421142578125,0.0027357443706578846,0.0014756814105921154
0.82974999999999999,0.0054931640625,0.0050775755908846112,0.00041558847161538882
0.82987500000000003,0.006622314453125,0.0066403218254504305,-1.8007372325430475e-05
0.82999999999999996,0.007293701171875,0.00718696776106583,0.00010673341080917002
0.830125,0.0067138671875,0.0066353502276147369,7.8516959885263117e-05
0.83025000000000004,0.005035400390625,0.0050705055359202182,-3.510514529521825e-05
0.83037499999999997,0.003753662109375,0.0027315625506373568,0.0010220995587376432
0.83050000000000002,0.00030517578125,-2.4798604889518156e-05,0.00032997438613951817
0.83062499999999995,-0.0035400390625,-0.0027787384470589946,-0.00076130061544100536
0.83074999999999999,-0.0072021484375,-0.0051112062223682905,-0.0020909422151317095
0.83087500000000003,-0.00543212890625,-0.0066677039637451823,0.0012355750574951823
0.83099999999999996,-0.006561279296875,-0.0072121640413777052,0.00065088474450270516
0.831125,-0.006134033203125,-0.0066627518291682919,0.00052871862604329193
0.83125000000000004,-0.00543212890625,-0.0051041636693903297,-0.00032796523685967027
0.83137499999999998,-0.00457763671875,-0.0027745723461330097,-0.0018030643726169903
0.83150000000000002,0.001068115234375,-2.9231888904823584e-05,0.0010973471232798237
0.83162499999999995,0.00164794921875,0.0027136968537811684,-0.0010657476350311684
0.83174999999999999,0.0057373046875,0.0050368386224445656,0.00070046606505543441
0.83187500000000003,0.007568359375,0.0065871128546380713,0.00098124652036192875
0.83199999999999996,0.00775146484375,0.0071293958148193597,0.00062206902893064027
0.832125,0.0079345703125,0.0065821801071580437,0.0013523902053419563
0.83225000000000005,0.00408935546875,0.0050298234645553925,-0.00094046799580539252
0.83237499999999998,0.001922607421875,0.0027095464131116757,-0.00078693899123667569
0.83250000000000002,-0.001739501953125,-2.4817409646382638e-05,-0.0017146845434786173
0.83262499999999995,-0.002716064453125,-0.0027567790786116515,4.0714625486651477e-05
0.83274999999999999,-0.00445556640625,-0.0050706321291990103,0.00061506572294901026
0.83287500000000003,-0.00701904296875,-0.0066147077363261884,-0.00040433523242381156
0.83299999999999996,-0.00701904296875,-0.0071548222846342475,0.00013577931588424751
0.833125,-0.006439208984375,-0.006609794300080225,0.00017058531570522499
0.83325000000000005,-0.00347900390625,-0.0050636442599149914,0.0015846403536649914
0.83337499999999998,-0.003265380859375,-0.0027526442395618199,-0.00051273661981318013
0.83350000000000002,0.0003662109375,-2.9213163648154716e-05,0.0003954241011481547
0.83362499999999995,0.002716064453125,0.0026918252813359785,2.4239171789021494e-05
0.83374999999999999,0.005645751953125,0.0049964267533352353,0.00064932519978976467
0.83387500000000003,0.006072998046875,0.0065343285200092985,-0.00046133047313429848
0.83399999999999996,0.007232666015625,0.0070722833272138658,0.00016038268841113423
0.83412500000000001,0.007781982421875,0.0065294343194288217,0.0012525481024461783
0.83425000000000005,0.00531005859375,0.0049894660665897178,0.00032059252716028219
0.83437499999999998,0.00286865234375,0.0026877059855039518,0.00018094635824604825
0.83450000000000002,0.000518798828125,-2.4836055734692907e-05,0.00054363488385969288
0.83462499999999995,-0.003997802734375,-0.0027349949511518822,-0.0012628077832231178
0.83474999999999999,-0.005157470703125,-0.005030381835542528,-0.00012708886758247204
0.83487500000000003,-0.00567626953125,-0.0065621344472847854,0.00088586491603478545
0.83499999999999996,-0.00775146484375,-0.0070979381494815546,-0.00065352669426844544
0.83512500000000001,-0.005889892578125,-0.0065572594070992833,0.00066736682897428328
0.83525000000000005,-0.003692626953125,-0.005023448225676237,0.001330821272551237
0.83537499999999998,-0.0029296875,-0.0027308911403385256,-0.00019879635966147443
0.83550000000000002,0.000823974609375,-2.9194596392831661e-05,0.00085316920576783168
0.83562499999999995,0.003753662109375,0.0026701282492438885,0.0010835338601311115
0.83574999999999999,0.0057373046875,0.004956337389118869,0.00078096729838113103
0.83587500000000003,0.008148193359375,0.0064819654327397747,0.0016662279266352253
0.83599999999999997,0.00689697265625,0.0070156266314939826,-0.00011865397524398261
0.83612500000000001,0.006103515625,0.0064771094779706492,-0.00037359385297064916
0.83625000000000005,0.004241943359375,0.004949430750886297,-0.00070748739151129704
0.83637499999999998,0.0025634765625,0.0026660398654832903,-0.00010256330298329033
0.83650000000000002,0.001129150390625,-2.485454448931496e-05,0.0011540049351143149
0.83662499999999995,-0.001953125,-0.0027133846662119303,0.00076025966621193035
0.83674999999999999,-0.007080078125,-0.0049904527573330915,-0.0020896253676669085
0.83687500000000004,-0.00677490234375,-0.0065099807213460327,-0.00026492162240396733
0.83699999999999997,-0.0078125,-0.007041507983825023,-0.00077099201617497701
0.83712500000000001,-0.006591796875,-0.0065051437773092011,-8.665309769079893e-05
0.83725000000000005,-0.007080078125,-0.0049835729858963441,-0.0020965051391036559
0.83737499999999998,-0.002838134765625,-0.0027093116517364355,-0.00012882311388856451
0.83750000000000002,-0.0018310546875,-2.9176185807969982e-05,-0.00180187850169203
0.83762499999999995,0.003021240234375,0.0026486043646313422,0.0003726358697436578
0.83774999999999999,0.0045166015625,0.0049165679560591062,-0.00039996639355910617
0.83787500000000004,0.0048828125,0.0064300202310491735,-0.0015472077310491735
0.83799999999999997,0.00653076171875,0.006959422090167258,-0.00042866037141725804
0.83812500000000001,0.006866455078125,0.0064252022233538706,0.00044125285477112936
0.83825000000000005,0.0032958984375,0.0049097149469863278,-0.0016138165094863278
0.83837499999999998,0.00299072265625,0.0026445466619062709,0.0003461759943437291
0.83850000000000002,-0.000579833984375,-2.4872877235499677e-05,-0.00055496110713950037
0.83862499999999995,-0.003936767578125,-0.0026919468364886073,-0.0012448207416363927
0.83875,-0.00421142578125,-0.0049508423311269648,0.00073941654987696483
0.83887500000000004,-0.004913330078125,-0.0064582432101696488,0.0015449131320446488
0.83899999999999997,-0.005218505859375,-0.0069855281647159496,0.0017670223053409496
0.83912500000000001,-0.008758544921875,-0.006453444064713652,-0.002305100857161348
0.83925000000000005,-0.005279541015625,-0.0049440159803952602,-0.00033552503522973984
0.83937499999999998,-0.002227783203125,-0.0026879043881746197,0.00046012118504961969
0.83950000000000002,-0.00048828125,-2.9157930575469169e-05,-0.00045912331942453085
0.83962499999999995,0.001251220703125,0.0026272522457402542,-0.0013760315426152542
0.83975,0.005462646484375,0.0048771159009625507,0.00058553058341244933
0.83987500000000004,0.00653076171875,0.0063784895799859848,0.00015227213876401521
0.83999999999999997,0.00653076171875,0.0069036660947705986,-0.00037290437602059863
0.84012500000000001,0.00732421875,0.006373709222959315,0.00095050952704068496
0.84025000000000005,0.004425048828125,0.0048703161049485572,-0.00044526727682355719
0.84037499999999998,0.003173828125,0.0026232249947336279,0.00055060313026637211
0.84050000000000002,0.001617431640625,-2.4891055282622527e-05,0.0016423226959076224
0.84062499999999996,-0.000885009765625,-0.0026706800857482487,0.0017856703201232487
0.84075,-0.007659912109375,-0.004911548013938948,-0.002748364095436052
0.84087500000000004,-0.006683349609375,-0.0064069185921387514,-0.00027643101723624861
0.84099999999999997,-0.007720947265625,-0.0069299950981189474,-0.00079095216750605258
0.84112500000000001,-0.007110595703125,-0.0064021569500177277,-0.00070843875310727233
0.84125000000000005,-0.00677490234375,-0.0049047746694251002,-0.0018701276743248998
0.84137499999999998,-0.001922607421875,-0.0026666679751347904,0.00074406055325979036
0.84150000000000003,0.00030517578125,-2.9139829388288849e-05,0.00033431561063828886
0.84162499999999996,0.0020751953125,0.0026060705218407384,-0.00053087520934073842
0.84175,0.004119873046875,0.0048379786910103112,-0.00071810564413531119
0.84187500000000004,0.006072998046875,0.0063273701712139993,-0.00025437212433899927
0.84199999999999997,0.006256103515625,0.0068483550656386174,-0.00059225155001361735
0.84212500000000001,0.00604248046875,0.0063226271707637087,-0.00028014670201370866
0.84225000000000005,0.003692626953125,0.0048312316951788139,-0.0011386047420538139
0.84237499999999998,0.002227783203125,0.0026020734949401322,-0.00037429029181513217
0.84250000000000003,0.00030517578125,-2.490907993382669e-05,0.00033008486118382669
0.84262499999999996,-0.00311279296875,-0.002649583048739859,-0.000463209920010141
0.84275,-0.00457763671875,-0.0048725672830746761,0.00029493056432467607
0.84287500000000004,-0.006561279296875,-0.006356003572144134,-0.00020527572473086602
0.84299999999999997,-0.00616455078125,-0.0068749052186811693,0.00071035443743116926
0.84312500000000001,-0.00457763671875,-0.0063512791404173145,0.0017736424216673145
0.84325000000000006,-0.0069580078125,-0.0048658465335059574,-0.0020921612789940426
0.84337499999999999,-0.0037841796875,-0.0026456010490642618,-0.0011385786384357382
0.84350000000000003,-0.000946044921875,-2.9121880950356179e-05,-0.00091692304092464382
0.84362499999999996,0.0032958984375,0.0025850578331373226,0.00071084060436267743
0.84375,0.005645751953125,0.0047991538135965239,0.00084659813952847607
0.84387500000000004,0.007080078125,0.0062766587227975216,0.00080341940220247845
0.84399999999999997,0.0057373046875,0.0067934854516737992,-0.0010561807641737992
0.84412500000000001,0.004302978515625,0.006271952787129836,-0.001968974271504836
0.84424999999999994,0.005218505859375,0.0047924592082720981,0.00042604665110290187
0.84437499999999999,0.003662109375,0.0025810908044252572,0.0010810185705747428
0.84450000000000003,0.000335693359375,-2.4926952479735706e-05,0.00036062031185473569
0.84462499999999996,-0.00372314453125,-0.0026286543711074709,-0.0010944901601425291
0.84475,-0.00341796875,-0.0048338976359753594,0.0014159288859753594
0.84487500000000004,-0.004791259765625,-0.0063054948813733224,0.0015142351157483224
0.84499999999999997,-0.00592041015625,-0.0068202549895034388,0.00089984483325343881
0.84512500000000002,-0.006683349609375,-0.0063008073693870369,-0.00038254223998796313
0.84524999999999995,-0.004791259765625,-0.0048272290732718501,3.5969307646850114e-05
0.84537499999999999,-0.002655029296875,-0.002624702257294261,-3.0327039580738992e-05
0.84550000000000003,-0.0008544921875,-2.9104083974932559e-05,-0.00082538810352506746
0.84562499999999996,0.002471923828125,0.0025642128306903626,-9.2289002565362592e-05
0.84575,0.004913330078125,0.0047606387761681473,0.00015269130195685269
0.84587500000000004,0.00518798828125,0.0062263519789942491,-0.0010383636977442491
0.84599999999999997,0.006103515625,0.0067390537301185187,-0.00063553810511851865
0.84612500000000002,0.006439208984375,0.0062216828185923476,0.00021752616578265237
0.84624999999999995,0.00457763671875,0.0047539961548503417,-0.00017635943610034167
0.84637499999999999,0.002349853515625,0.0025602755759317202,-0.00021042206030672016
0.84650000000000003,-0.000579833984375,-2.4944674200142993e-05,-0.00055488931017485697
0.84662499999999996,-0.0020751953125,-0.0026078927093046221,0.00053269739680462209
0.84675,-0.005889892578125,-0.0047955365900526322,-0.0010943559880723678
0.84687500000000004,-0.0068359375,-0.0062553892771013281,-0.00058054822289867192
0.84699999999999998,-0.00927734375,-0.0067660409019131389,-0.0025113028480868611
0.84712500000000002,-0.00640869140625,-0.0062507383964705695,-0.00015795300977943048
0.84724999999999995,-0.00579833984375,-0.0047889198092904688,-0.0010094200344595312
0.84737499999999999,-0.002838134765625,-0.0026039702579516177,-0.00023416450767338231
0.84750000000000003,0.000152587890625,-2.9086437190700904e-05,0.0001816743278157009
0.84762499999999996,0.00390625,0.0025435341763236329,0.0013627158236763671
0.84775,0.005096435546875,0.0047224311060605571,0.00037400444081444294
0.84787500000000005,0.005157470703125,0.0061764467100438678,-0.0010189760069188678
0.84799999999999998,0.007080078125,0.0066850564063288672,0.00039502171867113276
0.84812500000000002,0.007568359375,0.0061718140376513042,0.0013965453373486958
0.84824999999999995,0.005828857421875,0.004715840065401506,0.001113017356473494
0.84837499999999999,0.003387451171875,0.0025396264729503474,0.00084782469892465259
0.84850000000000003,0.000885009765625,-2.4962246364102515e-05,0.00090997201198910252
0.84862499999999996,-0.00384521484375,-0.0025872967305024092,-0.0012579181132475908
0.84875,-0.003692626953125,-0.0047574816825303083,0.0010648547294053083
0.84887500000000005,-0.0069580078125,-0.0062056835424800696,-0.00075232427001993042
0.84899999999999998,-0.00537109375,-0.0067122594752389705,0.0013411657252389705
0.84912500000000002,-0.00714111328125,-0.0062010690070719758,-0.00094004427417802416
0.84924999999999995,-0.006134033203125,-0.0047509162819281692,-0.0013831169211968308
0.84937499999999999,-0.00238037109375,-0.0025834037198711897,0.00020303262612118974
0.84950000000000003,0.0009765625,-2.90689393323893e-05,0.0010056314393323894
0.84962499999999996,0.001495361328125,0.0025230205425398654,-0.0010276592144148654
0.84975000000000001,0.006378173828125,0.0046845283503453823,0.0016936454777796177
0.84987500000000005,0.007232666015625,0.0061269397119612769,0.0011057263036637231
0.84999999999999998,0.00439453125,0.0066314900135502836,-0.0022369587635502836
0.85012500000000002,0.00531005859375,0.0061223432425643537,-0.00081228464881435373
0.85024999999999995,0.0040283203125,0.0046779884901253345,-0.00064966817762533453
0.85037499999999999,0.000946044921875,0.0025191421696400288,-0.0015730972477650288
0.85050000000000003,0.00018310546875,-2.4979670231529624e-05,0.00020808513898152962
0.85062499999999996,-0.002655029296875,-0.0025668651125124835,-8.8164184362516523e-05
0.85075000000000001,-0.0072021484375,-0.004719730470286258,-0.002482417967213742
0.85087500000000005,-0.007476806640625,-0.0061563744863354208,-0.0013204321542895792
0.85099999999999998,-0.008575439453125,-0.0066589072565874782,-0.0019165321965375218
0.85112500000000002,-0.00384521484375,-0.0061517960122516755,0.0023065811685016755
0.85124999999999995,-0.0050048828125,-0.0047132160511777401,-0.0002916667613222599
0.85137499999999999,-0.00299072265625,-0.0025630013225160227,-0.00042772133373397735
0.85150000000000003,0.0013427734375,-2.9051589146884635e-05,0.0013718250266468847
0.85162499999999997,0.00335693359375,0.0025026706124369317,0.00085426298131306829
0.85175000000000001,0.006439208984375,0.0046469280756686274,0.0017922809087063726
0.85187500000000005,0.0047607421875,0.0060778278063314756,-0.0013170856188314756
0.85199999999999998,0.00665283203125,0.0065783511126949962,7.4480918555003793e-05
0.85212500000000002,0.00775146484375,0.006073267257140586,0.001678197586609414
0.85224999999999995,0.004364013671875,0.0046404389987706436,-0.00027642532689564365
0.85237499999999999,0.00128173828125,0.0024988213507411323,-0.0012170830694911323
0.85250000000000004,9.1552734375e-05,-2.499694704573551e-05,0.00011654968142073551
0.85262499999999997,-0.000823974609375,-0.0025465965436964476,0.0017226219343214476
0.85275000000000001,-0.00372314453125,-0.0046822805296966273,0.00095913599844662731
0.85287500000000005,-0.005859375,-0.0061074589429599363,0.00024808394295993633
0.85299999999999998,-0.007415771484375,-0.0066059808206213686,-0.00080979066375363139
0.85312500000000002,-0.00457763671875,-0.0061029162485176109,0.0015252795297676109
0.85324999999999995,-0.0048828125,-0.0046758166965050647,-0.00020699580349493527
0.85337499999999999,-0.0020751953125,-0.0025427617558854841,0.00046756644338548413
0.85350000000000004,-0.000152587890625,-2.9034385391589894e-05,-0.00012355350523341011
0.85362499999999997,0.002227783203125,0.0024824830796177232,-0.00025469987649272318
0.85375000000000001,0.004119873046875,0.0046096278680955571,-0.00048975482122055707
0.85387500000000005,0.00634765625,0.0060291078401032054,0.00031854840989679455
0.85399999999999998,0.006988525390625,0.0065256362921212062,0.00046288909850379385
0.85412500000000002,0.003875732421875,0.0060245829305389216,-0.0021488505086639216
0.85424999999999995,0.006195068359375,0.0046031891804772622,0.0015918791788977378
0.854375,0.0030517578125,0.002478662711491067,0.00057309510100893302
0.85450000000000004,0.00152587890625,-2.5014078048625019e-05,0.0015508929842986249
0.85462499999999997,-0.00250244140625,-0.0025264897228830974,2.4048316633097384e-05
0.85475000000000001,-0.00213623046875,-0.0046451294564759911,0.0025088989877259911
0.85487500000000005,-0.00604248046875,-0.0060589337719102361,1.6453303160236105e-05
0.85499999999999998,-0.0067138671875,-0.0065534767693395824,-0.00016039041816041759
0.85512500000000002,-0.00408935546875,-0.0060544265776267866,0.0019650711088767866
0.85524999999999995,-0.003662109375,-0.0046387158166936952,0.00097660644169369516
0.855375,-0.00262451171875,-0.0025226837204285315,-0.00010182799832146854
0.85550000000000004,-0.000701904296875,-2.9017326834336122e-05,-0.00067288697004066382
0.85562499999999997,0.000396728515625,0.0024624566481146592,-0.0020657281324896592
0.85575000000000001,0.0048828125,0.0045726253329557232,0.00031018716704427681
0.85587500000000005,0.008880615234375,0.0059807766853899628,0.0028998385489850372
0.85599999999999998,0.005401611328125,0.0064733421674140687,-0.0010717308392890687
0.85612500000000002,0.007415771484375,0.005976287137062347,0.001439484347312653
0.85624999999999996,0.00152587890625,0.0045662366436349869,-0.0030403577373849869
0.856375,0.0023193359375,0.0024586649575404954,-0.00013932902004049541
0.85650000000000004,-0.00140380859375,-2.5031064468625027e-05,-0.0013787775292813749
0.85662499999999997,-0.00189208984375,-0.0025065433592848792,0.00061445351553487916
0.85675000000000001,-0.004638671875,-0.0046082748655293842,-3.0397009470615848e-05
0.85687500000000005,-0.005523681640625,-0.0060107958578053461,0.00048711421718034605
0.85699999999999998,-0.00701904296875,-0.0065013917318591605,-0.00051765123689083946
0.85712500000000003,-0.005859375,-0.006006323886379744,0.00014694888637974395
0.85724999999999996,-0.006256103515625,-0.0046019110296906902,-0.0016541924859343098
0.857375,-0.00189208984375,-0.0025027659269781411,0.00061067608322814106
0.85750000000000004,0.000701904296875,-2.9000412253295127e-05,0.00073090470912829514
0.85762499999999997,0.001068115234375,0.0024425900323009043,-0.0013744747979259043
0.85775000000000001,0.00335693359375,0.0045359180946892225,-0.0011789845009392225
0.85787500000000005,0.005462646484375,0.005932831239266901,-0.00047018475489190095
0.85799999999999998,0.00640869140625,0.0064214653811683889,-1.2773974918388852e-05
0.85812500000000003,0.00616455078125,0.0059283767759595657,0.00023617400529043434
0.85824999999999996,0.00347900390625,0.0045295790157130799,-0.0010505751094630799
0.858375,0.00146484375,0.0024388268048702363,-0.00097398305487023627
0.85850000000000004,0.001312255859375,-2.5047907516502097e-05,0.0013373037668915021
0.85862499999999997,-0.002227783203125,-0.0024867561724150364,0.00025897296929003636
0.85875000000000001,-0.00518798828125,-0.004571714390794907,-0.00061627389045509299
0.85887500000000006,-0.00689697265625,-0.0059630421101267254,-0.00093393054612327456
0.85899999999999999,-0.0064697265625,-0.0064497223641987976,-2.0004198301202397e-05
0.85912500000000003,-0.00634765625,-0.0059586050864229804,-0.00038905116357701962
0.85924999999999996,-0.004974365234375,-0.004565399972453677,-0.00040896526192132302
0.859375,-0.00244140625,-0.002483007096646484,4.1600846646483967e-05
0.85950000000000004,0.000885009765625,-2.89836404368929e-05,0.00091399340606189287
0.85962499999999997,0.001953125,0.0024228819568092252,-0.00046975695680922516
0.85975000000000001,0.00311279296875,0.0044995037966941934,-0.0013867108279441934
0.85987499999999994,0.004180908203125,0.0058852684235721651,-0.0017043602204471651
0.85999999999999999,0.00506591796875,0.006370002602773088,-0.001304084634023088
0.86012500000000003,0.004150390625,0.0058808487712253095,-0.0017304581462253095
0.86024999999999996,0.005279541015625,0.0044932139431174811,0.00078632707250751895
0.860375,0.001922607421875,0.002419146979706124,-0.00049653955783112401
0.86050000000000004,-0.00079345703125,-2.5064608401709227e-05,-0.00076839242284829079
0.86062499999999997,-0.002288818359375,-0.0024671268920053962,0.00017830853263039624
0.86075000000000002,-0.00286865234375,-0.0045354456850929042,0.0016667933413429042
0.86087499999999995,-0.00640869140625,-0.0059156694630187147,-0.00049302194323128535
0.86099999999999999,-0.0040283203125,-0.0063984653490641672,0.0023701450365641672
0.86112500000000003,-0.00653076171875,-0.0059112671140501101,-0.00061949460469988993
0.86124999999999996,-0.004791259765625,-0.0045291803007970833,-0.00026207946482791674
0.861375,-0.00299072265625,-0.0024634059607552281,-0.00052731669549477191
0.86150000000000004,0.0001220703125,-2.8967010180832156e-05,0.00015103732268083217
0.86162499999999997,0.002227783203125,0.002403331156450127,-0.00017554795332512703
0.86175000000000002,0.00390625,0.004463380101177551,-0.00055713010117755101
0.86187499999999995,0.00537109375,0.0058380851847093015,-0.00046699143470930148
0.86199999999999999,0.006072998046875,0.0063189505281973516,-0.00024595248132235157
0.86212500000000003,0.005706787109375,0.0058337000714028834,-0.00012691296202788343
0.86224999999999996,0.0040283203125,0.0044571390910375696,-0.00042881877853756956
0.862375,0.002777099609375,0.002399624218447991,0.00037747539092700903
0.86250000000000004,-6.103515625e-05,-2.5081168320599892e-05,-3.5953987929400111e-05
0.86262499999999998,-0.002410888671875,-0.0024476542579274902,3.6765586052490192e-05
0.86275000000000002,-0.004150390625,-0.0044994664199752669,0.00034907579497526695
0.86287499999999995,-0.006805419921875,-0.0058686748750961474,-0.00093674504677885261
0.86299999999999999,-0.006103515625,-0.0063476173956349491,0.00024410177063494912
0.86312500000000003,-0.007598876953125,-0.0058643069300051403,-0.0017345700231198597
0.86324999999999996,-0.00457763671875,-0.0044932496892498329,-8.438702950016707e-05
0.863375,-0.003570556640625,-0.0024439612607513031,-0.0011265953798736969
0.86350000000000005,-0.00048828125,-2.8950520299596703e-05,-0.00045933072970040327
0.86362499999999998,0.003021240234375,0.0023839363761306237,0.00063730385824437626
0.86375000000000002,0.0048828125,0.0044275446889967323,0.00045526781100326767
0.86387499999999995,0.006103515625,0.0057912784934511805,0.00031223713154881951
0.86399999999999999,0.006256103515625,0.0062683058797785201,-1.2202364153520058e-05
0.86412500000000003,0.005645751953125,0.0057869276493882236,-0.00014117569626322362
0.86424999999999996,0.004241943359375,0.0044213521432962706,-0.0001794087839212706
0.864375,0.003631591796875,0.0023802572675723577,0.0012513345293026423
0.86450000000000005,0.0006103515625,-2.5097588459486675e-05,0.00063544915095948673
0.86462499999999998,-0.000732421875,-0.0024283370201009969,0.0016959151451009969
0.86475000000000002,-0.004547119140625,-0.0044637742855759459,-8.3344855049054083e-05
0.86487499999999995,-0.005401611328125,-0.0058220553292424359,0.00042044400111743586
0.86499999999999999,-0.006011962890625,-0.0062971752393535269,0.00028521234872852692
0.86512500000000003,-0.00494384765625,-0.0058177215192873558,0.00087387386303735583
0.86524999999999996,-0.004669189453125,-0.0044576058308937079,-0.0002115836222312921
0.86537500000000001,-0.002655029296875,-0.0024246717481261103,-0.00023035754874888969
0.86550000000000005,0.000732421875,-2.8934169608947974e-05,0.00076135604460894797
0.86562499999999998,0.002227783203125,0.002364696370773676,-0.00013691316764867598
0.86575000000000002,0.0045166015625,0.0043919952595230924,0.00012460630297690765
0.86587499999999995,0.004180908203125,0.00574484534474555,-0.00156393714162055
0.86599999999999999,0.00634765625,0.0062180654060116367,0.00012959084398836331
0.86612500000000003,0.00518798828125,0.0057405285022355665,-0.00055254022098556645
0.86624999999999996,0.0042724609375,0.0043858508022013281,-0.0001133898647013281
0.86637500000000001,0.001983642578125,0.0023610448835627495,-0.00037740230543774952
0.86650000000000005,0.00079345703125,-2.5113869994725317e-05,0.00081857090124472535
0.86662499999999998,-0.00299072265625,-0.0024091739384295104,-0.00058154871782048955
0.86675000000000002,-0.00482177734375,-0.0044283669904626706,-0.00039341035328732937
0.86687499999999995,-0.00537109375,-0.0057758078324203011,0.00040471408242030108
0.86699999999999999,-0.00738525390625,-0.0062471356417154239,-0.0011381182645345761
0.86712500000000003,-0.00677490234375,-0.005771507890957735,-0.001003394452792265
0.86724999999999997,-0.00445556640625,-0.0044222464372234791,-3.3319969026520888e-05
0.86737500000000001,-0.001861572265625,-0.0024055361843353415,0.00054396391871034148
0.86750000000000005,0.000732421875,-2.8917956937477336e-05,0.00076133983193747733
0.86762499999999998,0.003082275390625,0.0023456099052408556,0.0007366654853841444
0.86775000000000002,0.007537841796875,0.0043567295304860077,0.0031811122663889923
0.86787499999999995,0.007781982421875,0.0056987827575231574,0.0020831996643518426
0.86799999999999999,0.005889892578125,0.0061682258813407142,-0.00027833330321571422
0.86812500000000004,0.006439208984375,0.0056944996509646385,0.00074470933341036147
0.86824999999999997,0.0037841796875,0.0043506327883977925,-0.00056645310089779247
0.86837500000000001,0.001556396484375,0.0023419858328271505,-0.00078558934845215055
0.86850000000000005,0.000823974609375,-2.5130014092798107e-05,0.00084910462346779805
0.86862499999999998,-0.001861572265625,-0.0023901637827102311,0.0005285915170852311
0.86875000000000002,-0.00408935546875,-0.0043932422614918068,0.00030388679274180683
0.86887499999999995,-0.004302978515625,-0.0057299294154785213,0.0014269508998535213
0.86899999999999999,-0.0074462890625,-0.0061974953900613581,-0.0012487936724386419
0.86912500000000004,-0.005645751953125,-0.0057256630779469386,7.9911124821938594e-05
0.86924999999999997,-0.00640869140625,-0.0043871692379978946,-0.0020215221682521054
0.86937500000000001,-0.001373291015625,-0.002386553340719467,0.001013262325094467
0.86950000000000005,-0.000701904296875,-2.8901881123608185e-05,-0.00067300241575139177
0.86962499999999998,0.00390625,0.0023266757542426174,0.0015795742457573826
0.86975000000000002,0.003448486328125,0.0043217452378283882,-0.00087325890970338816
0.86987499999999995,0.004974365234375,0.0056530877745020521,-0.00067872254012705212
0.87,0.008270263671875,0.0061187841059516246,0.0021514795659233754
0.87012500000000004,0.007598876953125,0.0056488381403683226,0.0019500388127566774
0.87024999999999997,0.00408935546875,0.0043156958407216811,-0.00022634037197168111
0.87037500000000001,0.003021240234375,0.0023230788916187889,0.00069816134275621109
0.87050000000000005,-0.00048828125,-2.5146021910396528e-05,-0.00046313522808960346
0.87062499999999998,-0.000640869140625,-0.0023713053325576687,0.0017304361919326687
0.87075000000000002,-0.00347900390625,-0.0043583978436544796,0.00087939393740447958
0.87087499999999995,-0.006683349609375,-0.0056844171329612832,-0.00099893247641371676
0.871,-0.00439453125,-0.0061482512973710076,0.0017537200473710076
0.87112500000000004,-0.005035400390625,-0.0056801841368647934,0.00064478374623979338
0.87124999999999997,-0.003936767578125,-0.0043523719810939377,0.00041560440296893771
0.87137500000000001,-0.00262451171875,-0.0023677219984248343,-0.00025678972032516572
0.87150000000000005,-0.001739501953125,-2.8885941015513655e-05,-0.0017106160121094862
0.87162499999999998,0.002716064453125,0.0023078927022753366,0.0004081717508496634
0.87175000000000002,0.005615234375,0.004287040135561344,0.001328194239438656
0.87187499999999996,0.004425048828125,0.0056077574620042201,-0.0011827086338792201
0.872,0.00677490234375,0.0060697369055666825,0.00070516543818331754
0.87212500000000004,0.006195068359375,0.0056035410388272314,0.00059152732054776856
0.87224999999999997,0.0057373046875,0.0042810377160547846,0.0014562669714452154
0.87237500000000001,0.00323486328125,0.0023043228459575715,0.0009305404352924285
0.87250000000000005,-6.103515625e-05,-2.5161894594503258e-05,-3.5873261655496742e-05
0.87262499999999998,-0.00274658203125,-0.0023525973773253022,-0.00039398465392469781
0.87275000000000003,-0.004180908203125,-0.0043238314999437498,0.0001429232968187498
0.87287499999999996,-0.0052490234375,-0.0056392680629191077,0.00039024462541910766
0.873,-0.004638671875,-0.0060994002020583705,0.0014607283270583705
0.87312500000000004,-0.005584716796875,-0.0056350681478113292,5.035135093632917e-05
0.87324999999999997,-0.00286865234375,-0.0043178524323622082,0.0014492000886122082
0.87337500000000001,-0.001434326171875,-0.0023490409483254188,0.00091471477645041878
0.87350000000000005,0.00048828125,-2.887013547103494e-05,0.00051715138547103496
0.87362499999999998,0.0023193359375,0.0022892595435327896,3.0076393967210392e-05
0.87375000000000003,0.003753662109375,0.00425261199561999,-0.00049894988624498999
0.87387499999999996,0.0028076171875,0.0055627889097628908,-0.0027551717222628908
0.874,0.00830078125,0.0060210811312408378,0.0022797001187591622
0.87412500000000004,0.004364013671875,0.0055586054381150159,-0.0011945917662400159
0.87424999999999997,0.00323486328125,0.0042466561891806621,-0.0010117929079306621
0.87437500000000001,0.002838134765625,0.0022857164915521294,0.00055241827407287057
0.87450000000000006,-0.00042724609375,-2.5177633282473451e-05,-0.00040206846046752652
0.87462499999999999,-0.00189208984375,-0.0023340387160278538,0.00044194887227785385
0.87475000000000003,-0.0042724609375,-0.0042895410112030203,1.7080073703020296e-05
0.87487499999999996,-0.00506591796875,-0.0055944793067222798,0.00052856133797227981
0.875,-0.00543212890625,-0.0060509389677688057,0.00061881006151880569
0.87512500000000004,-0.006256103515625,-0.0055903122141882618,-0.0006657913014367382
0.87524999999999997,-0.003143310546875,-0.004283608375483504,0.001140297828608504
0.87537500000000001,-0.003448486328125,-0.002330508990945179,-0.001117977337179821
0.87549999999999994,0.002349853515625,-2.8854463357600371e-05,0.0023787079789826006
0.87562499999999999,0.00079345703125,0.0022707750818313746,-0.0014773180505813746
0.87575000000000003,0.004486083984375,0.0042184586077203927,0.00026762537665460731
0.87587499999999996,0.00469970703125,0.0055181792307367958,-0.00081847219948679578
0.876,0.005157470703125,0.0059728136591595104,-0.00081534295603451039
0.87612500000000004,0.005126953125,0.005514028453215981,-0.00038707532821598105
0.87624999999999997,0.006195068359375,0.0042125490526398381,0.0019825193067351619
0.87637500000000002,0.003204345703125,0.0022672586337224971,0.00093708706940250292
0.87649999999999995,-0.002166748046875,-2.5193239099392409e-05,-0.0021415548077756076
0.87662499999999999,-0.002197265625,-0.0023156281572641983,0.00011836253226419832
0.87675000000000003,-0.00390625,-0.0042555241759855552,0.00034927417598555523
0.87687499999999996,-0.005706787109375,-0.0055500479888705703,-0.00015673912050442971
0.877,-0.005828857421875,-0.0060028644831776569,0.00017400706130265686
0.87712500000000004,-0.0037841796875,-0.0055459134625172211,0.0017617337750172211
0.87724999999999997,-0.006591796875,-0.0042496376118265015,-0.0023421592631734985
0.87737500000000002,-0.001861572265625,-0.0023121249363785377,0.00045055267075353768
0.87749999999999995,0.000274658203125,-2.8838923552145134e-05,0.00030349712667714513
0.87762499999999999,0.0030517578125,0.0022524381305333184,0.00079931968196668163
0.87775000000000003,0.004638671875,0.004184577779217687,0.00045409409578231301
0.87787499999999996,0.0052490234375,0.0054739255609247972,-0.00022490212342479721
0.878,0.00616455078125,0.0059249313904380339,0.00023961939081196607
0.87812500000000004,0.003509521484375,0.005469807222138752,-0.001960285737763752
0.87824999999999998,0.00390625,0.004178714116595799,-0.00027246411659579903
0.87837500000000002,0.0029296875,0.0022489480873234,0.00068073941267660001
0.87849999999999995,3.0517578125e-05,-2.5208713169069051e-05,5.5726291294069054e-05
0.87862499999999999,-0.003509521484375,-0.0022973645191408719,-0.0012121569652341281
0.87875000000000003,-0.005218505859375,-0.00422177881041316,-0.00099672704896183999
0.87887499999999996,-0.003814697265625,-0.0055059712568149306,0.0016912739911899306
0.879,-0.0042724609375,-0.0059551736617905072,0.0016827127242905072
0.87912500000000005,-0.00640869140625,-0.0055018690422489512,-0.00090682236400104876
0.87924999999999998,-0.003204345703125,-0.0042159379603066028,0.0010115922571816028
0.87937500000000002,-0.00335693359375,-0.0022938876042240303,-0.0010630459895259697
0.87949999999999995,-0.002166748046875,-2.882351494103165e-05,-0.0021379245319339685
0.87962499999999999,0.003662109375,0.0022342475124705013,0.0014278618625294987
0.87975000000000003,0.00457763671875,0.0041509673349652918,0.00042666938378470819
0.87987499999999996,0.00537109375,0.0054300250591820367,-5.8931309182036658e-05
0.88,0.005706787109375,0.0058774312509226939,-0.00017064414154769388
0.88012500000000005,0.0037841796875,0.0054259389057325488,-0.0016417592182325488
0.88024999999999998,0.004852294921875,0.004145149208682781,0.00070714571319221899
0.88037500000000002,0.00347900390625,0.0022307836766681638,0.0012482202295818362
0.88049999999999995,-0.00091552734375,-2.5224056597712121e-05,-0.0008903032871522879
0.88062499999999999,-0.0029296875,-0.0022792466291962042,-0.00065044087080379578
0.88075000000000003,-0.00439453125,-0.0041883027480359662,-0.00020622850196403385
0.88087499999999996,-0.0054931640625,-0.0054622462807701316,-3.0917781729868435e-05
0.88100000000000001,-0.0072021484375,-0.0059078634417450105,-0.0012942849957549895
0.88112500000000005,-0.0076904296875,-0.0054581761255845076,-0.0022322535619154924
0.88124999999999998,-0.005157470703125,-0.0041825072572440137,-0.00097496344588098634
0.88137500000000002,-0.004150390625,-0.0022757958234934034,-0.0018745948015065966
0.88149999999999995,-0.00048828125,-2.8808236419970639e-05,-0.00045947301358002936
0.88162499999999999,0.002105712890625,0.0022162020598688816,-0.00011048916924388157
0.88175000000000003,0.00421142578125,0.0041176251171752831,9.3800664074716877e-05
0.88187499999999996,0.0047607421875,0.0053864749070375063,-0.00062573271953750634
0.88200000000000001,0.004608154296875,0.0058303101909933756,-0.0012221558941183756
0.88212500000000005,0.00531005859375,0.00538242068750488,-7.2362093754880022e-05
0.88224999999999998,0.0045166015625,0.0041118521738740619,0.00040474938862593811
0.88237500000000002,0.003143310546875,0.0022127642354507634,0.00093054631142423664
0.88249999999999995,-0.00048828125,-2.5239270484966144e-05,-0.00046304197951503384
0.88262499999999999,-0.001220703125,-0.0022612733243275013,0.0010405701993275013
0.88275000000000003,-0.003204345703125,-0.004155093839693349,0.00095074813656834904
0.88287499999999997,-0.005126953125,-0.0054188702535341625,0.00029191712853416252
0.88300000000000001,-0.0068359375,-0.0058609307856143204,-0.00097500671438567957
0.88312500000000005,-0.007232666015625,-0.0054148319072926578,-0.0018178341083323422
0.88324999999999998,-0.0054931640625,-0.004149343356232388,-0.001343820706267612
0.88337500000000002,-0.00177001953125,-0.002257848432546527,0.00048782890129652704
0.88349999999999995,9.1552734375e-05,-2.8793086891295195e-05,0.00012034582126629519
0.88362499999999999,0.001068115234375,0.0021983006142735385,-0.0011301853798985385
0.88375000000000004,0.004638671875,0.0040845489852817159,0.00055412288971828406
0.88387499999999997,0.00469970703125,0.0053432723085131226,-0.00064356527726312264
0.88400000000000001,0.00469970703125,0.0057835651853677464,-0.0010838581541177464
0.88412500000000005,0.00421142578125,0.0053392497734407419,-0.0011278239921907419
0.88424999999999998,0.004608154296875,0.0040788208743416368,0.00052933342253336322
0.88437500000000002,0.000762939453125,0.0021948886066807884,-0.0014319491535557884
0.88449999999999995,-0.000152587890625,-2.525435592124453e-05,-0.00012733353470375548
0.88462499999999999,-0.00128173828125,-0.0022434434507065397,0.00096170516945653971
0.88475000000000004,-0.004150390625,-0.0041221499533759575,-2.8240671624042528e-05
0.88487499999999997,-0.006561279296875,-0.0053758403903079836,-0.0011854389065670164
0.88500000000000001,-0.00616455078125,-0.0058143726802120793,-0.00035017810103792069
0.88512500000000005,-0.005096435546875,-0.0053718336045297677,0.00027539805765476773
0.88524999999999998,-0.0030517578125,-0.0041164441279896461,0.0010646863154896461
0.88537500000000002,-0.00347900390625,-0.0022400442790142705,-0.0012389596272357295
0.88549999999999995,-0.0003662109375,-2.877806527449487e-05,-0.00033743287222550512
0.885625,0.00115966796875,0.0021805420264742895,-0.0010208740577242895
0.88575000000000004,0.004180908203125,0.0040517368157957203,0.00012917138732927973
0.88587499999999997,0.00482177734375,0.0053004144899442022,-0.00047863714619420222
0.88600000000000001,0.005401611328125,0.005737193232907058,-0.00033558190478205803
0.88612500000000005,0.0047607421875,0.0052964233918232038,-0.00053568120432320385
0.88624999999999998,0.003631591796875,0.004046053189318978,-0.00041446139244397801
0.88637500000000002,0.002532958984375,0.0021771556425943511,0.00035580334178064894
0.88649999999999995,0.000885009765625,-2.5269313987806856e-05,0.00091027907961280686
0.886625,-0.001312255859375,-0.0022257558637202883,0.00091350000434528827
0.88675000000000004,-0.00335693359375,-0.0040894689740888267,0.00073253538033882671
0.88687499999999997,-0.003936767578125,-0.0053331539285167541,0.0013963863503917541
0.88700000000000001,-0.0062255859375,-0.0057681861363989588,-0.00045739980110104123
0.88712500000000005,-0.00555419921875,-0.0053291784566611381,-0.00022502076208886189
0.88724999999999998,-0.0052490234375,-0.0040838074602288577,-0.0011652159772711423
0.88737500000000002,-0.000762939453125,-0.0022223822197245191,0.0014594427665995191
0.88749999999999996,0,-2.876317049018926e-05,2.876317049018926e-05
0.887625,0.002410888671875,0.0021629251564319295,0.00024796351544307052
0.88775000000000004,0.003326416015625,0.0040191865021804276,-0.00069277048655542756
0.88787499999999997,0.0052490234375,0.005257898699801403,-8.8752623014030224e-06
0.88800000000000001,0.005615234375,0.0056911913564234324,-7.5956981423432393e-05
0.88812500000000005,0.004425048828125,0.0052539387930554821,-0.00082888996493048206
0.88824999999999998,0.0030517578125,0.0040135470149648576,-0.0009617892024648576
0.88837500000000003,0.00439453125,0.0021595642045902767,0.0022349670454097233
0.88849999999999996,-0.000457763671875,-2.528414575943069e-05,-0.00043247952611556929
0.888625,-0.00146484375,-0.0022082094278875405,0.00074336567788754054
0.88875000000000004,-0.003082275390625,-0.0040570488037156112,0.00097477341309061116
0.88887499999999997,-0.00628662109375,-0.0052908081276324629,-0.0009958129661175371
0.88900000000000001,-0.00537109375,-0.0057223681888907574,0.00035127443889075745
0.88912500000000005,-0.003997802734375,-0.0052868637250837536,0.0012890609907087536
0.88924999999999998,-0.00616455078125,-0.0040514312575207333,-0.0021131195237292667
0.88937500000000003,-0.001007080078125,-0.002204861120628765,0.001197781042503765
0.88949999999999996,-0.00030517578125,-2.8748401470705974e-05,-0.00027642737977929405
0.889625,0.004150390625,0.0021454488732074212,0.0020049417517925788
0.88975000000000004,0.004730224609375,0.0039868959547082212,0.00074332865466677882
0.88987499999999997,0.004669189453125,0.005215722208515048,-0.000546532755390048
0.89000000000000001,0.004791259765625,0.0056455566024887407,-0.00085429683686374068
0.89012500000000006,0.006927490234375,0.0052117932494843856,0.0017156969848906144
0.89024999999999999,0.00396728515625,0.0039813002642282774,-1.4015107978277395e-05
0.89037500000000003,0.00323486328125,0.0021421131631545257,0.0010927501180954743
0.89049999999999996,0.001373291015625,-2.529885229408632e-05,0.0013985898679190864
0.890625,-0.0023193359375,-0.002190803016788504,-0.00012853292071149597
0.89075000000000004,-0.004791259765625,-0.0040248873608856872,-0.00076637240473931278
0.89087499999999997,-0.005462646484375,-0.0052488002689979859,-0.00021384621537701414
0.89100000000000001,-0.00628662109375,-0.0056769158960680161,-0.00060970519768198395
0.89112499999999994,-0.006591796875,-0.005244886693050471,-0.001346910181949529
0.89124999999999999,-0.004486083984375,-0.0040193134411590694,-0.0004667705432159306
0.89137500000000003,-0.0023193359375,-0.0021874798567293012,-0.0001318560807706988
0.89149999999999996,-0.0025634765625,-2.8733757157335996e-05,-0.0025347428053426641
0.891625,0.003143310546875,0.0021281120548797289,0.0010151984919952711
0.89175000000000004,0.00262451171875,0.0039548631003284368,-0.0013303513815784368
0.89187499999999997,0.006256103515625,0.0051738823082959299,0.0010822212073290701
0.89200000000000002,0.00494384765625,0.0056002860412449852,-0.00065643838499498518
0.89212499999999995,0.00555419921875,0.0051699840552261829,0.00038421516352381713
0.89224999999999999,0.003875732421875,0.003949310866714472,-7.357844483947204e-05
0.89237500000000003,0.000885009765625,0.0021248013977876617,-0.0012397916321626617
0.89249999999999996,0.001495361328125,-2.5313434648645285e-05,0.0015206747627736453
0.892625,-0.00213623046875,-0.0021735355129924821,3.7305044242482138e-05
0.89275000000000004,-0.002899169921875,-0.0039929825808332573,0.0010938126589582573
0.89287499999999997,-0.00390625,-0.0052071276556525407,0.0013008776556525407
0.89300000000000002,-0.00604248046875,-0.0056318263397871667,-0.00041065412896283335
0.89312499999999995,-0.00732421875,-0.005203244665495578,-0.002120974084504422
0.89324999999999999,-0.003143310546875,-0.0039874519490273007,0.00084414140215230068
0.89337500000000003,0.000335693359375,-0.0021702373120069782,0.0025059306713819782
0.89349999999999996,-0.001129150390625,-2.871923650025862e-05,-0.0011004311541247414
0.893625,0.00225830078125,0.002110913588488176,0.00014738719276182399
0.89375000000000004,0.00457763671875,0.0039230858825342954,0.00065455083621570459
0.89387499999999998,0.003173828125,0.0051323763129674247,-0.0019585481879674247
0.89400000000000002,0.00543212890625,0.0055553767662161841,-0.00012324785996618414
0.89412499999999995,0.003448486328125,0.0051285085259889411,-0.0016800221978639411
0.89424999999999999,0.003021240234375,0.0039175767685519728,-0.0008963365341769728
0.89437500000000003,0.002532958984375,0.0021076277969329111,0.00042533118744208891
0.89449999999999996,0.000152587890625,-2.5327893868512086e-05,0.0001779157844935121
0.894625,-0.00140380859375,-0.0021564058079861425,0.00075259721423614253
0.89475000000000005,-0.002777099609375,-0.0039613324152757328,0.0011842328059007328
0.89487499999999998,-0.004638671875,-0.0051657876121585494,0.00052711573715854936
0.89500000000000002,-0.006256103515625,-0.0055870966251931687,-0.00066900689043183133
0.89512499999999995,-0.004119873046875,-0.0051619349688617772,0.0010420619219867772
0.89524999999999999,-0.00396728515625,-0.0039558447354660926,-1.1440420783907432e-05
0.89537500000000003,-0.001739501953125,-0.0021531323793495547,0.00041363042622455468
0.89549999999999996,0.0009765625,-2.8704838458467015e-05,0.001005267338458467
0.895625,0.0032958984375,0.0020938523699513874,0.0012020460675486126
0.89575000000000005,0.0062255859375,0.0038915622612308654,0.0023340236762691346
0.89587499999999998,0.0047607421875,0.005091201557789045,-0.00033045937028904505
0.89600000000000002,0.004852294921875,0.0055108258941217857,-0.00065853097224678574
0.89612499999999995,0.00604248046875,0.0050873639989060943,0.00095511646984390575
0.89624999999999999,0.003082275390625,0.0038860959322607486,-0.00080382054163574863
0.89637500000000003,0.001708984375,0.0020905912579047906,-0.00038160688290479056
0.89649999999999996,0.001495361328125,-2.5342230990314352e-05,0.0015207035591153144
0.89662500000000001,-0.000518798828125,-0.0021394128021023509,0.0016206139739773509
0.89675000000000005,-0.004150390625,-0.0039299348322749273,-0.00022045579272507269
0.89687499999999998,-0.005523681640625,-0.0051247774844308145,-0.00039890415619418546
0.89700000000000002,-0.004547119140625,-0.0055427238805336706,0.00099560473990867055
0.89712499999999995,-0.005706787109375,-0.005120954950927562,-0.000585832158447438
0.89724999999999999,-0.006103515625,-0.0039244897711420085,-0.0021790258538579915
0.89737500000000003,-0.0009765625,-0.0021361639604806056,0.0011596014604806056
0.89749999999999996,-0.001129150390625,-2.8690561999694386e-05,-0.0011004598286253056
0.89762500000000001,0.000457763671875,0.0020769273039988245,-0.0016191636321238245
0.89775000000000005,0.004241943359375,0.0038602902126040894,0.00038165314677091056
0.89787499999999998,0.005615234375,0.0050503553992863734,0.00056487897571362664
0.89800000000000002,0.004486083984375,0.0054666305646915306,-0.00098054658031653062
0.89812499999999995,0.004364013671875,0.0050465478323615384,-0.00068253416048653839
0.89824999999999999,0.0032958984375,0.0038548663366196135,-0.00055896789911961346
0.89837500000000003,0.001220703125,0.0020736906868183062,-0.00085298756181830622
0.89849999999999997,-0.001678466796875,-2.5356447041976329e-05,-0.0016531103498330236
0.89862500000000001,-0.00286865234375,-0.0021225554044495818,-0.00074609693930041817
0.89875000000000005,-0.00335693359375,-0.003898787816108432,0.00054185422235843205
0.89887499999999998,-0.00469970703125,-0.0050840946395622911,0.00038438760831229109
0.89900000000000002,-0.004241943359375,-0.0054987052569746165,0.0012567618975996165
0.89912499999999995,-0.00457763671875,-0.005080301980640781,0.00050266526189078099
0.89924999999999999,-0.003936767578125,-0.0038933850429172094,-4.3382535207790642e-05
0.89937500000000004,-0.0028076171875,-0.0021193309658867118,-0.00068828622161328824
0.89949999999999997,-0.000396728515625,-2.8676406100340806e-05,-0.0003680521095246592
0.89962500000000001,0.00286865234375,0.0020601373041004641,0.00080851503964953593
0.89975000000000005,0.004241943359375,0.0038292677289908598,0.00041267563038414022
0.89987499999999998,0.00390625,0.0050098352150813293,-0.0011035852150813293
0.90000000000000002,0.00439453125,0.005422787940481847,-0.001028256690481847
0.90012499999999995,0.004791259765625,0.0050060574058210005,-0.00021479764019600046
0.90024999999999999,0.005706787109375,0.0038238859765435422,0.0018829011328314578
0.90037500000000004,0.00213623046875,0.0020569249985187147,7.9305470231285334e-05
0.90049999999999997,0.000823974609375,-2.5370543042791784e-05,0.00084934515241779176
0.90062500000000001,-0.00286865234375,-0.0021058325328418793,-0.00076281981090812068
0.90075000000000005,-0.00323486328125,-0.0038678893671402139,0.00063302608589021385
0.90087499999999998,-0.0054931640625,-0.0050437364656608251,-0.00044942759683917494
0.90100000000000002,-0.00457763671875,-0.0054550379284173545,0.00087740120966735453
0.90112499999999995,-0.006011962890625,-0.0050399734479439533,-0.00097198944268104669
0.90125,-0.00701904296875,-0.0038625285537202021,-0.0031565144150297979
0.90137500000000004,-0.003814697265625,-0.0021026323147567043,-0.0017120649508682957
0.90149999999999997,-0.001922607421875,-2.8662369745400602e-05,-0.0018939450521295994
0.90162500000000001,0.00067138671875,0.0020434812923970534,-0.0013720945736470534
0.90175000000000005,0.0059814453125,0.003798492818750116,0.002182952493749884
0.90187499999999998,0.00482177734375,0.0049696384037238271,-0.00014786105997382712
0.90200000000000002,0.005767822265625,0.0053792952066936501,0.00038852705893134987
0.90212499999999995,0.0045166015625,0.0049658901196638194,-0.00044928855716381937
0.90225,0.003448486328125,0.0037931528629442891,-0.0003446665348192891
0.90237500000000004,0.0013427734375,0.0020402931165118539,-0.00069751967901185387
0.90249999999999997,0.000274658203125,-2.5384520003496286e-05,0.0003000427231284963
0.90262500000000001,-0.003814697265625,-0.0020892431137293937,-0.0017254541518956063
0.90275000000000005,-0.00274658203125,-0.0038372375016922293,0.0010906554704422293
0.90287499999999998,-0.005767822265625,-0.0050037003716776034,-0.00076412189394739656
0.90300000000000002,-0.0028076171875,-0.0054117190913172035,0.0026041019038172035
0.90312499999999996,-0.00531005859375,-0.0049999667636105322,-0.00031009183013946777
0.90325,-0.0020751953125,-0.0038319183224158962,0.0017567230099158962
0.90337500000000004,-0.001556396484375,-0.0020860669348984374,0.00052967045052343745
0.90349999999999997,-0.00018310546875,-2.8648451928390385e-05,-0.0001544570168216096
0.90362500000000001,0.0013427734375,0.0020269581996309109,-0.00068418476213091091
0.90375000000000005,0.004241943359375,0.003767963506134999,0.00047397985324000103
0.90387499999999998,0.00421142578125,0.0049297623845247461,-0.0007183366032747461
0.90400000000000003,0.006744384765625,0.0053361495709916516,0.0014082351946333484
0.90412499999999996,0.004364013671875,0.0049260433950150794,-0.00056202972314007942
0.90425,0.0040283203125,0.0037626650226097931,0.00026565528989020695
0.90437500000000004,0.0001220703125,0.0020237939728927636,-0.0019017236603927636
0.90449999999999997,0.000732421875,-2.5398378926338891e-05,0.00075782025392633892
0.90462500000000001,-0.0001220703125,-0.0020727860821317026,0.0019507157696317026
0.90475000000000005,-0.00335693359375,-0.0038068302519170781,0.00044989665816707811
0.90487499999999998,-0.004638671875,-0.0049639837872417812,0.00032531191224178125
0.90500000000000003,-0.003753662109375,-0.0053687459645034357,0.0016150838551284357
0.90512499999999996,-0.0068359375,-0.0049602793590777161,-0.0018756581409222839
0.90525,-0.00494384765625,-0.003801552383685325,-0.001142295272564675
0.90537500000000004,-0.0020751953125,-0.0020696337626791867,-5.5615498208132913e-06
0.90549999999999997,-0.0001220703125,-2.8634651648853395e-05,-9.3435660851146608e-05
0.90562500000000001,0.00390625,0.0020105669650772886,0.0018956830349227114
0.90575000000000006,0.004425048828125,0.0037376778311677015,0.00068737099695729848
0.90587499999999999,0.003082275390625,0.0048902045973902566,-0.0018079292067652566
0.90600000000000003,0.005096435546875,0.0052933482633250577,-0.00019691271645005774
0.90612499999999996,0.004913330078125,0.0048865146735838022,2.6815404541197761e-05
0.90625,0.00439453125,0.0037324204980756972,0.00066211075192430281
0.90637500000000004,0.0028076171875,0.0020074265082861446,0.0008001906792138554
0.90649999999999997,0.001556396484375,-2.5412120805153214e-05,0.0015818086051801533
0.90662500000000001,-0.00262451171875,-0.0020564603815604377,-0.00056805133718956227
0.90674999999999994,-0.005706787109375,-0.0037766656656716743,-0.0019301214437033257
0.90687499999999999,-0.003692626953125,-0.0049245841624954477,0.0012319572093704477
0.90700000000000003,-0.006927490234375,-0.0053261157890007469,-0.0016013744453742531
0.90712499999999996,-0.00494384765625,-0.0049209086862815297,-2.2938969968470252e-05
0.90725,-0.0025634765625,-0.0037714287878890577,0.0012079522253890577
0.90737500000000004,-0.0028076171875,-0.0020533317429550337,-0.00075428544454496631
0.90749999999999997,-0.000457763671875,-2.8620967922005161e-05,-0.00042914270395299483
0.90762500000000002,0.0020751953125,0.0019943065364762713,8.0888776023728664e-05
0.90774999999999995,0.00347900390625,0.0037076338495033944,-0.00022862994325339439
0.90787499999999999,0.00579833984375,0.0048509625026574446,0.00094737734109255536
0.90800000000000003,0.00537109375,0.0052508885357497558,0.00012020521425024425
0.90812499999999996,0.00439453125,0.0048473014174930558,-0.00045277016749305579
0.90825,0.001800537109375,0.0037024173474996792,-0.0019018802381246792
0.90837500000000004,0.005584716796875,0.0019911896717647783,0.0035935271251102217
0.90849999999999997,0.0001220703125,-2.5425746625427924e-05,0.00014749605912542791
0.90862500000000002,-0.00103759765625,-0.002040264963965005,0.001002667307715005
0.90874999999999995,-0.005889892578125,-0.0037467418063919025,-0.0021431507717330975
0.90887499999999999,-0.003662109375,-0.0048854989679299361,0.0012233895929299361
0.90900000000000003,-0.004974365234375,-0.0052838258278520966,0.00030946059347709658
0.90912499999999996,-0.00506591796875,-0.0048818522174932403,-0.00018406575125675968
0.90925,-0.001495361328125,-0.0037415456009489674,0.0022461842728239674
0.90937500000000004,-0.003082275390625,-0.0020371598290031263,-0.0010451155616218737
0.90949999999999998,-0.001373291015625,-2.8607399764059464e-05,-0.0013446836158609405
0.90962500000000002,0.0023193359375,0.0019781758699652318,0.00034116006753476822
0.90974999999999995,0.003753662109375,0.0036778296323293131,7.5832477045686877e-05
0.90987499999999999,0.005035400390625,0.0048120335809312825,0.00022336680969371747
0.91000000000000003,0.004241943359375,0.0052087676622518658,-0.00096682430287686576
0.91012499999999996,0.00433349609375,0.0048084011091207813,-0.00047490501537078133
0.91025,0.00372314453125,0.0036726536445367735,5.0490886713226539e-05
0.91037500000000005,0.00140380859375,0.0019750824207911033,-0.00057127382704110332
0.91049999999999998,0.000640869140625,-2.5439257366752836e-05,0.00066630839799175284
0.91062500000000002,0.0006103515625,-0.0020241987896562536,0.0026345503521562536
0.91074999999999995,-0.00439453125,-0.0037170567529699878,-0.00067747449703001216
0.91087499999999999,-0.005401611328125,-0.0048467256942234093,-0.00055488563390159069
0.91100000000000003,-0.005462646484375,-0.0052418733659430105,-0.00022077311843198954
0.91112499999999996,-0.002685546875,-0.004843107445157052,0.002157560570157052
0.91125,-0.0054931640625,-0.0037119009042223278,-0.0017812631582776722
0.91137500000000005,-0.00335693359375,-0.0020211169824544627,-0.0013358166112955373
0.91149999999999998,0.000732421875,-2.8593946201914179e-05,0.00076101582120191417
0.91162500000000002,0.0028076171875,0.0019621739300139966,0.00084544325748600341
0.91174999999999995,0.003082275390625,0.0036482632662135943,-0.00056598787558859425
0.91187499999999999,0.00531005859375,0.0047734153329237645,0.00053664326082623545
0.91200000000000003,0.004852294921875,0.0051669829385727287,-0.00031468801669772874
0.91212499999999996,0.004547119140625,0.0047698112509372108,-0.00022269211031221078
0.91225000000000001,0.002532958984375,0.0036431274782156892,-0.0011101684938406892
0.91237500000000005,0.00323486328125,0.0019591037211480122,0.0012757595601019878
0.91249999999999998,0.000152587890625,-2.5452653993364481e-05,0.00017804054461836448
0.91262500000000002,-0.00164794921875,-0.0020082608272420019,0.00036031160849200189
0.91274999999999995,-0.00311279296875,-0.0036876085996244141,0.00057481563087441413
0.91287499999999999,-0.00555419921875,-0.0048082618520797742,-0.00074593736667022577
0.91300000000000003,-0.005340576171875,-0.0052002557098272542,-0.00014032046204774575
0.91312499999999996,-0.00555419921875,-0.0048046718817291341,-0.00074952733702086591
0.91325000000000001,-0.003570556640625,-0.0036824927943786105,0.00011193615375361052
0.91337500000000005,-0.002410888671875,-0.0020052021732272244,-0.00040568649864777557
0.91349999999999998,0.0010986328125,-2.8580606270638487e-05,0.0011272134187706386
0.91362500000000002,0.00128173828125,0.0019462996893496167,-0.00066456140809961674
0.91374999999999995,0.003204345703125,0.0036189328529978109,-0.00041458714987281089
0.91387499999999999,0.0052490234375,0.0047351052792898359,0.00051391815821016408
0.91400000000000003,0.00439453125,0.0051255316820353024,-0.00073100043203530238
0.91412499999999997,0.004547119140625,0.0047315293653445115,-0.00018441022471951153
0.91425000000000001,0.003997802734375,0.0036138369528161177,0.00038396578155888228
0.91437500000000005,0.000762939453125,0.0019432525468724396,-0.0011803130937474396
0.91449999999999998,-0.00018310546875,-2.5465937468529042e-05,-0.00015763953128147096
0.91462500000000002,-0.003173828125,-0.0019924500535608192,-0.0011813780714391808
0.91474999999999995,-0.0025634765625,-0.0036583954557877019,0.0010949188932877019
0.91487499999999999,-0.00555419921875,-0.0047701049720688549,-0.00078409424668114507
0.91500000000000004,-0.0042724609375,-0.0051589701875539061,0.00088650925005390614
0.91512499999999997,-0.004730224609375,-0.0047665430595178887,3.6318450142888703e-05
0.91525000000000001,-0.0057373046875,-0.003653319383277297,-0.002083985304222703
0.91537500000000005,-0.001129150390625,-0.0019894143794606345,0.00086026398883563447
0.91549999999999998,0.000762939453125,-2.8567379013404414e-05,0.00079150683213840439
0.91562500000000002,0.0010986328125,0.0019305521289035795,-0.00083191931640357953
0.91574999999999995,0.003753662109375,0.0035898365096716954,0.00016382559970330463
0.91587499999999999,0.003662109375,0.0046971009604736633,-0.0010349915854736633
0.91600000000000004,0.00506591796875,0.0050844112313719022,-1.8493262621902158e-05
0.91612499999999997,0.004364013671875,0.0046935529945177261,-0.00032953932264272612
0.91625000000000001,0.00421142578125,0.0035847801877470172,0.00062664559350298276
0.91637500000000005,0.001678466796875,0.0019275278801894947,-0.0002490610833144947
0.91649999999999998,0.00286865234375,-2.5479108745048564e-05,0.0028941314524950487
0.91662500000000002,-0.002960205078125,-0.0019767654536163508,-0.00098343962450864924
0.91674999999999995,-0.00311279296875,-0.0036294154459782682,0.00051662247722826819
0.916875,-0.002960205078125,-0.004732252604467857,0.001772047526342857
0.91700000000000004,-0.007080078125,-0.0051180141484958143,-0.0019620639765041857
0.91712499999999997,-0.005706787109375,-0.0047287185305255408,-0.00097806857884945916
0.91725000000000001,-0.004608154296875,-0.0036243787978466418,-0.00098377549902835823
0.91737500000000005,-0.00286865234375,-0.0019737525874493449,-0.00089489975630065513
0.91749999999999998,0.001068115234375,-2.8554263481418959e-05,0.0010966694978564191
0.91762500000000002,0.00238037109375,0.0019149302377375961,0.00046544085601240388
0.91774999999999995,0.003936767578125,0.0035609723682538843,0.00037579520987111566
0.917875,0.004119873046875,0.0046593999365470819,-0.00053952688967208191
0.91800000000000004,0.005584716796875,0.0050436189465533693,0.00054109785032163075
0.91812499999999997,0.005157470703125,0.0046558797002469584,0.00050159100287804157
0.91825000000000001,0.00274658203125,0.0035559553174258746,-0.00080937328617587461
0.91837500000000005,0.00115966796875,0.0019119287114471024,-0.00075226074269710242
0.91849999999999998,-0.0006103515625,-2.5492168767723828e-05,-0.00058485939373227613
0.91862500000000002,-0.0028076171875,-0.0019612060205121515,-0.0008464111669878485
0.91874999999999996,-0.003875732421875,-0.0036006667096817194,-0.0002750657121932806
0.918875,-0.0037841796875,-0.0046947023191049675,0.00091052263160496753
0.91900000000000004,-0.0047607421875,-0.0050773849631794241,0.00031664277567942413
0.91912499999999997,-0.005126953125,-0.0046911958662900705,-0.00043575725870992951
0.91925000000000001,-0.00396728515625,-0.003595669179963411,-0.00037161597628658895
0.91937500000000005,-0.000946044921875,-0.0019582157915762352,0.0010121708697012352
0.91949999999999998,0.001861572265625,-2.8541258733856792e-05,0.0018901135243588568
0.91962500000000003,0.002471923828125,0.0018994330129809083,0.0005724908151440917
0.91974999999999996,0.00421142578125,0.003532338575665444,0.00067908720558455598
0.919875,0.005950927734375,0.0046219997870538725,0.0013289279473211275
0.92000000000000004,0.00701904296875,0.0050031522086195438,0.0020158907601304562
0.92012499999999997,0.006256103515625,0.0046185070637808461,0.0016375964518441539
0.92025000000000001,0.003082275390625,0.0035273604911573012,-0.00044508510053230125
0.92037500000000005,0.001068115234375,0.0018964540390511862,-0.00082833880467618622
0.92049999999999998,-0.000457763671875,-2.5505118473421402e-05,-0.00043225855340157861
0.92062500000000003,-0.002227783203125,-0.0019457707553870525,-0.00028201244773794752
0.92074999999999996,-0.004486083984375,-0.0035721474012314009,-0.00091393658314359912
0.920875,-0.00494384765625,-0.0046574517051998186,-0.00028639595105018137
0.92100000000000004,-0.00482177734375,-0.0050370800231159555,0.00021530267936595553
0.92112499999999997,-0.005645751953125,-0.0046539726577328258,-0.00099177929539217419
0.92125000000000001,-0.003814697265625,-0.003567188686333593,-0.00024750857929140696
0.92137500000000006,-0.00299072265625,-0.0019428029942563253,-0.0010479196619936747
0.92149999999999999,-0.000335693359375,-2.8528363837793507e-05,-0.00030716499553720651
0.92162500000000003,0.002960205078125,0.001884059459765902,0.001076145618359098
0.92174999999999996,0.0045166015625,0.0035039332936207461,0.0010126682688792539
0.921875,0.004241943359375,0.0045848981108543487,-0.00034295475147934872
0.92200000000000004,0.004638671875,0.0049630084195111529,-0.0003243365445111529
0.92212499999999997,0.005859375,0.0045814326856712575,0.0012779423143287425
0.92225000000000001,0.00286865234375,0.0034989938730206954,-0.00063034152927069539
0.92237499999999994,0.002105712890625,0.0018811028694013477,0.00022461002122365226
0.92249999999999999,0.0006103515625,-2.5517958791140086e-05,0.00063586952129114009
0.92262500000000003,-0.002685546875,-0.0019304586673510298,-0.00075508820764897018
0.92274999999999996,-0.00384521484375,-0.0035438556896899092,-0.00030135915406009081
0.922875,-0.004119873046875,-0.0046204983712139951,0.0005006253243389951
0.92300000000000004,-0.005279541015625,-0.0049970967406339252,-0.0002824442749910748
0.92312499999999997,-0.006439208984375,-0.0046170465149985669,-0.0018221624693764331
0.92325000000000002,-0.004486083984375,-0.0035389354883740365,-0.00094714849600096348
0.92337499999999995,-0.0018310546875,-0.0019275132058641415,9.6458518364141545e-05
0.92349999999999999,3.0517578125e-05,-2.8515577868139428e-05,5.9033155993139428e-05
0.92362500000000003,0.00152587890625,0.0018688085911642463,-0.00034292968491424626
0.92374999999999996,0.004119873046875,0.0034757546985028703,0.0006441183483721297
0.923875,0.00482177734375,0.0045480925259712155,0.00027368481777878453
0.92400000000000004,0.00408935546875,0.004923185001902983,-0.00083382953315298304
0.92412499999999997,0.006591796875,0.0045446541856183882,0.0020471426893816118
0.92425000000000002,0.003326416015625,0.0034708536417426259,-0.00014443762611762593
0.92437499999999995,0.00079345703125,0.0018658742168270773,-0.0010724171855770773
0.92449999999999999,-0.001434326171875,-2.5530690642076831e-05,-0.0014087954812329231
0.92462500000000003,-0.003082275390625,-0.0019152687734216032,-0.0011670066172033968
0.92474999999999996,-0.00225830078125,-0.0035157897587315455,0.0012574889774815455
0.924875,-0.0054931640625,-0.0045838399446939682,-0.00090932411780603184
0.92500000000000004,-0.006195068359375,-0.0049574325487130293,-0.0012376358106619707
0.92512499999999998,-0.00341796875,-0.00458041506730555,0.00116244631730555
0.92525000000000002,-0.002899169921875,-0.0035109077720934748,0.00061173785021847484
0.92537499999999995,-0.001556396484375,-0.0019123454446619739,0.00035594896028697388
0.92549999999999999,-0.000396728515625,-2.8502899905336382e-05,-0.00036822561571966364
0.92562500000000003,0.001556396484375,0.0018536794281235299,-0.0002972829437485299
0.92574999999999996,0.00396728515625,0.0034478009812481864,0.00051948417500181357
0.925875,0.00543212890625,0.0045115806694366323,0.00092054823681336773
0.92600000000000005,0.004730224609375,0.0048836793990384292,-0.00015345478966342918
0.92612499999999998,0.00482177734375,0.0045081692023213778,0.00031360814142862223
0.92625000000000002,0.001861572265625,0.0034429379905864086,-0.0015813657249614086
0.92637499999999995,0.002288818359375,0.0018507671035224002,0.00043805125585259981
0.92649999999999999,0.000823974609375,-2.5543314939692102e-05,0.00084951792431469211
0.92662500000000003,-0.00164794921875,-0.0019002000984627799,0.00025225087971277992
0.92674999999999996,-0.003631591796875,-0.0034879478065257047,-0.00014364399034929535
0.926875,-0.005279541015625,-0.0045474740721196671,-0.00073206694350533286
0.92700000000000005,-0.006561279296875,-0.004918084900819319,-0.001643194396055681
0.92712499999999998,-0.003997802734375,-0.0045440759627924463,0.00054627322841744631
0.92725000000000002,-0.004547119140625,-0.0034831037379823961,-0.0010640154026426039
0.92737499999999995,-0.00433349609375,-0.0018972987367598378,-0.0024361973569901624
0.92749999999999999,-0.00201416015625,-2.849032904426088e-05,-0.001985669827205739
0.92762500000000003,-0.000335693359375,0.0018386709994044166,-0.0021743643587794166
0.92774999999999996,0.005401611328125,0.0034200703472301993,0.0019815409808948007
0.92787500000000001,0.003326416015625,0.0044753601971405169,-0.0011489441815155169
0.92800000000000005,0.003662109375,0.0048444890745653274,-0.0011823796995653274
0.92812499999999998,0.0035400390625,0.0044719753933215312,-0.00093193633082153116
0.92825000000000002,0.002410888671875,0.0034152451272344668,-0.0010043564553594668
0.92837499999999995,0.00189208984375,0.0018357805594913516,5.630928425864835e-05
0.92849999999999999,0.00048828125,-2.5555832589774677e-05,0.00051383708258977471
0.92862500000000003,-6.103515625e-05,-0.0018852516751142129,0.0018242165188642129
0.92874999999999996,-0.00469970703125,-0.0034603280456212042,-0.0012393789856287958
0.92887500000000001,-0.005645751953125,-0.0045113984187533695,-0.0011343535343716305
0.92900000000000005,-0.00506591796875,-0.0048790512707417161,-0.00018686669800828393
0.92912499999999998,-0.0035400390625,-0.0045080268683673251,0.00096798780586732514
0.92925000000000002,-0.0030517578125,-0.0034555216008879757,0.00040376378838797569
0.92937499999999995,-0.00146484375,-0.0018823721160361518,0.00041752836603615182
0.92949999999999999,-0.000457763671875,-2.8477864380680241e-05,-0.00042928580749431974
0.92962500000000003,0.003204345703125,0.0018237823415182869,0.0013805633616067131
0.92974999999999997,0.003753662109375,0.0033925610161443451,0.00036110109323065492
0.92987500000000001,0.0054931640625,0.0044394287836800397,0.0010537352788199603
0.93000000000000005,0.0029296875,0.0048056115123731348,-0.0018759240123731348
0.93012499999999998,0.005950927734375,0.0044360704348553786,0.0015148572995196214
0.93025000000000002,0.004119873046875,0.0033877732736732596,0.00073209977320174043
0.93037499999999995,0.001617431640625,0.0018209136224732892,-0.00020348198184828924
0.93049999999999999,-0.0001220703125,-2.5568244490505935e-05,-9.6502068009494065e-05
0.93062500000000004,-0.00274658203125,-0.001870422543741495,-0.00087615948750850497
0.93074999999999997,-0.00286865234375,-0.0034329287028315209,0.00056427635908152087
0.93087500000000001,-0.004608154296875,-0.0044756106684898204,-0.00013254362838517955
0.93100000000000005,-0.005401611328125,-0.0048403291524298153,-0.00056128217569518472
0.93112499999999998,-0.003021240234375,-0.0044722654695578843,0.0014510252351828843
0.93125000000000002,-0.004180908203125,-0.0034281595899058248,-0.00075274861321917522
0.93137499999999995,-0.003936767578125,-0.0018675646240778967,-0.0020692029540471035
0.93149999999999999,-0.000396728515625,-2.846550502019286e-05,-0.00036826301060480715
0.93162500000000004,0.00164794921875,0.0018090124986653948,-0.00016106327991539482
0.93174999999999997,0.0037841796875,0.0033652712218936887,0.00041890846560631127
0.93187500000000001,0.006134033203125,0.0044037841222103425,0.0017302490809146575
0.93200000000000005,0.005279541015625,0.00476704421643137,0.00051249679919362998
0.93212499999999998,0.004241943359375,0.0044004520217046216,-0.00015850866232962162
0.93225000000000002,0.00469970703125,0.0033605206660791303,0.0013391863651708697
0.93237499999999995,0.0009765625,0.0018061653378893909,-0.00082960283788939093
0.9325,0.000152587890625,-2.5580551534699302e-05,0.0001781684421596993
0.93262500000000004,-0.00103759765625,-0.0018557117523662697,0.00081811409611626967
0.93274999999999997,-0.003143310546875,-0.0034057480191225001,0.00026243747224750013
0.93287500000000001,-0.005523681640625,-0.0044401085237075243,-0.0010835731169174757
0.93300000000000005,-0.003875732421875,-0.0048019160598330047,0.00092618363795800469
0.93312499999999998,-0.00384521484375,-0.0044367894703628312,0.00059157462661283116
0.93325000000000002,-0.00140380859375,-0.003401015948264704,0.001997207354514704
0.93337499999999995,-0.001068115234375,-0.0018528753101271639,0.00078476007575216389
0.9335,0.000762939453125,-2.8453250075909138e-05,0.0007913927032009091
0.93362500000000004,0.00146484375,0.0017943605226755004,-0.00032951677267550037
0.93374999999999997,0.003143310546875,0.0033381992124755411,-0.0001948886656005411
0.93387500000000001,0.004119873046875,0.0043684239242972505,-0.00024855087742225047
0.93400000000000005,0.00494384765625,0.0047287847106293737,0.00021506294562062631
0.93412499999999998,0.00506591796875,0.004365117867048132,0.00070080010170186797
0.93425000000000002,0.003997802734375,0.0033334855547050529,0.0006643171796699471
0.93437499999999996,0.002471923828125,0.0017915347587792942,0.00068038906934570582
0.9345,0.000518798828125,-2.559275460114319e-05,0.00054439158272614314
0.93462500000000004,-0.000823974609375,-0.0018411183566071983,0.0010171437472321983
0.93474999999999997,-0.0020751953125,-0.0033787842494932539,0.0013035889369932539
0.93487500000000001,-0.00634765625,-0.0044048897051212465,-0.0019427665448787535
0.93500000000000005,-0.0037841796875,-0.0047638095267408375,0.0009796298392408375
0.93512499999999998,-0.005096435546875,-0.0044015965931044889,-0.00069483895377051106
0.93525000000000003,-0.003631591796875,-0.0033740889332137163,-0.00025750286366128371
0.93537499999999996,-0.002777099609375,-0.0018383032310079507,-0.00093879637836704927
0.9355,-0.00103759765625,-2.8441098668388554e-05,-0.0010091565575816115
0.93562500000000004,0.00054931640625,0.0017798254729389856,-0.0012305090666889856
0.93574999999999997,0.004241943359375,0.0033113432498689875,0.00093060010950601251
0.93587500000000001,0.006591796875,0.0043333459197670392,0.0022584509552329608
0.93600000000000005,0.0029296875,0.0046908305386173391,-0.0017611430386173391
0.93612499999999998,0.004241943359375,0.0043300657023151194,-8.8122342940119384e-05
0.93625000000000003,0.004913330078125,0.0033066662037682954,0.0016066638743567046
0.93637499999999996,0.0009765625,0.0017770209457402854,-0.00080045844574028538
0.9365,0.001220703125,-2.5604854567770264e-05,0.0012463079795677703
0.93662500000000004,-0.001251220703125,-0.0018266414196193251,0.00057542071649432512
0.93674999999999997,-0.003936767578125,-0.003352035662873403,-0.00058473191525159696
0.93687500000000001,-0.004608154296875,-0.0043699519516356656,-0.00023820234523933437
0.93700000000000006,-0.003021240234375,-0.0047260071066247099,0.0017047668722497099
0.93712499999999999,-0.00482177734375,-0.0043666845782825486,-0.0004550927654674514
0.93725000000000003,-0.00140380859375,-0.0033473768159104308,0.0019435682221604308
0.93737499999999996,-0.003204345703125,-0.0018238474510737228,-0.0013804982520512772
0.9375,0.000640869140625,-2.8429049925577241e-05,0.00066929819055057719
0.93762500000000004,0.001953125,0.001765406416358526,0.00018771858364147404
0.93774999999999997,0.002655029296875,0.0032847016099232973,-0.00062967231304829731
0.93787500000000001,0.004608154296875,0.004298547856565681,0.00030960644030931898
0.93799999999999994,0.006103515625,0.004653179263648592,0.001450336361351408
0.93812499999999999,0.002960205078125,0.0042952932770394959,-0.0013350881989144959
0.93825000000000003,0.002655029296875,0.0032800608913389679,-0.00062503159446396792
0.93837499999999996,0.001556396484375,0.0017626229668669905,-0.00020622648249199048
0.9385,0.000640869140625,-2.5616852302964292e-05,0.00066648599292796432
0.93862500000000004,-0.001312255859375,-0.0018122800120339443,0.00050002415265894425
0.93874999999999997,-0.004791259765625,-0.0033255005420057466,-0.0014657592236192534
0.93887500000000002,-0.004638671875,-0.0043352930202010366,-0.00030337885479896336
0.93899999999999995,-0.004791259765625,-0.0046885063724807835,-0.00010275339314421653
0.93912499999999999,-0.00323486328125,-0.004332051184429018,0.001097187903179018
0.93925000000000003,-0.004119873046875,-0.003320877881309867,-0.00079899516556513304
0.93937499999999996,-0.000244140625,-0.0018095070421453028,0.0015653664171453028
0.9395,-0.00103759765625,-2.8417102982746102e-05,-0.001009180553267254
0.93962500000000004,0.002197265625,0.001751102427281133,0.00044616319771886696
0.93974999999999997,0.003173828125,0.0032582725822487375,-8.4444457248737496e-05
0.93987500000000002,0.0045166015625,0.0042640275006109139,0.00025257406188908607
0.93999999999999995,0.00494384765625,0.0046158284684231733,0.00032801918782682671
0.94012499999999999,0.004669189453125,0.0042607983587153765,0.00040839109440962348
0.94025000000000003,0.00262451171875,0.0032536679092279855,-0.00062915619047798545
0.94037499999999996,0.0015869140625,0.0017483398976915318,-0.0001614258351915318
0.9405,-0.001220703125,-2.5628748667815032e-05,-0.001195074376332185
0.94062500000000004,-0.000946044921875,-0.0017980332118989308,0.00085198829002393079
0.94074999999999998,-0.00341796875,-0.0032991771833375725,-0.00011879156666242752
0.94087500000000002,-0.004974365234375,-0.0043009106856659145,-0.00067345454870908553
0.94099999999999995,-0.00543212890625,-0.0046513049166741587,-0.00078082398957584134
0.94112499999999999,-0.00335693359375,-0.0042976941879634854,0.00094076059421348539
0.94125000000000003,-0.00250244140625,-0.003294590428054388,0.00079214902180438796
0.94137499999999996,-0.002044677734375,-0.0017952810834512768,-0.00024939665092372316
0.9415,0.001800537109375,-2.8405256982429446e-05,0.0018289423663574295
0.94162500000000005,0.001312255859375,0.0017369125874407505,-0.00042465672806575052
0.94174999999999998,0.00225830078125,0.0032320544701007633,-0.00097375368885076327
0.94187500000000002,0.00274658203125,0.0042297826356496619,-0.0014832006043996619
0.94199999999999995,0.00433349609375,0.004578775754932608,-0.00024527966118260795
0.94212499999999999,0.00482177734375,0.0042265787326537536,0.00059519861109624643
0.94225000000000003,0.0028076171875,0.0032274855628833571,-0.0004198683753833571
0.94237499999999996,0.001007080078125,0.001734170821124176,-0.00072709074299917597
0.9425,-0.001220703125,-2.564054451617933e-05,-0.0011950625804838207
0.94262500000000005,-0.001007080078125,-0.0017839001046195582,0.00077682002649455818
0.94274999999999998,-0.003082275390625,-0.0032730638969112845,0.00019078850628628449
0.94287500000000002,-0.002960205078125,-0.004266802740639195,0.001306597662514195
0.94299999999999995,-0.003936767578125,-0.0046144003507843133,0.00067763277265931333
0.94312499999999999,-0.002838134765625,-0.0042636113830536006,0.0014254766174286006
0.94325000000000003,-0.0030517578125,-0.0032685127683644726,0.00021675495586447263
0.94337499999999996,-0.000213623046875,-0.0017811686615688681,0.0015675456146938681
0.94350000000000001,0.000518798828125,-2.8393511074364124e-05,0.00054719233919936407
0.94362500000000005,0.000640869140625,0.0017228359858993019,-0.0010819668452743019
0.94374999999999998,0.00299072265625,0.003206045590280108,-0.00021532293403010803
0.94387500000000002,0.00433349609375,0.0041958110631157303,0.00013768503063426966
0.94399999999999995,0.005859375,0.0045420187443059824,0.0013173562556940176
0.94412499999999999,0.0020751953125,0.004192632201840297,-0.002117436889340297
0.94425000000000003,0.004058837890625,0.0032015121712724221,0.00085732571935257787
0.94437499999999996,0.0008544921875,0.0017201148273944436,-0.00086562263989444356
0.94450000000000001,-0.000701904296875,-2.5652240694741727e-05,-0.00067625205618025827
0.94462500000000005,-0.00054931640625,-0.0017698797828997828,0.0012205633766497828
0.94474999999999998,-0.00360107421875,-0.0032471590062559037,-0.00035391521249409632
0.94487500000000002,-0.0029296875,-0.0042329669953451348,0.0013032794953451348
0.94499999999999995,-0.005126953125,-0.0045777903054517472,-0.00054916281954825279
0.94512499999999999,-0.00634765625,-0.0042298005814686039,-0.0021178556685313961
0.94525000000000003,-0.00262451171875,-0.0032426432279303347,0.00061813150918033468
0.94537499999999997,-0.002288818359375,-0.0017671688703652941,-0.00052164948900970589
0.94550000000000001,-0.00048828125,-2.8381864415429181e-05,-0.00045989938558457083
0.94562500000000005,0.0048828125,0.001708871718988216,0.003173940781011784
0.94574999999999998,0.004486083984375,0.0031802442730186884,0.0013058397113563116
0.94587500000000002,0.003753662109375,0.0041621106019886734,-0.00040844849261367343
0.94599999999999995,0.0052490234375,0.0045055550766571863,0.0007434683608428137
0.94612499999999999,0.0042724609375,0.0041589565867935227,0.00011350435070647726
0.94625000000000004,0.003997802734375,0.0031757460667799012,0.00082205666759509882
0.94637499999999997,0.001739501953125,0.0017061710139927003,3.3330939132299739e-05
0.94650000000000001,0.002197265625,-2.5663838043074557e-05,0.0022229294630430746
0.94662500000000005,-0.002655029296875,-0.0017559713466839991,-0.00089905795019100095
0.94674999999999998,-0.0032958984375,-0.0032214608482794508,-7.4437589220549202e-05
0.94687500000000002,-0.003936767578125,-0.004199401277483571,0.00026263369935857102
0.94699999999999995,-0.003387451171875,-0.0045414724302258735,0.0011540212583508735
0.94712499999999999,-0.003875732421875,-0.004196259612442064,0.000320527190567064
0.94725000000000004,-0.00433349609375,-0.0032169801458029929,-0.0011165159479470071
0.94737499999999997,-0.002349853515625,-0.0017532808109395781,-0.00059657270468542185
0.94750000000000001,0.001434326171875,-2.8370316167537183e-05,0.0014626964880425372
0.94762500000000005,0.00213623046875,0.0016950188902504092,0.00044121157849959084
0.94774999999999998,0.003204345703125,0.003154648861873928,4.9696841251071957e-05
0.94787500000000002,0.00445556640625,0.0041286790886537507,0.00032688731759624931
0.94799999999999995,0.005950927734375,0.0044693824109334254,0.0014815453234415746
0.948125,0.002532958984375,0.0041255497254280085,-0.0015925907410530085
0.94825000000000004,0.00390625,0.0031501855950993411,0.00075606440490065888
0.94837499999999997,0.000732421875,0.0016923384856103165,-0.00095991661061031654
0.94850000000000001,0.00018310546875,-2.5675337393697535e-05,0.00020878080614369752
0.94862500000000005,-0.002838134765625,-0.0017421739031011458,-0.0010959608625238542
0.94874999999999998,-0.00213623046875,-0.0031959677731621615,0.0010597373044121615
0.94887500000000002,-0.00482177734375,-0.0041661034320904702,-0.00065567391165952983
0.94899999999999995,-0.004547119140625,-0.0045054443934141042,-4.1674747210895813e-05
0.949125,-0.003448486328125,-0.0041629863225317049,0.00071449999440670493
0.94925000000000004,-0.00335693359375,-0.0031915218742934247,-0.00016541171945657534
0.94937499999999997,-0.001068115234375,-0.0017395035915648404,0.0006713883571898404
0.94950000000000001,0.00018310546875,-2.8358865505786532e-05,0.00021146433425578654
0.94962500000000005,0.002197265625,0.0016812766103827413,0.00051598901461725869
0.94974999999999998,0.002227783203125,0.0031292577136224011,-0.00090147451049740106
0.94987500000000002,0.003082275390625,0.0040955143767630407,-0.0010132389861380407
0.94999999999999996,0.0037841796875,0.0044334984247649039,-0.00064931873726490393
0.950125,0.003326416015625,0.004092409472910845,-0.00076599345728584501
0.95025000000000004,0.003173828125,0.0031248291151268898,4.8999009873110233e-05
0.95037499999999997,0.00299072265625,0.0016786163540897447,0.0013121063021602553
0.95050000000000001,-0.00067138671875,-2.568673957213686e-05,-0.00064569997917786315
0.95062500000000005,-0.0023193359375,-0.0017284865663998285,-0.00059084937110017149
0.95074999999999998,-0.00244140625,-0.0031706781442505838,0.00072927189425058382
0.95087500000000003,-0.00286865234375,-0.0041330713213995618,0.0012644189776495618
0.95099999999999996,-0.005157470703125,-0.0044697038819321647,-0.00068776682119283533
0.951125,-0.004791259765625,-0.0041299785754811413,-0.00066128119014385867
0.95125000000000004,-0.00347900390625,-0.0031662667788580558,-0.00031273712739194421
0.95137499999999997,-0.0013427734375,-0.0017258363276310346,0.00038306289013103462
0.95150000000000001,0.0006103515625,-2.8347511606060472e-05,0.00063869907410606043
0.95162500000000005,0.002288818359375,0.0016676439971789192,0.0006211743621960808
0.95174999999999998,0.002532958984375,0.0031040691981543524,-0.0005711102137793524
0.95187500000000003,0.004791259765625,0.004062614337097625,0.00072864542852737503
0.95199999999999996,0.005615234375,0.0043979008143157266,0.0012173335606842734
0.952125,0.0042724609375,0.0040595337015270905,0.00021292723597290952
0.95225000000000004,0.002899169921875,0.0030996749988559304,-0.00020050507698093044
0.95237499999999997,0.001617431640625,0.0016650037383561297,-4.7572097731129678e-05
0.95250000000000001,-0.0001220703125,-2.569804539698382e-05,-9.6372267103016183e-05
0.95262500000000006,-0.001983642578125,-0.0017149084579028177,-0.00026873412022218233
0.95274999999999999,-0.004119873046875,-0.0031455903379524848,-0.00097428270892251524
0.95287500000000003,-0.004150390625,-0.0041003028247051099,-5.0087800294890128e-05
0.95299999999999996,-0.005462646484375,-0.0044342486011555706,-0.0010283978832194294
0.953125,-0.003082275390625,-0.0040972342520827288,0.0010149588614577288
0.95325000000000004,-0.003204345703125,-0.0031412132379996407,-6.3132465125359267e-05
0.95337499999999997,-0.002593994140625,-0.0017122781415863065,-0.0008817159990386935
0.95350000000000001,0.000457763671875,-2.8336253653213364e-05,0.00048609992552821335
0.95362499999999994,9.1552734375e-05,0.0016541201754747179,-0.0015625674410997179
0.95374999999999999,0.0028076171875,0.003079081698369028,-0.00027146451086902798
0.95387500000000003,0.004150390625,0.0040299768574308965,0.00012041376756910353
0.95399999999999996,0.00396728515625,0.0043625872941359988,-0.00039530213788599878
0.954125,0.002685546875,0.0040269203005423799,-0.0013413734255423799
0.95425000000000004,0.003631591796875,0.0030747216312725649,0.00055687016560243508
0.95437499999999997,0.002105712890625,0.0016514997643683243,0.00045421312625667566
0.95450000000000002,0.000335693359375,-2.5709255681945055e-05,0.00036140261505694508
0.95462499999999995,-0.0001220703125,-0.0017014387059393686,0.0015793683934393686
0.95474999999999999,-0.0029296875,-0.0031207027436340479,0.00019101524363404794
0.95487500000000003,-0.004302978515625,-0.0040677958382257379,-0.00023518267739926213
0.95499999999999996,-0.00421142578125,-0.0043990762747723221,0.00018765049352232211
0.955125,-0.003265380859375,-0.0040647512500414989,0.00079937039066649892
0.95525000000000004,-0.004730224609375,-0.0031163596431616996,-0.0016138649662133004
0.95537499999999997,-0.00115966796875,-0.001698828162888051,0.00053916019413805102
0.95550000000000002,0.00103759765625,-2.8325090838947486e-05,0.0010659227470889475
0.95562499999999995,0.001953125,0.0016407042770843856,0.00031242072291561441
0.95574999999999999,0.0010986328125,0.0030542936100708662,-0.0019556607975708662
0.95587500000000003,0.00225830078125,0.0039975998423937139,-0.0017392990611437139
0.95599999999999996,0.004241943359375,0.0043275555970150766,-8.5612237640076555e-05
0.956125,0.005126953125,0.0039945671760674029,0.0011323859489325971
0.95625000000000004,0.00323486328125,0.0030499674102519095,0.00018489587099809052
0.95637499999999998,-0.000335693359375,0.0016381035650608704,-0.0019737969244358706
0.95650000000000002,3.0517578125e-05,-2.572037122791563e-05,5.6237949352915627e-05
0.95662499999999995,-0.000518798828125,-0.0016880764458059164,0.0011692776176809164
0.95674999999999999,-0.00262451171875,-0.0030960137635108061,0.00047150204476080612
0.95687500000000003,-0.004974365234375,-0.0040355482749693875,-0.00093881695940561255
0.95699999999999996,-0.004608154296875,-0.0043641846446367486,-0.00024396965223825139
0.957125,-0.0028076171875,-0.004032527483840192,0.001224910296340192
0.95725000000000005,-0.003448486328125,-0.0030917043986252333,-0.00035678192949976668
0.95737499999999998,-0.002532958984375,-0.0016854855279358862,-0.00084747345643911378
0.95750000000000002,-0.000701904296875,-2.831402236175568e-05,-0.00067359027451324434
0.95762499999999995,0.002288818359375,0.0016273954407560417,0.0006614229186189583
0.95774999999999999,0.00250244140625,0.0030297033418665137,-0.00052726193561651374
0.95787500000000003,0.00445556640625,0.0039654812133368281,0.0004900851929131719
0.95799999999999996,0.004669189453125,0.0042928034738360238,0.00037638597928897621
0.958125,0.002655029296875,0.0039624722509234702,-0.0013074429540484702
0.95825000000000005,0.001129150390625,0.0030254107464552414,-0.0018962603558302414
0.95837499999999998,0.001220703125,0.0016248142802883238,-0.00040411115528832383
0.95850000000000002,-0.001708984375,-2.5731392835037003e-05,-0.001683252982164963
0.95862499999999995,-0.002410888671875,-0.0016748208196883988,-0.0007360678521866012
0.95874999999999999,-0.002685546875,-0.0030715218125535607,0.00038597493755356069
0.95887500000000003,-0.005279541015625,-0.0040035580645993059,-0.0012759829510256941
0.95899999999999996,-0.004241943359375,-0.0043295714706245419,8.7628111249541882e-05
0.95912500000000001,-0.003662109375,-0.0040005608846053501,0.00033845150960535014
0.95925000000000005,-0.003082275390625,-0.0030672459214062808,-1.5029469218719171e-05
0.95937499999999998,-0.002532958984375,-0.0016722493800236365,-0.00086070960435136352
0.95950000000000002,0.0003662109375,-2.8303047426864417e-05,0.00039451398492686444
0.95962499999999995,0.002166748046875,0.0016141928121089554,0.00055255523476604464
0.95974999999999999,0.003326416015625,0.0030053093150626434,0.00032110670056235665
0.95987500000000003,0.005157470703125,0.0039336189082020091,0.0012238517949229909
0.95999999999999996,0.00262451171875,0.0042583286934311975,-0.0016338169746811975
0.96012500000000001,0.004119873046875,0.0039306334645091544,0.00018923958236584555
0.96025000000000005,0.00164794921875,0.0030010500632279488,-0.0013531008444779488
0.96037499999999998,0.0008544921875,0.0016116310567700284,-0.00075713886927002844
0.96050000000000002,0.00146484375,-2.5742321294737067e-05,0.0014905860712947372
0.96062499999999995,-0.001617431640625,-0.0016616709766237908,4.423933599879081e-05
0.96074999999999999,-0.00201416015625,-0.0030472253183809442,0.0010330651621309442
0.96087500000000003,-0.00384521484375,-0.0039718231533018965,0.00012660830955189654
0.96099999999999997,-0.005645751953125,-0.0042952345304889238,-0.0013505174226360762
0.96112500000000001,-0.00384521484375,-0.0039688493999744988,0.00012363455622449882
0.96125000000000005,-0.002593994140625,-0.0030429826411542747,0.0004489885005292747
0.96137499999999998,-0.001190185546875,-0.001659118869282465,0.00046893332240746503
0.96150000000000002,0.0010986328125,-2.8292165246177391e-05,0.0011269249777461775
0.96162499999999995,0.001129150390625,0.0016010955435805548,-0.00047194515295555478
0.96174999999999999,0.002166748046875,0.002981109963565987,-0.000814361916690987
0.96187500000000004,0.004302978515625,0.0039020108813865948,0.00040096763423840519
0.96199999999999997,0.003448486328125,0.0042241290424390185,-0.00077564271431401852
0.96212500000000001,0.004638671875,0.0038990487726679856,0.00073962310233201441
0.96225000000000005,0.002655029296875,0.0029768837964969401,-0.00032185449962194006
0.96237499999999998,0.000823974609375,0.0015985530480353252,-0.00077457843866032524
0.96250000000000002,-0.001617431640625,-2.5753157391794539e-05,-0.0015916784832332054
0.96262499999999995,-0.00335693359375,-0.0016486260724345621,-0.0017083075213154379
0.96274999999999999,-0.0032958984375,-0.0030231227211599087,-0.00027277571634009125
0.96287500000000004,-0.003631591796875,-0.0039403415036518589,0.00030874970677685892
0.96299999999999997,-0.0037841796875,-0.004261171619717976,0.00047699193221797595
0.96312500000000001,-0.0035400390625,-0.0039373909939636343,0.0003973519314636343
0.96325000000000005,-0.00299072265625,-0.0030189130000512227,2.819034380122272e-05
0.96337499999999998,-0.001312255859375,-0.0016460931526263063,0.00033383729325130629
0.96350000000000002,0.000213623046875,-2.8281375038219541e-05,0.00024190442191321954
0.96362499999999995,0.002777099609375,0.0015881027943720216,0.0011889968150029784
0.96375,0.003143310546875,0.002957103733777292,0.00018620681309770805
0.96387500000000004,0.00341796875,0.0038706551036129379,-0.00045268635361293786
0.96399999999999997,0.003692626953125,0.0041902023251618493,-0.00049757537203684934
0.96412500000000001,0.00421142578125,0.0038677161475572232,0.00034370963369277684
0.96425000000000005,0.0029296875,0.0029529103946756914,-2.3222894675691431e-05
0.96437499999999998,0.002166748046875,0.0015855794143692058,0.00058116863250579423
0.96450000000000002,0.001251220703125,-2.5763901904394688e-05,0.0012769846050293947
0.96462499999999995,-0.00177001953125,-0.0016356852696853131,-0.00013433426156468685
0.96475,-0.00439453125,-0.0029992124735055675,-0.0013953187764944325
0.96487500000000004,-0.004547119140625,-0.0039091110944858764,-0.00063800804613912358
0.96499999999999997,-0.0057373046875,-0.0042273805513931137,-0.0015099241361068863
0.96512500000000001,-0.00299072265625,-0.0039061836468394589,0.00091546099058945887
0.96525000000000005,-0.0023193359375,-0.0029950354527116872,0.00067569951521168721
0.96537499999999998,-0.00250244140625,-0.0016331713936977279,-0.00086927001255227205
0.96550000000000002,-0.000885009765625,-2.827067602808158e-05,-0.00085673908959691845
0.96562499999999996,0.00262451171875,0.0015752137303943093,0.0010492979883556907
0.96575,0.003814697265625,0.0029332890844998394,0.00088140818112516063
0.96587500000000004,0.004852294921875,0.0038395495617981126,0.0010127453600768874
0.96599999999999997,0.005340576171875,0.0041565463634250501,0.0011840298084499499
0.96612500000000001,0.003936767578125,0.0038366335775176404,0.00010013400060735964
0.96625000000000005,0.002197265625,0.0029291283185564122,-0.00073186269355641218
0.96637499999999998,0.001129150390625,0.0015727093227583919,-0.00044355893213339189
0.96650000000000003,0.00048828125,-2.5774555604184579e-05,0.00051405580560418462
0.96662499999999996,-0.0020751953125,-0.0016228477376217792,-0.00045234757487822084
0.96675,-0.00384521484375,-0.0029754930403818641,-0.00086972180336813585
0.96687500000000004,-0.003387451171875,-0.0038781299207698585,0.00049067874889485849
0.96699999999999997,-0.001861572265625,-0.0041938591560486647,0.0023322868904236647
0.96712500000000001,-0.003509521484375,-0.0038752253549852794,0.00036570387061027939
0.96725000000000005,-0.003753662109375,-0.0029713484660835619,-0.00078231364329143811
0.96737499999999998,-0.000244140625,-0.0016203527628142359,0.0013762121378142359
0.96750000000000003,0.00048828125,-2.8260067447364965e-05,0.00051654131744736497
0.96762499999999996,0.000701904296875,0.0015624275242146035,-0.0008605232273396035
0.96775,0.002532958984375,0.0029096644868349801,-0.00037670550245998006
0.96787500000000004,0.004119873046875,0.0038086922589246801,0.00031118078795031989
0.96799999999999997,0.001678466796875,0.0041231589964371047,-0.0024446921995621047
0.96812500000000001,0.004119873046875,0.0038057990669436727,0.00031407397993132727
0.96825000000000006,0.00177001953125,0.0029055360412167,-0.0011355165099667
0.96837499999999999,0.0013427734375,0.0015599419468361124,-0.00021716850933611235
0.96850000000000003,0.0006103515625,-2.5785119256327884e-05,0.00063613668175632786
0.96862499999999996,-0.000579833984375,-0.0016101126521193116,0.0010302786677443116
0.96875,-0.002410888671875,-0.0029519628990030224,0.00054107422712802245
0.96887500000000004,-0.00408935546875,-0.0038473959934709617,-0.00024195947527903827
0.96899999999999997,-0.005157470703125,-0.0041606052815326006,-0.00099686542159239944
0.96912500000000001,-0.004974365234375,-0.0038445141307753179,-0.0011298511035996821
0.96924999999999994,-0.00384521484375,-0.0029478505193483201,-0.00089736432440167989
0.96937499999999999,-0.00146484375,-0.0016076364369149972,0.0001427926869149972
0.96950000000000003,0.00140380859375,-2.8249548532251342e-05,0.0014320581422822512
0.96962499999999996,0.00115966796875,0.0015497433550031971,-0.00039007538625319711
0.96975,0.001190185546875,0.0028862284240853664,-0.0016960428772103664
0.96987500000000004,0.003814697265625,0.0037780812139124706,3.661605171252939e-05
0.96999999999999997,0.002532958984375,0.0040900380806509207,-0.0015570790962759207
0.97012500000000002,0.004364013671875,0.0037752106361581641,0.0005888030357168359
0.97024999999999995,0.004638671875,0.0028821320479227907,0.0017565398270772093
0.97037499999999999,0.000640869140625,0.0015472764668360177,-0.00090640732621101775
0.97050000000000003,0.00164794921875,-2.5795593619559202e-05,0.0016737448123695592
0.97062499999999996,-0.003448486328125,-0.0015974791956299755,-0.0018510071324950245
0.97075,-0.0032958984375,-0.0029286205387357785,-0.00036727789876422152
0.97087500000000004,-0.004547119140625,-0.003816907339429897,-0.00073021180119510302
0.97099999999999997,-0.004669189453125,-0.0041276167928683515,-0.00054157266025664855
0.97112500000000002,-0.003692626953125,-0.0038140480024463721,0.0001214210493213721
0.97124999999999995,-0.00128173828125,-0.002924540103828685,0.001642801822578685
0.97137499999999999,-0.00286865234375,-0.0015950215995079963,-0.0012736307442420037
0.97150000000000003,6.103515625e-05,-2.8239118530967331e-05,8.9274274780967334e-05
0.97162499999999996,0.001678466796875,0.0015371604084808033,0.00014130638839419669
0.97175,0.00140380859375,0.0028629793916575743,-0.0014591707979075743
0.97187500000000004,0.00384521484375,0.0037477144614914033,9.7500382258596668e-05
0.97199999999999998,0.004150390625,0.0040571814896261894,9.3209135373810599e-05
0.97212500000000002,0.002197265625,0.003744866321280928,-0.001547600696280928
0.97224999999999995,0.001556396484375,0.0028589148360216848,-0.0013025183516466848
0.97237499999999999,0.000885009765625,0.0015347120695290578,-0.00064970230390405778
0.97250000000000003,0.001190185546875,-2.5805979446237959e-05,0.0012159915263212379
0.97262499999999996,-0.003387451171875,-0.0015849465571300611,-0.0018025046147449389
0.97275,-0.003509521484375,-0.0029054644610024037,-0.00060405702337259625
0.97287500000000005,-0.004547119140625,-0.0037866620012342428,-0.00076045713939075716
0.97299999999999998,-0.0035400390625,-0.0040948915721177436,0.00055485250961774361
0.97312500000000002,-0.0020751953125,-0.0037838250139712072,0.0017086297014712072
0.97324999999999995,-0.00372314453125,-0.0029014157228837772,-0.00082172880836622279
0.97337499999999999,-0.001861572265625,-0.0015825074406176057,-0.00027906482500739431
0.97350000000000003,0.000152587890625,-2.8228776692429974e-05,0.00018081666731742998
0.97362499999999996,-0.001129150390625,0.0015246778768662744,-0.0026538282674912744
0.97375,0.002197265625,0.0028399158969655163,-0.00064265027196551633
0.97387500000000005,0.00262451171875,0.0037175900520753044,-0.0010930783333253044
0.97399999999999998,0.002716064453125,0.0040245871138928713,-0.0013085226607678713
0.97412500000000002,0.002685546875,0.0037147641741055665,-0.0010292172991055665
0.97424999999999995,0.001739501953125,0.0028358829148593195,-0.0010963809617343195
0.97437499999999999,0.002593994140625,0.0015222479481782742,0.0010717461924467258
0.97450000000000003,0.000946044921875,-2.581627748240182e-05,0.00097186119935740187
0.97462499999999996,-0.001129150390625,-0.0015725139320680202,0.0004433635414430202
0.97475000000000001,-0.001739501953125,-0.0028824931791844913,0.0011429912260594913
0.97487500000000005,-0.004150390625,-0.0037566580370927876,-0.00039373258790721243
0.97499999999999998,-0.004730224609375,-0.0040624275182450141,-0.00066779709112998586
0.97512500000000002,-0.003997802734375,-0.0037538432249329856,-0.00024395950944201437
0.97524999999999995,-0.002960205078125,-0.0028784758918183528,-8.1729186306647196e-05
0.97537499999999999,-0.0009765625,-0.0015700931567308916,0.00059353065673089156
0.97550000000000003,0.000946044921875,-2.8218522273742578e-05,0.00097426344414874258
0.97562499999999996,0.00042724609375,0.0015122949588264418,-0.0010850488650764418
0.97575000000000001,0.00299072265625,0.0028170364593346105,0.00017368619691538953
0.97587500000000005,0.00482177734375,0.0036877060516367476,0.0011340712921132524
0.97599999999999998,0.00335693359375,0.0039922528608157667,-0.00063531926706576671
0.97612500000000002,0.001129150390625,0.0036849022619736514,-0.0025557518713486514
0.97624999999999995,0.003662109375,0.0028130348056794271,0.0008490745693205729
0.97637499999999999,0.000518798828125,0.0015098833024852418,-0.00099108447436024177
0.97650000000000003,-0.0028076171875,-2.5826488469643792e-05,-0.0027817906990303563
0.97662499999999997,-0.001617431640625,-0.0015601805223128191,-5.7251118312180932e-05
0.97675000000000001,-0.002288818359375,-0.0028597052185288098,0.00057088685915380978
0.97687500000000005,-0.005126953125,-0.0037268935207108484,-0.0014000596042891516
0.97699999999999998,-0.002777099609375,-0.0040302225469819354,0.0012531229376069354
0.97712500000000002,-0.004364013671875,-0.0037241007104006746,-0.00063991296147432536
0.97724999999999995,-0.00286865234375,-0.0028557191377861541,-1.2933205963845933e-05
0.97737499999999999,-0.001373291015625,-0.0015577779507528003,0.00018448693512780026
0.97750000000000004,9.1552734375e-05,-2.8208354538250891e-05,0.00011976108891325089
0.97762499999999997,0.0010986328125,0.0015000108594178916,-0.00040137804691789164
0.97775000000000001,0.0023193359375,0.0027943396099067226,-0.00047500367240672263
0.97787500000000005,0.003509521484375,0.0036580605415835808,-0.0001485390572085808
0.97799999999999998,0.005157470703125,0.003960176654460152,0.001197294048664848
0.97812500000000002,0.004974365234375,0.0036552786676506532,0.0013190865667243468
0.97824999999999995,0.00286865234375,0.0027903690415234154,7.8283302226584642e-05
0.97837499999999999,0.001495361328125,0.0014976173385386874,-2.2560104136874499e-06
0.97850000000000004,0.000823974609375,-2.5836613137853807e-05,0.00084981122251285386
0.97862499999999997,-0.000579833984375,-0.0015479455361026989,0.00096811155172769892
0.97875000000000001,-0.0023193359375,-0.0028370991160474508,0.00051776317854745077
0.97887500000000005,-0.002410888671875,-0.0036973665411666168,0.0012864778692916168
0.97899999999999998,-0.00408935546875,-0.0039982745906939751,-9.1080878056024918e-05
0.97912500000000002,-0.002685546875,-0.0036945955608054678,0.0010090486858054678
0.97924999999999995,-0.00201416015625,-0.0028331439996953358,0.00081898384344533583
0.979375,9.1552734375e-05,-0.0015455610319447845,0.0016371137663197845
0.97950000000000004,0.000244140625,-2.819827275549078e-05,0.00027233889775549078
0.97962499999999997,0.000274658203125,0.0014878247900461203,-0.0012131665869211203
0.97975000000000001,0.00146484375,0.0027718238915458719,-0.0013069801415458719
0.97987500000000005,0.005035400390625,0.0036286516186329609,0.0014067487719920391
0.97999999999999998,0.003265380859375,0.0039283564354585148,-0.00066297557608351477
0.98012500000000002,0.001983642578125,0.0036258914892028354,-0.0016422489110778354
0.98024999999999995,0.002532958984375,0.0027678841671414248,-0.0002349251827664248
0.980375,0.001068115234375,0.0014854492687635108,-0.00041733403438851081
0.98050000000000004,0.0006103515625,-2.584665221625919e-05,0.00063619821471625924
0.98062499999999997,-0.001251220703125,-0.0015358081879943469,0.00028458748486934692
0.98075000000000001,-0.003173828125,-0.002814673420431681,-0.00035915470456831904
0.98087500000000005,-0.00457763671875,-0.0036680752027884607,-0.00090956151596153926
0.98099999999999998,-0.002227783203125,-0.0039665815982475759,0.0017387983951225759
0.98112500000000002,-0.003173828125,-0.0036653258818181789,0.0004914977568181789
0.98124999999999996,-0.002349853515625,-0.0028107490281146612,0.00046089551248966118
0.981375,-0.00543212890625,-0.0015334416158808446,-0.0038986872903691554
0.98150000000000004,0.001007080078125,-2.8188276201136339e-05,0.0010352683543261364
0.98162499999999997,0.0013427734375,0.0014757359684081078,-0.00013296253090810776
0.98175000000000001,0.004547119140625,0.0027494878587459369,0.0017976312818790631
0.98187500000000005,0.004180908203125,0.0035994773946933538,0.00058143080843164625
0.98199999999999998,0.00445556640625,0.0038967901608783235,0.00055877624537167651
0.98212500000000003,0.00250244140625,0.0035967388398751563,-0.0010942974336251563
0.98224999999999996,0.0015869140625,0.0027455787388975762,-0.0011586646763975762
0.982375,0.00238037109375,0.0014733783118702189,0.0009069927818797811
0.98250000000000004,0.00189208984375,-2.5856606426136047e-05,0.001917946450176136
0.98262499999999997,-0.00238037109375,-0.0015237676988141217,-0.00085660339493587832
0.98275000000000001,-0.004058837890625,-0.0027924266919535663,-0.0012664111986714337
0.98287500000000005,-0.003692626953125,-0.0036390176250339153,-5.3609328091084717e-05
0.98299999999999998,-0.0032958984375,-0.0039351415348784511,0.00063924309737845107
0.98312500000000003,-0.00372314453125,-0.0036362897942269399,-8.6854737023060128e-05
0.98324999999999996,-0.000762939453125,-0.0027885327851804413,0.0020255933320554413
0.983375,-0.000213623046875,-0.0015214189243954507,0.0013077958775204507
0.98350000000000004,-0.00048828125,-2.8178364156948459e-05,-0.00046010288584305152
0.98362499999999997,0.0015869140625,0.0014637436184437953,0.0001231704440562047
0.98375000000000001,0.00311279296875,0.0027273300775327971,0.00038546289121720295
0.98387500000000006,0.00384521484375,0.0035705359967405101,0.00027467884700948988
0.98399999999999999,0.003021240234375,0.0038654758040908765,-0.00084423556971587651
0.98412500000000003,0.0045166015625,0.0035678188479701229,0.00094878271452987712
0.98424999999999996,0.001861572265625,0.0027234513246772898,-0.00086187905905228982
0.984375,0.001190185546875,0.0014614036928047565,-0.0002712181459297565
0.98450000000000004,0.000457763671875,-2.586647648269927e-05,0.00048363014835769926
0.98462499999999997,-0.00128173828125,-0.0015118232956014368,0.0002300850143514368
0.98475000000000001,-0.002655029296875,-0.0027703575023748568,0.00011532820549985676
0.98487499999999994,-0.00408935546875,-0.0036101919423662055,-0.00047916352638379452
0.98499999999999999,-0.00286865234375,-0.0039039523820609497,0.0010353000383109497
0.98512500000000003,-0.0045166015625,-0.003607485433819281,-0.00090911612868071904
0.98524999999999996,-0.003326416015625,-0.0027664938445042145,-0.00055992217112078553
0.985375,-0.002288818359375,-0.001509492185533584,-0.00077932617384141598
0.98550000000000004,-0.00018310546875,-2.8168535910723779e-05,-0.00015493693283927622
0.98562499999999997,0.0025634765625,0.0014518469702862701,0.0011116295922137299
0.98575000000000002,0.003082275390625,0.0027053491253798793,0.00037692626524512066
0.98587499999999995,0.003204345703125,0.0035418255666965831,-0.00033747986357158307
0.98599999999999999,0.004974365234375,0.0038344113546411812,0.0011399538797338188
0.98612500000000003,0.00457763671875,0.0035391296567276308,0.0010385070620223692
0.98624999999999996,0.001739501953125,0.0027015005037953291,-0.00096199855067032915
0.986375,0.000640869140625,0.0014495246426987469,-0.00080865550207374686
0.98650000000000004,0.00030517578125,-2.5876263095153327e-05,0.00033105204434515334
0.98662499999999997,-0.001556396484375,-0.0014999742115690514,-5.6422272805948604e-05
0.98675000000000002,-0.001953125,-0.0027484644348552802,0.0007953394348552802
0.98687499999999995,-0.004425048828125,-0.0035815963041385861,-0.0008434525239864139
0.98699999999999999,-0.003753662109375,-0.0038730121373784735,0.00011935002800347351
0.98712500000000003,-0.00311279296875,-0.0035789109512583341,0.00046611798250833407
0.98724999999999996,-0.002685546875,-0.002744630791081169,5.9083916081168961e-05
0.987375,-0.001220703125,-0.0014976606335011654,0.00027695750850116542
0.98750000000000004,0.001617431640625,-2.8158790756244112e-05,0.001645590431381244
0.98762499999999998,0.0010986328125,0.0014400452602123385,-0.00034141244771233848
0.98775000000000002,0.00482177734375,0.0026835435911117516,0.0021382337526382484
0.98787499999999995,0.002899169921875,0.0035133442613168786,-0.00061417433944187857
0.98799999999999999,0.003143310546875,0.0038035948181188847,-0.00066028427124388469
0.98812500000000003,0.003448486328125,0.0035106694242057423,-6.2183096080742264e-05
0.98824999999999996,0.004425048828125,0.0026797248669045929,0.0017453239612204071
0.988375,0.000213623046875,0.0014377403988201194,-0.0012241173519451194
0.98850000000000005,-0.001708984375,-2.588596696674266e-05,-0.0016830984080332574
0.98862499999999998,-0.00030517578125,-0.0014882196860472228,0.0011830439047972228
0.98875000000000002,-0.00396728515625,-0.0027267460838615895,-0.0012405390723884105
0.98887499999999995,-0.003448486328125,-0.0035532288744727926,0.00010474254634779264
0.98899999999999999,-0.00390625,-0.0038423188143949,-6.393118560510001e-05
0.98912500000000003,-0.005279541015625,-0.0035505645119668504,-0.0017289765036581496
0.98924999999999996,-0.005035400390625,-0.0027229422211992893,-0.0023124581694257107
0.989375,-0.002197265625,-0.0014859235086158906,-0.00071134211638410939
0.98950000000000005,-0.00048828125,-2.8149127993226279e-05,-0.00046013212200677375
0.98962499999999998,0.002716064453125,0.0014283377305935019,0.0012877267225314981
0.98975000000000002,0.002227783203125,0.0026619120748147926,-0.0004341288716897926
0.98987499999999995,0.00372314453125,0.0034850902520607552,0.00023805427918924477
0.98999999999999999,0.004241943359375,0.0037730242160302196,0.00046891914334478042
0.99012500000000003,0.003265380859375,0.0034824363231617831,-0.00021705546378678314
0.99024999999999996,0.00433349609375,0.0026581230159056237,0.0016753730778443763
0.99037500000000001,-0.000701904296875,0.0014260502045225429,-0.0021279545013975429
0.99050000000000005,0.0006103515625,-2.5895588794801637e-05,0.00063624715129480161
0.99062499999999998,-0.001068115234375,-0.0014765589644365341,0.0004084437300615341
0.99075000000000002,-0.003997802734375,-0.0027052010550773268,-0.0012926016792976732
0.99087499999999995,-0.00347900390625,-0.0035250878321418464,4.6083925891846414e-05
0.99099999999999999,-0.00433349609375,-0.0038118704425270647,-0.00052162565122293534
0.99112500000000003,-0.00286865234375,-0.0035224442960087132,0.00065379195225871321
0.99124999999999996,-0.004638671875,-0.0027014267423480206,-0.0019372451326519794
0.99137500000000001,-0.001495361328125,-0.0014742800572584462,-2.1081270866553847e-05
0.99150000000000005,-0.000213623046875,-2.8139546925554636e-05,-0.00018548349994944535
0.99162499999999998,0.002227783203125,0.0014167236298473157,0.00081105957327768426
0.99175000000000002,0.003387451171875,0.0026404531877473256,0.00074699798412767443
0.99187499999999995,0.0025634765625,0.0034570617249836543,-0.00089358516248365426
0.99199999999999999,0.0032958984375,0.0037426975856709897,-0.00044679914817098969
0.99212500000000003,0.00164794921875,0.0034544285409376574,-0.0018064793221876574
0.99224999999999997,0.00274658203125,0.002636693563856843,0.00010988846739315699
0.99237500000000001,0.00048828125,0.0014144533092032363,-0.00092617205920323634
0.99250000000000005,-3.0517578125e-05,-2.5905129270804097e-05,-4.6124488541959031e-06
0.99262499999999998,-0.001953125,-0.0014649912981594523,-0.00048813370184054767
0.99275000000000002,-0.002899169921875,-0.0026838279653133026,-0.00021534195656169744
0.99287499999999995,-0.003662109375,-0.0034971713704531481,-0.00016493800454685193
0.99299999999999999,-0.004638671875,-0.003781665066918231,-0.00085700680808176903
0.99312500000000004,-0.002044677734375,-0.0034945484979721077,0.0014498707635971077
0.99324999999999997,-0.00103759765625,-0.0026800829731337275,0.0016424853168837275
0.99337500000000001,-0.002960205078125,-0.0014627295318241282,-0.0014974755463008718
0.99350000000000005,-0.001068115234375,-2.8130046868116274e-05,-0.0010399851875068837
0.99362499999999998,0.0006103515625,0.0014052022123891431,-0.00079485064988914309
0.99375000000000002,0.00244140625,0.0026191655522504521,-0.00017775930225045209
0.99387499999999995,0.002349853515625,0.0034292568806166038,-0.0010794033649916038
0.99399999999999999,0.002471923828125,0.0037126129800005509,-0.0012406891518755509
0.99412500000000004,0.00286865234375,0.0034266442793395007,-0.00055799193558950071
0.99424999999999997,0.00299072265625,0.0026154351348855105,0.00037528752136448953
0.99437500000000001,0.001739501953125,0.0014029489682451633,0.0003365529848798367
0.99450000000000005,0.00067138671875,-2.5914589080412481e-05,0.00069730130783041252
0.99462499999999998,-0.001922607421875,-0.0014535159446122695,-0.00046909147726273046
0.99475000000000002,-0.0028076171875,-0.0026626254424188035,-0.00014499174508119652
0.99487499999999995,-0.00262451171875,-0.0034694776971324688,0.00084496597838246883
0.995,-0.004486083984375,-0.0037517007483125996,-0.00073438323606240044
0.99512500000000004,-0.00390625,-0.0034668753268535901,-0.00043937467314640989
0.99524999999999997,-0.003662109375,-0.0026589095431836895,-0.0010031998318163105
0.99537500000000001,-0.000274658203125,-0.001451271190674833,0.001176612987549833
0.99550000000000005,0.00079345703125,-2.8120627136404645e-05,0.00082157765838640462
0.99562499999999998,0.002349853515625,0.0013937727385842896,0.00095608077704071042
0.99575000000000002,0.0030517578125,0.0025980478016596172,0.00045371001084038281
0.99587499999999995,0.003265380859375,0.0034016739338513591,-0.00013629307447635911
0.996,0.002899169921875,0.0036827684675168103,-0.00078359854564181031
0.99612500000000004,0.003570556640625,0.0033990817545248887,0.00017147488610011127
0.99624999999999997,0.0025634765625,0.0025943463640981826,-3.0869801598182572e-05
0.99637500000000001,0.000152587890625,0.0013915364429756434,-0.0012389485523506434
0.99650000000000005,-0.000701904296875,-2.5923968905210182e-05,-0.00067598032796978985
0.99662499999999998,-0.001373291015625,-0.0014421321671174347,6.884115149243474e-05
0.99675000000000002,-0.0037841796875,-0.0026415921251934918,-0.0011425875623065082
0.99687499999999996,-0.003387451171875,-0.003442005034208898,5.4553862333898018e-05
0.997,-0.003570556640625,-0.0037219755629307864,0.00015141892230578638
0.99712500000000004,-0.003814697265625,-0.003439423005943118,-0.00037527425968188199
0.99724999999999997,-0.002899169921875,-0.0026379050930629973,-0.00026126482881200274
0.99737500000000001,-0.003326416015625,-0.0014399042980898944,-0.0018865117175351056
0.99750000000000005,-0.0006103515625,-2.8111287053383195e-05,-0.00058224027544661683
0.99762499999999998,0.002105712890625,0.0013824344747020696,0.00072327841592293037
0.99775000000000003,0.002197265625,0.0025770985802168593,-0.00037983295521685926
0.99787499999999996,0.002349853515625,0.0033743111138257974,-0.0010244575982007974
0.998,0.003936767578125,0.0036531621321322237,0.00028360544599277627
0.99812500000000004,0.001678466796875,0.0033717391968876354,-0.0016932724000126354
0.99824999999999997,0.002166748046875,0.0025734258974978684,-0.0004066778506228684
0.99837500000000001,0.002471923828125,0.0013802150006173111,0.0010917088275076889
0.99850000000000005,-0.0008544921875,-2.5933269416001858e-05,-0.00082855891808399811
0.99862499999999998,-0.000335693359375,-0.0014308392348762566,0.0010951458755012566
0.99875000000000003,-0.003082275390625,-0.0026207266633012055,-0.0004615487273237945
0.99887499999999996,-0.004364013671875,-0.0034147516179006813,-0.0009492620539743187
0.999,-0.0029296875,-0.0036924876023463273,0.00076280010234632727
0.99912500000000004,-0.00384521484375,-0.0034121897727099611,-0.00043302507104003895
0.99924999999999997,-0.0028076171875,-0.0026170682741860525,-0.00019054891331394749
0.99937500000000001,-0.00299072265625,-0.0014286281242250505,-0.0015620945320249495
0.99950000000000006,9.1552734375e-05,-2.8102025947705745e-05,0.00011965476032270575
0.99962499999999999,0.00299072265625,0.0013711866928624991,0.0016195359633875009
0.99975000000000003,0.003509521484375,0.002556316542983775,0.00095320494139122499
0.99987499999999996,0.0030517578125,0.003347166663810232,-0.00029540885131023199
1,0.001953125,0.0036237920730507684,-0.0016706670730507684
1.0001249999999999,0.003753662109375,0.0033446148509441859,0.00040904725843081413
1.0002500000000001,0.00042724609375,0.0025526723918887317,-0.0021254262981387317
1.000375,0.000823974609375,0.0013689839142410709,-0.00054500930486607092
1.0004999999999999,-0.000732421875,-2.5942491283003601e-05,-0.00070647938371699642
1.0006250000000001,-0.001190185546875,-0.0014196364229250517,0.0002294508760500517
1.00075,-0.0018310546875,-0.002600027717178527,0.00076897302967852705
1.000875,-0.0040283203125,-0.0033877156985019979,-0.00064060461399800209
1.0009999999999999,-0.0050048828125,-0.0036632349733631375,-0.0013416478391368625
1.001125,-0.003448486328125,-0.0033851738786895599,-6.3312449435440083e-05
1.00125,-0.00213623046875,-0.0025963977487299798,0.00046016727997997978
1.0013749999999999,-0.001007080078125,-0.0014174419450562481,0.00041036186693124807
1.0015000000000001,-0.001922607421875,-2.8092843153668786e-05,-0.0018945145787213312
1.001625,0.00225830078125,0.0013600286709988922,0.00089827211025110781
1.0017499999999999,0.002532958984375,0.0025357003557551785,-2.741371380178461e-06
1.0018750000000001,0.0020751953125,0.0033202388410958762,-0.0012450435285958762
1.002,0.004425048828125,0.00359465640464592,0.00083039242347908004
1.0021249999999999,0.002197265625,0.0033177069752208998,-0.0011204413502208998
1.0022500000000001,0.002899169921875,0.0025320845147993667,0.00036708540707563325
1.002375,0.00225830078125,0.0013578424627194165,0.00090045831853058345
1.0024999999999999,9.1552734375e-05,-2.5951635169115359e-05,0.00011750436954411535
1.0026250000000001,-0.002838134765625,-0.0014085230120763417,-0.0014296117535486583
1.00275,-0.002777099609375,-0.0025794939579559025,-0.00019760565141909749
1.002875,-0.0042724609375,-0.0033608955402706139,-0.00091156539722938613
1.0029999999999999,-0.004638671875,-0.0036342157978939793,-0.0010044560771060207
1.003125,-0.004425048828125,-0.0033583735893712493,-0.0010666752387537507
1.00325,-0.00439453125,-0.0025758921895487306,-0.0018186390604512694
1.0033749999999999,-0.001007080078125,-0.001406345042339394,0.00039926496421439396
1.0035000000000001,-0.0015869140625,-2.8083738011164166e-05,-0.0015588303244888357
1.003625,0.00299072265625,0.0013489596928052824,0.0016417629634447176
1.0037499999999999,0.0029296875,0.0025152486949745921,0.00041443880502540793
1.0038750000000001,0.002105712890625,0.0032935259168779267,-0.0011878130262529267
1.004,0.004180908203125,0.0035657532563395755,0.0006151549467854245
1.0041249999999999,0.00213623046875,0.0032910138421422559,-0.0011547833733922559
1.0042500000000001,0.003662109375,0.0025116609443889579,0.0011504484306110421
1.004375,0.00146484375,0.0013467899306801342,0.00011805381931986577
1.0044999999999999,-0.000518798828125,-2.596070173166521e-05,-0.00049283812639333482
1.0046250000000001,-0.00079345703125,-0.0013974982888911125,0.00060404125764111248
1.00475,-0.0028076171875,-0.0025591240673675719,-0.00024849312013242811
1.004875,-0.002838134765625,-0.0033342894213170783,0.00049615465569207828
1.0049999999999999,-0.00177001953125,-0.0036054282128398733,0.0018354086815898733
1.005125,-0.00421142578125,-0.0033317871840862889,-0.00087963859716371114
1.00525,-0.002777099609375,-0.0025555502800878797,-0.00022154932928712028
1.0053749999999999,-0.00152587890625,-0.001395336703562668,-0.00013054220268733196
1.0055000000000001,0.00091552734375,-2.8074709865632187e-05,0.00094360205361563221
1.005625,0.002349853515625,0.0013379790476919912,0.0010118744679330088
1.0057499999999999,0.0050048828125,0.0024949602476446514,0.0025099225648553486
1.0058750000000001,0.002349853515625,0.0032670261761521399,-0.00091717266052713988
1.006,0.00274658203125,0.0035370807724819766,-0.00079049874123197656
1.0061249999999999,0.003387451171875,0.0032645337379199192,0.0001229174339550808
1.0062500000000001,0.000885009765625,0.0024914003693660043,-0.0016063906037410043
1.006375,0.002593994140625,0.0013358256084603649,0.0012581685321646351
1.0065,0.000579833984375,-2.5969691622456098e-05,0.00060580367599745606
1.0066250000000001,-0.000885009765625,-0.0013865615456207048,0.00050155177999570478
1.00675,-0.0028076171875,-0.0025389167376681275,-0.00026870044983187246
1.006875,-0.00360107421875,-0.0033078956334916731,-0.00029317858525832689
1.0069999999999999,-0.003814697265625,-0.0035768703699704837,-0.00023782689565451627
1.007125,-0.003692626953125,-0.0033054129558998807,-0.00038721399722511929
1.00725,-0.001861572265625,-0.0025353707143000873,0.00067379844867508729
1.0073749999999999,-0.0009765625,-0.0013844162219007832,0.0004078537219007832
1.0075000000000001,-9.1552734375e-05,-2.8065758068015085e-05,-6.3486976306984918e-05
1.007625,0.001708984375,0.0013270860307400181,0.00038189834425998194
1.0077499999999999,0.004119873046875,0.0024748337112497636,0.0016450393356252364
1.0078750000000001,0.004486083984375,0.0032407379175996777,0.0012453460667753223
1.008,0.00244140625,0.0035086371122325525,-0.0010672308622325525
1.0081249999999999,0.003814697265625,0.0032382649624427278,0.00057643230318227224
1.0082500000000001,0.00262451171875,0.0024713014889075229,0.00015321022984247706
1.008375,0.00048828125,0.0013249487920610429,-0.00083666754206104289
1.0085,0.00048828125,-2.5978605487812145e-05,0.00051425985548781219
1.0086250000000001,-0.00146484375,-0.0013757120801644604,-8.9131669835539572e-05
1.00875,-0.000701904296875,-0.0025188706715485632,0.0018169663746735632
1.008875,-0.003173828125,-0.0032817124822784997,0.00010788435727849969
1.0089999999999999,-0.005279541015625,-0.0035485404358054687,-0.0017310005798195313
1.009125,-0.00164794921875,-0.0032792492114978233,0.0016312999927478233
1.00925,-0.002655029296875,-0.0025153521965612553,-0.00013967710031374467
1.0093749999999999,-0.002105712890625,-0.0013735828961695931,-0.00073212999445540689
1.0095000000000001,-0.001190185546875,-2.8056881974710906e-05,-0.001162128664900289
1.009625,0.00286865234375,0.0013162799426557816,0.0015523724010942184
1.0097499999999999,0.002685546875,0.0024548677936678466,0.00023067908133215338
1.0098750000000001,0.003173828125,0.0032146594534791326,-4.0831328479132636e-05
1.01,0.00201416015625,0.0034804204494417509,-0.0014662602931917509
1.0101249999999999,0.00384521484375,0.0032122058291675242,0.00063300901458247577
1.0102500000000001,0.001434326171875,0.0024513630125686421,-0.0010170368406936421
1.010375,0.00439453125,0.00131415878310169,0.00308037246689831
1.0105,0.000579833984375,-2.5987443968624583e-05,0.00060582142834362455
1.0106250000000001,-0.00042724609375,-0.0013649491960246538,0.00093770310227465382
1.01075,-0.0042724609375,-0.0024989845820529762,-0.0017734763554470238
1.010875,-0.004425048828125,-0.003255738286684187,-0.001169310541440813
1.0109999999999999,-0.00396728515625,-0.0035204365914967509,-0.00044684856475324906
1.0111250000000001,-0.003753662109375,-0.0032532942710803113,-0.0005003678382946887
1.01125,-0.003387451171875,-0.0024954934415862078,-0.00089195773028879219
1.0113749999999999,-0.0023193359375,-0.0013628360307810772,-0.00095649990671892279
1.0115000000000001,-0.001068115234375,-2.8048080947527747e-05,-0.0010400671534274723
1.011625,0.001800537109375,0.0013055600897262318,0.00049497701964876825
1.0117499999999999,0.00360107421875,0.0024350612130885282,0.0011660130056614718
1.0118750000000001,0.002777099609375,0.0031887891095181858,-0.00041168950014318579
1.012,0.003753662109375,0.0034524289725337827,0.00030123313684121732
1.0121249999999999,0.004608154296875,0.0031863546650102818,0.0014217996318647182
1.0122500000000001,0.00347900390625,0.0024315836602043497,0.0010474202460456503
1.012375,0.003143310546875,0.0013034548887741143,0.0018398556581008857
1.0125,-0.001068115234375,-2.5996207700397313e-05,-0.0010421190266746026
1.0126250000000001,-0.00347900390625,-0.0013542722022617743,-0.0021247317039882257
1.01275,-0.003814697265625,-0.0024792571924959566,-0.0013354400731290434
1.012875,-0.0029296875,-0.0032299713791305944,0.00030028387913059442
1.0129999999999999,-0.00421142578125,-0.0034925570327117555,-0.00071886874853824452
1.0131250000000001,-0.002777099609375,-0.0032275464682534477,0.00045044685887844771
1.01325,-0.001953125,-0.0024757931743506784,0.00052266817435067843
1.0133749999999999,-0.001007080078125,-0.0013521749356986724,0.00034509485757367245
1.0135000000000001,-3.0517578125e-05,-2.8039354352065628e-05,-2.4782237729343719e-06
1.013625,0.000518798828125,0.0012949257837743106,-0.00077612695564931058
1.0137499999999999,0.00244140625,0.0024154126979308624,2.5993552069137563e-05
1.0138750000000001,0.004150390625,0.0031631252248061088,0.00098726540019389124
1.014,0.004058837890625,0.0034246608843903239,0.00063417700623467606
1.0141249999999999,0.002227783203125,0.0031607098102411002,-0.00093292660711610017
1.0142500000000001,0.002960205078125,0.0024119621618861478,0.00054824291623885215
1.014375,0.001312255859375,0.0012928364218037802,1.941943757121983e-05
1.0145,3.0517578125e-05,-2.6004897313292067e-05,5.6522475438292067e-05
1.0146250000000001,-0.002288818359375,-0.0013436804134516224,-0.00094513794592337758
1.01475,-0.00311279296875,-0.002459687236380612,-0.00065310573236938797
1.014875,-0.00274658203125,-0.0032044101053477509,0.00045782807409775091
1.0149999999999999,-0.0020751953125,-0.0034648999695175596,0.0013897046570175596
1.0151250000000001,-0.0015869140625,-0.0032020041499222643,0.0016150900874222643
1.01525,-0.00335693359375,-0.002456250130002681,-0.00090068346374731897
1.0153749999999999,-0.00244140625,-0.0013415989263929735,-0.0010998073236070265
1.0155000000000001,0.000152587890625,-2.8030701563975209e-05,0.00018061859218897522
1.015625,-0.0003662109375,0.0012843763421147803,-0.0016505872796147803
1.0157499999999999,0.0030517578125,0.0023959209867616921,0.00065583682573830794
1.0158750000000001,0.002838134765625,0.0031376661516871367,-0.0002995313860621367
1.016,0.003326416015625,0.0033971144022351281,-7.0698386610128141e-05
1.0161249999999999,0.004547119140625,0.00313526961837401,0.00141184952225099
1.0162500000000001,0.001190185546875,0.0023924972578205231,-0.0012023117109455231
1.016375,0.00189208984375,0.0012823027003968806,0.0006097871433531194
1.0165,0,-2.6013513432173204e-05,2.6013513432173204e-05
1.0166249999999999,-0.000274658203125,-0.0013331731496326348,0.0010585149465076348
1.01675,-0.003204345703125,-0.002440273457317271,-0.00076407224580772896
1.016875,-0.0042724609375,-0.0031790528242676454,-0.0010934081132323546
1.0169999999999999,-0.003814697265625,-0.0034374636262659813,-0.00037723363935901867
1.0171250000000001,-0.00408935546875,-0.0031766656761845805,-0.00091268979256541949
1.01725,-0.002288818359375,-0.0024368630537858187,0.00014804469441081873
1.0173749999999999,-0.002105712890625,-0.0013311073237977737,-0.00077460556682722626
1.0175000000000001,-0.00164794921875,-2.8022121959438693e-05,-0.0016199270967905614
1.017625,-0.000213623046875,0.0012739110875103917,-0.0014875341343853917
1.0177499999999999,0.0029296875,0.0023765848282146593,0.00055310267178534066
1.0178750000000001,0.003173828125,0.0031124102556546783,6.1417869345321667e-05
1.018,0.003143310546875,0.0033697877575195726,-0.00022647721064457263
1.0181249999999999,0.004486083984375,0.0031100324560636937,0.0013760515283113063
1.0182500000000001,-0.000244140625,0.0023731876982680542,-0.0026173283232680542
1.018375,0.001861572265625,0.0012718530482024402,0.00058971921742255982
1.0185,-0.001068115234375,-2.602205667819373e-05,-0.0010420931776968063
1.0186249999999999,-0.002410888671875,-0.0013227497362824539,-0.0010881389355925461
1.01875,-0.0025634765625,-0.0024210146089428124,-0.00014246195355718761
1.018875,-0.00152587890625,-0.0031538979079188787,0.0016280190016688787
1.0189999999999999,-0.00372314453125,-0.0034102462414795733,-0.00031289828977042666
1.0191250000000001,-0.0040283203125,-0.0031515294202257254,-0.00087679089227427455
1.01925,-0.0023193359375,-0.0024176307009575876,9.8294763457587586e-05
1.0193749999999999,-0.00042724609375,-0.0013206994542650503,0.00089345336051505032
1.0195000000000001,0.00048828125,-2.8013614921454614e-05,0.00051629486492145459
1.019625,0.0013427734375,0.0012635293481298273,7.9244089370172736e-05
1.0197499999999999,0.002166748046875,0.0023574029809098778,-0.00019065493403487782
1.0198750000000001,0.00286865234375,0.0030873559152469741,-0.00021870357149697409
1.02,0.002960205078125,0.0033426791958091171,-0.00038247411768411706
1.0201249999999999,0.002349853515625,0.0030849967030000072,-0.00073514318737500717
1.0202500000000001,0.00115966796875,0.0023540322434631791,-0.0011943642747131791
1.020375,0.001861572265625,0.0012614867942674116,0.00060008547135758836
1.0205,-0.00164794921875,-2.6030527662660642e-05,-0.0016219186910873395
1.0206249999999999,-0.0008544921875,-0.0013124095042515134,0.00045791731675151343
1.02075,-0.0018310546875,-0.0024019094548417357,0.0005708547673417357
1.020875,-0.00341796875,-0.0031289437413221295,-0.00028902500867787053
1.0209999999999999,-0.003631591796875,-0.0033832460677385369,-0.00024834572913646309
1.0211250000000001,-0.003448486328125,-0.0031265937682140774,-0.00032189255991092259
1.02125,-0.001922607421875,-0.0023985518367094665,0.00047594441483446654
1.0213749999999999,-0.00048828125,-0.0013103746495273945,0.00082209339952739454
1.0215000000000001,0.001251220703125,-2.8005179838208531e-05,0.0012792258829632086
1.021625,0.001861572265625,0.0012532304574988922,0.00060834180812610779
1.0217499999999999,0.001739501953125,0.0023383742133742278,-0.00059887226024922784
1.0218750000000001,0.003326416015625,0.00306250152194064,0.00026391449368435996
1.022,0.002471923828125,0.0033157869766706517,-0.00084386314854565173
1.022125,0.00347900390625,0.0030601607518039569,0.0004188431544460431
1.0222500000000001,0.003662109375,0.0023350296635345912,0.0013270797114654088
1.022375,0.001373291015625,0.0012512032729935995,0.00012208774263140049
1.0225,0.001922607421875,-2.6038926996365205e-05,0.0019486463488713652
1.0226249999999999,0.0013427734375,-0.0013021517897330924,0.0026449252272330924
1.02275,-0.00238037109375,-0.0023829567684624498,2.5856747124498002e-06
1.022875,-0.0035400390625,-0.0031041887223864891,-0.00043585034011351092
1.0229999999999999,-0.00079345703125,-0.0033564613715685279,0.0025630043403185279
1.0231250000000001,-0.003631591796875,-0.0031018571191974661,-0.0005297346776775339
1.02325,-0.00146484375,-0.0023796252360876262,0.00091478148608762624
1.0233749999999999,-0.00103759765625,-0.0013001322466465555,0.00026253459039655546
1.0235000000000001,-0.000518798828125,-2.799681610302953e-05,-0.00049080201202197048
1.023625,0.00164794921875,0.0012430137544662647,0.0004049354642837353
1.0237499999999999,0.00177001953125,0.0023194973039623022,-0.00054947777271230217
1.0238750000000001,0.003387451171875,0.0030378454800509291,0.00034960569182407092
1.024,0.003936767578125,0.0032891093735607771,0.00064765820456422294
1.024125,0.00494384765625,0.0030355230079244923,0.0019083246483255077
1.0242500000000001,0.00152587890625,0.0023161787384262814,-0.00079029983217628139
1.024375,0.000457763671875,0.0012410018240949189,-0.00078323815221991886
1.0245,0.0001220703125,-2.6047255283422761e-05,0.00014811756778342275
1.0246249999999999,-0.0006103515625,-0.0012919759342191926,0.00068162437171919257
1.02475,-0.001922607421875,-0.0023641553330450405,0.00044154791117004049
1.024875,-0.0015869140625,-0.0030796312618065866,0.0014927171993065866
1.0249999999999999,-0.0028076171875,-0.0033298904333293657,0.00052227324582936573
1.0251250000000001,-0.003570556640625,-0.0030773178850003738,-0.00049323875562462625
1.02525,-0.000885009765625,-0.002360849683914288,0.001475839918289288
1.0253749999999999,-0.003387451171875,-0.0012899715879765876,-0.0020974795838984124
1.0255000000000001,0.0006103515625,-2.7988523114347101e-05,0.00063834008561434714
1.025625,0.001129150390625,0.0012328785831553532,-0.00010372819253035319
1.0257499999999999,0.003173828125,0.0023007710407790278,0.00087305708422097221
1.0258750000000001,0.00299072265625,0.0030133862066269372,-2.2663550376937191e-05
1.026,0.00360107421875,0.0032626446737149357,0.00033842954503506429
1.026125,0.002532958984375,0.0030110818895361401,-0.00047812290516114015
1.0262500000000001,0.002410888671875,0.0022974782578191956,0.00011341041405580439
1.026375,0.001495361328125,0.0012308817925550035,0.00026447953556999653
1.0265,-0.00067138671875,-2.6055513122869682e-05,-0.0006453312056271303
1.0266249999999999,-0.001708984375,-0.0012818812844526985,-0.0004271030905473015
1.0267500000000001,-0.002685546875,-0.0023455039415388019,-0.00034004293346119813
1.026875,-0.002532958984375,-0.0030552697829611358,0.00052231079858613581
1.0269999999999999,-0.00286865234375,-0.0033035315471046335,0.00043487920335463347
1.0271250000000001,-0.0037841796875,-0.0030529744901214026,-0.00073120519737859737
1.02725,-0.002410888671875,-0.0023422239747097032,-6.8664697165296811e-05
1.0273749999999999,-0.00250244140625,-0.0012798920211201884,-0.0012225493851298116
1.0275000000000001,-0.00067138671875,-2.7980300275648364e-05,-0.00064340641847435165
1.027625,-0.00018310546875,0.0012228242929236152,-0.0014059297616736152
1.0277499999999999,0.0023193359375,0.0022821942215976265,3.7141715902373491e-05
1.0278750000000001,0.003875732421875,0.0029891221313505518,0.00088661029052444816
1.028,0.004974365234375,0.0032363911780374636,0.0017379740563375364
1.028125,0.00390625,0.0029868358274374326,0.00091941417256256744
1.0282500000000001,0.0023193359375,0.0022789270210524914,4.0408916447508617e-05
1.028375,0.000396728515625,0.001220842528585145,-0.00082411401296014503
1.0285,0.0020751953125,-2.6063701108705961e-05,0.002101259013608706
1.0286249999999999,-0.00048828125,-0.0012718671923938106,0.00078358594239381061
1.0287500000000001,-0.002044677734375,-0.0023270013965258352,0.00028232366215083515
1.028875,-0.004058837890625,-0.0030311027218094277,-0.0010277351688155723
1.0289999999999999,-0.003326416015625,-0.0032773830205921452,-4.9032995032854791e-05
1.0291250000000001,-0.003204345703125,-0.0030288253716344131,-0.00017552033149058691
1.02925,-0.00250244140625,-0.0023237469126147531,-0.0001786944936352469
1.0293749999999999,-0.001556396484375,-0.0012698928988868149,-0.00028650358548818508
1.0295000000000001,0.0008544921875,-2.7972146995435652e-05,0.0008824643344954357
1.029625,0.001068115234375,0.0012128502383207918,-0.00014473500394579183
1.0297499999999999,0.00323486328125,0.0022637656537888048,0.00097109762746119517
1.0298750000000001,0.00537109375,0.0029650516964356485,0.0024060420535643515
1.03,0.003326416015625,0.0032103472009924958,0.00011606881463250424
1.030125,0.003082275390625,0.0029627832649501778,0.00011949212567482223
1.0302500000000001,0.001251220703125,0.0022605238370506375,-0.0010093031339256375
1.030375,0.001434326171875,0.0012108833875825757,0.00022344278429242432
1.0305,-0.000701904296875,-2.6071819829937443e-05,-0.00067583247704506254
1.0306249999999999,-0.002166748046875,-0.0012619330151728508,-0.00090481503170214916
1.0307500000000001,-9.1552734375e-05,-0.0023086465101441796,0.0022170937757691796
1.030875,-0.00323486328125,-0.0030071285267943438,-0.0002277347544556562
1.0309999999999999,-0.003143310546875,-0.0032514431749953061,0.00010813262812030613
1.0311250000000001,-0.004150390625,-0.0030048689790847347,-0.0011455216459152653
1.03125,-0.000335693359375,-0.0023054173113141708,0.0019697239519391708
1.0313749999999999,-0.0003662109375,-0.0012599735792511244,0.00089376264175112445
1.0315000000000001,-0.00042724609375,-2.7964062687184469e-05,-0.00039928203106281556
1.031625,0.000152587890625,0.001202955779047469,-0.001050367888422469
1.0317499999999999,0.00152587890625,0.0022454841542399314,-0.00071960524798993144
1.0318750000000001,0.003204345703125,0.0029411733565280688,0.00026317234659693116
1.032,0.00323486328125,0.0031845110704957556,5.0352210754244387e-05
1.032125,0.005126953125,0.0029389226578194964,0.0021880304671805036
1.0322499999999999,0.000946044921875,0.0022422675242427009,-0.0012962226023677009
1.032375,0.001617431640625,0.0012010037300890742,0.00041642791053592577
1.0325,-0.000335693359375,-2.6079869870617712e-05,-0.00030961348950438226
1.0326249999999999,-0.000518798828125,-0.0012520781150503959,0.00073327928692539586
1.0327500000000001,-0.001861572265625,-0.0022904381040115417,0.00042886583838654168
1.032875,-0.003265380859375,-0.0029833456587404616,-0.00028203520063453842
1.0329999999999999,-0.006134033203125,-0.0032257103449153182,-0.0029083228582096818
1.0331250000000001,-0.002532958984375,-0.0029811037743919253,0.00044814479001692529
1.03325,-0.002471923828125,-0.0022872339939593454,-0.00018468983416565455
1.0333749999999999,-0.001495361328125,-0.0012501334253117544,-0.00024522790281324559
1.0335000000000001,-0.00177001953125,-2.7956046769301771e-05,-0.0017420634844806983
1.033625,0.001220703125,0.0011931402799139768,2.7562845086023151e-05
1.0337499999999999,0.00360107421875,0.0022273485492801432,0.0013737256694698568
1.0338750000000001,0.001953125,0.0029174855786064146,-0.00096436057860641456
1.034,0.002838134765625,0.0031588811278071994,-0.00032074636218219939
1.034125,0.0023193359375,0.0029152524741141339,-0.00059591653661413392
1.0342499999999999,0.00225830078125,0.0022241569104824235,3.4143870767576467e-05
1.034375,-0.000213623046875,0.0011912029217485741,-0.0014048259686235741
1.0345,0.00067138671875,-2.6087851809889611e-05,0.0006974745705598896
1.0346249999999999,-0.00146484375,-0.0012423018593763326,-0.00022254189062366741
1.0347500000000001,-0.00518798828125,-0.002272375009149652,-0.002915613272100348
1.034875,-0.004425048828125,-0.0029597525907557993,-0.0014652962373692007
1.0349999999999999,-0.002777099609375,-0.0032001828782442692,0.00042308326886926918
1.0351250000000001,-0.002471923828125,-0.0029575282317504366,0.00048560440362543662
1.03525,-0.002471923828125,-0.0022691957930968841,-0.00020272803502811593
1.0353749999999999,-0.00213623046875,-0.0012403718052504255,-0.00089585866349957454
1.0355000000000001,0.0003662109375,-2.7948098663644516e-05,0.0003941590361636445
1.035625,6.103515625e-05,0.0011834031107996077,-0.0011223679545496077
1.0357499999999999,0.0023193359375,0.0022093576746049989,0.00010997826289500107
1.0358750000000001,0.00433349609375,0.00289398684188362,0.00143950925186638
1.036,0.00262451171875,0.003133455727424525,-0.00050894400867452496
1.036125,0.001434326171875,0.0028917711941303247,-0.0014574450222553247
1.0362499999999999,0.003387451171875,0.0022061908329843428,0.0011812603388906572
1.036375,0.002960205078125,0.0011814803332717899,0.0017787247448532101
1.0365,-0.0008544921875,-2.609576622202644e-05,-0.00082839642127797357
1.0366249999999999,-0.00213623046875,-0.0012326036205492481,-0.00090362684820075186
1.0367500000000001,-0.00274658203125,-0.0022544560659092114,-0.00049212596534078858
1.036875,-0.004302978515625,-0.0029363478081337988,-0.0013666307074912012
1.0369999999999999,-0.00201416015625,-0.0031748591360590546,0.0011606989798090546
1.0371250000000001,-0.00140380859375,-0.0029341408375316625,0.0015303322437816625
1.03725,-0.00262451171875,-0.0022513015505874609,-0.00037321016816253914
1.0373749999999999,-0.00140380859375,-0.0012306880922913759,-0.00017312050145862411
1.0375000000000001,-0.000152587890625,-2.7940217801250536e-05,-0.00012464767282374946
1.037625,3.0517578125e-05,0.0011737436466121702,-0.0011432260684871702
1.03775,0.00177001953125,0.0021915103752017323,-0.00042149084395173234
1.0378750000000001,0.00335693359375,0.0028706756377093181,0.00048625795604068187
1.038,0.004913330078125,0.0031082332369775242,0.0018050968411474758
1.038125,0.00262451171875,0.0028684773102908758,-0.00024396559154087581
1.0382499999999999,-0.000640869140625,0.0021883681382408367,-0.0028292372788658367
1.038375,0.0028076171875,0.0011718353403877579,0.0016357818471122421
1.0385,0.00018310546875,-2.6103613676472774e-05,0.00020920908242647279
1.0386249999999999,-0.001220703125,-0.0012229827759761367,2.2796509761367073e-06
1.0387500000000001,-0.00244140625,-0.0022366801238954469,-0.00020472612610455314
1.038875,-0.00311279296875,-0.0029131298082560701,-0.00019966316049392988
1.0389999999999999,-0.003204345703125,-0.0031497374925161629,-5.4608210608837054e-05
1.0391250000000001,-0.0025634765625,-0.0029109400901867529,0.00034746352768675291
1.03925,-0.002166748046875,-0.0022335501175356001,6.6802070660600121e-05
1.0393749999999999,0.000457763671875,-0.0012210816646598057,0.0016788453365348057
1.0395000000000001,0.00067138671875,-2.7932403613622724e-05,0.00069931912236362271
1.039625,0.003326416015625,0.0011641612672478542,0.0021622547483771456
1.03975,0.003509521484375,0.0021738055052750943,0.0013357159790999057
1.0398750000000001,0.003204345703125,0.0028475504694729843,0.00035679523365201573
1.04,0.002716064453125,0.0030832120371232807,-0.00036714758399828068
1.040125,0.0030517578125,0.0028453693270506196,0.0002063884854493804
1.0402499999999999,0.00335693359375,0.0021706876819491323,0.0011862459118008677
1.040375,0.0025634765625,0.0011622673238091347,0.0014012092386908653
1.0405,0.000701904296875,-2.6111394739296518e-05,0.00072801569161429647
1.0406249999999999,-0.002960205078125,-0.0012134387080324348,-0.0017467663700925652
1.0407500000000001,-0.001922607421875,-0.0022190460418952456,0.00029643862002024565
1.040875,-0.0025634765625,-0.0028900971004959305,0.00032662053799593048
1.0409999999999999,-0.00347900390625,-0.0031248163347472832,-0.00035418757150271684
1.0411250000000001,-0.004150390625,-0.0028879245001502082,-0.0012624661248497918
1.04125,-0.002899169921875,-0.0022159403542148693,-0.00068322956766013075
1.0413749999999999,-0.00274658203125,-0.0012115519055472051,-0.0015350301257027949
1.0415000000000001,0.001953125,-2.7924655538483738e-05,0.0019810496555384837
1.041625,0.0015869140625,0.0011546553575527245,0.0004322587049472755
1.04175,0.002105712890625,0.0021562419281738027,-5.0529037548802721e-05
1.0418750000000001,0.003936767578125,0.0028246098525083843,0.0011121577256166157
1.042,0.002471923828125,0.0030583905214422082,-0.00058646669331720823
1.042125,0.004608154296875,0.002822445760799821,0.001785708536075179
1.0422499999999999,0.00274658203125,0.0021531483289418531,0.00059343370230814695
1.0423750000000001,0.00030517578125,0.0011527756691910823,-0.0008475998879410823
1.0425,0.000640869140625,-2.6119109967571634e-05,0.00066698825059257163
1.0426249999999999,-0.0001220703125,-0.0012039708040223673,0.0010819004915223673
1.0427500000000001,-0.00445556640625,-0.0022015526877999015,-0.0022540137184500985
1.042875,-0.002960205078125,-0.0028672482061226938,-9.2956872002306241e-05
1.0429999999999999,-0.0025634765625,-0.0031000940627557661,0.00053661750025576615
1.0431250000000001,-0.002685546875,-0.0028650925897442522,0.0001795457147442522
1.04325,-0.002044677734375,-0.0021984711299947069,0.00015379339561970686
1.0433749999999999,-0.00177001953125,-0.0012020982030638589,-0.00056792132818614112
1.0435000000000001,-0.0025634765625,-2.7916973018284358e-05,-0.0025355595894817158
1.043625,0.001739501953125,0.001145225307278028,0.00059427664584697196
1.04375,0.000274658203125,0.0021388185163175601,-0.0018641603131925601
1.0438750000000001,0.002532958984375,0.0028018523139961091,-0.00026889332962110914
1.044,0.002166748046875,0.0030337670963349072,-0.00086701904945990721
1.044125,0.002197265625,0.0027997051397689369,-0.00060243951476893686
1.0442499999999999,0.001617431640625,0.0021357489531081053,-0.00051831731248310527
1.0443750000000001,0.0023193359375,0.0011433597670918265,0.0011759761704081735
1.0445,-0.00042724609375,-2.612675991792108e-05,-0.00040111933383207892
1.0446249999999999,-0.000518798828125,-0.0011945784561396197,0.00067577962801461974
1.0447500000000001,-0.00250244140625,-0.0021841989385384336,-0.00031824246771156636
1.044875,-0.004119873046875,-0.0028445816582067462,-0.0012752913886682538
1.0449999999999999,-0.00079345703125,-0.0030755690893138903,0.0022821120580638903
1.0451250000000001,-0.003814697265625,-0.0028424428930839459,-0.00097225437254105408
1.04525,-0.002777099609375,-0.0021811413232678328,-0.0005959582861071672
1.0453749999999999,-0.001922607421875,-0.0011927199502048279,-0.00072988747167017213
1.0455000000000001,0.0006103515625,-2.7909355500163805e-05,0.00063826091800016382
1.045625,0.001220703125,0.0011358705110488341,8.4832613951165911e-05
1.04575,0.001190185546875,0.0021215341511246683,-0.00093134860424966834
1.0458750000000001,0.00225830078125,0.0027792763928722502,-0.00052097561162225015
1.046,0.00433349609375,0.0030093401809198625,0.0013241559128301375
1.046125,0.001708984375,0.0027771460039341138,-0.0010681616289341138
1.0462499999999999,0.00067138671875,0.002118488437325209,-0.001447101718575209
1.0463750000000001,0.000244140625,0.0011340190129335214,-0.00088987838793352144
1.0465,-3.0517578125e-05,-2.6134345140876176e-05,-4.3832329841238235e-06
1.0466249999999999,-0.000244140625,-0.0011852610614295875,0.0009411204364295875
1.0467500000000001,-0.003662109375,-0.0021669836800014778,-0.0014951256949985222
1.046875,-0.001434326171875,-0.0028220960015253524,0.0013877698296503524
1.0469999999999999,-0.002410888671875,-0.0030512398398609632,0.00064035116798596319
1.0471250000000001,-0.00274658203125,-0.0028199739559830908,7.339192473309079e-05
1.04725,-0.00140380859375,-0.0021639498213782294,0.0007601412276282294
1.0473749999999999,0,-0.001183416544809658,0.001183416544809658
1.0475000000000001,-0.00054931640625,-2.7901802435910432e-05,-0.00052141460381408954
1.047625,0.00177001953125,0.0011265903683199516,0.00064342916293004841
1.04775,0.00152587890625,0.0021043877229411823,-0.00057850881669118228
1.0478749999999999,0.00140380859375,0.0027568806397313922,-0.0013530720459813922
1.048,0.004608154296875,0.002985108206931934,0.001623046089943066
1.048125,0.00128173828125,0.0027547669049234596,-0.0014730286236734596
1.0482499999999999,0.003997802734375,0.0021013656733859525,0.0018964370609890475
1.0483750000000001,0.00067138671875,0.0011247528069634363,-0.00045336608821343631
1.0485,0.00079345703125,-2.6141866182338643e-05,0.00081959889743233867
1.0486249999999999,-0.00164794921875,-0.0011760180217455707,-0.00047193119700442935
1.0487500000000001,-0.003936767578125,-0.0021499058069707629,-0.0017868617711542371
1.048875,-0.00250244140625,-0.0027997897924697652,0.00029734838621976517
1.0489999999999999,-0.001739501953125,-0.0030271047524022348,0.0012876027992772348
1.0491250000000001,-0.004608154296875,-0.0027976843358603278,-0.0018104699610146722
1.04925,-0.002777099609375,-0.0021468955205497112,-0.0006302040888252888
1.0493749999999999,-0.000946044921875,-0.0011741873895237107,0.00022814246764871074
1.0495000000000001,-0.001495361328125,-2.7894313281922726e-05,-0.0014674670148430774
1.049625,0.000579833984375,0.0011173842833386816,-0.00053755029896368164
1.04975,0.00067138671875,0.0020873781309657885,-0.0014159914122157885
1.0498749999999999,0.00360107421875,0.0027346636167382924,0.0008664106020117076
1.05,0.00433349609375,0.0029610696186216836,0.0013724264751283164
1.050125,0.002593994140625,0.0027325664059240427,-0.00013857226529904272
1.0502499999999999,0.003936767578125,0.002084379561927455,0.001852388016197545
1.0503750000000001,0.001220703125,0.0011155605542154396,0.00010514257078456037
1.0505,0.002197265625,-2.614932358361945e-05,0.0022234149485836196
1.0506249999999999,0,-0.001166848743718039,0.001166848743718039
1.0507500000000001,-0.0020751953125,-0.0021329642230481539,5.7768910548153946e-05
1.050875,-0.002899169921875,-0.002777661598950442,-0.00012150832292455796
1.0509999999999999,-0.002716064453125,-0.0030031622774086032,0.00028709782428360323
1.0511250000000001,-0.00323486328125,-0.0027755726016486216,-0.00045929067960137843
1.05125,-0.000274658203125,-0.0021299773258150493,0.0018553191226900493
1.0513749999999999,-0.00201416015625,-0.001165031891759814,-0.00084912826449018604
1.0515000000000001,-0.001190185546875,-2.7886887499170648e-05,-0.0011622986593758293
1.051625,-0.000335693359375,0.0011082516651065753,-0.0014439450244815753
1.05175,0.002288818359375,0.0020705042831849685,0.00021831407619003155
1.0518749999999999,0.002105712890625,0.0027126238975292679,-0.00060691100690426786
1.052,0.002166748046875,0.0029372228726554815,-0.00077047482578048148
1.052125,0.0029296875,0.0027105430815896527,0.00021914441841034728
1.0522499999999999,0.0010986328125,0.0020675290123605707,-0.00096889619986057071
1.0523750000000001,0.001953125,0.0011064416644718021,0.00084668333552819787
1.0525,0.00128173828125,-2.6156717881477305e-05,0.0013078949991314774
1.0526249999999999,-0.00079345703125,-0.0011577526387114199,0.00036429560746141986
1.0527500000000001,-0.00201416015625,-0.0021161578405852715,0.00010199768433527155
1.052875,-0.00335693359375,-0.0027557100003082501,-0.00060122359344174986
1.0529999999999999,-0.00396728515625,-0.0029794108777171429,-0.00098787427853285707
1.0531250000000001,-0.002655029296875,-0.0027536373337002261,9.8608036825226057e-05
1.05325,-0.000885009765625,-0.0021131941509456775,0.0012281843853206775
1.053375,-0.00372314453125,-0.0011559494636602075,-0.0025671950675897927
1.0535000000000001,0.000244140625,-2.787952455315727e-05,0.00027202014955315728
1.053625,0.00018310546875,0.0010991919273414894,-0.00091608645859148942
1.05375,0.00164794921875,0.0020537650962989974,-0.00040581587754899735
1.0538749999999999,0.00384521484375,0.0026907600671253408,0.0011544547766246592
1.054,0.00341796875,0.0029135664380164302,0.00050440231198356977
1.054125,0.00189208984375,0.0026886955179487712,-0.00079660567419877117
1.0542499999999999,0.0030517578125,0.0020508129427998702,0.0010009448697001298
1.0543750000000001,0.001708984375,0.0010973955522252999,0.00061158882277470008
1.0545,-0.000579833984375,-2.6164049608156849e-05,-0.00055366993476684315
1.0546249999999999,-0.002105712890625,-0.0011487291227875935,-0.00095698376783740651
1.0547500000000001,-0.00225830078125,-0.0020994855806136543,-0.00015881520063634573
1.054875,-0.005157470703125,-0.0027339335872211619,-0.0024235371159038381
1.0549999999999999,-0.000823974609375,-0.0029558490284324057,0.0021318744190574057
1.0551250000000001,-0.004425048828125,-0.0027318771236976534,-0.0016931717044273466
1.05525,-0.004150390625,-0.0020965449183810016,-0.0020538457066189984
1.055375,0.00103759765625,-0.0011469395220588036,0.0021845371783088038
1.0555000000000001,-0.00140380859375,-2.7872223912551563e-05,-0.0013759363698374483
1.055625,0.00146484375,0.0010902044884399545,0.0003746392615600455
1.05575,0.00213623046875,0.0020371594956533649,9.9070973096635102e-05
1.0558749999999999,0.002532958984375,0.0026690707218382926,-0.00013611173746329265
1.056,0.003631591796875,0.0028900987959060613,0.00074149300096893866
1.056125,0.004180908203125,0.0026670223123158405,0.0015138858908091595
1.0562499999999999,0.00250244140625,0.0020342302799941864,0.00046821112625581359
1.0563750000000001,0.000823974609375,0.0010884216366403941,-0.00026444702726539406
1.0565,0.002349853515625,-2.6171319291426514e-05,0.0023760248349164264
1.0566249999999999,-0.001220703125,-0.0011397776166684039,-8.0925508331596138e-05
1.0567500000000001,-0.000701904296875,-0.002082946372775498,0.001381042075900498
1.056875,-0.00177001953125,-0.0027123309616142914,0.00094231143036429144
1.0569999999999999,-0.002349853515625,-0.0029324752168285281,0.00058262170120352815
1.0571250000000001,-0.001068115234375,-0.0027102905745627123,0.0016421753401877123
1.05725,-0.00421142578125,-0.0020800285591629957,-0.0021313972220870043
1.057375,0.000274658203125,-0.0011380014884437369,0.0014126596915687369
1.0575000000000001,-0.000823974609375,-2.7864985054478127e-05,-0.00079610962432052185
1.057625,0.001617431640625,0.0010812887714398334,0.00053614286918516663
1.05775,0.0023193359375,0.0020206864151697903,0.00029864952233020969
1.0578749999999999,0.001617431640625,0.0026475544691836241,-0.0010301228285586241
1.0580000000000001,0.00311279296875,0.0028668184396468273,0.00024597452910317267
1.058125,0.002838134765625,0.0026455220731981324,0.00019261269242686757
1.0582499999999999,0.00201416015625,0.0020177799592576945,-3.6198030076944714e-06
1.0583750000000001,0.00054931640625,0.0010795193415208428,-0.00053020293527084278
1.0585,-0.000244140625,-2.6178527454616068e-05,-0.00021796209754538392
1.0586249999999999,-0.001190185546875,-0.0011308975456984748,-5.9288001176525246e-05
1.0587500000000001,-0.00323486328125,-0.0020665391552549331,-0.0011683241259950669
1.058875,-0.004547119140625,-0.0026909007365701473,-0.0018562184040548527
1.0589999999999999,-0.0028076171875,-0.0029092879422521001,0.00010167075475210011
1.0591250000000001,-0.002685546875,-0.0026888763003668275,3.3294253668275306e-06
1.05925,-0.002593994140625,-0.002063644012861892,-0.000530350127763108
1.059375,-0.000946044921875,-0.0011291347889202245,0.00018308986704522446
1.0595000000000001,-0.00103759765625,-2.785780745647264e-05,-0.0010097398487935274
1.059625,0.00311279296875,0.0010724442039832843,0.0020403487647667157
1.05975,0.00152587890625,0.0020043447972777758,-0.00047846589102777583
1.0598749999999999,0.003936767578125,0.0026262099277890999,0.0013105576503359001
1.0600000000000001,0.003936767578125,0.0028437238745853762,0.0010930437035396238
1.060125,0.001190185546875,0.0026241934202084552,-0.0014340078733334552
1.0602499999999999,0.00323486328125,0.0020014609244006416,0.0012334023568493584
1.0603750000000001,0.0006103515625,0.0010706880952653312,-0.00046033653276533119
1.0605,-0.00030517578125,-2.6185674616653858e-05,-0.00027899010663334615
1.0606249999999999,-0.00048828125,-0.0011220883398083135,0.00063380708980831347
1.0607500000000001,-0.002960205078125,-0.0020502628747098603,-0.00090994220341513972
1.060875,-0.00299072265625,-0.00266964153623958,-0.00032108112001041998
1.0609999999999999,-0.003662109375,-0.0028862857160258304,-0.00077582365897416964
1.0611250000000001,-0.002288818359375,-0.0026676329262420423,0.00037881456686704234
1.06125,-0.001800537109375,-0.0020473902275118926,0.00024685311813689263
1.061375,-3.0517578125e-05,-0.0011203388541725151,0.0010898212760475151
1.0615000000000001,0.002288818359375,-2.7850690601793606e-05,0.0023166690499767935
1.061625,0.00225830078125,0.0010636702182800189,0.0011946305629699811
1.06175,0.0023193359375,0.0019881335928467105,0.00033120234465328947
1.0618749999999999,0.001708984375,0.0026050357273065807,-0.00089605135230658075
1.0620000000000001,0.00262451171875,0.0028208136179965794,-0.0001963018992465794
1.062125,0.003204345703125,0.0026030349839760284,0.00060131071914897158
1.0622499999999999,0.002105712890625,0.0019852721276652232,0.00012044076295977682
1.0623750000000001,-0.0003662109375,0.0010619273308356981,-0.0014281382683356981
1.0625,-0.001312255859375,-2.6192761293396171e-05,-0.0012860630980816039
1.0626249999999999,0.000396728515625,-0.0011133494334777203,0.0015100779491027203
1.0627500000000001,-0.001922607421875,-0.0020341164862052352,0.00011150906433023524
1.062875,-0.003326416015625,-0.00264855199575346,-0.00067786401987153999
1.0629999999999999,-0.003204345703125,-0.0028634670613529602,-0.00034087864177203978
1.0631250000000001,-0.0035400390625,-0.0026465590882927634,-0.00089347997420723656
1.06325,-0.002288818359375,-0.0020312661595426693,-0.00025755219983233067
1.063375,0.00030517578125,-0.0011116131194321398,0.0014167889006821398
1.0634999999999999,0.0010986328125,-2.7843633980620264e-05,0.0011264764464806202
1.063625,0.00140380859375,0.0010549662510720361,0.00034884234267796395
1.06375,0.002655029296875,0.0019720517611185213,0.00068297753575647865
1.0638749999999999,0.001312255859375,0.0025840305083240363,-0.0012717746489490363
1.0640000000000001,0.00433349609375,0.0027980861989883479,0.0015354098947616521
1.064125,0.00262451171875,0.0025820454060585473,4.246631269145271e-05
1.0642499999999999,0.002105712890625,0.0019692125296527628,0.00013650036097223725
1.0643750000000001,0.000762939453125,0.0010532364857192881,-0.00029029703259428807
1.0645,0.00030517578125,-2.6199787992483731e-05,0.00033137556924248373
1.0646249999999999,-0.0028076171875,-0.0011046802656994794,-0.0017029369218005206
1.0647500000000001,-0.00079345703125,-0.0020180989531423266,0.0012246419218923266
1.064875,-0.001922607421875,-0.0026276307611350432,0.00070502333926004317
1.0649999999999999,-0.003875732421875,-0.0028408305132224588,-0.0010349019086525412
1.0651250000000001,-0.00115966796875,-0.0026256534335081798,0.0014659854647581798
1.06525,-0.00262451171875,-0.0020152707737123698,-0.00060924094503763022
1.065375,-0.0029296875,-0.0011029570244344301,-0.0018267304755655699
1.0654999999999999,0.00177001953125,-2.7836637079697301e-05,0.0017978561683296972
1.065625,0.000152587890625,0.0010463317435927043,-0.00089374385296770429
1.06575,0.00030517578125,0.0019560982696408486,-0.0016509224883908486
1.0658749999999999,0.002349853515625,0.0025631929222782804,-0.00021333940665328038
1.0660000000000001,0.002288818359375,0.002775540158407191,-0.00048672179903219096
1.066125,0.00152587890625,0.0025612233388549819,-0.0010353444326049819
1.0662499999999999,0.00103759765625,0.0019532810992606855,-0.00091568344301068546
1.0663750000000001,0.001190185546875,0.0010446150018928401,0.00014557054498215991
1.0665,-0.00079345703125,-2.620675522116374e-05,-0.00076725027602883621
1.0666249999999999,0.00030517578125,-0.0010960802799433473,0.0014012560611933473
1.0667500000000001,-0.00250244140625,-0.0020022092471976651,-0.00050023215905233486
1.066875,-0.0013427734375,-0.0026068764892130526,0.0012641030517130526
1.0669999999999999,-0.004150390625,-0.0028183746183149585,-0.0013320160066850415
1.0671250000000001,-0.001556396484375,-0.002604914619675405,0.001048518135300405
1.06725,-0.000244140625,-0.0019994030430411473,0.0017552624180411473
1.067375,-0.00079345703125,-0.0010943700133873638,0.00030091298213736381
1.0674999999999999,0.001983642578125,-2.7829699396541096e-05,0.0020114722775215412
1.067625,0.000213623046875,0.001037766141538047,-0.00082414309466304699
1.06775,0.002593994140625,0.0019402720942007707,0.00065372204642422929
1.0678749999999999,0.003021240234375,0.0025425216313683806,0.0004787186030066194
1.0680000000000001,0.00238037109375,0.0027531740487445407,-0.00037280295499454068
1.068125,0.001617431640625,0.0025405674455190454,-0.00092313580489404535
1.0682499999999999,0.003662109375,0.0019374768136153869,0.0017246325613846131
1.0683750000000001,0.000152587890625,0.0010360623257866515,-0.00088347443516165148
1.0685,0.000732421875,-2.6213663481124961e-05,0.00075863553848112494
1.0686249999999999,-0.00091552734375,-0.0010875489241214888,0.00017202158037148878
1.0687500000000001,-0.00311279296875,-0.0019864463482533556,-0.0011263466204966444
1.068875,-0.0018310546875,-0.0025862878475359165,0.0007552331600359165
1.069,-0.00323486328125,-0.0027960979349094506,-0.00043876534634054937
1.0691250000000001,-0.00213623046875,-0.0025843413152933001,0.00044811084654330013
1.06925,-0.002166748046875,-0.0019836619487452207,-0.00018308609812977931
1.069375,-0.002655029296875,-0.0010858515349346741,-0.0015691777619403259
1.0694999999999999,0.000274658203125,-2.7822820434121023e-05,0.00030248102355912102
1.069625,0.002197265625,0.0010292688950263782,0.0011679967299736218
1.06975,0.000518798828125,0.0019245722187599291,-0.0014057733906349291
1.0698749999999999,0.0037841796875,0.0025220153084697804,0.0012621643790302196
1.0700000000000001,0.001953125,0.0027309864340438095,-0.00077786143404380949
1.070125,0.001129150390625,0.0025200763998733714,-0.0013909260092483714
1.0702499999999999,0.000244140625,0.0019217986580065598,-0.0016776580330065598
1.0703750000000001,0.00146484375,0.0010275779082490404,0.00043726584175095957
1.0705,0.0003662109375,-2.6220513269836284e-05,0.00039243145076983628
1.0706249999999999,9.1552734375e-05,-0.0010790856505483652,0.0011706383849233652
1.0707500000000001,-0.0030517578125,-0.0019708092443324996,-0.0010809485681675004
1.070875,-0.002655029296875,-0.0025658635142842981,-8.9165782590701868e-05
1.071,-0.003875732421875,-0.0027739990327907285,-0.0011017333890842715
1.0711250000000001,-0.002471923828125,-0.0025639321994865042,9.2008371361504242e-05
1.07125,-0.00079345703125,-0.0019680464801714701,0.0011745894489214701
1.071375,-0.00018310546875,-0.0010774010421204466,0.00089429557337044664
1.0714999999999999,-0.000823974609375,-2.7815999695787835e-05,-0.00079615860967921222
1.071625,0.00115966796875,0.0010208394585641965,0.00013882851018580345
1.07175,0.00201416015625,0.00190899763538575,0.00010516252086424996
1.0718749999999999,0.00140380859375,0.0025016726370490853,-0.0010978640432990853
1.0720000000000001,0.0035400390625,0.0027089758898082099,0.00083106317269179006
1.072125,0.0030517578125,0.0024997488863243637,0.00055200892617563628
1.0722499999999999,0.00018310546875,0.0019062456258220461,-0.0017231401570720461
1.0723750000000001,0.001800537109375,0.0010191612045110804,0.00078137590486391964
1.0725,9.1552734375e-05,-2.6227305080582096e-05,0.0001177800394555821
1.0726249999999999,-0.001190185546875,-0.0010706899159125952,-0.00011949563096240478
1.0727500000000001,-0.001373291015625,-0.0019552969315342287,0.00058200591590922869
1.072875,-0.001495361328125,-0.0025456021781891389,0.0010502408500641389
1.073,-0.002716064453125,-0.0027520764931575547,3.6012040032554725e-05
1.0731250000000001,-0.0030517578125,-0.0025436859619225533,-0.00050807185057744671
1.07325,-0.001953125,-0.0019525556347325418,-5.6936526745816722e-07
1.073375,-0.0009765625,-0.0010690179923540002,9.2455492354000203e-05
1.0734999999999999,0.000244140625,-2.7809236690336199e-05,0.00027194986169033623
1.0736250000000001,0.00152587890625,0.0010124772910111712,0.00051340161523882877
1.07375,0.00042724609375,0.0018935473441920728,-0.0014663012504420728
1.0738749999999999,0.00250244140625,0.0024814923110795493,2.0949095170450655e-05
1.0740000000000001,0.002960205078125,0.0026871410029092884,0.00027306407521571164
1.074125,0.002044677734375,0.0024795835997777362,-0.0004349058654027362
1.0742499999999999,-0.000213623046875,0.0018908167184832061,-0.0021044397653582061
1.0743750000000001,-3.0517578125e-05,0.0010108116741516248,-0.0010413292522766248
1.0745,-0.00030517578125,-2.6234039402497419e-05,-0.00027894174184750259
1.0746249999999999,-0.00152587890625,-0.0010623611812373855,-0.00046351772501261449
1.0747500000000001,-0.001922607421875,-0.0019399084139692592,1.7300992094259216e-05
1.074875,-0.001739501953125,-0.0025255025384455254,0.00078600058532052536
1.075,-0.00103759765625,-0.0027303289085315826,0.0016927312522815826
1.0751250000000001,-0.0023193359375,-0.0025236013027248646,0.00020426536522486459
1.07525,-0.00225830078125,-0.0019371884178424816,-0.0003211123634075184
1.075375,-0.00140380859375,-0.0010607018473750478,-0.00034310674637495222
1.0754999999999999,-0.000396728515625,-2.7802530930692706e-05,-0.0003689259846943073
1.0756250000000001,0,0.0010041818555453969,-0.0010041818555453969
1.07575,0.00146484375,0.0018782203532713966,-0.00041337660327139662
1.0758749999999999,0.001434326171875,0.0024614730349576865,-0.0010271468630826865
1.0760000000000001,0.004058837890625,0.0026654803714962062,0.0013933575191287938
1.076125,0.002532958984375,0.002459579245554247,7.3379738820752993e-05
1.0762499999999999,0.001190185546875,0.001875510945380804,-0.00068532539850580396
1.0763750000000001,0.001678466796875,0.001002528781062608,0.00067593801581239204
1.0765,0.000396728515625,-2.6240716720602707e-05,0.0004229692323456027
1.0766249999999999,-0.00115966796875,-0.0010540989118471068,-0.00010556905690289322
1.0767500000000001,-0.0015869140625,-0.0019246427036959464,0.00033772864119594641
1.076875,-0.00189208984375,-0.0025055633046296702,0.00061347346087967016
1.077,-0.00048828125,-0.002708754882666978,0.002220473632666978
1.0771250000000001,-0.00238037109375,-0.002503676932391214,0.00012330583864121397
1.07725,-0.00189208984375,-0.001921943842852013,2.9853999102012968e-05
1.077375,0.000579833984375,-0.0010524520732191379,0.0016322860575941379
1.0774999999999999,-0.00091552734375,-2.7795881933881228e-05,-0.00088773146181611877
1.0776250000000001,-0.000213623046875,0.00099595261962893869,-0.0012095756665039387
1.07775,0.00103759765625,0.0018630156786320835,-0.00082541802238208345
1.0778749999999999,0.000213623046875,0.0024416135234182207,-0.0022279904765432207
1.0780000000000001,0.00177001953125,0.0026439926049057344,-0.0008739730736557344
1.078125,0.003448486328125,0.0024397345393084549,0.0010087517888165451
1.0782499999999999,-0.000244140625,0.0018603273238114114,-0.0021044679488114114
1.0783750000000001,0.001678466796875,0.00099431199341349849,0.00068415480346150151
1.0785,-0.000457763671875,-2.6247337515838362e-05,-0.00043151633435916162
1.0786249999999999,-0.000396728515625,-0.0010459025773329673,0.00064917406170796727
1.0787500000000001,-0.001373291015625,-0.0019094988206568692,0.00053620780503186921
1.078875,-0.00347900390625,-0.0024857831966160586,-0.00099322070963394141
1.079,-0.003570556640625,-0.0026873530304607944,-0.00088320361016420556
1.0791249999999999,-0.0030517578125,-0.0024839115717113793,-0.0005678462407886207
1.07925,-0.00048828125,-0.0019068209309886458,0.0014185396809886458
1.079375,0.000762939453125,-0.0010442681401833659,0.0018072075933083659
1.0794999999999999,0.001129150390625,-2.7789289220988526e-05,0.0011569396798459886
1.0796250000000001,0.0008544921875,0.00098778905497363717,-0.00013329686747363717
1.07975,0.0008544921875,0.0018479323441351928,-0.00099344015663519283
1.0798749999999999,0.004730224609375,0.0024219125014543872,0.0023083121079206128
1.0800000000000001,0.00347900390625,0.0026226763235729666,0.0008563275826770334
1.080125,0.001708984375,0.0024200482069434452,-0.00071106383194344518
1.0802499999999999,0.00238037109375,0.0018452648789143052,0.00053510621483569484
1.0803750000000001,0.002288818359375,0.00098616078362164764,0.0013026575757533524
1.0805,0.000152587890625,-2.6253902265098976e-05,0.00017884179289009899
1.0806249999999999,-0.001983642578125,-0.0010377716515189651,-0.00094587092660603487
1.0807500000000001,-0.00140380859375,-0.0018944757926159016,0.00049066719886590158
1.080875,-0.00091552734375,-0.0024661609444952682,0.0015506336007452682
1.081,-0.0030517578125,-0.0026661219778640302,-0.00038563583463596977
1.0811249999999999,-0.001800537109375,-0.0024643039516813047,0.00066376684230630466
1.08125,-0.003265380859375,-0.0018918187112886417,-0.0013735621480863583
1.081375,-9.1552734375e-05,-0.0010361495227923674,0.00094459678841736744
1.0814999999999999,0.00042724609375,-2.7782752317130169e-05,0.00045502884606713016
1.0816250000000001,0.002166748046875,0.0009796906375072001,0.0011870574093677999
1.08175,0.001708984375,0.0018329693814318128,-0.00012398500643181283
1.0818749999999999,0.002349853515625,0.0024023687042341898,-5.2515188609189838e-05
1.0820000000000001,0.0023193359375,0.0026015301589427577,-0.00028219422144275773
1.082125,0.001373291015625,0.0024005189845309003,-0.0010272279689059003
1.0822499999999999,0.003173828125,0.0018303226436080409,0.0013435054813919591
1.0823750000000001,-0.0018310546875,0.000978074628311659,-0.002809129315811659
1.0825,0.00091552734375,-2.6260411441267272e-05,0.0009417877551912673
1.0826249999999999,0.000457763671875,-0.0010297056124281064,0.0014874692843031064
1.0827500000000001,-0.001251220703125,-0.0018795726550958024,0.0006283519519708024
1.082875,-0.002227783203125,-0.0024466952884924327,0.00021891208536743267
1.083,-0.002838134765625,-0.0026450603617934228,-0.00019307440383157723
1.0831249999999999,-0.00140380859375,-0.0024448528134267504,0.0010410442196767504
1.08325,-0.001495361328125,-0.0018769362205381427,0.00038157489241314271
1.083375,-0.0015869140625,-0.0010280956997634758,-0.00055881836273652418
1.0834999999999999,0.000152587890625,-2.7776270751416732e-05,0.00018036416137641673
1.0836250000000001,0.00323486328125,0.00097165684734065467,0.0022632064339093453
1.08375,0.002899169921875,0.0018181258299008898,0.0010810440919741102
1.0838749999999999,0.00238037109375,0.0023829808770196785,-2.6097832696784888e-06
1.0840000000000001,0.0015869140625,0.0025805527533818463,-0.00099363869088184634
1.084125,0.00250244140625,0.0023811456182294935,0.00012129578802050648
1.0842499999999999,0.00140380859375,0.0018154996585317358,-0.0004116910647817358
1.0843750000000001,0.00018310546875,0.00097005300828629593,-0.00078694753953629593
1.0845,0.001007080078125,-2.6266865514431175e-05,0.0010333469436394312
1.084625,-0.001220703125,-0.0010217039422488995,-0.00019899918275110054
1.0847500000000001,-0.002655029296875,-0.0018647884513171256,-0.00079024084555787437
1.084875,-0.003143310546875,-0.0024273849788863703,-0.00071592556798862972
1.085,-0.002838134765625,-0.0026241668300439271,-0.00021396793558107292
1.0851249999999999,-0.003997802734375,-0.0024255569081205641,-0.0015722458262544359
1.08525,-0.0030517578125,-0.001862172503210459,-0.001189585309289541
1.085375,0.000396728515625,-0.0010201061539776562,0.0014168346696026562
1.0854999999999999,0.000518798828125,-2.7769844056920268e-05,0.00054656867218192025
1.0856250000000001,0.001312255859375,0.00096368716873057266,0.00034856869064442734
1.08575,0.0008544921875,0.0018034007365875606,-0.00094890854908756062
1.0858749999999999,0.00396728515625,0.0023637477750863773,0.0016035373811636227
1.0860000000000001,0.001953125,0.0025597427600917043,-0.00060661776009170425
1.086125,0.004119873046875,0.0023619268642043759,0.0017579461826706241
1.0862499999999999,0.001068115234375,0.0018007949719783983,-0.00073267973760339825
1.0863750000000001,0.002593994140625,0.00096209540849201435,0.0016318987321329856
1.0865,0.000335693359375,-2.6273264947174095e-05,0.00036196662432217411
1.086625,-0.002105712890625,-0.0010137661273021102,-0.0010919467633228898
1.0867500000000001,-0.00250244140625,-0.0018501222321334503,-0.00065231917411654968
1.086875,-0.00238037109375,-0.002408228775929343,2.7857682179343018e-05
1.087,-0.002166748046875,-0.0026034400412019102,0.00043669199432691021
1.0871249999999999,-0.002777099609375,-0.0024064149969006952,-0.00037068461247430481
1.08725,-0.001434326171875,-0.0018475266114047167,0.00041320043952971673
1.087375,-0.000213623046875,-0.001012180372439686,0.00079855732556468597
1.0874999999999999,-0.00018310546875,-2.7763471770641082e-05,-0.00015534199697935891
1.0876250000000001,0.001617431640625,0.00095578109005257407,0.00066165055057242593
1.08775,0.001190185546875,0.0017887931561419673,-0.0005986076092669673
1.0878749999999999,0.002960205078125,0.002344668163643389,0.00061553691448161096
1.0880000000000001,0.000274658203125,0.002539098843022058,-0.002264440639897058
1.088125,0.002288818359375,0.0023428614885473266,-5.4043129172326627e-05
1.0882499999999999,0.002716064453125,0.0017862076398372105,0.0009298568132877895
1.0883750000000001,0.002227783203125,0.00095420131798589197,0.001273581885139108
1.0885,0.000946044921875,-2.6279610201736918e-05,0.00097232453207673694
1.088625,-3.0517578125e-05,-0.0010058916580077887,0.00097537407988278874
1.0887500000000001,-0.001434326171875,-0.0018355730559754765,0.00040124688410047649
1.088875,-0.00042724609375,-0.0023892254497674659,0.0019619793560174659
1.089,-0.002471923828125,-0.0025828786645590187,0.00011095483643401875
1.0891249999999999,-0.000885009765625,-0.002387425850792485,0.001502416085167485
1.0892500000000001,-0.00140380859375,-0.0018329976047850053,0.00042918901103500533
1.089375,-0.00140380859375,-0.0010043178462496344,-0.0003994907475003656
1.0894999999999999,-0.00262451171875,-2.7757153432314815e-05,-0.0025967545653176852
1.0896250000000001,0.00140380859375,0.00094793810376406467,0.00045587048998593533
1.08975,0.00128173828125,0.0017743021507585727,-0.00049256386950857268
1.0898749999999999,0.001617431640625,0.0023257408177541051,-0.00070830917712910507
1.0900000000000001,0.00341796875,0.0025186196767851199,0.00089934907321488015
1.090125,0.000701904296875,0.0023239482671975264,-0.0016220439703225264
1.0902499999999999,0.001220703125,0.0017717367255320709,-0.00055103360053207094
1.0903750000000001,0.0003662109375,0.00094637022990282104,-0.00058015929240282104
1.0905,-0.001190185546875,-2.6285901735288689e-05,-0.0011638996451397113
1.090625,-0.000579833984375,-0.00099808002885361929,0.00041824604447861929
1.0907500000000001,-0.000335693359375,-0.001821139988787216,0.001485446629412216
1.090875,-0.000244140625,-0.0023703737803621948,0.0021262331553621948
1.091,-0.001129150390625,-0.002562481380026752,0.001433330989401752
1.0911249999999999,-0.00274658203125,-0.0023685882506293094,-0.00037799378062069056
1.0912500000000001,-0.00323486328125,-0.0018185845505199944,-0.0014162787307300056
1.091375,-0.000732421875,-0.00099651807056908145,0.00026409619556908145
1.0914999999999999,-0.00103759765625,-2.7750888589028801e-05,-0.0010098467676609713
1.0916250000000001,0.00189208984375,0.00094015770637276221,0.00095193213737723779
1.09175,0.002410888671875,0.0017599267901167585,0.00065096188175824154
1.0918749999999999,0.00360107421875,0.0023069645222575734,0.0012941096964924266
1.0920000000000001,0.00128173828125,0.0024983039465704877,-0.0012165656653204877
1.092125,0.003448486328125,0.0023051859858629728,0.0011433003422620272
1.0922499999999999,0.003265380859375,0.0017573812999614527,0.0015079995594135473
1.0923750000000001,0.001190185546875,0.00093860164142296569,0.00025158390545203431
1.0925,0.00048828125,-2.6292140001152095e-05,0.00051457339000115208
1.092625,6.103515625e-05,-0.00099033073835819488,0.0010513658946081949
1.0927500000000001,-0.001617431640625,-0.0018068221039668677,0.0001893904633418677
1.092875,-0.002227783203125,-0.0023516725574102173,0.00012388935428521734
1.093,-0.002532958984375,-0.002542246878051707,9.2878936767070396e-06
1.0931249999999999,-0.0035400390625,-0.0023499009869742942,-0.0011901380755257058
1.0932500000000001,-0.000946044921875,-0.001804286523223051,0.00085824160134805104
1.093375,0.0001220703125,-0.00098878054458870169,0.0011108508570887017
1.0934999999999999,0.000701904296875,-2.7744676788202135e-05,0.0007296489736632021
1.0936250000000001,0.00152587890625,0.00093243939840437164,0.00059343950784562836
1.09375,0.0018310546875,0.0017456661513178483,8.5388536182151673e-05
1.0938749999999999,0.002227783203125,0.0022883380716904765,-6.0554868565476476e-05
1.0940000000000001,0.002044677734375,0.0024781503480607379,-0.00043347261368573793
1.094125,0.0028076171875,0.0022865734399425139,0.00052104374755748608
1.0942499999999999,0.001190185546875,0.0017431404414387586,-0.0005529548945637586
1.0943750000000001,0.000457763671875,0.00093089505373947321,-0.00047313138186447321
1.0945,-0.000579833984375,-2.6298325448835735e-05,-0.00055353565892616425
1.094625,-0.00213623046875,-0.00098264328904525112,-0.0011535871797047489
1.0947499999999999,-0.003021240234375,-0.0017926184823057237,-0.0012286217520692763
1.094875,-0.001495361328125,-0.0023331205802684229,0.00083775925214342288
1.095,-0.004486083984375,-0.0025221738595315006,-0.0019639101248434994
1.0951249999999999,-0.000885009765625,-0.0023313628600426782,0.0014463530944176782
1.0952500000000001,-0.001129150390625,-0.0017901026048928162,0.00066095221426781619
1.095375,-0.001068115234375,-0.00098110477149611071,-8.7010462878889293e-05
1.0954999999999999,-9.1552734375e-05,-2.7738517582221241e-05,-6.3814216792778752e-05
1.0956250000000001,0.000396728515625,0.00092478268437052257,-0.00052805416874552257
1.09575,0.003326416015625,0.0017315193188307478,0.0015948966967942522
1.0958749999999999,0.001983642578125,0.0022698602702097446,-0.00028621769208474462
1.0960000000000001,0.0025634765625,0.0024581575873476791,0.00010531897515232095
1.096125,0.00146484375,0.0022681094344485153,-0.00080326568444851528
1.0962499999999999,0.002197265625,0.0017290132356331369,0.00046825238936686314
1.0963750000000001,0.0008544921875,0.00092324997202644957,-6.8757784526449575e-05
1.0965,-0.00048828125,-2.6304458524066132e-05,-0.00046197679147593385
1.096625,0.0001220703125,-0.00097501718740743398,0.0010970874999074341
1.0967499999999999,-0.003204345703125,-0.0017785282119363881,-0.0014258174911886119
1.096875,-0.000396728515625,-0.0023147166578750323,0.0019179881422500323
1.097,-0.00146484375,-0.0025022610357313692,0.0010374172857313692
1.0971249999999999,-0.00347900390625,-0.0023129726796247705,-0.0011660312266252295
1.0972500000000001,-0.001220703125,-0.0017760318848542725,0.0005553287598542725
1.097375,-0.000152587890625,-0.00097349025844396179,0.00082090236781896179
1.0974999999999999,0.002197265625,-2.7732410527238717e-05,0.0022249980355272389
1.0976250000000001,0.001220703125,0.00091718707273695857,0.00030351605226304143
1.09775,0.00079345703125,0.0017174853844299032,-0.00092402835317990321
1.0978749999999999,0.00262451171875,0.0022515299315162066,0.00037298178723379344
1.0980000000000001,0.001129150390625,0.0024383243808492831,-0.0013091739902242831
1.098125,0.00213623046875,0.002249792783929702,-0.00011356231517970199
1.0982499999999999,0.002960205078125,0.0017149987755107831,0.0012452063026142169
1.0983750000000001,3.0517578125e-05,0.0009156659054061528,-0.0008851483272811528
1.0985,0.0025634765625,-2.6310539668819463e-05,0.0025897871021688195
1.098625,-0.0010986328125,-0.00096745194387569703,-0.00013118086862430297
1.0987499999999999,-0.000732421875,-0.0017645503882613698,0.0010321285132613698
1.098875,-0.00445556640625,-0.0022964596086735832,-0.0021591067975764168
1.099,-0.0013427734375,-0.0024825071282014188,0.0011397336907014188
1.0991249999999999,-0.0018310546875,-0.0022947292650095444,0.00046367457750954438
1.0992500000000001,-0.00250244140625,-0.0017620734596994804,-0.00074036794655051963
1.099375,-0.00201416015625,-0.00096593651651830537,-0.0010482236397316947
1.0994999999999999,0.001434326171875,-2.7726355183141733e-05,0.0014620525270581416
1.0996250000000001,0.000579833984375,0.00090965207589198481,-0.00032981809151698481
1.09975,0.001922607421875,0.0017035634471378057,0.00021904397473719432
1.0998749999999999,0.001617431640625,0.0022333458787767062,-0.00061591423815170621
1.1000000000000001,0.0030517578125,0.0024186494552272775,0.00063310835727272254
1.100125,0.0045166015625,0.002231622312396772,0.002284979250103228
1.10025,0.003204345703125,0.0017010961612767027,0.0015032495418482973
1.1003750000000001,-0.000457763671875,0.00090814236692161811,-0.0013659060387966181
1.1005,0.00238037109375,-2.6316569321353045e-05,0.0024066876630713528
1.100625,0.000579833984375,-0.00095994707278787019,0.0015397810571628702
1.1007499999999999,-0.002105712890625,-0.0017506841139062704,-0.00035502877671872955
1.100875,-0.00146484375,-0.0022783482605370658,0.0008135045105370658
1.101,-0.002349853515625,-0.0024629108686945577,0.00011305735306955771
1.1011249999999999,-0.0023193359375,-0.0022766314449088249,-4.270449259117506e-05
1.1012500000000001,-0.00201416015625,-0.001748226433232741,-0.00026593372301725901
1.101375,-0.00274658203125,-0.00095844306070719254,-0.0017881389705428075
1.1014999999999999,0.001312255859375,-2.7720351113520696e-05,0.0013399762104885206
1.1016250000000001,0.0010986328125,0.00090217721011516311,0.00019645560238483689
1.10175,0.0028076171875,0.0016897526131671534,0.0011178645743328466
1.1018749999999999,0.000274658203125,0.0022153069445511402,-0.0019406487414261402
1.1020000000000001,0.00311279296875,0.0023991315473053916,0.00071366142144460836
1.102125,0.003570556640625,0.0022135968532443107,0.0013569597873806893
1.10225,0.002532958984375,0.0016873045003169367,0.00084565448405806332
1.1023750000000001,0.00103759765625,0.00090067887349916376,0.00013691878275083624
1.1025,0.0010986328125,-2.6322547916236524e-05,0.0011249553604162365
1.102625,-0.001190185546875,-0.00095250209235748411,-0.00023768345451751589
1.1027499999999999,-0.00262451171875,-0.0017369284986573424,-0.00088758322009265759
1.102875,-0.00238037109375,-0.0022603814506926756,-0.00011998964305732444
1.103,-0.003265380859375,-0.0024434709990850622,-0.00082190986028993782
1.1031249999999999,-0.00341796875,-0.002258678057381675,-0.001159290692618325
1.1032500000000001,-0.00286865234375,-0.0017344899164082985,-0.0011341624273417015
1.103375,-0.001922607421875,-0.0009510094098695381,-0.0009715980120054619
1.1034999999999999,0.00054931640625,-2.7714397885638163e-05,0.00057703080413563815
1.1036250000000001,0.00103759765625,0.00089476199554625871,0.00014283566070374129
1.10375,0.001190185546875,0.0016760519958634709,-0.00048586644898847091
1.1038749999999999,0.004058837890625,0.0021974119707157719,0.0018614259199092281
1.1040000000000001,0.00115966796875,0.0023797694039882585,-0.0012201014352382585
1.104125,0.0035400390625,0.0021957152491776117,0.0013443238133223883
1.10425,0.00152587890625,0.0016736229071404837,-0.00014774400089048365
1.1043750000000001,0.000823974609375,0.0008932749459215324,-6.93003365465324e-05
1.1045,0.0009765625,-2.6328475884382833e-05,0.0010028909758843828
1.104625,-0.00091552734375,-0.00094511652464283902,2.9589180892839015e-05
1.1047499999999999,-0.0013427734375,-0.001723282659405149,0.000380509221905149
1.1048750000000001,-0.001861572265625,-0.002242558025647158,0.00038098576002215797
1.105,-0.001708984375,-0.0024241862712878091,0.00071520189628780911
1.1051249999999999,-0.001007080078125,-0.0022408679497614723,0.0012337878716364723
1.1052500000000001,-0.001678466796875,-0.0017208630272764413,4.2396230401441299e-05
1.105375,-0.00048828125,-0.00094363508670321694,0.00045535383670321694
1.1054999999999999,0.000701904296875,-2.7708495070398037e-05,0.00072961279194539807
1.1056250000000001,0.00030517578125,0.00088740595615544266,-0.00058223017490544266
1.10575,0.002471923828125,0.0016624607156481811,0.00080946311247681894
1.1058749999999999,0.002471923828125,0.0021796598083893182,0.00029226401973568182
1.1060000000000001,0.00299072265625,0.0023605617821809621,0.0006301608740690379
1.106125,0.002532958984375,0.0021779763521379502,0.00035498263223704982
1.10625,0.003265380859375,0.0016600505033255398,0.0016053303560494602
1.1063750000000001,0.000152587890625,0.00088593010879608211,-0.00073334221817108211
1.1065,0.00042724609375,-2.6334353654162455e-05,0.00045358044740416247
1.106625,-3.0517578125e-05,-0.00093778989551632501,0.00090727231739132501
1.1067499999999999,-0.002227783203125,-0.0017097457200878593,-0.00051803748303714072
1.1068750000000001,-0.001190185546875,-0.0022248768411127586,0.0010346912942377586
1.107,-0.00299072265625,-0.0024050554471781406,-0.00058566720907185944
1.1071249999999999,-0.002410888671875,-0.0022231999785793754,-0.00018768869329562456
1.1072500000000001,-0.002838134765625,-0.0017073448909260731,-0.0011307898746989269
1.107375,0.000518798828125,-0.00093631961771845074,0.0014551184458434507
1.1074999999999999,-0.000518798828125,-2.7702642242314994e-05,-0.00049109618588268501
1.1076250000000001,-0.0001220703125,0.00088010861970870069,-0.0010021789322087007
1.10775,0.00286865234375,0.0016489778999621426,0.0012196744437878574
1.1078749999999999,0.0035400390625,0.0021620493178591822,0.0013779897446408178
1.1080000000000001,0.0029296875,0.0023415074487092326,0.00058818005129076742
1.108125,0.00384521484375,0.002160379023228865,0.001684835820521135
1.10825,-0.000244140625,0.0016465864174584485,-0.0018907270424584485
1.1083750000000001,0.000244140625,0.0008786438905242595,-0.0006345032655242595
1.1085,0.000579833984375,-2.6340181647090905e-05,0.00060617416602209095
1.108625,-0.0003662109375,-0.00093052173463398149,0.00056431079713398149
1.1087499999999999,-0.000457763671875,-0.0016963168116350138,0.0012385531397600138
1.1088750000000001,-0.0029296875,-0.002207336761933749,-0.00072235073806625099
1.109,-0.00225830078125,-0.0023860772985123749,0.00012777651726237488
1.1091249999999999,-0.00091552734375,-0.0022056730094926046,0.0012901456657426046
1.1092500000000001,-0.00164794921875,-0.0016939346394285444,4.5985420678544423e-05
1.109375,-0.003173828125,-0.0009290625332013479,-0.0022447655917986519
1.1094999999999999,-0.00054931640625,-2.769683897948419e-05,-0.00052161956727051579
1.1096250000000001,0.001068115234375,0.00087286951774357433,0.00019524571663142567
1.10975,0.001983642578125,0.0016356026832096259,0.00034803989491537408
1.1098749999999999,0.0013427734375,0.0021445793685082892,-0.00080180593100828918
1.1100000000000001,0.000885009765625,0.0023226051802402647,-0.0014375954146152647
1.110125,0.00262451171875,0.0021429221326430452,0.00048158958610695479
1.11025,0.0020751953125,0.0016332297850808585,0.00044196552741914146
1.1103749999999999,0.000152587890625,0.00087141582327230824,-0.00071882793264730824
1.1105,0.00115966796875,-2.6345960284386367e-05,0.0011860139290343864
1.110625,-0.00103759765625,-0.00092331157540530631,-0.00011428608084469369
1.1107499999999999,-0.0013427734375,-0.0016829950719117234,0.00034022163441172338
1.1108750000000001,-0.001678466796875,-0.0021899366620135568,0.00051146986513855679
1.111,-0.0028076171875,-0.0023672506068489548,-0.00044036658065104524
1.1111249999999999,-0.002044677734375,-0.0021882859172111806,0.00014360818283618059
1.1112500000000001,-0.002166748046875,-0.0016806314117819288,-0.00048611663509307121
1.111375,-0.00128173828125,-0.00092186336718778959,-0.00035987491406221041
1.1114999999999999,3.0517578125e-05,-2.7691084862489119e-05,5.8208662987489123e-05
1.1116250000000001,0.0009765625,0.00086568818553504098,0.00011087431446495902
1.11175,0.0001220703125,0.0016223342067034976,-0.0015002638942034976
1.1118749999999999,0.00213623046875,0.0021272488387424925,8.9816300075074539e-06
1.1120000000000001,0.00128173828125,0.0023038537632041872,-0.0010221154819541872
1.112125,0.003143310546875,0.002125604559589787,0.001017705987285213
1.11225,0.00042724609375,0.0016199797486334453,-0.0011927336548834453
1.1123749999999999,0.0010986328125,0.00086424544293727391,0.00023438736956272609
1.1125,-0.000640869140625,-2.6351689982639233e-05,-0.00061451745064236075
1.112625,-0.002655029296875,-0.00091615895496427685,-0.0017388703419107233
1.1127499999999999,-0.002471923828125,-0.0016697796456633235,-0.00080214418246167649
1.1128750000000001,-0.00128173828125,-0.0021726754242428702,0.00089093714299287021
1.113,-0.00396728515625,-0.0023485741634702135,-0.0016187109927797865
1.1131249999999999,-0.003204345703125,-0.0021710375854256882,-0.0010333081176993118
1.1132500000000001,-0.002777099609375,-0.0016674343538557359,-0.0011096652555192641
1.113375,-0.00250244140625,-0.00091472165743249913,-0.0015877197488175009
1.1134999999999999,3.0517578125e-05,-2.7685379478628635e-05,5.8202957603628632e-05
1.1136250000000001,0.001800537109375,0.0008585641620666956,0.0009419729473083044
1.11375,0.0020751953125,0.0016091716186070796,0.00046602369389292042
1.1138749999999999,0.0040283203125,0.0021100566159185756,0.0019182636965814244
1.1140000000000001,0.003326416015625,0.0022852519937161414,0.0010411640219088586
1.114125,0.00164794921875,0.0021084251922230401,-0.00046047597347304015
1.11425,0.000732421875,0.0016068354574008473,-0.00087441358240084727
1.1143749999999999,0.001495361328125,0.00085713228912315015,0.00063822903900184985
1.1145,0.00042724609375,-2.6357371154934073e-05,0.00045360346490493406
1.114625,-0.001312255859375,-0.00090906341413572007,-0.00040319244523927993
1.1147499999999999,-0.00286865234375,-0.0016566696844604685,-0.0012119826592895315
1.1148750000000001,-0.001617431640625,-0.0021555519404262936,0.0005381202998012936
1.115,-0.0029296875,-0.0023300467693047771,-0.00059964073069522289
1.1151249999999999,-0.002685546875,-0.0021539269067355933,-0.00053161996826440669
1.1152500000000001,-0.001953125,-0.0016543426183360812,-0.00029878238166391883
1.115375,-0.00238037109375,-0.00090763694537935962,-0.0014727341483706403
1.1154999999999999,-0.00048828125,-2.7679722415489409e-05,-0.00046060152758451057
1.1156250000000001,-0.000213623046875,0.00085149699000115211,-0.001065120036876152
1.11575,0.000732421875,0.0015961140738839884,-0.00086369219888398838
1.115875,0.002410888671875,0.0020930015962728056,0.00031788707560219441
1.1160000000000001,0.001220703125,0.0022667986774989918,-0.0010460955524989918
1.116125,0.00177001953125,0.0020913829275700192,-0.00032136339632001919
1.11625,0.0015869140625,0.0015937960674570503,-6.8820049570503337e-06
1.1163749999999999,-0.000274658203125,0.00085007590510734524,-0.0011247341082323452
1.1165,0.000762939453125,-2.636300421087906e-05,0.0007893024573358791
1.116625,-0.001617431640625,-0.00090202449741172224,-0.00071540714321327776
1.1167499999999999,-0.00115966796875,-0.0016436643466446576,0.00048399637789465762
1.1168750000000001,-0.00311279296875,-0.0021385651112136453,-0.00097422785753635468
1.117,-0.001953125,-0.0023116672348505794,0.00035854223485057941
1.1171249999999999,-0.00341796875,-0.0021369527825781565,-0.0012810159674218435
1.1172500000000001,-0.002349853515625,-0.0016413553646712751,-0.00070849815095372489
1.117375,-0.001373291015625,-0.00090060877613197434,-0.00047268223949302566
1.1174999999999999,-0.00115966796875,-2.76741132651905e-05,-0.0011319938554848095
1.1176250000000001,-0.000396728515625,0.0008444862156506875,-0.0012412147312756876
1.11775,0.003173828125,0.001583160734240857,0.001590667390759143
1.117875,0.0018310546875,0.0020760826848504801,-0.00024502799735048007
1.1180000000000001,0.0020751953125,0.0022484926298066499,-0.00017329731730664991
1.118125,0.002960205078125,0.0020744766714603908,0.00088572840666460923
1.11825,0.001678466796875,0.0015808607416112027,9.7606055263797309e-05
1.1183749999999999,0.00177001953125,0.00084307583781235203,0.00092694369343764797
1.1185,-0.000518798828125,-2.6368589556635145e-05,-0.00049243023856836491
1.118625,-0.0003662109375,-0.0008950417529184528,0.0005288308154184528
1.1187499999999999,-0.001495361328125,-0.001630762797274936,0.00013540146914993597
1.1188750000000001,-0.00189208984375,-0.0021217138460277373,0.00022962400227773735
1.119,-0.002655029296875,-0.0022934343800984965,-0.00036159491677650347
1.1191249999999999,-0.002044677734375,-0.0021201141231578903,7.5436388782890336e-05
1.1192500000000001,-0.001556396484375,-0.0016284717590178638,7.2075274642863793e-05
1.119375,-0.000885009765625,-0.00089363669842445418,8.6269327994541829e-06
1.1194999999999999,0.002410888671875,-2.7668551623283709e-05,0.0024385572234982837
1.1196250000000001,0.00250244140625,0.00083753138894811306,0.0016649100173018868
1.11975,0.000823974609375,0.0015703107680742796,-0.00074633615869927963
1.119875,0.002197265625,0.0020592987954340318,0.00013796682956596822
1.1200000000000001,0.003082275390625,0.0022303326753480117,0.00085194271527698831
1.120125,0.000823974609375,0.0020577053384556341,-0.0012337307290806341
1.12025,0.00177001953125,0.0015680286493538608,0.00020199088189613921
1.1203749999999999,0.000396728515625,0.00083613163777665868,-0.00043940312215165868
1.1205000000000001,0.0003662109375,-2.6374127594944994e-05,0.00039258506509494499
1.120625,-0.000885009765625,-0.00088811473238814304,3.1049667631430399e-06
1.1207499999999999,-0.001617431640625,-0.0016179642080713615,5.3256744636152008e-07
1.1208750000000001,-0.00494384765625,-0.0021049970629947799,-0.0028388505932552201
1.121,-0.0018310546875,-0.0022753470344565791,0.00044429234695657913
1.1211249999999999,-0.00146484375,-0.0021034098473766008,0.00063856609737660084
1.1212500000000001,-0.001708984375,-0.0016156909741863632,-9.3293400813636773e-05
1.121375,-0.0032958984375,-0.00088672026459244737,-0.0024091781729075525
1.1214999999999999,0.0003662109375,-2.766303708872474e-05,0.00039387397458872476
1.1216250000000001,0.000152587890625,0.00083063206341788475,-0.00067804417279288475
1.12175,-0.000152587890625,0.0015575633504174172,-0.0017101512410424172
1.121875,0.00140380859375,0.0020426488504756805,-0.00063884025672568054
1.1220000000000001,0.00408935546875,0.0022123176482115011,0.0018770378205384989
1.122125,0.00048828125,0.0020410678517809211,-0.0015527866017809211
1.12225,0.0028076171875,0.00155529896680367,0.00125231822069633
1.1223749999999999,0.000335693359375,0.00082924285912588588,-0.00049354949975088588
1.1225000000000001,-9.1552734375e-05,-2.6379618725161674e-05,-6.5173115649838333e-05
1.122625,-3.0517578125e-05,-0.0008812429911303067,0.0008507254130053067
1.1227499999999999,-0.003082275390625,-0.0016052677573662299,-0.0014770076332587701
1.1228750000000001,-0.0006103515625,-0.0020884136888749136,0.0014780621263749136
1.123,0.0001220703125,-0.002257404036674909,0.002379474349174909
1.1231249999999999,-0.001983642578125,-0.0020868388827639684,0.00010319630463896841
1.1232500000000001,-0.00213623046875,-0.0016030121895910503,-0.00053321827915894966
1.123375,-0.00164794921875,-0.00087985903054439219,-0.00076809018820560781
1.1234999999999999,0.00091552734375,-2.7657569263844637e-05,0.00094318491301384466
1.1236250000000001,-9.1552734375e-05,0.00082378779614743875,-0.00091534053052243875
1.12375,0.001922607421875,0.0015449176628870383,0.00037768975898796174
1.123875,0.00225830078125,0.0020261317810266644,0.00023216900022333562
1.1240000000000001,0.002655029296875,0.0021944463917902136,0.00046058290508478638
1.124125,0.00347900390625,0.002024563143253623,0.001454440762996377
1.12425,0.000457763671875,0.0015426708766544651,-0.0010849072047794651
1.1243749999999999,0.001617431640625,0.00082240905954416134,0.00079502258108083866
1.1245000000000001,0.00048828125,-2.6385063343277108e-05,0.0005146663133432771
1.124625,-0.0023193359375,-0.00087442608800319455,-0.0014449098494968054
1.1247499999999999,0.000640869140625,-0.0015926726300483829,0.0022335417706733831
1.1248750000000001,-0.000396728515625,-0.0020719626589933132,0.0016752341433683132
1.125,-0.001800537109375,-0.0022396042347710339,0.00043906712539603385
1.1251249999999999,-0.001190185546875,-0.0020704001654083151,0.0008802146185333151
1.1252500000000001,-0.001556396484375,-0.0015904345911929223,3.4038106817922253e-05
1.125375,-0.000732421875,-0.00087305255573300435,0.00014063068073300435
1.1254999999999999,-6.103515625e-05,-2.7652147754321452e-05,-3.3383008495678548e-05
1.1256250000000001,0.001556396484375,0.00081699814775875834,0.00073939833661624166
1.12575,0.00048828125,0.001532372893630978,-0.001044091643630978
1.125875,0.003570556640625,0.0020097465266690029,0.0015608101139559971
1.1259999999999999,0.0029296875,0.0021767177587076656,0.00075296974129233441
1.126125,0.002838134765625,0.0020081901532163051,0.00082994461240869493
1.12625,0.00177001953125,0.0015301435681220894,0.00023987596312791061
1.1263749999999999,-0.00030517578125,0.00081562980024571768,-0.0011208055814957178
1.1265000000000001,-0.00030517578125,-2.6390461842950429e-05,-0.00027878531940704956
1.126625,0.000946044921875,-0.00086766358538547259,0.0018137085072604726
1.1267499999999999,-0.001800537109375,-0.0015801780175116176,-0.0002203590918633824
1.1268750000000001,-0.001983642578125,-0.0020556429171718258,7.2000339046825786e-05
1.127,-0.004913330078125,-0.0022219464859560166,-0.0026913835921689834
1.1271249999999999,-0.00286865234375,-0.0020540926398898325,-0.00081455970386016749
1.1272500000000001,-0.000152587890625,-0.0015779573714503399,0.0014253694808253399
1.127375,0.000152587890625,-0.00086630040312606971,0.0010188882937510698
1.1274999999999999,0.001739501953125,-2.7646772169152145e-05,0.0017671487252941521
1.1276250000000001,-0.00042724609375,0.00081026268238108975,-0.0012375087761310897
1.12775,0.002197265625,0.0015199282372760157,0.00067733738772398429
1.127875,0.00341796875,0.0019934920354474257,0.0014244767145525743
1.1279999999999999,0.0025634765625,0.0021591306107441172,0.00040434595175588284
1.128125,0.00341796875,0.0019919478304683044,0.0014260209195316956
1.12825,0.001190185546875,0.001517716236895172,-0.000327530690020172
1.1283749999999999,0.002044677734375,0.00080890464594671955,0.0012357730884282804
1.1285000000000001,0.0001220703125,-2.6395814611527421e-05,0.00014846612711152742
1.128625,-3.0517578125e-05,-0.00086095504914812963,0.00083043747102312963
1.1287499999999999,-0.002166748046875,-0.0015677831176027709,-0.00059896492927222905
1.1288750000000001,-0.001922607421875,-0.0020394534156611744,0.00011684599378617442
1.129,-0.00250244140625,-0.0022044296565610568,-0.00029801174968894324
1.1291249999999999,-0.003021240234375,-0.0020379152592105072,-0.00098332497516449282
1.1292500000000001,-0.00286865234375,-0.0015655797292664516,-0.0013030726144835484
1.129375,-0.000244140625,-0.00085960213918207168,0.00061546151418207168
1.1294999999999999,0.0006103515625,-2.7641442120624747e-05,0.00063799300462062474
1.1296250000000001,0.000457763671875,0.00080358096761926968,-0.00034581729574426968
1.12975,0.001617431640625,0.0015075828948761733,0.00010984874574882669
1.129875,0.00286865234375,0.0019773672638018257,0.00089128507994817429
1.1299999999999999,0.0023193359375,0.0021416838187635124,0.00017765211873648759
1.130125,0.0023193359375,0.0019758351321982285,0.0003435008053017715
1.13025,0.001953125,0.0015053880850792289,0.0004477369149207711
1.1303749999999999,0.00079345703125,0.0008022331648373139,-8.7761335873138982e-06
1.1305000000000001,-0.00201416015625,-2.6401122036093094e-05,-0.0019877590342139068
1.130625,-0.000244140625,-0.00085430004862660665,0.00061015942362660665
1.1307499999999999,3.0517578125e-05,-0.0015554871345702245,0.0015860047126952245
1.1308750000000001,-0.001983642578125,-0.0020233931150736794,3.9750536948679385e-05
1.131,-0.002685546875,-0.0021870526219647107,-0.00049849425303528927
1.1311249999999999,-0.0015869140625,-0.0020218669847284496,0.00043495292222844959
1.1312500000000001,-0.000579833984375,-0.0015533008699377578,0.00097346688556275776
1.131375,-0.000457763671875,-0.00085295733381681165,0.00039519366194181165
1.1315,6.103515625e-05,-2.7636157224290693e-05,8.8671313474290693e-05
1.1316250000000001,0.001434326171875,0.00079695257453151261,0.00063737359734348739
1.13175,0.0001220703125,0.0014953360738614177,-0.0013732657613614177
1.131875,0.00286865234375,0.0019613711765002701,0.00090728116724972992
1.1319999999999999,0.00146484375,0.0021243762626409731,-0.00065953251264097307
1.132125,0.00250244140625,0.0019598510239170141,0.00054259038233298593
1.13225,0.0018310546875,0.0014931583211482773,0.00033789636635172269
1.1323749999999999,0.00225830078125,0.00079561492855300363,0.0014626858526969964
1.1325000000000001,-0.00054931640625,-2.6406384499474571e-05,-0.00052291002175052545
1.132625,-0.000152587890625,-0.00084769815659405351,0.00069511026596905351
1.1327499999999999,-0.0008544921875,-0.0015432892790128144,0.00068879709151281436
1.1328750000000001,-0.002227783203125,-0.0020074609843165341,-0.00022032221880846593
1.133,-0.004150390625,-0.0021698142665206917,-0.0019805763584793083
1.1331249999999999,-0.00140380859375,-0.002005946786090815,0.00060213819234081504
1.1332500000000001,-0.0003662109375,-0.0015411200051030892,0.0011749090676030892
1.133375,0.000762939453125,-0.00084636556037949342,0.0016093050135044934
1.1335,-0.0008544921875,-2.7630917097964988e-05,-0.00082686127040203499
1.1336250000000001,0.001129150390625,0.00079037707759816919,0.00033877331302683081
1.13375,0.0006103515625,0.0014831869879874723,-0.00087283542548747227
1.133875,0.000152587890625,0.0019455027465725317,-0.0017929148559475317
1.1339999999999999,0.0029296875,0.0021072068311908925,0.00082248066880910749
1.134125,0.0013427734375,0.0019439944793915023,-0.00060122104189150229
1.13425,0.002227783203125,0.0014810261598933057,0.00074675704323169429
1.1343749999999999,0.00152587890625,0.00078904951215075833,0.00073682939409924167
1.1345000000000001,0.00048828125,-2.6411602381276565e-05,0.00051469285238127653
1.134625,-0.00201416015625,-0.00084114894923028487,-0.001173011207019715
1.1347499999999999,-0.00103759765625,-0.0015311887678291524,0.00049359111157915242
1.1348750000000001,-0.003021240234375,-0.0019916560005259791,-0.0010295842338490209
1.135,-0.002227783203125,-0.0021527134834862347,-7.5069719638765336e-05
1.1351249999999999,-0.003082275390625,-0.0019901536411676608,-0.0010921217494573392
1.1352500000000001,-0.002471923828125,-0.0015290363526929873,-0.00094288747543201266
1.135375,-0.000335693359375,-0.00083982639562440672,0.00050413303624940672
1.1355,-0.001861572265625,-2.7625721365596699e-05,-0.0018339465442594033
1.1356250000000001,0.001708984375,0.00078385405469533968,0.00092513032030466032
1.13575,0.00146484375,0.0014711348572825787,-6.2911072825787197e-06
1.135875,0.00250244140625,0.0019297609552441585,0.0005726804510058415
1.1359999999999999,0.00213623046875,0.0020901744220955878,4.6056046654412153e-05
1.1361250000000001,0.002716064453125,0.001928264480578556,0.00078779997254644404
1.13625,0.001708984375,0.0014689908223718586,0.00023999355262814136
1.1363749999999999,0.001312255859375,0.00078253649407629302,0.00052971936529870698
1.1365000000000001,-0.0008544921875,-2.6416776057908402e-05,-0.00082807541144209161
1.136625,-0.0018310546875,-0.00083465200610000794,-0.00099640268139999195
1.1367499999999999,-0.0008544921875,-0.001519184824167354,0.00066469263666735397
1.1368750000000001,-0.00225830078125,-0.0019759771490001437,-0.00028232363224985632
1.137,-0.002593994140625,-0.0021357491749510486,-0.00045824496567395141
1.1371249999999999,-0.001220703125,-0.0019744865359863114,0.00075378341098631145
1.1372500000000001,-0.00042724609375,-0.0015170491368794964,0.0010898030431294964
1.137375,-0.0013427734375,-0.00083333941968374663,-0.00050943401781625337
1.1375,-0.000732421875,-2.7620569651383796e-05,-0.0007048013053486162
1.1376250000000001,0.000732421875,0.00077738308706777148,-4.4961212067771484e-05
1.13775,0.001312255859375,0.0014591789080015674,-0.00014692304862656737
1.137875,0.0028076171875,0.0019141447918710644,0.00089347239562893562
1.1379999999999999,0.002349853515625,0.0020732779418345349,0.00027657557379046505
1.1381250000000001,-0.0003662109375,0.0019126600175596931,-0.0022788709550596933
1.13825,0.000762939453125,0.0014570515358580227,-0.00069411208273302267
1.1383749999999999,0.002593994140625,0.00077607545614063491,0.001817918684484365
1.1385000000000001,0.000518798828125,-2.6421905902610881e-05,0.00054522073402761084
1.138625,0.00018310546875,-0.00082820691012220162,0.0010113123788722017
1.1387499999999999,0.000152587890625,-0.00150727667737516,0.00165986456800016
1.1388750000000001,-0.002044677734375,-0.0019604234231361379,-8.4254311238862126e-05
1.139,-0.00250244140625,-0.0021189202517668221,-0.00038352115448317793
1.1391249999999999,-0.002716064453125,-0.0019589444646662701,-0.00075711998845872991
1.1392500000000001,-0.002349853515625,-0.0015051575880263455,-0.00084469592759865448
1.139375,-0.00177001953125,-0.00082690421604065731,-0.00094311531520934269
1.1395,-0.000823974609375,-2.7615461583659775e-05,-0.00079635914779134021
1.1396250000000001,0.000274658203125,0.00077096375930198083,-0.00049630555617698083
1.13975,0.0008544921875,0.0014473183725734146,-0.00059282618507341457
1.139875,0.002288818359375,0.0018986532538750117,0.00039016510549998835
1.1399999999999999,0.003662109375,0.0020565163056141568,0.0016055930693858432
1.1401250000000001,0.002410888671875,0.0018971800884762496,0.00051370858339875041
1.14025,0.001800537109375,0.0014452075337928194,0.00035532957558218059
1.1403749999999999,0.00177001953125,0.00076966598349235895,0.0010003535477576412
1.1405000000000001,-0.00213623046875,-2.6426992285482844e-05,-0.0021098034764645171
1.140625,-0.002593994140625,-0.00082181324754424976,-0.0017721808930807503
1.1407499999999999,-0.000396728515625,-0.0014954635629511324,0.0010987350473261324
1.1408750000000001,-0.00274658203125,-0.0019449938243639297,-0.00080158820688607034
1.141,-0.000457763671875,-0.0021022256334773028,0.0016444619616023028
1.1411249999999999,-0.002685546875,-0.0019435264293546264,-0.0007420204456453736
1.1412500000000001,-0.0009765625,-0.0014933609426388745,0.00051679844263887451
1.141375,0.0001220703125,-0.00082052037150248712,0.00094259068400248712
1.1415,0,-2.7610396793886856e-05,2.7610396793886856e-05
1.1416249999999999,-0.001068115234375,0.00076459565929871129,-0.0018327108936737114
1.14175,-0.0018310546875,0.0014355524895526607,-0.0032666071770526607
1.141875,0.0025634765625,0.001883285346677786,0.00068019121582221396
1.1419999999999999,0.001495361328125,0.0020398884372981791,-0.00054452710917317912
1.1421250000000001,0.000732421875,0.0018818236994646979,-0.0011494018244646979
1.14225,0.0003662109375,0.0014334580557349823,-0.0010672471182349823
1.1423749999999999,-3.0517578125e-05,0.00076330766459095482,-0.00079382524271595482
1.1425000000000001,-0.001007080078125,-2.6432035573507566e-05,-0.00098064804255149247
1.142625,0.0001220703125,-0.00081547060791538231,0.00093754092041538231
1.1427499999999999,-0.001861572265625,-0.0014837447224928921,-0.00037782754313210793
1.1428750000000001,-0.00140380859375,-0.0019296873620826159,0.00052587876833261587
1.143,-0.0010986328125,-0.0020856642482489237,0.00098703143574892368
1.1431249999999999,-0.001190185546875,-0.0019282314401620007,0.00073804589328700068
1.1432500000000001,-0.004150390625,-0.0014816584433176791,-0.0026687321816823211
1.143375,-0.00128173828125,-0.00081418747617425916,-0.00046755080507574084
1.1435,-0.00238037109375,-2.7605374916629718e-05,-0.0023527657188333701
1.1436249999999999,0.001739501953125,0.00075827837824996535,0.00098122357487503455
1.14375,0.0003662109375,0.001423880503570521,-0.001057669566070521
1.143875,0.0020751953125,0.0018680400836395281,0.00020715522886047191
1.1439999999999999,0.001129150390625,0.0020233932693385429,-0.00089424287871354285
1.1441250000000001,0.002410888671875,0.0018665898645942754,0.00054429880728072461
1.14425,0.000701904296875,0.0014218023473121372,-0.00071989805043713717
1.1443749999999999,0.002105712890625,0.00075700009118039805,0.0013487127994446018
1.1445000000000001,0.0006103515625,-2.6437036130578921e-05,0.00063678859863057892
1.144625,-0.001007080078125,-0.00080917858406032172,-0.00019790149406467828
1.1447499999999999,-0.0028076171875,-0.0014721194036524594,-0.0013354977838475406
1.1448750000000001,-0.002166748046875,-0.0019145030535968181,-0.00025224499327818192
1.145,-0.002471923828125,-0.0020692350328019959,-0.00040268879532300407
1.1451249999999999,-0.00164794921875,-0.0019130585150989806,0.00026510929634898065
1.1452500000000001,0.00048828125,-0.0014700493387059717,0.0019583305887059714
1.145375,0.000213623046875,-0.00080790512343235118,0.0010215281703073512
1.1455,0.001251220703125,-2.7600395589529463e-05,0.0012788210987145295
1.1456249999999999,-0.00091552734375,0.00075201151060752254,-0.0016675388543575225
1.14575,0.002349853515625,0.0014123016652863945,0.00093755185033860553
1.145875,0.0025634765625,0.001852916485993937,0.00071056007650606304
1.1459999999999999,0.0032958984375,0.00200702974270686,0.00128886869479314
1.1461250000000001,0.002593994140625,0.0018514776058015231,0.00074251653482347688
1.14625,0.001220703125,0.0014102396601723658,-0.00018953653517236576
1.1463749999999999,0.00054931640625,0.00075074285826294237,-0.00020142645201294237
1.1465000000000001,-0.000274658203125,-2.6441994317527301e-05,-0.00024821620880747272
1.146625,-0.000213623046875,-0.00080293677205314795,0.00058931372517814795
1.1467499999999999,-0.001556396484375,-0.0014605868600852587,-9.5809624289741298e-05
1.1468750000000001,-3.0517578125e-05,-0.0018994399240535981,0.0018689223459285981
1.147,-0.00262451171875,-0.0020529369323424355,-0.00057157478640756454
1.147125,-0.002044677734375,-0.0018980066800127306,-0.00014667105436226937
1.1472500000000001,-0.002044677734375,-0.0014585328834440206,-0.00058614485093097936
1.147375,0,-0.00080167290989838799,0.00080167290989838799
1.1475,0.0003662109375,-2.7595458453277771e-05,0.00039380639595327778
1.1476249999999999,0.00311279296875,0.00074579465406040266,0.0023669983146895972
1.14775,0.00286865234375,0.0014008152313397556,0.0014678371124102444
1.147875,0.002593994140625,0.0018379135827857873,0.00075608055783921266
1.1479999999999999,0.002899169921875,0.0019907968068264251,0.00090837311504857491
1.1481250000000001,0.001708984375,0.0018364859528289318,-0.00012750157782893175
1.14825,0.002105712890625,0.0013987692519355117,0.00070694363868948826
1.1483749999999999,0.000823974609375,0.00074453556407310956,7.9439045301890436e-05
1.1485000000000001,0,-2.6446910493061111e-05,2.6446910493061111e-05
1.148625,-0.001434326171875,-0.00079674477119136516,-0.00063758140068363484
1.1487499999999999,-0.001312255859375,-0.0014491463514028824,0.00013689049202788238
1.1488750000000001,-0.003814697265625,-0.0018844970063798643,-0.0019302002592451357
1.149,-0.002716064453125,-0.0020367689004940522,-0.00067929555263094785
1.149125,-0.001739501953125,-0.0018830749685258539,0.00014357301540085391
1.1492500000000001,-0.0003662109375,-0.0014471083381206221,0.0010808974006206221
1.149375,-0.00140380859375,-0.00079549043541249907,-0.00060831815833750093
1.1495,3.0517578125e-05,-2.7590563151591296e-05,5.8108141276591296e-05
1.1496249999999999,0.00018310546875,0.00073962740950816368,-0.00055652194075816368
1.14975,0.000335693359375,0.0013894204643024296,-0.0010537271049274296
1.149875,0.00146484375,0.0018230304108086044,-0.00035818666080860437
1.1499999999999999,0.002899169921875,0.001974693419504763,0.00092447650237023702
1.1501250000000001,0.001129150390625,0.0018216139431622908,-0.00069246355253729081
1.15025,0.001312255859375,0.0013873903861481103,-7.5134526773110296e-05
1.1503749999999999,0.000732421875,0.00073837781005189809,-5.9559350518980855e-06
1.1505000000000001,-0.0006103515625,-2.6451785010121914e-05,-0.00058389977748987806
1.150625,0.00054931640625,-0.00079060218397017888,0.001339918590220179
1.1507499999999999,-0.0023193359375,-0.0014377971431255542,-0.00088153879437444585
1.1508750000000001,-0.0020751953125,-0.0018696733412202928,-0.00020552197127970723
1.151,-0.003448486328125,-0.0020207298992313614,-0.0014277564288936386
1.151125,-0.002716064453125,-0.0018682624219722263,-0.00084780203115277365
1.1512500000000001,-0.00103759765625,-0.0014357749692256302,0.00039817731297563021
1.151375,-0.000152587890625,-0.00078935730301100189,0.00063676941238600189
1.1515,-0.00042724609375,-2.7585709331186271e-05,-0.00039966038441881371
1.1516249999999999,0.00067138671875,0.00073350938103527909,-6.2122662285279094e-05
1.1517500000000001,0.002899169921875,0.0013781166326312499,0.0015210532892437501
1.151875,-6.103515625e-05,0.001808266014542812,-0.001869301170792812
1.1519999999999999,0.0009765625,0.0019587185468667215,-0.00098215604686672153
1.1521250000000001,0.00201416015625,0.0018068606219688887,0.0002072995342811113
1.15225,0.001739501953125,0.0013761023322322052,0.00036339962089279479
1.1523749999999999,0.001007080078125,0.00073226920082118804,0.00027481087730381196
1.1525000000000001,0.0010986328125,-2.6456618221426277e-05,0.0011250894307214263
1.152625,-0.000152587890625,-0.00078450861605697741,0.00063192072543197741
1.1527499999999999,-0.001251220703125,-0.0014265385066349761,0.00017531780350997614
1.1528750000000001,-0.003021240234375,-0.0018549679768757269,-0.0011662722574992731
1.153,-0.002349853515625,-0.0020048188988129449,-0.00034503461681205513
1.153125,-0.001708984375,-0.0018535680893368692,0.00014458371433686916
1.1532500000000001,-0.00213623046875,-0.0014245320491028562,-0.00071169841964714383
1.153375,-0.00238037109375,-0.00078327311889583731,-0.0015970979748541627
1.1535,-0.001495361328125,-2.7580896641753318e-05,-0.0014677804314832466
1.1536249999999999,-0.00067138671875,0.00072744017588572362,-0.0013988268946357237
1.1537500000000001,0.00128173828125,0.0013669030106210941,-8.5164729371094107e-05
1.153875,0.0025634765625,0.0017936194460944001,0.00076985711640559988
1.1539999999999999,0.001983642578125,0.0019428711632880893,4.0771414836910692e-05
1.1541250000000001,0.0013427734375,0.0017922250420362119,-0.00044945160453621191
1.15425,0.00177001953125,0.0013649043654410452,0.00040511516580895484
1.1543749999999999,0.00091552734375,0.0007262093441575318,0.0001893179995924682
1.1545000000000001,-0.000396728515625,-2.646141047580576e-05,-0.00037026710514919423
1.154625,-0.0023193359375,-0.0007784636762668424,-0.0015408722612331575
1.1547499999999999,-0.0030517578125,-0.0014153697191275534,-0.0016363880933724466
1.1548750000000001,-0.001800537109375,-0.0018403799692420812,3.9842859867081186e-05
1.155,-0.00262451171875,-0.0019890348777153394,-0.00063547684103466059
1.155125,-0.002593994140625,-0.0018389910271945289,-0.00075500311343047115
1.1552500000000001,-0.00128173828125,-0.0014133788559033552,0.00013164057465335521
1.155375,-0.00030517578125,-0.00077723749241267472,0.00047206171116267472
1.1555,-0.0018310546875,-2.757612473504204e-05,-0.001803478562764958
1.1556249999999999,-0.001190185546875,0.0007214194044377571,-0.0019116049513127572
1.1557500000000001,-0.00054931640625,0.0013557788783589229,-0.0019050952846089229
1.155875,0.0018310546875,0.0017790897651340572,5.1964922365942785e-05
1.1559999999999999,0.001312255859375,0.0019271502513297538,-0.00061489439195475375
1.1561250000000001,0.000762939453125,0.0017777062637111269,-0.0010147668105861269
1.15625,0.001556396484375,0.0013537957668119033,0.00020260071756309666
1.1563749999999999,-0.001617431640625,0.00072019785097027938,-0.0023376294915952792
1.1565000000000001,0.000518798828125,-2.6466162119154913e-05,0.00054526499024415496
1.156625,-3.0517578125e-05,-0.00077246697653412849,0.00074194939840912849
1.1567499999999999,-0.0028076171875,-0.0014042900635679871,-0.0014033271239320129
1.1568750000000001,-0.0006103515625,-0.0018259083817500704,0.0012155568192500704
1.157,-0.001953125,-0.0019733768225674501,2.0251822567450128e-05
1.157125,-0.002593994140625,-0.0018245302996491117,-0.00076946384097588828
1.1572499999999999,-0.002410888671875,-0.0014023146735397019,-0.0010085739983352981
1.157375,-0.001007080078125,-0.0007712500360249813,-0.0002358300421000187
1.1575,0.000274658203125,-2.7571393268405103e-05,0.00030222959639340509
1.1576249999999999,0.001220703125,0.00071544668017891504,0.00050525644482108496
1.1577500000000001,0.00048828125,0.0013447435216750367,-0.00085646227167503674
1.157875,0.002655029296875,0.0017646760388368096,0.0008903532580381904
1.1579999999999999,0.00286865234375,0.0019115548016723732,0.00095709754207762678
1.1581250000000001,0.00128173828125,0.0017633033548395561,-0.00048156507358955609
1.15825,-0.001007080078125,0.0013427758231199121,-0.0023498559012449121
1.1583749999999999,0.000518798828125,0.00071423433527161885,-0.00019543550714661885
1.1585000000000001,-9.1552734375e-05,-2.6470873494455951e-05,-6.5081860880544052e-05
1.158625,0.001495361328125,-0.00076651813189252196,0.002261879460017522
1.1587499999999999,-0.001495361328125,-0.001393298828643245,-0.00010206249948175499
1.1588750000000001,-0.0015869140625,-0.0018115522853037135,0.00022463822280371351
1.159,-0.000885009765625,-0.0019578437280854924,0.0010728339624604924
1.159125,-0.000274658203125,-0.0018101849782735922,0.0015355267751485922
1.1592499999999999,-0.001708984375,-0.0013913387916375086,-0.00031764558336249142
1.159375,0,-0.0007653103652891371,0.0007653103652891371
1.1595,-0.002197265625,-2.7566701899409691e-05,-0.0021696989231005902
1.1596249999999999,0.001068115234375,0.00070952161968119314,0.00035859361469380686
1.1597500000000001,0.001739501953125,0.0013337962321010222,0.00040570572102397785
1.159875,0.001190185546875,0.0017503773418221238,-0.00056019179494712378
1.1599999999999999,0.000335693359375,0.0018960838130515827,-0.0015603904536765827
1.1601250000000001,0.000732421875,0.0017490153907066251,-0.0010165935157066251
1.16025,0.002166748046875,0.001331843826832272,0.00083490422004272799
1.1603749999999999,0.0006103515625,0.00070831841415511948,-9.7966851655119478e-05
1.1605000000000001,0.00146484375,-2.6475544941803179e-05,0.0014913192949418033
1.160625,-0.001190185546875,-0.00076061676044700776,-0.00042956878642799224
1.1607499999999999,-0.001251220703125,-0.0013823953087175073,0.00013117460559250731
1.1608750000000001,-0.001373291015625,-0.0017973107582227373,0.0004240197425977373
1.161,-0.001922607421875,-0.001942434597008446,1.9827175133445979e-05
1.161125,-0.001739501953125,-0.0017959541420504088,5.6452188925408759e-05
1.1612499999999999,-0.00177001953125,-0.0013804505054935828,-0.00038956902575641716
1.161375,-0.001434326171875,-0.00075941809882975198,-0.00067490807304524802
1.1615,-0.000762939453125,-2.7562050289396333e-05,-0.00073537740283560369
1.1616249999999999,-6.103515625e-05,0.0007036438425772378,-0.0007646789988272378
1.1617500000000001,0.00201416015625,0.0013229363068217315,0.00069122384942826853
1.161875,0.001556396484375,0.0017361927560948355,-0.00017979627171983551
1.1619999999999999,0.002838134765625,0.0018807362921937046,0.0009573984734312954
1.1621250000000001,0.002532958984375,0.0017348414539772982,0.00079811753039770177
1.16225,-0.000152587890625,0.0013209990760628279,-0.0014735869666878279
1.1623749999999999,-0.000274658203125,0.00070244970777030944,-0.00097710791089530933
1.1625000000000001,-0.000457763671875,-2.6480176798427275e-05,-0.0004312834950765727
1.162625,-0.00054931640625,-0.00075476248335018244,0.00020544607710018244
1.16275,-0.001312255859375,-0.0013715788037843969,5.932294440939693e-05
1.1628750000000001,-0.003082275390625,-0.0017831828861820281,-0.0012990925044429719
1.163,-0.00189208984375,-0.0019271484400340349,3.5058596284034873e-05
1.163125,-0.002899169921875,-0.001781836877312325,-0.001117333044562675
1.1632499999999999,-0.001922607421875,-0.0013696491160281679,-0.00055295830584683211
1.163375,-0.00244140625,-0.00075357285831517706,-0.0016878333916848229
1.1635,0.00018310546875,-2.7557438102557139e-05,0.00021066290685255713
1.1636249999999999,9.1552734375e-05,0.00069781297153270814,-0.00060626023715770814
1.1637500000000001,3.0517578125e-05,0.0013121630486307965,-0.0012816454705057965
1.163875,0.00201416015625,0.0017221213709848779,0.00029203878526512213
1.1639999999999999,0.002349853515625,0.0018655112537519808,0.00048434226187301917
1.1641250000000001,0.00299072265625,0.0017207806346371504,0.0012699420216128496
1.16425,0.00177001953125,0.0013102408745269986,0.00045977865672300138
1.1643749999999999,0.001678466796875,0.00069662783929829038,0.00098183895757670962
1.1645000000000001,-0.00054931640625,-2.6484769398719312e-05,-0.00052283163685128066
1.164625,0.000885009765625,-0.00074895492477793611,0.0016339646904029361
1.16475,-0.0040283203125,-0.0013608486194257509,-0.0026674716930742493
1.1648750000000001,-0.00201416015625,-0.0017691677621532824,-0.00024499239409671758
1.165,-0.0013427734375,-0.0019119842757552045,0.00056921083825520451
1.165125,-0.0013427734375,-0.0017678322776837781,0.0004250588401837781
1.1652499999999999,-0.0006103515625,-0.0013589339297406858,0.0007485823672406858
1.165375,-0.00091552734375,-0.00074777426843321434,-0.00016775307531678566
1.1655,0.00128173828125,-2.7552865005911883e-05,0.0013092911462559119
1.1656249999999999,-0.000579833984375,0.00069202863222688935,-0.0012718626166018892
1.1657500000000001,0.001495361328125,0.0013014757658858735,0.00019388556223912654
1.165875,0.001983642578125,0.0017081622830908156,0.00027548029503418441
1.1659999999999999,0.003326416015625,0.001850407720243313,0.001476008295381687
1.1661250000000001,0.001617431640625,0.0017068320299352595,-8.940038931025949e-05
1.16625,0.000152587890625,0.001299568531497078,-0.001146980640872078
1.1663749999999999,-0.00030517578125,0.00069085243492753902,-0.00099602821617753891
1.1665000000000001,0.000244140625,-2.6489323074254618e-05,0.00027062994807425461
1.166625,-0.001068115234375,-0.00074319371190532414,-0.00032492152246967586
1.16675,-0.001373291015625,-0.0013502040667645609,-2.3086948860439075e-05
1.1668750000000001,-0.002105712890625,-0.0017552644863467674,-0.00035044840427823258
1.167,-0.002197265625,-0.0018969411305971207,-0.00030032449440287935
1.167125,-0.0025634765625,-0.0017539394440226779,-0.00080953711847732207
1.1672499999999999,-0.00225830078125,-0.0013483042586652132,-0.0009099965225847868
1.1673750000000001,-0.000701904296875,-0.00074202195686701644,4.0117659992016438e-05
1.1675,-0.00054931640625,-2.7548330669284232e-05,-0.00052176807558071577
1.1676249999999999,-0.00030517578125,0.00068629045332543328,-0.00099146623457543317
1.1677500000000001,0.001495361328125,0.0012908737724642316,0.00020448755566076842
1.167875,0.0013427734375,0.0016943145962205141,-0.00035154115872051408
1.1679999999999999,0.0032958984375,0.0018354247219855005,0.0014604737155144995
1.1681250000000001,0.001617431640625,0.0016929947443242682,-7.5563103699268202e-05
1.16825,0.001373291015625,0.0012889813617578824,8.4309653867117645e-05
1.1683749999999999,0.00152587890625,0.00068512312382990818,0.00084075578242009182
1.1685000000000001,0.000396728515625,-2.6493838153816417e-05,0.00042322235377881642
1.168625,-0.00042724609375,-0.00073747847488263394,0.00031023238113263394
1.16875,-0.00152587890625,-0.0013396444624213647,-0.00018623444382863527
1.1688750000000001,-0.001617431640625,-0.0017414721661535573,0.00012404052552855726
1.169,-0.002532958984375,-0.0018820180387546577,-0.00065094094562034225
1.169125,0.00030517578125,-0.0017401574843623634,0.0020453332656123636
1.1692499999999999,-0.001434326171875,-0.0013377594203263093,-9.6566751548690655e-05
1.1693750000000001,-0.00152587890625,-0.00073631555427040396,-0.00078956335197959604
1.1695,0.0009765625,-2.7543834765278213e-05,0.0010041063347652783
1.1696249999999999,0.000823974609375,0.00068059806645732698,0.00014337654291767302
1.1697500000000001,0.00177001953125,0.0012803563877187107,0.00048966314353128928
1.169875,0.002899169921875,0.0016805774213339293,0.0012185925005410707
1.1699999999999999,0.001251220703125,0.0018205612970349917,-0.00056934059390999171
1.1701250000000001,0.001953125,0.0016792678894042056,0.00027385711059579442
1.17025,0.00067138671875,0.0012784786855621669,-0.00060709196681216692
1.1703749999999999,0.00146484375,0.0006794395381368143,0.0007854042118631857
1.1705000000000001,0,-2.6498314964257765e-05,2.6498314964257765e-05
1.170625,-0.00067138671875,-0.00073180884681164102,6.0422128061641016e-05
1.17075,-0.0025634765625,-0.0013291691284703778,-0.0012343074340296222
1.1708750000000001,-0.001190185546875,-0.001727789916088225,0.000537604369213225
1.171,-0.002044677734375,-0.0018672140421303928,-0.00017746369224460722
1.171125,-0.001068115234375,-0.0017264855138556228,0.00065837027948062281
1.1712499999999999,-0.00079345703125,-0.001327298737695199,0.00053384170644519896
1.1713750000000001,-0.00140380859375,-0.00073065469424727009,-0.00067315389950272991
1.1715,0.0025634765625,-2.7539376969254862e-05,0.0025910159394692549
1.1716249999999999,0.001220703125,0.00067495110619124712,0.00054575201880875288
1.1717500000000001,0.00067138671875,0.001269922936434019,-0.00059853621768401902
1.171875,0.001953125,0.0016669498764860381,0.00028617512351396192
1.1719999999999999,0.002685546875,0.0018058164911251176,0.00087973038387488241
1.1721250000000001,0.001678466796875,0.0016656505838651223,1.2816213009877661e-05
1.17225,0.001678466796875,0.0012680598285893568,0.00041040696828564317
1.1723749999999999,0.000885009765625,0.00067380131291561998,0.00021120845270938002
1.1725000000000001,-0.00262451171875,-2.6502753827164127e-05,-0.0025980089649228358
1.172625,-0.001800537109375,-0.00072618446372205755,-0.0010743526456529423
1.17275,-0.001861572265625,-0.0013187773923959672,-0.00054279487322903279
1.1728749999999999,0.000640869140625,-0.0017142168577316749,0.0023550859983566749
1.173,-0.0028076171875,-0.0018525281902730985,-0.00095508899722690152
1.173125,-0.001251220703125,-0.001712922654715942,0.00046170195159094202
1.1732499999999999,-0.00201416015625,-0.001316921539146304,-0.00069723861710369603
1.1733750000000001,-0.0003662109375,-0.00072503901332336489,0.00035882807582336489
1.1735,0.001800537109375,-2.7534956959309068e-05,0.0018280720663343092
1.1736249999999999,-9.1552734375e-05,0.00066934921001209806,-0.00076090194438709806
1.1737500000000001,0.002197265625,0.0012595727487833891,0.00093769287621661094
1.173875,0.001922607421875,0.001653431086770209,0.00026917633510479102
1.1739999999999999,0.005157470703125,0.0017911893576048326,0.0033662813455201676
1.1741250000000001,0.0025634765625,0.0016521419534305029,0.00091133460906949707
1.17425,0.002960205078125,0.0012577241218986832,0.0017024809562263168
1.1743749999999999,0.000762939453125,0.00066820808614619857,9.4731366978801431e-05
1.1745000000000001,0.000213623046875,-2.6507155063927558e-05,0.00024013020193892757
1.174625,-0.002044677734375,-0.00072060496454816336,-0.0013240727698268367
1.17475,-3.0517578125e-05,-0.001308468587049476,0.001277951008924476
1.1748749999999999,-0.0015869140625,-0.0017007521196760209,0.00011383805717602087
1.175,-0.001922607421875,-0.0018379595403167131,-8.464788155828685e-05
1.175125,-0.00128173828125,-0.00169946803616245,0.00041772975491244997
1.1752499999999999,-0.00067138671875,-0.0013066271584135389,0.00063524043966353889
1.1753750000000001,-0.000946044921875,-0.00071946815092609195,-0.00022657677094890805
1.1755,-0.000946044921875,-2.7530574415424743e-05,-0.00091851434745957527
1.1756249999999999,0.00018310546875,0.00066379201829774187,-0.00048068654954774187
1.1757500000000001,0.00128173828125,0.0012493051602855691,3.2433120964430861e-05
1.175875,-0.00042724609375,0.0016400201842620395,-0.0020672662780120395
1.1759999999999999,0.003936767578125,0.0017766789573779305,0.0021600886207470693
1.1761250000000001,0.003326416015625,0.0016387411308011403,0.0016876748848238597
1.17625,-0.000457763671875,0.0012474709018886164,-0.0017052345737636164
1.1763749999999999,0.000732421875,0.00066265949869693706,6.9762376303062943e-05
1.1765000000000001,-0.000213623046875,-2.6511518992395369e-05,-0.00018711152788260463
1.176625,-0.001068115234375,-0.00071506999110638547,-0.00035304524326861453
1.17675,-0.000244140625,-0.0012982420506063965,0.0010541014256063965
1.1768749999999999,-0.001312255859375,-0.001687394837466726,0.000375138978091726
1.177,-0.001129150390625,-0.0018235071569198157,0.00069435676629481572
1.177125,-0.00274658203125,-0.0016861207943636792,-0.0010604612368863208
1.1772499999999999,-0.002471923828125,-0.0012964149345498668,-0.0011755088935751332
1.1773750000000001,-0.0001220703125,-0.00071394174936056855,0.00059187143686056855
1.1775,0.000213623046875,-2.7526229022746101e-05,0.0002411492758977461
1.1776249999999999,0.00177001953125,0.00065827917429590996,0.0011117403569540899
1.1777500000000001,0.0018310546875,0.0012391195117627462,0.00059193517573725377
1.177875,0.002410888671875,0.0016267163079636267,0.00078417236391137334
1.1779999999999999,0.0009765625,0.0017622843588427589,-0.00078572185884275892
1.1781250000000001,0.002838134765625,0.0016254472555994454,0.0012126875100255546
1.17825,0.0008544921875,0.0012372995102536654,-0.00038280732275366536
1.178375,0.00177001953125,0.0006571551943047062,0.0011128643369452938
1.1785000000000001,0.000579833984375,-2.6515845927738064e-05,0.00060634983030273808
1.178625,-0.000335693359375,-0.00070957918806927381,0.00037388582869427381
1.17875,-0.00091552734375,-0.0012880971265238751,0.00037256978277387513
1.1788749999999999,0.0001220703125,-0.0016741441535483865,0.0017962144660483865
1.179,-0.00018310546875,-0.0018091701122055677,0.0016260646434555677
1.179125,-0.00042724609375,-0.0016728800723821112,0.0012456339786321112
1.1792499999999999,-0.00213623046875,-0.0012862842118813568,-0.00084994625686864319
1.1793750000000001,-0.0001220703125,-0.00070845945378666193,0.00058638914128666193
1.1795,-0.000640869140625,-2.7521920466604128e-05,-0.00061334722015839583
1.1796249999999999,-0.00189208984375,0.00065281032410130285,-0.0025449001678513028
1.1797500000000001,-0.000335693359375,0.0012290151492959111,-0.0015647085086709111
1.179875,0.002899169921875,0.0016135186037482972,0.0012856513181267028
1.1799999999999999,0.001495361328125,0.0017480046378324028,-0.00025264330970740283
1.1801250000000001,0.00213623046875,0.0016122594743142112,0.00052397099443578883
1.18025,0.00030517578125,0.0012272092939421093,-0.00092203351269210931
1.180375,0.00091552734375,0.00065169481954742881,0.00026383252420257119
1.1805000000000001,-0.000457763671875,-2.6520136182471807e-05,-0.0004312435356925282
1.180625,-0.001617431640625,-0.00070413220294724224,-0.00091329943767775776
1.18075,-0.00146484375,-0.0012780331634985685,-0.00018681058650143155
1.1808749999999999,-0.002227783203125,-0.0016609992172093471,-0.00056678398591565289
1.181,-0.00164794921875,-0.0017949474857021455,0.00014699826695214547
1.181125,-0.001251220703125,-0.0016597450201191538,0.00040852431699415375
1.1812499999999999,-0.0020751953125,-0.0012762343399674303,-0.0007989609725325697
1.1813750000000001,0.00042724609375,-0.00070302091219620361,0.0011302670059462035
1.1815,-0.000701904296875,-2.751764843580145e-05,-0.00067438664843919851
1.1816249999999999,0.000732421875,0.00064738511663286829,8.503675836713171e-05
1.1817500000000001,0.00048828125,0.001218991424186354,-0.00073071017418635401
1.181875,0.001434326171875,0.0016004262243057648,-0.00016610005243076478
1.1819999999999999,0.002899169921875,0.0017338388775553527,0.0011653310443196473
1.1821250000000001,0.0028076171875,0.0015991769402458184,0.0012084402472541816
1.18225,0.0025634765625,0.0012171996051140691,0.0013462769573859309
1.182375,0.001861572265625,0.0006462780238244329,0.001215294241800567
1.1825000000000001,0.000213623046875,-2.6524390066480722e-05,0.00024014743694148074
1.182625,-0.001068115234375,-0.00069872868606290117,-0.00036938654831209883
1.18275,0.0001220703125,-0.0012680495154253886,0.0013901198279253886
1.1828749999999999,-0.001220703125,-0.0016479591845270929,0.00042725605952709288
1.1830000000000001,-0.00250244140625,-0.0017808383642836402,-0.00072160304196635977
1.183125,-0.001617431640625,-0.0016467147942605652,2.9283153635565164e-05
1.1832499999999999,-0.00067138671875,-0.0012662646735585089,0.0005948779548085089
1.1833750000000001,-0.00201416015625,-0.00069762577539038894,-0.0013165343808596111
1.1835,-0.0003662109375,-2.7513412621761668e-05,-0.00033869752487823831
1.1836249999999999,-0.000396728515625,0.00064200320361200067,-0.0010387317192370007
1.1837500000000001,0.002288818359375,0.0012090476929116935,0.0010797706664633065
1.183875,0.001953125,0.0015874383290880392,0.0003656866709119608
1.1839999999999999,0.002288818359375,0.0017197861685366482,0.00056903219083835176
1.1841250000000001,0.001434326171875,0.0015861988134515624,-0.00015187264157656244
1.18425,0.001373291015625,0.0012072698010999138,0.0001660212145250862
1.184375,0.001373291015625,0.00064090445933317509,0.00073238655629182491
1.1845000000000001,0.001312255859375,-2.6528607887038992e-05,0.0013387844672620389
1.184625,-0.0015869140625,-0.00069336829052936823,-0.00089354577197063177
1.18475,-0.002532958984375,-0.0012581455413537656,-0.0012748134430212344
1.1848749999999999,-0.001556396484375,-0.0016350232183140604,7.8626733939060394e-05
1.1850000000000001,-0.001556396484375,-0.0017668418421114393,0.00021044535773643929
1.185125,-0.000823974609375,-0.0016337885582223073,0.0008098139488473073
1.1852499999999999,-0.00103759765625,-0.0012563745725545931,0.00021877691630459314
1.1853750000000001,-0.0003662109375,-0.00069227369695735433,0.00032606275945735433
1.1855,-0.0006103515625,-2.7509212718507322e-05,-0.0005828423497814927
1.1856249999999999,0.000579833984375,0.00063666423953723456,-5.6830255162234559e-05
1.1857500000000001,0.00335693359375,0.0011991833170851476,0.0021577502766648524
1.185875,0.001922607421875,0.0015745540842542444,0.00034805333762075565
1.1859999999999999,0.002105712890625,0.0017058456085594805,0.00039986728206551953
1.1861250000000001,0.001678466796875,0.0015733242606929512,0.00010514253618204876
1.18625,0.002105712890625,0.0011974192443589969,0.00090829364626600307
1.186375,0.00225830078125,0.00063557378104691178,0.0016227270002030882
1.1865000000000001,0.000396728515625,-2.65327899488328e-05,0.00042326130557383281
1.186625,-0.001556396484375,-0.00068805067222800216,-0.00086834581214699784
1.18675,-0.002685546875,-0.0012483206054498949,-0.0014372262695501051
1.1868749999999999,-0.001617431640625,-0.0016221904880638963,4.7588474388962892e-06
1.1870000000000001,-0.0006103515625,-0.0017529570205760596,0.0011426054580760596
1.187125,-0.00128173828125,-0.0016209654820968388,0.00033922720084683883
1.1872499999999999,-0.00054931640625,-0.0012465634019641577,0.00069724699571415772
1.1873750000000001,0.00030517578125,-0.00068696433324993641,0.0009921401144999363
1.1875,-0.000885009765625,-2.7505048422638087e-05,-0.00085750471720236188
1.1876249999999999,0.001220703125,0.00063136788166649348,0.00058933524333350652
1.1877500000000001,0.000213623046875,0.0011893976634145486,-0.00097577461653954858
1.187875,0.002105712890625,0.0015617726626189128,0.00054394022800608724
1.1879999999999999,0.0009765625,0.0016920163026072743,-0.00071545380260727427
1.1881250000000001,0.000335693359375,0.0015605524553803742,-0.0012248590960053742
1.18825,-9.1552734375e-05,0.0011876473024387247,-0.0012792000368137247
1.188375,0,0.00063028564669254279,-0.00063028564669254279
1.1884999999999999,0.000152587890625,-2.6536936553201875e-05,0.00017912482717820187
1.188625,-0.001007080078125,-0.00068277548978630943,-0.00032430458833869057
1.18875,-0.002593994140625,-0.0012385740769536491,-0.0013554200636713509
1.1888749999999999,-0.001556396484375,-0.0016094601698984296,5.3063685523429584e-05
1.1890000000000001,-0.001190185546875,-0.0017391830082394654,0.00054899746136446536
1.189125,-0.001129150390625,-0.0016082447425998265,0.00047909435197482646
1.1892499999999999,-0.000274658203125,-0.0012368305318633855,0.00096217232873838554
1.1893750000000001,-0.001190185546875,-0.00068169734336360533,-0.00050848820351139467
1.1895,-0.0001220703125,-2.7500919433309108e-05,-9.4569393066690899e-05
1.1896249999999999,-0.0006103515625,0.00062611378999213006,-0.0012364653524921301
1.1897500000000001,0.00152587890625,0.0011796901036616836,0.00034618880258831643
1.189875,0.002471923828125,0.0015490932435976584,0.00092283058452734159
1.1899999999999999,0.001434326171875,0.0016782973628062215,-0.00024397119093122152
1.1901250000000001,0.001861572265625,0.0015478825775212582,0.00031368968810374176
1.19025,0.00030517578125,0.0011779533479333991,-0.00087277756668339914
1.190375,0.00079345703125,0.00062503971672863692,0.00016841731452136308
1.1904999999999999,-0.000640869140625,-2.6541048001287948e-05,-0.00061432809262371201
1.190625,-0.0001220703125,-0.0006775424045560312,0.0005554720920560312
1.19075,-0.001373291015625,-0.0012289053301386477,-0.00014438568548635227
1.1908749999999999,-0.0003662109375,-0.0015968314465135871,0.0012306205090135871
1.1910000000000001,-0.000823974609375,-0.0017255189207778276,0.00090154431140282757
1.191125,-0.001708984375,-0.0015956255230169965,-0.0001133588519830035
1.1912499999999999,-0.00299072265625,-0.0012271753373557257,-0.0017635473188942743
1.1913750000000001,-0.000946044921875,-0.00067647238911386451,-0.00026957253276113549
1.1915,0.00018310546875,-2.7496825452209544e-05,0.00021060229420220955
1.1916249999999999,0.000823974609375,0.0006209016272198379,0.0002030729821551621
1.1917500000000001,0.00225830078125,0.0011700600146019649,0.0010882407666480351
1.191875,0.00201416015625,0.0015365150131547995,0.00047764514309520047
1.1919999999999999,0.0008544921875,0.0016646879083682803,-0.00081019572086828032
1.1921250000000001,0.002197265625,0.0015353138136671098,0.00066195181133289023
1.19225,0.002166748046875,0.001168336758446135,0.00099841128842886504
1.192375,0.001678466796875,0.0006198356543236287,0.0010586311425513713
1.1924999999999999,0.00048828125,-2.6545124589356407e-05,0.00051482637458935641
1.192625,-0.000457763671875,-0.00067235108059140103,0.00021458740871640103
1.19275,-0.00128173828125,-0.0012193137442720915,-6.2424536977908479e-05
1.1928749999999999,-0.00030517578125,-0.0015843035071287156,0.0012791277258787156
1.1930000000000001,-0.0015869140625,-0.0017119638809247524,0.00012504981842475235
1.193125,-0.001800537109375,-0.0015831070131528814,-0.00021743009622211861
1.1932499999999999,-0.002227783203125,-0.0012175971985317671,-0.0010101860045932329
1.1933750000000001,-0.000762939453125,-0.00067128913501739206,-9.1650318107607941e-05
1.1935,0.000274658203125,-2.7492766183541275e-05,0.00030215096930854125
1.1936249999999999,0.001373291015625,0.00061573105874700043,0.00075755995687799957
1.1937500000000001,0.001922607421875,0.0011605067779844153,0.00076210064389058466
1.193875,0.000579833984375,0.0015240371637510978,-0.00094420317937609776
1.194,0.002655029296875,0.0016511870655346239,0.0010038422313403761
1.1941250000000001,-0.000274658203125,0.001522845356861296,-0.001797503559986296
1.19425,0.000457763671875,0.0011587969165455952,-0.00070103324467059519
1.194375,0.001373291015625,0.00061467312533419326,0.00075861789029080674
1.1944999999999999,-0.001434326171875,-2.6549166611956934e-05,-0.0014077770052630431
1.194625,-0.001007080078125,-0.00066720118462758121,-0.00033987889349741879
1.19475,-0.0025634765625,-0.0012097987035749058,-0.0013536778589250942
1.1948749999999999,-0.001678466796875,-0.001571875547433328,-0.00010659124944167203
1.1950000000000001,-0.000213623046875,-0.0016985170184149584,0.0014848939715399584
1.195125,-0.00042724609375,-0.0015706884092770222,0.0011434423155270222
1.1952499999999999,0.000335693359375,-0.0012080955004294424,0.0015437888598044424
1.1953750000000001,0.000396728515625,-0.00066614724826620747,0.0010628757638912075
1.1955,0.001495361328125,-2.7488741333997805e-05,0.0015228500694589979
1.1956249999999999,0.00262451171875,0.00061060175264120858,0.0020139099661087914
1.1957500000000001,0.001434326171875,0.001151029780491981,0.00028329639138301903
1.195875,0.003326416015625,0.0015116588942919085,0.0018147571213330915
1.196,0.002197265625,0.0016377939675195469,0.00055947165748045308
1.1961250000000001,0.002838134765625,0.0015104764065872287,0.0013276583590377713
1.19625,3.0517578125e-05,0.0011493332097285568,-0.0011188156316035568
1.196375,-0.000701904296875,0.00060955179828378939,-0.0013114560951587894
1.1964999999999999,-0.000823974609375,-2.6553174361158075e-05,-0.00079742143501384188
1.196625,-0.000640869140625,-0.00066209238605926537,2.1223245434265369e-05
1.19675,-0.001007080078125,-0.0012003595971822097,0.00019327951905720973
1.1968749999999999,-0.0029296875,-0.0015595467695357691,-0.0013701407304642309
1.1970000000000001,-0.001220703125,-0.001685177469928401,0.00046447434492840104
1.197125,-0.00177001953125,-0.001558368914073558,-0.00021165061717644197
1.1972499999999999,-0.000213623046875,-0.0011986696329940069,0.0009850465861190069
1.1973750000000001,-0.0001220703125,-0.00066104639870917059,0.00053897608620917059
1.1975,0.000946044921875,-2.7484750611990796e-05,0.00097352967248699079
1.1976249999999999,0.000732421875,0.00060551337961895391,0.00012690849538104609
1.1977500000000001,0.00244140625,0.0011416284137021517,0.0012997778362978483
1.197875,0.0020751953125,0.0014993794100757578,0.00057581590242424224
1.198,0.001800537109375,0.0016245077544548116,0.00017602935492018836
1.1981250000000001,0.0008544921875,0.0014982061687169746,-0.00064371398121697461
1.19825,-0.000579833984375,0.0011399450303800302,-0.0017197790147550302
1.198375,0.00439453125,0.00060447134434068398,0.0037900599056593159
1.1984999999999999,-0.000762939453125,-2.6557148126568086e-05,-0.00073638230499843194
1.1986250000000001,-6.103515625e-05,-0.00065702435692014869,0.00059598920067014869
1.19875,-0.0032958984375,-0.0011909958191041006,-0.0021049026183958992
1.1988749999999999,-0.00079345703125,-0.0015473163819119859,0.00075385935066198595
1.1990000000000001,-0.001495361328125,-0.00167194437903485,0.00017658305090985003
1.199125,-0.00177001953125,-0.0015461477365897335,-0.00022387179466026646
1.1992499999999999,-0.00048828125,-0.0011893189910410096,0.00070103774104100965
1.1993750000000001,-9.1552734375e-05,-0.00065598625883006361,0.00056443352445506361
1.1995,0.0006103515625,-2.748079373064545e-05,0.00063783235623064542
1.1996249999999999,0.000701904296875,0.00060046561302448762,0.00010143868385051238
1.1997500000000001,0.001678466796875,0.0011323020740484312,0.00054616472282656881
1.199875,0.0018310546875,0.0014871979227433125,0.00034385676475668747
