time_s,decoded_FS,fit_FS,residual_FS
0.20000000000000001,0.134063720703125,0.13406334401712861,3.7668599639495426e-07
0.200125,0.12384033203125,0.12382775460475032,1.257742649968252e-05
0.20025000000000001,0.094757080078125,0.094750349928294023,6.7301498309774166e-06
0.200375,0.05126953125,0.051266215071022601,3.3161789773986095e-06
0.20050000000000001,0,9.648964096115028e-07,-9.648964096115028e-07
0.200625,-0.051239013671875,-0.051238789024314037,-2.2464756096324257e-07
0.20075000000000001,-0.09466552734375,-0.094654218024462958,-1.1309319287042263e-05
0.200875,-0.1236572265625,-0.12364127713646914,-1.5949426030864577e-05
0.20100000000000001,-0.1337890625,-0.13379526294239774,6.2004423977413126e-06
0.201125,-0.123565673828125,-0.12358012301554387,1.4449187418871801e-05
0.20125000000000001,-0.094573974609375,-0.094560813666624041,-1.3160942750958804e-05
0.201375,-0.051177978515625,-0.051163558880931638,-1.4419634693361993e-05
0.20150000000000001,0,-7.3573058359503703e-07,7.3573058359503703e-07
0.201625,0.0511474609375,0.051136641679330047,1.0819258169952883e-05
0.20175000000000001,0.094451904296875,0.094465326663245058,-1.3422366370058336e-05
0.201875,0.123382568359375,0.12339446913403174,-1.1900774656736779e-05
0.20200000000000001,0.133514404296875,0.13352816634710041,-1.3762050225407663e-05
0.202125,0.123321533203125,0.12333343505014066,-1.190184701566066e-05
0.20225000000000001,0.0943603515625,0.094372104956944258,-1.1753394444258269e-05
0.202375,0.051055908203125,0.051061556658905112,-5.6484557801120272e-06
0.20250000000000001,0,9.5588551668435562e-07,-9.5588551668435562e-07
0.202625,-0.051025390625,-0.051034249560821199,8.8589358211987879e-06
0.20275000000000001,-0.094268798828125,-0.09427636384302511,7.5650149001099676e-06
0.202875,-0.123138427734375,-0.12314770539103469,9.2776566596869392e-06
0.20300000000000001,-0.133270263671875,-0.13326115454970849,-9.1091221665062783e-06
0.203125,-0.123077392578125,-0.12308679110863723,9.3985305122251672e-06
0.20324999999999999,-0.09417724609375,-0.09418332443126548,6.0783375154804808e-06
0.203375,-0.05096435546875,-0.050959309383761475,-5.0460849885247683e-06
0.20349999999999999,0,-7.2674892071331828e-07,7.2674892071331828e-07
0.203625,0.050933837890625,0.050932510872404711,1.3270182202887448e-06
0.20374999999999999,0.094085693359375,0.094088227421129197,-2.5340617541974586e-06
0.203875,0.122894287109375,0.12290188353360479,-7.5964242297887896e-06
0.20399999999999999,0.13299560546875,0.13299512509534928,4.8037340072415446e-07
0.204125,0.122833251953125,0.12284108881762246,-7.8368644974569079e-06
0.20424999999999999,0.093994140625,0.093995369947603186,-1.2293226031856452e-06
0.204375,0.05084228515625,0.050857715259655344,-1.543010340534362e-05
0.20449999999999999,0,9.4693299157061022e-07,-9.4693299157061022e-07
0.204625,-0.05084228515625,-0.050830526593994056,-1.1758562255943794e-05
0.20474999999999999,-0.093902587890625,-0.093900018031897306,-2.5698587276939966e-06
0.204875,-0.122650146484375,-0.12265610396532017,5.9574809451734545e-06
0.20499999999999999,-0.132720947265625,-0.13272917830676312,8.2310411381181225e-06
0.205125,-0.122589111328125,-0.12259542858113556,6.317253010562629e-06
0.20524999999999999,-0.09381103515625,-0.093807342140985281,-3.6930152647191017e-06
0.205375,-0.050750732421875,-0.05075587526703762,5.1428451626200911e-06
0.20549999999999999,0,-7.1782544084673394e-07,7.1782544084673394e-07
0.205625,0.05072021484375,0.050729194930837176,-8.9800870871764582e-06
0.20574999999999999,0.093719482421875,0.093712633535669276,6.8488862057236588e-06
0.205875,0.122406005859375,0.12241126431624433,-5.2584568693281319e-06
0.20599999999999999,0.132476806640625,0.13246421173333728,1.2594907287721835e-05
0.206125,0.122344970703125,0.12235070802970011,-5.7373265751059499e-06
0.20624999999999999,0.0936279296875,0.09362013887245392,7.7908150460798131e-06
0.206375,0.0506591796875,0.050654687611691868,4.4920758081323786e-06
0.20649999999999999,0,9.3803848865986378e-07,-9.3803848865986378e-07
0.206625,-0.050628662109375,-0.050627616864476761,-1.0452448982387064e-06
0.20674999999999999,-0.093536376953125,-0.093525174569775812,-1.120238334918755e-05
0.206875,-0.122161865234375,-0.12216646499388387,4.5997595088664855e-06
0.20699999999999999,-0.1322021484375,-0.13219932570206358,-2.8227354364196433e-06
0.207125,-0.122100830078125,-0.1221060275712825,5.1974931574993999e-06
0.20724999999999999,-0.09344482421875,-0.093432860780033988,-1.1963438716011687e-05
0.207375,-0.050567626953125,-0.050553253275695612,-1.4373677429388443e-05
0.20749999999999999,0,-7.0895983448913728e-07,7.0895983448913728e-07
0.207625,0.050537109375,0.050526690601785017,1.0418773214983246e-05
0.20774999999999999,0.093353271484375,0.093338538997566986,1.4732486808013978e-05
0.207875,0.121917724609375,0.12192260363222344,-4.8790228484446585e-06
0.20799999999999999,0.131927490234375,0.13193541776657222,-7.9275321972216428e-06
0.208125,0.121856689453125,0.12186228484032516,-5.595387200157953e-06
0.20824999999999999,0.093231201171875,0.093246405727767268,-1.5204555892267546e-05
0.208375,0.050445556640625,0.050452470466454451,-6.9138258294507149e-06
0.20849999999999999,0,9.2920169889012294e-07,-9.2920169889012294e-07
0.208625,-0.0504150390625,-0.050425517125925065,1.0478063425065076e-05
0.20874999999999999,-0.0931396484375,-0.093151827459368924,1.2179021868924389e-05
0.20887500000000001,-0.121673583984375,-0.12167878064268259,5.1966583075879758e-06
0.20899999999999999,-0.131683349609375,-0.13167158825808956,-1.1761351285444199e-05
0.20912500000000001,-0.121612548828125,-0.12161858024870585,6.0314205808514876e-06
0.20924999999999999,-0.093048095703125,-0.093059874356670513,1.1778653545513329e-05
0.20937500000000001,-0.05035400390625,-0.050351440167665538,-2.5637385844615168e-06
0.20949999999999999,0,-7.0015178154989345e-07,7.0015178154989345e-07
0.20962500000000001,0.050323486328125,0.050324994645388678,-1.5083172636778941e-06
0.20974999999999999,0.09295654296875,0.092965937821521349,-9.3948527713494379e-06
0.20987500000000001,0.121429443359375,0.12143589366315127,-6.4503037762730919e-06
0.20999999999999999,0.13140869140625,0.13140873473447182,-4.332822181596363e-08
0.21012500000000001,0.121368408203125,0.12137581143477037,-7.4032316453725988e-06
0.21024999999999999,0.092864990234375,0.092874164533772785,-9.174299397785024e-06
0.21037500000000001,0.050262451171875,0.050251060588350688,1.1390583524312214e-05
0.21049999999999999,0,9.2042230275755865e-07,-9.2042230275755865e-07
0.21062500000000001,-0.05023193359375,-0.050224224144953977,-7.7094487960227553e-06
0.21074999999999999,-0.0927734375,-0.092779970727333946,6.5332273339463454e-06
0.21087500000000001,-0.121185302734375,-0.12119304310894641,7.7403745714077488e-06
0.21099999999999999,-0.131134033203125,-0.13114595753116287,1.1924328037871135e-05
0.21112500000000001,-0.121124267578125,-0.121133078814292,8.8112361670000805e-06
0.21124999999999999,-0.092681884765625,-0.092688376903072051,6.4921374470505722e-06
0.21137500000000001,-0.050140380859375,-0.05015043271382004,1.0051854445039532e-05
0.21149999999999999,0,-6.9140096380629041e-07,6.9140096380629041e-07
0.21162500000000001,0.05010986328125,0.050124103834723252,-1.4240553473252038e-05
0.21174999999999999,0.09259033203125,0.092594824046124499,-4.4920148744992394e-06
0.21187500000000001,0.120941162109375,0.12095112662184743,-9.9645124724268008e-06
0.21199999999999999,0.130889892578125,0.13088415421022817,5.738367896829244e-06
0.21212500000000001,0.120880126953125,0.12089128002950493,-1.1153076379930016e-05
0.21224999999999999,0.092498779296875,0.092503409334571102,-4.6300376961017076e-06
0.21237500000000001,0.050048828125,0.05005045475470473,-1.6266297047304312e-06
0.21249999999999999,0,9.1169998425137422e-07,-9.1169998425137422e-07
0.21262500000000001,-0.050018310546875,-0.050023734701084052,5.4241542090521788e-06
0.21274999999999999,-0.0924072265625,-0.092409598424173761,2.3718616737611331e-06
0.21287500000000001,-0.120697021484375,-0.12070924462105385,1.222313667885444e-05
0.21299999999999999,-0.130615234375,-0.13062242511131231,7.1907363123069334e-06
0.21312500000000001,-0.120635986328125,-0.12064951550006213,1.3529171937129436e-05
0.21325,-0.092315673828125,-0.092318362475238586,2.6886471135856294e-06
0.21337500000000001,-0.049957275390625,-0.049950227697922296,-7.0476927027038339e-06
0.2135,0,-6.8270706419552638e-07,6.8270706419552638e-07
0.21362500000000001,0.0499267578125,0.049924014955744465,2.7428567555345951e-06
0.21375,0.09222412109375,0.092225191733764922,-1.0706400149218531e-06
0.21387500000000001,0.1204833984375,0.12046829475221836,1.5103685281639412e-05
0.214,0.13037109375,0.13036166780067304,9.4259493269577277e-06
0.21412500000000001,0.12042236328125,0.12040868287206967,1.3680409180330533e-05
0.21425,0.092132568359375,0.092134134198040313,-1.5658386653127909e-06
0.21437500000000001,0.049835205078125,0.049850649755707625,-1.5444677582625299e-05
0.2145,0,9.0303442571931765e-07,-9.0303442571931765e-07
0.21462500000000001,-0.049835205078125,-0.049824045586694614,-1.1159491430386137e-05
0.21475,-0.092041015625,-0.092040704624139921,-3.1100086007873617e-07
0.21487500000000001,-0.1202392578125,-0.12022737743840685,-1.1880374093151125e-05
0.215,-0.130096435546875,-0.13010098262213901,4.5470752640108802e-06
0.21512500000000001,-0.12017822265625,-0.12016788256904597,-1.0340087204033233e-05
0.21525,-0.091949462890625,-0.091949825152900219,3.6226227521918286e-07
0.21537500000000001,-0.04974365234375,-0.049750821916576662,7.1695728266624181e-06
0.2155,0,-6.7406976912482328e-07,6.7406976912482328e-07
0.21562500000000001,0.049713134765625,0.049724724807239835,-1.15900416148354e-05
0.21575,0.09185791015625,0.091857034970535892,8.7518571410816204e-07
0.21587500000000001,0.1199951171875,0.11998739032913168,7.7268583683204328e-06
0.216,0.129852294921875,0.12984126714614364,1.1027775731364819e-05
0.21612500000000001,0.11993408203125,0.11992801224095392,6.0697902960760164e-06
0.21625,0.091766357421875,0.09176633321573735,2.4206137649862569e-08
0.21637500000000001,0.049652099609375,0.049651642394361227,4.5721501377299356e-07
0.2165,0,8.9442531483708496e-07,-8.9442531483708496e-07
0.21662500000000001,-0.04962158203125,-0.049625153606965997,3.5715757159965333e-06
0.21675,-0.0916748046875,-0.0916732834251415,-1.5212623585003637e-06
0.21687500000000001,-0.1197509765625,-0.11974743385130864,-3.5427111913649556e-06
0.217,-0.12957763671875,-0.12958162172068269,3.985001932688137e-06
0.21712500000000001,-0.11968994140625,-0.11968817231516049,-1.7690910895096223e-06
0.21725,-0.091583251953125,-0.091582759039420952,-4.9291370404769275e-07
0.21737500000000001,-0.049560546875,-0.04955221217917271,-8.3346958272903504e-06
0.2175,0,-6.6548876336765944e-07,6.6548876336765944e-07
0.21762500000000001,0.049530029296875,0.049526230200773569,3.7990961014311431e-06
0.21775,0.09149169921875,0.091490347866136024,1.3513526139763421e-06
0.21787500000000001,0.1195068359375,0.11950840565829336,-1.5697207933623725e-06
0.218,0.12933349609375,0.12932294392034857,1.055217340142911e-05
0.21812500000000001,0.11944580078125,0.11944926044547005,-3.4596642200512839e-06
0.21825,0.091400146484375,0.091400000502808318,1.4598156668210738e-07
0.21837500000000001,0.0494384765625,0.049453429486433491,-1.4952923933490847e-05
0.2185,0,8.8587233718280219e-07,-8.8587233718280219e-07
0.21862500000000001,-0.0494384765625,-0.049427055579835275,-1.1420982664725465e-05
0.21875,-0.09130859375,-0.091307328948645711,-1.2648013542893022e-06
0.21887499999999999,-0.1192626953125,-0.11926940618083376,6.7108683337591124e-06
0.219,-0.129058837890625,-0.12906433409728785,5.496206662847225e-06
0.21912499999999999,-0.11920166015625,-0.11921037706308825,8.7169068382492165e-06
0.21925,-0.091217041015625,-0.091217158261702319,1.1724607731911085e-07
0.21937499999999999,-0.049346923828125,-0.049354395307850775,7.4714797257749432e-06
0.2195,0,-6.5696373699149217e-07,6.5696373699149217e-07
0.21962499999999999,0.04931640625,0.049328527960627609,-1.2121710627609195e-05
0.21975,0.09112548828125,0.09112512455378026,3.6372746974044912e-07
0.21987499999999999,0.1190185546875,0.11903133307612135,-1.2778388621348391e-05
0.22,0.128814697265625,0.1288066898302351,8.0074353898951234e-06
0.22012499999999999,0.11895751953125,0.11897241982563722,-1.490029438722118e-05
0.22025,0.091033935546875,0.091035130197889252,-1.1946510142524236e-06
0.22037499999999999,0.04925537109375,0.049256007860411656,-6.367666616560741e-07
0.2205,0,8.7737518361729901e-07,-8.7737518361729901e-07
0.22062499999999999,-0.049224853515625,-0.049229748335928379,4.8948203033791216e-06
0.22075,-0.0909423828125,-0.090942835339589176,4.5252708917586926e-07
0.22087499999999999,-0.118804931640625,-0.11879328677872467,-1.164486190033398e-05
0.221,-0.1285400390625,-0.12854911147547099,9.0724129709895962e-06
0.22112499999999999,-0.118743896484375,-0.11873448916814004,-9.4073162349578299e-06
0.22125,-0.090850830078125,-0.090853016970093306,2.1868919683060151e-06
0.22137499999999999,-0.049163818359375,-0.049157368137404414,-6.4502219705858677e-06
0.2215,0,-6.4849437888915077e-07,6.4849437888915077e-07
0.22162499999999999,0.04913330078125,0.049131614923793109,1.6858574568914819e-06
0.22175,0.09075927734375,0.090761359190100824,-2.0818463508237572e-06
0.22187499999999999,0.118560791015625,0.11855616494963876,4.6260659862379372e-06
0.222,0.1282958984375,0.12829249661585596,3.401821644044567e-06
0.22212499999999999,0.118499755859375,0.11849748275203915,2.2731073358456255e-06
0.22225,0.090667724609375,0.090671716463016819,-3.9918536418187545e-06
0.22237499999999999,0.049072265625,0.049059374357412658,1.2891267587342159e-05
0.2225,0,8.6893354200710658e-07,-8.6893354200710658e-07
0.22262499999999999,-0.049041748046875,-0.049033228718555984,-8.5193283190163061e-06
0.22275,-0.090576171875,-0.090579796766278892,3.624891278891651e-06
0.22287499999999999,-0.118316650390625,-0.1183190680272414,2.4176366164030405e-06
0.223,-0.1280517578125,-0.12803594561178824,-1.5812200711756708e-05
0.22312499999999999,-0.118255615234375,-0.11826050101615679,4.8857817817882232e-06
0.22325,-0.090484619140625,-0.090490329338294873,5.7101976698725743e-06
0.22337499999999999,-0.0489501953125,-0.048961127515292586,1.0932202792586498e-05
0.2235,0,-6.4008037864370766e-07,6.4008037864370766e-07
0.22362499999999999,0.0489501953125,0.048935487939856269,1.4707372643731065e-05
0.22375,0.09039306640625,0.090399045955058155,-5.9795488081548775e-06
0.22387499999999999,0.118072509765625,0.11808289367632574,-1.038391070073974e-05
0.224,0.127777099609375,0.12778035605023755,-3.2564408625479491e-06
0.22412499999999999,0.118011474609375,0.11802444162573031,-1.2967016355308614e-05
0.22425,0.090301513671875,0.090309753483532915,-8.239811657914653e-06
0.22437499999999999,0.048858642578125,0.048863525831199399,-4.8832530743989078e-06
0.22450000000000001,0,8.605471081922164e-07,-8.605471081922164e-07
0.22462499999999999,-0.048828125,-0.048837493583600275,9.3685836002749268e-06
0.22475000000000001,-0.0902099609375,-0.090218207420304869,8.2464828048689487e-06
0.22487499999999999,-0.11785888671875,-0.11784674233905899,-1.2144379691006457e-05
0.22500000000000001,-0.127532958984375,-0.12752482829570327,-8.1306886717258386e-06
0.22512499999999999,-0.1177978515625,-0.11778840502337029,-9.4465391297093859e-06
0.22525000000000001,-0.090118408203125,-0.09012908956326536,1.0681360140360474e-05
0.22537499999999999,-0.04876708984375,-0.048765670301554355,-1.4195421956450516e-06
0.22550000000000001,0,-6.3172143287526059e-07,6.3172143287526059e-07
0.22562499999999999,0.048736572265625,0.048740143870991189,-3.5716053661885572e-06
0.22575000000000001,0.09002685546875,0.090038179051846662,-1.1323583096661816e-05
0.22587499999999999,0.11761474609375,0.11761151168401728,3.2344097327247079e-06
0.22600000000000001,0.12725830078125,0.12727025993924809,-1.1959157998092662e-05
0.22612499999999999,0.1175537109375,0.11755328887809469,4.2205940531392372e-07
0.22625000000000001,0.089935302734375,0.089949235467990468,-1.3932733615468207e-05
0.22637499999999999,0.048675537109375,0.04866845914807965,7.0779612953500437e-06
0.22650000000000001,0,8.5221557410696303e-07,-8.5221557410696303e-07
0.22662499999999999,-0.04864501953125,-0.048642539799499486,-2.4797317505140248e-06
0.22675000000000001,-0.089874267578125,-0.089858061516439464,-1.6206061685536399e-05
0.22687499999999999,-0.11737060546875,-0.11737630215714111,5.696688391107485e-06
0.22700000000000001,-0.12701416015625,-0.12701575134945614,1.5911932061407619e-06
0.22712499999999999,-0.1173095703125,-0.11731819363628707,8.623323787065873e-06
0.22725000000000001,-0.08978271484375,-0.08976929186512965,-1.3422978620350468e-05
0.22737499999999999,-0.048583984375,-0.048570993368758697,-1.2991006241303005e-05
0.22750000000000001,0,-6.2341723430536584e-07,6.2341723430536584e-07
0.22762499999999999,0.048553466796875,0.048545579591892762,7.8872049822376056e-06
0.22775000000000001,0.089691162109375,0.089678752706797316,1.2409402577684414e-05
0.22787499999999999,0.117156982421875,0.11714201143077374,1.4970991101259656e-05
0.22800000000000001,0.12677001953125,0.12676220012146672,7.8194097832828824e-06
0.22812499999999999,0.117095947265625,0.11708401697073004,1.193029489496289e-05
0.22825000000000001,0.089599609375,0.089590156648061248,9.4527269387523205e-06
0.22837499999999999,0.0484619140625,0.048474171186872791,-1.2257124372791472e-05
0.22850000000000001,0,8.439386350795302e-07,-8.439386350795302e-07
0.22862499999999999,-0.0484619140625,-0.048448364247197714,-1.3549815302285606e-05
0.22875000000000001,-0.089508056640625,-0.089499353292553055,-8.7033480719450607e-06
0.228875,-0.116912841796875,-0.11690773995461674,-5.1018422582566059e-06
0.22900000000000001,-0.126495361328125,-0.12650870662793234,1.3345299807343558e-05
0.229125,-0.116851806640625,-0.11684985933156643,-1.9473090585725439e-06
0.22925000000000001,-0.08941650390625,-0.089410930487084719,-5.5734191652806464e-06
0.229375,-0.048370361328125,-0.048377093601959596,6.7322738345962363e-06
0.22950000000000001,0,-6.1516747724596029e-07,6.1516747724596029e-07
0.229625,0.04833984375,0.048351791989736728,-1.1948239736728206e-05
0.22975000000000001,0.089324951171875,0.089320761169293134,4.1900025818664144e-06
0.229875,0.116668701171875,0.11667438540476475,-5.6842328897549477e-06
0.23000000000000001,0.126251220703125,0.12625616846805265,-4.9477649276541413e-06
0.230125,0.116607666015625,0.11661661839532927,-8.9523797042745379e-06
0.23025000000000001,0.0892333984375,0.089232511278448196,8.8715905180447585e-07
0.230375,0.04827880859375,0.048280658838856551,-1.8502451065507963e-06
0.23050000000000001,0,8.3571598620329867e-07,-8.3571598620329867e-07
0.230625,-0.048248291015625,-0.048254963820088238,6.6728044632383132e-06
0.23075000000000001,-0.089141845703125,-0.089142077009516943,2.3130639194290925e-07
0.230875,-0.116455078125,-0.11644104823466395,-1.4029890336053619e-05
0.23100000000000001,-0.126007080078125,-0.12600368601853246,-3.3940595925430195e-06
0.231125,-0.11639404296875,-0.11638339461590291,-1.0648352847086873e-05
0.23125000000000001,-0.08905029296875,-0.089053999695312663,3.7067265626633539e-06
0.231375,-0.048187255859375,-0.048183967898651078,-3.287960723921679e-06
0.23150000000000001,0,-6.0697186295797147e-07,6.0697186295797147e-07
0.231625,0.04815673828125,0.048158777964124863,-2.0396828748631135e-06
0.23175000000000001,0.088958740234375,0.088964198711673131,-5.4584772981314256e-06
0.231875,0.1162109375,0.11620862612414613,2.3113758538667595e-06
0.23200000000000001,0.125762939453125,0.12575215688261546,1.0782570509543232e-05
0.232125,0.11614990234375,0.11615108567355649,-1.183329806489497e-06
0.23225000000000001,0.0888671875,0.088876293636785828,-9.1061367858275011e-06
0.232375,0.048095703125,0.048087919007723925,7.7841172760745314e-06
0.23250000000000001,0,8.2754732950607494e-07,-8.2754732950607494e-07
0.232625,-0.048065185546875,-0.048062335423967199,-2.8501229078006785e-06
0.23275000000000001,-0.088775634765625,-0.088786226951113822,1.0592185488822459e-05
0.232875,-0.115966796875,-0.11597621953038782,9.4226553878223873e-06
0.23300000000000001,-0.12548828125,-0.12550068144104243,1.2400191042427622e-05
0.233125,-0.11590576171875,-0.11591879202590229,1.3030307152286924e-05
0.23325000000000001,-0.08868408203125,-0.088698493778881254,1.4411747631254412e-05
0.233375,-0.048004150390625,-0.04799161316870771,-1.2537221917290065e-05
0.23350000000000001,0,-5.9883008884620738e-07,5.9883008884620738e-07
0.233625,0.0479736328125,0.047966534427030347,7.0983854696532456e-06
0.23375000000000001,0.088623046875,0.08860905962913708,1.3987245862920328e-05
0.233875,0.115753173828125,0.11574472613694166,8.4476911833414325e-06
0.23400000000000001,0.125244140625,0.12525015730108513,-6.0166760851299017e-06
0.234125,0.115692138671875,0.11568741135692996,4.7273149450383078e-06
0.23425000000000001,0.088531494140625,0.088521498023553621,9.9961170713785963e-06
0.234375,0.047882080078125,0.04789594860952362,-1.3868531398619766e-05
0.23449999999999999,0,8.1943237383535824e-07,-8.1943237383535824e-07
0.234625,-0.047882080078125,-0.047870475976977515,-1.1604101147484613e-05
0.23474999999999999,-0.08843994140625,-0.088431797423933839,-8.1439823161610914e-06
0.234875,-0.115509033203125,-0.11551324640469894,4.2132015739410056e-06
0.23499999999999999,-0.125,-0.12499968484750426,-3.1515249573899062e-07
0.235125,-0.115447998046875,-0.11545604412796415,8.0460810891469503e-06
0.23524999999999999,-0.088348388671875,-0.088344407049665258,-3.9816222097421861e-06
0.235375,-0.04779052734375,-0.047800026334341675,9.4989905916748052e-06
0.23549999999999999,0,-5.9074186630487273e-07,5.9074186630487273e-07
0.235625,0.04779052734375,0.047775058302758369,1.5469040991630822e-05
0.23574999999999999,0.0882568359375,0.088255338239654174,1.4976978458258738e-06
0.235875,0.11529541015625,0.11528267802092103,1.2732135328971661e-05
0.23599999999999999,0.124755859375,0.12475016169158343,5.6976834165722856e-06
0.236125,0.115234375,0.11522558802670151,8.786973298494094e-06
0.23624999999999999,0.088165283203125,0.088168118761990016,-2.8355588650164076e-06
0.236375,0.047698974609375,0.047704744572615761,-5.7699632407606782e-06
0.23649999999999999,0,8.1137079932426965e-07,-8.1137079932426965e-07
0.236625,-0.04766845703125,-0.047679382409569364,1.0925378319363854e-05
0.23674999999999999,-0.08807373046875,-0.088078782757321367,5.0522885713666366e-06
0.236875,-0.11505126953125,-0.11505212145019854,8.5191894853842154e-07
0.23699999999999999,-0.12451171875,-0.12450068822208718,-1.1030527912819776e-05
0.237125,-0.114990234375,-0.11499514351816499,4.9091431649911366e-06
0.23724999999999999,-0.087982177734375,-0.087991733842222697,9.556107847696893e-06
0.237375,-0.047607421875,-0.047609204330050385,1.7824550503850456e-06
0.23749999999999999,0,-5.8270687627448887e-07,5.8270687627448887e-07
0.237625,0.047576904296875,0.04758434652789028,-7.4422310152796878e-06
0.23774999999999999,0.087890625,0.087903028883897227,-1.2403883897227352e-05
0.237875,0.114837646484375,0.11482247438348533,1.5172100889665474e-05
0.23799999999999999,0.124267578125,0.12425216205429507,1.5416070704932228e-05
0.238125,0.114776611328125,0.11476560829374073,1.1003034384268751e-05
0.23824999999999999,0.08782958984375,0.087816150197976409,1.3439645773591358e-05
0.238375,0.047515869140625,0.047514303837627593,1.5653029974069255e-06
0.23849999999999999,0,8.0336231796117975e-07,-8.0336231796117975e-07
0.238625,-0.0474853515625,-0.047489051664446245,3.7001019462454265e-06
0.23874999999999999,-0.087738037109375,-0.087727177303233733,-1.0859806141266803e-05
0.238875,-0.114593505859375,-0.1145928372890572,-6.6857031780220844e-07
0.23899999999999999,-0.123992919921875,-0.12400368358095953,1.0763659084533916e-05
0.239125,-0.114532470703125,-0.11453608282213579,3.6121190107873957e-06
0.23924999999999999,-0.087646484375,-0.087640468513754483,-6.0158612455174509e-06
0.239375,-0.04742431640625,-0.047419144102573793,-5.172303676206913e-06
0.23949999999999999,0,-5.7472483148650793e-07,5.7472483148650793e-07
0.239625,0.047393798828125,0.047394396051237811,-5.9722311281096285e-07
0.23974999999999999,0.087554931640625,0.087552125925109456,2.8057155155442048e-06
0.239875,0.1143798828125,0.11436410786154654,1.5774950953464928e-05
0.23999999999999999,0.123748779296875,0.12375615042133999,-7.3711244649860008e-06
0.24012500000000001,0.11431884765625,0.11430746479841249,1.1382857837513582e-05
0.24024999999999999,0.08746337890625,0.087465586699984277,-2.2077937342768195e-06
0.24037500000000001,0.047332763671875,0.047324623357394742,8.1403144802580374e-06
0.24049999999999999,0,7.9540663784190435e-07,-7.9540663784190435e-07
0.24062500000000001,-0.04730224609375,-0.04729948069651109,-2.7653972389102277e-06
0.24074999999999999,-0.087371826171875,-0.087376975436182461,5.1492643074607658e-06
0.24087500000000001,-0.1141357421875,-0.11413538657289818,-3.556146018213191e-07
0.24099999999999999,-0.123504638671875,-0.12350866297216088,4.024300285884741e-06
0.24112500000000001,-0.11407470703125,-0.11407885469494596,4.147663695955317e-06
0.24124999999999999,-0.0872802734375,-0.087290605443976474,1.0332006476473921e-05
0.24137500000000001,-0.0472412109375,-0.047229842610834252,-1.1368326665747719e-05
0.24149999999999999,0,-5.6679544078693596e-07,5.6679544078693596e-07
0.24162500000000001,0.047210693359375,0.047205203833789455,5.4895255855447189e-06
0.24174999999999999,0.087188720703125,0.087202623749039365,-1.3903045914365197e-05
0.24187500000000001,0.113922119140625,0.11390757112140709,1.4548019217908159e-05
0.24199999999999999,0.123260498046875,0.12326211885664565,-1.620809770647158e-06
0.24212500000000001,0.113861083984375,0.11385115021046197,9.933773913034516e-06
0.24224999999999999,0.087127685546875,0.0871164226589589,1.1262887916099751e-05
0.24237500000000001,0.047149658203125,0.047135700096918989,1.3958106206010679e-05
0.24249999999999999,0,7.8750346151901048e-07,-7.8750346151901048e-07
0.24262500000000001,-0.047119140625,-0.047110666472827412,-8.4741521725884006e-06
0.24274999999999999,-0.0870361328125,-0.087028171553135678,-7.9612593643224594e-06
0.24287500000000001,-0.113677978515625,-0.11367976198267725,1.783467052249299e-06
0.24299999999999999,-0.123016357421875,-0.12301561847547486,-7.3894640013894008e-07
0.24312500000000001,-0.113616943359375,-0.11362345182098782,6.5084616128197048e-06
0.24324999999999999,-0.086944580078125,-0.08694213903504204,-2.4410430829596708e-06
0.24337500000000001,-0.047027587890625,-0.047041296825900851,1.3708935275850986e-05
0.24349999999999999,0,-5.5891840923534962e-07,5.5891840923534962e-07
0.24362500000000001,0.047027587890625,0.047016766848665056,1.08210419599436e-05
0.24374999999999999,0.08685302734375,0.086854516763851031,-1.4894201010307029e-06
0.24387500000000001,0.11346435546875,0.11345285685865071,1.1498610099289208e-05
0.24399999999999999,0.122772216796875,0.1227700594558202,2.1573410547981453e-06
0.24412500000000001,0.1134033203125,0.11339665722889673,6.6630836032671725e-06
0.24424999999999999,0.086761474609375,0.086768652488240616,-7.1778788656162718e-06
0.24437500000000001,0.04693603515625,0.04694753103331805,-1.1495877068050386e-05
0.2445,0,7.7965250007809664e-07,-7.7965250007809664e-07
0.24462500000000001,-0.04693603515625,-0.04692260597256416,-1.3429183685839674e-05
0.24475,-0.086669921875,-0.08668076007343091,1.0838198430909718e-05
0.24487500000000001,-0.11322021484375,-0.11322595622856942,5.7413848194159955e-06
0.245,-0.122528076171875,-0.12252454220230254,-3.5339695724639908e-06
0.24512500000000001,-0.1131591796875,-0.11316986691385562,1.0687226355624024e-05
0.24525,-0.08660888671875,-0.086595063711451287,-1.382300729871333e-05
0.24537500000000001,-0.046844482421875,-0.046853503730929495,9.021309054495219e-06
0.2455,0,-5.51093445160439e-07,5.51093445160439e-07
0.24562500000000001,0.046844482421875,0.04682908208107063,1.5400340804369583e-05
0.24575,0.086517333984375,0.086507799400029478,9.5345843455219015e-06
0.24587500000000001,0.113006591796875,0.11299995779801336,6.6339988616381795e-06
0.246,0.122283935546875,0.12227996434602595,3.9712008490511153e-06
0.24612500000000001,0.112945556640625,0.11294397858186861,1.5780587563907211e-06
0.24625,0.08642578125,0.086422270623468161,3.5106265318385343e-06
0.24637500000000001,0.0467529296875,0.046760113155777265,-7.1834682772650704e-06
0.2465,0,7.7185346083899442e-07,-7.7185346083899442e-07
0.24662500000000001,-0.046722412109375,-0.046735296186949105,1.2884077574104591e-05
0.24675,-0.086334228515625,-0.086334735438675994,5.069230509940903e-07
0.24687500000000001,-0.112762451171875,-0.1127739620498498,1.151087797479633e-05
0.247,-0.122039794921875,-0.12203542629553596,-4.368626339040782e-06
0.24712500000000001,-0.11273193359375,-0.11271809271623157,-1.3840877518433992e-05
0.24725,-0.08624267578125,-0.086249373919959349,6.6981387093489886e-06
0.24737500000000001,-0.046661376953125,-0.046666460321121213,5.0833679962128397e-06
0.2475,0,-5.4332025838519581e-07,5.4332025838519581e-07
0.24762500000000001,0.046630859375,0.04664214652824529,-1.1287153245290171e-05
0.24775,0.086151123046875,0.086162466110292921,-1.1343063417920685e-05
0.24787500000000001,0.112548828125,0.1125488666932782,-3.8568278196149386e-08
0.248,0.121795654296875,0.12179182568585341,3.8286110215918212e-06
0.24812500000000001,0.11248779296875,0.11249310702656248,-5.314057812483286e-06
0.24825,0.086090087890625,0.0860772715224946,1.2816368130399991e-05
0.24837500000000001,0.04656982421875,0.046573443465498146,-3.6192467481460655e-06
0.2485,0,7.6410605436911362e-07,-7.6410605436911362e-07
0.24862500000000001,-0.046539306640625,-0.046548734119220656,9.427478595655514e-06
0.24875,-0.08599853515625,-0.085990092112674832,-8.4430435751681188e-06
0.24887500000000001,-0.112335205078125,-0.11232377221477806,-1.1432863346941269e-05
0.249,-0.121551513671875,-0.12154826292943272,-3.2507424422845155e-06
0.24912500000000001,-0.112274169921875,-0.11226812199976909,-6.0479221059145383e-06
0.24925,-0.085906982421875,-0.08590506412949743,-1.9182923775701299e-06
0.24937500000000001,-0.046478271484375,-0.046480163603672471,1.8921192974710732e-06
0.2495,0,-5.355985567684707e-07,5.355985567684707e-07
0.24962500000000001,0.04644775390625,0.046455957199414769,-8.2032931647685325e-06
0.24975,0.0858154296875,0.085818511369503969,-3.0816820039691883e-06
0.24987500000000001,0.112091064453125,0.1120995763271538,-8.5118740287964956e-06
0.25,0.121307373046875,0.12130563566519582,1.737381679176031e-06
0.25012499999999999,0.112030029296875,0.1120440353490766,-1.4006052201601116e-05
0.25024999999999997,0.085723876953125,0.085733649665304626,-9.772712179625942e-06
0.25037500000000001,0.04638671875,0.04638751897566331,-8.0022566330967271e-07
0.2505,0,7.5640999271925401e-07,-7.5640999271925401e-07
0.25062499999999999,-0.046356201171875,-0.046362916784573598,6.7156126985976061e-06
0.25074999999999997,-0.085662841796875,-0.085646824581321793,-1.6017215553207342e-05
0.25087500000000001,-0.11187744140625,-0.11187537952048399,-2.061885766013738e-06
0.251,-0.121063232421875,-0.1210630443094905,-1.8811238450266998e-07
0.25112499999999999,-0.11181640625,-0.11181994756498102,3.5413149810231692e-06
0.25124999999999997,-0.0855712890625,-0.085562128831076806,-9.1602314231942206e-06
0.25137500000000002,-0.046295166015625,-0.046294610597727208,-5.5541789779206541e-07
0.2515,0,-5.279280600161419e-07,5.279280600161419e-07
0.25162499999999999,0.0462646484375,0.04627051111573411,-5.8626782341100747e-06
0.25174999999999997,0.085479736328125,0.085475929674576345,3.8066535486547259e-06
0.25187500000000002,0.111663818359375,0.11165207951115971,1.1738848215286923e-05
0.252,0.120819091796875,0.12082138650512425,-2.2947082492508208e-06
0.25212499999999999,0.111602783203125,0.1115967563642965,6.0268388284989705e-06
0.25224999999999997,0.08538818359375,0.085391399553897018,-3.2159601470183041e-06
0.25237500000000002,0.04620361328125,0.046202336711369328,1.2765698806718739e-06
0.2525,0,7.4876498941637618e-07,-7.4876498941637618e-07
0.25262499999999999,-0.046173095703125,-0.046177841210136752,4.74550701175247e-06
0.25274999999999997,-0.085296630859375,-0.085304927352545051,8.2964931700513223e-06
0.25287500000000002,-0.111419677734375,-0.11142877679284699,9.0990584719896628e-06
0.253,-0.120574951171875,-0.12057976267232257,4.8115004475657308e-06
0.25312499999999999,-0.11138916015625,-0.11137356224110873,-1.5597915141274399e-05
0.25324999999999998,-0.085235595703125,-0.085220562537681302,-1.5033165443698038e-05
0.25337500000000002,-0.046112060546875,-0.046109798334329197,-2.2622125458032771e-06
0.2535,0,-5.2030847892555699e-07,5.2030847892555699e-07
0.25362499999999999,0.04608154296875,0.046085805310278116,-4.2623415281162202e-06
0.25374999999999998,0.08514404296875,0.085134715544406381,9.3274243436192172e-06
0.25387500000000002,0.1112060546875,0.11120636908551181,-3.14398011805328e-07
0.254,0.120330810546875,0.12033907045776304,-8.2599108880421213e-06
0.25412499999999999,0.11114501953125,0.11115126291580257,-6.2433845525733389e-06
0.25424999999999998,0.085052490234375,0.085050515712240649,1.974522134351453e-06
0.25437500000000002,0.0460205078125,0.046017893709592063,2.6141029079371214e-06
0.2545,0,7.4117075945640307e-07,-7.4117075945640307e-07
0.25462499999999999,-0.045989990234375,-0.045993504434887172,3.5142005121724385e-06
0.25474999999999998,-0.0849609375,-0.08496439495617493,3.4574561749295407e-06
0.25487500000000002,-0.110992431640625,-0.11098395688638925,-8.4747542357516137e-06
0.255,-0.120086669921875,-0.12009841028553346,1.1740363658460651e-05
0.25512499999999999,-0.110931396484375,-0.1109289588860298,-2.4375983452007421e-06
0.25524999999999998,-0.084869384765625,-0.084880359784220955,1.0975018595954511e-05
0.25537500000000002,-0.045928955078125,-0.045925723856371357,-3.2312217536425991e-06
0.2555,0,-5.1273952922443261e-07,5.1273952922443261e-07
0.25562499999999999,0.0458984375,0.045901836827936582,-3.3993279365818196e-06
0.25574999999999998,0.084808349609375,0.084794863519756014,1.3486089618985897e-05
0.25587500000000002,0.110748291015625,0.1107624379190074,-1.4146903382403209e-05
0.25600000000000001,0.119873046875,0.11985867980616594,1.4367068834064689e-05
0.25612499999999999,0.1107177734375,0.1107075478757396,1.0225561760404678e-05
0.25624999999999998,0.084716796875,0.084710992686155104,5.8041888448961965e-06
0.25637500000000002,0.04583740234375,0.045834187019135983,3.2153246140170788e-06
0.25650000000000001,0,7.336270158938778e-07,-7.336270158938778e-07
0.25662499999999999,-0.045806884765625,-0.045809903509628373,3.0187440033732638e-06
0.25674999999999998,-0.084625244140625,-0.084625221943885609,-2.2196739390967224e-08
0.25687500000000002,-0.11053466796875,-0.11054091268415617,6.2447154061673338e-06
0.25700000000000001,-0.11962890625,-0.11961897944759518,-9.9268024048165815e-06
0.25712499999999999,-0.1104736328125,-0.11048613038613306,1.2497573633057923e-05
0.25724999999999998,-0.08453369140625,-0.084541515127415187,7.8237211651871474e-06
0.25737500000000002,-0.045745849609375,-0.045742384218561118,-3.465390813882363e-06
0.25750000000000001,0,-5.0522092809871687e-07,5.0522092809871687e-07
0.25762499999999999,0.04571533203125,0.04571860272540848,-3.2706941584803584e-06
0.25774999999999998,0.084442138671875,0.084456368163184997,-1.4229491309997178e-05
0.25787500000000002,0.110321044921875,0.11032027890891268,7.6601296232492455e-07
0.25800000000000001,0.119384765625,0.11938020686419254,4.5587608074604269e-06
0.25812499999999999,0.110260009765625,0.11026560414470682,-5.5943790818191452e-06
0.25824999999999998,0.084381103515625,0.084372825043240382,8.2784723846179853e-06
0.25837500000000002,0.045654296875,0.045651213700587008,3.0831744129919403e-06
0.25850000000000001,0,7.2613348346114098e-07,-7.2613348346114098e-07
0.25862499999999999,-0.045623779296875,-0.045627035496936669,3.2562000616687126e-06
0.25874999999999998,-0.08428955078125,-0.084287402889103052,-2.1478921469475498e-06
0.25887500000000002,-0.110107421875,-0.11009963709760368,-7.7847773963246603e-06
0.25900000000000001,-0.119140625,-0.1191414624877242,8.3748772419789397e-07
0.25912499999999999,-0.11004638671875,-0.11004506965620098,-1.3170625490221965e-06
0.25924999999999998,-0.084197998046875,-0.084204023145713208,6.0250988382082316e-06
0.25937500000000002,-0.045562744140625,-0.045559776487354216,-2.9676532707842429e-06
0.25950000000000001,0,-4.9775239418547652e-07,4.9775239418547652e-07
0.25962499999999999,0.0455322265625,0.045536100071132589,-3.8735086325888957e-06
0.25974999999999998,0.0841064453125,0.084119224058958969,-1.2778746458969037e-05
0.25987500000000002,0.109893798828125,0.10987988498084378,1.3913847281221692e-05
0.26000000000000001,0.118896484375,0.11890364397638542,-7.1596013854202667e-06
0.260125,0.109832763671875,0.10982542465164417,7.3390202308259989e-06
0.26024999999999998,0.08404541015625,0.084036007372775529,9.4027834744714323e-06
0.26037500000000002,0.04547119140625,0.045468970826265394,2.2205799846061747e-06
0.26050000000000001,0,7.1868987810134232e-07,-7.1868987810134232e-07
0.260625,-0.045440673828125,-0.045444897471114222,4.2236429892220095e-06
0.26074999999999998,-0.083953857421875,-0.083950932386908581,-2.925034966419493e-06
0.26087500000000002,-0.109649658203125,-0.10966012306648497,1.0464863359968546e-05
0.26100000000000001,-0.11865234375,-0.11866585176575856,1.3508015758556535e-05
0.261125,-0.109619140625,-0.10960576963930146,-1.3370985698535343e-05
0.26124999999999998,-0.0838623046875,-0.083867878439207108,5.5737517071080545e-06
0.26137500000000002,-0.045379638671875,-0.045377897740920568,-1.7409309544316742e-06
0.26150000000000001,0,-4.9033364756581903e-07,4.9033364756581903e-07
0.261625,0.04534912109375,0.045354325945259587,-5.204851509586772e-06
0.26174999999999998,0.083770751953125,0.083783425812962928,-1.2673859837927792e-05
0.26187500000000002,0.10943603515625,0.10944124908866136,-5.2139324113603669e-06
0.26200000000000001,0.118438720703125,0.11842898351784747,9.7371852775252066e-06
0.262125,0.109375,0.10938700235371801,-1.2002353718010284e-05
0.26224999999999998,0.083709716796875,0.083700534285641684,9.1825112333160375e-06
0.26237500000000002,0.0452880859375,0.045287455480175834,6.3045732416611155e-07
0.26250000000000001,0,7.1129592061496539e-07,-7.1129592061496539e-07
0.262625,-0.045257568359375,-0.045263486518142215,5.9181587672152425e-06
0.26274999999999998,-0.0836181640625,-0.083615805053966777,-2.3590085332231281e-06
0.26287500000000003,-0.109222412109375,-0.10922236355873743,-4.8550637565814014e-08
0.26300000000000001,-0.118194580078125,-0.11819213967203562,-2.4404060893767898e-06
0.263125,-0.109161376953125,-0.10916822330667367,6.846353548667361e-06
0.26324999999999998,-0.083526611328125,-0.083533075629543152,6.4643014181520186e-06
0.26337500000000003,-0.045196533203125,-0.045196745069094227,2.118659692268432e-07
0.26350000000000001,0,-4.8296440640197825e-07,4.8296440640197825e-07
0.263625,0.045166015625,0.045173277439592686,-7.261814592686433e-06
0.26374999999999998,0.08343505859375,0.083448968052614772,-1.3909458864772017e-05
0.26387500000000003,0.1090087890625,0.10900436421435272,4.4248481472775048e-06
0.26400000000000001,0.117950439453125,0.11795621789412017,-5.7784409951688875e-06
0.264125,0.10894775390625,0.10895033023621353,-2.5763299635328529e-06
0.26424999999999998,0.0833740234375,0.083366400414233516,7.6230232664842301e-06
0.26437500000000003,0.04510498046875,0.045106664757973237,-1.684289223237434e-06
0.26450000000000001,0,7.0395133323597789e-07,-7.0395133323597789e-07
0.264625,-0.045074462890625,-0.045082799735637329,8.3368450123286197e-06
0.26474999999999999,-0.083282470703125,-0.083282015528429787,-4.5517469521305642e-07
0.26487500000000003,-0.108795166015625,-0.10878635157037148,-8.8144452535243722e-06
0.26500000000000001,-0.117706298828125,-0.11772031862727041,1.4019799145406631e-05
0.265125,-0.108734130859375,-0.10873242365761557,-1.7072017594321753e-06
0.26524999999999999,-0.08319091796875,-0.083199609359845314,8.6913910953140272e-06
0.26537500000000003,-0.045013427734375,-0.045016315573326866,2.8878389518663394e-06
0.26550000000000001,0,-4.7564440036717202e-07,4.7564440036717202e-07
0.265625,0.04498291015625,0.044992951657544251,-1.0041501294251465e-05
0.26574999999999999,0.0831298828125,0.083115845426781743,1.4037385718257411e-05
0.26587499999999997,0.10858154296875,0.10856922336791318,1.2319600836821487e-05
0.26600000000000001,0.11749267578125,0.1174853395410618,7.3362401881993389e-06
0.266125,0.1085205078125,0.10851540131241474,5.1065000852557052e-06
0.26624999999999999,0.083038330078125,0.083033600412373273,4.7296657517265084e-06
0.26637499999999997,0.044921875,0.044926595766916072,-4.7207669160720389e-06
0.26650000000000001,0,6.9665583962483729e-07,-6.9665583962483729e-07
0.266625,-0.044891357421875,-0.044902834232792961,1.14768109179611e-05
0.26674999999999999,-0.08294677734375,-0.08294955846985394,2.7811261039401014e-06
0.26687499999999997,-0.108367919921875,-0.10835208012534571,-1.5839796529290573e-05
0.26700000000000002,-0.11724853515625,-0.11725038108243428,1.8459261842823649e-06
0.267125,-0.108306884765625,-0.1082983637193719,-8.5210462530960207e-06
0.26724999999999999,-0.082855224609375,-0.082867474294615051,1.22496852400511e-05
0.26737499999999997,-0.044830322265625,-0.04483660636665987,6.2841010348702042e-06
0.26750000000000002,0,-4.6837335046317078e-07,4.6837335046317078e-07
0.267625,0.0447998046875,0.0448133457140895,-1.3541026589500293e-05
0.26774999999999999,0.082794189453125,0.082784052605685485,1.0136847439515262e-05
0.26787499999999997,0.108123779296875,0.10813581958726481,-1.2040290389814245e-05
0.26800000000000002,0.11700439453125,0.11701634092472654,-1.1946393476541806e-05
0.268125,0.10809326171875,0.10808220862349795,1.1053095252053224e-05
0.26824999999999999,0.08270263671875,0.082702128955225176,5.0776352482351239e-07
0.26837499999999997,0.04473876953125,0.044747245625758478,-8.4760945084777495e-06
0.26850000000000002,0,6.8940916486152676e-07,-6.8940916486152676e-07
0.268625,-0.04473876953125,-0.044723587130351496,-1.5182400898504367e-05
0.26874999999999999,-0.082611083984375,-0.082618428559114235,7.3445747392347771e-06
0.26887499999999998,-0.10791015625,-0.10791954227549359,9.3860254935934639e-06
0.26900000000000002,-0.116790771484375,-0.1167823195186342,-8.4519657407994275e-06
0.269125,-0.107879638671875,-0.10786603654702136,-1.3602124853642761e-05
0.26924999999999999,-0.082550048828125,-0.082536665119655753,-1.3383708469247302e-05
0.26937499999999998,-0.044647216796875,-0.044657614573604218,1.0397776729217934e-05
0.26950000000000002,0,-4.6115098247712041e-07,4.6115098247712041e-07
0.269625,0.044647216796875,0.044634456735720293,1.2760061154706848e-05
0.26974999999999999,0.08245849609375,0.082453584280830786,4.9118129192143867e-06
0.26987499999999998,0.107696533203125,0.10770414593809909,-7.6127349740856554e-06
0.27000000000000002,0.116546630859375,0.11654921454124403,-2.5836818690339047e-06
0.270125,0.107666015625,0.10765074523841896,1.5270386581042739e-05
0.27024999999999999,0.082366943359375,0.082371980739208123,-5.0373798331226904e-06
0.27037499999999998,0.0445556640625,0.044568611464812231,-1.2947402312231404e-05
0.27050000000000002,0,6.8221103212941277e-07,-6.8221103212941277e-07
0.270625,-0.0445556640625,-0.044545055560545901,-1.060850195409857e-05
0.27074999999999999,-0.082275390625,-0.082288620498319309,1.3229873319309249e-05
0.27087499999999998,-0.10748291015625,-0.10748873110036115,5.8209441111539695e-06
0.27100000000000002,-0.116302490234375,-0.11631612644699234,1.3636212617337828e-05
0.271125,-0.107421875,-0.10743543522337054,1.3560223370540081e-05
0.27124999999999999,-0.08221435546875,-0.082207176541985186,-7.1789267648142419e-06
0.27137499999999998,-0.044464111328125,-0.044479337330202366,1.5226002077366185e-05
0.27150000000000002,0,-4.5397702360531134e-07,4.5397702360531134e-07
0.27162500000000001,0.044464111328125,0.044456281860402257,7.829467722743344e-06
0.27174999999999999,0.082122802734375,0.082124435164911316,-1.6324305363163427e-06
0.27187499999999998,0.107269287109375,0.10727419551379666,-4.9084044216607392e-06
0.27200000000000002,0.1160888671875,0.11608395291669908,4.914270800918108e-06
0.27212500000000001,0.107208251953125,0.10722100425380236,-1.2752300677362771e-05
0.27224999999999999,0.08203125,0.082043150481919874,-1.1900481919874251e-05
0.27237499999999998,0.044403076171875,0.044390690425826662,1.2385746048337865e-05
0.27250000000000002,0,6.7506117595841374e-07,-6.7506117595841374e-07
0.27262500000000001,-0.04437255859375,-0.044367236667056893,-5.321926693106771e-06
0.27274999999999999,-0.08197021484375,-0.081960129010728994,-1.0085833021006296e-05
0.27287499999999998,-0.1070556640625,-0.10705963970712833,3.9756446283262248e-06
0.27300000000000002,-0.1158447265625,-0.11585179440852635,7.0678460263456921e-06
0.27312500000000001,-0.10699462890625,-0.10700655285883562,1.1923952585618514e-05
0.27324999999999999,-0.081878662109375,-0.081879003289750743,3.4118037574304427e-07
0.27337499999999998,-0.0443115234375,-0.044301771783920654,-9.7516535793457093e-06
0.27350000000000002,0,-4.4685120244629745e-07,4.4685120244629745e-07
0.27362500000000001,0.044281005859375,0.044278818237516754,2.1876218582461693e-06
0.27374999999999999,0.081787109375,0.081796599991727295,-9.4906167272951203e-06
0.27387499999999998,0.106842041015625,0.10684596143531035,-3.9204196853465101e-06
0.27400000000000002,0.115631103515625,0.11562054860701235,1.0554908612653291e-05
0.27412500000000001,0.106781005859375,0.10679297879383103,-1.197293445602543e-05
0.27424999999999999,0.08172607421875,0.081715632922038747,1.0441296711252712e-05
0.27437499999999998,0.044219970703125,0.044213479661961458,6.491041163542155e-06
0.27450000000000002,0,6.6795932232316777e-07,-6.6795932232316777e-07
0.27462500000000001,-0.044189453125,-0.044190127604967294,6.7447996729419479e-07
0.27474999999999999,-0.081634521484375,-0.081632948840660524,-1.5726437144758521e-06
0.27487499999999998,-0.10662841796875,-0.10663226123049084,3.8432617408407088e-06
0.27500000000000002,-0.115386962890625,-0.11538931597402999,2.3530834049878546e-06
0.27512500000000001,-0.1065673828125,-0.10657938259133733,1.1999778837326613e-05
0.27524999999999999,-0.08154296875,-0.081552140112145219,9.1713621452188532e-06
0.27537499999999998,-0.04412841796875,-0.044124915093603806,-3.5028751461940733e-06
0.27550000000000002,0,-4.3977324899404764e-07,4.3977324899404764e-07
0.27562500000000001,0.044097900390625,0.044102063027833593,-4.1626372085934449e-06
0.27575,0.08148193359375,0.081470073516101305,1.1860077648695455e-05
0.27587499999999998,0.106414794921875,0.10641943685105013,-4.6419291751254033e-06
0.27600000000000002,0.11517333984375,0.11515899419782095,1.4345645929045303e-05
0.27612500000000001,0.106353759765625,0.10636666201013471,-1.2902244509713223e-05
0.27625,0.081390380859375,0.081389422819248658,9.5804012634204128e-07
0.27637499999999998,0.044036865234375,0.044036976337741118,-1.1110336611830363e-07
0.27650000000000002,0,6.6090520191279353e-07,-6.6090520191279353e-07
0.27662500000000001,-0.04400634765625,-0.044013725540716461,7.3778844664612597e-06
0.27675,-0.081298828125,-0.081307074753418529,8.2466284185289673e-06
0.27687499999999998,-0.106201171875,-0.10620658883255055,5.4169575505469414e-06
0.27700000000000002,-0.11492919921875,-0.11492868374395422,-5.1547479577862543e-07
0.27712500000000001,-0.10614013671875,-0.10615391758618969,1.3780867439694422e-05
0.27725,-0.08123779296875,-0.08122658177932042,-1.1211189429580215e-05
0.27737499999999998,-0.0439453125,-0.043948764429441685,3.4519294416848756e-06
0.27750000000000002,0,-4.3274289136792216e-07,4.3274289136792216e-07
0.27762500000000001,0.043914794921875,0.043926013403453437,-1.1218481578437189e-05
0.27775,0.081146240234375,0.081144850513794317,1.3897205806828739e-06
0.27787499999999998,0.105987548828125,0.10599461493678106,-7.0661086560563913e-06
0.27800000000000002,0.11468505859375,0.11469928230436015,-1.4223710610147822e-05
0.27812500000000001,0.10595703125,0.10594204708168574,1.4984168314260971e-05
0.27825,0.0810546875,0.081064514954152983,-9.8274541529830284e-06
0.27837499999999998,0.043853759765625,0.043861177629006591,-7.4178633815910611e-06
0.27850000000000003,0,6.5389854680161315e-07,-6.5389854680161315e-07
0.27862500000000001,-0.043853759765625,-0.04383802765205802,-1.5732113566979677e-05
0.27875,-0.08099365234375,-0.080982501535201826,-1.1150808548174296e-05
0.27887499999999998,-0.10577392578125,-0.10578261570270588,8.689921455876104e-06
0.27900000000000003,-0.114471435546875,-0.11446989034828892,-1.545198586083707e-06
0.27912500000000001,-0.105743408203125,-0.10573015103599084,-1.3257167134156367e-05
0.27925,-0.080902099609375,-0.08090232308231271,2.2347293771041166e-07
0.27937499999999998,-0.04376220703125,-0.043773316972921035,1.1109941671035017e-05
0.27950000000000003,0,-4.2575986887174759e-07,4.2575986887174759e-07
0.27962500000000001,0.04376220703125,0.043750666547765556,1.1540483484444308e-05
0.27975,0.080810546875,0.080820925781424482,-1.037890642448247e-05
0.27987499999999998,0.105560302734375,0.10557148889550898,-1.1186161133977524e-05
0.28000000000000003,0.114227294921875,0.11424140557134489,-1.4110649469892267e-05
0.28012500000000001,0.10552978515625,0.10551912721468203,1.0657941567973617e-05
0.28025,0.08074951171875,0.080740904128191085,8.6075905589150237e-06
0.28037499999999999,0.043670654296875,0.043686080722882124,-1.542642600712435e-05
0.28050000000000003,0,6.4693909044238459e-07,-6.4693909044238459e-07
0.28062500000000001,-0.043670654296875,-0.04366303112800262,-7.6231688723796265e-06
0.28075,-0.080657958984375,-0.080659223993022416,1.2650086474164102e-06
0.28087499999999999,-0.1053466796875,-0.10536033505754415,1.3655370044149406e-05
0.28100000000000003,-0.114013671875,-0.11401292844644484,-7.434285551610742e-07
0.28112500000000001,-0.105316162109375,-0.10530807616051401,-8.0859488609946739e-06
0.28125,-0.08056640625,-0.080579358832945897,1.2952582945896518e-05
0.28137499999999999,-0.043609619140625,-0.043598569916780294,-1.1049223844705747e-05
0.28149999999999997,0,-4.1882393502913203e-07,4.1882393502913203e-07
0.28162500000000001,0.0435791015625,0.043576019655405779,3.0819070942211813e-06
0.28175,0.08050537109375,0.080498294136374618,7.0769573753820536e-06
0.28187499999999999,0.10516357421875,0.10515005195737312,1.3522261376880396e-05
0.28199999999999997,0.113800048828125,0.11378535667285236,1.4692155272638674e-05
0.28212500000000001,0.1051025390625,0.1050978956424425,4.6434200575012907e-06
0.28225,0.080413818359375,0.080418585163552714,-4.7668041777138015e-06
0.28237499999999999,0.04351806640625,0.04351168281771213,6.3835885378699109e-06
0.28249999999999997,0,6.4002658704399881e-07,-6.4002658704399881e-07
0.28262500000000002,-0.043487548828125,-0.043488733168788068,1.1843406630684949e-06
0.28275,-0.080352783203125,-0.080337236954624705,-1.5546248500294957e-05
0.28287499999999999,-0.104949951171875,-0.10493974014072811,-1.0211031146886707e-05
0.28299999999999997,-0.113555908203125,-0.11355779072713622,1.882524011218023e-06
0.28312500000000002,-0.104888916015625,-0.10488768620659908,-1.2298090259210692e-06
0.28325,-0.08026123046875,-0.080257683863755078,-3.54660499492232e-06
0.28337499999999999,-0.043426513671875,-0.043424520464961744,-1.993206913256107e-06
0.28349999999999997,0,-4.1193477671222921e-07,4.1193477671222921e-07
0.28362500000000002,0.04339599609375,0.043402069932196669,-6.0738384466685336e-06
0.28375,0.080169677734375,0.080176950416720835,-7.2726823458352241e-06
0.28387499999999999,0.104736328125,0.10473029737953891,6.0307454610858402e-06
0.28399999999999997,0.11334228515625,0.11333112831220465,1.1156844045345782e-05
0.28412500000000002,0.10467529296875,0.1046783456253035,-3.0526565534955141e-06
0.28425,0.080108642578125,0.080097552903106786,1.1089675018213785e-05
0.28437499999999999,0.0433349609375,0.043337981123031492,-3.0201855314923587e-06
0.28449999999999998,0,6.3316073073181898e-07,-6.3316073073181898e-07
0.28462500000000002,-0.043304443359375,-0.043315130985837426,1.0687626462425881e-05
0.28475,-0.08001708984375,-0.08001653526839124,-5.5457535876046737e-07
0.28487499999999999,-0.104522705078125,-0.10452082422289408,-1.8808552309235171e-06
0.28499999999999998,-0.11309814453125,-0.11310446990826381,6.3253770138105292e-06
0.28512500000000002,-0.104461669921875,-0.10446897444804332,7.3045261683168938e-06
0.28525,-0.079925537109375,-0.079937293027913081,1.1755918538081112e-05
0.28537499999999999,-0.043243408203125,-0.043251165832581658,7.7576294566575332e-06
0.28549999999999998,0,-4.0509216321460701e-07,4.0509216321460701e-07
0.28562500000000002,0.043243408203125,0.043228814595135653,1.4593607989346613e-05
0.28575,0.079864501953125,0.079856889481152146,7.6124719728537515e-06
0.28587499999999999,0.10430908203125,0.10431221844608408,-3.1364148340845555e-06
0.28599999999999998,0.112884521484375,0.11287871322185204,5.8082625229577411e-06
0.28612500000000002,0.104248046875,0.10426047045049747,-1.2423575497466643e-05
0.28625,0.07977294921875,0.079777802210293527,-4.852991543527474e-06
0.28637499999999999,0.04315185546875,0.043164972859502937,-1.3117390752936942e-05
0.28649999999999998,0,6.2634128816927286e-07,-6.2634128816927286e-07
0.28662500000000002,-0.04315185546875,-0.043142221801690493,-9.6336670595068008e-06
0.28675,-0.0797119140625,-0.079697113803285508,-1.4800259214492462e-05
0.28687499999999999,-0.104095458984375,-0.10410358060154533,8.1216171703285545e-06
0.28699999999999998,-0.112640380859375,-0.11265295873679837,1.2577877423369799e-05
0.28712500000000002,-0.10406494140625,-0.10405193418549985,-1.3007220750149706e-05
0.28725000000000001,-0.079620361328125,-0.079618181199123089,-2.18012900191078e-06
0.28737499999999999,-0.0430908203125,-0.043078503245853009,-1.2317066646991282e-05
0.28749999999999998,0,-3.9829581988926711e-07,3.9829581988926711e-07
0.28762500000000002,0.043060302734375,0.043056250872305829,4.0518620691709639e-06
0.28775000000000001,0.07952880859375,0.079538106208869919,-9.2976151199186674e-06
0.28787499999999999,0.1038818359375,0.10389580846790458,-1.3972530404582351e-05
0.28799999999999998,0.1124267578125,0.11242810416325673,-1.3463507567285093e-06
0.28812500000000002,0.103851318359375,0.10384426343206409,7.0549273109149491e-06
0.28825000000000001,0.0794677734375,0.079459327969076732,8.4454684232682098e-06
0.28837499999999999,0.042999267578125,0.042992655258899379,6.6123192256212215e-06
0.28849999999999998,0,6.1956798541009225e-07,-6.1956798541009225e-07
0.28862500000000002,-0.04296875,-0.042970002849974404,1.2528499744035582e-06
0.28875000000000001,-0.079376220703125,-0.079378967448735543,2.746745610543444e-06
0.28887499999999999,-0.10369873046875,-0.10368800260093519,-1.0727867814808167e-05
0.28899999999999998,-0.112213134765625,-0.11220324998866457,-9.884776960428221e-06
0.28912500000000002,-0.1036376953125,-0.10363655874635702,-1.1365661429785234e-06
0.28925000000000001,-0.079315185546875,-0.07930034327157072,-1.4842275304280395e-05
0.28937499999999999,-0.04290771484375,-0.042906529942085631,-1.1849016643694643e-06
0.28949999999999998,0,-3.9154549275744369e-07,3.9154549275744369e-07
0.28962500000000002,0.042877197265625,0.042884376002879095,-7.1787372540946248e-06
0.28975000000000001,0.0792236328125,0.079220595499517585,3.0373129824151635e-06
0.28987499999999999,0.103485107421875,0.10348106078258928,4.0466392857152478e-06
0.28999999999999998,0.111968994140625,0.111979293926777,-1.0299786151996004e-05
0.29012500000000002,0.103424072265625,0.10342971791072349,-5.6456450984870843e-06
0.29025000000000001,0.079132080078125,0.079142125083825302,-1.0045005700301535e-05
0.29037499999999999,0.042816162109375,0.042821025564044678,-4.8634546696776915e-06
0.29049999999999998,0,6.1284057549325809e-07,-6.1284057549325809e-07
0.29062500000000002,-0.04278564453125,-0.042798471375377033,1.2826844127032666e-05
0.29075000000000001,-0.079071044921875,-0.079062091114588631,-8.9538072863687423e-06
0.29087499999999999,-0.103271484375,-0.10327408357196627,2.5991969662686465e-06
0.29099999999999998,-0.11175537109375,-0.11175533646862543,-3.462512457308442e-08
0.29112500000000002,-0.10321044921875,-0.10322284148464757,1.2392265897567811e-05
0.29125000000000001,-0.0789794921875,-0.078983774159805981,4.281972305980597e-06
0.291375,-0.042724609375,-0.042735243169594629,1.0633794594629153e-05
0.29149999999999998,0,-3.8484092907979752e-07,3.8484092907979752e-07
0.29162500000000002,0.042724609375,0.042713187237024657,1.1422137975343472e-05
0.29175000000000001,0.07891845703125,0.07890435227311228,1.4104758137720164e-05
0.291875,0.103057861328125,0.10306796875433286,-1.0107426207855985e-05
0.29199999999999998,0.111541748046875,0.11153227533155184,9.4727153231582983e-06
0.29212500000000002,0.10302734375,0.10301682725378947,1.0516496210533077e-05
0.29225000000000001,0.078826904296875,0.078826188479263593,7.1581761140748768e-07
0.292375,0.04266357421875,0.042650081028751924,1.3493189998076138e-05
0.29249999999999998,0,6.061587872584267e-07,-6.061587872584267e-07
0.29262500000000002,-0.042633056640625,-0.042627624633561581,-5.4320070634189532e-06
0.29275000000000001,-0.0787353515625,-0.078746479730993524,1.1128168493523827e-05
0.292875,-0.102874755859375,-0.10286181689209148,-1.2938967283521174e-05
0.29299999999999998,-0.111297607421875,-0.11130921101016729,1.1603588292288802e-05
0.29312500000000002,-0.102813720703125,-0.10281077578093481,-2.9449221901900469e-06
0.29325000000000001,-0.07867431640625,-0.078668468798698155,-5.8476075518454351e-06
0.293375,-0.042572021484375,-0.042564640187697747,-7.3812966772529576e-06
0.29349999999999998,0,-3.7818185838823679e-07,3.7818185838823679e-07
0.29362500000000002,0.04254150390625,0.04254268183591222,-1.1779296622202451e-06
0.29375000000000001,0.078582763671875,0.078589371469932195,-6.6077980571954686e-06
0.293875,0.1026611328125,0.10265652577381017,4.6070386898328097e-06
0.29399999999999998,0.111083984375,0.11108704122538619,-3.0568503861932994e-06
0.29412500000000003,0.10260009765625,0.10260558485504367,-5.4871987936744304e-06
0.29425000000000001,0.078521728515625,0.078511513100376532,1.0215415248468473e-05
0.294375,0.04248046875,0.042479818917820648,6.4983217935160598e-07
0.29449999999999998,0,5.995223700048269e-07,-5.995223700048269e-07
0.29462500000000003,-0.042449951171875,-0.042457459891169745,7.5087192947451142e-06
0.29475000000000001,-0.07843017578125,-0.078432128248355507,1.9524671055065612e-06
0.294875,-0.102447509765625,-0.10245119596519095,3.6861995659498437e-06
0.29499999999999998,-0.110870361328125,-0.11086486647538496,-5.4948527400400238e-06
0.29512500000000003,-0.102386474609375,-0.10240035504219969,1.388043282468665e-05
0.29525000000000001,-0.078369140625,-0.078354422143318725,-1.4718481681275097e-05
0.295375,-0.042388916015625,-0.042394718266653662,5.8022510286623308e-06
0.29549999999999998,0,-3.7156803692840947e-07,3.7156803692840947e-07
0.29562500000000003,0.0423583984375,0.042372857071626975,-1.4458634126975067e-05
0.29575000000000001,0.078277587890625,0.078275648050471519,1.9398401534809206e-06
0.295875,0.10223388671875,0.10224672525808996,-1.2838539339962707e-05
0.29599999999999999,0.11065673828125,0.11064358448463631,1.3153796613693536e-05
0.29612500000000003,0.102203369140625,0.10219598413464712,7.3850059778834964e-06
0.29625000000000001,0.07818603515625,0.0781980939123154,-1.2058756065400078e-05
0.296375,0.04229736328125,0.042310236506946174,-1.2873225696173607e-05
0.29649999999999999,0,5.9293107425578387e-07,-5.9293107425578387e-07
0.29662500000000003,-0.04229736328125,-0.042287974425731116,-9.3888555188839651e-06
0.29675000000000001,-0.078125,-0.078119031637224112,-5.9683627758877478e-06
0.296875,-0.10205078125,-0.10204221422148595,-8.567028514053221e-06
0.29699999999999999,-0.11041259765625,-0.11042229575486771,9.6980986177136463e-06
0.29712499999999997,-0.10198974609375,-0.10199157270175925,1.8266080092504966e-06
0.29725000000000001,-0.078033447265625,-0.078041629168896426,8.1819032714258721e-06
0.297375,-0.042236328125,-0.042225474687600961,-1.0853437399038768e-05
0.29749999999999999,0,-3.6499919698443254e-07,3.6499919698443254e-07
0.29762499999999997,0.042205810546875,0.04220371022712633,2.100319748669921e-06
0.29775000000000001,0.077972412109375,0.077963176995324013,9.2351140509872032e-06
0.297875,0.101837158203125,0.10183856065051249,-1.402447387485739e-06
0.29799999999999999,0.110198974609375,0.11020189801409593,-2.9234047209253378e-06
0.29812499999999997,0.101776123046875,0.10178801853903462,-1.1895492159616494e-05
0.29825000000000002,0.077880859375,0.077885925900348471,-5.0665253484710737e-06
0.298375,0.042144775390625,0.042141331082722729,3.444307902271404e-06
0.29849999999999999,0,5.8638463297928746e-07,-5.8638463297928746e-07
0.29862499999999997,-0.0421142578125,-0.042119165525648962,4.9077131489619341e-06
0.29875000000000002,-0.07781982421875,-0.077807184888226105,-1.2639330523894765e-05
0.298875,-0.10162353515625,-0.10163486511741439,1.1329961164388558e-05
0.29899999999999999,-0.1099853515625,-0.10998149176758538,-3.8597949146151889e-06
0.29912499999999997,-0.101593017578125,-0.10158442221911348,-8.5953590115150913e-06
0.29925000000000002,-0.077728271484375,-0.077730084870701266,1.8133863262659311e-06
0.299375,-0.04205322265625,-0.042056906742555349,3.6840863053486106e-06
0.29949999999999999,0,-3.5847509733892363e-07,3.5847509733892363e-07
0.29962499999999997,0.042022705078125,0.042035238596283248,-1.2533518158247547e-05
0.29975000000000002,0.077667236328125,0.077651953305138299,1.5283022986700701e-05
0.299875,0.1014404296875,0.101432025420592,8.4042669079992249e-06
0.29999999999999999,0.109771728515625,0.10976197474688271,9.7537687422932784e-06
0.30012499999999998,0.10137939453125,0.10138168154077405,-2.2870095240518085e-06
0.30025000000000002,0.07757568359375,0.077575004069745213,6.7952400478743513e-07
0.300375,0.041961669921875,0.041973099942553507,-1.1430020678507291e-05
0.30049999999999999,0,5.7988280558828962e-07,-5.7988280558828962e-07
0.30062499999999998,-0.041961669921875,-0.041951030490179772,-1.0639431695227963e-05
0.30075000000000002,-0.077484130859375,-0.077496583011998729,1.2452152623729229e-05
0.300875,-0.101226806640625,-0.1012291421355455,2.335494920499559e-06
0.30099999999999999,-0.10955810546875,-0.10954244746077514,-1.5658007974858612e-05
0.30112499999999998,-0.101165771484375,-0.10117889707990327,1.3125595528268308e-05
0.30125000000000002,-0.077423095703125,-0.077419784263995484,-3.3114391295163692e-06
0.301375,-0.041900634765625,-0.041889011734319914,-1.1623031305085796e-05
0.30149999999999999,0,-3.5199547300152166e-07,3.5199547300152166e-07
0.30162499999999998,0.0418701171875,0.041867439483698005,2.6777038019953903e-06
0.30175000000000002,0.07733154296875,0.077341972000506867,-1.0429031756867269e-05
0.301875,0.10101318359375,0.10102711306391936,-1.3929470169357638e-05
0.30199999999999999,0.10931396484375,0.10932380764432512,-9.8428005751161063e-06
0.30212499999999998,0.100982666015625,0.10097696663852193,5.6993771030688922e-06
0.30225000000000002,0.0772705078125,0.077265323445731837,5.1843667681628069e-06
0.302375,0.04180908203125,0.041805540394648018,3.541636601982201e-06
0.30249999999999999,0,5.7342532776966883e-07,-5.7342532776966883e-07
0.30262499999999998,-0.041778564453125,-0.041783566629332129,5.0021762071292275e-06
0.30275000000000002,-0.077178955078125,-0.077187221039078713,8.265960953712792e-06
0.30287500000000001,-0.100830078125,-0.10082503878445859,-5.0393405414128623e-06
0.30299999999999999,-0.109100341796875,-0.10910515580982866,4.814012953657798e-06
0.30312499999999998,-0.10076904296875,-0.10077499079575798,5.9478270079821316e-06
0.30325000000000002,-0.077117919921875,-0.077110722383940566,-7.1975379344335622e-06
0.30337500000000001,-0.041717529296875,-0.041721786976488179,4.2576796131787997e-06
0.30349999999999999,0,-3.455600790711424e-07,3.455600790711424e-07
0.30362499999999998,0.04168701171875,0.041700310204771017,-1.3298486021016964e-05
0.30375000000000002,0.0770263671875,0.077033228121899708,-6.8609343997078076e-06
0.30387500000000001,0.100616455078125,0.10062381710204124,-7.3620239162408563e-06
0.30399999999999999,0.10888671875,0.10888738969584992,-6.709458499204457e-07
0.30412499999999998,0.1005859375,0.10057386735687142,1.2070143128581345e-05
0.30425000000000002,0.07696533203125,0.076956879073376366,8.4529578736336486e-06
0.30437500000000001,0.0416259765625,0.041638649757961575,-1.2673195461575248e-05
0.30449999999999999,0,5.6701196144219219e-07,-5.6701196144219219e-07
0.30462499999999998,-0.0416259765625,-0.041616771263852832,-9.2052986471677367e-06
0.30475000000000002,-0.076873779296875,-0.076879094019858166,5.3147229831657095e-06
0.30487500000000001,-0.100433349609375,-0.10042254859864655,-1.0801010728450633e-05
0.30499999999999999,-0.108673095703125,-0.1086696098181797,-3.4858849452951146e-06
0.30512499999999998,-0.100372314453125,-0.10037269690421577,3.8245109076906481e-07
0.30525000000000002,-0.076812744140625,-0.076802894285504436,-9.8498551205639107e-06
0.30537500000000001,-0.04156494140625,-0.041555229793355117,-9.7116128948832037e-06
0.30549999999999999,0,-3.3916867184366274e-07,3.3916867184366274e-07
0.30562499999999998,0.041534423828125,0.041533848085596299,5.7574252870090659e-07
0.30575000000000002,0.07672119140625,0.076725716729598104,-4.525323348103516e-06
0.30587500000000001,0.1002197265625,0.10022213108237558,-2.4045198755845432e-06
0.30599999999999999,0.10845947265625,0.10845271391886992,6.7587373800831463e-06
0.30612499999999998,0.10015869140625,0.10017237724627492,-1.3685840024924012e-05
0.30625000000000002,0.07666015625,0.076649666017540183,1.0490232459817173e-05
0.30637500000000001,0.041473388671875,0.04147242536213528,9.6330973971964218e-07
0.30649999999999999,0,5.6064244498525241e-07,-5.6064244498525241e-07
0.30662499999999998,-0.04144287109375,-0.041450641725183937,7.7706314339370808e-06
0.30675000000000002,-0.076568603515625,-0.076572197024470254,3.5935088452537789e-06
0.30687500000000001,-0.10003662109375,-0.10002166513841941,-1.4955955330589465e-05
0.307,-0.108245849609375,-0.10823580251719217,-1.0047092182829953e-05
0.30712499999999998,-0.0999755859375,-0.099972008968612788,-3.5769688872117067e-06
0.30725000000000002,-0.076507568359375,-0.076496295043413293,-1.1273315961707331e-05
0.30737500000000001,-0.0413818359375,-0.041389337519914443,7.5015824144430976e-06
0.3075,0,-3.3282099036751227e-07,3.3282099036751227e-07
0.30762499999999998,0.0413818359375,0.04136805046296467,1.3785474535329967e-05
0.30775000000000002,0.076416015625,0.076419432903584869,-3.4172785848690657e-06
0.30787500000000001,0.099822998046875,0.099822048578089309,9.4946878569091009e-07
0.308,0.1080322265625,0.10801977335867222,1.2453203827783588e-05
0.30812499999999998,0.099761962890625,0.099772489882921991,-1.0526992296991389e-05
0.30825000000000002,0.07635498046875,0.076343679362785771,1.130110596422873e-05
0.30837500000000001,0.04132080078125,0.041306864547493334,1.3936233756665917e-05
0.3085,0,5.5431653666470358e-07,-5.5431653666470358e-07
0.30862499999999998,-0.041290283203125,-0.04128517535543718,-5.1078476878199663e-06
0.30875000000000002,-0.076263427734375,-0.076266525142745276,3.0974083702756117e-06
0.30887500000000001,-0.099609375,-0.099622381989784778,1.3006989784777878e-05
0.309,-0.107818603515625,-0.10780372696604859,-1.4876549576409159e-05
0.30912499999999998,-0.099578857421875,-0.099572920577973359,-5.9368439016410646e-06
0.30925000000000002,-0.076202392578125,-0.076190919752037692,-1.1472826087308152e-05
0.30937500000000001,-0.041229248046875,-0.041224107501798807,-5.1405450761932148e-06
0.3095,0,-3.2651679965907848e-07,3.2651679965907848e-07
0.30962499999999998,0.04119873046875,0.041202914684281042,-4.1842155310417573e-06
0.30975000000000003,0.07611083984375,0.076114371743500706,-3.5318997507055583e-06
0.30987500000000001,0.09942626953125,0.099423563188014416,2.7063432355839412e-06
0.31,0.107574462890625,0.10758856108830706,-1.4098197682055336e-05
0.31012499999999998,0.099365234375,0.099374198868655395,-8.9644936553945342e-06
0.31025000000000003,0.0760498046875,0.076038914213285194,1.0890474214805823e-05
0.31037500000000001,0.0411376953125,0.041141964664954837,-4.2693524548373385e-06
0.3105,0,5.4803399592853504e-07,-5.4803399592853504e-07
0.31062499999999998,-0.041107177734375,-0.041120369507311551,1.3191772936550772e-05
0.31075000000000003,-0.075958251953125,-0.075962073484101583,3.8215309765832206e-06
0.31087500000000001,-0.099212646484375,-0.099224692764364034,1.2046279989033626e-05
0.311,-0.10736083984375,-0.10737337625163917,1.2536407889174317e-05
0.31112499999999998,-0.09918212890625,-0.099175425346923751,-6.7035593262487758e-06
0.31125000000000003,-0.075897216796875,-0.075886763525348871,-1.0453271526128516e-05
0.31137500000000001,-0.041046142578125,-0.041059537095220262,1.3394517095262348e-05
0.3115,0,-3.2025584142668537e-07,3.2025584142668537e-07
0.31162499999999999,0.041046142578125,0.04103843810753921,7.7044705857898244e-06
0.31175000000000003,0.0758056640625,0.075810528368530791,-4.8643060307912434e-06
0.31187500000000001,0.099029541015625,0.099026668536529125,2.872479095875069e-06
0.312,0.107147216796875,0.10715907020847688,-1.185341160188369e-05
0.31212499999999999,0.098968505859375,0.098977497830850025,-8.9919714750252844e-06
0.31225000000000003,0.07574462890625,0.075735365692772005,9.2632134779946362e-06
0.31237500000000001,0.040985107421875,0.040977723076036913,7.3843458380865035e-06
0.3125,0,5.4179456514600066e-07,-5.4179456514600066e-07
0.31262499999999999,-0.04095458984375,-0.040956221544096318,1.6317003463175994e-06
0.31274999999999997,-0.075653076171875,-0.075658837177467561,5.761005592561097e-06
0.31287500000000001,-0.09881591796875,-0.098828591099271404,1.2673130521403952e-05
0.313,-0.10693359375,-0.10694474348845104,1.1149738451038393e-05
0.31312499999999999,-0.098785400390625,-0.098779516915571269,-5.8834750537306579e-06
0.31324999999999997,-0.075592041015625,-0.075583821496818901,-8.2195188060990576e-06
0.31337500000000001,-0.0408935546875,-0.040895623666967688,2.0689794676884143e-06
0.3135,0,-3.1403788313738337e-07,3.1403788313738337e-07
0.31362499999999999,0.040863037109375,0.040874618101296459,-1.1580991921458783e-05
0.31374999999999997,0.07550048828125,0.075507897917348729,-7.4096360987291332e-06
0.31387500000000002,0.0986328125,0.09863135827346288,1.4542265371203511e-06
0.314,0.106719970703125,0.106731293847426,-1.1323144300995347e-05
0.31412499999999999,0.09857177734375,0.098582380422327184,-1.0603078577184344e-05
0.31424999999999997,0.075439453125,0.075433028944441621,6.4241805583786782e-06
0.31437500000000002,0.040802001953125,0.04081413715276714,-1.2135199642139549e-05
0.3145,0,5.3559801239303641e-07,-5.3559801239303641e-07
0.31462499999999999,-0.040802001953125,-0.040792728839583715,-9.2731135412846277e-06
0.31474999999999997,-0.075347900390625,-0.075356811371268206,8.9109806432063898e-06
0.31487500000000002,-0.09844970703125,-0.098434070657030803,-1.5636374219196725e-05
0.315,-0.10650634765625,-0.10651782181845816,1.1474162208160998e-05
0.31512499999999999,-0.098388671875,-0.098385188949421234,-3.4829255787655056e-06
0.31524999999999997,-0.075286865234375,-0.075282088819321288,-4.7764150537116246e-06
0.31537500000000002,-0.040740966796875,-0.040732364594319469,-8.6022025555312909e-06
0.3155,0,-3.0786266913356958e-07,3.0786266913356958e-07
0.31562499999999999,0.04071044921875,0.040711452044591985,-1.0028258419850222e-06
0.31574999999999998,0.0751953125,0.07520647554805554,-1.1163048055540248e-05
0.31587500000000002,0.098236083984375,0.098237626074001744,-1.5420896267437367e-06
0.316,0.106292724609375,0.10630522516083063,-1.2500551455629783e-05
0.31612499999999999,0.098175048828125,0.098188840321246168,-1.3791493121168008e-05
0.31624999999999998,0.07513427734375,0.075131899130856397,2.378212893602849e-06
0.31637500000000002,0.0406494140625,0.040651204277681048,-1.7902151810481048e-06
0.3165,0,5.2944408266655214e-07,-5.2944408266655214e-07
0.31662499999999999,-0.040618896484375,-0.04062988877807186,1.0992293696859834e-05
0.31674999999999998,-0.075042724609375,-0.075055991233239819,1.3266623864818805e-05
0.31687500000000002,-0.098052978515625,-0.098041125125458151,-1.1853390166849387e-05
0.317,-0.1060791015625,-0.10609260441101165,1.3502848511648402e-05
0.31712499999999999,-0.097991943359375,-0.097992435139256942,4.9177988194204492e-07
0.31724999999999998,-0.074981689453125,-0.074981560665118074,-1.2878800692561754e-07
0.31737500000000002,-0.040557861328125,-0.04056975726504649,1.1895936921489658e-05
0.3175,0,-3.017299632841774e-07,3.017299632841774e-07
0.31762499999999999,0.040557861328125,0.040548937326949919,8.9240011750812975e-06
0.31774999999999998,0.074920654296875,0.07490625643805944,1.4397858815559661e-05
0.31787500000000002,0.09783935546875,0.097845465638570925,-6.1101698209248267e-06
0.318,0.10589599609375,0.10588085733168937,1.5138762060634692e-05
0.31812499999999999,0.097808837890625,0.097796871230996035,1.1966659628964704e-05
0.31824999999999998,0.0748291015625,0.074831971433911446,-2.8698714114455681e-06
0.31837500000000002,0.040496826171875,0.040488921843763244,7.9043281117560649e-06
0.31850000000000001,0,5.233325464630144e-07,-5.233325464630144e-07
0.31862499999999999,-0.04046630859375,-0.04046769875428366,1.3901605336597012e-06
0.31874999999999998,-0.07476806640625,-0.074756371950438855,-1.1694455811145366e-05
0.31887500000000002,-0.09765625,-0.097649748217567431,-6.5017824325691587e-06
0.31900000000000001,-0.105682373046875,-0.10566908446273034,-1.3288584144663385e-05
0.31912499999999999,-0.09759521484375,-0.097601249201057283,6.034357307282967e-06
0.31924999999999998,-0.074676513671875,-0.074682232225718029,5.718553843028773e-06
0.31937500000000002,-0.0404052734375,-0.040407799077325571,2.5256398255707468e-06
0.31950000000000001,0,-2.9563953061403516e-07,2.9563953061403516e-07
0.31962499999999999,0.040374755859375,0.040387071348292808,-1.2315488917807871e-05
0.31974999999999998,0.074615478515625,0.074607235784020051,8.2427316049488164e-06
0.31987500000000002,0.097442626953125,0.097454870692752549,-1.2243739627548766e-05
0.32000000000000001,0.10546875,0.10545818357021419,1.0566429785807685e-05
0.32012499999999999,0.097412109375,0.097406466880111148,5.6424948888522675e-06
0.32024999999999998,0.07452392578125,0.074533241054739935,-9.3152734899348832e-06
0.32037500000000002,0.040313720703125,0.040327287254389096,-1.3566551264096449e-05
0.32050000000000001,0,5.172631513814713e-07,-5.172631513814713e-07
0.32062499999999999,-0.040313720703125,-0.040306156173342045,-7.5645297829551872e-06
0.32074999999999998,-0.074462890625,-0.074457948729117651,-4.9418958823488346e-06
0.32087500000000002,-0.097259521484375,-0.097259933671476839,4.1218710183921203e-07
0.32100000000000001,-0.105255126953125,-0.10524725519739213,-7.8717557328716881e-06
0.32112499999999999,-0.097198486328125,-0.097211624875877783,1.3138547752783447e-05
0.32124999999999998,-0.074371337890625,-0.074384098711842511,1.2760821217511209e-05
0.32137500000000002,-0.040252685546875,-0.040246487439736918,-6.198107138082054e-06
0.32150000000000001,0,-2.895911193687672e-07,2.895911193687672e-07
0.32162499999999999,0.04022216796875,0.040225851518944596,-3.6835501945955973e-06
0.32174999999999998,0.074310302734375,0.074309408801771754,8.9393260324643897e-07
0.32187500000000002,0.097076416015625,0.097065834987166741,1.0581028458259145e-05
0.32200000000000001,0.10504150390625,0.1050371971137217,4.3067925283024611e-06
0.32212499999999999,0.097015380859375,0.097017621022152362,-2.2401627773616095e-06
0.32224999999999998,0.074249267578125,0.07423570321361532,1.3564364509680016e-05
0.32237500000000002,0.0401611328125,0.040166297923322034,-5.1651108220335251e-06
0.32250000000000001,0,5.1123566435037133e-07,-5.1123566435037133e-07
0.322625,-0.0401611328125,-0.040145258450744972,-1.5874361755027766e-05
0.32274999999999998,-0.07415771484375,-0.074160716794681877,3.001950931877384e-06
0.32287500000000002,-0.09686279296875,-0.09687167525029268,8.8822815426797819e-06
0.32300000000000001,-0.104827880859375,-0.10482710986582534,-7.7099354965637357e-07
0.323125,-0.096832275390625,-0.096823555929766533,-8.7194608584667543e-06
0.32324999999999998,-0.0740966796875,-0.074087155353314879,-9.5243341851208863e-06
0.32337500000000002,-0.04010009765625,-0.040085819771205809,-1.4277885044190752e-05
0.32350000000000001,0,-2.8358450303699176e-07,2.8358450303699176e-07
0.323625,0.040069580078125,0.040065275259550281,4.3048185747185386e-06
0.32374999999999998,0.074005126953125,0.074012770726259697,-7.6437731346967741e-06
0.32387500000000002,0.0966796875,0.096678352297390135,1.3352026098645275e-06
0.32400000000000001,0.1046142578125,0.10461789122652505,-3.6334140250532387e-06
0.324125,0.09661865234375,0.096630327435625413,-1.1675091875412713e-05
0.32424999999999998,0.073944091796875,0.073939353149904491,4.738646970509075e-06
0.32437500000000002,0.040008544921875,0.040005951274627922,2.5936472470775018e-06
0.32450000000000001,0,5.0524985343972196e-07,-5.0524985343972196e-07
0.324625,-0.03997802734375,-0.039985003012285317,6.9756685353167258e-06
0.32474999999999998,-0.0738525390625,-0.073864671391584355,1.213232908435502e-05
0.32487500000000002,-0.09649658203125,-0.096484966742027792,-1.1615289222208225e-05
0.32500000000000001,-0.104400634765625,-0.10440864174580099,8.0069801759868886e-06
0.325125,-0.096435546875,-0.096437036153657493,1.4892786574932648e-06
0.32524999999999998,-0.07379150390625,-0.073791397399018022,-1.0650723197835887e-07
0.32537500000000003,-0.0399169921875,-0.039925793500944891,8.8013134448908237e-06
0.32550000000000001,0,-2.7761943243491153e-07,2.7761943243491153e-07
0.325625,0.0399169921875,0.039905340001051393,1.1652186448607438e-05
0.32574999999999998,0.07373046875,0.073717316811433939,1.3151938566061117e-05
0.32587500000000003,0.096282958984375,0.096292416423840108,-9.4574394651075755e-06
0.32600000000000001,0.10418701171875,0.10420025919982612,-1.3247481076117396e-05
0.326125,0.09625244140625,0.096244579923863149,7.8614823868505823e-06
0.32624999999999998,0.073638916015625,0.07364418612197883,-5.270106353830184e-06
0.32637500000000003,0.03985595703125,0.039846244742677922,9.7122885720779539e-06
0.32650000000000001,0,4.9930547010445861e-07,-4.9930547010445861e-07
0.326625,-0.039825439453125,-0.039825387294053896,-5.2159071103896615e-08
0.32674999999999998,-0.073577880859375,-0.073569807783261845,-8.0730761131547757e-06
0.32687500000000003,-0.096099853515625,-0.096099801959483963,-5.1556141036912528e-08
0.32700000000000001,-0.10400390625,-0.10399184414192494,-1.2062108075056033e-05
0.327125,-0.096038818359375,-0.096052059363264414,1.3241003889413738e-05
0.32724999999999999,-0.073486328125,-0.073496820116784531,1.0491991784530863e-05
0.32737500000000003,-0.039764404296875,-0.039766406068451568,2.0017715765680011e-06
0.32750000000000001,0,-2.7169568341833283e-07,2.7169568341833283e-07
0.327625,0.03973388671875,0.039746043184661253,-1.21564659112533e-05
0.32774999999999999,0.07342529296875,0.073423042330207286,2.2506385427140119e-06
0.32787500000000003,0.095916748046875,0.095908021191682596,8.7268551924035709e-06
0.32800000000000001,0.103790283203125,0.1037842943516081,5.9888515168970979e-06
0.328125,0.095855712890625,0.095860372314942266,-4.6594243172659588e-06
0.32824999999999999,0.0733642578125,0.073350197407125853,1.4060405374147211e-05
0.32837499999999997,0.0396728515625,0.039687175772079843,-1.4324209579842651e-05
0.32850000000000001,0,4.9340229078852802e-07,-4.9340229078852802e-07
0.328625,-0.0396728515625,-0.039666408742354421,-6.442820145578787e-06
0.32874999999999999,-0.073272705078125,-0.073276121252071696,3.4161739466964658e-06
0.32887499999999997,-0.095703125,-0.095716174740164306,1.3049740164305934e-05
0.32900000000000001,-0.10357666015625,-0.10357671038553107,5.0229281067792897e-08
0.329125,-0.095672607421875,-0.09566861939899772,-3.9880228772798398e-06
0.32924999999999999,-0.073211669921875,-0.073203418793350516,-8.2511285244835086e-06
0.32937499999999997,-0.03961181640625,-0.039607654923439407,-4.1614828105926427e-06
0.32950000000000002,0,-2.6581300934905638e-07,2.6581300934905638e-07
0.329625,0.039581298828125,0.039587382261785688,-6.0834336606876982e-06
0.32974999999999999,0.0731201171875,0.073129942574346032,-9.8253868460324023e-06
0.32987499999999997,0.09552001953125,0.095525160450733296,-5.1409194832957583e-06
0.33000000000000002,0.103363037109375,0.10336999002652876,-6.9529171537602297e-06
0.330125,0.095489501953125,0.095477698461577776,1.1803491547224265e-05
0.33024999999999999,0.07305908203125,0.073057382301502979,1.6997297470205952e-06
0.33037499999999997,0.039520263671875,0.039528741817610173,-8.4781457351731926e-06
0.33050000000000002,0,4.8754006948625533e-07,-4.8754006948625533e-07
0.330625,-0.039520263671875,-0.039508064813706459,-1.219885816854116e-05
0.33074999999999999,-0.072998046875,-0.072983607099187109,-1.4439775812891131e-05
0.33087499999999997,-0.0953369140625,-0.095334078946183676,-2.835116316324271e-06
0.33100000000000002,-0.1031494140625,-0.10316323383457432,1.3819772074319392e-05
0.331125,-0.09527587890625,-0.095286710125847898,1.0831219597898234e-05
0.33124999999999999,-0.072906494140625,-0.072911188734267496,4.6945936424958035e-06
0.33137499999999998,-0.039459228515625,-0.03944953752577577,-9.6909898492300584e-06
0.33150000000000002,0,-2.5997118256843737e-07,2.5997118256843737e-07
0.331625,0.0394287109375,0.039429354694025996,-6.4375652599618638e-07
0.33174999999999999,0.072845458984375,0.072838012854428175,7.4461299468253639e-06
0.33187499999999998,0.09515380859375,0.095143828075370376,9.9805183796236596e-06
0.33200000000000002,0.10296630859375,0.10295733959581375,8.9689979362456151e-06
0.332125,0.0950927734375,0.095096552241017901,-3.7788035179009416e-06
0.33224999999999999,0.07275390625,0.072765736120028776,-1.1829870028776113e-05
0.33237499999999998,0.03936767578125,0.039370940344255145,-3.2645630051453267e-06
0.33250000000000002,0,4.8171858497963188e-07,-4.8171858497963188e-07
0.332625,-0.039337158203125,-0.03935035297476653,1.3194771641529546e-05
0.33274999999999999,-0.07269287109375,-0.072692260644555307,-6.1044919469344094e-07
0.33287499999999998,-0.094940185546875,-0.094953508464147823,1.3322917272823309e-05
0.33300000000000002,-0.102752685546875,-0.10275140787352462,-1.2776733503833126e-06
0.333125,-0.09490966796875,-0.094906325433305391,-3.3425354446087185e-06
0.33324999999999999,-0.0726318359375,-0.072620125263814908,-1.1710673685091932e-05
0.33337499999999998,-0.039306640625,-0.039292051345495675,-1.4589279504324815e-05
0.33350000000000002,0,-2.5416997653401623e-07,2.5416997653401623e-07
0.333625,0.039276123046875,0.039271957953094752,4.1650937802478749e-06
0.33374999999999999,0.072540283203125,0.072547248499738995,-6.9652966139949202e-06
0.33387499999999998,0.094757080078125,0.094764017964413971,-6.9378862889712956e-06
0.33400000000000002,0.1025390625,0.10254633645715074,-7.2739571507357548e-06
0.33412500000000001,0.0947265625,0.094716927554961777,9.6349450382227086e-06
0.33424999999999999,0.072479248046875,0.072475254196341377,3.9938505336234442e-06
0.33437499999999998,0.039215087890625,0.03921376882708838,1.3190635366200354e-06
0.33450000000000002,0,4.7593759377768331e-07,-4.7593759377768331e-07
0.33462500000000001,-0.0391845703125,-0.039193270702303988,8.7003898039880734e-06
0.33474999999999999,-0.0723876953125,-0.072402077226789499,1.4381914289499087e-05
0.33487499999999998,-0.094573974609375,-0.094574457205066978,4.8259569197794949e-07
0.33500000000000002,-0.10235595703125,-0.10234122591326095,-1.4731117989053022e-05
0.33512500000000001,-0.094512939453125,-0.094527459235244735,1.4519782119734592e-05
0.33524999999999999,-0.07232666015625,-0.072330223724954262,3.5635687042623321e-06
0.33537499999999998,-0.03912353515625,-0.039135193862739268,1.165870648926759e-05
0.33550000000000002,0,-2.4840914837966364e-07,2.4840914837966364e-07
0.33562500000000001,0.03912353515625,0.039115189520818737,8.3456354312630432e-06
0.33574999999999999,0.072265625,0.072257644858209152,7.9801417908476058e-06
0.33587499999999998,0.094390869140625,0.09438572404103783,5.1450995871699101e-06
0.33600000000000002,0.102142333984375,0.10213697403458365,5.3599497913531247e-06
0.33612500000000001,0.094329833984375,0.094338818329444074,-8.9843450690740845e-06
0.33624999999999999,0.072174072265625,0.072185931882690596,-1.1859617065596018e-05
0.33637499999999998,0.0390625,0.039057224751284807,5.2752487151933036e-06
0.33650000000000002,0,4.7019687117737467e-07,-4.7019687117737467e-07
0.33662500000000001,-0.039031982421875,-0.039036815483176786,4.8330613017857904e-06
0.33674999999999999,-0.072113037109375,-0.072113052203127262,1.5093752261940985e-08
0.33687499999999998,-0.094207763671875,-0.094196919104258411,-1.0844567616588585e-05
0.33700000000000002,-0.1019287109375,-0.10193268139096584,3.9704534658402402e-06
0.33712500000000001,-0.094146728515625,-0.094150105469843065,3.3769542180650536e-06
0.33724999999999999,-0.072052001953125,-0.072041479479221626,-1.0522473903373797e-05
0.33737499999999998,-0.038970947265625,-0.038978962567684655,8.0153020596551716e-06
0.33750000000000002,0,-2.4268847977751701e-07,2.4268847977751701e-07
0.33762500000000001,0.038970947265625,0.038959046889060822,1.1900376564177861e-05
0.33774999999999999,0.07196044921875,0.07196919729635233,-8.7480776023302065e-06
0.33787499999999998,0.093994140625,0.094008940252682943,-1.4799627682943184e-05
0.33800000000000002,0.101715087890625,0.1017292457784075,-1.4157887782501044e-05
0.33812500000000001,0.093963623046875,0.093962218514755586,1.4045321194144922e-06
0.33825,0.0718994140625,0.071897764549892537,1.6495126074628219e-06
0.33837499999999998,0.038909912109375,0.03890130561203721,8.6064973377902865e-06
0.33850000000000002,0,4.6449619357799407e-07,-4.6449619357799407e-07
0.33862500000000001,-0.03887939453125,-0.038880984814253554,1.5902830035538496e-06
0.33875,-0.07183837890625,-0.071825180949327508,-1.3197956922492149e-05
0.33887499999999998,-0.09381103515625,-0.09382088812125601,9.8529650060102947e-06
0.33900000000000002,-0.101531982421875,-0.10152576777002059,-6.2146518544081708e-06
0.33912500000000001,-0.093780517578125,-0.093774258099476218,-6.2594786487818466e-06
0.33925,-0.071746826171875,-0.071753887906686339,7.0617348113394263e-06
0.33937499999999998,-0.038818359375,-0.038823354960545446,4.9955855454461573e-06
0.33950000000000002,0,-2.3700773034561454e-07,2.3700773034561454e-07
0.33962500000000001,0.038818359375,0.038803527559696113,1.4831815303886775e-05
0.33975,0.071685791015625,0.071681901199162415,3.8898164625850162e-06
0.33987499999999998,0.0936279296875,0.093633660570945229,-5.7308834452290958e-06
0.34000000000000002,0.101318359375,0.10132314516506361,-4.7857900636050221e-06
0.34012500000000001,0.093597412109375,0.0935871220853286,1.0290024046399893e-05
0.34025,0.071624755859375,0.071610747587243062,1.4008272131937893e-05
0.34037499999999998,0.03875732421875,0.038746008914559225,1.1315304190774589e-05
0.34050000000000002,0,4.5883532121483648e-07,-4.5883532121483648e-07
0.34062500000000001,-0.038726806640625,-0.03872577620241649,-1.0304382085102315e-06
0.34075,-0.071533203125,-0.071538458859608883,5.255734608883289e-06
0.34087499999999998,-0.09344482421875,-0.093446358239698157,1.5340209481573552e-06
0.34100000000000003,-0.10113525390625,-0.10112047853990043,-1.4775366349570329e-05
0.34112500000000001,-0.093414306640625,-0.093399911110615547,-1.4395530009453372e-05
0.34125,-0.07147216796875,-0.071467444405844197,-4.7235629058034467e-06
0.34137499999999998,-0.038665771484375,-0.038668368551514565,2.5970671395647571e-06
0.34150000000000003,0,-2.3136668404254813e-07,2.3136668404254813e-07
0.34162500000000001,0.03863525390625,0.038648629044587907,-1.33751383379066e-05
0.34175,0.0714111328125,0.071395751970072446,1.5380842427553665e-05
0.34187499999999998,0.09326171875,0.093259878991485884,1.8397585141161077e-06
0.34200000000000003,0.100921630859375,0.10091866569703513,2.9651623398713189e-06
0.34212500000000001,0.09320068359375,0.093213523039656188,-1.2839445906187574e-05
0.34225,0.071319580078125,0.071324876402431833,-5.2963243068332444e-06
0.34237499999999998,0.038604736328125,0.038591332174002506,1.3404154122494127e-05
0.34250000000000003,0,4.5321403861457153e-07,-4.5321403861457153e-07
0.34262500000000001,-0.03857421875,-0.038571187164478715,-3.0315855212847964e-06
0.34275,-0.071258544921875,-0.071252881346588179,-5.6635752868211542e-06
0.34287499999999999,-0.09307861328125,-0.0930733234672491,-5.2898140009000061e-06
0.34300000000000003,-0.1007080078125,-0.10071680721607057,8.7994035705696305e-06
0.34312500000000001,-0.093017578125,-0.093027058513747277,9.4803887472766357e-06
0.34325,-0.071197509765625,-0.07118214439357258,-1.5365372052419946e-05
0.34337499999999999,-0.03851318359375,-0.038514000860708476,8.1726695847633701e-07
0.34350000000000003,0,-2.2576510294635541e-07,2.2576510294635541e-07
0.34362500000000001,0.038482666015625,0.038494348865510578,-1.1682849885577551e-05
0.34375,0.07110595703125,0.071110745030848396,-4.7879995983962642e-06
0.34387499999999999,0.0928955078125,0.092887589533941689,7.9182785583109538e-06
0.34399999999999997,0.10052490234375,0.1005158009027433,9.10144100670085e-06
0.34412500000000001,0.09283447265625,0.09284141540018935,-6.9427439393504597e-06
0.34425,0.071044921875,0.071040146421497335,4.7754535026645062e-06
0.34437499999999999,0.0384521484375,0.038437272915454429,1.4875522045570966e-05
0.34449999999999997,0,4.4763212559032121e-07,-4.4763212559032121e-07
0.34462500000000001,-0.038421630859375,-0.038417215227187169,-4.4156321878305316e-06
0.34475,-0.07098388671875,-0.070968443841178536,-1.5442877571464342e-05
0.34487499999999999,-0.09271240234375,-0.092701777835485527,-1.0624508264472921e-05
0.34499999999999997,-0.100311279296875,-0.10031474733988226,3.4680430072570045e-06
0.34512500000000002,-0.0926513671875,-0.092655694343258946,4.3271557589458221e-06
0.34525,-0.070892333984375,-0.070897983305044765,5.6493206697649789e-06
0.34537499999999999,-0.038360595703125,-0.038360249418164794,-3.462849602064999e-07
0.34549999999999997,0,-2.202027846725878e-07,2.202027846725878e-07
0.34562500000000002,0.038330078125,0.038340684554152439,-1.060642915243909e-05
0.34575,0.070831298828125,0.070826875821548521,4.4230065764788717e-06
0.34587499999999999,0.092529296875,0.092516786241814128,1.2510633185872089e-05
0.34599999999999997,0.100128173828125,0.10011454433644364,1.3629491681363404e-05
0.34612500000000002,0.09246826171875,0.092470793213234842,-2.5314944848420229e-06
0.34625,0.070770263671875,0.07075655308872128,1.3710583153719869e-05
0.34637499999999999,0.03826904296875,0.038283828673882317,-1.4785705132316918e-05
0.34649999999999997,0,4.420893346109983e-07,-4.420893346109983e-07
0.34662500000000002,-0.03826904296875,-0.038263857927145817,-5.1850416041832048e-06
0.34675,-0.0706787109375,-0.070685141792548756,6.4308550487557348e-06
0.34687499999999999,-0.09234619140625,-0.092331715399818576,-1.4476006431424215e-05
0.34699999999999998,-0.09991455078125,-0.099914292478469585,-2.583027804148319e-07
0.34712500000000002,-0.09228515625,-0.092285812657361493,6.5640736149341627e-07
0.34725,-0.07061767578125,-0.070614956593644737,-2.7191876052629071e-06
0.34737499999999999,-0.0382080078125,-0.038207111763760272,-8.9604873972776167e-07
0.34749999999999998,0,-2.1467947657749904e-07,2.1467947657749904e-07
0.34762500000000002,0.038177490234375,0.038187633652033939,-1.0143417658939335e-05
0.34775,0.070556640625,0.070544139800421832,1.2500824578168257e-05
0.34787499999999999,0.092132568359375,0.092147463182391406,-1.4894823016406433e-05
0.34799999999999998,0.099700927734375,0.099714889578123023,-1.3961843748022673e-05
0.34812500000000002,0.09210205078125,0.092101650548875327,4.0023237467268213e-07
0.34825,0.070465087890625,0.070474091866588012,-9.0039759630122784e-06
0.34837499999999999,0.038116455078125,0.038130996994078341,-1.4541915953340812e-05
0.34849999999999998,0,4.3658544798846386e-07,-4.3658544798846386e-07
0.34862500000000002,-0.038116455078125,-0.038111112810792262,-5.3422673327377379e-06
0.34875,-0.070404052734375,-0.070402970668018192,-1.0820663568084088e-06
0.34887499999999999,-0.091949462890625,-0.091963130239383378,1.3667348758378273e-05
0.34899999999999998,-0.099517822265625,-0.099515436224646495,-2.386040978505366e-06
0.34912500000000002,-0.0919189453125,-0.091917407537976878,-1.537774523122093e-06
0.34925,-0.070343017578125,-0.070333059730922853,-9.9578472021466524e-06
0.34937499999999999,-0.038055419921875,-0.038054585447213705,-8.3447466129454861e-07
0.34949999999999998,0,-2.0919496154242177e-07,2.0919496154242177e-07
0.34962500000000002,0.03802490234375,0.038035193710510472,-1.0291366760471765e-05
0.34975000000000001,0.07025146484375,0.070262532443847905,-1.1067600097905417e-05
0.34987499999999999,0.091766357421875,0.091779614446636335,-1.3257024761334502e-05
0.34999999999999998,0.09930419921875,0.09931683023339688,-1.263101464687999e-05
0.35012500000000002,0.09173583984375,0.091733981500857001,1.8583428929991319e-06
0.35025000000000001,0.0701904296875,0.07019275823567965,-2.328548179650336e-06
0.35037499999999999,0.0379638671875,0.037978775430657058,-1.4908243157057965e-05
0.35049999999999998,0,4.3112025474361624e-07,-4.3112025474361624e-07
0.35062500000000002,-0.0379638671875,-0.037958977434374132,-4.8897531258682014e-06
0.35075000000000001,-0.07012939453125,-0.07012192595301639,-7.4685782336103568e-06
0.35087499999999999,-0.091583251953125,-0.091596016456950993,1.2764503825993256e-05
0.35099999999999998,-0.09912109375,-0.099118172196804299,-2.9215531957005325e-06
0.35112500000000002,-0.091552734375,-0.091550473090658363,-2.261284341636971e-06
0.35125000000000001,-0.070037841796875,-0.070052288206491078,1.4446409616078459e-05
0.35137499999999999,-0.03790283203125,-0.037902668028004662,-1.6400324533843991e-07
0.35149999999999998,0,-2.0374902914378435e-07,2.0374902914378435e-07
0.35162500000000002,0.037872314453125,0.037883362290696387,-1.1047837571387387e-05
0.35175000000000001,0.069976806640625,0.069982049246276212,-5.2426056512122621e-06
0.35187499999999999,0.091400146484375,0.091413234149108957,-1.3087664733957283e-05
0.35199999999999998,0.098907470703125,0.098920359933406865,-1.2889230281865061e-05
0.35212500000000002,0.09136962890625,0.091367780186512398,1.8487197376015896e-06
0.35225000000000001,0.069915771484375,0.069912547694631955,3.2237897430453799e-06
0.35237499999999999,0.037841796875,0.037827161547974296,1.4635327025704081e-05
0.35249999999999998,0,4.2569352240229995e-07,-4.2569352240229995e-07
0.35262500000000002,-0.037811279296875,-0.037807449363873348,-3.8299330016519639e-06
0.35275000000000001,-0.069854736328125,-0.069842003150982809,-1.2733177142190688e-05
0.35287499999999999,-0.091217041015625,-0.091230368178840462,1.3327163215462456e-05
0.35299999999999998,-0.098724365234375,-0.098722494038809561,-1.8711955654393542e-06
0.35312500000000002,-0.0911865234375,-0.091185003444489932,-1.5199930100684433e-06
0.35325000000000001,-0.06976318359375,-0.069772637527982892,9.4539342328919806e-06
0.35337499999999999,-0.037750244140625,-0.037751357075371146,1.1129347461460992e-06
0.35349999999999998,0,-1.9834144750537238e-07,1.9834144750537238e-07
0.35362500000000002,0.0377197265625,0.037732136963441847,-1.2410400941846589e-05
0.35375000000000001,0.0697021484375,0.069702685720126237,-5.3728262623675693e-07
0.353875,0.091033935546875,0.091048316427855158,-1.4380880980158217e-05
0.35399999999999998,0.0985107421875,0.098525472334719019,-1.4730147219019218e-05
0.35412500000000002,0.09100341796875,0.091003040746649055,3.7722210094459641e-07
0.35425000000000001,0.06964111328125,0.069633455760050186,7.6575211998136661e-06
0.354375,0.037689208984375,0.037676152920129963,1.3056064245037247e-05
0.35449999999999998,0,4.2030503660435804e-07,-4.2030503660435804e-07
0.35462500000000002,-0.03765869140625,-0.037656526175008892,-2.1652312411080121e-06
0.35475000000000001,-0.069549560546875,-0.069563197783306871,1.363723643187098e-05
0.354875,-0.09088134765625,-0.090866179554809717,-1.5168101440282689e-05
0.35499999999999998,-0.09832763671875,-0.098328395419902376,7.5870115237575142e-07
0.35512500000000002,-0.0908203125,-0.090820992751985727,6.8025198572685408e-07
0.35525000000000001,-0.069488525390625,-0.069494103220949482,5.5778303244824468e-06
0.355375,-0.03759765625,-0.037600650168254923,2.9939182549232335e-06
0.35549999999999998,0,-1.9297200841198893e-07,1.9297200841198893e-07
0.35562500000000002,0.037567138671875,0.037581515309309421,-1.4376637434421191e-05
0.35575000000000001,0.069427490234375,0.069424437395747399,3.0528386276013064e-06
0.355875,0.0906982421875,0.090684855444330109,1.3386743169890858e-05
0.35599999999999998,0.09814453125,0.098132161119222183,1.237013077781679e-05
0.35612500000000002,0.09063720703125,0.090639757345470848,-2.550314220847727e-06
0.35625000000000001,0.069366455078125,0.069355477966425563,1.0977111699436715e-05
0.356375,0.03753662109375,0.037525747130887667,1.0873962862333053e-05
0.35649999999999998,0,4.1495458404340895e-07,-4.1495458404340895e-07
0.35662500000000003,-0.037506103515625,-0.03750620545315652,1.0193753152004659e-07
0.35675000000000001,-0.06927490234375,-0.069285505389268295,1.0603045518295384e-05
0.356875,-0.09051513671875,-0.090503444757979223,-1.169196077077661e-05
0.35699999999999998,-0.097930908203125,-0.097935870034595141,4.9618314701405097e-06
0.35712500000000003,-0.0904541015625,-0.090458435189011657,4.3336265116572514e-06
0.35725000000000001,-0.0692138671875,-0.069216680828816102,2.8136413161017337e-06
0.357375,-0.037445068359375,-0.037450544895247267,5.4765358722674851e-06
0.35749999999999998,0,-1.8764048236460677e-07,1.8764048236460677e-07
0.35762500000000003,0.037445068359375,0.037431494918499078,1.3573440875921938e-05
0.35775000000000001,0.06915283203125,0.069147299821315927,5.5322099340726627e-06
0.357875,0.09033203125,0.090322845383289843,9.1858667101568647e-06
0.35799999999999998,0.097747802734375,0.09774041999402705,7.3827403479498344e-06
0.35812500000000003,0.09027099609375,0.090277924170478113,-6.9280767281132416e-06
0.35825000000000001,0.069091796875,0.069078609866091462,1.3187008908538411e-05
0.358375,0.037384033203125,0.037375941773672303,8.0914294526973629e-06
0.35849999999999999,0,4.0964193581109481e-07,-4.0964193581109481e-07
0.35862500000000003,-0.037353515625,-0.037356484793351456,2.969168351456275e-06
0.35875000000000001,-0.069000244140625,-0.069008921525937877,8.6773853128774281e-06
0.358875,-0.09014892578125,-0.09014215798472161,-6.767796528389658e-06
0.35899999999999999,-0.0975341796875,-0.097544911602571602,1.0731915071601761e-05
0.35912500000000003,-0.090087890625,-0.09009732495467497,9.4343296749704875e-06
0.35925000000000001,-0.068939208984375,-0.068940365912798618,1.15692842361792e-06
0.359375,-0.03729248046875,-0.037301038854586653,8.5583858366530818e-06
0.35949999999999999,0,-1.8234665779531993e-07,1.8234665779531993e-07
0.35962499999999997,0.03729248046875,0.03728207339083571,1.0407077914290075e-05
0.35975000000000001,0.068878173828125,0.068871268562795213,6.9052653297874134e-06
0.359875,0.0899658203125,0.089962280452704602,3.5398597953983924e-06
0.35999999999999999,0.09735107421875,0.09735024269136533,8.3152738467040521e-07
0.36012499999999997,0.08990478515625,0.089917535432374615,-1.2750276124615101e-05
0.36025000000000001,0.068817138671875,0.068802847029120692,1.4291642754307721e-05
0.360375,0.0372314453125,0.037226734451515968,4.7108609840321169e-06
0.36049999999999999,0,4.043668864220087e-07,-4.043668864220087e-07
0.36062499999999997,-0.037200927734375,-0.037207361800198527,6.4340658235267911e-06
0.36075000000000002,-0.0687255859375,-0.068733441768138018,7.8558306380177578e-06
0.360875,-0.08978271484375,-0.089782313454585788,-4.0138916421184057e-07
0.36099999999999999,-0.09716796875,-0.097155513868586368,-1.2454881413631602e-05
0.36112499999999997,-0.089752197265625,-0.089737656271254962,-1.4540994370038085e-05
0.36125000000000002,-0.06866455078125,-0.068665154051820901,6.0327057090081571e-07
0.361375,-0.037139892578125,-0.037152129654079047,1.2237075954046883e-05
0.36149999999999999,0,-1.7709032417687945e-07,1.7709032417687945e-07
0.36162499999999997,0.037139892578125,0.037133248335750914,6.6442423740861734e-06
0.36175000000000002,0.068603515625,0.068596339203837217,7.1764211627828312e-06
0.361875,0.089599609375,0.089603154883672556,-3.5455086725560969e-06
0.36199999999999999,0.096954345703125,0.096961622968489536,-7.2772653645358787e-06
0.36212499999999997,0.089569091796875,0.089558585364964388,1.0506431910611846e-05
0.36225000000000002,0.06854248046875,0.068528185043286199,1.4295425463800582e-05
0.362375,0.037078857421875,0.03707812277700432,7.3464487067992357e-07
0.36249999999999999,0,3.9912920931606314e-07,-3.9912920931606314e-07
0.36262499999999998,-0.03704833984375,-0.037058834087910678,1.0494244160677568e-05
0.36275000000000002,-0.068450927734375,-0.068459061708340499,8.1339739654989751e-06
0.362875,-0.08941650390625,-0.089423905410189741,7.4015039397412608e-06
0.36299999999999999,-0.096771240234375,-0.096767670602364964,-3.5696320100364609e-06
0.36312499999999998,-0.089385986328125,-0.089379423384068013,-6.5629440569869857e-06
0.36325000000000002,-0.068389892578125,-0.06839104084246761,1.1482643426097283e-06
0.363375,-0.037017822265625,-0.037003814911095591,-1.4007354529409211e-05
0.36349999999999999,0,-1.7187125553268056e-07,1.7187125553268056e-07
0.36362499999999998,0.0369873046875,0.036985017372193507,2.2873153064928431e-06
0.36375000000000002,0.068328857421875,0.068322507345727618,6.3500761473822553e-06
0.363875,0.0892333984375,0.089245462930314767,-1.2064492814767291e-05
0.36399999999999999,0.096588134765625,0.096574554607573179,1.3580158051820779e-05
0.36412499999999998,0.089202880859375,0.089201068225080754,1.8126342942459406e-06
0.36425000000000002,0.068267822265625,0.06825461951395502,1.3202751669980084e-05
0.364375,0.03692626953125,0.036930104372269082,-3.834841019081936e-06
0.36449999999999999,0,3.9392869568325829e-07,-3.9392869568325829e-07
0.36462499999999998,-0.03692626953125,-0.036910899280193948,-1.5370251056051609e-05
0.36475000000000002,-0.06817626953125,-0.068185776956623451,9.5074253734506176e-06
0.364875,-0.089080810546875,-0.089066928117136762,-1.3882429738237834e-05
0.36499999999999999,-0.09637451171875,-0.096381375598503918,6.8638797539183338e-06
0.36512499999999998,-0.089019775390625,-0.089022620561428595,2.8451708035948098e-06
0.36525000000000002,-0.068115234375,-0.068118021898905756,2.7875239057562062e-06
0.36537500000000001,-0.036865234375,-0.036856092252513975,-9.1421224860249728e-06
0.36549999999999999,0,-1.6668924360021959e-07,1.6668924360021959e-07
0.36562499999999998,0.036834716796875,0.036837378128617301,-2.6613317423013205e-06
0.36575000000000002,0.06805419921875,0.068049768607303787,4.4306114462128177e-06
0.36587500000000001,0.088897705078125,0.088889198869687561,8.5062084374393221e-06
0.36599999999999999,0.09619140625,0.096189031415611095,2.3748343889046231e-06
0.36612499999999998,0.088836669921875,0.088844978292483681,-8.3083706086811704e-06
0.36625000000000002,0.0679931640625,0.067982146064068813,1.1017998431187004e-05
0.36637500000000001,0.036773681640625,0.036782676868939601,-8.9952283146010892e-06
0.36649999999999999,0,3.8876513227904953e-07,-3.8876513227904953e-07
0.36662499999999998,-0.036773681640625,-0.036763555010240291,-1.0126630384708901e-05
0.36675000000000002,-0.067901611328125,-0.067913583140589179,1.1971812464178777e-05
0.36687500000000001,-0.088714599609375,-0.088711375863917516,-3.2237454574840507e-06
0.36699999999999999,-0.09600830078125,-0.095996622676371685,-1.1678104878315443e-05
0.36712499999999998,-0.088653564453125,-0.088667242094523563,1.3677641398562868e-05
0.36725000000000002,-0.067840576171875,-0.067846092852787421,5.5166809124207461e-06
0.36737500000000001,-0.036712646484375,-0.036708959314695623,-3.6871696793769337e-06
0.36749999999999999,0,-1.6154408659344494e-07,1.6154408659344494e-07
0.36762499999999998,0.03668212890625,0.036690328242948059,-8.1993366980587234e-06
0.36775000000000002,0.067779541015625,0.067778118624915604,1.4223907093963151e-06
0.36787500000000001,0.088531494140625,0.088534357001705602,-2.8628610806019639e-06
0.36799999999999999,0.095794677734375,0.095805047224320594,-1.0369489945594168e-05
0.36812499999999998,0.0885009765625,0.088490309869770412,1.0666692729588423e-05
0.36825000000000002,0.067718505859375,0.06771076033400375,7.7455253712499506e-06
0.36837500000000001,0.03662109375,0.036635837908069686,-1.4744158069686375e-05
0.36849999999999999,0,3.8363831785006807e-07,-3.8363831785006807e-07
0.36862499999999998,-0.03662109375,-0.036616798920684736,-4.2948293152642036e-06
0.36875000000000002,-0.067657470703125,-0.067642475905286631,-1.4994797838369101e-05
0.36887500000000001,-0.088348388671875,-0.088357242961835267,8.8542899602667147e-06
0.36899999999999999,-0.095611572265625,-0.095613405680009644,1.8334143846443496e-06
0.36912499999999998,-0.08831787109375,-0.088313282297333526,-4.5887964164742501e-06
0.36925000000000002,-0.06756591796875,-0.067575249353226535,9.3313844765352538e-06
0.36937500000000001,-0.03656005859375,-0.036562413743407615,2.3551496576151854e-06
0.3695,0,-1.5643555108237612e-07,1.5643555108237612e-07
0.36962499999999998,0.036529541015625,0.036543865362530674,-1.4324346905673913e-05
0.36975000000000002,0.0675048828125,0.067507553052309183,-2.670239809182684e-06
0.36987500000000001,0.08819580078125,0.088180931649025476,1.4869132224523685e-05
0.37,0.095428466796875,0.095422595890042497,5.87090683250302e-06
0.37012499999999998,0.088134765625,0.088137057282269615,-2.2916572696152215e-06
0.37025000000000002,0.06744384765625,0.067440457981566851,3.389674683149102e-06
0.37037500000000001,0.0364990234375,0.036489585140160527,9.4382973394729897e-06
0.3705,0,3.7854801956172295e-07,-3.7854801956172295e-07
0.37062499999999998,-0.036468505859375,-0.036470628663602747,2.1228042277471326e-06
0.37075000000000002,-0.0673828125,-0.067372450913153345,-1.0361586846655002e-05
0.37087500000000001,-0.0880126953125,-0.088004523744889845,-8.1715676101545842e-06
0.371,-0.095245361328125,-0.09523171847803362,-1.3642850091380443e-05
0.37112499999999998,-0.08795166015625,-0.087960735506525167,9.0753502751672599e-06
0.37125000000000002,-0.067291259765625,-0.067305487066698033,1.4227301073033161e-05
0.37137500000000001,-0.036407470703125,-0.036416453193845504,8.9824907205035553e-06
0.3715,0,-1.5136343753433673e-07,1.5136343753433673e-07
0.37162499999999998,0.036407470703125,0.036397987144131616,9.4835589933839337e-06
0.37175000000000002,0.067230224609375,0.06723806756058831,-7.8429512133104673e-06
0.37187500000000001,0.08782958984375,0.087828917156971775,6.7268677822474032e-07
0.372,0.09503173828125,0.095041671293643104,-9.9330123931040681e-06
0.37212499999999998,0.087799072265625,0.087785214877975845,1.3857387649154895e-05
0.37225000000000003,0.067169189453125,0.067171234681891442,-2.0452287664424196e-06
0.37237500000000001,0.036346435546875,0.036343916225082595,2.5193217924046607e-06
0.3725,0,3.7349403840848712e-07,-3.7349403840848712e-07
0.37262499999999998,-0.03631591796875,-0.036325041900412296,9.1239316622956923e-06
0.37275000000000003,-0.067108154296875,-0.067103503843942092,-4.6504529329083333e-06
0.37287500000000001,-0.087646484375,-0.087653212569703709,6.7281947037090006e-06
0.373,-0.0948486328125,-0.094851554963535825,2.9221510358251601e-06
0.37312499999999998,-0.087615966796875,-0.08760959608138566,-6.3707154893399842e-06
0.37325000000000003,-0.067047119140625,-0.067036801676976399,-1.0317463648601422e-05
0.37337500000000001,-0.036285400390625,-0.036271075330555458,-1.432506006954215e-05
0.3735,0,-1.4632753656698053e-07,1.4632753656698053e-07
0.37362499999999998,0.0362548828125,0.036252691253841181,2.1915586588192038e-06
0.37375000000000003,0.06695556640625,0.066969657838129859,-1.4091431879859062e-05
0.37387500000000001,0.08746337890625,0.087478307893442284,-1.4928987192283638e-05
0.374,0.09466552734375,0.094662267340416148,3.2600033338520129e-06
0.37412499999999999,0.087432861328125,0.087434777027442193,-1.9156993171925984e-06
0.37425000000000003,0.06689453125,0.066903086127383521,-8.554877383520898e-06
0.37437500000000001,0.03619384765625,0.03619882883204837,-4.9811757983700411e-06
0.3745,0,3.6847616555432911e-07,-3.6847616555432911e-07
0.37462499999999999,-0.03619384765625,-0.036180036301876703,-1.3811354373297058e-05
0.37475000000000003,-0.06683349609375,-0.066835630394644199,2.1343008941993036e-06
0.37487500000000001,-0.087310791015625,-0.08730330381542338,-7.4872002016196371e-06
0.375,-0.094482421875,-0.094472909053987114,-9.5128210128858637e-06
0.37512499999999999,-0.087249755859375,-0.087259858403715723,1.0102544340723218e-05
0.37524999999999997,-0.0667724609375,-0.066769188885081807,-3.2720524181933941e-06
0.37537500000000001,-0.0361328125,-0.036126277827416835,-6.5346725831652575e-06
0.3755,0,-1.413276398892447e-07,1.413276398892447e-07
0.37562499999999999,0.036102294921875,0.03610797536707637,-5.6804452013697881e-06
0.37574999999999997,0.06671142578125,0.066702319590537712,9.1061907122880204e-06
0.37587500000000001,0.087127685546875,0.087129098248813833,-1.4127019388326945e-06
0.376,0.09429931640625,0.09428437795998526,1.4938446264739502e-05
0.37612499999999999,0.08709716796875,0.087085738123694495,1.1429845055505039e-05
0.37624999999999997,0.066650390625,0.06663600802762977,1.4382597370229955e-05
0.37637500000000002,0.036041259765625,0.036054320639584893,-1.3060873959892805e-05
0.3765,0,3.6349420395997662e-07,-3.6349420395997662e-07
0.37662499999999999,-0.036041259765625,-0.036035609548057353,-5.650217567647331e-06
0.37674999999999997,-0.066558837890625,-0.066568826279443619,9.988388818618632e-06
0.37687500000000002,-0.086944580078125,-0.086954791883645896,1.0211805520896067e-05
0.377,-0.094085693359375,-0.094095774691139666,1.0081331764666412e-05
0.37712499999999999,-0.0869140625,-0.086911516877748007,-2.5456222519926186e-06
0.37724999999999997,-0.066497802734375,-0.066502644409150449,4.8416747754492784e-06
0.37737500000000002,-0.035980224609375,-0.03598205836756533,1.8337581903296596e-06
0.3775,0,-1.3636355098274541e-07,1.3636355098274541e-07
0.37762499999999999,0.03594970703125,0.035963837168523763,-1.4130137273762888e-05
0.37774999999999997,0.066436767578125,0.066436048540558582,7.1903756641844563e-07
0.37787500000000002,0.0867919921875,0.086781282635868942,1.0709551631057912e-05
0.378,0.093902587890625,0.093907997106206939,-5.4092155819390753e-06
0.37812499999999999,0.08673095703125,0.086738092582145751,-7.1355508957510194e-06
0.37824999999999998,0.066375732421875,0.066369996109351986,5.7363125230136536e-06
0.37837500000000002,0.035919189453125,0.035910389335457038,8.8001176679619597e-06
0.3785,0,3.5854792550214007e-07,-3.5854792550214007e-07
0.37862499999999999,-0.035888671875,-0.03589175932826668,3.0874532666799737e-06
0.37874999999999998,-0.066314697265625,-0.066303087229625315,-1.1610035999684576e-05
0.37887500000000002,-0.08660888671875,-0.086607671198304606,-1.2155204453939694e-06
0.379,-0.093719482421875,-0.093720145840930094,6.6341905509414989e-07
0.37912499999999999,-0.086578369140625,-0.086564565930041151,-1.3803210583848702e-05
0.37924999999999998,-0.06622314453125,-0.066237163984464914,1.4019453214914046e-05
0.37937500000000002,-0.03582763671875,-0.035838414643415514,1.0777924665514305e-05
0.3795,0,-1.3143504230667858e-07,1.3143504230667858e-07
0.37962499999999999,0.03582763671875,0.035820274352142016,7.3623666079838945e-06
0.37974999999999998,0.066162109375,0.066170840427991096,-8.7310529910955559e-06
0.37987500000000002,0.08642578125,0.086434855489681869,-9.0742396818693782e-06
0.38,0.093536376953125,0.093533118757073722,3.2581960512784169e-06
0.38012499999999999,0.086395263671875,0.086391834840490303,3.428831384696962e-06
0.38024999999999998,0.06610107421875,0.06610504611632341,-3.9718975734098771e-06
0.38037500000000002,0.0357666015625,0.035767032616689995,-4.3105418999489498e-07
0.3805,0,3.536371353455839e-07,-3.536371353455839e-07
0.38062499999999999,-0.035736083984375,-0.035748483341070648,1.2399356695648456e-05
0.38074999999999998,-0.0660400390625,-0.066038408993522271,-1.6300689777287714e-06
0.38087500000000002,-0.086273193359375,-0.086261936205596426,-1.1257153778573836e-05
0.38100000000000001,-0.093353271484375,-0.093346016493382811,-7.2549909921892919e-06
0.38112499999999999,-0.086212158203125,-0.086219000009415292,6.841806290291963e-06
0.38124999999999998,-0.06597900390625,-0.065972743363294853,-6.2605429551471081e-06
0.38137500000000002,-0.03570556640625,-0.035695344356584065,-1.0222049665935262e-05
0.38150000000000001,0,-1.2654191954128041e-07,1.2654191954128041e-07
0.38162499999999999,0.035675048828125,0.035677284621065605,-2.2357929406052746e-06
0.38174999999999998,0.06591796875,0.065906691009670462,1.1277740329537767e-05
0.38187500000000002,0.086090087890625,0.086089811267545849,2.7662307915121698e-07
0.38200000000000001,0.093170166015625,0.093159736914617888,1.0429101007111696e-05
0.38212499999999999,0.0860595703125,0.086046959358639458,1.261095386054234e-05
0.38224999999999998,0.065826416015625,0.065841153809323344,-1.4737793698343937e-05
0.38237500000000002,0.035614013671875,0.035624248189492724,-1.0234517617724315e-05
0.38250000000000001,0,3.4876162897656714e-07,-3.4876162897656714e-07
0.38262499999999999,-0.035614013671875,-0.035605779294192716,-8.2343776822840775e-06
0.38274999999999998,-0.065765380859375,-0.065774787336424778,9.4064770497781502e-06
0.38287500000000002,-0.085906982421875,-0.085917581373888843,1.059895201384331e-05
0.38300000000000001,-0.092987060546875,-0.092973380662513969,-1.3679884361031402e-05
0.38312499999999999,-0.08587646484375,-0.085874813586846677,-1.6512569033233504e-06
0.38324999999999998,-0.065704345703125,-0.06570937831488953,5.0326117645299595e-06
0.38337500000000002,-0.035552978515625,-0.035552845217863019,-1.3329776198112153e-07
0.38350000000000001,0,-1.2168397870711458e-07,1.2168397870711458e-07
0.38362499999999999,0.0355224609375,0.035534865687607671,-1.2404750107671003e-05
0.38374999999999998,0.065643310546875,0.065643596059347761,-2.8551247276131786e-07
0.38387500000000002,0.08575439453125,0.085746144448880429,8.2500823695708103e-06
0.38400000000000001,0.0927734375,0.092787845604815539,-1.4408104815538669e-05
0.38412499999999999,0.085693359375,0.0857034606186165,-1.0101243616500444e-05
0.38424999999999998,0.065582275390625,0.065578314966046547,3.9604245784530256e-06
0.38437500000000002,0.035491943359375,0.03548203376924091,9.9095901340898185e-06
0.38450000000000001,0,3.4392120294863936e-07,-3.4392120294863936e-07
0.38462499999999999,-0.03546142578125,-0.035463644904516693,2.2191232666932126e-06
0.38474999999999998,-0.065521240234375,-0.065512218040535336,-9.0221938396639612e-06
0.38487500000000002,-0.0855712890625,-0.085574601193627323,3.3121311273226484e-06
0.38500000000000001,-0.09259033203125,-0.092602232386235633,1.1900354985633355e-05
0.385125,-0.085540771484375,-0.08553200115538348,-8.7703289915197491e-06
0.38524999999999998,-0.065460205078125,-0.065447064625379928,-1.3140452745072362e-05
0.38537500000000002,-0.035400390625,-0.03541091494719284,1.0524322192839719e-05
0.38550000000000001,0,-1.1686102740654732e-07,1.1686102740654732e-07
0.385625,0.035400390625,0.035393015273213549,7.3753517864511009e-06
0.38574999999999998,0.06536865234375,0.065381551367652543,-1.2899023902543383e-05
0.38587500000000002,0.085418701171875,0.085403849535139104,1.4851636735896401e-05
0.38600000000000001,0.0924072265625,0.092417438877490876,-1.0212314990876159e-05
0.386125,0.085357666015625,0.085361333124472388,-3.6671088473883007e-06
0.38624999999999998,0.0653076171875,0.065316525381043405,-8.9081935434054405e-06
0.38637500000000002,0.03533935546875,0.035340387080401429,-1.0316116514294538e-06
0.38650000000000001,0,3.391156653735126e-07,-3.391156653735126e-07
0.386625,-0.035308837890625,-0.035322077898030602,1.3240007405601606e-05
0.38674999999999998,-0.06524658203125,-0.065250696904893685,4.11487364368468e-06
0.38687500000000002,-0.085235595703125,-0.085232990177263435,-2.605525861565372e-06
0.38700000000000001,-0.09222412109375,-0.092232565726260402,8.4446325104015063e-06
0.387125,-0.085205078125,-0.085190557230061567,-1.4520894938432893e-05
0.38724999999999998,-0.065185546875,-0.065185798097718906,2.512227189055416e-07
0.38737500000000002,-0.0352783203125,-0.035269551273587003,-8.769038912996574e-06
0.38750000000000001,0,-1.1207284270793176e-07,1.1207284270793176e-07
0.387625,0.035247802734375,0.035251731108414591,-3.9283740395912314e-06
0.38774999999999998,0.06512451171875,0.065120552742010521,3.9589767394793141e-06
0.38787500000000003,0.085052490234375,0.085062921049737394,-1.043081536239443e-05
0.38800000000000001,0.092041015625,0.092048510806221076,-7.4951812210760638e-06
0.388125,0.08502197265625,0.085020571402201969,1.401254048030709e-06
0.38824999999999998,0.0650634765625,0.065055780865659843,7.6956968401570292e-06
0.38837500000000003,0.035186767578125,0.035199305856554494,-1.2538278429494176e-05
0.38850000000000001,0,3.3434479388939278e-07,-3.3434479388939278e-07
0.388625,-0.035186767578125,-0.035181076009829129,-5.691568295870808e-06
0.38874999999999998,-0.06500244140625,-0.0649902197453021,-1.2221660947900337e-05
0.38887500000000003,-0.08489990234375,-0.084892742859142709,-7.1594846072914331e-06
0.38900000000000001,-0.09185791015625,-0.091864374768006393,6.4646117563932348e-06
0.389125,-0.0848388671875,-0.084850476347800741,1.1609160300740662e-05
0.38924999999999998,-0.064910888671875,-0.064925574551621387,1.4685879746387243e-05
0.38937500000000003,-0.035125732421875,-0.035128751935154093,3.0195132790927781e-06
0.38950000000000001,0,-1.0731923436937651e-07,1.0731923436937651e-07
0.389625,0.035125732421875,0.035111010932830616,1.472148904438364e-05
0.38974999999999999,0.064849853515625,0.064860596006606028,-1.0742490981027752e-05
0.38987500000000003,0.084716796875,0.084723353537941068,-6.5566629410679367e-06
0.39000000000000001,0.0916748046875,0.09168105548824157,-6.2508007415695843e-06
0.390125,0.084686279296875,0.084681169999640232,5.1092972347677179e-06
0.39024999999999999,0.064788818359375,0.064796077247940856,-7.258888565855881e-06
0.39037500000000003,0.035064697265625,0.035058787840318302,5.9094253066979685e-06
0.39050000000000001,0,3.2960839875843135e-07,-3.2960839875843135e-07
0.390625,-0.0350341796875,-0.035040636984019137,6.4572965191370124e-06
0.39074999999999999,-0.064727783203125,-0.064730782394288131,2.9991911631305213e-06
0.39087499999999997,-0.084564208984375,-0.084553853795425446,-1.0355188949554006e-05
0.39100000000000001,-0.09149169921875,-0.091497653620502634,5.9544017526336201e-06
0.391125,-0.084503173828125,-0.084511753067341461,8.5792392164607545e-06
0.39124999999999999,-0.064666748046875,-0.064666389823467951,-3.5822340704871891e-07
0.39137499999999997,-0.035003662109375,-0.034988514679041863,-1.5147430333137257e-05
0.39150000000000001,0,-1.0260000263867504e-07,1.0260000263867504e-07
0.391625,0.03497314453125,0.034970852495075588,2.2920361744116491e-06
0.39174999999999999,0.064605712890625,0.064601677002270874,4.0358883541258272e-06
0.39187499999999997,0.084381103515625,0.084385141566787114,-4.0380511621140869e-06
0.39200000000000002,0.09130859375,0.091315067044351425,-6.473294351425074e-06
0.392125,0.0843505859375,0.084343123486399232,7.4624511007675975e-06
0.39224999999999999,0.064544677734375,0.064537410372608128,7.267361766871705e-06
0.39237499999999997,0.034912109375,0.034918830783341896,-6.7214083418962178e-06
0.39250000000000002,0,3.2490628075097091e-07,-3.2490628075097091e-07
0.392625,-0.034912109375,-0.034900758573722372,-1.1350801277627831e-05
0.39274999999999999,-0.064483642578125,-0.064472380700993398,-1.1261877131601983e-05
0.39287499999999997,-0.084228515625,-0.084216317564027379,-1.2198060972620772e-05
0.39300000000000002,-0.09112548828125,-0.091132396416294753,6.9081350447530721e-06
0.393125,-0.08416748046875,-0.084174381969141648,6.9015003916483852e-06
0.39324999999999999,-0.064422607421875,-0.064408239766282543,-1.4367655592456563e-05
0.39337499999999997,-0.03485107421875,-0.034848837261333983,-2.2369574160172045e-06
0.39350000000000002,0,-9.7914948807428992e-08,9.7914948807428992e-08
0.393625,0.034820556640625,0.034831253552760413,-1.069691213541335e-05
0.39374999999999999,0.0643310546875,0.06434379158644736,-1.2736898947360298e-05
0.39387499999999998,0.08404541015625,0.084048279725024461,-2.8695687744606513e-06
0.39400000000000002,0.0909423828125,0.090950539618819354,-8.1568063193537821e-06
0.394125,0.084014892578125,0.084006426453765104,8.4661243598960212e-06
0.39424999999999999,0.06427001953125,0.064279776100963942,-9.7565697139423424e-06
0.39437499999999998,0.0347900390625,0.034779432446192339,1.0606616307660965e-05
0.39450000000000002,0,3.2023825200811593e-07,-3.2023825200811593e-07
0.394625,-0.034759521484375,-0.034761438541029893,1.9170566548931678e-06
0.39474999999999999,-0.064208984375,-0.064215010531136915,6.0261561369151506e-06
0.39487499999999998,-0.083892822265625,-0.083880128764485154,-1.269350113984602e-05
0.39500000000000002,-0.09075927734375,-0.090768597311351132,9.3199676011318511e-06
0.395125,-0.083831787109375,-0.083838357655294002,6.5705459190018578e-06
0.39524999999999999,-0.06414794921875,-0.064151120249636595,3.1710308865950942e-06
0.39537499999999998,-0.034698486328125,-0.034709717447129661,1.1231119004660728e-05
0.39550000000000002,0,-9.3263885514791156e-08,9.3263885514791156e-08
0.395625,0.034698486328125,0.034692211872437803,6.2744556871968671e-06
0.39574999999999999,0.0640869140625,0.064086935633114628,-2.1570614627819396e-08
0.39587499999999998,0.083709716796875,0.083712762622979803,-3.0458261048027513e-06
0.39600000000000002,0.090576171875,0.09058746737929009,-1.1295504290090297e-05
0.396125,0.08367919921875,0.083671073514619526,8.1257041304738653e-06
0.39624999999999999,0.06402587890625,0.064023170310832309,2.7085954176914173e-06
0.39637499999999998,0.034637451171875,0.034640590598434273,-3.1394265592732395e-06
0.39650000000000002,0,3.1560409467723187e-07,-3.1560409467723187e-07
0.39662500000000001,-0.034637451171875,-0.034622674656956703,-1.4776514918296568e-05
0.39674999999999999,-0.06396484375,-0.06395866776693418,-6.1759830658203452e-06
0.39687499999999998,-0.08355712890625,-0.083545282017901831,-1.1846888348168716e-05
0.39700000000000002,-0.09039306640625,-0.090406250484969489,1.3184078719488679e-05
0.39712500000000001,-0.08349609375,-0.083503674749443604,7.5809994436043526e-06
0.39724999999999999,-0.06390380859375,-0.063895027159597523,-8.7814341524772299e-06
0.39737499999999998,-0.034576416015625,-0.034571153010430795,-5.2630051942045841e-06
0.39750000000000002,0,-8.8646595465612092e-08,8.8646595465612092e-08
0.39762500000000001,0.0345458984375,0.03455372522960469,-7.8267921046898392e-06
0.39774999999999999,0.0638427734375,0.063831105032715385,1.166840478461495e-05
0.39787499999999998,0.0833740234375,0.083378584892499122,-4.5614549991218611e-06
0.39800000000000002,0.090240478515625,0.09022584451669094,1.4633998934060477e-05
0.39812500000000001,0.083343505859375,0.083337059303337638,6.4465560373622166e-06
0.39824999999999999,0.06378173828125,0.063767588896500332,1.4149384749667648e-05
0.39837499999999998,0.034515380859375,0.034502303018526678,1.3077840848321753e-05
0.39850000000000002,0,3.1100362300789205e-07,-3.1100362300789205e-07
0.39862500000000001,-0.03448486328125,-0.034484464701444166,-3.9857980583396513e-07
0.39874999999999999,-0.063690185546875,-0.063703348307060495,1.3162760185495004e-05
0.39887499999999998,-0.083221435546875,-0.083211771966848924,-9.6635800260758131e-06
0.39900000000000002,-0.090057373046875,-0.090045350139683539,-1.2022907191461263e-05
0.39912500000000001,-0.083160400390625,-0.083170327896686158,9.927506061158109e-06
0.39924999999999999,-0.063629150390625,-0.063639956398633901,1.0806008008901191e-05
0.39937499999999998,-0.034423828125,-0.03443314173413508,9.3136091350795591e-06
0.39950000000000002,0,-8.4062893402322967e-08,8.4062893402322967e-08
0.39962500000000001,0.034423828125,0.034415791408609404,8.0367163905956107e-06
0.39974999999999999,0.063568115234375,0.063576295692119228,-8.1804577442279314e-06
0.39987499999999998,0.083038330078125,0.08304574118686972,-7.411108744720396e-06
0.40000000000000002,0.089874267578125,0.089865665245138934,8.6023329860657194e-06
0.40012500000000001,0.0830078125,0.083004378475726018,3.4340242739822058e-06
0.40024999999999999,0.063507080078125,0.063513027768623456,-5.9476904984562262e-06
0.40037499999999998,0.03436279296875,0.034364567493768719,-1.7745250187189976e-06
0.40050000000000002,0,3.0643664190462555e-07,-3.0643664190462555e-07
0.40062500000000001,-0.034332275390625,-0.0343468064632673,1.453107264230008e-05
0.40075,-0.063446044921875,-0.063449048066541516,3.0031446665162997e-06
0.40087499999999998,-0.0828857421875,-0.082879593275296287,-6.1489122037128308e-06
0.40100000000000002,-0.089691162109375,-0.08968589050117047,-5.2716082045295432e-06
0.40112500000000001,-0.08282470703125,-0.082838311763505854,1.3604732255853569e-05
0.40125,-0.063385009765625,-0.063385903885593467,8.9411996846699981e-07
0.40137499999999998,-0.0343017578125,-0.034295681409962739,-6.0764025372611608e-06
0.40150000000000002,0,-7.9512584740496232e-08,7.9512584740496232e-08
0.40162500000000001,0.034271240234375,0.034278408202654397,-7.1679682793965305e-06
0.40175,0.063323974609375,0.06332250353451345,1.4710748615504032e-06
0.40187499999999998,0.08270263671875,0.08271422618071099,-1.1589461960989644e-05
0.40200000000000002,0.089508056640625,0.08950692380184827,1.1328387767295389e-06
0.40212500000000001,0.082672119140625,0.08267302570892128,-9.0656829627999702e-07
0.40225,0.063262939453125,0.063259482854203616,3.4565989213836135e-06
0.40237499999999998,0.03424072265625,0.034227381820321229,1.3340835928771222e-05
0.40250000000000002,0,3.0190295729278499e-07,-3.0190295729278499e-07
0.40262500000000001,-0.034210205078125,-0.034209697740037605,-5.073380873951705e-07
0.40275,-0.063201904296875,-0.06319576297671721,-6.141320157790342e-06
0.40287499999999998,-0.082550048828125,-0.082548740628503273,-1.3081996217273462e-06
0.40300000000000002,-0.089324951171875,-0.089327865818158408,2.9146462834084286e-06
0.40312500000000001,-0.08251953125,-0.082507621037674395,-1.1910212325605407e-05
0.40325,-0.063140869140625,-0.063132865555608778,-8.0035850162224476e-06
0.40337499999999998,-0.034149169921875,-0.034158769838477966,9.5999166029661631e-06
0.40350000000000003,0,-7.4995475914003349e-08,7.4995475914003349e-08
0.40362500000000001,0.034149169921875,0.034141573413751361,7.5965081236389898e-06
0.40375,0.063079833984375,0.063069724499367041,1.0109485007958607e-05
0.40387499999999998,0.0823974609375,0.082384034569904938,1.3426367595062438e-05
0.40400000000000003,0.089141845703125,0.08914961444703802,-7.7687439130197378e-06
0.40412500000000001,0.08233642578125,0.082342995701308944,-6.5699200589436346e-06
0.40425,0.063018798828125,0.063006950096494985,1.1848731630015319e-05
0.40437499999999998,0.034088134765625,0.03409074380313349,-2.6090375084900086e-06
0.40450000000000003,0,2.9740238623849867e-07,-2.9740238623849867e-07
0.40462500000000001,-0.034088134765625,-0.034073136338158241,-1.4998427466758613e-05
0.40475,-0.062957763671875,-0.062943488985169299,-1.4274686705700868e-05
0.40487499999999998,-0.08221435546875,-0.082219208732949467,4.8532641994669667e-06
0.40500000000000003,-0.088958740234375,-0.088971270362334418,1.2530127959417547e-05
0.40512500000000001,-0.082183837890625,-0.082178250428173713,-5.5874624512869397e-06
0.40525,-0.0628662109375,-0.062880837360039452,1.4626422539451567e-05
0.40537499999999999,-0.034027099609375,-0.034022404829015827,-4.6947803591726456e-06
0.40550000000000003,0,-7.0511384474751636e-08,7.0511384474751636e-08
0.40562500000000001,0.03399658203125,0.034005284852676794,-8.7028214267939608e-06
0.40575,0.06280517578125,0.062817954542358348,-1.2778761108347969e-05
0.40587499999999999,0.082061767578125,0.082055161071507426,6.6065066175735598e-06
0.40600000000000003,0.08880615234375,0.088793731463840328,1.2420879909672e-05
0.40612500000000001,0.082000732421875,0.082014283172442332,-1.3550750567331571e-05
0.40625,0.062744140625,0.062755425454953537,-1.1284829953536746e-05
0.40637499999999999,0.033966064453125,0.033954651255917588,1.1413197207411907e-05
0.40649999999999997,0,2.929347264878328e-07,-2.929347264878328e-07
0.40662500000000001,-0.033935546875,-0.033937120072779603,1.5731977796029639e-06
0.40675,-0.06268310546875,-0.062692222055649435,9.1165868994352861e-06
0.40687499999999999,-0.081878662109375,-0.081890992316245886,1.2330206870886373e-05
0.40699999999999997,-0.088623046875,-0.088616098428252923,-6.9484467470765088e-06
0.40712500000000001,-0.08184814453125,-0.081850194665095882,2.0501338458822627e-06
0.40725,-0.0626220703125,-0.06262981526641441,7.744953914409769e-06
0.40737499999999999,-0.03387451171875,-0.033886584199665983,1.2072480915982509e-05
0.40749999999999997,0,-6.6060108692706408e-08,6.6060108692706408e-08
0.40762500000000002,0.03387451171875,0.03386954033897431,4.9713797756895106e-06
0.40775,0.06256103515625,0.06256718963530325,-6.1544790532497284e-06
0.40787499999999999,0.08172607421875,0.081727600423659785,-1.5262049097852781e-06
0.40799999999999997,0.08843994140625,0.088439269158209016,6.7224804098375834e-07
0.40812500000000002,0.081695556640625,0.081686882862942775,8.6737776822248813e-06
0.40825,0.0625,0.06250490490514371,-4.9049051437100033e-06
0.40837499999999999,0.0338134765625,0.033819102001122731,-5.6254386227305719e-06
0.40849999999999997,0,2.8849978699894067e-07,-2.8849978699894067e-07
0.40862500000000002,-0.0338134765625,-0.033801646767801723,-1.1829794698277329e-05
0.40875,-0.06243896484375,-0.062441958168043085,2.9933242930851867e-06
0.40887499999999999,-0.081573486328125,-0.081564086127046909,-9.4002010780913636e-06
0.40899999999999997,-0.0882568359375,-0.088262344333244314,5.50839574431361e-06
0.40912500000000002,-0.081512451171875,-0.081523448499582013,1.0997327707013005e-05
0.40925,-0.0623779296875,-0.062379795258339005,1.8655708390047376e-06
0.40937499999999999,-0.03375244140625,-0.033751305777200598,-1.1356290494021759e-06
0.40949999999999998,0,-6.1641458027040597e-08,6.1641458027040597e-08
0.40962500000000002,0.033721923828125,0.033734337700863613,-1.241387273861333e-05
0.40975,0.06231689453125,0.06231742576611933,-5.31234869330377e-07
0.40987499999999999,0.081390380859375,0.081401347385520018,-1.0966526145017585e-05
0.40999999999999998,0.08807373046875,0.088086221858828376,-1.2491390078375741e-05
0.41012500000000002,0.08135986328125,0.081360789534438566,-9.2625318856565109e-07
0.41025,0.062255859375,0.062255384438717018,4.7493628298200807e-07
0.41037499999999999,0.03369140625,0.03368409386986327,7.3123801367300234e-06
0.41049999999999998,0,2.8409736772655303e-07,-2.8409736772655303e-07
0.41062500000000002,-0.033660888671875,-0.033666714255783388,5.825583908387888e-06
0.41075,-0.06219482421875,-0.062192693318262389,-2.1309004876110538e-06
0.41087499999999999,-0.08123779296875,-0.081238484934981675,6.9196623167511184e-07
0.41099999999999998,-0.087921142578125,-0.087910002417324079,-1.1140160800920951e-05
0.41112500000000002,-0.081207275390625,-0.081198006703722819,-9.268686902180745e-06
0.41125,-0.0621337890625,-0.062130773335473448,-3.0157270265521174e-06
0.41137499999999999,-0.03363037109375,-0.033616567397095398,-1.3803696654601794e-05
0.41149999999999998,0,-5.7255232951016644e-08,5.7255232951016644e-08
0.41162500000000002,0.033599853515625,0.033599674775243241,1.7874038175935691e-07
0.41175,0.06207275390625,0.062068658938718706,4.0949675312942913e-06
0.41187499999999999,0.081085205078125,0.081076396737155818,8.8083409691824821e-06
0.41199999999999998,0.087738037109375,0.087734583917022532,3.453192352467771e-06
0.41212500000000002,0.081024169921875,0.081035997969465784,-1.182804759078393e-05
0.41225000000000001,0.06201171875,0.062006860063319243,4.8586866807573403e-06
0.41237499999999999,0.033538818359375,0.033549624701939729,-1.0806342564728677e-05
0.41249999999999998,0,2.7972728970957098e-07,-2.7972728970957098e-07
0.41262500000000002,-0.033538818359375,-0.033532320377944853,-6.4979814301466265e-06
0.41275000000000001,-0.06195068359375,-0.061944423518210674,-6.2600755393257823e-06
0.41287499999999999,-0.080902099609375,-0.080914183530547162,1.2083921172162393e-05
0.41299999999999998,-0.087554931640625,-0.087559067043102332,4.1354024773315734e-06
0.41312500000000002,-0.08087158203125,-0.080873864070478738,2.2820392287375979e-06
0.41325000000000001,-0.0618896484375,-0.061882745513440286,-6.9029240597137664e-06
0.41337499999999999,-0.033477783203125,-0.033482366903457787,4.5837003327872661e-06
0.41349999999999998,0,-5.2901254979467329e-08,5.2901254979467329e-08
0.41362500000000002,0.033477783203125,0.033465549407646546,1.2233795478454323e-05
0.41375000000000001,0.06182861328125,0.061820885172972788,7.7281082772120979e-06
0.41387499999999999,0.08074951171875,0.080752743279476541,-3.2315607265409607e-06
0.41399999999999998,0.087371826171875,0.087384349706664879,-1.2523534789879442e-05
0.41412500000000002,0.080718994140625,0.080712502971388489,6.4911692365110518e-06
0.41425000000000001,0.061767578125,0.061759327802533737,8.2503224662633379e-06
0.41437499999999999,0.033416748046875,0.033415692345767051,1.0557011079492806e-06
0.41449999999999998,0,2.7538936489325231e-07,-2.7538936489325231e-07
0.41462500000000002,-0.03338623046875,-0.033398462984114821,1.2232515364821173e-05
0.41475000000000001,-0.06170654296875,-0.061697144795711499,-9.3981730385009343e-06
0.41487499999999999,-0.080596923828125,-0.080591176725040362,-5.7471030846384386e-06
0.41499999999999998,-0.08721923828125,-0.087209532595693418,-9.7056855565824662e-06
0.41512500000000002,-0.08056640625,-0.080551015413600588,-1.5390836399412078e-05
0.41525000000000001,-0.0616455078125,-0.061635707823767753,-9.7999887322466894e-06
0.41537499999999999,-0.033355712890625,-0.033348702149001645,-7.0107416233547437e-06
0.41549999999999998,0,-4.8579336551278757e-08,4.8579336551278757e-08
0.41562500000000002,0.0333251953125,0.033331959452198148,-6.7641396981482638e-06
0.41575000000000001,0.06158447265625,0.06157410050463441,1.0372151615589686e-05
0.41587499999999999,0.0804443359375,0.080430381834146081,1.3954103353919223e-05
0.41599999999999998,0.0870361328125,0.087035513624088373,6.1918841162689198e-07
0.41612500000000002,0.08038330078125,0.080390299364319573,-6.9985830695729057e-06
0.41625000000000001,0.0615234375,0.061512783695824767,1.0653804175232706e-05
0.416375,0.033294677734375,0.033282294658358615,1.2383076016385386e-05
0.41649999999999998,0,2.7108340620888974e-07,-2.7108340620888974e-07
0.41662500000000002,-0.03326416015625,-0.033265139932732696,9.7977648269576001e-07
0.41675000000000001,-0.06146240234375,-0.061450853194438125,-1.1549149311874951e-05
0.416875,-0.08026123046875,-0.080269459350467642,8.2288817176423557e-06
0.41699999999999998,-0.08685302734375,-0.086861393482626309,8.3661388763089928e-06
0.41712500000000002,-0.080230712890625,-0.080229455567531208,-1.2573230937923396e-06
0.41725000000000001,-0.0614013671875,-0.061389656313833321,-1.1710873666678778e-05
0.417375,-0.033203125,-0.033215570995022127,1.244599502212701e-05
0.41749999999999998,0,-4.4289300954070883e-08,4.4289300954070883e-08
0.41762500000000002,0.033203125,0.033198902771616141,4.2222283838586061e-06
0.41775000000000001,0.06134033203125,0.061328300985302432,1.203104594756782e-05
0.417875,0.080108642578125,0.080109307243496269,-6.6466537126941283e-07
0.41799999999999998,0.086700439453125,0.086688070087995533,1.2369365129466514e-05
0.41812500000000002,0.080078125,0.080069381993022645,8.7430069773547503e-06
0.41825000000000001,0.061279296875,0.061267223798446221,1.2073076553778539e-05
0.418375,0.03314208984375,0.033149429505255401,-7.3396615054011072e-06
0.41849999999999998,0,2.668092374143641e-07,-2.668092374143641e-07
0.41862500000000002,-0.03314208984375,-0.033132349090759246,-9.7407529907542201e-06
0.41875000000000001,-0.06121826171875,-0.061205544773878184,-1.2716944871815627e-05
0.418875,-0.0799560546875,-0.07994902625947703,-7.0284280229704343e-06
0.41899999999999998,-0.086517333984375,-0.086514644133754912,-2.6898506200884187e-06
0.41912500000000003,-0.07989501953125,-0.079909179387345722,1.415985609572179e-05
0.41925000000000001,-0.0611572265625,-0.061144587046772461,-1.2639515727538853e-05
0.419375,-0.0330810546875,-0.033082971311324906,1.9166238249060386e-06
0.41949999999999998,0,-4.003094281939152e-08,4.003094281939152e-08
0.41962500000000003,0.0330810546875,0.033066377237122954,1.467745037704582e-05
0.41975000000000001,0.06109619140625,0.061083482682316483,1.2708723933517463e-05
0.419875,0.079803466796875,0.079789514370459516,1.3952426415483887e-05
0.41999999999999998,0.086334228515625,0.086342013539369405,-7.7850237444054837e-06
0.42012500000000003,0.079742431640625,0.079749745722852372,-7.3140822273720651e-06
0.42025000000000001,0.06103515625,0.061022644181420393,1.2512068579606517e-05
0.420375,0.03302001953125,0.033017094760546671,2.9247707033289161e-06
0.42049999999999998,0,2.625666536682706e-07,-2.625666536682706e-07
0.42062500000000003,-0.032989501953125,-0.03300008833367922,1.058638055422001e-05
0.42075000000000001,-0.06097412109375,-0.06096121560922859,-1.290548452140966e-05
0.420875,-0.079620361328125,-0.079629872325253356,9.5109971283563466e-06
0.42099999999999999,-0.086181640625,-0.08616927900116908,-1.2361623830919877e-05
0.42112500000000003,-0.07958984375,-0.079590181748654037,3.3799865403749685e-07
0.42125000000000001,-0.0609130859375,-0.060900496101457618,-1.2589836042381508e-05
0.421375,-0.032958984375,-0.032950900976246936,-8.083398753064297e-06
0.42149999999999999,0,-3.5804087427017346e-08,3.5804087427017346e-08
0.42162500000000003,0.032928466796875,0.032934380728448009,-5.9139315730094566e-06
0.42175000000000001,0.06085205078125,0.060839641678722127,1.2409102527873028e-05
0.421875,0.0794677734375,0.079470998098463835,-3.2246609638353352e-06
0.42199999999999999,0.08599853515625,0.085997338441384477,1.1967148655228632e-06
0.42212499999999997,0.079437255859375,0.079431385439664617,5.8704197103826017e-06
0.42225000000000001,0.060791015625,0.06077904093144719,1.1974693552810334e-05
0.422375,0.03289794921875,0.032885288306799397,1.2660911950602982e-05
0.42249999999999999,0,2.58355480715733e-07,-2.58355480715733e-07
0.42262499999999997,-0.032867431640625,-0.032868355545440153,9.2390481515325362e-07
0.42275000000000001,-0.06072998046875,-0.060717861791360885,-1.2118677389115484e-05
0.422875,-0.079315185546875,-0.079311992441451207,-3.1931054237932521e-06
0.42299999999999999,-0.0858154296875,-0.085825292559105787,9.8628716057869159e-06
0.42312499999999997,-0.07928466796875,-0.079272457547530026,-1.2210421219974177e-05
0.42325000000000002,-0.0606689453125,-0.060657379572407508,-1.1565740092492338e-05
0.423375,-0.032806396484375,-0.032819357876585874,1.2961392210873723e-05
0.42349999999999999,0,-3.1608551121117163e-08,3.1608551121117163e-08
0.42362499999999997,0.032806396484375,0.032802911133766564,3.4853506084356334e-06
0.42375000000000002,0.06060791015625,0.060596774073201159,1.1136083048840506e-05
0.423875,0.07916259765625,0.079153753331366219,8.8443248837805077e-06
0.42399999999999999,0.085662841796875,0.085654039279318125,8.8025175568745562e-06
0.42412499999999997,0.0791015625,0.079114296049708446,-1.2733549708446312e-05
0.42425000000000002,0.060546875,0.060536410150848527,1.0464849151473055e-05
0.424375,0.032745361328125,0.032754008035033498,-8.6467069084980586e-06
0.42449999999999999,0,2.541755353836556e-07,-2.541755353836556e-07
0.42462499999999997,-0.032745361328125,-0.032737148618490704,-8.2127096342962669e-06
0.42475000000000002,-0.06048583984375,-0.06047547942674468,-1.0360417005320088e-05
0.424875,-0.079010009765625,-0.078995381522109567,-1.4628243515432682e-05
0.42499999999999999,-0.085479736328125,-0.085482679303860776,2.9429757357757325e-06
0.42512499999999998,-0.078948974609375,-0.0789560017004,7.0270910249997653e-06
0.42525000000000002,-0.0604248046875,-0.060415233569738484,-9.5711177615157017e-06
0.425375,-0.032684326171875,-0.032688339907575463,4.0137357004629837e-06
0.42549999999999999,0,-2.7444151210134974e-08,2.7444151210134974e-08
0.42562499999999998,0.032684326171875,0.03267196634973802,1.2359822136980003e-05
0.42575000000000002,0.06036376953125,0.060354875980002366,8.8935512476337464e-06
0.425875,0.078826904296875,0.078837774993363585,-1.0870696488585185e-05
0.42599999999999999,0.0853271484375,0.085312110560462451,1.5037877037549219e-05
0.42612499999999998,0.07879638671875,0.078798472479589599,-2.0857608395985494e-06
0.42625000000000002,0.060302734375,0.060294747957512711,7.9864174872892879e-06
0.426375,0.032623291015625,0.032623251844697096,3.9170927904064179e-08
0.42649999999999999,0,2.5002663546083001e-07,-2.5002663546083001e-07
0.42662499999999998,-0.0325927734375,-0.032606465453638531,1.369201613853066e-05
0.42675000000000002,-0.06024169921875,-0.060234064637412939,-7.6345813370612414e-06
0.426875,-0.07867431640625,-0.078680034501566631,5.7180953166313664e-06
0.42699999999999999,-0.08514404296875,-0.08514143375370048,-2.6092150495204969e-06
0.42712499999999998,-0.078643798828125,-0.078640809144006354,-2.9896841186455303e-06
0.42725000000000002,-0.0601806640625,-0.060174054219074756,-6.6098434252440108e-06
0.427375,-0.032562255859375,-0.032557844972860787,-4.4108865142125642e-06
0.42749999999999999,0,-2.3310715631818076e-08,2.3310715631818076e-08
0.42762499999999998,0.03253173828125,0.032541544281364083,-9.8060001140834463e-06
0.42775000000000002,0.06011962890625,0.060113943528906727,5.6853773432730126e-06
0.42787500000000001,0.078521728515625,0.078523058028926285,-1.3295133012847238e-06
0.42799999999999999,0.0849609375,0.084971546814036195,-1.0609314036194584e-05
0.42812499999999998,0.0784912109375,0.078483909676162963,7.3012613370365687e-06
0.42825000000000002,0.06005859375,0.060054050484805034,4.5432651949658953e-06
0.42837500000000001,0.032501220703125,0.032493017643596973,8.203059528026635e-06
0.42849999999999999,0,2.459086093436528e-07,-2.459086093436528e-07
0.42862499999999998,-0.032470703125,-0.032476303960080111,5.6008350801106666e-06
0.42875000000000002,-0.05999755859375,-0.059993613560858632,-3.9450328913684385e-06
0.42887500000000001,-0.078369140625,-0.078365946334393671,-3.194290606328698e-06
0.42899999999999999,-0.084808349609375,-0.084801550448774188,-6.7991606008122041e-06
0.42912499999999998,-0.078338623046875,-0.078326874835300181,-1.174821157481909e-05
0.42925000000000002,-0.0599365234375,-0.059933837661527746,-2.6857759722540009e-06
0.42937500000000001,-0.032440185546875,-0.032427870984428932,-1.2314562446068267e-05
0.42949999999999999,0,-1.9208044230670878e-08,1.9208044230670878e-08
0.42962499999999998,0.03240966796875,0.032411642842018529,-1.9748732685287429e-06
0.42975000000000002,0.05987548828125,0.059873972865124379,1.5154161256206167e-06
0.42987500000000001,0.078216552734375,0.078209597402695161,6.955331679839305e-06
0.42999999999999999,0.084625244140625,0.084632342591097476,-7.0984504724758146e-06
0.43012499999999998,0.078155517578125,0.078170602606444581,-1.5085028319580807e-05
0.43025000000000002,0.059814453125,0.059814313881547003,1.3924345299703988e-07
0.43037500000000001,0.0323486328125,0.032363303347919016,-1.4670535419016029e-05
0.43049999999999999,0,2.4182125739094942e-07,-2.4182125739094942e-07
0.43062499999999998,-0.0323486328125,-0.03234666205538491,-1.9707571150898162e-06
0.43075000000000002,-0.05975341796875,-0.059754122350000466,7.0438125046590194e-07
0.43087500000000001,-0.07806396484375,-0.078053111995291996,-1.0852848458003939e-05
0.43099999999999999,-0.08447265625,-0.084463023951026922,-9.6322989730779351e-06
0.43112499999999998,-0.0780029296875,-0.078014193751353295,1.1264063853294592e-05
0.43125000000000002,-0.0596923828125,-0.059694580053606804,2.1972411068035824e-06
0.43137500000000001,-0.03228759765625,-0.032298415862629312,1.081820637931219e-05
0.43149999999999999,0,-1.5135966887979267e-08,1.5135966887979267e-08
0.43162499999999998,0.03228759765625,0.032282259953431383,5.3377028186168962e-06
0.43175000000000002,0.05963134765625,0.059634960149260369,-3.6124930103687003e-06
0.43187500000000001,0.077911376953125,0.077897388099415626,1.3988853709373528e-05
0.432,0.08428955078125,0.08429449246445643,-4.9416832064302918e-06
0.43212499999999998,0.077850341796875,0.077858546257553118,-8.2044606781184193e-06
0.43225000000000002,0.0595703125,0.059575534311927247,-5.2218119272473551e-06
0.43237500000000001,0.0322265625,0.032234106882158886,-7.5443821588860871e-06
0.4325,0,2.3776440993785641e-07,-2.3776440993785641e-07
0.43262499999999998,-0.0322265625,-0.032217537665408455,-9.0248345915450168e-06
0.43275000000000002,-0.05950927734375,-0.059515587173114483,6.3098293644828218e-06
0.43287500000000001,-0.077728271484375,-0.077741526479027392,1.3254994652392438e-05
0.433,-0.084136962890625,-0.084125848844112269,-1.1114046512730735e-05
0.43312499999999998,-0.07769775390625,-0.077702760889300143,5.0069830501431323e-06
0.43325000000000002,-0.0594482421875,-0.059456277567164539,8.0353796645393771e-06
0.43337500000000001,-0.03216552734375,-0.032169477536104517,3.9501923545168238e-06
0.4335,0,-1.1094304721797681e-08,1.1094304721797681e-08
0.43362499999999998,0.03216552734375,0.03215339354560217,1.2133798147830055e-05
0.43375000000000002,0.05938720703125,0.059396901557246369,-9.6945259963690522e-06
0.43387500000000001,0.07757568359375,0.077586425123853872,-1.0741530103872132e-05
0.434,0.083953857421875,0.083957991028588405,-4.1336067134051246e-06
0.43412499999999998,0.077545166015625,0.077547735636615059,-2.5696209900588629e-06
0.43425000000000002,0.059326171875,0.059337707955453838,-1.1536080453837527e-05
0.43437500000000001,0.0321044921875,0.032105426179097854,-9.3399159785401142e-07
0.4345,0,2.3373788857333335e-07,-2.3373788857333335e-07
0.43462499999999998,-0.032073974609375,-0.032088928724294911,1.4954114919911443e-05
0.43475000000000003,-0.05926513671875,-0.059278004213765959,1.2867495015958519e-05
0.43487500000000001,-0.077423095703125,-0.077431184800346428,8.0890972214281431e-06
0.435,-0.08380126953125,-0.083790019733305757,-1.12497979442433e-05
0.43512499999999998,-0.077392578125,-0.077392571266242882,-6.8587571178113649e-09
0.43525000000000003,-0.0592041015625,-0.059218926389342348,1.4824826842348149e-05
0.43537500000000001,-0.03204345703125,-0.032041053941774984,-2.4030894750157183e-06
0.4355,0,-7.0828797908233999e-09,7.0828797908233999e-09
0.43562499999999998,0.032012939453125,0.032025041556802518,-1.2102103677517906e-05
0.43575000000000003,0.059173583984375,0.059159793280272766,1.3790704102234486e-05
0.43587500000000001,0.0772705078125,0.07727670350071314,-6.1956882131397606e-06
0.436,0.0836181640625,0.083622832899547528,-4.6688370475278518e-06
0.43612499999999998,0.077239990234375,0.077238165770688316,1.8244636866837638e-06
0.43625000000000003,0.059112548828125,0.059100831006866,1.1717821258999672e-05
0.43637500000000001,0.031982421875,0.031977259179778443,5.1626952215569344e-06
0.4365,0,2.2974152532195073e-07,-2.2974152532195073e-07
0.43662499999999999,-0.031951904296875,-0.031960833174435106,8.9288775601062409e-06
0.43675000000000003,-0.059051513671875,-0.059041369670775376,-1.0144001099623989e-05
0.43687500000000001,-0.077117919921875,-0.077122081993892866,4.1620720178658921e-06
0.437,-0.083465576171875,-0.083455531245418518,-1.0044926456481695e-05
0.43712499999999999,-0.07708740234375,-0.077083619919175408,-3.7824245745915475e-06
0.43725000000000003,-0.058990478515625,-0.058982522722482431,-7.955793142569445e-06
0.43737500000000001,-0.03192138671875,-0.031913143024770746,-8.2436939792540631e-06
0.4375,0,-3.1015245680612869e-09,3.1015245680612869e-09
0.43762499999999999,0.031890869140625,0.031897201933525465,-6.3327929004652894e-06
0.43774999999999997,0.058929443359375,0.058923631524747992,5.8118346270077947e-06
0.43787500000000001,0.07696533203125,0.076968218274568886,-2.8862433188864278e-06
0.438,0.083282470703125,0.083289012714880512,-6.5420117555115009e-06
0.43812499999999999,0.076934814453125,0.076929831706686505,4.9827464384949449e-06
0.43824999999999997,0.058868408203125,0.058864899676127354,3.5085269976461997e-06
0.43837500000000001,0.0318603515625,0.031849603833436387,1.0747729063613487e-05
0.4385,0,2.2577512461212477e-07,-2.2577512461212477e-07
0.43862499999999999,-0.031829833984375,-0.031833248966424851,3.4149820498513561e-06
0.43874999999999997,-0.058807373046875,-0.058805679758103711,-1.6932887712886591e-06
0.43887500000000002,-0.076812744140625,-0.076814213114143007,1.4689735180067887e-06
0.439,-0.0831298828125,-0.083122378028711419,-7.5047837885811042e-06
0.43912499999999999,-0.0767822265625,-0.076775901904907504,-6.3246575924963411e-06
0.43924999999999997,-0.058746337890625,-0.058747062784120924,7.2489349592363972e-07
0.43937500000000002,-0.03179931640625,-0.031785742738451403,-1.3573667798597033e-05
0.4395,0,8.4995601495098868e-10,-8.4995601495098868e-10
0.43962499999999999,0.031768798828125,0.031769872630487653,-1.0738023626527538e-06
0.43974999999999997,0.058685302734375,0.05868841251221743,-3.1097778424304945e-06
0.43987500000000002,0.07666015625,0.076660964509767476,-8.082597674763381e-07
0.44,0.08294677734375,0.08295652513354082,-9.7477897908204714e-06
0.44012499999999999,0.076629638671875,0.076622728511285002,6.910160589998493e-06
0.44024999999999997,0.058624267578125,0.058629910188284465,-5.6426101594647671e-06
0.44037500000000002,0.031707763671875,0.031722458097520563,-1.4694425645563058e-05
0.4405,0,2.2183852036918689e-07,-2.2183852036918689e-07
0.44062499999999999,-0.031707763671875,-0.031706174059067151,-1.589612807849361e-06
0.44074999999999998,-0.058563232421875,-0.058570930704872376,7.6982829973759603e-06
0.44087500000000002,-0.076507568359375,-0.076507573235304507,4.875929507375254e-09
0.441,-0.082794189453125,-0.082790554752809248,-3.6347003157521929e-06
0.44112499999999999,-0.07647705078125,-0.07646941229997134,-7.6384812786600698e-06
0.44124999999999998,-0.058502197265625,-0.058512542806846778,1.034554122177761e-05
0.44137500000000002,-0.031646728515625,-0.031658851044338139,1.2122528713139069e-05
0.4415,0,4.7717275891438274e-09,-4.7717275891438274e-09
0.44162499999999999,0.031646728515625,0.031643051610543989,3.6769050810112058e-06
0.44174999999999998,0.058441162109375,0.058454132479316537,-1.2970369941536775e-05
0.44187500000000002,0.07635498046875,0.076354937290361843,4.3178388156595027e-08
0.442,0.082611083984375,0.082625364835803378,-1.428085142837765e-05
0.44212499999999999,0.076324462890625,0.076316851270863864,7.6116197611358904e-06
0.44224999999999998,0.05841064453125,0.058395858783493799,1.4785747756200507e-05
0.44237500000000002,0.031585693359375,0.031595819937625093,-1.0126578250092833e-05
0.4425,0,2.1793153790753382e-07,-2.1793153790753382e-07
0.44262499999999999,-0.031585693359375,-0.031579606419286969,-6.0869400880306235e-06
0.44274999999999998,-0.058349609375,-0.058337118755215842,-1.2490619784158441e-05
0.44287500000000002,-0.076202392578125,-0.076202157451252264,-2.3512687273574695e-07
0.443,-0.08245849609375,-0.08246005610861562,1.5600148656202961e-06
0.44312499999999999,-0.076171875,-0.076164146200564373,-7.7287994356273204e-06
0.44324999999999998,-0.05828857421875,-0.058278959038328623,-9.6151804213767678e-06
0.44337500000000002,-0.031524658203125,-0.031532465912089878,7.8077089648784237e-06
0.44350000000000001,0,8.6639643796241056e-09,-8.6639643796241056e-09
0.44362499999999999,0.031524658203125,0.031516736844690182,7.9213584348175603e-06
0.44374999999999998,0.0582275390625,0.058220787677690532,6.7513848094682971e-06
0.44387500000000002,0.0760498046875,0.076050131720029196,-3.270325291959697e-07
0.44400000000000001,0.082305908203125,0.082295526523179272,1.0381679945728473e-05
0.44412499999999999,0.076019287109375,0.076012195091414714,7.0920179602862454e-06
0.44424999999999998,0.05816650390625,0.058162741716907759,3.7621893422407071e-06
0.44437500000000002,0.031463623046875,0.031469687327474252,-6.0642805992522364e-06
0.44450000000000001,0,2.1405400346141199e-07,-2.1405400346141199e-07
0.44462499999999999,-0.031463623046875,-0.031453544022133843,-1.0079024741156684e-05
0.44474999999999998,-0.05810546875,-0.05810424016827509,-1.2285817249102493e-06
0.44487500000000002,-0.075897216796875,-0.075897960875442663,7.4407856766323111e-07
0.44500000000000001,-0.082122802734375,-0.082130876808227962,8.0740738529622158e-06
0.44512499999999999,-0.07586669921875,-0.075860098722456429,-6.6004962935711786e-06
0.44524999999999998,-0.05804443359375,-0.058046307741201127,1.8741474511266287e-06
0.44537500000000002,-0.031402587890625,-0.031406585319479499,3.9974288544991632e-06
0.44550000000000001,0,1.2526830366052854e-08,-1.2526830366052854e-08
0.44562499999999999,0.031402587890625,0.031390926312021464,1.1661578603536227e-05
0.44574999999999998,0.0579833984375,0.057988374373954522,-4.9759364545223783e-06
0.44587500000000002,0.07574462890625,0.075746542921989166,-1.9140157391656087e-06
0.44600000000000001,0.08197021484375,0.081967004918331046,3.2099254189538184e-06
0.44612499999999999,0.075714111328125,0.075708755098466071,5.3562296589287905e-06
0.44624999999999998,0.05792236328125,0.057930555258628308,-8.191977378307902e-06
0.44637500000000002,0.031341552734375,0.031344058248855472,-2.505514480471982e-06
0.44650000000000001,0,2.1020575348959936e-07,-2.1020575348959936e-07
0.44662499999999999,-0.031341552734375,-0.031327984850732044,-1.3567883642956469e-05
0.44674999999999998,-0.057861328125,-0.0578722912181244,1.0963093124399803e-05
0.44687500000000002,-0.075592041015625,-0.075594978640849728,2.9376252247276247e-06
0.44700000000000001,-0.081817626953125,-0.081803011584852869,-1.4615368272130613e-05
0.44712499999999999,-0.0755615234375,-0.075557265000918666,-4.2584365813336245e-06
0.44724999999999998,-0.05780029296875,-0.057814585193018582,1.4292224268581954e-05
0.44737500000000002,-0.031280517578125,-0.031281207252326852,6.8967420185223061e-07
0.44750000000000001,0,1.6360516635950379e-08,-1.6360516635950379e-08
0.447625,0.031280517578125,0.031265617999691693,1.489957843330697e-05
0.44774999999999998,0.057769775390625,0.057756888849620491,1.28865410045087e-05
0.44787500000000002,0.075439453125,0.075444166038939914,-4.7129139399137987e-06
0.44800000000000001,0.081634521484375,0.081639794764988255,-5.2732806132549381e-06
0.448125,0.075408935546875,0.075406526437008806,2.4091098661943589e-06
0.44824999999999998,0.057708740234375,0.057699295693653757,9.4445407212429e-06
0.44837500000000002,0.031219482421875,0.031218930691638939,5.5173023606053251e-07
0.44850000000000001,0,2.0638659739673279e-07,-2.0638659739673279e-07
0.448625,-0.03118896484375,-0.031202926896282759,1.3962052532758701e-05
0.44874999999999998,-0.057647705078125,-0.057641268193705131,-6.4368844198692265e-06
0.44887500000000002,-0.075286865234375,-0.075293205899865712,6.3406654907116611e-06
0.44900000000000001,-0.08148193359375,-0.081476455192721842,-5.4784010281583306e-06
0.449125,-0.07525634765625,-0.075255640190631648,-7.0746561835199895e-07
0.44924999999999998,-0.057586669921875,-0.057583787686201933,-2.8822356730670573e-06
0.44937500000000002,-0.031158447265625,-0.031156329704518468,-2.117561106532162e-06
0.44950000000000001,0,2.0165185310086194e-08,-2.0165185310086194e-08
0.449625,0.0311279296875,0.031140809902915512,-1.2880215415511653e-05
0.44974999999999998,0.057525634765625,0.057526327401064052,-6.9263543905212499e-07
0.44987500000000002,0.07513427734375,0.075142996232959142,-8.7188892091416559e-06
0.45000000000000001,0.081298828125,0.081313890827863403,-1.5062702863402611e-05
0.450125,0.075103759765625,0.075105504271404347,-1.7445057793469276e-06
0.45024999999999998,0.057464599609375,0.057468959321793155,-4.3597124181546376e-06
0.45037500000000003,0.031097412109375,0.031094302653710819,3.1094556641811377e-06
0.45050000000000001,0,2.0259637349588485e-07,-2.0259637349588485e-07
0.450625,-0.03106689453125,-0.03107836815798028,1.1473626730280212e-05
0.45074999999999998,-0.057403564453125,-0.057411167398792665,7.6029456676646179e-06
0.45087500000000003,-0.074981689453125,-0.074992637824237901,1.0948371112901034e-05
0.45100000000000001,-0.081146240234375,-0.081151202407007419,4.9621726324194926e-06
0.451125,-0.074951171875,-0.074955219465629053,4.0475906290526886e-06
0.45124999999999998,-0.057342529296875,-0.057353911527953182,1.1382231078181648e-05
0.45137500000000003,-0.031036376953125,-0.03103195067794081,-4.4262751841897541e-06
0.45150000000000001,0,2.3941006970512164e-08,-2.3941006970512164e-08
0.451625,0.031005859375,0.031016500024884687,-1.0640649884686992e-05
0.45174999999999998,0.057281494140625,0.057296686339425806,-1.5192198800806356e-05
0.45187500000000003,0.0748291015625,0.074843028685440904,-1.3927122940904368e-05
0.45200000000000001,0.08099365234375,0.080989287892568207,4.364451181793072e-06
0.452125,0.074798583984375,0.074805683785328647,-7.0998009536471507e-06
0.45224999999999999,0.0572509765625,0.057239542457646418,1.1434104853581817e-05
0.45237500000000003,0.030975341796875,0.030970172140949877,5.1696559251225571e-06
0.45250000000000001,0,1.9883491165531216e-07,-1.9883491165531216e-07
0.452625,-0.03094482421875,-0.030954306643014441,9.4824242644411805e-06
0.45274999999999999,-0.05718994140625,-0.057181985151897777,-7.9562543522232465e-06
0.45287500000000003,-0.07470703125,-0.074693269604987844,-1.3761645012155821e-05
0.45300000000000001,-0.080841064453125,-0.08082724802373957,-1.3816429385429818e-05
0.453125,-0.07464599609375,-0.074655998019206235,1.0001925456235017e-05
0.45324999999999999,-0.05712890625,-0.057124953040235765,-3.9532097642347441e-06
0.45337499999999997,-0.030914306640625,-0.030908068182473915,-6.2384581510852022e-06
0.45350000000000001,0,2.7688151299781895e-08,-2.7688151299781895e-08
0.453625,0.0308837890625,0.030892686376770551,-8.8973142705513208e-06
0.45374999999999999,0.05706787109375,0.057067961990578606,-9.0896828605635527e-08
0.45387499999999997,0.074554443359375,0.07454425859700789,1.01847623671103e-05
0.45400000000000001,0.080657958984375,0.080665980765530013,-8.0217811550126195e-06
0.454125,0.074493408203125,0.074507060181680837,-1.3651978555836997e-05
0.45424999999999999,0.0570068359375,0.057011041430519119,-4.2054930191187667e-06
0.45437499999999997,0.030853271484375,0.030846537167212501,6.7343171624989484e-06
0.45450000000000002,0,1.9510204264053562e-07,-1.9510204264053562e-07
0.454625,-0.03082275390625,-0.030830740366530149,7.9864602801488216e-06
0.45474999999999999,-0.05694580078125,-0.0569537177862341,7.9170049840995849e-06
0.45487499999999997,-0.07440185546875,-0.074395096452327295,-6.7590164227054883e-06
0.45500000000000002,-0.08050537109375,-0.080504586859722324,-7.8423402767591188e-07
0.455125,-0.074371337890625,-0.074357971063846937,-1.3366826778063445e-05
0.45524999999999999,-0.056884765625,-0.056896908559689298,1.2142934689297891e-05
0.45537499999999997,-0.030792236328125,-0.030784680235891669,-7.5560922333309244e-06
0.45550000000000002,0,3.1406777942236085e-08,-3.1406777942236085e-08
0.455625,0.03076171875,0.030769366977683652,-7.6482276836521701e-06
0.45574999999999999,0.056854248046875,0.056840150695062173,1.4097351812826509e-05
0.45587499999999997,0.074249267578125,0.07424668118746286,2.586390662140392e-06
0.45600000000000002,0.080352783203125,0.080343964273908844,8.8189292161561239e-06
0.456125,0.07421875,0.074209628682513573,9.1213174864268609e-06
0.45624999999999999,0.056793212890625,0.056783452584370356,9.760306254644191e-06
0.45637499999999998,0.030731201171875,0.030723395754233117,7.8054176418825005e-06
0.45650000000000002,0,1.9139760723479661e-07,-1.9139760723479661e-07
0.456625,-0.03070068359375,-0.030707667351587187,6.9837578371874376e-06
0.45674999999999999,-0.056732177734375,-0.056726361649652828,-5.8160847221724876e-06
0.45687499999999998,-0.0740966796875,-0.07409811359560968,1.4339081096798045e-06
0.45700000000000002,-0.080169677734375,-0.080183213752450994,1.3536018075993583e-05
0.457125,-0.074066162109375,-0.074061133831150081,-5.0282782249194691e-06
0.45724999999999999,-0.056671142578125,-0.056669774437584086,-1.3681405409138314e-06
0.45737499999999998,-0.030670166015625,-0.030661784863932055,-8.3811516929446772e-06
0.45750000000000002,0,3.5097073117652823e-08,-3.5097073117652823e-08
0.457625,0.0306396484375,0.030646539854633538,-6.8914171335379693e-06
0.45774999999999999,0.056610107421875,0.056613248808018123,-3.1413861431225931e-06
0.45787499999999998,0.073944091796875,0.073950291695669787,-6.1998987947869955e-06
0.45800000000000002,0.08001708984375,0.080023233265514623,-6.1434217646233469e-06
0.458125,0.07391357421875,0.073913384528942569,1.8968980743105934e-07
0.45824999999999999,0.056549072265625,0.056556772277760591,-7.7000121355905171e-06
0.45837499999999998,0.030609130859375,0.030600745931702766,8.384927672234338e-06
0.45850000000000002,0,1.8772141969856417e-07,-1.8772141969856417e-07
0.458625,-0.03057861328125,-0.030585085629162321,6.4723479123209027e-06
0.45874999999999999,-0.056488037109375,-0.056499913104577894,1.1875995202893785e-05
0.45887499999999998,-0.07379150390625,-0.073802316283208186,1.0812376958185821e-05
0.45900000000000002,-0.079864501953125,-0.079863123560029489,-1.3783930955107992e-06
0.45912500000000001,-0.073760986328125,-0.073765481571739622,4.4952436146217245e-06
0.45924999999999999,-0.05645751953125,-0.056443547039736919,-1.397249151308122e-05
0.45937499999999998,-0.030548095703125,-0.030539380100205876,-8.7156029191237661e-06
0.45950000000000002,0,3.8759194656961651e-08,-3.8759194656961651e-08
0.45962500000000001,0.030517578125,0.030524203042530978,-6.6249175309784913e-06
0.45974999999999999,0.056396484375,0.056387252699157474,9.2316758425262102e-06
0.45987499999999998,0.07366943359375,0.073655085379502522,1.434821424747823e-05
0.46000000000000002,0.0797119140625,0.079703782608724655,8.1314537753451877e-06
0.46012500000000001,0.0736083984375,0.073618322981091458,-9.9245435914580016e-06
0.46024999999999999,0.05633544921875,0.056330996883767734,4.4523349822661595e-06
0.46037499999999998,0.030487060546875,0.030478585737135966,8.4748097390341393e-06
0.46050000000000002,0,1.8407332262400262e-07,-1.8407332262400262e-07
0.46062500000000001,-0.03045654296875,-0.03046299323806714,6.4502693171396286e-06
0.46074999999999999,-0.0562744140625,-0.056274368527973496,-4.5534526503521189e-08
0.46087499999999998,-0.073516845703125,-0.073507699782481714,-9.1459206432858986e-06
0.46100000000000002,-0.079559326171875,-0.079544311161088024,-1.5015010786975647e-05
0.46112500000000001,-0.073486328125,-0.073471009555209479,-1.5318569790520598e-05
0.46124999999999999,-0.05621337890625,-0.056218222746491658,4.8438402416584037e-06
0.46137499999999998,-0.030426025390625,-0.030417463986148779,-8.5614044762205577e-06
0.46150000000000002,0,4.2393308689141579e-08,-4.2393308689141579e-08
0.46162500000000001,0.0303955078125,0.030402354584105867,-6.84677160586733e-06
0.46174999999999999,0.05615234375,0.056162158752663782,-9.815002663782213e-06
0.46187499999999998,0.0733642578125,0.073361057515775693,3.2002967243066616e-06
0.46200000000000002,0.079376220703125,0.079385607192401647,-9.386489276647092e-06
0.46212500000000001,0.073333740234375,0.073324439318001991,9.300916373009005e-06
0.46224999999999999,0.05609130859375,0.056106122789967725,-1.4814196217724507e-05
0.46237499999999998,0.030364990234375,0.030356913215906847,8.0770184681527857e-06
0.46250000000000002,0,1.8045315032137639e-07,-1.8045315032137639e-07
0.46262500000000001,-0.03033447265625,-0.030341388224950465,6.9155687004648914e-06
0.46274999999999999,-0.056060791015625,-0.05604972431124744,-1.1066704377560299e-05
0.46287499999999998,-0.073211669921875,-0.07321425937967134,2.5894577963397891e-06
0.46300000000000002,-0.0792236328125,-0.079226771454701278,3.1386422012780191e-06
0.46312500000000001,-0.07318115234375,-0.07317771307003379,-3.4392737162103337e-06
0.46325,-0.055999755859375,-0.055993797952635427,-5.9579067395731933e-06
0.46337499999999998,-0.030303955078125,-0.030296034571040312,-7.9205070846882775e-06
0.46350000000000002,0,4.5999580465776774e-08,-4.5999580465776774e-08
0.46362500000000001,0.0302734375,0.030280992529909713,-7.5550299097129625e-06
0.46375,0.055938720703125,0.05593796336716117,7.5733596383020796e-07
0.46387499999999998,0.07305908203125,0.073068203400148329,-9.1213688983293739e-06
0.46400000000000002,0.079071044921875,0.079068701925811807,2.3429960631926594e-06
0.46412500000000001,0.073028564453125,0.073031728837561899,-3.164384436898926e-06
0.46425,0.055877685546875,0.055882146398350992,-4.4608514759916784e-06
0.46437499999999998,0.030242919921875,0.030235726421184161,7.1935006908385724e-06
0.46450000000000002,0,1.7686074695623663e-07,-1.7686074695623663e-07
0.46462500000000001,-0.03021240234375,-0.030220268644258683,7.8663005086826443e-06
0.46475,-0.055816650390625,-0.055825976860219298,9.3264695942979481e-06
0.46487499999999998,-0.07293701171875,-0.072921990379838694,-1.5021338911305748e-05
0.46500000000000002,-0.07891845703125,-0.078910499360306668,-7.9576709433315518e-06
0.46512500000000001,-0.0728759765625,-0.072885587423498557,9.6108609985573468e-06
0.46525,-0.055755615234375,-0.055770269067347479,1.4653832972479075e-05
0.46537499999999998,-0.030181884765625,-0.030175089911939054,-6.7948536859457898e-06
0.46550000000000002,0,4.9578165403283012e-08,-4.9578165403283012e-08
0.46562500000000001,0.0301513671875,0.030160114938267712,-8.7477507677118094e-06
0.46575,0.05572509765625,0.055714662955650203,1.0434700599797064e-05
0.46587499999999998,0.072784423828125,0.07277651834706246,7.9054810625395211e-06
0.46600000000000003,0.078765869140625,0.078753061738543434,1.2807402081566055e-05
0.46612500000000001,0.07275390625,0.072740186856433228,1.3719393566771765e-05
0.46625,0.0556640625,0.055659064125277526,4.9983747224743857e-06
0.46637499999999998,0.030120849609375,0.030115023413908561,5.8261954664386162e-06
0.46650000000000003,0,1.7329593058893198e-07,-1.7329593058893198e-07
0.46662500000000001,-0.03009033203125,-0.030099632558196331,9.3005269463306006e-06
0.46675,-0.05560302734375,-0.055603122595050014,9.5251300014087548e-08
0.46687499999999998,-0.0726318359375,-0.072630888106787417,-9.4783071258319751e-07
0.46700000000000003,-0.078582763671875,-0.078595489817623154,1.2726145748154227e-05
0.46712500000000001,-0.072601318359375,-0.072594627941612824,-6.6904177621757155e-06
0.46725,-0.0555419921875,-0.055547632514147995,5.6403266479945757e-06
0.46737499999999998,-0.030059814453125,-0.030054628073668235,-5.1863794567653942e-06
0.46750000000000003,0,5.3129244971546854e-08,-5.3129244971546854e-08
0.46762500000000001,0.030029296875,0.030039719875280806,-1.0423000280805617e-05
0.46775,0.05548095703125,0.055492253945444249,-1.1296914194248997e-05
0.46787499999999999,0.072479248046875,0.072485997689661269,-6.7496427862689945e-06
0.46800000000000003,0.07843017578125,0.078438681580425884,-8.5057991758841212e-06
0.46812500000000001,0.07244873046875,0.072449808709963592,-1.0782412135923458e-06
0.46825,0.055450439453125,0.055436872401394402,1.3567051730598023e-05
0.46837499999999999,0.029998779296875,0.029994802262769831,3.9770341051688363e-06
0.46850000000000003,0,1.6975854715841012e-07,-1.6975854715841012e-07
0.46862500000000001,-0.02996826171875,-0.029979478036728152,1.1216317978152146e-05
0.46875,-0.055389404296875,-0.055381157950209994,-8.2463466650056771e-06
0.46887499999999999,-0.07232666015625,-0.072340947902985009,1.4287746735008877e-05
0.46899999999999997,-0.078277587890625,-0.078281737786570202,4.1498959452018758e-06
0.46912500000000001,-0.072296142578125,-0.072304829969054379,8.6873909293794238e-06
0.46925,-0.055328369140625,-0.055325884730815608,-2.4844098093917966e-06
0.46937499999999999,-0.029937744140625,-0.029934647128751702,-3.0970118732980001e-06
0.46949999999999997,0,5.6652955036538659e-08,-5.6652955036538659e-08
0.46962500000000001,0.0299072265625,0.02991980541474502,-1.2578852245020283e-05
0.46975,0.055267333984375,0.05527073277813753,-3.3987937625296061e-06
0.46987499999999999,0.07220458984375,0.072196636779728082,7.9530640219177551e-06
0.46999999999999997,0.078125,0.078125556421448625,-5.564214486247776e-07
0.47012500000000002,0.072174072265625,0.072160589752132132,1.3482513492868442e-05
0.47025,0.055206298828125,0.055215567671616561,-9.2688434915610962e-06
0.47037499999999999,0.029876708984375,0.029875061044142982,1.6479402320176972e-06
0.47049999999999997,0,1.6624845219570246e-07,-1.6624845219570246e-07
0.47062500000000002,-0.02984619140625,-0.029859803157498602,1.36117512486017e-05
0.47075,-0.055145263671875,-0.055160079374384094,1.481570250909392e-05
0.47087499999999999,-0.072052001953125,-0.072052165129501786,1.6317637678564534e-07
0.47099999999999997,-0.077972412109375,-0.07796923824718717,-3.1738621878302231e-06
0.47112500000000002,-0.072021484375,-0.072016188869081746,-5.2955059182541175e-06
0.47125,-0.05511474609375,-0.055105022169368328,-9.7239243816715781e-06
0.47137499999999999,-0.029815673828125,-0.0298151451574327,-5.2867069229994845e-07
0.47149999999999997,0,6.0149493017500369e-08,-6.0149493017500369e-08
0.47162500000000002,0.02978515625,0.029800369638153808,-1.5213388153807739e-05
0.47175,0.0550537109375,0.055050095909510273,3.615027989727071e-06
0.47187499999999999,0.0718994140625,0.071908430987591504,-9.01692509150398e-06
0.47199999999999998,0.07781982421875,0.077813681251680825,6.1429670691753868e-06
0.47212500000000002,0.071868896484375,0.071872525355461542,-3.6288710865417517e-06
0.47225,0.05499267578125,0.054995146395044575,-2.4706137945751383e-06
0.47237499999999999,0.029754638671875,0.029755797842107003,-1.159170232002682e-06
0.47249999999999998,0,1.6276544878120263e-07,-1.6276544878120263e-07
0.47262500000000002,-0.029754638671875,-0.029740606005834173,-1.4032666040827285e-05
0.47275,-0.054931640625,-0.054939883330440073,8.2427054400729949e-06
0.47287499999999999,-0.07177734375,-0.071764535165916368,-1.2808584083631724e-05
0.47299999999999998,-0.077667236328125,-0.077657986199553039,-9.2501285719609472e-06
0.47312500000000002,-0.07171630859375,-0.071728700023463182,1.2391429713182189e-05
0.47325,-0.05487060546875,-0.054885041295981506,1.443582723150566e-05
0.47337499999999999,-0.029693603515625,-0.029696120247610033,2.5167319850326331e-06
0.47349999999999998,0,6.3619001991285159e-08,-6.3619001991285159e-08
0.47362500000000002,0.029693603515625,0.029681410634659063,1.2192880965936764e-05
0.47375,0.054840087890625,0.054830339809497308,9.7480811276917656e-06
0.47387499999999999,0.071624755859375,0.071621375702065046,3.3801573099540017e-06
0.47399999999999998,0.0775146484375,0.077503051081191224,1.159735630877623e-05
0.47412500000000002,0.07159423828125,0.07158561091094727,8.6273703027300863e-06
0.47425,0.054779052734375,0.054775605044914397,3.4476894606033648e-06
0.47437499999999999,0.029632568359375,0.029637010748381151,-4.4423890061505433e-06
0.47449999999999998,0,1.5930939422869804e-07,-1.5930939422869804e-07
0.47462500000000002,-0.029632568359375,-0.029621884674696404,-1.0683684678595984e-05
0.47475000000000001,-0.054718017578125,-0.05472056629536573,2.5487172407301362e-06
0.47487499999999999,-0.07147216796875,-0.071478053410255302,5.8854415053016806e-06
0.47499999999999998,-0.077362060546875,-0.077347976663706325,-1.4083883168675149e-05
0.47512500000000002,-0.071441650390625,-0.071442358832406364,7.0844178136353353e-07
0.47525000000000001,-0.054656982421875,-0.054665938590937581,8.9561690625808432e-06
0.47537499999999999,-0.029571533203125,-0.02957757049481579,6.037291690789981e-06
0.47549999999999998,0,6.7061642035896919e-08,-6.7061642035896919e-08
0.47562500000000002,0.029571533203125,0.029562926501032458,8.6067020925416349e-06
0.47575000000000001,0.05462646484375,0.054611460962119107,1.5003881630892835e-05
0.47587499999999999,0.07135009765625,0.071335466330369871,1.4631325880129498e-05
0.47599999999999998,0.077178955078125,0.077193660939968239,-1.4705861843239409e-05
0.47612500000000002,0.0712890625,0.071299841827987348,-1.0779327987348042e-05
0.47625000000000001,0.0545654296875,0.054556940108547114,8.4895789528860455e-06
0.47637499999999999,0.029510498046875,0.029518697862302708,-8.1998154277083957e-06
0.47649999999999998,0,1.5588012888437519e-07,-1.5588012888437519e-07
0.47662500000000002,-0.029510498046875,-0.029503637264683864,-6.8607821911356726e-06
0.47675000000000001,-0.05450439453125,-0.0545021247602063,-2.2697710437002971e-06
0.47687499999999999,-0.071197509765625,-0.07119271527891266,-4.7944867123395074e-06
0.47699999999999998,-0.0770263671875,-0.077039204679565473,1.2837492065473355e-05
0.47712500000000002,-0.0711669921875,-0.071157160714471188,-9.8314730288123764e-06
0.47725000000000001,-0.054443359375,-0.054447710548575987,4.3511735759865777e-06
0.47737499999999999,-0.029449462890625,-0.029459494002192919,1.0031111567918721e-05
0.47749999999999998,0,7.0477572382014877e-08,-7.0477572382014877e-08
0.47762500000000002,0.029449462890625,0.02944491534166745,4.5475489575501349e-06
0.47775000000000001,0.05438232421875,0.05439345586545026,-1.1131646700260345e-05
0.47787499999999999,0.071044921875,0.07105069829805799,-5.7764230579904208e-06
0.47799999999999998,0.076873779296875,0.076885505877840529,-1.1726580965529254e-05
0.47812500000000002,0.071014404296875,0.071015213534295366,-8.0923742036553836e-07
0.47825000000000001,0.054351806640625,0.05433914808726785,1.2658553357150493e-05
0.47837499999999999,0.029388427734375,0.029400857290804605,-1.2429556429605082e-05
0.47849999999999998,0,1.5247750267175638e-07,-1.5247750267175638e-07
0.47862500000000002,-0.029388427734375,-0.029385861883952931,-2.5658504220690825e-06
0.47875000000000001,-0.054290771484375,-0.054284555230033116,-6.2162543418842198e-06
0.478875,-0.0709228515625,-0.070908516206590166,-1.4335355909833591e-05
0.47899999999999998,-0.07672119140625,-0.076731665306849495,1.0473900599494712e-05
0.47912500000000002,-0.07086181640625,-0.070873101106516762,1.1284700266761538e-05
0.47925000000000001,-0.054229736328125,-0.054230353677212212,6.1734908721189363e-07
0.479375,-0.029327392578125,-0.029341888880432525,1.4496302307525494e-05
0.47949999999999998,0,7.3866942702533292e-08,-7.3866942702533292e-08
0.47962500000000002,0.029327392578125,0.029327375268500194,1.7309624806421953e-08
0.47975000000000001,0.054168701171875,0.05417632103152626,-7.6198596512602745e-06
0.479875,0.070770263671875,0.070767067048952539,3.1966229224605902e-06
0.47999999999999998,0.076568603515625,0.076578580964397611,-9.977448772610642e-06
0.48012500000000002,0.07073974609375,0.070731721475847567,8.0246179024329178e-06
0.48025000000000001,0.054107666015625,0.054122225496387136,-1.4559480762135757e-05
0.480375,0.029296875,0.029283487148352858,1.3387851647141819e-05
0.48049999999999998,0,1.4910134012415454e-07,-1.4910134012415454e-07
0.48062500000000002,-0.029266357421875,-0.029268556648220118,2.1992263451175997e-06
0.48075000000000001,-0.0540771484375,-0.054067854223850506,-9.2942136494938987e-06
0.480875,-0.07061767578125,-0.070625451646204013,7.7758649540127234e-06
0.48099999999999998,-0.076416015625,-0.076425353624998832,9.3379999988318918e-06
0.48112500000000002,-0.070587158203125,-0.070590175463614874,3.0172604898737188e-06
0.48125000000000001,-0.05401611328125,-0.054013864499119248,-2.2487821307523581e-06
0.481375,-0.02923583984375,-0.029224753247792234,-1.1086595957766204e-05
0.48149999999999998,0,7.7229928010241331e-08,-7.7229928010241331e-08
0.48162500000000003,0.029205322265625,0.029210304401011872,-4.9821353868724494e-06
0.48175000000000001,0.053955078125,0.053960052986312519,-4.9748613125191743e-06
0.481875,0.07049560546875,0.07048456804505461,1.1037423695389736e-05
0.48199999999999998,0.076263427734375,0.076272881288911229,-9.4535545362289808e-06
0.48212500000000003,0.0704345703125,0.070449361116796463,-1.47908042964634e-05
0.48225000000000001,0.05389404296875,0.053906168865120251,-1.2125896370250577e-05
0.482375,0.0291748046875,0.029166585556964893,8.2191305351073107e-06
0.48249999999999998,0,1.45751492877928e-07,-1.45751492877928e-07
0.48262500000000003,-0.029144287109375,-0.029151719680723748,7.4325713487477518e-06
0.48275000000000001,-0.053863525390625,-0.053852018274564886,-1.1507116060113787e-05
0.482875,-0.070343017578125,-0.07034351706882544,4.9949070043964205e-07
0.48299999999999998,-0.07611083984375,-0.076120264733096771,9.4248893467707706e-06
0.48312500000000003,-0.0703125,-0.070308379258980591,-4.1207410194088467e-06
0.48325000000000001,-0.053802490234375,-0.053798239550447019,-4.2506839279810027e-06
0.483375,-0.02911376953125,-0.029108085230033651,-5.6843012163493301e-06
0.48349999999999999,0,8.0566676269445904e-08,-8.0566676269445904e-08
0.48362500000000003,0.029083251953125,0.029093700866190463,-1.0448913065463222e-05
0.48375000000000001,0.053741455078125,0.053744648269642578,-3.1931915175781311e-06
0.483875,0.0701904296875,0.070203196766484205,-1.2767078984204927e-05
0.48399999999999999,0.075958251953125,0.075968401960256629,-1.0150007131629057e-05
0.48412500000000003,0.070159912109375,0.070168127939404953,-8.2158300299534082e-06
0.48425000000000001,0.053680419921875,0.053690974736537972,-1.0554814662971923e-05
0.484375,0.029052734375,0.029050150646147108,2.5837288528916813e-06
0.48449999999999999,0,1.4242780463497996e-07,-1.4242780463497996e-07
0.48462499999999997,-0.029022216796875,-0.029035349112178047,1.3132315303046593e-05
0.48475000000000001,-0.05364990234375,-0.053637043928916973,-1.2858414833026577e-05
0.484875,-0.070068359375,-0.070062707963605128,-5.651411394871908e-06
0.48499999999999999,-0.0758056640625,-0.07581639374979092,1.0729687290919609e-05
0.48512499999999997,-0.070037841796875,-0.070027707983906562,-1.0133812968438072e-05
0.48525000000000001,-0.0535888671875,-0.053583475381179323,-5.391806320677317e-06
0.485375,-0.02899169921875,-0.028991882960400516,1.8374165051612823e-07
0.48549999999999999,0,8.3877343363467334e-08,-8.3877343363467334e-08
0.48562499999999997,0.02899169921875,0.028977562798484902,1.4136420265098426e-05
0.48575000000000002,0.05352783203125,0.053530103435156684,-2.2714039066840108e-06
0.485875,0.069915771484375,0.069922948711401242,-7.1772270262421278e-06
0.48599999999999999,0.075653076171875,0.075665138106834229,-1.2061934959228804e-05
0.48612499999999997,0.06988525390625,0.069888017443964126,-2.7635377141260742e-06
0.48625000000000002,0.053466796875,0.053476639667517208,-9.8427925172075992e-06
0.486375,0.0289306640625,0.028934180552881016,-3.5164903810155912e-06
0.48649999999999999,0,1.3913011992573301e-07,-1.3913011992573301e-07
0.48662499999999997,-0.0289306640625,-0.028919443080806979,-1.1220981693021298e-05
0.48675000000000002,-0.053436279296875,-0.053422927747451034,-1.335154942396638e-05
0.486875,-0.069793701171875,-0.069783019837697524,-1.0681334177475854e-05
0.48699999999999999,-0.07550048828125,-0.07551373581321516,1.3247531965160375e-05
0.48712499999999997,-0.06976318359375,-0.069748157147664358,-1.5026446085641965e-05
0.48725000000000002,-0.053375244140625,-0.053369568555054245,-5.6755855707552039e-06
0.487375,-0.02886962890625,-0.028876144579596714,6.5156733467137962e-06
0.48749999999999999,0,8.7162075772821073e-08,-8.7162075772821073e-08
0.48762499999999998,0.02886962890625,0.028861888339838864,7.7405664111358796e-06
0.48775000000000002,0.053314208984375,0.053316415050270967,-2.2060658959668911e-06
0.487875,0.06964111328125,0.069643819395946674,-2.7061146966739225e-06
0.48799999999999999,0.075347900390625,0.075363084876491876,-1.518448586687593e-05
0.48812499999999998,0.069610595703125,0.069609025148731171,1.5705543938288047e-06
0.48825000000000002,0.053253173828125,0.053263160228661711,-9.9864005367114594e-06
0.488375,0.02880859375,0.028818673421561629,-1.0079671561628867e-05
0.48849999999999999,0,1.3585829266422002e-07,-1.3585829266422002e-07
0.48862499999999998,-0.02880859375,-0.028803999732210803,-4.5940177891973244e-06
0.48875000000000002,-0.05322265625,-0.053209666304423052,-1.2989945576948048e-05
0.488875,-0.06951904296875,-0.069504448216202233,-1.4594752547766876e-05
0.48899999999999999,-0.075225830078125,-0.075212286080911822,-1.3543997213177894e-05
0.48912499999999998,-0.0694580078125,-0.069469722277475596,1.1714464975595695e-05
0.48925000000000002,-0.05316162109375,-0.05315651564954571,-5.1054442042897108e-06
0.489375,-0.02874755859375,-0.02876086823572481,1.3309641974809661e-05
0.48949999999999999,0,9.0421044918968001e-08,-9.0421044918968001e-08
0.48962499999999998,0.02874755859375,0.028746675639557576,8.829541924236517e-07
0.48975000000000002,0.0531005859375,0.053103579696085965,-2.9937585859646232e-06
0.489875,0.069366455078125,0.069365804354150948,6.5072397405219196e-07
0.48999999999999999,0.0750732421875,0.075062237436447105,1.1004751052895445e-05
0.49012499999999998,0.0693359375,0.069331146589851192,4.7909101488080585e-06
0.49025000000000002,0.05303955078125,0.053050533004283668,-1.0982223033667582e-05
0.49037500000000001,0.028717041015625,0.028703627404015504,1.3413611609496001e-05
0.49049999999999999,0,1.3261215187295267e-07,-1.3261215187295267e-07
0.49062499999999998,-0.0286865234375,-0.028689017219431946,2.4937819319455212e-06
0.49075000000000002,-0.053009033203125,-0.052997256187770542,-1.1777015354458298e-05
0.49087500000000001,-0.0692138671875,-0.06922698864207262,1.3121454572620483e-05
0.49099999999999999,-0.074920654296875,-0.074912039729754243,-8.6145671207571439e-06
0.49112499999999998,-0.069183349609375,-0.069192398918400788,9.0493090257881548e-06
0.49125000000000002,-0.052947998046875,-0.052944313255784414,-3.6847910905857262e-06
0.49137500000000001,-0.028656005859375,-0.028646052084304086,-9.9537750709137451e-06
0.49149999999999999,0,9.3654395607463353e-08,-9.3654395607463353e-08
0.49162499999999998,0.02862548828125,0.028631922854373566,-6.4345731235655734e-06
0.49175000000000002,0.052886962890625,0.052891593967356355,-4.6310767313553769e-06
0.49187500000000001,0.069091796875,0.069088899137875831,2.8977371241689642e-06
0.49199999999999999,0.07476806640625,0.074762590973209739,5.4754330402612128e-06
0.49212499999999998,0.069061279296875,0.069054377321295449,6.9019755795513005e-06
0.49225000000000002,0.052825927734375,0.052838754592324698,-1.2826857949697901e-05
0.49237500000000001,0.028594970703125,0.028589040659439315,5.9300436856847549e-06
0.49249999999999999,0,1.2939155313676572e-07,-1.2939155313676572e-07
0.49262499999999998,-0.028564453125,-0.028574493702861973,1.0040577861972905e-05
0.49275000000000002,-0.05279541015625,-0.052785693999051732,-9.7161571982681827e-06
0.49287500000000001,-0.068939208984375,-0.068950636676057733,1.1427691682733276e-05
0.49299999999999999,-0.074615478515625,-0.074612991955869595,-2.4865597554046825e-06
0.49312499999999998,-0.06890869140625,-0.068916182633294368,7.4912270443677764e-06
0.49325000000000002,-0.052734375,-0.052732957978509278,-1.417021490722481e-06
0.49337500000000001,-0.028533935546875,-0.02853169428820921,-2.2412586657902245e-06
0.49349999999999999,0,9.6862280440414722e-08,-9.6862280440414722e-08
0.49362499999999998,0.02850341796875,0.028517628148353812,-1.4210179603811601e-05
0.49375000000000002,0.05267333984375,0.052680454472430319,-7.1146286803186465e-06
0.49387500000000001,0.068817138671875,0.068813099316739845,4.039355135154743e-06
0.49399999999999999,0.074462890625,0.074464140692505051,-1.250067505051411e-06
0.49412499999999998,0.06878662109375,0.068778712914780507,7.9081789694929183e-06
0.49425000000000002,0.052642822265625,0.052627821604313466,1.5000661311534436e-05
0.49437500000000001,0.028472900390625,0.028474911354378359,-2.0109637533585745e-06
0.4945,0,1.2619634425911517e-07,-1.2619634425911517e-07
0.49462499999999998,-0.028472900390625,-0.028460427350243813,-1.2473040381186934e-05
0.49475000000000002,-0.052581787109375,-0.052574976353385192,-6.8107559898084036e-06
0.49487500000000001,-0.06866455078125,-0.068675387896627874,1.0837115377873574e-05
0.495,-0.074310302734375,-0.074315137974562018,4.835240187017753e-06
0.49512499999999998,-0.068634033203125,-0.068641069002720587,7.0357995955866448e-06
0.49525000000000002,-0.052520751953125,-0.052522446436019207,1.6944828942072609e-06
0.49537500000000001,-0.028411865234375,-0.028417793017656588,5.927783281588217e-06
0.4955,0,1.000448512098137e-07,-1.000448512098137e-07
0.49562499999999998,0.028411865234375,0.028403789692901991,8.0755414730085406e-06
0.49575000000000002,0.052459716796875,0.052470157833189326,-1.0441036314326468e-05
0.49587500000000001,0.06854248046875,0.068538400478044256,4.079990705743719e-06
0.496,0.07415771484375,0.074166881819196895,-9.1669754468948206e-06
0.49612499999999998,0.068511962890625,0.068504148959700639,7.8139309243607791e-06
0.49625000000000002,0.05242919921875,0.052417730665287592,1.1468553462408437e-05
0.49637500000000001,0.028350830078125,0.028361237662705038,-1.0407584580037627e-05
0.4965,0,1.2302638227491041e-07,-1.2302638227491041e-07
0.49662499999999998,-0.028350830078125,-0.028346816336634582,-4.0137414904183044e-06
0.49675000000000002,-0.0523681640625,-0.052365099879419758,-3.0641830802424774e-06
0.49687500000000001,-0.068389892578125,-0.068401237899900783,1.1345321775782513e-05
0.497,-0.074005126953125,-0.074018473020236009,1.3346067111008608e-05
0.49712499999999998,-0.068359375,-0.068367053624886015,7.6786248860150064e-06
0.49725000000000003,-0.05230712890625,-0.052312775260094972,5.6463538449721962e-06
0.49737500000000001,-0.028289794921875,-0.028304346450143889,1.4551528268888503e-05
0.4975,0,1.0320225049504415e-07,-1.0320225049504415e-07
0.49762499999999998,0.028289794921875,0.028290405666713557,-6.1074483855699802e-07
0.49775000000000003,0.05224609375,0.052260700685018042,-1.4606935018042499e-05
0.49787500000000001,0.068267822265625,0.068264798226715245,3.0240389097546672e-06
0.498,0.073883056640625,0.073870809597211359,1.224704341364069e-05
0.49812499999999998,0.0682373046875,0.068230681063060364,6.6236244396361554e-06
0.49825000000000003,0.052215576171875,0.05220847841377551,7.097758099490481e-06
0.49837500000000001,0.02825927734375,0.028248017765558426,1.1259578191574054e-05
0.4985,0,1.1988149971942992e-07,-1.1988149971942992e-07
0.49862499999999998,-0.028228759765625,-0.02823365884436858,4.8990787435802818e-06
0.49875000000000003,-0.052154541015625,-0.052156061219244459,1.5202036194594815e-06
0.49887500000000001,-0.068115234375,-0.068128182299583936,1.2947924583936454e-05
0.499,-0.07373046875,-0.073722992346320237,-7.4764036797625444e-06
0.49912499999999999,-0.068084716796875,-0.068094132115572484,9.4153186974837988e-06
0.49925000000000003,-0.052093505859375,-0.052103941095981265,1.0435236606265441e-05
0.49937500000000001,-0.0281982421875,-0.028191352770467738,-6.889417032262396e-06
0.4995,0,1.063346453265706e-07,-1.063346453265706e-07
0.49962499999999999,0.028167724609375,0.028177474255777685,-9.7496464026847196e-06
0.49975000000000003,0.05206298828125,0.052052079676714491,1.0908604535508903e-05
0.49987500000000001,0.0679931640625,0.06799228818521437,8.758772856304331e-07
0.5,0.073577880859375,0.073575919289460792,1.9615699142078169e-06
0.50012500000000004,0.067962646484375,0.067958304849385087,4.3416349899128015e-06
0.50024999999999997,0.052001953125,0.052000061501730588,1.8916232694121682e-06
0.50037500000000001,0.02813720703125,0.028135249851362013,1.9571798879867985e-06
0.50049999999999994,0,1.1676156362171418e-07,-1.1676156362171418e-07
0.50062499999999999,-0.028106689453125,-0.028120953063059246,1.4263609934245941e-05
0.50075000000000003,-0.05194091796875,-0.051947857028358933,6.9390596089333179e-06
0.50087499999999996,-0.06787109375,-0.067856216726878693,-1.4877023121306898e-05
0.501,-0.07342529296875,-0.073428691225191675,3.3982564416751293e-06
0.50112500000000004,-0.06781005859375,-0.067822300108047462,1.2241514297461897e-05
0.50124999999999997,-0.051910400390625,-0.051895940602320882,-1.4459788304117815e-05
0.50137500000000002,-0.028076171875,-0.028078810170663424,2.638295663423551e-06
0.50149999999999995,0,1.0944215997086604e-07,-1.0944215997086604e-07
0.50162499999999999,0.028076171875,0.028064993653301541,1.1178221698458779e-05
0.50175000000000003,0.051849365234375,0.051844291470460484,5.0737639145162494e-06
0.50187499999999996,0.067718505859375,0.067720865993474988,-2.3601340999879206e-06
0.502,0.073272705078125,0.073282206177767747,-9.5010996427474792e-06
0.50212500000000004,0.06768798828125,0.067687015960695901,9.7232055409901541e-07
0.50224999999999997,0.051788330078125,0.051792476594436206,-4.1465163112056058e-06
0.50237500000000002,0.02801513671875,0.028022932115763441,-7.7953970134408967e-06
0.50249999999999995,0,1.136664165705623e-07,-1.136664165705623e-07
0.50262499999999999,-0.02801513671875,-0.028008697189523625,-6.4395292263749737e-06
0.50275000000000003,-0.051727294921875,-0.05174048397561385,1.3189053738850431e-05
0.50287499999999996,-0.067596435546875,-0.067585336830448872,-1.1098716426127808e-05
0.503,-0.073150634765625,-0.073135564948099752,-1.5069817525248386e-05
0.50312500000000004,-0.06756591796875,-0.067551553253042462,-1.4364715707537723e-05
0.50324999999999998,-0.05169677734375,-0.051688770451059976,-8.0068926900239701e-06
0.50337500000000002,-0.0279541015625,-0.027966716849983749,1.2615287483749155e-05
0.50349999999999995,0,1.1252497644438968e-07,-1.1252497644438968e-07
0.50362499999999999,0.0279541015625,0.027952962059712604,1.1395027873957464e-06
0.50375000000000003,0.0516357421875,0.051637332741756373,-1.5905542563726671e-06
0.50387499999999996,0.06744384765625,0.067450527308854785,-6.6796526047852023e-06
0.504,0.072998046875,0.072989665562789768,8.3813122102316395e-06
0.50412500000000005,0.067413330078125,0.067416810056391649,-3.4799782666489198e-06
0.50424999999999998,0.05157470703125,0.051585720370523433,-1.1013339273432954e-05
0.50437500000000002,0.027923583984375,0.027911062761613498,1.2521222761501666e-05
0.50449999999999995,0,1.1059590208057629e-07,-1.1059590208057629e-07
0.50462499999999999,-0.02789306640625,-0.027896889427784594,3.8230215345935736e-06
0.50475000000000003,-0.051544189453125,-0.051533938743151736,-1.0250709973264049e-05
0.50487499999999996,-0.06732177734375,-0.067315538276309497,-6.2390674405027324e-06
0.505,-0.072845458984375,-0.072843608825091166,-1.8501592838338077e-06
0.50512500000000005,-0.067291259765625,-0.06728188721861933,-9.3725470056704729e-06
0.50524999999999998,-0.051483154296875,-0.051482427327465753,-7.2696940924682485e-07
0.50537500000000002,-0.027862548828125,-0.027855071014877896,-7.477813247103865e-06
0.50549999999999995,0,1.155832258027733e-07,-1.155832258027733e-07
0.50562499999999999,0.02783203125,0.027841377682621977,-9.3464326219767913e-06
0.50575000000000003,0.051422119140625,0.051431200179391207,-9.0810387662065839e-06
0.50587499999999996,0.067169189453125,0.067181267806027969,-1.2078352902969436e-05
0.50600000000000001,0.07269287109375,0.072698292763944017,-5.4216701940168477e-06
0.50612500000000005,0.067138671875,0.067147682813195803,-9.0109381958025647e-06
0.50624999999999998,0.0513916015625,0.051379789521870542,1.1812040629458065e-05
0.50637500000000002,0.027801513671875,0.027799639998944938,1.873672930061826e-06
0.50649999999999995,0,1.0754988110001065e-07,-1.0754988110001065e-07
0.50662499999999999,-0.02777099609375,-0.027785527989026726,1.4531895276725937e-05
0.50675000000000003,-0.05133056640625,-0.05132821802637736,-2.3483798726395277e-06
0.50687499999999996,-0.067047119140625,-0.067046816747783108,-3.0239284189159665e-07
0.50700000000000001,-0.072540283203125,-0.072552818184934864,1.2534981809864121e-05
0.50712500000000005,-0.0670166015625,-0.06701329769014891,-3.303872351090309e-06
0.50724999999999998,-0.05126953125,-0.051276907930026101,7.3766800261013121e-06
0.50737500000000002,-0.027740478515625,-0.027743870878932146,3.3923633071461512e-06
0.50749999999999995,0,1.1861705506140022e-07,-1.1861705506140022e-07
0.50762499999999999,0.027740478515625,0.027730238736788187,1.0239778836813179e-05
0.50775000000000003,0.051239013671875,0.051225890485354676,1.3123186520323793e-05
0.50787499999999997,0.066925048828125,0.066913083176941709,1.1965651183290515e-05
0.50800000000000001,0.072418212890625,0.072408083119332431,1.012977129256909e-05
0.50812500000000005,0.06689453125,0.066879629925099812,1.4901324900187807e-05
0.50824999999999998,0.051177978515625,0.051174680753567701,3.2977620572985367e-06
0.50837500000000002,0.027679443359375,0.027688662044913333,-9.2186855383327715e-06
0.50849999999999995,0,1.0452820700510391e-07,-1.0452820700510391e-07
0.50862499999999999,-0.027679443359375,-0.027674611091598213,-4.8322677767866085e-06
0.50875000000000004,-0.051116943359375,-0.051123318533869727,6.3751744947271316e-06
0.50887499999999997,-0.0667724609375,-0.066779167945421075,6.7070079210751476e-06
0.50900000000000001,-0.072265625,-0.072263188375047208,-2.4366249527923989e-06
0.50912500000000005,-0.066741943359375,-0.066745780370222871,3.8370108478708032e-06
0.50924999999999998,-0.05108642578125,-0.051072208970414465,-1.4216810835535054e-05
0.50937500000000002,-0.027618408203125,-0.027633114662887155,1.4706459762155177e-05
0.50949999999999995,0,1.2162661045338828e-07,-1.2162661045338828e-07
0.50962499999999999,0.027618408203125,0.02761954344411903,-1.1352409940296182e-06
0.50975000000000004,0.051025390625,0.051021400374807742,3.9902501922581268e-06
0.50987499999999997,0.066650390625,0.066645969130737559,4.4214942624409836e-06
0.51000000000000001,0.072113037109375,0.072119031985667201,-5.9948762922007459e-06
0.51012500000000005,0.066619873046875,0.066612647103281533,7.2259435934668437e-06
0.51024999999999998,0.05096435546875,0.050970390783840941,-6.035315090940907e-06
0.51037500000000002,0.027587890625,0.027578127123814414,9.7635011855855269e-06
0.51049999999999995,0,1.0153074214318347e-07,-1.0153074214318347e-07
0.510625,-0.027557373046875,-0.027564136960936493,6.7639140614930704e-06
0.51075000000000004,-0.050933837890625,-0.050919236987352776,-1.4600903272224408e-05
0.51087499999999997,-0.066497802734375,-0.066512587586947461,1.4784852572460871e-05
0.51100000000000001,-0.07196044921875,-0.071974714761417577,1.4265542667576958e-05
0.51112500000000005,-0.06646728515625,-0.066479330978588103,1.2045822338102585e-05
0.51124999999999998,-0.050872802734375,-0.050868327173413892,-4.4755609611077385e-06
0.51137500000000002,-0.02752685546875,-0.027522800594578952,-4.0548741710479119e-06
0.51149999999999995,0,1.2461202925908044e-07,-1.2461202925908044e-07
0.511625,0.027496337890625,0.027509290033597419,-1.2952142972418729e-05
0.51175000000000004,0.050811767578125,0.050817726576024236,-5.9589978992358184e-06
0.51187499999999997,0.066375732421875,0.066379921393695501,-4.1889718205012638e-06
0.51200000000000001,0.07183837890625,0.071831134738196398,7.2441680536022846e-06
0.51212500000000005,0.06634521484375,0.066346730076042859,-1.5152322928591033e-06
0.51224999999999998,0.05078125,0.050766916344034699,1.4333655965301229e-05
0.51237500000000002,0.0274658203125,0.027468033467025019,-2.2131545250186901e-06
0.51249999999999996,0,9.8557325032966603e-08,-9.8557325032966603e-08
0.512625,-0.0274658203125,-0.027454103829570489,-1.1716482929510774e-05
0.51275000000000004,-0.05072021484375,-0.050715970121631364,-4.2447221186361905e-06
0.51287499999999997,-0.066253662109375,-0.066247071407171565,-6.5907022034350504e-06
0.51300000000000001,-0.071685791015625,-0.071687392728534235,1.6017129092354976e-06
0.51312500000000005,-0.06622314453125,-0.066213945252081352,-9.1992791686479336e-06
0.51324999999999998,-0.0506591796875,-0.050665259276899598,6.0795893995976846e-06
0.51337500000000003,-0.02740478515625,-0.027412926908918136,8.1417526681358543e-06
0.51349999999999996,0,1.2757347254020873e-07,-1.2757347254020873e-07
0.513625,0.02740478515625,0.027399476741283554,5.3084149664456293e-06
0.51375000000000004,0.050628662109375,0.050614865830332791,1.3796279042209425e-05
0.51387499999999997,0.06610107421875,0.066114935709146574,-1.3861490396574472e-05
0.51400000000000001,0.071533203125,0.071544386770629992,-1.1183645629991856e-05
0.51412500000000005,0.066070556640625,0.066081874588729023,-1.1317948104022646e-05
0.51424999999999998,0.050567626953125,0.050564254178536133,3.372774588866756e-06
0.51437500000000003,0.02734375,0.027358379312989976,-1.4629312989976329e-05
0.51449999999999996,0,9.560781960357119e-08,-9.560781960357119e-08
0.514625,-0.02734375,-0.027344509937084628,7.5993708462812615e-07
0.51475000000000004,-0.050506591796875,-0.050513514684562139,6.922887687138557e-06
0.51487499999999997,-0.06597900390625,-0.065982615157932328,3.6112516823283425e-06
0.51500000000000001,-0.0714111328125,-0.071401217679310486,-9.9151331895142025e-06
0.51512500000000006,-0.065948486328125,-0.065949618944548621,1.1326164236213909e-06
0.51524999999999999,-0.05047607421875,-0.05046300203176346,-1.3072186986540224e-05
0.51537500000000003,-0.027313232421875,-0.027303491847869198,-9.7405740058023604e-06
0.51549999999999996,0,1.3051107599926134e-07,-1.3051107599926134e-07
0.515625,0.02728271484375,0.027290101810279088,-7.3869665290875186e-06
0.51575000000000004,0.0504150390625,0.050412814892087696,2.2241704123043826e-06
0.51587499999999997,0.06585693359375,0.06585100783741743,5.9257563325698648e-06
0.51600000000000001,0.071258544921875,0.071258783495066216,-2.3857319121634024e-07
0.51612499999999994,0.065826416015625,0.065818076403688447,8.3396119365530819e-06
0.51624999999999999,0.05035400390625,0.050362401044728847,-8.3971384788467107e-06
0.51637500000000003,0.027252197265625,0.027249162907163883,3.034358461117409e-06
0.51649999999999996,0,9.2682082329197028e-08,-9.2682082329197028e-08
0.516625,-0.0272216796875,-0.027235353530083238,1.3673842583238061e-05
0.51675000000000004,-0.050323486328125,-0.050311867436966771,-1.1618891158228506e-05
0.51687499999999997,-0.065704345703125,-0.065719214608027168,1.4868904902168301e-05
0.51700000000000002,-0.07110595703125,-0.071116185035011076,1.0228003761075799e-05
0.51712499999999995,-0.065673828125,-0.065686347826805103,1.2519701805102645e-05
0.51724999999999999,-0.050262451171875,-0.050261552201873588,-8.9897000141170302e-07
0.51737500000000003,-0.027191162109375,-0.027194493660392376,3.3315510173763385e-06
0.51749999999999996,0,1.3342498277913498e-07,-1.3342498277913498e-07
0.517625,0.027191162109375,0.027181163490691499,9.9986186835009094e-06
0.51775000000000004,0.050201416015625,0.050211570528582376,-1.0154512957376294e-05
0.51787499999999997,0.065582275390625,0.06558813355575939,-5.8581651343897478e-06
0.51800000000000002,0.07098388671875,0.070974320341918057,9.5663768319431686e-06
0.51812499999999995,0.0655517578125,0.065555331300155173,-3.5734876551729577e-06
0.51824999999999999,0.0501708984375,0.050161353712946763,9.5447245532370717e-06
0.51837500000000003,0.027130126953125,0.027140382502028132,-1.0255548903131961e-05
0.51849999999999996,0,8.9779970448893883e-08,-8.9779970448893883e-08
0.518625,-0.027130126953125,-0.027126632862192426,-3.4940909325736902e-06
0.51875000000000004,-0.05010986328125,-0.050111025152603315,1.1618713533154135e-06
0.51887499999999998,-0.065460205078125,-0.065456865543141257,-3.3395349837428423e-06
0.51900000000000002,-0.070831298828125,-0.070832290235178993,9.9140705399347606e-07
0.51912499999999995,-0.0654296875,-0.065424127686517938,-5.5598134820616929e-06
0.51924999999999999,-0.050048828125,-0.050060906563999676,1.2078438999675589e-05
0.51937500000000003,-0.027099609375,-0.027085930602460659,-1.3678772539341133e-05
0.51949999999999996,0,1.3631532721512486e-07,-1.3631532721512486e-07
0.519625,0.027069091796875,0.027072660039636025,-3.5682427610254919e-06
0.51975000000000005,0.050018310546875,0.050011129520020819,7.1810268541805389e-06
0.51987499999999998,0.065338134765625,0.06532630865827764,1.1826107347359671e-05
0.52000000000000002,0.0706787109375,0.07069099275984024,-1.2281822340240445e-05
0.52012499999999995,0.0653076171875,0.065293635074240505,1.3982113259494722e-05
0.52024999999999999,0.049957275390625,0.049961108966399603,-3.8335757746033039e-06
0.52037500000000003,0.02703857421875,0.02703203635703284,6.537861717160337e-06
0.52049999999999996,0,8.6901349991332435e-08,-8.6901349991332435e-08
0.520625,-0.027008056640625,-0.027018346193987172,1.0289553362172188e-05
0.52075000000000005,-0.049896240234375,-0.04991098461810875,1.4744383733750199e-05
0.52087499999999998,-0.065185546875,-0.065195563765792358,1.0016890792358124e-05
0.52100000000000002,-0.070556640625,-0.070549528737562484,-7.1118874375164509e-06
0.52112499999999995,-0.065155029296875,-0.065162954328200837,7.9250313258366623e-06
0.52124999999999999,-0.04986572265625,-0.049861061907795705,-4.6607484542951494e-06
0.52137500000000003,-0.0269775390625,-0.026977800937001865,2.6187450186468397e-07
0.52149999999999996,0,1.3918226704950246e-07,-1.3918226704950246e-07
0.52162500000000001,0.0269775390625,0.026964589721162925,1.2949341337074871e-05
0.52175000000000005,0.0498046875,0.049811488659460175,-6.8011594601749548e-06
0.52187499999999998,0.0650634765625,0.065065528955876473,-2.0523933764726721e-06
0.52200000000000002,0.070404052734375,0.070408796215656377,-4.7434812813773597e-06
0.52212499999999995,0.065032958984375,0.065032983538831357,-2.4554456357073207e-08
0.52224999999999999,0.049774169921875,0.049761663601155665,1.250632071933544e-05
0.52237500000000003,0.02691650390625,0.026924122738576549,-7.6188323265488633e-06
0.52249999999999996,0,8.4046063624592355e-08,-8.4046063624592355e-08
0.52262500000000001,-0.02691650390625,-0.026910491792993502,-6.0121132564976143e-06
0.52275000000000005,-0.049713134765625,-0.049711742632941973,-1.3921326830271252e-06
0.52287499999999998,-0.06494140625,-0.064935305095245172,-6.1011547548284195e-06
0.52300000000000002,-0.070281982421875,-0.07026789601804237,-1.408640383263049e-05
0.52312499999999995,-0.064910888671875,-0.064902823573097318,-8.0650987776820227e-06
0.52324999999999999,-0.049652099609375,-0.049662015035725773,9.9154263507733598e-06
0.52337500000000003,-0.02685546875,-0.026870102933885691,1.4634183885690877e-05
0.52349999999999997,0,1.4202593507085714e-07,-1.4202593507085714e-07
0.52362500000000001,0.02685546875,0.026856950806259588,-1.4820562595878328e-06
0.52375000000000005,0.04962158203125,0.04961264475275394,8.9372784960600749e-06
0.52387499999999998,0.0648193359375,0.064805790276173614,1.3545661326386238e-05
0.52400000000000002,0.07012939453125,0.070127726194286366,1.6683369636338874e-06
0.52412499999999995,0.06475830078125,0.064773372523520431,-1.5071742270431066e-05
0.52424999999999999,0.049560546875,0.049563014426067718,-2.4675510677182877e-06
0.52437500000000004,0.026824951171875,0.026816639919985834,8.3112518891662046e-06
0.52449999999999997,0,8.1213978920198543e-08,-8.1213978920198543e-08
0.52462500000000001,-0.02679443359375,-0.026803067933653276,8.6343399032760837e-06
0.52475000000000005,-0.04949951171875,-0.049513296009355209,1.3784290605209359e-05
0.52487499999999998,-0.064666748046875,-0.064676085367456879,9.3373205818786387e-06
0.52500000000000002,-0.069976806640625,-0.069987387570559612,1.0580929934611571e-05
0.52512499999999995,-0.06463623046875,-0.064643731259141787,7.5007903917873042e-06
0.52524999999999999,-0.049468994140625,-0.049463762763018594,-5.2313776064058515e-06
0.52537500000000004,-0.026763916015625,-0.02676283486986655,-1.0811457584504469e-06
0.52549999999999997,0,1.4484647139312182e-07,-1.4484647139312182e-07
0.52562500000000001,0.026763916015625,0.026749741572808086,1.4174442816913824e-05
0.52575000000000005,0.049407958984375,0.049414594618523322,-6.6356341483220227e-06
0.52587499999999998,0.064544677734375,0.064547088463445881,-2.4107290708813567e-06
0.52600000000000002,0.069854736328125,0.069847778198674285,6.958129450715389e-06
0.52612499999999995,0.06451416015625,0.064514797874560936,-6.3771831093628606e-07
0.52625,0.04937744140625,0.049365158262727679,1.228314352232085e-05
0.52637500000000004,0.026702880859375,0.026709586181458203,-6.7053220832030691e-06
0.52649999999999997,0,7.8404956138589697e-08,-7.8404956138589697e-08
0.52662500000000001,-0.026702880859375,-0.026696072897289248,-6.8079620857523782e-06
0.52675000000000005,-0.04931640625,-0.049315641572303358,-7.6467769664217977e-07
0.52687499999999998,-0.064422607421875,-0.064417900435004283,-4.7069868707172446e-06
0.52700000000000002,-0.0697021484375,-0.06970799890704335,5.850469543350334e-06
0.52712499999999995,-0.06439208984375,-0.064385673240883512,-6.4166028664880415e-06
0.52725,-0.04925537109375,-0.04926630191761653,1.0930823866529826e-05
0.52737500000000004,-0.026641845703125,-0.026655995028600301,1.4149325475300983e-05
0.52749999999999997,0,1.4764401538242317e-07,-1.4764401538242317e-07
0.52762500000000001,0.026641845703125,0.026642960305586993,-1.1146024619934636e-06
0.52775000000000005,0.049224853515625,0.049217335088066867,7.5184275581327564e-06
0.52787499999999998,0.064300537109375,0.06428941937855652,1.1117730818480109e-05
0.52800000000000002,0.069580078125,0.069568947749716295,1.1130375283704974e-05
0.52812499999999996,0.06427001953125,0.064257255454775564,1.2764076474436337e-05
0.52825,0.049163818359375,0.049168091945415701,-4.2735860407011605e-06
0.52837500000000004,0.026611328125,0.026602959810078843,8.3683149211567776e-06
0.52849999999999997,0,7.5618856286139605e-08,-7.5618856286139605e-08
0.52862500000000001,-0.026580810546875,-0.026589504972106888,8.6944252318879589e-06
0.52875000000000005,-0.04913330078125,-0.049118776159438444,-1.4524621811555505e-05
0.52887499999999998,-0.06414794921875,-0.064160746167029617,1.2796948279616971e-05
0.52900000000000003,-0.069427490234375,-0.069429725557338923,2.2353229639227035e-06
0.52912499999999996,-0.064117431640625,-0.064128645389411251,1.1213748786251254e-05
0.52925,-0.049072265625,-0.04906962934012489,-2.6362848751099177e-06
0.52937500000000004,-0.02655029296875,-0.026549581700587237,-7.1126816276328997e-07
0.52949999999999997,0,1.5041870566081874e-07,-1.5041870566081874e-07
0.52962500000000001,0.02655029296875,0.026536605296199826,1.3687672550173613e-05
0.52975000000000005,0.04901123046875,0.049020863005354846,-9.6325366048463645e-06
0.52987499999999998,0.06402587890625,0.064032778898901174,-6.8999926511742471e-06
0.53000000000000003,0.069305419921875,0.06929123038618909,1.4189535685910082e-05
0.53012499999999996,0.063995361328125,0.0640007411435118,-5.3798153867995469e-06
0.53025,0.048980712890625,0.0489718123210496,8.9005695753999192e-06
0.53037500000000004,0.0264892578125,0.026496759099763675,-7.5012872636746886e-06
0.53049999999999997,0,7.2855541111429424e-08,-7.2855541111429424e-08
0.53062500000000001,-0.0264892578125,-0.02648336245312298,-5.8953593770200152e-06
0.53075000000000006,-0.048919677734375,-0.048922696621019529,3.0188866445290952e-06
0.53087499999999999,-0.06390380859375,-0.06390461844915632,8.0985540631961506e-07
0.53100000000000003,-0.06915283203125,-0.06915256306913653,-2.6896211346993937e-07
0.53112499999999996,-0.063873291015625,-0.063872643592305517,-6.4742331948308696e-07
0.53125,-0.04888916015625,-0.04887374188377247,-1.5418272477529804e-05
0.53137500000000004,-0.026458740234375,-0.026443593183152071,-1.5147051222928753e-05
0.53149999999999997,0,1.5317068011001663e-07,-1.5317068011001663e-07
0.53162500000000001,0.02642822265625,0.026430674843077148,-2.4521868271475122e-06
0.53174999999999994,0.048828125,0.048825175226928287,2.9497730717129023e-06
0.53187499999999999,0.06378173828125,0.063777162918323652,4.5753629263484141e-06
0.53200000000000003,0.069000244140625,0.069014621664678505,-1.4377524053504898e-05
0.53212499999999996,0.063751220703125,0.063745250836563697,5.969866561303383e-06
0.53225,0.04876708984375,0.04877631624914542,-9.2264053954196901e-06
0.53237500000000004,0.026397705078125,0.02639098235123943,6.7227268855697686e-06
0.53249999999999997,0,7.0114873101536015e-08,-7.0114873101536015e-08
0.53262500000000002,-0.0263671875,-0.026377643642167711,1.0456142167710597e-05
0.53274999999999995,-0.048736572265625,-0.048727399819873771,-9.17244575122933e-06
0.53287499999999999,-0.06365966796875,-0.06364951318343523,-1.0154785314769876e-05
0.53300000000000003,-0.068878173828125,-0.068876507007899809,-1.6668202251907127e-06
0.53312499999999996,-0.063629150390625,-0.063617663753560552,-1.1486637064447858e-05
0.53325,-0.048675537109375,-0.048678636414316662,3.0993049416616625e-06
0.53337500000000004,-0.026336669921875,-0.026338027780416769,1.3578585417693689e-06
0.53349999999999997,0,1.5590006023000054e-07,-1.5590006023000054e-07
0.53362500000000002,0.026336669921875,0.026325167251441978,1.1502670433021639e-05
0.53374999999999995,0.04864501953125,0.0486302686219156,1.4750909334400319e-05
0.53387499999999999,0.06353759765625,0.06352256734706245,1.5030309187549773e-05
0.53400000000000003,0.0687255859375,0.068739117159508339,-1.353122200833945e-05
0.53412499999999996,0.0634765625,0.063490780446109257,-1.4217946109257307e-05
0.53425,0.048583984375,0.048581600601722813,2.3837732771869735e-06
0.53437500000000004,0.026275634765625,0.026285627872016503,-9.9931063915030538e-06
0.53449999999999998,0,6.7396731092158635e-08,-6.7396731092158635e-08
0.53462500000000002,-0.026275634765625,-0.026272346847850146,-3.2879177748537658e-06
0.53474999999999995,-0.04852294921875,-0.048532882631384965,9.9334126349645557e-06
0.53487499999999999,-0.063385009765625,-0.063395426288276074,1.04165226510744e-05
0.53500000000000003,-0.068603515625,-0.068601552956795042,-1.9626682049578292e-06
0.53512499999999996,-0.0633544921875,-0.063363701793521798,9.2096060217983222e-06
0.53525,-0.048492431640625,-0.048484309810060251,-8.1218305647487443e-06
0.53537500000000005,-0.0262451171875,-0.026232883803273366,-1.2233384226633531e-05
0.53549999999999998,0,1.5860701378547714e-07,-1.5860701378547714e-07
0.53562500000000002,0.026214599609375,0.026220080833282672,-5.4812239076718061e-06
0.53574999999999995,0.048431396484375,0.048436140071899163,-4.7435875241627623e-06
0.53587499999999999,0.063262939453125,0.063268988111682176,-6.0486585571756235e-06
0.53600000000000003,0.068450927734375,0.068464712462669622,-1.3784728294621851e-05
0.53612499999999996,0.063232421875,0.063237325900645069,-4.9040256450694208e-06
0.53625,0.04840087890625,0.048387662263321717,1.3216642928283451e-05
0.53637500000000005,0.02618408203125,0.026180693976361816,3.3880548881842776e-06
0.53649999999999998,0,6.470094774633792e-08,-6.470094774633792e-08
0.53662500000000002,-0.026153564453125,-0.026167470385531195,1.3905932406195476e-05
0.53674999999999995,-0.04833984375,-0.04833914194336595,-7.0180663405000621e-07
0.53687499999999999,-0.063140869140625,-0.063142353698382128,1.4845577571281909e-06
0.53700000000000003,-0.068328857421875,-0.068327696516620393,-1.1609052546074361e-06
0.53712499999999996,-0.0631103515625,-0.063110753648820753,4.0208632075267037e-07
0.53725000000000001,-0.04827880859375,-0.04829075896175667,1.1950368006670431e-05
0.53737500000000005,-0.026123046875,-0.026128159569371284,5.1126943712842543e-06
0.53749999999999998,0,1.6129166075146574e-07,-1.6129166075146574e-07
0.53762500000000002,0.026123046875,0.026115413907325941,7.6329676740594099e-06
0.53774999999999995,0.048248291015625,0.048242786470953994,5.5045446710061396e-06
0.53787499999999999,0.063018798828125,0.063016421155008509,2.3776731164909526e-06
0.53800000000000003,0.06817626953125,0.068191403183750054,-1.5133652500054495e-05
0.53812499999999996,0.06298828125,0.062984883144921219,3.3981050787806888e-06
0.53825000000000001,0.048187255859375,0.048194498130907884,-7.242271532884037e-06
0.53837500000000005,0.02606201171875,0.026076178985286191,-1.4167266536191381e-05
0.53849999999999998,0,6.2027403420949973e-08,-6.2027403420949973e-08
0.53862500000000002,-0.02606201171875,-0.026063012577296634,1.0008585466340925e-06
0.53874999999999995,-0.04815673828125,-0.048146174656097288,-1.0563625152712475e-05
0.53887499999999999,-0.062896728515625,-0.062890291364685172,-6.4371509398281068e-06
0.53900000000000003,-0.06805419921875,-0.068054933305735532,7.3408698553212304e-07
0.53912499999999997,-0.0628662109375,-0.062858815272309729,-7.3956651902712389e-06
0.53925000000000001,-0.048095703125,-0.048097980772571637,2.2776475716371203e-06
0.53937500000000005,-0.026031494140625,-0.026023853403033016,-7.6407375919837484e-06
0.53949999999999998,0,1.6395413608511956e-07,-1.6395413608511956e-07
0.53962500000000002,0.0260009765625,0.026011164798995637,-1.0188236495636827e-05
0.53974999999999995,0.048065185546875,0.048050204725520726,1.4980821354274032e-05
0.53987499999999999,0.062774658203125,0.062764862436063162,9.7957670618376014e-06
0.54000000000000004,0.06793212890625,0.067919184949863792,1.2943956386207711e-05
0.54012499999999997,0.062744140625,0.062733448139876219,1.069248512378107e-05
0.54025000000000001,0.048004150390625,0.048002105113834494,2.0452767905063118e-06
0.54037500000000005,0.025970458984375,0.025972081226460192,-1.622242085191905e-06
0.54049999999999998,0,5.9375963520302627e-08,-5.9375963520302627e-08
0.54062500000000002,-0.025970458984375,-0.025958971751916016,-1.1487232458983615e-05
0.54074999999999995,-0.047943115234375,-0.04795397768220043,1.0862447825429888e-05
0.54087499999999999,-0.062652587890625,-0.062639235254280723,-1.335263634427708e-05
0.54100000000000004,-0.067779541015625,-0.067783258959991585,3.7179443665852352e-06
0.54112499999999997,-0.0626220703125,-0.06260788263299738,-1.4187679502619677e-05
0.54125000000000001,-0.04791259765625,-0.047905972158033459,-6.6254982165406262e-06
0.54137500000000005,-0.025909423828125,-0.025919963635313494,1.0539807188493511e-05
0.54149999999999998,0,1.6659457402157513e-07,-1.6659457402157513e-07
0.54162500000000002,0.025909423828125,0.025907331840443165,2.0919876818348282e-06
0.54174999999999995,0.0478515625,0.047858391754400327,-6.8292544003270561e-06
0.541875,0.0625,0.062514307929993393,-1.430792999339292e-05
0.54200000000000004,0.067657470703125,0.067648053405581429,9.4172975435707906e-06
0.54212499999999997,0.062469482421875,0.062483016862572606,-1.3534440697605954e-05
0.54225000000000001,0.047821044921875,0.04781048013379266,1.0564788082340071e-05
0.54237500000000005,0.02587890625,0.025868399034273376,1.0507215726623942e-05
0.54249999999999998,0,5.6746494168911475e-08,-5.6746494168911475e-08
0.54262500000000002,-0.025848388671875,-0.025855346244872998,6.9575729979981515e-06
0.54274999999999995,-0.047760009765625,-0.047762547946632469,2.5381810074692757e-06
0.542875,-0.0623779296875,-0.062389181350357606,1.1251662857605926e-05
0.54300000000000004,-0.0675048828125,-0.067512669132661254,7.7863201612543564e-06
0.54312499999999997,-0.062347412109375,-0.062357951715983975,1.0539606608975238e-05
0.54325000000000001,-0.0477294921875,-0.047714730045983679,-1.4762141516320992e-05
0.54337500000000005,-0.02581787109375,-0.025816488603915912,-1.3824898340876468e-06
0.54349999999999998,0,1.6921310807756648e-07,-1.6921310807756648e-07
0.54362500000000002,0.02581787109375,0.025803913370434955,1.3957723315045217e-05
0.54374999999999996,0.04766845703125,0.047667344488693697,1.1125425563029978e-06
0.543875,0.062255859375,0.062264753628031251,-8.8942530312510759e-06
0.54400000000000004,0.0673828125,0.067378004212860373,4.8082871396265547e-06
0.54412499999999997,0.062225341796875,0.062233585306138241,-8.2435092632407447e-06
0.54425000000000001,0.047607421875,0.047619620124762146,-1.2198249762146451e-05
0.54437500000000005,0.0257568359375,0.025765130749750235,-8.2948122502347899e-06
0.54449999999999998,0,5.4138862207894206e-08,-5.4138862207894206e-08
0.54462500000000003,-0.0257568359375,-0.025752134398253031,-4.7015392469693107e-06
0.54474999999999996,-0.047576904296875,-0.047571882386625866,-5.0219102491338985e-06
0.544875,-0.0621337890625,-0.062140125652157277,6.3365896572770142e-06
0.54500000000000004,-0.067230224609375,-0.067243159494369278,1.2934884994278417e-05
0.54512499999999997,-0.062103271484375,-0.062109018522403157,5.7470380281574029e-06
0.54525000000000001,-0.047515869140625,-0.047524251376528041,8.3822359030413796e-06
0.54537500000000005,-0.025726318359375,-0.025713426653179459,-1.2891706195540531e-05
0.54549999999999998,0,1.7180987105502068e-07,-1.7180987105502068e-07
0.54562500000000003,0.02569580078125,0.025700907734383115,-5.1069531331153495e-06
0.54574999999999996,0.0474853515625,0.047477059871752582,8.2916907474181456e-06
0.545875,0.06201171875,0.062016195537393889,-4.4767873938894587e-06
0.54600000000000004,0.067108154296875,0.067109033050975417,-8.7875410041682311e-07
0.54612499999999997,0.061981201171875,0.061985149479678904,-3.9483078039040387e-06
0.54625000000000001,0.04742431640625,0.047429522032962343,-5.2056267123429256e-06
0.54637500000000006,0.025665283203125,0.025662274720538045,3.0084825869552967e-06
0.54649999999999999,0,5.1552935191383562e-08,-5.1552935191383562e-08
0.54662500000000003,-0.025634765625,-0.025649334560773999,1.4568935773999481e-05
0.54674999999999996,-0.047393798828125,-0.047381977951639447,-1.1820876485553466e-05
0.546875,-0.0618896484375,-0.061892064174874389,2.4157373743893817e-06
0.54700000000000004,-0.066986083984375,-0.066974725733023183,-1.1358251351817339e-05
0.54712499999999997,-0.061859130859375,-0.06186107906933442,1.9482099594195224e-06
0.54725000000000001,-0.047332763671875,-0.047334533101987375,1.769430112374959e-06
0.54737499999999994,-0.025604248046875,-0.025610776134080967,6.5280872059668427e-06
0.54749999999999999,0,1.7438499504463812e-07,-1.7438499504463812e-07
0.54762500000000003,0.025604248046875,0.025598313284304713,5.9347625702872719e-06
0.54774999999999996,0.04730224609375,0.047287534859130724,1.4711234619275981e-05
0.547875,0.061767578125,0.0617686296812434,-1.0515562434004755e-06
0.54800000000000004,0.06683349609375,0.066841135616449582,-7.6395226995817911e-06
0.54812499999999997,0.061737060546875,0.061737705408249535,-6.4486137453523273e-07
0.54825000000000002,0.0472412109375,0.047240182816803408,1.02812069659175e-06
0.54837499999999995,0.02557373046875,0.025559829300908457,1.3901167841542938e-05
0.54849999999999999,0,4.8988581382955856e-08,-4.8988581382955856e-08
0.54862500000000003,-0.025543212890625,-0.025546945087745528,3.7321971205275806e-06
0.54874999999999996,-0.04718017578125,-0.047192831603309629,1.2655822059629007e-05
0.548875,-0.0616455078125,-0.061644992949616673,-5.1486288332736052e-07
0.54900000000000004,-0.06671142578125,-0.066707363553744278,-4.0622275057217161e-06
0.54912499999999997,-0.061614990234375,-0.061614129389774674,-8.6084460032553878e-07
0.54925000000000002,-0.047149658203125,-0.047145572186848977,-4.0860162760225638e-06
0.54937499999999995,-0.0255126953125,-0.025508535404095957,-4.1599084040430667e-06
0.54949999999999999,0,1.7693861142945411e-07,-1.7693861142945411e-07
0.54962500000000003,0.025482177734375,0.025496128378795335,-1.3950644420335223e-05
0.54974999999999996,0.047088623046875,0.04709876641853504,-1.0143371660040201e-05
0.549875,0.0615234375,0.061522052098617303,1.3854013826974931e-06
0.55000000000000004,0.06658935546875,0.066574307622985274,1.5047845764726286e-05
0.55012499999999998,0.061492919921875,0.061491249132767219,1.6707891077813453e-06
0.55025000000000002,0.04705810546875,0.047051599446848266,6.5060219017337717e-06
0.55037499999999995,0.02545166015625,0.025457792851618807,-6.1326953688066455e-06
0.55049999999999999,0,4.6445669752077981e-08,-4.6445669752077981e-08
0.55062500000000003,-0.02545166015625,-0.025444964341042625,-6.6958152073748334e-06
0.55074999999999996,-0.0469970703125,-0.047004440315401762,7.370002901761763e-06
0.550875,-0.0614013671875,-0.061398908023335565,-2.4591641644353124e-06
0.55100000000000005,-0.066436767578125,-0.066441068678798926,4.3011006739257507e-06
0.55112499999999998,-0.061370849609375,-0.061368165532551214,-2.6840768237862411e-06
0.55125000000000002,-0.046966552734375,-0.046957365607728604,-9.1871266463955381e-06
0.55137499999999995,-0.025421142578125,-0.025406702827341407,-1.4439750783593053e-05
0.55149999999999999,0,1.7947085088838376e-07,-1.7947085088838376e-07
0.55162500000000003,0.025390625,0.025394351383002868,-3.7263830028680389e-06
0.55174999999999996,0.046905517578125,0.046910751529777216,-5.2339516522156848e-06
0.551875,0.061279296875,0.061276458844365118,2.8380306348815831e-06
0.55200000000000005,0.066314697265625,0.066308544801395725,6.1524642292754006e-06
0.55212499999999998,0.061248779296875,0.06124577670995366,3.002586921339867e-06
0.55225000000000002,0.046875,0.046863768905721366,1.1231094278633946e-05
0.55237499999999995,0.025360107421875,0.025356163740054619,3.9436818203807122e-06
0.55249999999999999,0,4.392408503229339e-08,-4.392408503229339e-08
0.55262500000000003,-0.02532958984375,-0.025343390689079506,1.3800845329505623e-05
0.55274999999999996,-0.04681396484375,-0.046816801073761759,2.8362300117587558e-06
0.55287500000000001,-0.0611572265625,-0.061153805458762873,-3.4211037371265074e-06
0.55300000000000005,-0.066162109375,-0.066175836847530159,1.3727472530158935e-05
0.55312499999999998,-0.061126708984375,-0.061123183562264385,-3.5254221106145733e-06
0.55325000000000002,-0.046783447265625,-0.046769910353279431,-1.3536912345568641e-05
0.55337499999999995,-0.025299072265625,-0.025305276774436739,6.2045088117385072e-06
0.55349999999999999,0,1.8198182836812068e-07,-1.8198182836812068e-07
0.55362500000000003,0.025299072265625,0.025292980668601334,6.0915970236663508e-06
0.55374999999999996,0.046722412109375,0.046723487184725319,-1.075075350319421e-06
0.55387500000000001,0.06103515625,0.061031845989085218,3.3102609147822593e-06
0.55400000000000005,0.0660400390625,0.066043842899536645,-3.8038370366449969e-06
0.55412499999999998,0.061004638671875,0.061001284212272168,3.3544596028320384e-06
0.55425000000000002,0.04669189453125,0.046676688188124621,1.5206343125379052e-05
0.55437499999999995,0.0252685546875,0.025254940340090879,1.3614347409120903e-05
0.55449999999999999,0,4.1423667410685417e-08,-4.1423667410685417e-08
0.55462500000000003,-0.025238037109375,-0.025242222506783471,4.1853974084710144e-06
0.55474999999999997,-0.046630859375,-0.046629910876257216,-9.4849874278379875e-07
0.55487500000000001,-0.0609130859375,-0.060909681334347848,-3.4046031521517417e-06
0.55500000000000005,-0.06591796875,-0.06591166381628942,-6.3049337105797187e-06
0.55512499999999998,-0.060882568359375,-0.060879179559224672,-3.3888001503279419e-06
0.55525000000000002,-0.04656982421875,-0.046583203424207985,1.3379205457984822e-05
0.55537499999999995,-0.02520751953125,-0.025204255622505986,-3.2639087440139436e-06
0.55549999999999999,0,1.8447170327317241e-07,-1.8447170327317241e-07
0.55562500000000004,0.025177001953125,0.025192014613764808,-1.5012660639808495e-05
0.55574999999999997,0.046539306640625,0.046536970387245143,2.3362533798573781e-06
0.55587500000000001,0.060791015625,0.060788209619062054,2.8060059379456104e-06
0.55600000000000005,0.065765380859375,0.065780197682238292,-1.4816822863292223e-05
0.55612499999999998,0.060760498046875,0.060757767727864682,2.7303190103175612e-06
0.55625000000000002,0.046478271484375,0.046490354300746509,-1.2082816371508653e-05
0.55637499999999995,0.025146484375,0.025154121032094204,-7.6366570942038026e-06
0.55649999999999999,0,3.8944303075330129e-08,-3.8944303075330129e-08
0.55662500000000004,-0.025146484375,-0.025141458175568919,-5.0261994310810132e-06
0.55674999999999997,-0.04644775390625,-0.04644376673277191,-3.987173478089967e-06
0.55687500000000001,-0.0606689453125,-0.060666531744194459,-2.413568305541236e-06
0.55700000000000005,-0.065643310546875,-0.065648545358368698,5.2348114936984214e-06
0.55712499999999998,-0.060638427734375,-0.060636149619389922,-2.2781149850784055e-06
0.55725000000000002,-0.04638671875,-0.046397241833183403,1.0523083183403004e-05
0.55737499999999995,-0.025115966796875,-0.025103637755151863,-1.2329041723137257e-05
0.5575,0,1.8694058909931914e-07,-1.8694058909931914e-07
0.55762500000000004,0.02508544921875,0.025091451603141527,-6.0023843915270325e-06
0.55774999999999997,0.046356201171875,0.046351198153194578,5.0030186804217447e-06
0.55787500000000001,0.060546875,0.060545545836203432,1.3291637965678893e-06
0.55800000000000005,0.065521240234375,0.065517604931237539,3.6353031374614098e-06
0.55812499999999998,0.060516357421875,0.06051522336048934,1.134061385660301e-06
0.55825000000000002,0.046295166015625,0.046304764262224851,-9.5982465998512012e-06
0.55837499999999995,0.025054931640625,0.025053704202896897,1.2274377281032423e-06
0.5585,0,3.6485863784059693e-08,-3.6485863784059693e-08
0.55862500000000004,-0.025054931640625,-0.025041096083297701,-1.3835557327299131e-05
0.55874999999999997,-0.0462646484375,-0.046258365665094128,-6.2827724058717171e-06
0.55887500000000001,-0.0604248046875,-0.0604243527979988,-4.5188950120039761e-07
0.55900000000000005,-0.065399169921875,-0.065386477263932985,-1.2692657942015018e-05
0.55912499999999998,-0.060394287109375,-0.060394089854302932,-1.9725507206802551e-07
0.55925000000000002,-0.04620361328125,-0.046212022604800285,8.4093235502846753e-06
0.55937499999999996,-0.024993896484375,-0.025003421562429833,9.5250780548332414e-06
0.5595,0,1.8938861374410725e-07,-1.8938861374410725e-07
0.55962500000000004,0.024993896484375,0.024991290027814285,2.6064565607150647e-06
0.55974999999999997,0.046173095703125,0.046166167510312252,6.9281928127482018e-06
0.55987500000000001,0.060302734375,0.060303850757978228,-1.1163829782279144e-06
0.56000000000000005,0.06524658203125,0.065256060445110523,-9.4784138605225055e-06
0.56012499999999998,0.060272216796875,0.060273647229458029,-1.4304325830286069e-06
0.56025000000000003,0.046112060546875,0.046119915103099124,-7.8545562241238986e-06
0.56037499999999996,0.02496337890625,0.024953688245771176,9.6906604788241091e-06
0.5605,0,3.4048221983083243e-08,-3.4048221983083243e-08
0.56062500000000004,-0.024932861328125,-0.024941134624308348,8.2732961833482943e-06
0.56074999999999997,-0.04608154296875,-0.046073704706911606,-7.8382618383943115e-06
0.56087500000000001,-0.0601806640625,-0.06018314062098129,2.4765584812902475e-06
0.56100000000000005,-0.06512451171875,-0.065125455339952773,9.4362120277302619e-07
0.56112499999999998,-0.060150146484375,-0.060152996391029175,2.849906654174561e-06
0.56125000000000003,-0.0460205078125,-0.046027542775531109,7.0349630311092315e-06
0.56137499999999996,-0.02490234375,-0.024903605440822419,1.2616908224190315e-06
0.5615,0,1.9181590441843467e-07,-1.9181590441843467e-07
0.56162500000000004,0.02490234375,0.024891528285329634,1.081546467036551e-05
0.56174999999999997,0.045989990234375,0.045981875498212525,8.1147361624747671e-06
0.56187500000000001,0.06005859375,0.060063120517348551,-4.5267673485505089e-06
0.56200000000000006,0.06500244140625,0.064995560039205397,6.8813670446032926e-06
0.56212499999999999,0.060028076171875,0.060033035469574357,-4.9592976993570459e-06
0.56225000000000003,0.045928955078125,0.045935803865762979,-6.8487876379794144e-06
0.56237499999999996,0.02484130859375,0.024854071560403437,-1.2762966653437346e-05
0.5625,0,3.1631250803534967e-08,-3.1631250803534967e-08
0.56262500000000004,-0.02484130859375,-0.024841572199307785,2.6360555778481842e-07
0.56274999999999997,-0.0458984375,-0.045889780903753424,-8.6565962465756652e-06
0.56287500000000001,-0.0599365234375,-0.059942891353847304,6.3679163473037703e-06
0.56299999999999994,-0.06488037109375,-0.064865475410137083,-1.4895683612917154e-05
0.56312499999999999,-0.059906005859375,-0.059912865372100534,6.8595127255335897e-06
0.56325000000000003,-0.04583740234375,-0.045843799393678851,6.3970499288509841e-06
0.56337499999999996,-0.024810791015625,-0.0248041877932135,-6.6032224114997984e-06
0.5635,0,1.9422258764999444e-07,-1.9422258764999444e-07
0.56362500000000004,0.0247802734375,0.024792164779589766,-1.1891342089766221e-05
0.56374999999999997,0.045806884765625,0.045798319168327391,8.5655972976092509e-06
0.56387500000000002,0.059814453125,0.059823351262730584,-8.8981377305841214e-06
0.56399999999999995,0.064727783203125,0.064736099545575354,-8.3163424503540639e-06
0.56412499999999999,0.059783935546875,0.059793384231077377,-9.4486842023774886e-06
0.56425000000000003,0.045745849609375,0.045752427604416876,-6.5779950418759503e-06
0.56437499999999996,0.024749755859375,0.024754852552882251,-5.0966935072511987e-06
0.5645,0,2.9234824058038268e-08,-2.9234824058038268e-08
0.56462500000000004,-0.024749755859375,-0.024742407215400851,-7.3486439741490828e-06
0.56474999999999997,-0.04571533203125,-0.045706591312942683,-8.7407183073165418e-06
0.56487500000000002,-0.0596923828125,-0.059703601152691382,1.1218340191382348e-05
0.56499999999999995,-0.064605712890625,-0.064606533314866585,8.2042424158490501e-07
0.56512499999999999,-0.059661865234375,-0.059673692955430957,1.1827721055956975e-05
0.56525000000000003,-0.045654296875,-0.04566078951932967,6.4926443296697833e-06
0.56537499999999996,-0.02471923828125,-0.024705167028876342,-1.4071252373657611e-05
0.5655,0,1.9660878928670182e-07,-1.9660878928670182e-07
0.56562500000000004,0.024688720703125,0.024693197920882027,-4.4772177570269467e-06
0.56574999999999998,0.045623779296875,0.045615495583859335,8.2837130156651617e-06
0.56587500000000002,0.0595703125,0.059584539157898887,-1.4226657898887274e-05
0.56599999999999995,0.064483642578125,0.064477674812911889,5.9677652131107095e-06
0.56612499999999999,0.059539794921875,0.059554689679557508,-1.4894757682508419e-05
0.56625000000000003,0.045562744140625,0.045569783385020955,-7.0392443959552131e-06
0.56637499999999996,0.024658203125,0.024656029635618436,2.1734893815641976e-06
0.5665,0,2.6858816237285967e-08,-2.6858816237285967e-08
0.56662500000000005,-0.024658203125,-0.024643638086051023,-1.4565038948977094e-05
0.56674999999999998,-0.0455322265625,-0.045524133003549537,-8.0935589504629868e-06
0.56687500000000002,-0.059478759765625,-0.059465266188958435,-1.3493576666565033e-05
0.56699999999999995,-0.064361572265625,-0.064348624911127056,-1.2947354497944152e-05
0.56712499999999999,-0.0594482421875,-0.059435475314288916,-1.2766873211084162e-05
0.56725000000000003,-0.04547119140625,-0.045478510224305962,7.3188180559624616e-06
0.56737499999999996,-0.02459716796875,-0.02460654156339382,9.3735946438203155e-06
0.5675,0,1.9897463450010598e-07,-1.9897463450010598e-07
0.56762500000000005,0.02459716796875,0.024594626125839694,2.5418429103057916e-06
0.56774999999999998,0.045440673828125,0.045433401819734376,7.2720083906241406e-06
0.56787500000000002,0.059356689453125,0.059346680381947757,1.0009071177242979e-05
0.56799999999999995,0.064208984375,0.064220281706478491,-1.129733147849088e-05
0.56812499999999999,0.059326171875,0.059316947995929008,9.223879070992258e-06
0.56825000000000003,0.045379638671875,0.045387868285258461,-8.2296133834605656e-06
0.56837499999999996,0.024566650390625,0.02455760122740137,9.0491632236296138e-06
0.56850000000000001,0,2.4503102506638468e-08,-2.4503102506638468e-08
0.56862500000000005,-0.0245361328125,-0.024545263231055051,9.130418555051284e-06
0.56874999999999998,-0.04534912109375,-0.045342403056344176,-6.7180374058242731e-06
0.56887500000000002,-0.059234619140625,-0.059227882649376867,-6.7364912481326922e-06
0.56899999999999995,-0.0640869140625,-0.06409174607244314,4.8320099431398145e-06
0.56912499999999999,-0.0592041015625,-0.059198208637213513,-5.8929252864867165e-06
0.56925000000000003,-0.0452880859375,-0.045296958592129795,8.8726546297948627e-06
0.56937499999999996,-0.024505615234375,-0.02450830981871463,2.6945843396297686e-06
0.56950000000000001,0,2.0132024778878395e-07,-2.0132024778878395e-07
0.56962500000000005,0.024505615234375,0.024496447817416663,9.1674169583368104e-06
0.56974999999999998,0.045257568359375,0.045252034962555227,5.5333968197734951e-06
0.56987500000000002,0.059112548828125,0.059109771129224387,2.7776989006134123e-06
0.56999999999999995,0.06396484375,0.06396391610804443,9.2764195556982454e-07
0.57012499999999999,0.05908203125,0.059080155376346297,1.8758736537033416e-06
0.57025000000000003,0.045196533203125,0.045206679394447599,-1.0146191322599196e-05
0.57037499999999997,0.024444580078125,0.02445956575331916,-1.4985675194159609e-05
0.57050000000000001,0,2.2167573231885291e-08,-2.2167573231885291e-08
0.57062500000000005,-0.024444580078125,-0.024447281076517668,2.7009983926684633e-06
0.57074999999999998,-0.045166015625,-0.045161398563750177,-4.6170612498230845e-06
0.57087500000000002,-0.058990478515625,-0.058991446735897457,9.6822027245702103e-07
0.57099999999999995,-0.0638427734375,-0.063835892688812249,-6.880748687751459e-06
0.57112499999999999,-0.0589599609375,-0.058961889127959258,1.9281904592577392e-06
0.57125000000000004,-0.04510498046875,-0.045116131717934896,1.1151249184895851e-05
0.57137499999999997,-0.0244140625,-0.024410470223073608,-3.5922769263917187e-06
0.57150000000000001,0,2.0364573848159969e-07,-2.0364573848159969e-07
0.57162500000000005,0.024383544921875,0.024398661424862193,-1.5116502987192609e-05
0.57174999999999998,0.045074462890625,0.045071392110554727,3.0707800702731158e-06
0.57187500000000002,0.058868408203125,0.058873807609268018,-5.3994061430182039e-06
0.57199999999999995,0.063720703125,0.063708573915818856,1.212920918114424e-05
0.57212499999999999,0.058837890625,0.058844308032148698,-6.4174071486983175e-06
0.57225000000000004,0.045013427734375,0.045026213813557064,-1.2786079182064425e-05
0.57237499999999997,0.02435302734375,0.024361921644747084,-8.8943009970837705e-06
0.57250000000000001,0,1.9852075801280336e-08,-1.9852075801280336e-08
0.57262500000000005,-0.02435302734375,-0.024349690054826387,-3.3372889236132908e-06
0.57274999999999998,-0.04498291015625,-0.044981116629787786,-1.7935264622140346e-06
0.57287500000000002,-0.058746337890625,-0.058755954665632722,9.6167750077216785e-06
0.57299999999999995,-0.063568115234375,-0.06358106066663885,1.2945432263850032e-05
0.573125,-0.0587158203125,-0.058726513005435188,1.0692692935188042e-05
0.57325000000000004,-0.044921875,-0.044936026708482284,1.4151708482283698e-05
0.57337499999999997,-0.024322509765625,-0.024313021210980203,-9.488554644797309e-06
0.57350000000000001,0,2.0595125879942893e-07,-2.0595125879942893e-07
0.57362500000000005,0.0242919921875,0.0243012653836958,-9.2731961957998044e-06
0.57374999999999998,0.044891357421875,0.044891470373539161,-1.1295166416069868e-07
0.57387500000000002,0.058624267578125,0.058638786046749249,-1.4518468624248604e-05
0.57399999999999995,0.063446044921875,0.063454251044385165,-8.2061225101653923e-06
0.574125,0.058624267578125,0.058609402189799896,1.4865388325104034e-05
0.57425000000000004,0.04486083984375,0.044846468655118217,1.4371188631782938e-05
0.57437499999999997,0.024261474609375,0.024264667339322501,-3.1927299475008331e-06
0.57450000000000001,0,1.7556501971312142e-08,-1.7556501971312142e-08
0.57462500000000005,-0.024261474609375,-0.024252488604626452,-8.986004748547799e-06
0.57474999999999998,-0.0447998046875,-0.044801554370068469,1.7496825684693018e-06
0.57487500000000002,-0.05853271484375,-0.058521402670796259,-1.131217295374104e-05
0.57499999999999996,-0.063323974609375,-0.063327245928668979,3.2713192939792801e-06
0.575125,-0.058502197265625,-0.058492076503644484,-1.0120761980515758e-05
0.57525000000000004,-0.044769287109375,-0.044756640682072454,-1.2646427302545615e-05
0.57537499999999997,-0.02423095703125,-0.024215961223193434,-1.499580805656639e-05
0.57550000000000001,0,2.0823691668390287e-07,-2.0823691668390287e-07
0.57562500000000005,0.024200439453125,0.024204258135682211,-3.8186825572113225e-06
0.57574999999999998,0.044708251953125,0.044712266872882905,-4.0149197579053553e-06
0.57587500000000003,0.05841064453125,0.05840470268140964,5.9418498403601694e-06
0.57599999999999996,0.063201904296875,0.063200943424635697,9.6087223930285681e-07
0.576125,0.058380126953125,0.058375434090827488,4.6928622975117573e-06
0.57625000000000004,0.044677734375,0.044667441043189225,1.0293331810774797e-05
0.57637499999999997,0.024169921875,0.024167801280919835,2.1205940801648226e-06
0.57650000000000001,0,1.5280729572306572e-08,-1.5280729572306572e-08
0.57662500000000005,-0.024169921875,-0.024155675170782584,-1.4246704217416029e-05
0.57674999999999998,-0.04461669921875,-0.044622708911687327,6.0096929373268382e-06
0.57687500000000003,-0.05828857421875,-0.058287786998642552,-7.8722010744824988e-07
0.57699999999999996,-0.063079833984375,-0.063074444413924971,-5.3895704500289687e-06
0.577125,-0.058258056640625,-0.058258575871624169,5.1923099916861837e-07
0.57725000000000004,-0.044586181640625,-0.044577970768509771,-8.2108721152288067e-06
0.57737499999999997,-0.02410888671875,-0.024119288706696922,1.0401987946922348e-05
0.57750000000000001,0,2.1050283397533257e-07,-2.1050283397533257e-07
0.57762500000000006,0.02410888671875,0.024107638128793202,1.2485899567975245e-06
0.57774999999999999,0.044525146484375,0.044533778741421018,-8.6322570460178882e-06
0.57787500000000003,0.05816650390625,0.058171553768001615,-5.0498617516145372e-06
0.57799999999999996,0.062957763671875,0.062948647003706559,9.1166681684407003e-06
0.578125,0.058135986328125,0.058142399991762905,-6.413663637905298e-06
0.57825000000000004,0.04449462890625,0.044489128113309115,5.5007929408851242e-06
0.57837499999999997,0.024078369140625,0.024071321919625719,7.0472209992809842e-06
0.57850000000000001,0,1.3024637092487044e-08,-1.3024637092487044e-08
0.57862499999999994,-0.0240478515625,-0.024059248204393997,1.1396641893996612e-05
0.57874999999999999,-0.04443359375,-0.044444577393218117,1.098364321811679e-05
0.57887500000000003,-0.05804443359375,-0.058055103911401444,1.0670317651444161e-05
0.57899999999999996,-0.062835693359375,-0.062822652077640456,-1.3041281734543775e-05
0.579125,-0.058013916015625,-0.058026007373385084,1.2091357760084243e-05
0.57925000000000004,-0.044403076171875,-0.044400014109056467,-3.0620628185332177e-06
0.57937499999999997,-0.024017333984375,-0.02402300211467407,5.668130299070484e-06
0.57950000000000002,0,2.1274913185778687e-07,-2.1274913185778687e-07
0.57962499999999995,0.024017333984375,0.024011403817222592,5.9301671524077115e-06
0.57974999999999999,0.044342041015625,0.044356003123444329,-1.3962107819329161e-05
0.57987500000000003,0.057952880859375,0.057939335576222925,1.3545283152074927e-05
0.57999999999999996,0.06268310546875,0.062697357744912793,-1.4252276162793343e-05
0.580125,0.05792236328125,0.057910296164081464,1.2067117168536312e-05
0.58025000000000004,0.0443115234375,0.044311527012451911,-3.5749519108896344e-09
0.58037499999999997,0.02398681640625,0.02397522771171412,1.1588694535880073e-05
0.58050000000000002,0,1.0788103674668128e-08,-1.0788103674668128e-08
0.58062499999999995,-0.023956298828125,-0.023963206162742747,6.9073346177471462e-06
0.58074999999999999,-0.044281005859375,-0.044267156964657287,-1.3848894717713445e-05
0.58087500000000003,-0.057830810546875,-0.057823349686240207,-7.4608606347933981e-06
0.58099999999999996,-0.06256103515625,-0.062571864891195789,1.0829734945788649e-05
0.581125,-0.05780029296875,-0.057794367287857584,-5.9256808924157411e-06
0.58125000000000004,-0.044219970703125,-0.044222767856386888,2.797153261888119e-06
0.58137499999999998,-0.02392578125,-0.023927099906483288,1.3186564832880221e-06
0.58150000000000002,0,2.1497593086239012e-07,-2.1497593086239012e-07
0.58162499999999995,0.02392578125,0.023915553661334684,1.0227588665315951e-05
0.58174999999999999,0.044189453125,0.044178937174643426,1.0515950356573822e-05
0.58187500000000003,0.057708740234375,0.057708044390679017,6.9584369598307827e-07
0.58199999999999996,0.06243896484375,0.062447071627683842,-8.1067839338422321e-06
0.582125,0.05767822265625,0.057679118894148222,-8.9623789822218525e-07
0.58225000000000005,0.04412841796875,0.04413463489898093,-6.2169302309303398e-06
0.58237499999999998,0.02386474609375,0.023879517119621732,-1.4771025871732069e-05
0.58250000000000002,0,8.5710091129660154e-09,-8.5710091129660154e-09
0.58262499999999995,-0.02386474609375,-0.023867547509242887,2.8014154928868162e-06
0.58274999999999999,-0.044097900390625,-0.044090444787378259,-7.4556032467407163e-06
0.58287500000000003,-0.057586669921875,-0.057592520615171117,5.8506932961166491e-06
0.58299999999999996,-0.06231689453125,-0.062322078842053402,5.1843108034022034e-06
0.583125,-0.05755615234375,-0.05756365190881018,7.499565060180291e-06
0.58325000000000005,-0.044036865234375,-0.044046229174542012,9.3639401670120304e-06
0.58337499999999998,-0.023834228515625,-0.02383158054764644,-2.6479679785598731e-06
0.58350000000000002,0,2.1718335087060425e-07,-2.1718335087060425e-07
0.58362499999999995,0.023834228515625,0.023820086127613532,1.4142388011468415e-05
0.58374999999999999,0.04400634765625,0.044002578062063244,3.7695941867560423e-06
0.58387500000000003,0.057464599609375,0.057477676510790644,-1.3076901415644271e-05
0.58399999999999996,0.06219482421875,0.062197784647499144,-2.9604287491435954e-06
0.58412500000000001,0.05743408203125,0.0574488644831367,-1.4782451886699577e-05
0.58425000000000005,0.0439453125,0.043958448942603402,-1.3136442603402243e-05
0.58437499999999998,0.023773193359375,0.023784188611936347,-1.0995252561346591e-05
0.58450000000000002,0,6.3732338495244269e-09,-6.3732338495244269e-09
0.58462499999999995,-0.023773193359375,-0.023772270713455536,-9.2264591946417118e-07
0.58474999999999999,-0.043914794921875,-0.043914438034086123,-3.5688778887710271e-07
0.58487500000000003,-0.057373046875,-0.057362613005014072,-1.0433869985927713e-05
0.58499999999999996,-0.06207275390625,-0.062073289933693737,5.3602744373715261e-07
0.58512500000000001,-0.057342529296875,-0.057333857544822987,-8.6717520520127045e-06
0.58525000000000005,-0.04388427734375,-0.043870395238883989,-1.3882104866011491e-05
0.58537499999999998,-0.02374267578125,-0.023736442509771902,-6.2332714780982679e-06
0.58550000000000002,0,2.1937151111749439e-07,-2.1937151111749439e-07
0.58562499999999995,0.023712158203125,0.023724999688664955,-1.2841485539955011e-05
0.58574999999999999,0.0438232421875,0.043826922964057706,-3.6807765577059892e-06
0.58587500000000003,0.0572509765625,0.057248228250756587,2.748311743412668e-06
0.58599999999999997,0.06195068359375,0.061949492815824118,1.1907779258815698e-06
0.58612500000000001,0.057220458984375,0.057219529247002472,9.2973737252782795e-07
0.58625000000000005,0.043792724609375,0.043782966324325129,9.7582850498711959e-06
0.58637499999999998,0.023681640625,0.023689240663320125,-7.6000383201248189e-06
0.58650000000000002,0,4.1946589712565715e-09,-4.1946589712565715e-09
0.58662499999999995,-0.023681640625,-0.02367737425103816,-4.2663739618399588e-06
0.58674999999999999,-0.043731689453125,-0.043739133888772326,7.4444356473260531e-06
0.58687500000000004,-0.05712890625,-0.057133623177332005,4.7169273320046834e-06
0.58699999999999997,-0.06182861328125,-0.061825494185551264,-3.1190956987364737e-06
0.58712500000000001,-0.057098388671875,-0.057104980519206823,6.5918473318229975e-06
0.58725000000000005,-0.043701171875,-0.04369526323606094,-5.9086389390602956e-06
0.58737499999999998,-0.023651123046875,-0.023641684270608747,-9.4387762662531682e-06
0.58750000000000002,0,2.2154053019497952e-07,-2.2154053019497952e-07
0.58762499999999995,0.02362060546875,0.023630292823231015,-9.6873544810152645e-06
0.58774999999999999,0.04364013671875,0.043651969070244538,-1.1832351494538151e-05
0.58787500000000004,0.0570068359375,0.057019695939489197,-1.2860001989196956e-05
0.58799999999999997,0.06170654296875,0.061702192160046375,4.3508087036250864e-06
0.58812500000000001,0.056976318359375,0.056991109516402315,-1.4791157027314872e-05
0.58825000000000005,0.043609619140625,0.043608184236415326,1.4349042096739595e-06
0.58837499999999998,0.023590087890625,0.023594671754563656,-4.5838639386557023e-06
0.58850000000000002,0,2.0351662066023982e-09,-2.0351662066023982e-09
0.58862499999999995,-0.023590087890625,-0.023582856603772167,-7.2312868528330576e-06
0.58875,-0.0435791015625,-0.043564529546669638,-1.4572015830362217e-05
0.58887500000000004,-0.056915283203125,-0.056905547468372016,-9.7357347529844485e-06
0.58899999999999997,-0.06158447265625,-0.061578687632950747,-5.7850232992526229e-06
0.58912500000000001,-0.056884765625,-0.056877017169949806,-7.7484550501938365e-06
0.58925000000000005,-0.04351806640625,-0.043520830363922118,2.763957672118067e-06
0.58937499999999998,-0.0235595703125,-0.023547304313969928,-1.2265998530072014e-05
0.58950000000000002,0,2.2369051206766384e-07,-2.2369051206766384e-07
0.58962499999999995,0.023529052734375,0.023535964016087367,-6.9112817123670456e-06
0.58975,0.043487548828125,0.04347771358146036,9.8352466646398073e-06
0.58987500000000004,0.056793212890625,0.056792075920555685,1.1369700693153462e-06
0.58999999999999997,0.06146240234375,0.061455878723412009,6.5236203379906432e-06
0.59012500000000001,0.0567626953125,0.056763601636641084,-9.0632414108393622e-07
0.59025000000000005,0.043426513671875,0.04343409988232199,-7.5862104469900937e-06
0.59037499999999998,0.02349853515625,0.023500480372509288,-1.9452162592879796e-06
0.59050000000000002,0,-1.0534811824125164e-10,1.0534811824125164e-10
0.59062499999999996,-0.02349853515625,-0.023488716259460557,-9.8188967894430323e-06
0.59075,-0.04339599609375,-0.043390622214207336,-5.3738795426638841e-06
0.59087500000000004,-0.056671142578125,-0.056678382229006778,7.2396508817781924e-06
0.59099999999999997,-0.06134033203125,-0.061332866327043892,-7.465704206108259e-06
0.59112500000000001,-0.056640625,-0.056649963849658834,9.3388496588339698e-06
0.59125000000000005,-0.0433349609375,-0.043347093831532853,1.2132894032852726e-05
0.59137499999999998,-0.023468017578125,-0.023453301129721139,-1.4716448403860605e-05
0.59150000000000003,0,2.2582160208150774e-07,-2.2582160208150774e-07
0.59162499999999996,0.0234375,0.023442011758071292,-4.5117580712919492e-06
0.59175,0.043304443359375,0.043304153709706021,2.8964966897887523e-07
0.59187500000000004,0.05657958984375,0.056565364552119586,1.4225291630413917e-05
0.59199999999999997,0.06121826171875,0.061210548564962504,7.7131537874960965e-06
0.59212500000000001,0.056549072265625,0.056537001967613104,1.2070298011895852e-05
0.59225000000000005,0.04327392578125,0.043260710476686705,1.3215304563295172e-05
0.59237499999999998,0.023406982421875,0.023406665010040021,3.1741183497899228e-07
0.59250000000000003,0,-2.2270289760860861e-09,2.2270289760860861e-09
0.59262499999999996,-0.023406982421875,-0.023394951711955814,-1.2030709919185617e-05
0.59275,-0.043212890625,-0.043217409108956557,4.5184839565573509e-06
0.59287500000000004,-0.05645751953125,-0.056452123824676133,-5.3957065738671761e-06
0.59299999999999997,-0.06109619140625,-0.06108802633474613,-8.1650715038697474e-06
0.59312500000000001,-0.056427001953125,-0.056423816925501163,-3.1850276238365449e-06
0.59325000000000006,-0.043182373046875,-0.043174050859089992,-8.3221877850078729e-06
0.59337499999999999,-0.023345947265625,-0.023359673213756645,1.3725948131645266e-05
0.59350000000000003,0,2.2793390287487394e-07,-2.2793390287487394e-07
0.59362499999999996,0.023345947265625,0.023348434546044464,-2.4872804194643605e-06
0.59375,0.043121337890625,0.043131286678141416,-9.948787516415869e-06
0.59387500000000004,0.05633544921875,0.05633955820688253,-4.1089881325298561e-06
0.59399999999999997,0.06097412109375,0.060966197759471506,7.9233342784937322e-06
0.59412500000000001,0.056304931640625,0.056311306883744007,-6.3752431190070014e-06
0.59424999999999994,0.0430908203125,0.043088013245270229,2.8070672297708654e-06
0.59437499999999999,0.0233154296875,0.023313224166055375,2.2055214446252414e-06
0.59450000000000003,0,-4.3299787178060929e-09,4.3299787178060929e-09
0.59462499999999996,-0.0233154296875,-0.023301561461122777,-1.3868226377222737e-05
0.59475,-0.04302978515625,-0.043044887459625258,1.5102303375258419e-05
0.59487500000000004,-0.05621337890625,-0.05622676863532898,1.3389729078980284e-05
0.59499999999999997,-0.06085205078125,-0.06084416373867365,-7.8870425763502561e-06
0.59512500000000002,-0.05621337890625,-0.056198572779146298,-1.4806127103701716e-05
0.59524999999999995,-0.042999267578125,-0.043001698677897215,2.4310997722154504e-06
0.59537499999999999,-0.02325439453125,-0.023266419067975226,1.2024536725226131e-05
0.59550000000000003,0,2.3002753049929018e-07,-2.3002753049929018e-07
0.59562499999999996,0.02325439453125,0.023255230882868905,-8.3635161890471821e-07
0.59575,0.04296875,0.042959109720981915,9.6402790180846742e-06
0.59587500000000004,0.056121826171875,0.056114653272026166,7.1728998488340689e-06
0.59599999999999997,0.06072998046875,0.060722822397382102,7.1580713678978669e-06
0.59612500000000002,0.05609130859375,0.056086512773932735,4.7958198172645683e-06
0.59624999999999995,0.04290771484375,0.042916005424888451,-8.2905811384509365e-06
0.59637499999999999,0.023223876953125,0.023220156345447385,3.7206076776152841e-06
0.59650000000000003,0,-6.4143130809691277e-09,6.4143130809691277e-09
0.59662499999999996,-0.023193359375,-0.023208544012814667,1.5184637814667085e-05
0.59675,-0.042877197265625,-0.042873054505954737,-4.1427596702628411e-06
0.59687500000000004,-0.055999755859375,-0.05600231305536528,2.5571959902798147e-06
0.59699999999999998,-0.06060791015625,-0.060601274637080781,-6.6355191692193949e-06
0.59712500000000002,-0.05596923828125,-0.055974227806708125,4.9895254581253101e-06
0.59724999999999995,-0.042816162109375,-0.042830034530291272,1.3872420916272166e-05
0.59737499999999999,-0.023162841796875,-0.023173537200256205,1.0695403381204976e-05
0.59750000000000003,0,2.3210260037915627e-07,-2.3210260037915627e-07
0.59762499999999996,0.023162841796875,0.02316239927738302,4.4251949198048646e-07
0.59775,0.04278564453125,0.042787620083493516,-1.9755522435160877e-06
0.59787500000000005,0.055877685546875,0.055890646149149126,-1.2960602274125765e-05
0.59799999999999998,0.06048583984375,0.060480418584744247,5.4212590057528542e-06
0.59812500000000002,0.055877685546875,0.055862616041493708,1.506950538129187e-05
0.59824999999999995,0.042755126953125,0.042744684263388073,1.0442689736926691e-05
0.59837499999999999,0.02313232421875,0.02312746005907669,4.8641596733095538e-06
0.59850000000000003,0,-8.4801471775967076e-09,8.4801471775967076e-09
0.59862499999999996,-0.023101806640625,-0.023115897878849122,1.4091238224121783e-05
0.59875,-0.042694091796875,-0.042701907498714844,7.81570183984448e-06
0.59887500000000005,-0.0557861328125,-0.05577875349357321,-7.3793189267895576e-06
0.59899999999999998,-0.06036376953125,-0.060359355143797554,-4.4143874524463222e-06
0.59912500000000002,-0.055755615234375,-0.055750778418687218,-4.8368156877823254e-06
0.59924999999999995,-0.04266357421875,-0.042659055669617689,-4.5185491323110338e-06
0.59937499999999999,-0.0230712890625,-0.023081026124435557,9.7370619355566235e-06
0.59950000000000003,0,2.3415922731490242e-07,-2.3415922731490242e-07
0.59962499999999996,0.0230712890625,0.023069938244377759,1.3508181222407489e-06
0.59975000000000001,0.0426025390625,0.042616815021938995,-1.4275959438994623e-05
0.59987500000000005,0.0556640625,0.05566753325423051,-3.4707542305098538e-06
0.59999999999999998,0.06024169921875,0.060238982443152476,2.7167755975235353e-06
0.60012500000000002,0.055633544921875,0.055639613104104514,-6.068182229514163e-06
0.60024999999999995,0.042572021484375,0.042574047019621961,-2.0255352469605858e-06
0.60037499999999999,0.023040771484375,0.023035133823748687,5.6376606263133788e-06
0.60050000000000003,0,-1.052759549731316e-08,1.052759549731316e-08
0.60062499999999996,-0.02301025390625,-0.023023621576984447,1.336767073444739e-05
0.60075000000000001,-0.04254150390625,-0.042531443699650257,-1.0060206599743493e-05
0.60087500000000005,-0.0555419921875,-0.055556086373092624,1.409418559262382e-05
0.60099999999999998,-0.06011962890625,-0.060118401388167465,-1.2275180825346843e-06
0.60112500000000002,-0.0555419921875,-0.055528221039918647,-1.3771147581352616e-05
0.60124999999999995,-0.04248046875,-0.042488759360206171,8.2906102061713893e-06
0.60137499999999999,-0.022979736328125,-0.022988884360282166,9.1480321571663081e-06
0.60150000000000003,0,2.3619752548613098e-07,-2.3619752548613098e-07
0.60162499999999997,0.022979736328125,0.022977846304572842,1.8900235521576714e-06
0.60175000000000001,0.042449951171875,0.042446691803533922,3.2593683410783725e-06
0.60187500000000005,0.055450439453125,0.055445311017540889,5.1284355841105245e-06
0.60199999999999998,0.05999755859375,0.059998510109683822,-9.5151593382247768e-07
0.60212500000000002,0.055419921875,0.055417500393727719,2.4214812722814227e-06
0.60224999999999995,0.042388916015625,0.042404090963375905,-1.5174947750905277e-05
0.60237499999999999,0.02294921875,0.02294317616220239,6.0425877976104381e-06
0.60250000000000004,0,-1.2556771910480931e-08,1.2556771910480931e-08
0.60262499999999997,-0.022918701171875,-0.022931713630895863,1.3012459020862732e-05
0.60275000000000001,-0.0423583984375,-0.042361660381436558,3.2619439365583203e-06
0.60287500000000005,-0.055328369140625,-0.055334308131326379,5.9389907013790433e-06
0.60299999999999998,-0.05987548828125,-0.059878409514985638,2.9212337356379625e-06
0.60312500000000002,-0.0552978515625,-0.055306552109493909,8.7005469939088753e-06
0.60324999999999995,-0.042327880859375,-0.042319142877297482,-8.7379820775182471e-06
0.60337499999999999,-0.02288818359375,-0.022897110433486672,8.9268397366719376e-06
0.60350000000000004,0,2.3821760845474428e-07,-2.3821760845474428e-07
0.60362499999999997,0.02288818359375,0.0228861219845931,2.061609156899652e-06
0.60375000000000001,0.042266845703125,0.042277247706402989,-1.0402003277988625e-05
0.60387500000000005,0.05523681640625,0.055223975883606356,1.2840522643643715e-05
0.60399999999999998,0.05975341796875,0.059758997736836038,-5.5797680860378285e-06
0.60412500000000002,0.055206298828125,0.055196274356585133,1.0024471539867019e-05
0.60424999999999995,0.042236328125,0.04223481337533478,1.5147496652198611e-06
0.604375,0.022857666015625,0.022851585603036385,6.0804125886146365e-06
0.60450000000000004,0,-1.4567789671319924e-08,1.4567789671319924e-08
0.60462499999999997,-0.0228271484375,-0.022840172570139379,1.3024132639379016e-05
0.60475000000000001,-0.042205810546875,-0.04219255482763664,-1.3255719238360053e-05
0.60487500000000005,-0.05511474609375,-0.055113415219904281,-1.330873845718783e-06
0.60499999999999998,-0.05963134765625,-0.059639375684437078,8.0280281870778736e-06
0.60512500000000002,-0.055084228515625,-0.055085768080735197,1.5395651101965391e-06
0.60524999999999995,-0.042144775390625,-0.042150203507009716,5.4281163847161307e-06
0.605375,-0.022796630859375,-0.022805702875587565,9.0720162125648707e-06
0.60550000000000004,0,2.4021958916805637e-07,-2.4021958916805637e-07
0.60562499999999997,0.022796630859375,0.022794763816932375,1.8670424426249499e-06
0.60575000000000001,0.0421142578125,0.042108480019536432,5.7777929635682845e-06
0.60587500000000005,0.05499267578125,0.05500352431114628,-1.0848529896280434e-05
0.60599999999999998,0.05950927734375,0.059520441492466013,-1.1164148716012734e-05
0.60612500000000002,0.054962158203125,0.054975931453080044,-1.377324995504442e-05
0.60624999999999996,0.04205322265625,0.042066211547039038,-1.2988890789038254e-05
0.606375,0.02276611328125,0.022760360680761,5.7526004890000315e-06
0.60650000000000004,0,-1.6560761421012411e-08,1.6560761421012411e-08
0.60662499999999997,-0.022735595703125,-0.022748996930178424,1.3401227053424364e-05
0.60675000000000001,-0.042022705078125,-0.042024124332657245,1.4192545322450068e-06
0.60687500000000005,-0.054901123046875,-0.054893404104621131,-7.7189422538689878e-06
0.60699999999999998,-0.05938720703125,-0.059401296072035231,1.4089040785231211e-05
0.60712500000000003,-0.05487060546875,-0.054865865421117911,-4.7400476320888507e-06
0.60724999999999996,-0.0419921875,-0.041981938546294846,-1.024895370515394e-05
0.607375,-0.022705078125,-0.022714660224023284,9.5820990232836634e-06
0.60750000000000004,0,2.4220357996188992e-07,-2.4220357996188992e-07
0.60762499999999997,0.022705078125,0.022703770339980167,1.3077850198328633e-06
0.60775000000000001,0.04193115234375,0.041940386042746691,-9.2336989966912419e-06
0.60787500000000005,0.054779052734375,0.054783952773016717,-4.9000386417169528e-06
0.60799999999999998,0.059295654296875,0.059282837559728498,1.2816737146502388e-05
0.60812500000000003,0.05474853515625,0.05475646815774575,-7.9330014957496031e-06
0.60824999999999996,0.041900634765625,0.041898282780841359,2.3519847836411811e-06
0.608375,0.022674560546875,0.022669499935724303,5.0606111506971974e-06
0.60850000000000004,0,-1.853578572493405e-08,1.853578572493405e-08
0.60862499999999997,-0.02264404296875,-0.022658185252285096,1.4142283535096417e-05
0.60875000000000001,-0.0418701171875,-0.041856366201705672,-1.3750985794327986e-05
0.60887500000000006,-0.0546875,-0.054674271265380103,-1.3228734619896709e-05
0.60899999999999999,-0.059173583984375,-0.059164166868560859,-9.4171158141406752e-06
0.60912500000000003,-0.054656982421875,-0.054646840612219229,-1.0141809655771217e-05
0.60924999999999996,-0.04180908203125,-0.041814345302895441,5.2632716454406592e-06
0.609375,-0.022613525390625,-0.022623981022058325,1.0455631433325258e-05
0.60950000000000004,0,2.4416967912470511e-07,-2.4416967912470511e-07
0.60962499999999997,0.022613525390625,0.022613140097923003,3.8529270199663679e-07
0.60975000000000001,0.041778564453125,0.041772963086615662,5.6013665093376797e-06
0.60987499999999994,0.0545654296875,0.054565257756143681,1.719313563186553e-07
0.60999999999999999,0.059051513671875,0.059046182137014985,5.3315348600146972e-06
0.61012500000000003,0.054534912109375,0.054537880959189239,-2.9688498142388386e-06
0.61024999999999996,0.041717529296875,0.041731024389863453,-1.3495092988452528e-05
0.610375,0.0225830078125,0.022579001914101428,4.005898398572183e-06
0.61050000000000004,0,-2.0493000992918051e-08,2.0493000992918051e-08
0.61062499999999997,-0.022552490234375,-0.022567736083567071,1.5245849192071365e-05
0.61075000000000002,-0.04168701171875,-0.041689277750737219,2.266031987219197e-06
0.61087499999999995,-0.054443359375,-0.054456013196126286,1.265382112628638e-05
0.61099999999999999,-0.058929443359375,-0.058927984280001025,-1.4590793739749364e-06
0.61112500000000003,-0.054443359375,-0.054428690149661875,-1.4669225338125036e-05
0.61124999999999996,-0.041656494140625,-0.041647421095301652,-9.0730453233475727e-06
0.611375,-0.02252197265625,-0.022533663818772622,1.1691162522621534e-05
0.61150000000000004,0,2.4611802471013042e-07,-2.4611802471013042e-07
0.61162499999999997,0.02252197265625,0.022522871640771349,-8.9898452134903883e-07
0.61175000000000002,0.041595458984375,0.041606208472489754,-1.0749488114754346e-05
0.61187499999999995,0.054351806640625,0.05434743576150803,4.370879116970261e-06
0.61199999999999999,0.058807373046875,0.058810471437892926,-3.0983910179263607e-06
0.61212500000000003,0.0543212890625,0.054320166360034956,1.1227024650437012e-06
0.61224999999999996,0.04156494140625,0.041564433697953145,5.0770829685548025e-07
0.612375,0.022491455078125,0.022488865167871287,2.58991025371344e-06
0.61250000000000004,0,-2.2432504525683352e-08,2.2432504525683352e-08
0.61262499999999998,-0.022491455078125,-0.02247764797693181,-1.3807101193190341e-05
0.61275000000000002,-0.041534423828125,-0.041522856306450105,-1.1567521674894776e-05
0.61287499999999995,-0.054229736328125,-0.054238626404831472,8.8900767064720165e-06
0.61299999999999999,-0.058685302734375,-0.058692744527488398,7.4417931133982651e-06
0.61312500000000003,-0.05419921875,-0.054211410543058031,1.2191793058030642e-05
0.61324999999999996,-0.041473388671875,-0.041481163252708259,7.7745808332585487e-06
0.613375,-0.022430419921875,-0.02244370716903828,1.3287247163280141e-05
0.61350000000000005,0,2.4804871374513318e-07,-2.4804871374513318e-07
0.61362499999999998,0.022430419921875,0.022432963524323859,-2.5436024488588449e-06
0.61375000000000002,0.04144287109375,0.04144011953237986,2.7515613701400987e-06
0.61387499999999995,0.05413818359375,0.054130483304027782,7.7002897222178124e-06
0.61399999999999999,0.058563232421875,0.058575701691045139,-1.246926917013863e-05
0.61412500000000003,0.054107666015625,0.054103320876868859,4.3451387561413424e-06
0.61424999999999996,0.041412353515625,0.041398508039650915,1.3845475974084975e-05
0.614375,0.02239990234375,0.022399088254793403,8.1408895659731972e-07
0.61450000000000005,0,-2.4354406543009726e-08,2.4354406543009726e-08
0.61462499999999998,-0.02239990234375,-0.022387919491063384,-1.1982852686616419e-05
0.61475000000000002,-0.041351318359375,-0.041357099206185806,5.780846810805873e-06
0.61487499999999995,-0.05401611328125,-0.054022107413376791,5.9941321267908965e-06
0.61499999999999999,-0.0584716796875,-0.058458443847240832,-1.323584025916813e-05
0.61512500000000003,-0.053985595703125,-0.053994998315953502,9.4026128285018551e-06
0.61524999999999996,-0.04132080078125,-0.041315569114981347,-5.2316662686527349e-06
0.61537500000000001,-0.022369384765625,-0.022354109633496481,-1.5275132128518554e-05
0.61550000000000005,0,2.4996185615024687e-07,-2.4996185615024687e-07
0.61562499999999998,0.0223388671875,0.022343414310144256,-4.5471226442564405e-06
0.61575000000000002,0.041259765625,0.041274693608956844,-1.4927983956844471e-05
0.61587499999999995,0.053924560546875,0.05391439691254353,1.0163634331469829e-05
0.61599999999999999,0.058349609375,0.058341869140209439,7.7402347905611291e-06
0.61612500000000003,0.05389404296875,0.053887341040182696,6.7019285673042273e-06
0.61624999999999996,0.041229248046875,0.041233244760109575,-3.9967132345747336e-06
0.61637500000000001,0.022308349609375,0.022309669738384851,-1.3201290098505125e-06
0.61650000000000005,0,-2.6258816666939692e-08,2.6258816666939692e-08
0.61662499999999998,-0.022308349609375,-0.022298549190399416,-9.8004189755841742e-06
0.61675000000000002,-0.04119873046875,-0.041192003797924426,-6.7266708255742103e-06
0.61687499999999995,-0.053802490234375,-0.053806452757538169,3.9625231631687519e-06
0.61699999999999999,-0.0582275390625,-0.058225078490501125,-2.4605719988746166e-06
0.61712500000000003,-0.05377197265625,-0.053779450005772063,7.4773495220628594e-06
0.61724999999999997,-0.0411376953125,-0.041150636032578132,1.2940720078132018e-05
0.61737500000000001,-0.02227783203125,-0.022264869778534445,-1.2962252715555123e-05
0.61750000000000005,0,2.5185756124977628e-07,-2.5185756124977628e-07
0.61762499999999998,0.022247314453125,0.022254222565538339,-6.9081124133389682e-06
0.61775000000000002,0.041107177734375,0.04110992805549947,-2.7503211244700454e-06
0.61787499999999995,0.0537109375,0.053699173129752607,1.1764370247392686e-05
0.61799999999999999,0.05810546875,0.05810897004411858,-3.5012941185796898e-06
0.61812500000000004,0.053680419921875,0.053672223394323509,8.1965275514905844e-06
0.61824999999999997,0.04107666015625,0.041068641215108392,8.0189411416076162e-06
0.61837500000000001,0.022216796875,0.02222060818789726,-3.8113128972595833e-06
0.61850000000000005,0,-2.8145843924793396e-08,2.8145843924793396e-08
0.61862499999999998,-0.022216796875,-0.02220953564510814,-7.2612298918604823e-06
0.61875000000000002,-0.041015625,-0.041027567440232782,1.1942440232781681e-05
0.61887499999999995,-0.0535888671875,-0.053591658986920525,2.7917994205248209e-06
0.61899999999999999,-0.0579833984375,-0.05799264472347701,9.2462859770103822e-06
0.61912500000000004,-0.053558349609375,-0.05356476216376517,6.4125543901699666e-06
0.61924999999999997,-0.040985107421875,-0.040986361366561037,1.2539446860374004e-06
0.61937500000000001,-0.022186279296875,-0.022175986176262468,-1.0293120612531875e-05
0.61950000000000005,0,2.5373593777480743e-07,-2.5373593777480743e-07
0.61962499999999998,0.02215576171875,0.022165386863531037,-9.6251447810370705e-06
0.61975000000000002,0.04095458984375,0.040945820235852012,8.7696078979876413e-06
0.61987499999999995,0.053497314453125,0.053484808512153786,1.2505940971213603e-05
0.62,0.057891845703125,0.057877000676440381,1.4845026684619234e-05
0.62012500000000004,0.053466796875,0.053457964497418159,8.8323775818410777e-06
0.62024999999999997,0.0408935546875,0.040904694770972978,-1.114008347297829e-05
0.62037500000000001,0.022125244140625,0.022131902178306056,-6.6580376810558561e-06
0.62050000000000005,0,-3.0015596752170577e-08,3.0015596752170577e-08
0.62062499999999998,-0.022125244140625,-0.022120877431065476,-4.3667095595244232e-06
0.62075000000000002,-0.040863037109375,-0.040863787502222096,7.5039284709588205e-07
0.62087499999999995,-0.053375244140625,-0.053377722664902642,2.4785242776423355e-06
0.621,-0.057769775390625,-0.057761138827281469,-8.6365633435309119e-06
0.62112500000000004,-0.0533447265625,-0.053350931354936508,6.2047924365080109e-06
0.62124999999999997,-0.04083251953125,-0.040822742488517798,-9.7770427322022013e-06
0.62137500000000001,-0.0220947265625,-0.022087457404503255,-7.2691579967448794e-06
0.62150000000000005,0,2.5559709386620086e-07,-2.5559709386620086e-07
0.62162499999999998,0.022064208984375,0.022076905782843593,-1.2696798468592868e-05
0.62175000000000002,0.040771484375,0.040782367524382149,-1.0883149382148738e-05
0.62187499999999996,0.05328369140625,0.053271299629992143,1.239177625785709e-05
0.622,0.057647705078125,0.057645957325718096,1.7477524069040018e-06
0.62212500000000004,0.053253173828125,0.053244560921348605,8.6129067763951461e-06
0.62224999999999997,0.040740966796875,0.040741402804542665,-4.360076676646063e-07
0.62237500000000001,0.02203369140625,0.02204355029023905,-9.8588839890501045e-06
0.62250000000000005,0,-3.1868182995937491e-08,3.1868182995937491e-08
0.62262499999999998,-0.02203369140625,-0.02203257312982021,-1.1182764297901215e-06
0.62275000000000003,-0.04071044921875,-0.040700661363505974,-9.7878552440255895e-06
0.62287499999999996,-0.05316162109375,-0.053164640368582212,3.0192748322124818e-06
0.623,-0.057525634765625,-0.057530557097873178,4.9223322481778409e-06
0.62312500000000004,-0.053131103515625,-0.053137954158017385,6.8506423923850313e-06
0.62324999999999997,-0.0406494140625,-0.040659776780528831,1.0362718028830709e-05
0.62337500000000001,-0.022003173828125,-0.02199928204672056,-3.8917814044400756e-06
0.62350000000000005,0,2.5744113707757102e-07,-2.5744113707757102e-07
0.62362499999999998,0.022003173828125,0.021988777907858748,1.4395920266252471e-05
0.62375000000000003,0.040618896484375,0.040619567305938922,-6.7082156392228587e-07
0.62387499999999996,0.053070068359375,0.053058643067204203,1.1425292170796908e-05
0.624,0.057403564453125,0.05741583629531103,-1.2271842186030446e-05
0.62412500000000004,0.05303955078125,0.053032009251676775,7.5415295732253473e-06
0.62424999999999997,0.04058837890625,0.04057876270312849,9.616203121509681e-06
0.62437500000000001,0.021942138671875,0.021955551110026738,-1.3412438151737954e-05
0.62450000000000006,0,-3.3703709917198468e-08,3.3703709917198468e-08
0.62462499999999999,-0.021942138671875,-0.021944621328619674,2.4826567446740999e-06
0.62475000000000003,-0.04052734375,-0.04053818641415842,1.0842664158419724e-05
0.62487499999999996,-0.052947998046875,-0.052952408688715973,4.4106418409725623e-06
0.625,-0.05731201171875,-0.057300895845997318,-1.1115872752681666e-05
0.62512500000000004,-0.05291748046875,-0.052925827165391792,8.3466966417922173e-06
0.62524999999999997,-0.040496826171875,-0.040497461635125326,6.3546325032581841e-07
0.62537500000000001,-0.02191162109375,-0.021911458692069438,-1.6240168056180782e-07
0.62549999999999994,0,2.592681483468148e-07,-2.592681483468148e-07
0.62562499999999999,0.02191162109375,0.021901001828646436,1.0619265103564007e-05
0.62575000000000003,0.04046630859375,0.040457416975810859,8.8916179391412831e-06
0.62587499999999996,0.0528564453125,0.052846835421358325,9.6098911416750421e-06
0.626,0.05718994140625,0.057186633903335428,3.3075029145721024e-06
0.62612500000000004,0.052825927734375,0.052820306087595047,5.6216467799533043e-06
0.62624999999999997,0.0404052734375,0.040416771864471374,-1.1498426971373599e-05
0.62637500000000002,0.021881103515625,0.021867903229630947,1.3200285994052763e-05
0.62649999999999995,0,-3.5522258214828111e-08,3.5522258214828111e-08
0.62662499999999999,-0.0218505859375,-0.021857020620314461,6.4346828144608292e-06
0.62675000000000003,-0.040374755859375,-0.040376360054672093,1.6041952970932694e-06
0.62687499999999996,-0.052734375,-0.05274102422968522,6.649229685219693e-06
0.627,-0.05706787109375,-0.057072151397126444,4.280303376444361e-06
0.62712500000000004,-0.052703857421875,-0.052714546983046867,1.0689561171867146e-05
0.62724999999999997,-0.04034423828125,-0.040335794455247549,-8.4438260024508049e-06
0.62737500000000002,-0.021820068359375,-0.02182398593532504,3.9175759500402474e-06
0.62749999999999995,0,2.6107828622872847e-07,-2.6107828622872847e-07
0.62762499999999999,0.021820068359375,0.021813576140868634,6.492218506366082e-06
0.62775000000000003,0.040283203125,0.040295913939684354,-1.2710814684353811e-05
0.62787499999999996,0.052642822265625,0.052635873303620184,6.9489620048157619e-06
0.628,0.05694580078125,0.056958346482605497,-1.2545701355497207e-05
0.62812500000000004,0.0526123046875,0.052609448041871801,2.8566456281992059e-06
0.62824999999999998,0.040252685546875,0.040255427696700541,-2.7421498255408849e-06
0.62837500000000002,0.02178955078125,0.021780605246634513,8.945534615487083e-06
0.62849999999999995,0,-3.7323986049831279e-08,3.7323986049831279e-08
0.62862499999999999,-0.021759033203125,-0.021769769603384424,1.0736400259423601e-05
0.62875000000000003,-0.04022216796875,-0.040215179695907606,-6.98827284239395e-06
0.62887499999999996,-0.052520751953125,-0.052530483609411489,9.7316562864893652e-06
0.629,-0.056854248046875,-0.056844320091401765,-9.9279554732351061e-06
0.62912500000000005,-0.052490234375,-0.052504110230518687,1.3875855518687141e-05
0.62924999999999998,-0.0401611328125,-0.040174772654203307,1.3639841703307065e-05
0.62937500000000002,-0.021728515625,-0.021736862376872276,8.3467518722755984e-06
0.62949999999999995,0,2.6287163039715422e-07,-2.6287163039715422e-07
0.62962499999999999,0.021728515625,0.021726499445805351,2.0161791946492202e-06
0.62975000000000003,0.040130615234375,0.040135055613593026,-4.4403792180264245e-06
0.62987499999999996,0.05242919921875,0.052425753338668606,3.4458800813944035e-06
0.63,0.056732177734375,0.056730970380574813,1.2073538001866613e-06
0.63012500000000005,0.052398681640625,0.052399431740797239,-7.5010017223930969e-07
0.63024999999999998,0.04010009765625,0.040094727618292005,5.3700379579954549e-06
0.63037500000000002,0.021697998046875,0.021693655764218837,4.3422826561632932e-06
0.63049999999999995,0,-3.9108972860169952e-08,3.9108972860169952e-08
0.63062499999999999,-0.021697998046875,-0.021682866881904125,-1.5131164970875327e-05
0.63075000000000003,-0.040069580078125,-0.040054642759088648,-1.4937319036352481e-05
0.63087499999999996,-0.05230712890625,-0.052320783459322381,1.3654553072381392e-05
0.63100000000000001,-0.056610107421875,-0.056617398283574594,7.2908616995936981e-06
0.63112500000000005,-0.05230712890625,-0.052294513540838083,-1.2615365411916546e-05
0.63124999999999998,-0.040008544921875,-0.040014393655626493,5.8487337514928628e-06
0.63137500000000002,-0.021636962890625,-0.021650086622683435,1.3123732058435006e-05
0.63149999999999995,0,2.646482860862349e-07,-2.646482860862349e-07
0.63162499999999999,0.021636962890625,0.021639770350320109,-2.8074596951088715e-06
0.63175000000000003,0.03997802734375,0.039974839423912861,3.1879198371387307e-06
0.63187499999999996,0.052215576171875,0.052216472164661534,-8.9599278653429426e-07
0.63200000000000001,0.0565185546875,0.056504501959277836,1.4052728222163635e-05
0.63212500000000005,0.05218505859375,0.052190253824129375,-5.1952303793748045e-06
0.63224999999999998,0.039947509765625,0.03993466905802727,1.2840707597730483e-05
0.63237500000000002,0.0216064453125,0.021607053391141516,-6.0807864151607438e-07
0.63249999999999995,0,-4.0877323593342632e-08,4.0877323593342632e-08
0.63262499999999999,-0.0216064453125,-0.021596311065520471,-1.0134246979529027e-05
0.63275000000000003,-0.039886474609375,-0.039894746675705806,8.272066330805572e-06
0.63287499999999997,-0.0521240234375,-0.052111920424292774,-1.2103013207226399e-05
0.63300000000000001,-0.056396484375,-0.056391382342947993,-5.1020320520067663e-06
0.63312500000000005,-0.052093505859375,-0.052085753560476844,-7.7522988981559848e-06
0.63324999999999998,-0.03985595703125,-0.039854654893445016,-1.302137804984338e-06
0.63337500000000002,-0.021575927734375,-0.021563657284295882,-1.2270450079118062e-05
0.63349999999999995,0,2.6640835795755109e-07,-2.6640835795755109e-07
0.63362499999999999,0.02154541015625,0.021553387466837659,-7.9773105876590478e-06
0.63375000000000004,0.039825439453125,0.039815262807266272,1.0176645858728239e-05
0.63387499999999997,0.052001953125,0.052008026433177298,-6.0733081772984532e-06
0.63400000000000001,0.0562744140625,0.056278937595271694,-4.5235327716941498e-06
0.63412500000000005,0.051971435546875,0.051981910945040344,-1.0475398165343819e-05
0.63424999999999998,0.039764404296875,0.039775249454961269,-1.084515808626868e-05
0.63437500000000002,0.021514892578125,0.021520796741714122,-5.9041635891224353e-06
0.63449999999999995,0,-4.2629142625735375e-08,4.2629142625735375e-08
0.63462499999999999,-0.021514892578125,-0.021510100769430513,-4.7918086944868932e-06
0.63475000000000004,-0.03973388671875,-0.039735488887512181,1.6021687621811664e-06
0.63487499999999997,-0.051910400390625,-0.051903891162591011,-6.5092280339892894e-06
0.63500000000000001,-0.05615234375,-0.056166268653318675,1.3924903318675297e-05
0.63512500000000005,-0.0518798828125,-0.051877826949294013,-2.0558632059866633e-06
0.63524999999999998,-0.039703369140625,-0.03969555381180339,-7.8153288216101235e-06
0.63537500000000002,-0.021484375,-0.021477572978789824,-6.8020212101761734e-06
0.63549999999999995,0,2.6815193734502327e-07,-2.6815193734502327e-07
0.635625,0.021453857421875,0.02146734941332179,-1.3491991446790141e-05
0.63575000000000004,0.039642333984375,0.03965632321051759,-1.3989226142589739e-05
0.63587499999999997,0.051788330078125,0.051800412809160971,-1.2082731035971406e-05
0.63600000000000001,0.056060791015625,0.056054273679578222,6.5173360467782326e-06
0.63612500000000005,0.051788330078125,0.051774399770062783,1.3930308062216901e-05
0.63624999999999998,0.03961181640625,0.039616466258345147,-4.6498520951468447e-06
0.63637500000000002,0.02142333984375,0.021434884435779986,-1.1544592029986284e-05
0.63649999999999995,0,-4.4364521033006052e-08,4.4364521033006052e-08
0.636625,-0.02142333984375,-0.021424234614359255,8.947706092547747e-07
0.63675000000000004,-0.039581298828125,-0.039576866846473172,-4.4319816518284538e-06
0.63687499999999997,-0.05169677734375,-0.051696692345825579,-8.4997924421070792e-08
0.63700000000000001,-0.055938720703125,-0.055942053612919158,3.3329097941584007e-06
0.63712500000000005,-0.051666259765625,-0.051670730380487362,4.470614862361888e-06
0.63724999999999998,-0.03955078125,-0.039537087865076342,-1.369338492365757e-05
0.63737500000000002,-0.021392822265625,-0.021391832328766208,-9.899368587917845e-07
0.63749999999999996,0,2.6987915334069087e-07,-2.6987915334069087e-07
0.637625,0.021392822265625,0.021381654813253204,1.11674523717957e-05
0.63775000000000004,0.03948974609375,0.039498018090723133,-8.2719969731331888e-06
0.63787499999999997,0.051605224609375,0.051593627970871053,1.1596638503946766e-05
0.63800000000000001,0.055816650390625,0.055830506617626258,-1.3856227001257659e-05
0.63812500000000005,0.05157470703125,0.051567716979041368,6.9900522086316363e-06
0.63824999999999998,0.039459228515625,0.039458316927639778,9.1158798522228413e-07
0.63837500000000003,0.0213623046875,0.021349315098692152,1.2989588807847674e-05
0.63849999999999996,0,-4.6083587573793646e-08,4.6083587573793646e-08
0.638625,-0.021331787109375,-0.021338711226537591,6.9241171625905595e-06
0.63875000000000004,-0.0394287109375,-0.039418878014725808,-9.8329227741916769e-06
0.63887499999999997,-0.051483154296875,-0.051490320658891697,7.1663620166972919e-06
0.63900000000000001,-0.05572509765625,-0.055718733634360182,-6.3640218898181056e-06
0.63912500000000005,-0.05145263671875,-0.051464460540520625,1.1823821770624854e-05
0.63924999999999998,-0.03936767578125,-0.039379254517791749,1.1578736541749401e-05
0.63937500000000003,-0.02130126953125,-0.021306433962336366,5.1644310863664666e-06
0.63949999999999996,0,2.7159009609663268e-07,-2.7159009609663268e-07
0.639625,0.02130126953125,0.02129630229560751,4.9672356424897146e-06
0.63975000000000004,0.039337158203125,0.039340344915090496,-3.1867119654957476e-06
0.63987499999999997,0.0513916015625,0.051387668609826312,3.9329526736880949e-06
0.64000000000000001,0.05560302734375,0.055607632829194044,-4.6054854440438775e-06
0.64012500000000006,0.051361083984375,0.051361859265060268,-7.7528068526816485e-07
0.64024999999999999,0.039306640625,0.039300798932438957,5.8416925610427217e-06
0.64037500000000003,0.021270751953125,0.021264087361303013,6.6645918219872258e-06
0.64049999999999996,0,-4.7786432144879633e-08,4.7786432144879633e-08
0.640625,-0.021240234375,-0.021253529237680344,1.3294862680344327e-05
0.64075000000000004,-0.039276123046875,-0.039261519864538096,-1.4603182336904441e-05
0.64087499999999997,-0.05126953125,-0.051284772799918416,1.5241549918415531e-05
0.64100000000000001,-0.055511474609375,-0.055496305144573245,-1.5169464801755017e-05
0.64112499999999994,-0.05126953125,-0.051259014129104608,-1.0517120895392473e-05
0.64124999999999999,-0.039215087890625,-0.039222051244599106,6.9633539741056905e-06
0.64137500000000003,-0.021209716796875,-0.021221376513053215,1.1659716178214624e-05
0.64149999999999996,0,2.7328486801298533e-07,-2.7328486801298533e-07
0.641625,0.021209716796875,0.021211290494821629,-1.5736979466288159e-06
0.64175000000000004,0.0391845703125,0.039183301160937996,1.2691515620041893e-06
0.64187499999999997,0.051177978515625,0.051182531430752798,-4.5529151277978741e-06
0.64200000000000002,0.055389404296875,0.055385648748352029,3.7555485229712193e-06
0.64212499999999995,0.0511474609375,0.051156823334424263,-9.3623969242631611e-06
0.64224999999999999,0.039154052734375,0.039143909752437839,1.0142981937161233e-05
0.64237500000000003,0.02117919921875,0.021179199859895727,-6.4114572678741766e-10
0.64249999999999996,0,-4.9473156866931583e-08,4.9473156866931583e-08
0.642625,-0.02117919921875,-0.021168687284952754,-1.0511933797245632e-05
0.64275000000000004,-0.039093017578125,-0.039104789878268612,1.1772300143611525e-05
0.64287499999999997,-0.05108642578125,-0.051080045480215691,-6.3803010343088662e-06
0.64300000000000002,-0.055267333984375,-0.055274764584753451,7.4306003784510577e-06
0.64312499999999995,-0.051055908203125,-0.05105438785910546,-1.520344019539932e-06
0.64324999999999999,-0.0390625,-0.03906547553022921,2.9755302292100438e-06
0.64337500000000003,-0.021148681640625,-0.021136658619959756,-1.2023020665243717e-05
0.64349999999999996,0,2.7496357093165556e-07,-2.7496357093165556e-07
0.643625,0.0211181640625,0.021126618050818571,-8.4539883185713594e-06
0.64375000000000004,0.039031982421875,0.039026884315654355,5.098106220645382e-06
0.64387499999999998,0.05096435546875,0.050978213151526459,-1.3857682776459435e-05
0.64400000000000002,0.05517578125,0.055164550823405781,1.1230426594219245e-05
0.64412499999999995,0.05096435546875,0.05095260590656716,1.1749562182840345e-05
0.64424999999999999,0.03900146484375,0.038987646877392729,1.3817966357271283e-05
0.64437500000000003,0.021087646484375,0.021094651236232512,-7.004751857511704e-06
0.64449999999999996,0,-5.114386330380146e-08,5.114386330380146e-08
0.644625,-0.021087646484375,-0.021084184010995169,-3.4624733798310769e-06
0.64475000000000005,-0.0389404296875,-0.038948685548326173,8.2558608261729116e-06
0.64487499999999998,-0.050872802734375,-0.050876135424217046,3.3326898420463213e-06
0.64500000000000002,-0.0550537109375,-0.055054108410302581,3.9747280258101148e-07
0.64512499999999995,-0.05084228515625,-0.050850578456526102,8.2933002761020891e-06
0.64524999999999999,-0.038909912109375,-0.038909524869453836,-3.8723992116379558e-07
0.64537500000000003,-0.02105712890625,-0.021052278927520308,-4.8499787296922559e-06
0.64549999999999996,0,2.7662630613914518e-07,-2.7662630613914518e-07
0.645625,0.02105712890625,0.021042283608915698,1.4845297334302454e-05
0.64575000000000005,0.03887939453125,0.038871091876658492,8.3026545915076966e-06
0.64587499999999998,0.05078125,0.05077471050313969,6.5394968603096904e-06
0.64600000000000002,0.054931640625,0.054944335516839131,-1.2694891839130917e-05
0.64612499999999995,0.050750732421875,0.050749203714038092,1.5287078369077833e-06
0.64624999999999999,0.038818359375,0.038832007807080883,-1.3648432080883011e-05
0.64637500000000003,0.02099609375,0.021010440137486108,-1.4346387486107587e-05
0.64649999999999996,0,-5.2798652465344248e-08,5.2798652465344248e-08
0.64662500000000001,-0.02099609375,-0.021000018063831515,3.9243138315152304e-06
0.64675000000000005,-0.038787841796875,-0.03879320437712977,5.3625802547696555e-06
0.64687499999999998,-0.0506591796875,-0.05067303936944631,1.3859681946309932e-05
0.64700000000000002,-0.054840087890625,-0.054834333090772423,-5.7547998525767086e-06
0.64712499999999995,-0.0506591796875,-0.050647582660439151,-1.1597027060848697e-05
0.64724999999999999,-0.03875732421875,-0.038754196767045695,-3.1274517043045069e-06
0.64737500000000003,-0.020965576171875,-0.020968236085610631,2.6599137356309033e-06
0.64749999999999996,0,2.7827317436936284e-07,-2.7827317436936284e-07
0.64762500000000001,0.020965576171875,0.020958285819849713,7.2903520252874665e-06
0.64775000000000005,0.038726806640625,0.03871592135135065,1.0885289274349674e-05
0.64787499999999998,0.050567626953125,0.050572020229620256,-4.3932764952556158e-06
0.64800000000000002,0.054718017578125,0.054724999305257635,-6.9817271326350072e-06
0.64812499999999995,0.050537109375,0.05054661350241068,-9.5041274106796858e-06
0.64824999999999999,0.038665771484375,0.038676990051260483,-1.1218566885483339e-05
0.64837500000000003,0.02093505859375,0.020926565216229868,8.4933775201315176e-06
0.64849999999999997,0,-5.4437624810221742e-08,5.4437624810221742e-08
0.64862500000000001,-0.020904541015625,-0.020916188096894241,1.1647081269241383e-05
0.64875000000000005,-0.03863525390625,-0.038638343877059757,3.0899708097567591e-06
0.64887499999999998,-0.05047607421875,-0.050470754066436578,-5.320152313421922e-06
0.64900000000000002,-0.05462646484375,-0.054615435109808173,-1.1029733941826658e-05
0.64912499999999995,-0.050445556640625,-0.050445397222920546,-1.5941770445393466e-07
0.64924999999999999,-0.038604736328125,-0.038599488737738483,-5.2475903865173423e-06
0.64937500000000004,-0.0208740234375,-0.02088452874949626,1.050531199625962e-05
0.64949999999999997,0,2.799042758064218e-07,-2.799042758064218e-07
0.64962500000000001,0.0208740234375,0.020874623339743437,-5.9990224343664522e-07
0.64975000000000005,0.03857421875,0.038561370257107791,1.2848492892209018e-05
0.64987499999999998,0.050384521484375,0.050370139087998471,1.4382396376529105e-05
0.65000000000000002,0.05450439453125,0.054506538679332132,-2.1441480821324244e-06
0.65012499999999995,0.05035400390625,0.050344832030264484,9.1718759855155541e-06
0.65024999999999999,0.03851318359375,0.038522591129630822,-9.4075358808218268e-06
0.65037500000000004,0.020843505859375,0.020843025130416169,4.8072895883141675e-07
0.65049999999999997,0,-5.6060880248694289e-08,5.6060880248694289e-08
0.65062500000000001,-0.020843505859375,-0.020832692768991145,-1.0813090383855056e-05
0.65075000000000005,-0.038482666015625,-0.038484101570453316,1.4355548283162545e-06
0.65087499999999998,-0.050262451171875,-0.050269276278697546,6.8251068225458345e-06
0.65100000000000002,-0.05438232421875,-0.054397410965092291,1.5086746342291013e-05
0.65112499999999995,-0.05023193359375,-0.050244018909026224,1.2085315276223751e-05
0.65125,-0.0384521484375,-0.038445398306187151,-6.7501313128492946e-06
0.65137500000000004,-0.02081298828125,-0.020801155579811048,-1.1832701438951876e-05
0.65149999999999997,0,2.8151971008742391e-07,-2.8151971008742391e-07
0.65162500000000001,0.020782470703125,0.020791294830084267,-8.8241269592670424e-06
0.65175000000000005,0.038421630859375,0.038407436121190942,1.4194738184057643e-05
0.65187499999999998,0.0501708984375,0.050169063848250407,1.834589249592733e-06
0.65200000000000002,0.054290771484375,0.054288950143742666,1.8213406323339121e-06
0.65212499999999995,0.050140380859375,0.050143856069114104,-3.4752097391038683e-06
0.65225,0.038360595703125,0.038368808571801312,-8.2128686763119352e-06
0.65237500000000004,0.020751953125,0.020759818543354947,-7.8654183549471679e-06
0.65249999999999997,0,-5.7668518145397967e-08,5.7668518145397967e-08
0.65262500000000001,-0.020751953125,-0.020749530744283894,-2.4223807161063982e-06
0.65275000000000005,-0.038330078125,-0.038330474989511906,3.9686451190623639e-07
0.65287499999999998,-0.050079345703125,-0.050068602782658816,-1.0742920466183525e-05
0.65300000000000002,-0.054168701171875,-0.05418025716828842,1.1555996413420422e-05
0.65312499999999996,-0.050048828125,-0.050043444496721233,-5.3836282787669831e-06
0.65325,-0.038299560546875,-0.038291923006936984,-7.6375399380157472e-06
0.65337500000000004,-0.020721435546875,-0.020718115242535674,-3.3203043393256748e-06
0.65349999999999997,0,2.8311956399835333e-07,-2.8311956399835333e-07
0.65362500000000001,0.020721435546875,0.020708298957702813,1.313658917218713e-05
0.65375000000000005,0.03826904296875,0.038254116480740986,1.4926488009013583e-05
0.65387499999999998,0.049957275390625,0.049968791293246294,-1.1515902621293816e-05
0.65400000000000003,0.0540771484375,0.054072230217122486,4.9182203775144373e-06
0.65412499999999996,0.049957275390625,0.049943682403362173,1.3592987262826817e-05
0.65425,0.0382080078125,0.038215639917217062,-7.6321047170618828e-06
0.65437500000000004,0.02069091796875,0.020676944123692319,1.397384505768054e-05
0.65449999999999997,0,-5.9260625039820759e-08,5.9260625039820759e-08
0.65462500000000001,-0.020660400390625,-0.020666700692266667,6.3003016416672553e-06
0.65475000000000005,-0.038177490234375,-0.038177461676297098,-2.855807790247411e-08
0.65487499999999998,-0.04986572265625,-0.04986873036761838,3.0077113683801837e-06
0.65500000000000003,-0.053955078125,-0.053963970244985532,8.8921199855318545e-06
0.65512499999999996,-0.049835205078125,-0.049843670776832993,8.4656987079934076e-06
0.65525,-0.03814697265625,-0.038139060384349284,-7.912271900716028e-06
0.65537500000000004,-0.0206298828125,-0.020635406408976369,5.5235964763686307e-06
0.65549999999999997,0,2.8470396075347108e-07,-2.8470396075347108e-07
0.65562500000000001,0.0206298828125,0.020625634394751489,4.2484177485112296e-06
0.65575000000000006,0.0380859375,0.038101408882730323,-1.5471382730322669e-05
0.65587499999999999,0.049774169921875,0.049769318218699066,4.8517031759343077e-06
0.65600000000000003,0.053863525390625,0.05385637543200246,7.1499586225404199e-06
0.65612499999999996,0.04974365234375,0.049744307830248011,-6.5548649801072667e-07
0.65625,0.038055419921875,0.038063082715171941,-7.6627932969405843e-06
0.65637500000000004,0.020599365234375,0.020594400545389267,4.9646889857327126e-06
0.65649999999999997,0,-6.0837323827235668e-08,6.0837323827235668e-08
0.65662500000000001,-0.020599365234375,-0.020584201287744845,-1.5163946630154801e-05
0.65674999999999994,-0.03802490234375,-0.038025059182665112,1.5683891511214521e-07
0.65687499999999999,-0.0496826171875,-0.049669655835691197,-1.2961351808803145e-05
0.65700000000000003,-0.053741455078125,-0.053748546734642418,7.091656517417555e-06
0.65712499999999996,-0.049652099609375,-0.049644694552999906,-7.4050563750940879e-06
0.65725,-0.037994384765625,-0.037986807992614439,-7.5767730105605335e-06
0.65737500000000004,-0.020538330078125,-0.020553027755754849,1.4697677629849082e-05
0.65749999999999997,0,2.8627298600921436e-07,-2.8627298600921436e-07
0.65762500000000002,0.020538330078125,0.020543299818683351,-4.9697405583512544e-06
0.65774999999999995,0.0379638671875,0.03794931088390649,1.4556303593510345e-05
0.65787499999999999,0.049560546875,0.049570641433112961,-1.0094558112960783e-05
0.65800000000000003,0.05364990234375,0.053641382334755419,8.5200089945808299e-06
0.65812499999999996,0.049560546875,0.049545729159796374,1.4817715203625792e-05
0.65825,0.03790283203125,0.037911134524734338,-8.3024934843384246e-06
0.65837500000000004,0.0205078125,0.020512186487711699,-4.3739877116991122e-06
0.65849999999999997,0,-6.2398699920422934e-08,6.2398699920422934e-08
0.65862500000000002,-0.0205078125,-0.020502031210813846,-5.7812891861540316e-06
0.65874999999999995,-0.037872314453125,-0.037873265070296834,9.5061717183403394e-07
0.65887499999999999,-0.049468994140625,-0.049471376001758119,2.3818611331188899e-06
0.65900000000000003,-0.05352783203125,-0.053533983190532243,6.1511592822430239e-06
0.65912499999999996,-0.0494384765625,-0.049446512641620276,8.0360791202757631e-06
0.65925,-0.037841796875,-0.037835163395677864,-6.6334793221364818e-06
0.65937500000000004,-0.020477294921875,-0.020470977964742069,-6.3169571329312058e-06
0.65949999999999998,0,2.8782673724221492e-07,-2.8782673724221492e-07
0.65962500000000002,0.02044677734375,0.020461293912219659,-1.4516568469659374e-05
0.65974999999999995,0.037811279296875,0.037797820050822058,1.3459246052942297e-05
0.65987499999999999,0.04937744140625,0.04937275775773263,4.6836485173701314e-06
0.66000000000000003,0.053436279296875,0.053427247485541077,9.0318113339232786e-06
0.66012499999999996,0.049346923828125,0.049347943214766342,-1.0193866413418795e-06
0.66025,0.037750244140625,0.037759792914716928,-9.5487740919275588e-06
0.66037500000000005,0.020416259765625,0.020430300635164215,-1.4040869539214823e-05
0.66049999999999998,0,-6.3944850529029865e-08,6.3944850529029865e-08
0.66062500000000002,-0.020416259765625,-0.02042018914682675,3.9293812017504592e-06
0.66074999999999995,-0.0377197265625,-0.037722076910554937,2.3503480549372235e-06
0.66087499999999999,-0.049285888671875,-0.049273887693414842,-1.200097846015824e-05
0.66100000000000003,-0.053314208984375,-0.053320276179687459,6.0671953124591393e-06
0.66112499999999996,-0.04925537109375,-0.049249121871801298,-6.2492219487023104e-06
0.66125,-0.037689208984375,-0.037684124167209745,-5.0848171652545515e-06
0.66137500000000005,-0.0203857421875,-0.020389255723104863,3.513535604862672e-06
0.66149999999999998,0,2.8936531139581372e-07,-2.8936531139581372e-07
0.66162500000000002,0.0203857421875,0.020379615363373772,6.1268241262277257e-06
0.66174999999999995,0.03765869140625,0.037646933959692028,1.1757446557972284e-05
0.66187499999999999,0.049163818359375,0.049175664026487514,-1.1845667112514446e-05
0.66200000000000003,0.05322265625,0.053213967458250896,8.6887917491035305e-06
0.66212499999999996,0.049163818359375,0.049150946830600541,1.2871528774459351e-05
0.66225000000000001,0.03759765625,0.037609055463637742,-1.1399213637741656e-05
0.66237500000000005,0.020355224609375,0.020348741677536749,6.4829318382510215e-06
0.66249999999999998,0,-6.5475872330766997e-08,6.5475872330766997e-08
0.66262500000000002,-0.02032470703125,-0.020338673786418206,1.3966755168206418e-05
0.66274999999999995,-0.037567138671875,-0.037571492284514341,4.3536126393406427e-06
0.66287499999999999,-0.049072265625,-0.049077187750916552,4.9221259165524445e-06
0.66300000000000003,-0.0531005859375,-0.05310742228284486,6.8363453448599953e-06
0.66312499999999996,-0.049041748046875,-0.049052519085308374,1.0771038433374236e-05
0.66325000000000001,-0.03753662109375,-0.037533687890566242,-2.9332031837581152e-06
0.66337500000000005,-0.020294189453125,-0.02030785972323975,1.367027011475036e-05
0.66349999999999998,0,2.9088880488276523e-07,-2.9088880488276523e-07
0.66362500000000002,0.020294189453125,0.020298262865362668,-4.0734122376678839e-06
0.66374999999999995,0.037506103515625,0.037496650196424251,9.453319200748711e-06
0.66387499999999999,0.048980712890625,0.048979357085959796,1.355804665204019e-06
0.66400000000000003,0.053009033203125,0.053001538840453305,7.4943626716950096e-06
0.66412499999999997,0.0489501953125,0.048954736855379155,-4.5415428791550916e-06
0.66425000000000001,0.037445068359375,0.037458919759681381,-1.3851400306380546e-05
0.66437500000000005,0.020263671875,0.020267508309838447,-3.8364348384466174e-06
0.66449999999999998,0,-6.6991861474105894e-08,6.6991861474105894e-08
0.66462500000000002,-0.020263671875,-0.020257483825416044,-6.1880495839557181e-06
0.66474999999999995,-0.03741455078125,-0.037421508782906163,6.9580016561626712e-06
0.66487499999999999,-0.04888916015625,-0.048881273027145879,-7.8871291041213154e-06
0.66500000000000004,-0.052886962890625,-0.052895418094390828,8.4552037658280899e-06
0.66512499999999997,-0.048858642578125,-0.048856701136519173,-1.9414416058266548e-06
0.66525000000000001,-0.037384033203125,-0.037383852158750765,-1.8104437423532849e-07
0.66537500000000005,-0.020233154296875,-0.020226788662763281,-6.3656341117192261e-06
0.66549999999999998,0,2.9239731358792895e-07,-2.9239731358792895e-07
0.66562500000000002,0.02020263671875,0.020217235116631052,-1.4598397881052105e-05
0.66574999999999995,0.037353515625,0.037346966356563469,6.5492684365314746e-06
0.66587499999999999,0.048797607421875,0.048783833795306104,1.3773626568895636e-05
0.66600000000000004,0.05279541015625,0.052789958233339082,5.4519229109178946e-06
0.66612499999999997,0.04876708984375,0.048759310149750913,7.7796939990867897e-06
0.66625000000000001,0.037322998046875,0.037309383400660472,1.3614646214528403e-05
0.66637500000000005,0.020172119140625,0.020186599232288088,-1.4480091663087585e-05
0.66649999999999998,0,-6.8492913580963665e-08,6.8492913580963665e-08
0.66662500000000002,-0.020172119140625,-0.0201766179648654,4.4988242404002399e-06
0.66674999999999995,-0.037261962890625,-0.037272124006079176,1.0161115454175584e-05
0.666875,-0.048675537109375,-0.048686140387534785,1.060327815978479e-05
0.66700000000000004,-0.05267333984375,-0.052684260222306926,1.0920378556926458e-05
0.66712499999999997,-0.048675537109375,-0.048661664892354878,-1.3872217020122202e-05
0.66725000000000001,-0.0372314453125,-0.037234614574375588,3.1692618755879698e-06
0.66737500000000005,-0.0201416015625,-0.020146041244491261,4.439681991260519e-06
0.66749999999999998,0,2.9389093287094774e-07,-2.9389093287094774e-07
0.66762500000000002,0.0201416015625,0.020136530820819305,5.0707416806954064e-06
0.66774999999999995,0.037200927734375,0.03719788004525288,3.0476891221195568e-06
0.667875,0.048583984375,0.0485890910262258,-5.1066512258002295e-06
0.66800000000000004,0.052581787109375,0.052579222251666953,2.5648577080469859e-06
0.66812499999999997,0.048553466796875,0.048564663586910729,-1.119679003572932e-05
0.66825000000000001,0.03717041015625,0.03716044399397727,9.9661622727301169e-06
0.66837500000000005,0.020111083984375,0.02010601315029328,5.0708340817197384e-06
0.66849999999999998,0,-6.9979123749374684e-08,6.9979123749374684e-08
0.66862500000000002,-0.020111083984375,-0.02009607491099669,-1.5009073378310228e-05
0.66874999999999996,-0.037109375,-0.037123335563961406,1.3960563961405714e-05
0.668875,-0.048492431640625,-0.048491786710032903,-6.4493059209747017e-07
0.66900000000000004,-0.052459716796875,-0.052473945288115574,1.422849124057407e-05
0.66912499999999997,-0.0484619140625,-0.048467407232257703,5.4931697577031979e-06
0.66925000000000001,-0.037078857421875,-0.037085972749623337,7.1153277483373967e-06
0.66937500000000005,-0.02008056640625,-0.020065616176417916,-1.4950229832083606e-05
0.66949999999999998,0,2.9536975756891275e-07,-2.9536975756891275e-07
0.66962500000000003,0.020050048828125,0.020056148686742697,-6.0998586176967684e-06
0.66974999999999996,0.03704833984375,0.037049388877195791,-1.0490334457907702e-06
0.669875,0.04840087890625,0.04839512566290631,5.7532433436896513e-06
0.67000000000000004,0.0523681640625,0.05236932752370952,-1.1634612095204333e-06
0.67012499999999997,0.048370361328125,0.048370794052531071,-4.3272440607144969e-07
0.67025000000000001,0.037017822265625,0.037012099156593689,5.7231090313109023e-06
0.67037500000000005,0.02001953125,0.020025748774429742,-6.2175244297420218e-06
0.67049999999999998,0,-7.1450586556150255e-08,7.1450586556150255e-08
0.67062500000000003,-0.02001953125,-0.020015853375204885,-3.6778747951153601e-06
0.67074999999999996,-0.0369873046875,-0.0369751410760219,-1.2163611478099856e-05
0.670875,-0.048309326171875,-0.048298208885052998,-1.1117286822001637e-05
0.67100000000000004,-0.052276611328125,-0.052264469926825999,-1.2141401299001209e-05
0.67112499999999997,-0.04827880859375,-0.048273925048122529,-4.8835456274709532e-06
0.67125000000000001,-0.03692626953125,-0.036937924306217264,1.1654774967263803e-05
0.67137500000000006,-0.019989013671875,-0.019985512171695304,-3.5015001796957768e-06
0.67149999999999999,0,2.96833881999016e-07,-2.96833881999016e-07
0.67162500000000003,0.019989013671875,0.019976087428370756,1.2926243504244456e-05
0.67174999999999996,0.036895751953125,0.036901490476617449,-5.7385234924489659e-06
0.671875,0.048187255859375,0.048201934601973292,-1.4678742598292494e-05
0.67200000000000004,0.052154541015625,0.052160270691199197,-5.7296755741967353e-06
0.67212499999999997,0.048187255859375,0.048177698444716775,9.5574146582247388e-06
0.67225000000000001,0.036865234375,0.036864346514959574,8.8786004042579192e-07
0.67237499999999994,0.01995849609375,0.019945804820442586,1.2691273307413597e-05
0.67249999999999999,0,-7.2907384211530314e-08,7.2907384211530314e-08
0.67262500000000003,-0.019927978515625,-0.019935952074028925,7.9735584039251906e-06
0.67274999999999996,-0.036834716796875,-0.036827538171232639,-7.1786256423608807e-06
0.672875,-0.048095703125,-0.048105403815421173,9.7006904211729972e-06
0.67300000000000004,-0.05206298828125,-0.052055830786880392,-7.1574943696084414e-06
0.67312499999999997,-0.048095703125,-0.048081215244251782,-1.4487880748217941e-05
0.67325000000000002,-0.03680419921875,-0.036790466875349599,-1.3732343400400804e-05
0.67337499999999995,-0.0198974609375,-0.019905727948634516,8.2670111345162223e-06
0.67349999999999999,0,2.9828338813686909e-07,-2.9828338813686909e-07
0.67362500000000003,0.0198974609375,0.019896345764806686,1.1151726933139594e-06
0.67374999999999996,0.0367431640625,0.036754182477227088,-1.1018414727087533e-05
0.673875,0.048004150390625,0.048009514752440918,-5.3643618159182616e-06
0.67400000000000004,0.05194091796875,0.051952048409274539,-1.1130440524538543e-05
0.67412499999999997,0.0479736328125,0.047985373673955473,-1.1740861455472595e-05
0.67425000000000002,0.036712646484375,0.036717183705025254,-4.5372206502539147e-06
0.67437499999999995,0.019866943359375,0.019866180009138062,7.6335023693752113e-07
0.67449999999999999,0,-7.4349634001086435e-08,7.4349634001086435e-08
0.67462500000000003,-0.019866943359375,-0.019856369729131171,-1.057363024382918e-05
0.67474999999999996,-0.03668212890625,-0.03668052448802224,-1.6044182277602514e-06
0.674875,-0.04791259765625,-0.047913368416327339,7.7076007733850593e-07
0.67500000000000004,-0.051849365234375,-0.051848024530100324,-1.3407042746757525e-06
0.67512499999999998,-0.047882080078125,-0.047889274737305906,7.1946591809063376e-06
0.67525000000000002,-0.036651611328125,-0.036643598097694047,-8.0132304309532554e-06
0.67537499999999995,-0.01983642578125,-0.019826262230597677,-1.0163550652322884e-05
0.67549999999999999,0,2.9971839296361637e-07,-2.9971839296361637e-07
0.67562500000000003,0.019805908203125,0.019816922420266891,-1.1014217141891436e-05
0.67574999999999996,0.03662109375,0.03660746252217166,1.3631227828339587e-05
0.675875,0.047821044921875,0.047817863035662475,3.1818862125249092e-06
0.67600000000000005,0.0517578125,0.051744657346426762,1.3155153573238265e-05
0.67612499999999998,0.04779052734375,0.047793816663068062,-3.2893193180616453e-06
0.67625000000000002,0.03656005859375,0.036570608372170008,-1.0549778420007594e-05
0.67637499999999995,0.019775390625,0.019786873066494778,-1.1482441494778395e-05
0.67649999999999999,0,-7.5777417058304528e-08,7.5777417058304528e-08
0.67662500000000003,-0.019775390625,-0.019777105067276937,1.7144422769371781e-06
0.67674999999999996,-0.036529541015625,-0.036534097674271619,4.5566586466191938e-06
0.676875,-0.0477294921875,-0.047722099615275855,-7.3925722241449665e-06
0.67700000000000005,-0.0516357421875,-0.051641047831633285,5.305644133285492e-06
0.67712499999999998,-0.047698974609375,-0.047698100456254014,-8.7415312098604314e-07
0.67725000000000002,-0.0364990234375,-0.036497315623334421,-1.7078141655788026e-06
0.67737499999999995,-0.019744873046875,-0.019747113746108939,2.2406992339386866e-06
0.67749999999999999,0,3.0113897738082681e-07,-3.0113897738082681e-07
0.67762500000000003,0.019744873046875,0.019737816124060524,7.0569228144759522e-06
0.67774999999999996,0.036468505859375,0.036461328264031513,7.1775953434868867e-06
0.67787500000000001,0.047637939453125,0.047626976385281114,1.096306784388601e-05
0.67800000000000005,0.051544189453125,0.051538094184446347,6.0952686786533428e-06
0.67812499999999998,0.047607421875,0.0476030243471596,4.3975278403995954e-06
0.67825000000000002,0.03643798828125,0.036424618171172783,1.3370110077216835e-05
0.67837499999999995,0.01971435546875,0.019707882723555434,6.4727451945661985e-06
0.67849999999999999,0,-7.719082590143301e-08,7.719082590143301e-08
0.67862500000000003,-0.019683837890625,-0.019698156820303337,1.4318929678337061e-05
0.67874999999999996,-0.036376953125,-0.036388255387226155,1.1302262226155213e-05
0.67887500000000001,-0.04754638671875,-0.047531594352036348,-1.4792366713652083e-05
0.67900000000000005,-0.051422119140625,-0.051434897379899508,1.2778239274507941e-05
0.67912499999999998,-0.047515869140625,-0.047507689342324765,-8.1797983002354635e-06
0.67925000000000002,-0.036346435546875,-0.036351617111735457,5.1815648604569553e-06
0.67937499999999995,-0.0196533203125,-0.01966828122874642,1.4960916246420375e-05
0.67949999999999999,0,3.0254523365236464e-07,-3.0254523365236464e-07
0.67962500000000003,0.0196533203125,0.019659025610558399,-5.7052980583990887e-06
0.67974999999999997,0.03631591796875,0.036315777364732779,1.406040172208245e-07
0.67987500000000001,0.04742431640625,0.047436851747180722,-1.2535340930722172e-05
0.68000000000000005,0.05133056640625,0.051332355618370018,-1.7892121200180355e-06
0.68012499999999998,0.04742431640625,0.047412993673570152,1.1322732679848457e-05
0.68025000000000002,0.036285400390625,0.036279210766174713,6.1896244502868125e-06
0.68037499999999995,0.019622802734375,0.019629207716428496,-6.4049820534956003e-06
0.68049999999999999,0,-7.8589952540598995e-08,7.8589952540598995e-08
0.68062500000000004,-0.019622802734375,-0.019619523725142272,-3.2790092327275588e-06
0.68074999999999997,-0.0362548828125,-0.036242995293491717,-1.1887519008282887e-05
0.68087500000000001,-0.047332763671875,-0.047341849578590334,9.0859067153337136e-06
0.68100000000000005,-0.051239013671875,-0.051229569876538997,-9.4437953360032578e-06
0.68112499999999998,-0.047332763671875,-0.047318038348957439,-1.4725322917560901e-05
0.68125000000000002,-0.03619384765625,-0.036206500231705345,1.2652575455344983e-05
0.68137499999999995,-0.01959228515625,-0.019589763417143895,-2.5217391061045646e-06
0.68149999999999999,0,3.0393725353526574e-07,-3.0393725353526574e-07
0.68162500000000004,0.01959228515625,0.019580549619215949,1.1735537034051474e-05
0.68174999999999997,0.036163330078125,0.036170807495543369,-7.4774174183694919e-06
0.68187500000000001,0.0472412109375,0.047247486079432681,-6.2751419326809166e-06
0.68200000000000005,0.051116943359375,0.051127438356427878,-1.0494997052877542e-05
0.68212499999999998,0.047210693359375,0.047223721601826002,-1.3028242451001981e-05
0.68225000000000002,0.0361328125,0.036134383830641728,-1.571330641728097e-06
0.68237499999999995,0.019561767578125,0.01955084678626802,1.0920791856980361e-05
0.6825,0,-7.9974888480390531e-08,7.9974888480390531e-08
0.68262500000000004,-0.01953125,-0.019541204523735211,9.9545237352109683e-06
0.68274999999999997,-0.036102294921875,-0.036098315068988925,-3.9798528860754412e-06
0.68287500000000001,-0.047149658203125,-0.047152862259100259,3.2040559752588571e-06
0.68300000000000005,-0.051025390625,-0.051025062036358711,-3.2858864128931797e-07
0.68312499999999998,-0.047119140625,-0.047129144441757607,1.0003816757607475e-05
0.68325000000000002,-0.03607177734375,-0.036061962661358443,-9.814682391556806e-06
0.68337499999999995,-0.019500732421875,-0.019511559054970623,1.0826633095623039e-05
0.6835,0,3.0531512828231279e-07,-3.0531512828231279e-07
0.68362500000000004,0.019500732421875,0.019502386894488168,-1.6544726131675902e-06
0.68374999999999997,0.036041259765625,0.036026416337027335,1.4843428597664798e-05
0.68387500000000001,0.04705810546875,0.047058876352265008,-7.7088351500831376e-07
0.68400000000000005,0.050933837890625,0.050923339119990647,1.0498770634352617e-05
0.68412499999999998,0.047027587890625,0.047035205103595414,-7.6172129704135672e-06
0.68425000000000002,0.035980224609375,0.035990135047327343,-9.9104379523429209e-06
0.68437499999999996,0.01947021484375,0.019472798679253431,-2.5838355034307758e-06
0.6845,0,-8.1345724722426841e-08,8.1345724722426841e-08
0.68462500000000004,-0.01947021484375,-0.019463197963056466,-7.0168806935340389e-06
0.68474999999999997,-0.03594970703125,-0.03595421239891599,4.5053676659898012e-06
0.68487500000000001,-0.046966552734375,-0.046964629369834164,-1.9233645408359146e-06
0.68500000000000005,-0.050811767578125,-0.050821370587280083,9.6030091550833308e-06
0.68512499999999998,-0.04693603515625,-0.046941004598430827,4.9694421808271771e-06
0.68525000000000003,-0.035919189453125,-0.035918002088078133,-1.1873650468674501e-06
0.68537499999999996,-0.019439697265625,-0.019433666890921904,-6.030374703095559e-06
0.6855,0,3.0667894864460032e-07,-3.0667894864460032e-07
0.68562500000000004,0.0194091796875,0.019424536185852829,-1.5356498352828846e-05
0.68574999999999997,0.035888671875,0.035882601579007765,6.0702959922345756e-06
0.68587500000000001,0.046875,0.046871019547987024,3.9804520129763099e-06
0.68600000000000005,0.05072021484375,0.050720054643517289,1.6020023271140493e-07
0.68612499999999998,0.046844482421875,0.046847441162622468,-2.9587407474676586e-06
0.68625000000000003,0.035858154296875,0.035846462108235527,1.1692188639472745e-05
0.68637499999999996,0.0194091796875,0.019395062146580187,1.4117540919813404e-05
0.6865,0,-8.2702551767915142e-08,8.2702551767915142e-08
0.68662500000000004,-0.019378662109375,-0.01938550279508227,6.8406857072697558e-06
0.68674999999999997,-0.035797119140625,-0.03581068497771165,1.3565837086650101e-05
0.68687500000000001,-0.046783447265625,-0.046777147899135153,-6.2993664898466917e-06
0.68700000000000006,-0.050628662109375,-0.050618492270286565,-1.0169839088434995e-05
0.68712499999999999,-0.0467529296875,-0.046753615808760925,6.8612126092465475e-07
0.68725000000000003,-0.0357666015625,-0.035774616208479798,8.0146459797980629e-06
0.68737499999999996,-0.01934814453125,-0.019356085678656338,7.9411474063380283e-06
0.6875,0,3.0802880487408484e-07,-3.0802880487408484e-07
0.68762500000000004,0.01934814453125,0.019346996247779621,1.1482834703785416e-06
0.68774999999999997,0.035736083984375,0.035739360920529838,-3.2769361548376508e-06
0.68787500000000001,0.04669189453125,0.046683912660959115,7.9818702908851513e-06
0.68799999999999994,0.050506591796875,0.050517581674502786,-1.098987762778586e-05
0.68812499999999999,0.046661376953125,0.046660426774705402,9.5017841959810223e-07
0.68825000000000003,0.03570556640625,0.035703362714583881,2.203691666119445e-06
0.68837499999999996,0.019317626953125,0.01931763594439714,-8.9912721400187134e-09
0.6885,0,-8.4045459620196167e-08,8.4045459620196167e-08
0.68862500000000004,-0.019317626953125,-0.019308117776770797,-9.5091763542033692e-06
0.68874999999999997,-0.035675048828125,-0.035667730509018322,-7.3183191066777953e-06
0.68887500000000002,-0.046600341796875,-0.046590414847368762,-9.9269495062379032e-06
0.68899999999999995,-0.0504150390625,-0.050416423839371574,1.3847768715741227e-06
0.68912499999999999,-0.04656982421875,-0.046566975074544097,-2.8491442059033756e-06
0.68925000000000003,-0.03564453125,-0.035631802728382102,-1.2728521617898225e-05
0.68937499999999996,-0.019287109375,-0.019278814176840017,-8.2951981599833913e-06
0.6895,0,3.0936478672612472e-07,-3.0936478672612472e-07
0.68962500000000004,0.019256591796875,0.019269765839710268,-1.3174042835267796e-05
0.68974999999999997,0.03558349609375,0.035596692069824007,-1.319597607400691e-05
0.68987500000000002,0.0465087890625,0.046497552697539968,1.1236364960032219e-05
0.68999999999999995,0.050323486328125,0.050315916973425967,7.5693546990329708e-06
0.69012499999999999,0.046478271484375,0.046474158947630823,4.1125367441774419e-06
0.69025000000000003,0.035552978515625,0.035560834576774836,-7.8560611498357247e-06
0.69037499999999996,0.01922607421875,0.019240518833850594,-1.4444615100594332e-05
0.6905,0,-8.5374537787276927e-08,8.5374537787276927e-08
0.69062500000000004,-0.01922607421875,-0.019231041670042328,4.967451292327979e-06
0.69074999999999998,-0.0355224609375,-0.035525346705645326,2.8857681453262063e-06
0.69087500000000002,-0.046417236328125,-0.046404427226874934,-1.2809101250066401e-05
0.69099999999999995,-0.050201416015625,-0.05021516206148649,1.3746045861490197e-05
0.69112499999999999,-0.04638671875,-0.046381079409545375,-5.6393404546245529e-06
0.69125000000000003,-0.035491943359375,-0.035489559362737802,-2.3839966371980159e-06
0.69137499999999996,-0.019195556640625,-0.019201851149083883,6.2945084588830746e-06
0.6915,0,3.1068697205578603e-07,-3.1068697205578603e-07
0.69162500000000005,0.019195556640625,0.019192843726038623,2.7129145863773185e-06
0.69174999999999998,0.03546142578125,0.03545459274426932,6.8330369806801627e-06
0.69187500000000002,0.04632568359375,0.046311936676038841,1.3746917711159046e-05
0.69199999999999995,0.05010986328125,0.050115057313697836,-5.1940324478361166e-06
0.69212499999999999,0.046295166015625,0.046288634701130212,6.5313144947884427e-06
0.69225000000000003,0.035430908203125,0.0354188754143267,1.203278879829961e-05
0.69237499999999996,0.0191650390625,0.019163709581021853,1.3294814781468489e-06
0.6925,0,-8.6689863900920982e-08,8.6689863900920982e-08
0.69262500000000005,-0.0191650390625,-0.019154273241759376,-1.0765820740624155e-05
0.69274999999999998,-0.035369873046875,-0.035383531289532297,1.365824265729676e-05
0.69287500000000002,-0.046234130859375,-0.046219182061920272,-1.4948797454727991e-05
0.69299999999999995,-0.050018310546875,-0.050014703716488987,-3.6068303860131712e-06
0.69312499999999999,-0.04620361328125,-0.046195925839450779,-7.6874417992214839e-06
0.69325000000000003,-0.03533935546875,-0.035347883835645945,8.5283668959448833e-06
0.69337499999999996,-0.019134521484375,-0.01912519536393464,-9.3261204403595477e-06
0.69350000000000001,0,3.1199547249077007e-07,-3.1199547249077007e-07
0.69362500000000005,0.01910400390625,0.019116228676090943,-1.2224769840942645e-05
0.69374999999999998,0.035308837890625,0.035313060670348874,-4.2227797238739151e-06
0.69387500000000002,0.046112060546875,0.046127061626667777,-1.500107979277715e-05
0.69399999999999995,0.0499267578125,0.049914999481609837,1.1758330890163093e-05
0.69412499999999999,0.046112060546875,0.046103851066832256,8.2094800427437442e-06
0.69425000000000003,0.0352783203125,0.035277482955885786,8.3735661421391328e-07
0.69437499999999996,0.019073486328125,0.01908720695691811,-1.3720628793109646e-05
0.69450000000000001,0,-8.7991549298319501e-08,8.7991549298319501e-08
0.69462500000000005,-0.019073486328125,-0.019077811263707008,4.324935582007694e-06
0.69474999999999998,-0.035247802734375,-0.03524228199170476,-5.52074267023972e-06
0.69487500000000002,-0.0460205078125,-0.046034676388650358,1.4168576150358492e-05
0.69499999999999995,-0.0498046875,-0.049815045597091427,1.0358097091427154e-05
0.69512499999999999,-0.0460205078125,-0.046011511401819818,-8.9964106801815324e-06
0.69525000000000003,-0.03521728515625,-0.035206773880282906,-1.0511275967094169e-05
0.69537499999999997,-0.01904296875,-0.019048845594855052,5.8768448550523822e-06
0.69550000000000001,0,3.1329036485981427e-07,-3.1329036485981427e-07
0.69562500000000005,0.01904296875,0.019039919464106179,3.0492858938205303e-06
0.69574999999999998,0.035186767578125,0.035172093583645606,1.4673994479394437e-05
0.69587500000000002,0.045928955078125,0.045942924591494058,-1.3969513369058162e-05
0.69599999999999995,0.049713134765625,0.049715740276282491,-2.6055106574912612e-06
0.69612499999999999,0.045928955078125,0.045919805088215429,9.1499899095709436e-06
0.69625000000000004,0.035125732421875,0.035136654939157581,-1.0922517282581368e-05
0.69637499999999997,0.019012451171875,0.019011009737452785,1.4414344222148101e-06
0.69650000000000001,0,-8.9279670587497867e-08,8.9279670587497867e-08
0.69662500000000005,-0.019012451171875,-0.019001654512573171,-1.0796659301828826e-05
0.69674999999999998,-0.03509521484375,-0.03510159655226984,6.3817085198397683e-06
0.69687500000000002,-0.04583740234375,-0.045850907255042393,1.3504911292393229e-05
0.69699999999999995,-0.04962158203125,-0.049616184508809676,-5.397522440324376e-06
0.69712499999999999,-0.04583740234375,-0.045827833146038062,-9.5691977119380378e-06
0.69725000000000004,-0.035064697265625,-0.035066227238874259,1.5299732492590756e-06
0.69737499999999997,-0.01898193359375,-0.018972800620204313,-9.132973545687012e-06
0.69750000000000001,0,3.1457173695702668e-07,-3.1457173695702668e-07
0.69762500000000005,0.018951416015625,0.018963914869205969,-1.2498853580969471e-05
0.69774999999999998,0.0350341796875,0.035031689228757747,2.4904587422533431e-06
0.69787500000000002,0.045745849609375,0.045759522624392972,-1.3673015017971746e-05
0.69799999999999995,0.049530029296875,0.049517276509614155,1.2752787260844611e-05
0.698125,0.045745849609375,0.045736493820560567,9.355788814432997e-06
0.69825000000000004,0.035003662109375,0.034996389110878726,7.2729984962743854e-06
0.69837499999999997,0.0189208984375,0.018935116703425962,-1.4218265925961676e-05
0.69850000000000001,0,-9.0554315320210664e-08,9.0554315320210664e-08
0.69862500000000005,-0.0189208984375,-0.018925801769918725,4.9033324187250371e-06
0.69874999999999998,-0.03497314453125,-0.034961472720332031,-1.1671810917969483e-05
0.69887500000000002,-0.045654296875,-0.045667871720857948,1.3574845857948492e-05
0.69899999999999995,-0.049407958984375,-0.049418117269911854,1.0158285536854272e-05
0.699125,-0.045654296875,-0.04564488813326989,-9.4087417301103038e-06
0.69925000000000004,-0.034912109375,-0.034926241662658689,1.4132287658688569e-05
0.69937499999999997,-0.018890380859375,-0.018897059223218524,6.6783638435242987e-06
0.69950000000000001,0,3.1583967609242706e-07,-3.1583967609242706e-07
0.69962500000000005,0.018890380859375,0.018888213675416776,2.1671839582244889e-06
0.69974999999999998,0.034881591796875,0.034891845359295001,-1.0253562420001194e-05
0.69987500000000002,0.045562744140625,0.045576852790996318,-1.4108650371318088e-05
0.69999999999999996,0.04931640625,0.049319605006230033,-3.1987562300328509e-06
0.700125,0.045562744140625,0.045553914330908163,8.8298097168371115e-06
0.70025000000000004,0.03485107421875,0.034856683226773003,-5.6090080230025707e-06
0.70037499999999997,0.01885986328125,0.018859526640504862,3.3664074513758968e-07
0.70050000000000001,0,-9.1815559362613489e-08,9.1815559362613489e-08
0.70062500000000005,-0.01885986328125,-0.018850251822209917,-9.6114590400833699e-06
0.70074999999999998,-0.034820556640625,-0.034821908253997128,1.3516133721275247e-06
0.70087500000000003,-0.04547119140625,-0.045485566857591579,1.4375451341579193e-05
0.70099999999999996,-0.049224853515625,-0.049220840711367529,-4.0128042574708034e-06
0.701125,-0.04547119140625,-0.04546267343641152,-8.5179698384799107e-06
0.70125000000000004,-0.0347900390625,-0.034786814911859865,-3.2241506401353703e-06
0.70137499999999997,-0.018829345703125,-0.018821620192001499,-7.7255111235012552e-06
0.70150000000000001,0,3.1709428027477638e-07,-3.1709428027477638e-07
0.70162500000000005,0.018798828125,0.018812814671577513,-1.398654657751297e-05
0.70174999999999998,0.034759521484375,0.034752559737826628,6.9617465483715057e-06
0.70187500000000003,0.045379638671875,0.045394912168666895,-1.5273496791895491e-05
0.70199999999999996,0.04913330078125,0.049122722603431333,1.0578177818666712e-05
0.702125,0.045379638671875,0.045372063697994146,7.5749738808542078e-06
0.70225000000000004,0.03472900390625,0.03471753505154717,1.1468854702829934e-05
0.70237499999999997,0.018798828125,0.018784238339204437,1.4589785795562915e-05
0.70250000000000001,0,-9.3063511753427606e-08,9.3063511753427606e-08
0.70262500000000006,-0.018768310546875,-0.018775003460695067,6.6929138200673421e-06
0.70274999999999999,-0.03466796875,-0.03468290092029673,1.4932170296730329e-05
0.70287500000000003,-0.045318603515625,-0.045303989748441263,-1.4613767183736803e-05
0.70299999999999996,-0.04901123046875,-0.049024351676796925,1.3121208046924793e-05
0.703125,-0.0452880859375,-0.045281186140044165,-6.8997974558351882e-06
0.70325000000000004,-0.034637451171875,-0.034647944755618963,1.0493583743963197e-05
0.70337499999999997,-0.01873779296875,-0.018746482319464085,8.6893507140854698e-06
0.70350000000000001,0,3.1833561344794686e-07,-3.1833561344794686e-07
0.70362499999999994,0.01873779296875,0.018737716651403311,7.6317346688753451e-08
0.70374999999999999,0.03460693359375,0.034613830135877266,-6.896542127265981e-06
0.70387500000000003,0.04522705078125,0.045213697846408919,1.3352934841080744e-05
0.70399999999999996,0.048919677734375,0.048926626151144723,-6.9484167697225763e-06
0.704125,0.045196533203125,0.045190939012229037,5.5941908959633579e-06
0.70425000000000004,0.034576416015625,0.034578942358815409,-2.5263431904093414e-06
0.70437499999999997,0.018707275390625,0.018709250594867981,-1.9752042429814487e-06
0.70450000000000002,0,-9.4298247355569818e-08,9.4298247355569818e-08
0.70462499999999995,-0.018707275390625,-0.018700055481458328,-7.2199091666717841e-06
0.70474999999999999,-0.0345458984375,-0.034544448495200018,-1.449942299981688e-06
0.70487500000000003,-0.045135498046875,-0.045123137488231546,-1.2360558643453867e-05
0.70499999999999996,-0.048828125,-0.048828647022420513,5.220224205126911e-07
0.705125,-0.04510498046875,-0.045100423340387386,-4.5571283626144599e-06
0.70525000000000004,-0.034515380859375,-0.034509628972006566,-5.7518873684339611e-06
0.70537499999999997,-0.0186767578125,-0.0186716444033669,-5.1134091330999609e-06
0.70550000000000002,0,3.1956376161833767e-07,-3.1956376161833767e-07
0.70562499999999995,0.0186767578125,0.018662918413393653,1.3839399106346795e-05
0.70574999999999999,0.03448486328125,0.034475654333843773,9.2089474062265197e-06
0.70587500000000003,0.0450439453125,0.045033206924864268,1.0738387635732261e-05
0.70599999999999996,0.048736572265625,0.048731312511871891,5.2597537531090532e-06
0.706125,0.045013427734375,0.045010537375638378,2.8903587366221895e-06
0.70625000000000004,0.034454345703125,0.03444090293106402,1.3442772060980046e-05
0.70637499999999998,0.018646240234375,0.018634562207647878,1.1678026727121593e-05
0.70650000000000002,0,-9.5519851804093591e-08,9.5519851804093591e-08
0.70662499999999995,-0.01861572265625,-0.018625406685471729,9.6840292217285906e-06
0.70674999999999999,-0.034393310546875,-0.034406548763546492,1.3238216671491998e-05
0.70687500000000003,-0.044952392578125,-0.044943007183401419,-9.3853947235808532e-06
0.70699999999999996,-0.04864501953125,-0.048633723617008663,-1.1295914241336857e-05
0.707125,-0.044921875,-0.044920382145252603,-1.4928547473966325e-06
0.70725000000000005,-0.03436279296875,-0.03437186534795527,9.072379205270209e-06
0.70737499999999998,-0.018585205078125,-0.018597105246259672,1.1900168134671568e-05
0.70750000000000002,0,3.2077883241098773e-07,-3.2077883241098773e-07
0.70762499999999995,0.018585205078125,0.01858841876085458,-3.2136827295796422e-06
0.70774999999999999,0.034332275390625,0.034338030120991445,-5.7547303664445826e-06
0.70787500000000003,0.04486083984375,0.044853436516244682,7.4033275053175807e-06
0.70799999999999996,0.04852294921875,0.048536778560639336,-1.3829341889336211e-05
0.708125,0.044830322265625,0.044830855901803635,-5.3363617863455559e-07
0.70825000000000005,0.0343017578125,0.034303414559655257,-1.6567471552569879e-06
0.70837499999999998,0.0185546875,0.018560171982486415,-5.4844824864154484e-06
0.70850000000000002,0,-9.6728410260967366e-08,9.6728410260967366e-08
0.70862499999999995,-0.0185546875,-0.018551055878401342,-3.6316215986584299e-06
0.70874999999999999,-0.034271240234375,-0.034269199519010592,-2.0407153644083631e-06
0.70887500000000003,-0.044769287109375,-0.044763595951928088,-5.6911574469117876e-06
0.70899999999999996,-0.048431396484375,-0.048439578341831518,8.1818574565184488e-06
0.70912500000000001,-0.04473876953125,-0.044741059673996865,2.2901427468649538e-06
0.70925000000000005,-0.03424072265625,-0.034234651679232349,-6.0709770176511912e-06
0.70937499999999998,-0.018524169921875,-0.018522863655482617,-1.3062663923833762e-06
0.70950000000000002,0,3.2198089961649589e-07,-3.2198089961649589e-07
0.70962499999999995,0.018524169921875,0.018514216501869213,9.9534200057871391e-06
0.70974999999999999,0.034210205078125,0.034200955295410673,9.2497827143267486e-06
0.70987500000000003,0.044677734375,0.044674383744289864,3.3506307101360822e-06
0.70999999999999996,0.04833984375,0.048343021184948404,-3.1774349484037234e-06
0.71012500000000001,0.044647216796875,0.044651891715841691,-4.6749189666905888e-06
0.71025000000000005,0.0341796875,0.034166475044760433,1.3212455239566823e-05
0.71037499999999998,0.01849365234375,0.018486078729096626,7.5736146533736393e-06
0.71050000000000002,0,-9.7924007417486429e-08,9.7924007417486429e-08
0.71062499999999995,-0.018463134765625,-0.018477001870701507,1.3867105076507263e-05
0.71074999999999999,-0.03411865234375,-0.03413239856409768,1.3746220347679583e-05
0.71087500000000003,-0.044586181640625,-0.044584900923297956,-1.2807173270443228e-06
0.71099999999999997,-0.048248291015625,-0.048246208090609186,-2.0829250158144186e-06
0.71112500000000001,-0.0445556640625,-0.044562453057476734,6.7889949767335755e-06
0.71125000000000005,-0.034088134765625,-0.034097985770404377,9.8510047793765043e-06
0.71137499999999998,-0.018463134765625,-0.018448918443106629,-1.4216322518370572e-05
0.71150000000000002,0,3.2317004769172158e-07,-3.2317004769172158e-07
0.71162499999999995,0.0184326171875,0.01844031044927865,-7.6932617786504287e-06
0.71174999999999999,0.0340576171875,0.034064427663981746,-6.8104764817458752e-06
0.71187500000000004,0.04449462890625,0.044496045744221398,-1.4168379713977441e-06
0.71199999999999997,0.04815673828125,0.048150037284725479,6.7009965245209968e-06
0.71212500000000001,0.044464111328125,0.044473641954341558,-9.5306262165584243e-06
0.71225000000000005,0.034027099609375,0.034030082195332621,-2.9825859576212976e-06
0.71237499999999998,0.018402099609375,0.018412281261943279,-1.018165256827866e-05
0.71250000000000002,0,-9.9106727496674197e-08,9.9106727496674197e-08
0.71262499999999995,-0.018402099609375,-0.01840324347760551,1.1438682305103809e-06
0.71274999999999999,-0.03399658203125,-0.033996143710062016,-4.3832118798436959e-07
0.71287500000000004,-0.044403076171875,-0.044406919238456369,3.8430665813687925e-06
0.71299999999999997,-0.048065185546875,-0.048053609769461894,-1.1575777413105892e-05
0.71312500000000001,-0.04437255859375,-0.044384559438002361,1.2000844252360587e-05
0.71325000000000005,-0.033966064453125,-0.033961865434809876,-4.1990183151235927e-06
0.71337499999999998,-0.01837158203125,-0.018375268425975429,3.6863947254286988e-06
0.71350000000000002,0,3.2434636062644777e-07,-3.2434636062644777e-07
0.71362499999999995,0.01837158203125,0.018366699420662984,4.8826105870161673e-06
0.71375,0.033935546875,0.033928445042339772,7.1018326602279025e-06
0.71387500000000004,0.0443115234375,0.044318419662692822,-6.8962251928220142e-06
0.71399999999999997,0.047943115234375,0.047957823772272361,-1.4708537897360763e-05
0.71412500000000001,0.044281005859375,0.044296103765323107,-1.5097905948106838e-05
0.71425000000000005,0.033905029296875,0.03389423382907162,1.079546780338031e-05
0.71437499999999998,0.018341064453125,0.018338778400223885,2.2860529011146935e-06
0.71450000000000002,0,-1.0027664336224815e-07,1.0027664336224815e-07
0.71462499999999995,-0.018341064453125,-0.018329779519045668,-1.1284934079331538e-05
0.71475,-0.03387451171875,-0.033860432776902941,-1.4078941847059379e-05
0.71487500000000004,-0.044219970703125,-0.044229648049761941,9.6773466369409755e-06
0.71499999999999997,-0.0478515625,-0.047861780296860661,1.0217796860660655e-05
0.71512500000000001,-0.044219970703125,-0.044207375969291821,-1.2594733833179439e-05
0.71525000000000005,-0.0338134765625,-0.033826288494493428,1.2811931993428338e-05
0.71537499999999998,-0.018310546875,-0.018301912425645821,-8.6344493541792855e-06
0.71550000000000002,0,3.2550992194576431e-07,-3.2550992194576431e-07
0.71562499999999996,0.018280029296875,0.018293382238322383,-1.3352941447383054e-05
0.71575,0.033782958984375,0.033793005254839664,-1.004627046466422e-05
0.71587500000000004,0.04412841796875,0.044141502657760595,-1.3084689010595119e-05
0.71599999999999997,0.047760009765625,0.04776637757221687,-6.3678065918698623e-06
0.71612500000000001,0.04412841796875,0.044119274308191216,9.1436605587844055e-06
0.71625000000000005,0.03375244140625,0.03375892777238898,-6.4863661389802374e-06
0.71637499999999998,0.018280029296875,0.018265568967849831,1.4460329025169083e-05
0.71650000000000003,0,-1.0143386013817356e-07,1.0143386013817356e-07
0.71662499999999996,-0.01824951171875,-0.01825660881967511,7.0971009251095951e-06
0.71675,-0.033721923828125,-0.033725263593322265,3.3397651972646991e-06
0.71687500000000004,-0.0440673828125,-0.044053084520940949,-1.4298291559050602e-05
0.71699999999999997,-0.04766845703125,-0.047670716603577835,2.259572327835413e-06
0.71712500000000001,-0.044036865234375,-0.044030899816429658,-5.9654179453416667e-06
0.71725000000000005,-0.03369140625,-0.03369125278021718,-1.5346978281954859e-07
0.71737499999999998,-0.018218994140625,-0.018228849268379047,9.855127754046511e-06
0.71750000000000003,0,3.2666081471244008e-07,-3.2666081471244008e-07
0.71762499999999996,0.018218994140625,0.01822035772925824,-1.3635886332401259e-06
0.71775,0.033660888671875,0.033658106134513741,2.7825373612594406e-06
0.71787500000000004,0.043975830078125,0.043965291898813652,1.0538179311347928e-05
0.71799999999999997,0.047576904296875,0.047575695621463653,1.2086754113474485e-06
0.71812500000000001,0.0439453125,0.043943150753690478,2.1617463095216505e-06
0.71825000000000006,0.03363037109375,0.033624161860373314,6.2092333766861074e-06
0.71837499999999999,0.0181884765625,0.018192651793437511,-4.1752309375107932e-06
0.71850000000000003,0,-1.025784497198626e-07,1.025784497198626e-07
0.71862499999999996,-0.0181884765625,-0.018183730208838813,-4.7463536611870583e-06
0.71875,-0.033599853515625,-0.033590633996689455,-9.2195189355451235e-06
0.71887500000000004,-0.04388427734375,-0.043877225827041975,-7.0515167080245633e-06
0.71899999999999997,-0.0474853515625,-0.047480415632638114,-4.9359298618864567e-06
0.71912500000000001,-0.043853759765625,-0.043855128155804973,1.3683901799732556e-06
0.71924999999999994,-0.0335693359375,-0.033556756131395249,-1.2579806104751068e-05
0.71937499999999999,-0.018157958984375,-0.018156077785122016,-1.8811992529843558e-06
0.71950000000000003,0,3.2779912152928214e-07,-3.2779912152928214e-07
0.71962499999999996,0.018157958984375,0.018147624725154434,1.0334259220565883e-05
0.71975,0.03350830078125,0.033523745523067673,-1.5444741817673135e-05
0.71987500000000004,0.043792724609375,0.043789784566544733,2.9400428302669979e-06
0.71999999999999997,0.047393798828125,0.047385774869145199,8.0239589798011823e-06
0.72012500000000002,0.04376220703125,0.043767730283859808,-5.5232526098084045e-06
0.72024999999999995,0.033477783203125,0.033489933936786044,-1.2150733661044077e-05
0.72037499999999999,0.01812744140625,0.018120025710249624,7.4156960003755878e-06
0.72050000000000003,0,-1.0371049448102495e-07,1.0371049448102495e-07
0.72062499999999996,-0.018096923828125,-0.018111142520554867,1.4218692429866786e-05
0.72075,-0.033447265625,-0.0334565418330071,9.2762080071001618e-06
0.72087500000000004,-0.043701171875,-0.043702069154390698,8.9727939069778051e-07
0.72099999999999997,-0.04730224609375,-0.047290874339269547,-1.1371754480453411e-05
0.72112500000000002,-0.043670654296875,-0.043680058175091123,9.4038782161229295e-06
0.72124999999999995,-0.033416748046875,-0.033422796396066816,6.0483491918159049e-06
0.72137499999999999,-0.018096923828125,-0.018083596811488575,-1.3327016636425354e-05
0.72150000000000003,0,3.2892492454148522e-07,-3.2892492454148522e-07
0.72162499999999996,0.01806640625,0.018075182062348694,-8.7758123486943174e-06
0.72175,0.03338623046875,0.033389921270799976,-3.6908020499756833e-06
0.72187500000000004,0.043609619140625,0.043614977852901207,-5.3587122762072115e-06
0.72199999999999998,0.047210693359375,0.047196612276572972,1.4081082802028244e-05
0.72212500000000002,0.0435791015625,0.043593010091987461,-1.3908529487460797e-05
0.72224999999999995,0.033355712890625,0.033356241853904921,-5.2896327992074665e-07
0.72237499999999999,0.018035888671875,0.018047689556236542,-1.1800884361541641e-05
0.72250000000000003,0,-1.0483007633892731e-07,1.0483007633892731e-07
0.72262499999999996,-0.018035888671875,-0.018038844593495817,2.9559216208167871e-06
0.72275,-0.0333251953125,-0.033322984956876384,-2.2103556236163779e-06
0.72287500000000005,-0.04351806640625,-0.043527611700540779,9.5452942907789384e-06
0.72299999999999998,-0.047088623046875,-0.047102089690854873,1.3466643979873072e-05
0.72312500000000002,-0.04351806640625,-0.043505687073184147,-1.2379333065852538e-05
0.72324999999999995,-0.033294677734375,-0.033289371430861754,-5.3063035132458469e-06
0.72337499999999999,-0.01800537109375,-0.018011405187740911,6.0340939909107882e-06
0.72350000000000003,0,3.300383054389689e-07,-3.300383054389689e-07
0.72362499999999996,0.01800537109375,0.018003028581853698,2.3425118963020519e-06
0.72375,0.03326416015625,0.033256631236598264,7.5289196517364099e-06
0.72387500000000005,0.043426513671875,0.043440868961040019,-1.4355289165018936e-05
0.72399999999999998,0.0469970703125,0.047008204817188808,-1.1134504688807556e-05
0.72412500000000002,0.043426513671875,0.043418987382570121,7.5262893048794188e-06
0.72424999999999995,0.033233642578125,0.033223083472672901,1.0559105452098705e-05
0.72437499999999999,0.017974853515625,0.017975642173977645,-7.8865835264479989e-07
0.72450000000000003,0,-1.059372767567258e-07,1.059372767567258e-07
0.72462499999999996,-0.017974853515625,-0.017966835270970097,-8.018244654902501e-06
0.72475000000000001,-0.033203125,-0.033189961231462804,-1.3163768537195752e-05
0.72487500000000005,-0.043365478515625,-0.043353850674245437,-1.1627841379563408e-05
0.72499999999999998,-0.046905517578125,-0.046914058666882939,8.5410887579392969e-06
0.72512500000000002,-0.0433349609375,-0.043332012060162059,-2.9488773379410249e-06
0.72524999999999995,-0.03314208984375,-0.033156479100966321,1.4389257216321227e-05
0.72537499999999999,-0.0179443359375,-0.017939501758770963,-4.834178729037214e-06
0.72550000000000003,0,3.3113933480231697e-07,-3.3113933480231697e-07
0.72562499999999996,0.0179443359375,0.017931163129278914,1.3172808221086074e-05
0.72575000000000001,0.033111572265625,0.033123873287897357,-1.2301022272356854e-05
0.72587500000000005,0.04327392578125,0.043267455105283043,6.4706759669574954e-06
0.72599999999999998,0.04681396484375,0.046820549476516531,-6.5846327665305959e-06
0.72612500000000002,0.043243408203125,0.043245659371251868,-2.2511681268683192e-06
0.72624999999999995,0.0330810546875,0.033090456662541588,-9.4019750415882952e-06
0.72637499999999999,0.017913818359375,0.017903882410672829,9.9359487021714876e-06
0.72650000000000003,0,-1.0703217674578529e-07,1.0703217674578529e-07
0.72662499999999997,-0.01788330078125,-0.017895113400903506,1.1812619653505524e-05
0.72675000000000001,-0.033050537109375,-0.033057468528454419,6.9314190794186881e-06
0.72687500000000005,-0.043182373046875,-0.043180783295388131,-1.5897514868690177e-06
0.72699999999999998,-0.046722412109375,-0.046726778258900446,4.3661495254462834e-06
0.72712500000000002,-0.04315185546875,-0.043159030357240252,7.1748884902522736e-06
0.72724999999999995,-0.03302001953125,-0.033024117280088985,4.0977488389853933e-06
0.72737499999999999,-0.01788330078125,-0.017867885374091782,-1.5415407158218125e-05
0.72750000000000004,0,3.3222811477317564e-07,-3.3222811477317564e-07
0.72762499999999997,0.017852783203125,0.017859584554851905,-6.8013517269052692e-06
0.72775000000000001,0.032989501953125,0.032991645300645113,-2.1433475201129704e-06
0.72787500000000005,0.0430908203125,0.043094733511072472,-3.9131985724721874e-06
0.72799999999999998,0.046630859375,0.046633643252113659,-2.7838771136587392e-06
0.72812500000000002,0.043060302734375,0.043073023284804182,-1.2720550429182187e-05
0.72824999999999995,0.032958984375,0.032958359301467795,6.2507353220525586e-07
0.72837499999999999,0.017822265625,0.017832409118124053,-1.014349312405266e-05
0.72850000000000004,0,-1.0811485686798873e-07,1.0811485686798873e-07
0.72862499999999997,-0.017822265625,-0.017823677835810996,1.4122108109963782e-06
0.72875000000000001,-0.032928466796875,-0.032925504728057983,-2.9620688170167719e-06
0.72887500000000005,-0.042999267578125,-0.043008406794954573,9.1392168295734155e-06
0.72899999999999998,-0.046539306640625,-0.046540245470463759,9.3882983875914761e-07
0.72912500000000002,-0.042999267578125,-0.042986739196726985,-1.2528381398015098e-05
0.72924999999999995,-0.03289794921875,-0.032892283850426418,-5.6653683235818875e-06
0.729375,-0.017791748046875,-0.017796554887779811,4.806840904810622e-06
0.72950000000000004,0,3.333047149904523e-07,-3.333047149904523e-07
0.72962499999999997,0.017791748046875,0.017788291713389998,3.4563334850024052e-06
0.72975000000000001,0.032867431640625,0.03285994515926851,7.486481356490382e-06
0.72987500000000005,0.04290771484375,0.042922701414926406,-1.4986571176406338e-05
0.72999999999999998,0.04644775390625,0.046447483153523435,2.7075272656523763e-07
0.73012500000000002,0.04290771484375,0.042901076361065202,6.6384826847981637e-06
0.73024999999999995,0.0328369140625,0.03282678927587962,1.0124786620380188e-05
0.730375,0.01776123046875,0.017761221152716992,9.316033007522595e-09
0.73050000000000004,0,-1.0918539723803455e-07,1.0918539723803455e-07
0.73062499999999997,-0.01776123046875,-0.017752527432817487,-8.7030359325127038e-06
0.73075000000000001,-0.032806396484375,-0.032794067718919725,-1.2328765455274504e-05
0.73087500000000005,-0.0428466796875,-0.04283671841498423,-9.9612725157696702e-06
0.73099999999999998,-0.046356201171875,-0.046354457317091008,-1.7438547839920826e-06
0.73112500000000002,-0.042816162109375,-0.042815135821979183,-1.0262873958166718e-06
0.73124999999999996,-0.03277587890625,-0.032760976702637071,-1.4902203612929266e-05
0.731375,-0.017730712890625,-0.017725509158515545,-5.2037321094551559e-06
0.73150000000000004,0,3.3436921534611053e-07,-3.3436921534611053e-07
0.73162499999999997,0.017730712890625,0.017717283464281926,1.3429426343074258e-05
0.73175000000000001,0.03271484375,0.032728770756639741,-1.3927006639741224e-05
0.73187500000000005,0.042755126953125,0.042751356064390671,3.7708887343293473e-06
0.73199999999999998,0.0462646484375,0.04626206620222692,2.5822352730797693e-06
0.73212500000000003,0.042724609375,0.042729815848899566,-5.2064738995660775e-06
0.73224999999999996,0.032684326171875,0.032695744480642497,-1.1418308767496832e-05
0.732375,0.0177001953125,0.017690317375402699,9.8779370973009484e-06
0.73250000000000004,0,-1.1024386701748644e-07,1.1024386701748644e-07
0.73262499999999997,-0.017669677734375,-0.01768166105358078,1.1983319205779996e-05
0.73275000000000001,-0.03265380859375,-0.03266315539812182,9.346804371819506e-06
0.73287500000000005,-0.04266357421875,-0.042665715408526282,2.1411897762821375e-06
0.73299999999999998,-0.046173095703125,-0.046169410826214285,-3.6848769107145074e-06
0.73312500000000003,-0.042633056640625,-0.042644217487358256,1.1160846733256069e-05
0.73324999999999996,-0.032623291015625,-0.032630193735777566,6.9027201525656556e-06
0.733375,-0.017669677734375,-0.017654747049525917,-1.4930684849083498e-05
0.73350000000000004,0,3.3542169528835556e-07,-3.3542169528835556e-07
0.73362499999999997,0.01763916015625,0.017646558671469633,-7.3985152196330561e-06
0.73375000000000001,0.0325927734375,0.032598119994042503,-5.3465565425028783e-06
0.73387500000000006,0.042572021484375,0.042580694718010841,-8.6732336358405493e-06
0.73399999999999999,0.04608154296875,0.046077389431595374,4.1535371546261302e-06
0.73412500000000003,0.042572021484375,0.042559239008154455,1.2782476220545014e-05
0.73424999999999996,0.032562255859375,0.032565222819025685,-2.9669596506853857e-06
0.734375,0.017608642578125,0.017619696651679426,-1.1054073554426364e-05
0.73450000000000004,0,-1.1129036649194544e-07,1.1129036649194544e-07
0.73462499999999997,-0.017608642578125,-0.017611077564312575,2.4349861875751222e-06
0.73475000000000001,-0.03253173828125,-0.032532765671141148,1.0273898911478119e-06
0.73487499999999994,-0.04248046875,-0.042495395039595624,1.4926289595623699e-05
0.73499999999999999,-0.045989990234375,-0.04598510303713213,-4.8871972428699006e-06
0.73512500000000003,-0.04248046875,-0.042473981458190181,-6.4872918098188292e-06
0.73524999999999996,-0.032501220703125,-0.032499932857313889,-1.2878458111112434e-06
0.735375,-0.017578125,-0.017584267428575943,6.1424285759427433e-06
0.73550000000000004,0,3.3646223382390353e-07,-3.3646223382390353e-07
0.73562499999999997,0.017578125,0.017576116203430057,2.0087965699432109e-06
0.73575000000000002,0.032470703125,0.032467990781131113,2.7123438688866908e-06
0.73587499999999995,0.04241943359375,0.042410714645252243,8.7189484977573395e-06
0.73599999999999999,0.0458984375,0.045893449886842734,4.9876131572659799e-06
0.73612500000000003,0.042388916015625,0.042389343109615722,-4.2709399072221599e-07
0.73624999999999996,0.032440185546875,0.032435222202668597,4.963344206403153e-06
0.736375,0.017547607421875,0.017549357851584058,-1.7504297090582821e-06
0.73650000000000004,0,-1.1232496389787812e-07,1.1232496389787812e-07
0.73662499999999997,-0.017547607421875,-0.017540775835750522,-6.8315861244776233e-06
0.73675000000000002,-0.03240966796875,-0.032402896451815801,-6.771516934199473e-06
0.73687499999999995,-0.042327880859375,-0.042325754583129073,-2.126276245927039e-06
0.73699999999999999,-0.045806884765625,-0.045801531000962119,-5.353764662881233e-06
0.73712500000000003,-0.04229736328125,-0.042304425010705755,7.0617294557553945e-06
0.73724999999999996,-0.032379150390625,-0.03237019198305801,-8.9584075669904562e-06
0.737375,-0.01751708984375,-0.017514069167950602,-3.0206757993984923e-06
0.73750000000000004,0,3.3749090952023959e-07,-3.3749090952023959e-07
0.73762499999999998,0.01751708984375,0.017505954933157031,1.1134910592968533e-05
0.73775000000000002,0.0323486328125,0.032338381035926504,1.0251776573495797e-05
0.73787499999999995,0.042236328125,0.042241413126520272,-5.0850015202719145e-06
0.73799999999999999,0.04571533203125,0.045710244624978462,5.0874062715380863e-06
0.73812500000000003,0.042205810546875,0.042220125434964263,-1.4314888089263234e-05
0.73824999999999996,0.032318115234375,0.032305740551547425,1.2374682827574757e-05
0.738375,0.017486572265625,0.017479299849635508,7.2724159894919926e-06
0.73850000000000005,0,-1.1334773758400002e-07,1.1334773758400002e-07
0.73862499999999998,-0.0174560546875,-0.017470754743140138,1.4700055640137766e-05
0.73875000000000002,-0.03228759765625,-0.032273545662311665,-1.405199393833545e-05
0.73887499999999995,-0.042144775390625,-0.042156791324941822,1.2015934316822463e-05
0.73899999999999999,-0.045623779296875,-0.045618691780593759,-5.0875162812408226e-06
0.73912500000000003,-0.042144775390625,-0.042135545432021061,-9.2299586039387704e-06
0.73924999999999996,-0.0322265625,-0.032240969037142041,1.440653714204071e-05
0.739375,-0.0174560546875,-0.017444151144436822,-1.1903543063178368e-05
0.73950000000000005,0,3.3850780050786761e-07,-3.3850780050786761e-07
0.73962499999999998,0.017425537109375,0.0174360737381337,-1.0536628758699845e-05
0.73975000000000002,0.032196044921875,0.032209288684738623,-1.3243762863622555e-05
0.73987499999999995,0.042083740234375,0.042072787453041008,1.0952781333992134e-05
0.73999999999999999,0.0455322265625,0.045527770714760316,4.4558477396844376e-06
0.74012500000000003,0.04205322265625,0.042051583276732453,1.6393795175470571e-06
0.74024999999999996,0.03216552734375,0.032176775793949182,-1.1248450199181914e-05
0.74037500000000001,0.01739501953125,0.017409521524874579,-1.4501993624578546e-05
0.74050000000000005,0,-1.1435876546316403e-07,1.1435876546316403e-07
0.74062499999999998,-0.01739501953125,-0.017401013166216839,5.9936349668388011e-06
0.74075000000000002,-0.032135009765625,-0.032144711233089276,9.7014674642764698e-06
0.74087499999999995,-0.0419921875,-0.041988502561680026,-3.6849383199741292e-06
0.74099999999999999,-0.045440673828125,-0.045436582450641368,-4.0913774836323635e-06
0.74112500000000003,-0.041961669921875,-0.041967340020078001,5.6700982030005731e-06
0.74124999999999996,-0.0321044921875,-0.032112261951985001,7.7697644850008296e-06
0.74137500000000001,-0.017364501953125,-0.01737451223930548,1.0010286180479888e-05
0.74150000000000005,0,3.3951298448254458e-07,-3.3951298448254458e-07
0.74162499999999998,0.017364501953125,0.017366471500352858,-1.9695472278577486e-06
0.74175000000000002,0.032073974609375,0.032080711662162836,-6.7370527878363173e-06
0.74187499999999995,0.041900634765625,0.041904834926865787,-4.2001612407874256e-06
0.74199999999999999,0.04534912109375,0.04534602523664754,3.0958571024600201e-06
0.74212500000000003,0.0418701171875,0.041883713938260923,-1.3596750760923315e-05
0.74224999999999997,0.03204345703125,0.03204832586640928,-4.8688351592801604e-06
0.74237500000000001,0.017333984375,0.017340021760807407,-6.0373858074072584e-06
0.74250000000000005,0,-1.1535812501459129e-07,1.1535812501459129e-07
0.74262499999999998,-0.017333984375,-0.017331549989187976,-2.4343858120237649e-06
0.74275000000000002,-0.032012939453125,-0.032016391102870571,3.4516497455713835e-06
0.74287499999999995,-0.04180908203125,-0.041820885600793403,1.1803569543403225e-05
0.74299999999999999,-0.045257568359375,-0.045255200097397405,-2.3682619775949876e-06
0.74312500000000004,-0.04180908203125,-0.041799806083605104,-9.2759476448961431e-06
0.74324999999999997,-0.031982421875,-0.031984068668259695,1.646793259695023e-06
0.74337500000000001,-0.017303466796875,-0.017305151338293502,1.6845414185021057e-06
0.74350000000000005,0,3.4050652842792647e-07,-3.4050652842792647e-07
0.74362499999999998,0.017303466796875,0.017297147106241553,6.3196906334474223e-06
0.74375000000000002,0.031951904296875,0.031952647911039474,-7.4361416447371598e-07
0.74387499999999995,0.041748046875,0.041737552860816048,1.0494014183952405e-05
0.74399999999999999,0.045166015625,0.045165005282754113,1.0103422458870859e-06
0.74412500000000004,0.041717529296875,0.041716514733659227,1.014563215773201e-06
0.74424999999999997,0.03192138671875,0.031920388713722422,9.9800502757763088e-07
0.74437500000000001,0.01727294921875,0.017270799445397268,2.1497733527324481e-06
0.74450000000000005,0,-1.1634589328609228e-07,1.1634589328609228e-07
0.74462499999999998,-0.01727294921875,-0.017262364100715043,-1.0585118034957264e-05
0.74475000000000002,-0.031890869140625,-0.031888583218598797,-2.285922026203091e-06
0.74487499999999995,-0.041656494140625,-0.041653937760468336,-2.5563801566638733e-06
0.745,-0.045074462890625,-0.045074541818785778,7.892816077798015e-08
0.74512500000000004,-0.0416259765625,-0.041632940942074384,6.9643795743840053e-06
0.74524999999999997,-0.0318603515625,-0.031856387134859873,-3.964427640126833e-06
0.74537500000000001,-0.017242431640625,-0.017236067331595509,-6.3643090294912552e-06
0.74550000000000005,0,3.4148852977714604e-07,-3.4148852977714604e-07
0.74562499999999998,0.017242431640625,0.01722809944668164,1.4332193943360216e-05
0.74575000000000002,0.031829833984375,0.031825095382420926,4.7386019540740509e-06
0.74587499999999995,0.04156494140625,0.041570938578440381,-5.9971721903806507e-06
0.746,0.04498291015625,0.044984707956802227,-1.7978005522265028e-06
0.74612500000000004,0.04156494140625,0.04154998298774723,1.4958418502769577e-05
0.74624999999999997,0.03179931640625,0.031792962288880462,6.3541173695377817e-06
0.74637500000000001,0.0172119140625,0.017201853471046764,1.0060591453236317e-05
0.74650000000000005,0,-1.1732214689627636e-07,1.1732214689627636e-07
0.74662499999999998,-0.017181396484375,-0.017193454393895836,1.2057909520836463e-05
0.74675000000000002,-0.031768798828125,-0.031761285535434572,-7.5132926904281083e-06
0.74687499999999996,-0.041473388671875,-0.041487656369600896,1.4267697725896256e-05
0.747,-0.044891357421875,-0.04489460472431539,3.2473024403900652e-06
0.74712500000000004,-0.041473388671875,-0.0414667419256586,-6.6467462164002122e-06
0.74724999999999997,-0.03173828125,-0.031729215308867291,-9.0659411327090322e-06
0.74737500000000001,-0.017181396484375,-0.017167259113808179,-1.4137370566821156e-05
0.74750000000000005,0,3.4245905461425407e-07,-3.4245905461425407e-07
0.74762499999999998,0.01715087890625,0.017159327416982447,-8.4485107324470954e-06
0.74775000000000003,0.031707763671875,0.031698052035538847,9.7116363361529623e-06
0.74787499999999996,0.041412353515625,0.04140498941397161,7.364101653389854e-06
0.748,0.0447998046875,0.04480513037407597,-5.3256865759701566e-06
0.74812500000000004,0.0413818359375,0.041384116036035909,-2.2800985359089365e-06
0.74824999999999997,0.03167724609375,0.031666044553046946,1.1201540703054125e-05
0.74837500000000001,0.017120361328125,0.01713318273458013,-1.2821406455129636e-05
0.74850000000000005,0,-1.1828696203675015e-07,1.1828696203675015e-07
0.74862499999999998,-0.017120361328125,-0.017124819766237382,4.4584381123820294e-06
0.74875000000000003,-0.031646728515625,-0.031634496016679649,-1.2232498945351222e-05
0.74887499999999996,-0.04132080078125,-0.041322038767750063,1.2379865000633483e-06
0.749,-0.044708251953125,-0.044715385935033956,7.1339819089563661e-06
0.74912500000000004,-0.041290283203125,-0.04130120637518838,1.0923172063380393e-05
0.74924999999999997,-0.0316162109375,-0.031602551155526293,-1.3659781973707208e-05
0.74937500000000001,-0.01708984375,-0.017098725583969417,8.8818339694166082e-06
0.74950000000000006,0,3.4341817891817699e-07,-3.4341817891817699e-07
0.74962499999999999,0.01708984375,0.017090829916863084,-9.8616686308380941e-07
0.74975000000000003,0.031585693359375,0.031571515837771506,1.417752160349367e-05
0.74987499999999996,0.041229248046875,0.041239702712280363,-1.0454665405362773e-05
0.75,0.04461669921875,0.044626269661375173,-9.5704426251730368e-06
0.75012500000000004,0.041229248046875,0.041218911224668912,1.0336822206087615e-05
0.75024999999999997,0.031524658203125,0.031539633475524478,-1.4975272399478379e-05
0.75037500000000001,0.017059326171875,0.017064786137225563,-5.459965350562701e-06
0.75049999999999994,0,-1.1924041447430665e-07,1.1924041447430665e-07
0.75062499999999999,-0.017059326171875,-0.017056459119675915,-2.8670521990854791e-06
0.75075000000000003,-0.031494140625,-0.031508212633773423,1.407200877342335e-05
0.75087499999999996,-0.041168212890625,-0.041157082305095224,-1.1130585529775527e-05
0.751,-0.044525146484375,-0.044536882583481888,1.1736099106887665e-05
0.75112500000000004,-0.0411376953125,-0.041136331642109787,-1.3636703902128455e-06
0.75124999999999997,-0.031463623046875,-0.031476392648182437,1.2769601307437151e-05
0.75137500000000002,-0.01702880859375,-0.017030465645502816,1.6570517528159689e-06
0.75149999999999995,0,3.4436594789486031e-07,-3.4436594789486031e-07
0.75162499999999999,0.01702880859375,0.017022605850434844,6.202743315156245e-06
0.75175000000000003,0.03143310546875,0.031445484764611273,-1.2379295861272843e-05
0.75187499999999996,0.04107666015625,0.041075075828848083,1.5843274019169962e-06
0.752,0.04443359375,0.044448122956969385,-1.4529206969385311e-05
0.75212500000000004,0.041046142578125,0.041054365910384083,-8.2233322590830049e-06
0.75224999999999997,0.031402587890625,0.031413727033722277,-1.1139143097277371e-05
0.75237500000000002,0.016998291015625,0.016996662584597651,1.6284310273492753e-06
0.75249999999999995,0,-1.2018256945689519e-07,1.2018256945689519e-07
0.75262499999999999,-0.016998291015625,-0.016988371360502817,-9.9196551221827911e-06
0.75275000000000003,-0.0313720703125,-0.031382433366253161,1.0363053753160989e-05
0.75287499999999996,-0.040985107421875,-0.040992784342393736,7.6769205187357525e-06
0.753,-0.04437255859375,-0.04435909181364648,-1.3466780103520148e-05
0.75312500000000004,-0.040985107421875,-0.040972115088445761,-1.2992333429238945e-05
0.75324999999999998,-0.031341552734375,-0.031350737768293307,9.1850339183074947e-06
0.75337500000000002,-0.0169677734375,-0.016962478206209566,-5.2952312904336329e-06
0.75349999999999995,0,3.4530249749762096e-07,-3.4530249749762096e-07
0.75362499999999999,0.0169677734375,0.016954654126183692,1.3119311316308474e-05
0.75375000000000003,0.03131103515625,0.031319956799625126,-8.9216433751260205e-06
0.75387499999999996,0.040924072265625,0.040911106129701391,1.2966135923608846e-05
0.754,0.044281005859375,0.044270687410552158,1.0318448822842219e-05
0.75412500000000005,0.0408935546875,0.040890477460471204,3.0772270287957038e-06
0.75424999999999998,0.031280517578125,0.031288323213123768,-7.8056349987684626e-06
0.75437500000000002,0.016937255859375,0.016928810986679827,8.4448726951728836e-06
0.75449999999999995,0,-1.2111352214091872e-07,1.2111352214091872e-07
0.75462499999999999,-0.01690673828125,-0.016920555399384821,1.3817118134820672e-05
0.75475000000000003,-0.03125,-0.031257156201721696,7.1562017216961205e-06
0.75487499999999996,-0.04083251953125,-0.04082914225093872,-3.3772803112799843e-06
0.755,-0.044189453125,-0.044182010780916131,-7.4423440838689014e-06
0.75512500000000005,-0.040802001953125,-0.04080855408673844,6.5521336134397035e-06
0.75524999999999998,-0.031219482421875,-0.031225584505367335,6.1020834923354583e-06
0.75537500000000002,-0.01690673828125,-0.016894762178251022,-1.197610299897775e-05
0.75549999999999995,0,3.462278719698252e-07,-3.462278719698252e-07
0.75562499999999999,0.016876220703125,0.01688697365695277,-1.0752953827769529e-05
0.75575000000000003,0.03118896484375,0.031194929934450853,-5.965090700853215e-06
0.75587499999999996,0.040740966796875,0.04074779099138548,-6.8241945104796642e-06
0.75600000000000001,0.044097900390625,0.044093960183195391,3.9402074296090994e-06
0.75612500000000005,0.040740966796875,0.040727243252729743,1.3723544145256839e-05
0.75624999999999998,0.031158447265625,0.031163420007254371,-4.9727416293714188e-06
0.75637500000000002,0.016876220703125,0.016861230257816256,1.4990445308744188e-05
0.75649999999999995,0,-1.2203333689507906e-07,1.2203333689507906e-07
0.75662499999999999,-0.016845703125,-0.016853010151337139,7.3070263371388666e-06
0.75675000000000003,-0.0311279296875,-0.031132379135815215,4.4494483152149322e-06
0.75687499999999996,-0.040679931640625,-0.04066615341251701,-1.3778228107989843e-05
0.75700000000000001,-0.04400634765625,-0.044005636652034857,-7.1100421514258549e-07
0.75712500000000005,-0.0406494140625,-0.04064564602003036,-3.7680424696401316e-06
0.75724999999999998,-0.031097412109375,-0.031100930856938908,3.518747563907576e-06
0.75737500000000002,-0.016815185546875,-0.016827316478131269,1.2130931256269101e-05
0.75749999999999995,0,3.4714214560849584e-07,-3.4714214560849584e-07
0.75762499999999999,0.016815185546875,0.016819563359915798,-4.3778130407977345e-06
0.75775000000000003,0.03106689453125,0.031070402168722155,-3.5076374721547399e-06
0.75787499999999997,0.04058837890625,0.040585127800918323,3.2511053316766625e-06
0.75800000000000001,0.043914794921875,0.043917938447303927,-3.1435254289266523e-06
0.75812500000000005,0.040557861328125,0.040564660675427036,-6.7993473020361295e-06
0.75824999999999998,0.031036376953125,0.031039015417656468,-2.6384645314680988e-06
0.75837500000000002,0.01678466796875,0.016793919316657333,-9.2513479073332017e-06
0.75849999999999995,0,-1.2294208780858185e-07,1.2294208780858185e-07
0.75862499999999999,-0.01678466796875,-0.016785734535706111,1.0665669561114866e-06
0.75875000000000004,-0.031005859375,-0.031008100172171219,2.2407971712185004e-06
0.75887499999999997,-0.040496826171875,-0.040503815219367204,6.9890474922035262e-06
0.75900000000000001,-0.0438232421875,-0.043829966605057023,6.7244175570232989e-06
0.75912500000000005,-0.040496826171875,-0.04048338828180708,-1.3437890067920233e-05
0.75924999999999998,-0.030975341796875,-0.030976774828536266,1.4330316612659599e-06
0.75937500000000002,-0.016754150390625,-0.0167601400266798,5.9896360548004901e-06
0.75949999999999995,0,3.4804539229555691e-07,-3.4804539229555691e-07
0.75962499999999999,0.016754150390625,0.016752422156596693,1.7282340283066022e-06
0.75975000000000004,0.03094482421875,0.030946371510065178,-1.54729131517789e-06
0.75987499999999997,0.040435791015625,0.040423113955748755,1.2677059876245456e-05
0.76000000000000001,0.043731689453125,0.0437426193865703,-1.0929933445300022e-05
0.76012500000000005,0.0404052734375,0.040402727127256483,2.54631024351748e-06
0.76024999999999998,0.030914306640625,0.030915107453829135,-8.008132041346927e-07
0.76037500000000002,0.0167236328125,0.016726877086198064,-3.2442736980636822e-06
0.76049999999999995,0,-1.2383984855660134e-07,1.2383984855660134e-07
0.760625,-0.0167236328125,-0.016718727476151923,-4.9053363480773549e-06
0.76075000000000004,-0.0308837890625,-0.030884317322396541,5.2825989654142758e-07
0.76087499999999997,-0.04034423828125,-0.040342125074134212,-2.1132071157878296e-06
0.76100000000000001,-0.04364013671875,-0.043654997829302107,1.4861110552107093e-05
0.76112500000000005,-0.040313720703125,-0.040321778275959341,8.0575728343412756e-06
0.76124999999999998,-0.030853271484375,-0.030853114433649669,-1.570507253308151e-07
0.76137500000000002,-0.016693115234375,-0.01669323174903424,1.1651465924022997e-07
0.76149999999999995,0,3.4893767558386255e-07,-3.4893767558386255e-07
0.761625,0.016693115234375,0.016685548972796817,7.5662615781832421e-06
0.76175000000000004,0.03082275390625,0.0308228359740595,-8.2067809499541955e-08
0.76187499999999997,0.040252685546875,0.040261746863714969,-9.0613168399686361e-06
0.76200000000000001,0.0435791015625,0.043568000195929706,1.1101366570294424e-05
0.76212500000000005,0.040252685546875,0.040241440017299589,1.1245529575411306e-05
0.76224999999999998,0.030792236328125,0.030791694133238755,5.421948862452397e-07
0.76237500000000002,0.01666259765625,0.016660102493723697,2.4951625263031074e-06
0.76249999999999996,0,-1.2472669240240327e-07,1.2472669240240327e-07
0.762625,-0.01666259765625,-0.016651987900631372,-1.0609755618628397e-05
0.76275000000000004,-0.03076171875,-0.030761028606035565,-6.9014396443523029e-07
0.76287499999999997,-0.040191650390625,-0.040181080389842909,-1.0570000782091082e-05
0.76300000000000001,-0.043487548828125,-0.043480727525309786,-6.8213028152144806e-06
0.76312500000000005,-0.0401611328125,-0.040160813416741575,-3.1939575842465651e-07
0.76324999999999998,-0.030731201171875,-0.030729947693699529,-1.2534781754711122e-06
0.76337500000000003,-0.016632080078125,-0.016626590574623158,-5.489503501841797e-06
0.76349999999999996,0,3.4981908840330793e-07,-3.4981908840330793e-07
0.763625,0.016632080078125,0.016618942738614851,1.3137339510149032e-05
0.76375000000000004,0.03070068359375,0.030699793584206398,8.900095436019384e-07
0.76387499999999997,0.04010009765625,0.040101023943002904,-9.2628675290445939e-07
0.76400000000000001,0.04339599609375,0.043394078081515117,1.918012234883304e-06
0.76412500000000005,0.040069580078125,0.040080796764969513,-1.1216686844513213e-05
0.76424999999999998,0.030670166015625,0.030668773481258974,1.3925343660264877e-06
0.76437500000000003,0.0166015625,0.016593594470801828,7.9680291981722162e-06
0.76449999999999996,0,-1.2560269219946174e-07,1.2560269219946174e-07
0.764625,-0.016571044921875,-0.016585514741380723,1.4469819505723291e-05
0.76475000000000004,-0.0306396484375,-0.03063823205053158,-1.416386968419725e-06
0.76487499999999997,-0.040008544921875,-0.040020678589833832,1.2133667958831584e-05
0.76500000000000001,-0.043304443359375,-0.043307152904795108,2.7095454201084279e-06
0.76512500000000006,-0.040008544921875,-0.040000491128730491,-8.0537931445093247e-06
0.76524999999999999,-0.030609130859375,-0.030607272638004807,-1.8582213701934247e-06
0.76537500000000003,-0.016571044921875,-0.016560215437158007,-1.0829484716992632e-05
0.76549999999999996,0,3.5068969344741617e-07,-3.5068969344741617e-07
0.765625,0.01654052734375,0.016552602388420375,-1.2075044670375318e-05
0.76575000000000004,0.03057861328125,0.030577242371897191,1.3709093528088689e-06
0.76587499999999997,0.039947509765625,0.039940942622105069,6.5671435199310402e-06
0.76600000000000001,0.043212890625,0.043220850260612523,-7.9596356125227752e-06
0.76612499999999994,0.0399169921875,0.039920794799992436,-3.8026124924359084e-06
0.76624999999999999,0.030548095703125,0.030546343531146165,1.752171978834649e-06
0.76637500000000003,0.01654052734375,0.016527351953265334,1.3175390484666122e-05
0.76649999999999996,0,-1.2646792039356149e-07,1.2646792039356149e-07
0.766625,-0.016510009765625,-0.016519306934889552,9.297169264552152e-06
0.76675000000000004,-0.030517578125,-0.030515925691223075,-1.6524337769253938e-06
0.76687499999999997,-0.03985595703125,-0.039860917107737287,4.960076487287024e-06
0.76700000000000002,-0.043121337890625,-0.043134271190603923,1.293329997892334e-05
0.76712499999999995,-0.03985595703125,-0.039840808846795125,-1.5148184454874536e-05
0.76724999999999999,-0.030487060546875,-0.030485087303751435,-1.9732431235652825e-06
0.76737500000000003,-0.0164794921875,-0.016494105274579691,1.4613087079690806e-05
0.76749999999999996,0,3.5154956295891519e-07,-3.5154956295891519e-07
0.767625,0.0164794921875,0.016486526860836848,-7.0346733368475967e-06
0.76775000000000004,0.03045654296875,0.030455180376381771,1.3625923682286656e-06
0.76787499999999997,0.039794921875,0.039781500339775532,1.3421535224468484e-05
0.76800000000000002,0.043060302734375,0.043048313961616458,1.1988772758542154e-05
0.76812499999999995,0.039764404296875,0.03976143156235127,2.9727345237304248e-06
0.76824999999999999,0.030426025390625,0.030424402324008011,1.6230666169889107e-06
0.76837500000000003,0.016448974609375,0.016461373881195323,-1.2399271820322938e-05
0.76849999999999996,0,-1.2732244902489334e-07,1.2732244902489334e-07
0.768625,-0.016448974609375,-0.016453363421920057,4.3888125450565474e-06
0.76875000000000004,-0.0303955078125,-0.030394107571270451,-1.4002412295488487e-06
0.76887499999999998,-0.039703369140625,-0.039701793387428408,-1.575753196592089e-06
0.76900000000000002,-0.04296875,-0.042962079616668376,-6.6703833316236749e-06
0.76912499999999995,-0.0396728515625,-0.039681764016010708,8.9124535107079628e-06
0.76924999999999999,-0.030364990234375,-0.030363389735967899,-1.6004984071012196e-06
0.76937500000000003,-0.01641845703125,-0.016428259029096205,9.8019978462052237e-06
0.76949999999999996,0,3.523987687759819e-07,-3.523987687759819e-07
0.769625,0.01641845703125,0.016420715098724604,-2.2580674746038032e-06
0.76975000000000005,0.03033447265625,0.030333605644737228,8.6701151277152055e-07
0.76987499999999998,0.03961181640625,0.039622694545004007,-1.0878138754007172e-05
0.77000000000000002,0.042877197265625,0.042876466423985689,7.3084163931119717e-07
0.77012499999999995,0.03961181640625,0.03960270450224853,9.1119040014700503e-06
0.77024999999999999,0.030303955078125,0.030302947908772117,1.0071693528831971e-06
0.77037500000000003,0.016387939453125,0.016395659198904192,-7.7197457791916557e-06
0.77049999999999996,0,-1.2816633999092719e-07,1.2816633999092719e-07
0.770625,-0.016387939453125,-0.016387683147435567,-2.5630568943266208e-07
0.77075000000000005,-0.0302734375,-0.030272775741652661,-6.6175834733880889e-07
0.77087499999999998,-0.03955078125,-0.039543304882986269,-7.4763670137312221e-06
0.77100000000000002,-0.04278564453125,-0.042790575427962746,4.9308967127459358e-06
0.77112499999999995,-0.039520263671875,-0.039523354091689285,3.0904198142847616e-06
0.77124999999999999,-0.030242919921875,-0.030242177987466205,-7.4193440879541384e-07
0.77137500000000003,-0.016357421875,-0.016362675647129246,5.2537721292461592e-06
0.77149999999999996,0,3.5323738233432024e-07,-3.5323738233432024e-07
0.77162500000000001,0.016357421875,0.016355166049163969,2.2558258360311223e-06
0.77175000000000005,0.03021240234375,0.030212516231829703,-1.1388807970302839e-07
0.77187499999999998,0.039459228515625,0.039464522696952532,-5.294181327532288e-06
0.77200000000000002,0.042694091796875,0.042705304898198952,-1.1213101323952201e-05
0.77212499999999995,0.039459228515625,0.039444611080065507,1.4617435559492742e-05
0.77224999999999999,0.030181884765625,0.030181978342154813,-9.3576529813094167e-08
0.77237500000000003,0.016326904296875,0.016330206854918729,-3.3025580437294477e-06
0.77249999999999996,0,-1.2899968404420482e-07,1.2899968404420482e-07
0.77262500000000001,-0.016326904296875,-0.01632226506062005,-4.6392362549503574e-06
0.77275000000000005,-0.0301513671875,-0.030151928261129033,5.6107362903304314e-07
0.77287499999999998,-0.039398193359375,-0.039385449058653196,-1.2744300721803659e-05
0.77300000000000002,-0.042633056640625,-0.042619755880459305,-1.3300760165695091e-05
0.77312499999999995,-0.03936767578125,-0.039365576539278829,-2.0992419711707289e-06
0.77324999999999999,-0.030120849609375,-0.030121450118852328,6.0050947732828708e-07
0.77337500000000003,-0.01629638671875,-0.016297354079306492,9.6736055649193631e-07
0.77349999999999997,0,3.5406547466922992e-07,-3.5406547466922992e-07
0.77362500000000001,0.01629638671875,0.016289878663438371,6.5080553116290962e-06
0.77375000000000005,0.03009033203125,0.030091910200310823,-1.5781690608229759e-06
0.77387499999999998,0.039306640625,0.039306982264929784,-3.4163992978369917e-07
0.77400000000000002,0.04254150390625,0.042534826645711059,6.6772605389411877e-06
0.77412499999999995,0.039276123046875,0.039287148766321625,-1.1025719446625115e-05
0.77424999999999999,0.030059814453125,0.030061491688630086,-1.6772355050861942e-06
0.77437500000000004,0.016265869140625,0.016265015801972222,8.5333865277800736e-07
0.77449999999999997,0,-1.2982254224235099e-07,1.2982254224235099e-07
0.77462500000000001,-0.016265869140625,-0.016257108114852224,-8.7610257727757657e-06
0.77475000000000005,-0.030029296875,-0.030031563196208193,2.2663212081927564e-06
0.77487499999999998,-0.039215087890625,-0.039228223388794135,1.313549816913534e-05
0.77500000000000002,-0.042449951171875,-0.042449618241084397,-3.3293079060303654e-07
0.77512499999999995,-0.039215087890625,-0.039208428834356393,-6.6590562686069665e-06
0.77524999999999999,-0.029998779296875,-0.030001204198467427,2.4249015924265871e-06
0.77537500000000004,-0.0162353515625,-0.016232293280444766,-3.0582820552335632e-06
0.77549999999999997,0,3.5488311641766532e-07,-3.5488311641766532e-07
0.77562500000000001,0.0162353515625,0.016224851897008698,1.0499665491301574e-05
0.77575000000000005,0.02996826171875,0.029971785620545369,-3.5239017953693497e-06
0.77587499999999998,0.039154052734375,0.039150070728346906,3.9820060280942871e-06
0.77600000000000002,0.0423583984375,0.042365028938909019,-6.6305014090189962e-06
0.77612499999999995,0.03912353515625,0.039130315041634021,-6.7798853840214668e-06
0.77625,0.029937744140625,0.029941486020405337,-3.7418797803369375e-06
0.77637500000000004,0.016204833984375,0.01620008499695191,4.748987423090073e-06
0.77649999999999997,0,-1.3063498502391526e-07,1.3063498502391526e-07
0.77662500000000001,-0.016204833984375,-0.016192211267688779,-1.2622716686221114e-05
0.77675000000000005,-0.0299072265625,-0.029911678621117158,4.4520586171582777e-06
0.77687499999999998,-0.0390625,-0.039071625357856306,9.1253578563058046e-06
0.77700000000000002,-0.042266845703125,-0.042280159787674798,1.33140845497981e-05
0.77712499999999995,-0.0390625,-0.03905190846257281,-1.0591537427190323e-05
0.77725,-0.029876708984375,-0.02988143830236387,4.7293179888698023e-06
0.77737500000000004,-0.01617431640625,-0.016167492209533386,-6.8241967166142448e-06
0.77749999999999997,0,3.5569037782028303e-07,-3.5569037782028303e-07
0.77762500000000001,0.01617431640625,0.016160084709532233,1.4231696717766779e-05
0.77775000000000005,0.02984619140625,0.029852140570607987,-5.9491643579871745e-06
0.77787499999999998,0.03900146484375,0.038993785576677105,7.6792670728950685e-06
0.77800000000000002,0.042205810546875,0.042195909061068432,9.9014858065682443e-06
0.77812499999999996,0.038970947265625,0.038974107396677164,-3.1601310521642278e-06
0.77825,0.029815673828125,0.029821959417363385,-6.2855892383854861e-06
0.77837500000000004,0.016143798828125,0.016135413400936063,8.385427188936645e-06
0.77849999999999997,0,-1.3143708243217015e-07,1.3143708243217015e-07
0.77862500000000001,-0.01611328125,-0.016127573480847718,1.4292230847718496e-05
0.77875000000000005,-0.02978515625,-0.02979227261777051,7.116367770509946e-06
0.77887499999999998,-0.038909912109375,-0.038915652460325224,5.7403509502243488e-06
0.77900000000000003,-0.0421142578125,-0.042111377808934057,-2.8800035659429235e-06
0.77912499999999996,-0.038909912109375,-0.038896012919616169,-1.3899189758831421e-05
0.77925,-0.029754638671875,-0.029762150514274492,7.5118423994921524e-06
0.77937500000000004,-0.01611328125,-0.016102949829717449,-1.0331420282550657e-05
0.77949999999999997,0,3.5648731915800669e-07,-3.5648731915800669e-07
0.77962500000000001,0.016082763671875,0.016095576064792443,-1.2812392917442572e-05
0.77975000000000005,0.02972412109375,0.029732973136245525,-8.8520424955246257e-06
0.77987499999999998,0.038848876953125,0.038838124309415523,1.0752643709477372e-05
0.78000000000000003,0.042022705078125,0.042027464306309971,-4.7592281849709317e-06
0.78012499999999996,0.038818359375,0.038818523332146415,-1.6395714641515013e-07
0.78025,0.029693603515625,0.029702909967072595,-9.3064514475951765e-06
0.78037500000000004,0.016082763671875,0.016070999979141441,1.1763692733559455e-05
0.78049999999999997,0,-1.3222890411714451e-07,1.3222890411714451e-07
0.78062500000000001,-0.01605224609375,-0.016063193720191733,1.0947626441732555e-05
0.78075000000000006,-0.0296630859375,-0.029673343275739696,1.0257338239696295e-05
0.78087499999999999,-0.03875732421875,-0.038760302200699315,2.9779819493147563e-06
0.78100000000000003,-0.04193115234375,-0.041943269604389169,1.2117260639168959e-05
0.78112499999999996,-0.038726806640625,-0.038740739711171798,1.3933070546798265e-05
0.78125,-0.029632568359375,-0.02964333892558188,1.0770566206880217e-05
0.78137500000000004,-0.01605224609375,-0.016038665108281256,-1.358098546874395e-05
0.78149999999999997,0,3.5727402905413681e-07,-3.5727402905413681e-07
0.78162500000000001,0.016021728515625,0.016031324930718169,-9.5964150931687753e-06
0.78174999999999994,0.02960205078125,0.02961428141084638,-1.2230629596380466e-05
0.78187499999999999,0.0386962890625,0.038683084436039225,1.3204626460774915e-05
0.78200000000000003,0.0418701171875,0.041859691979556149,1.0425207943851045e-05
0.78212499999999996,0.038665771484375,0.038663560358703386,2.2111256716139671e-06
0.78225,0.029571533203125,0.029584335764728999,-1.2802561603998674e-05
0.78237500000000004,0.016021728515625,0.016006843700915759,1.4884814709240773e-05
0.78249999999999997,0,-1.3301051933764705e-07,1.3301051933764705e-07
0.78262500000000002,-0.0159912109375,-0.015999070955711681,7.8600182116805861e-06
0.78274999999999995,-0.029541015625,-0.029554888692195608,1.3873067195607769e-05
0.78287499999999999,-0.038604736328125,-0.038605572093427992,8.3576530299223073e-07
0.78300000000000003,-0.041778564453125,-0.041775832484347381,-2.7319687776194979e-06
0.78312499999999996,-0.03857421875,-0.038586086352882285,1.18676028822845e-05
0.78325,-0.029510498046875,-0.029525001635287883,1.4503588412883434e-05
0.78337500000000004,-0.015960693359375,-0.015974637016640578,1.3943657265577669e-05
0.78349999999999997,0,3.5805056696881675e-07,-3.5805056696881675e-07
0.78362500000000002,0.015960693359375,0.015967330279358143,-6.6369199831425862e-06
0.78374999999999995,0.029510498046875,0.029496063495410077,1.4434551464923007e-05
0.78387499999999999,0.03851318359375,0.03852866347596734,-1.5479882217339647e-05
0.78400000000000003,0.04168701171875,0.041692589396488164,-5.5776777381638665e-06
0.78412499999999996,0.03851318359375,0.038509215996958078,3.9675967919219901e-06
0.78425,0.02947998046875,0.029466234913132636,1.3745555617363653e-05
0.78437500000000004,0.01593017578125,0.015942943539721175,-1.2767758471175089e-05
0.78449999999999998,0,-1.3378199696327981e-07,1.3378199696327981e-07
0.78462500000000002,-0.01593017578125,-0.015935204161501317,5.028380251317216e-06
0.78474999999999995,-0.029449462890625,-0.029436906971985737,-1.2555918639262781e-05
0.78487499999999999,-0.0384521484375,-0.038451459662886517,-6.8877461348315627e-07
0.78500000000000003,-0.041595458984375,-0.04160906376985312,1.360478547812044e-05
0.78512499999999996,-0.038421630859375,-0.038432050370307794,1.0419510932793696e-05
0.78525,-0.0294189453125,-0.02940713674998318,-1.1808562516819887e-05
0.78537500000000005,-0.015899658203125,-0.015910864530291051,1.1206327166050911e-05
0.78549999999999998,0,3.5881700157779845e-07,-3.5881700157779845e-07
0.78562500000000002,0.015899658203125,0.015903591086864562,-3.9328837395623262e-06
0.78574999999999995,0.029388427734375,0.029378317498516791,1.0110235858208638e-05
0.78587499999999999,0.038360595703125,0.038374858958521392,-1.4263255396392005e-05
0.78600000000000003,0.041534423828125,0.041526153883502975,8.2699446220246831e-06
0.78612499999999996,0.038360595703125,0.038355487777414571,5.1079257104291731e-06
0.78625,0.02935791015625,0.029348605522657244,9.3046335927562951e-06
0.78637500000000005,0.015869140625,0.015879298473117868,-1.0157848117867824e-05
0.78649999999999998,0,-1.3454340547644222e-07,1.3454340547644222e-07
0.78662500000000002,-0.015869140625,-0.015871592315775951,2.4516907759508655e-06
0.78674999999999995,-0.029327392578125,-0.029319396227442271,-7.9963506827290809e-06
0.78687499999999999,-0.038299560546875,-0.038297962443332792,-1.5981035422080181e-06
0.78700000000000003,-0.04144287109375,-0.041442960792645159,8.9698895158751846e-08
0.78712499999999996,-0.03826904296875,-0.038278629298886438,9.5863301364379483e-06
0.78725000000000001,-0.029296875,-0.029289742383823609,-7.1326161763911322e-06
0.78737500000000005,-0.015838623046875,-0.015847346628844537,8.7235819695372085e-06
0.78749999999999998,0,3.5957340117062943e-07,-3.5957340117062943e-07
0.78762500000000002,0.015838623046875,0.015840106333476701,-1.4832866017007451e-06
0.78774999999999995,0.029266357421875,0.029261041536297144,5.3158855778563663e-06
0.78787499999999999,0.0382080078125,0.038221668422882174,-1.3660610382174032e-05
0.78800000000000003,0.041351318359375,0.041360382777670519,-9.0644182955193497e-06
0.78812499999999996,0.0382080078125,0.038202373240435156,5.634572064844301e-06
0.78825000000000001,0.02923583984375,0.029231445711219932,4.3941325300680956e-06
0.78837500000000005,0.01580810546875,0.015815907482747676,-7.8020139976757441e-06
0.78849999999999998,0,-1.3529480357948737e-07,1.3529480357948737e-07
0.78862500000000002,-0.01580810546875,-0.015808234400803488,1.2893205348848968e-07
0.78874999999999995,-0.029205322265625,-0.029202354578459738,-2.9676871652617454e-06
0.78887499999999999,-0.03814697265625,-0.038145077978867827,-1.8946773821734708e-06
0.78900000000000003,-0.041290283203125,-0.041277520895113919,-1.2762308011081414e-05
0.78912499999999997,-0.038116455078125,-0.038125820683898415,9.3656057734148312e-06
0.78925000000000001,-0.0291748046875,-0.029172816658473384,-1.9880290266158229e-06
0.78937500000000005,-0.015777587890625,-0.015784082295977591,6.4944053525910206e-06
0.78949999999999998,0,3.6031983365264139e-07,-3.6031983365264139e-07
0.78962500000000002,0.015777587890625,0.015776875003504585,7.1288712041525648e-07
0.78974999999999995,0.029144287109375,0.02914423373240204,5.3376972959651159e-08
0.78987499999999999,0.038055419921875,0.038069089418064757,-1.3669496189756825e-05
0.79000000000000004,0.04119873046875,0.041195273426691041,3.4570420589588591e-06
0.79012499999999997,0.038055419921875,0.038049869936200964,5.5499856740359732e-06
0.79025000000000001,0.02911376953125,0.02911475360425117,-9.8407300117009378e-07
0.79037500000000005,0.0157470703125,0.015752769554317814,-5.6992418178136717e-06
0.79049999999999998,0,-1.360362778135592e-07,1.360362778135592e-07
0.79062500000000002,-0.0157470703125,-0.015745129402923243,-1.9409095767565498e-06
0.79074999999999995,-0.029083251953125,-0.029085780152437946,2.528199312946261e-06
0.79087499999999999,-0.037994384765625,-0.037992803823396537,-1.5809422284629449e-06
0.79100000000000004,-0.041107177734375,-0.041112741430258934,5.5636958839339057e-06
0.79112499999999997,-0.0379638671875,-0.037973622080412411,9.7548929124113837e-06
0.79125000000000001,-0.029052734375,-0.02905635770311505,3.6233281150502283e-06
0.79137500000000005,-0.015716552734375,-0.015721070519424018,4.5177850490178695e-06
0.79149999999999998,0,3.6105636654692942e-07,-3.6105636654692942e-07
0.79162500000000002,0.015716552734375,0.015713896085312751,2.6566490622485783e-06
0.79174999999999995,0.029022216796875,0.029027892217966075,-5.6754210910753278e-06
0.791875,0.03790283203125,0.037917119502857637,-1.4287471607636604e-05
0.79200000000000004,0.041015625,0.041030823188852761,-1.5198188852760808e-05
0.79212499999999997,0.03790283203125,0.037897975424672832,4.8566065771679656e-06
0.79225000000000001,0.02899169921875,0.02899852733466474,-6.8281159147400017e-06
0.79237500000000005,0.01568603515625,0.015689883677593244,-3.8485213432436216e-06
0.79249999999999998,0,-1.3676788607888194e-07,1.3676788607888194e-07
0.79262500000000002,-0.01568603515625,-0.015682276312520942,-3.7588437290583809e-06
0.79274999999999995,-0.028961181640625,-0.028969671084251958,8.4894436269584983e-06
0.792875,-0.037841796875,-0.037841137540588481,-6.5933441151938554e-07
0.79300000000000004,-0.04095458984375,-0.040948619761646488,-5.970082103512464e-06
0.79312499999999997,-0.037811279296875,-0.037822031053268056,1.0751756393055645e-05
0.79325000000000001,-0.0289306640625,-0.028940363654392835,9.6995918928352576e-06
0.79337500000000005,-0.015655517578125,-0.015658310290958662,2.7927128336616147e-06
0.79349999999999998,0,3.6178306699632251e-07,-3.6178306699632251e-07
0.79362500000000002,0.015655517578125,0.015651168571304084,4.3490068209160737e-06
0.79374999999999996,0.028900146484375,0.028912015131603991,-1.1868647228990836e-05
0.793875,0.037750244140625,0.037765756245798171,-1.5512105173171031e-05
0.79400000000000004,0.040863037109375,0.040867029432989546,-3.992323614546156e-06
0.79412499999999997,0.037750244140625,0.037746687275552207,3.5568650727929585e-06
0.79425000000000001,0.02886962890625,0.028882765042827854,-1.3136136577853591e-05
0.79437500000000005,0.015625,0.015627248846346021,-2.2488463460208774e-06
0.79449999999999998,0,-1.3748969532888585e-07,1.3748969532888585e-07
0.79462500000000003,-0.015625,-0.015619674124012555,-5.3258759874445089e-06
0.79474999999999996,-0.028839111328125,-0.028854025516222334,1.4914188097334136e-05
0.794875,-0.037689208984375,-0.037690076703839052,8.6771946405245215e-07
0.79500000000000004,-0.040771484375,-0.040785153263367513,1.3668888367512899e-05
0.79512499999999997,-0.03765869140625,-0.037671045177022522,1.2353770772521866e-05
0.79525000000000001,-0.028839111328125,-0.028824832656389528,-1.4278671735472315e-05
0.79537500000000005,-0.015594482421875,-0.015595800606381308,1.3181845063079539e-06
0.79549999999999998,0,3.6250000176534221e-07,-3.6250000176534221e-07
0.79562500000000003,0.015594482421875,0.015588691457895079,5.790963979920502e-06
0.79574999999999996,0.02880859375,0.028796600619341306,1.1993130658694007e-05
0.795875,0.037628173828125,0.037614997225129981,1.317660299501866e-05
0.79600000000000004,0.04071044921875,0.040703889538438821,6.5596803111786506e-06
0.79612499999999997,0.03759765625,0.037596003068242297,1.6531817577034036e-06
0.79625000000000001,0.028778076171875,0.028767464876537977,1.0611295337022847e-05
0.79637500000000006,0.01556396484375,0.015564864058391002,-8.9921464100153892e-07
0.79649999999999999,0,-1.3820177213967068e-07,1.3820177213967068e-07
0.79662500000000003,-0.01556396484375,-0.015557321835828237,-6.6430079217628252e-06
0.79674999999999996,-0.02874755859375,-0.028738841598085367,-8.7169956646329649e-06
0.796875,-0.03753662109375,-0.03753961889622693,2.9978024769297673e-06
0.79700000000000004,-0.040618896484375,-0.040622339319995454,3.44283562045411e-06
0.79712499999999997,-0.037506103515625,-0.03752066203591533,1.4558520290329502e-05
0.79725000000000001,-0.028717041015625,-0.028709762860596767,-7.2781550282327578e-06
0.79737499999999994,-0.015533447265625,-0.015533540465500558,9.3199875558433454e-08
0.79749999999999999,0,3.6320722801490993e-07,-3.6320722801490993e-07
0.79762500000000003,0.015533447265625,0.015526463745534113,6.9835200908873601e-06
0.79774999999999996,0.0286865234375,0.028681646834611073,4.8766028889271618e-06
0.797875,0.0374755859375,0.037464840028764282,1.0745908735718124e-05
0.79800000000000004,0.04052734375,0.040541400894999649,-1.4057144999649052e-05
0.79812499999999997,0.037445068359375,0.037445920391809301,-8.5203243430087561e-07
0.79825000000000002,0.028656005859375,0.028652624990966984,3.3808684080163798e-06
0.79837499999999995,0.0155029296875,0.015502728315560745,2.0137193925545693e-07
0.79849999999999999,0,-1.3890418271195182e-07,1.3890418271195182e-07
0.79862500000000003,-0.0155029296875,-0.015495218450396288,-7.7112371037121874e-06
0.79874999999999996,-0.02862548828125,-0.028624117486963488,-1.3707942865121003e-06
0.798875,-0.037384033203125,-0.037389761710489723,5.7285073647231344e-06
0.79900000000000004,-0.04046630859375,-0.040460175326544542,-6.1332672054575932e-06
0.79912499999999997,-0.037384033203125,-0.037370879223829735,-1.3153979295264795e-05
0.79925000000000002,-0.028594970703125,-0.028595152425885489,1.8172276048875058e-07
0.79937499999999995,-0.015472412109375,-0.015471528872117878,-8.8323725712206869e-07
0.79949999999999999,0,3.639048302500991e-07,-3.639048302500991e-07
0.79962500000000003,0.015472412109375,0.015464484438633979,7.9276707410213393e-06
0.79974999999999996,0.028564453125,0.028567151938217735,-2.6988132177351021e-06
0.799875,0.037322998046875,0.037315282254241265,7.7157926337348415e-06
0.80000000000000004,0.040374755859375,0.040379560902890944,-4.8050435159444072e-06
0.80012499999999998,0.03729248046875,0.037296436844947385,-3.9563761973851475e-06
0.80025000000000002,0.028533935546875,0.028538243548670957,-4.3080017959572225e-06
0.80037499999999995,0.01544189453125,0.015440840623595983,1.0539076540170417e-06
0.80049999999999999,0,-1.3959699287299562e-07,1.3959699287299562e-07
0.80062500000000003,-0.01544189453125,-0.015433362974127183,-8.5315571228174875e-06
0.80074999999999996,-0.02850341796875,-0.028509851347329303,6.4333785793034559e-06
0.800875,-0.0372314453125,-0.037240502748964122,9.0574364641216043e-06
0.80100000000000005,-0.040313720703125,-0.040298658688428003,-1.5062014696996806e-05
0.80112499999999998,-0.0372314453125,-0.03722169434425418,-9.7509682458196689e-06
0.80125000000000002,-0.028472900390625,-0.028480999518476439,8.0991278514387643e-06
0.80137499999999995,-0.015411376953125,-0.015409764834020094,-1.6121191049062872e-06
0.80149999999999999,0,3.6459286484794957e-07,-3.6459286484794957e-07
0.80162500000000003,0.015411376953125,0.015402752545590275,8.6244075347251953e-06
0.80174999999999996,0.0284423828125,0.028453114098307673,-1.0731285807672603e-05
0.801875,0.03717041015625,0.037166321508691598,4.0886475584020476e-06
0.80200000000000005,0.04022216796875,0.040218366972709918,3.8009960400819942e-06
0.80212499999999998,0.037139892578125,0.03714755003592618,-7.6574578011801009e-06
0.80225000000000002,0.028411865234375,0.028424318719534544,-1.2453485159543559e-05
0.80237499999999995,0.015380859375,0.015379199992283214,1.6593827167864228e-06
0.80249999999999999,0,-1.402802680785468e-07,1.402802680785468e-07
0.80262500000000003,-0.015380859375,-0.015371754417397691,-9.1049576023093104e-06
0.80274999999999996,-0.02838134765625,-0.028396041351002172,1.469369475217211e-05
0.80287500000000001,-0.037078857421875,-0.037091839623561704,1.298220168670372e-05
0.80300000000000005,-0.040130615234375,-0.040137786821416638,7.1715870416377836e-06
0.80312499999999998,-0.037078857421875,-0.037073105010243995,-5.7524116310048168e-06
0.80325000000000002,-0.02838134765625,-0.028367302311910852,-1.4045344339148197e-05
0.80337499999999995,-0.015350341796875,-0.01534824736292964,-2.0944339453599081e-06
0.80349999999999999,0,3.6527139707916537e-07,-3.6527139707916537e-07
0.80362500000000003,0.015350341796875,0.015341267078756984,9.0747181180159814e-06
0.80374999999999996,0.028350830078125,0.028339531490339916,1.1298587785084357e-05
0.80387500000000001,0.037017822265625,0.037017955408798243,-1.3314317324347735e-07
0.80400000000000005,0.040069580078125,0.040057816525390595,1.1763552734404825e-05
0.80412499999999998,0.0369873046875,0.036999257582573622,-1.1952895073621961e-05
0.80425000000000002,0.0283203125,0.028310848680748277,9.4638192517232378e-06
0.80437499999999995,0.01531982421875,0.01531780543533641,2.0187834135904081e-06
0.80449999999999999,0,-1.4095407341474514e-07,1.4095407341474514e-07
0.80462500000000003,-0.01531982421875,-0.015310391794526637,-9.4324242233632255e-06
0.80474999999999997,-0.028289794921875,-0.028282685677079977,-7.1092447950227289e-06
0.80487500000000001,-0.036956787109375,-0.036943769955727235,-1.3017153647765234e-05
0.80500000000000005,-0.03997802734375,-0.039977557151597412,-4.7019215258792268e-07
0.80512499999999998,-0.03692626953125,-0.036925108844383166,-1.1606868668342929e-06
0.80525000000000002,-0.02825927734375,-0.028254058987027684,-5.2183567223161587e-06
0.80537499999999995,-0.015289306640625,-0.015286975474539628,-2.3311660853723992e-06
0.80549999999999999,0,3.659404918458013e-07,-3.659404918458013e-07
0.80562500000000004,0.015289306640625,0.01528002705443063,9.2795861943700125e-06
0.80574999999999997,0.028228759765625,0.02822640229705696,2.3574685680399776e-06
0.80587500000000001,0.036865234375,0.036870181580754773,-4.9472057547725323e-06
0.80600000000000005,0.039886474609375,0.039897906992162613,-1.1432382787612827e-05
0.80612499999999998,0.036865234375,0.0368515571122238,1.3677262776200239e-05
0.80625000000000002,0.0281982421875,0.028197831616779363,4.1057072063671596e-07
0.80637499999999995,0.0152587890625,0.015256655970406889,2.133092093110564e-06
0.80649999999999999,0,-1.4161847360003331e-07,1.4161847360003331e-07
0.80662500000000004,-0.0152587890625,-0.015249274123792766,-9.5149387072338693e-06
0.80674999999999997,-0.028167724609375,-0.028169782511936029,2.0579025610291402e-06
0.80687500000000001,-0.03680419921875,-0.036796291376400572,-7.9078423494277628e-06
0.80700000000000005,-0.039825439453125,-0.03981796711533233,-7.4723377926702583e-06
0.80712499999999998,-0.036773681640625,-0.036777703478746322,4.0218381213222298e-06
0.80725000000000002,-0.02813720703125,-0.028141267731908705,4.0607006587048411e-06
0.80737499999999995,-0.015228271484375,-0.015225948188464134,-2.323295910865511e-06
0.8075,0,3.6660021368316526e-07,-3.6660021368316526e-07
0.80762500000000004,0.015228271484375,0.015219031492834573,9.239991540427317e-06
0.80774999999999997,0.028106689453125,0.028113724708455669,-7.0352553306687882e-06
0.80787500000000001,0.036712646484375,0.036722997660241334,-1.0351175866334106e-05
0.80800000000000005,0.03973388671875,0.039738635814510065,-4.7490957600648809e-06
0.80812499999999998,0.036712646484375,0.036704446261682414,8.2002226925864674e-06
0.80825000000000002,0.028076171875,0.028085265719342674,-9.0938443426738513e-06
0.80837499999999995,0.01519775390625,0.015195750619067562,2.0032871824379739e-06
0.8085,0,-1.4227352396059252e-07,1.4227352396059252e-07
0.80862500000000004,-0.01519775390625,-0.015188400427368532,-9.3534788814676056e-06
0.80874999999999997,-0.028045654296875,-0.028057330049183517,1.1675752308516751e-05
0.80887500000000001,-0.036651611328125,-0.036649401525978773,-2.2098021462274575e-06
0.80900000000000005,-0.0396728515625,-0.039659014159217361,-1.3837403282639105e-05
0.80912499999999998,-0.03662109375,-0.036630886554864316,9.7928048643156074e-06
0.80925000000000002,-0.02801513671875,-0.028028926741888185,1.3790023138185448e-05
0.80937499999999996,-0.015167236328125,-0.015165164528231009,-2.0717998939906446e-06
0.8095,0,3.6725062676171233e-07,-3.6725062676171233e-07
0.80962500000000004,0.015167236328125,0.015158279418103323,8.9569100216770059e-06
0.80974999999999997,0.02801513671875,0.028001496921751957,1.3639796998043269e-05
0.80987500000000001,0.036590576171875,0.036576401292365932,1.4174879509068483e-05
0.81000000000000005,0.039581298828125,0.039580000444130591,1.2983839944094577e-06
0.81012499999999998,0.03656005859375,0.036557922677189096,2.1359165609038944e-06
0.81025000000000003,0.027984619140625,0.027973149187371756,1.1469953253243764e-05
0.81037499999999996,0.01513671875,0.015135088406805627,1.6303431943729546e-06
0.8105,0,-1.4291930657411775e-07,1.4291930657411775e-07
0.81062500000000004,-0.01513671875,-0.015127769731338158,-8.9490186618423201e-06
0.81074999999999997,-0.0279541015625,-0.027945326489646614,-8.7750728533855793e-06
0.81087500000000001,-0.0364990234375,-0.03650309805427833,4.0746167783295428e-06
0.81100000000000005,-0.03948974609375,-0.039500695740041621,1.0949646291620596e-05
0.81112499999999998,-0.0364990234375,-0.036484655723672627,-1.4367713827373452e-05
0.81125000000000003,-0.027923583984375,-0.027917034219498243,-6.5497648767572081e-06
0.81137499999999996,-0.015106201171875,-0.015104623521266269,-1.5776506087309544e-06
0.8115,0,3.6789179488892994e-07,-3.6789179488892994e-07
0.81162500000000004,0.015106201171875,0.015097769858266928,8.4313136080715195e-06
0.81174999999999997,0.02789306640625,0.027889717141377449,3.3492648725506891e-06
0.81187500000000001,0.03643798828125,0.036430390131640691,7.5981496093086021e-06
0.81200000000000006,0.0394287109375,0.039421998342894601,6.7125946053986363e-06
0.81212499999999999,0.036407470703125,0.036411984014379617,-4.5133112546169585e-06
0.81225000000000003,0.027862548828125,0.027861480226990094,1.0686011349056446e-06
0.81237499999999996,0.01507568359375,0.015074668362973682,1.0152307763182378e-06
0.8125,0,-1.4355587600467384e-07,1.4355587600467384e-07
0.81262500000000004,-0.01507568359375,-0.015067381065673622,-8.3025280763777271e-06
0.81274999999999997,-0.02783203125,-0.027833770041331689,1.7387913316888048e-06
0.81287500000000001,-0.036346435546875,-0.036357378620497607,1.094307362260738e-05
0.81299999999999994,-0.039337158203125,-0.039343009324746658,5.8511216216583506e-06
0.81312499999999999,-0.036346435546875,-0.036339008645494518,-7.4269013804820205e-06
0.81325000000000003,-0.027801513671875,-0.027805588374446528,4.0747025715284768e-06
0.81337499999999996,-0.015045166015625,-0.015044324198878512,-8.41816746487839e-07
0.8135,0,3.6852378151121188e-07,-3.6852378151121188e-07
0.81362500000000004,0.015045166015625,0.015037501845227161,7.6641703978391762e-06
0.81374999999999997,0.02777099609375,0.027778383578912481,-7.3874851624806948e-06
0.81387500000000002,0.036285400390625,0.036284961841940813,4.3854868418680137e-07
0.81399999999999995,0.039276123046875,0.039264626982804689,1.1496064070311285e-05
0.81412499999999999,0.0362548828125,0.036266627938248489,-1.1745125748488516e-05
0.81425000000000003,0.027740478515625,0.027750257051488661,-9.7785358636609532e-06
0.81437499999999996,0.0150146484375,0.015014489520824148,1.5891667585164748e-07
0.8145,0,-1.4418329551880837e-07,1.4418329551880837e-07
0.81462500000000004,-0.0150146484375,-0.015007233464219139,-7.4149732808611452e-06
0.81474999999999997,-0.0277099609375,-0.027722658919398641,1.269798189864127e-05
0.81487500000000002,-0.036224365234375,-0.036212240893179336,-1.2124341195664246e-05
0.81499999999999995,-0.0391845703125,-0.03918595239038597,1.3820778859696681e-06
0.81512499999999999,-0.03619384765625,-0.03619394298998984,9.53337398398868e-08
0.81525000000000003,-0.0277099609375,-0.027694587423587557,-1.5373513912442932e-05
0.81537499999999996,-0.014984130859375,-0.014984265596243447,1.3473686844706068e-07
0.8155,0,3.6914664081475139e-07,-3.6914664081475139e-07
0.81562500000000004,0.014984130859375,0.014977474414775092,6.6564445999079541e-06
0.81574999999999998,0.027679443359375,0.027667494453082961,1.1948906292039152e-05
0.81587500000000002,0.0361328125,0.036140114096467231,-7.3015964672309974e-06
0.81599999999999995,0.039093017578125,0.039107883845955101,-1.4866267830100643e-05
0.81612499999999999,0.0361328125,0.036121852123111538,1.0960376888462242e-05
0.81625000000000003,0.02764892578125,0.027639477881272061,9.4478999779386286e-06
0.81637499999999996,0.01495361328125,0.014954550917460493,-9.3763621049347545e-07
0.8165,0,-1.448016280247719e-07,1.448016280247719e-07
0.81662500000000005,-0.01495361328125,-0.014947325964675691,-6.2873165743090875e-06
0.81674999999999998,-0.027618408203125,-0.027611991346132327,-6.4168569926734143e-06
0.81687500000000002,-0.03607177734375,-0.036067682550169934,-4.0947935800658697e-06
0.81699999999999995,-0.039031982421875,-0.039029522424084549,-2.459997790450752e-06
0.81712499999999999,-0.036041259765625,-0.036049456436121133,8.1966704961328185e-06
0.81725000000000003,-0.027587890625,-0.027584029590894232,-3.8610341057676578e-06
0.81737499999999996,-0.014923095703125,-0.014924446752388425,1.3510492634250665e-06
0.8175,0,3.6976045336682689e-07,-3.6976045336682689e-07
0.81762500000000005,0.014923095703125,0.01491768660652603,5.4090965989697648e-06
0.81774999999999998,0.027557373046875,0.027557047989725598,3.2505714940220254e-07
0.81787500000000002,0.0360107421875,0.035995844577709379,1.4897609790620603e-05
0.81799999999999995,0.0389404296875,0.038951766424491586,-1.1336736991586494e-05
0.81812499999999999,0.035980224609375,0.035977654252572114,2.5703568028861978e-06
0.81825000000000003,0.02752685546875,0.027529140943868054,-2.2854751180537147e-06
0.81837499999999996,0.014892578125,0.014894851593830123,-2.2734688301228462e-06
0.81850000000000001,0,-1.4541093607436953e-07,1.4541093607436953e-07
0.81862500000000005,-0.014892578125,-0.014887657608585647,-4.9205164143525243e-06
0.81874999999999998,-0.027496337890625,-0.0275017655509079,5.4276602829000931e-06
0.81887500000000002,-0.035919189453125,-0.035923701278595989,4.5118254709888839e-06
0.81899999999999995,-0.03887939453125,-0.038873716922998805,-5.6776082511950099e-06
0.81912499999999999,-0.035919189453125,-0.035905546672116491,-1.3642781008509075e-05
0.81925000000000003,-0.0274658203125,-0.02747391310742937,8.0927949293700674e-06
0.81937499999999996,-0.014862060546875,-0.01486486671018524,2.8061633102396261e-06
0.81950000000000001,0,3.7036527260506555e-07,-3.7036527260506555e-07
0.81962500000000005,0.014862060546875,0.014858137463937283,3.9230829377168847e-06
0.81974999999999998,0.027435302734375,0.027447042421759403,-1.1739687384403064e-05
0.81987500000000002,0.035858154296875,0.035852150977408105,6.0033194668948631e-06
0.81999999999999995,0.038787841796875,0.038796272220571151,-8.4304236961513235e-06
0.82012499999999999,0.03582763671875,0.035834032019470441,-6.3953007204409218e-06
0.82025000000000003,0.02740478515625,0.02741924447387379,-1.4459317623789769e-05
0.82037499999999997,0.01483154296875,0.014835390594709065,-3.8476259590653622e-06
0.82050000000000001,0,-1.4601128186480588e-07,1.4601128186480588e-07
0.82062500000000005,-0.01483154296875,-0.014828227441317421,-3.315527432578777e-06
0.82074999999999998,-0.02740478515625,-0.02739197977018748,-1.2805386062519908e-05
0.82087500000000002,-0.0357666015625,-0.035780294774806758,1.3693212306757629e-05
0.82099999999999995,-0.038726806640625,-0.038718533394276403,-8.2732463485973851e-06
0.82112499999999999,-0.0357666015625,-0.035762211395432612,-4.3901670673876514e-06
0.82125000000000004,-0.027374267578125,-0.027364236211317422,-1.003136680757799e-05
0.82137499999999997,-0.014801025390625,-0.014805524516302144,4.4991256771438615e-06
0.82150000000000001,0,3.7096116055006024e-07,-3.7096116055006024e-07
0.82162500000000005,0.014801025390625,0.014798826034284555,2.1993563404446026e-06
0.82174999999999998,0.02734375,0.027337475989157489,6.2740108425114738e-06
0.82187500000000002,0.03570556640625,0.035709030996518738,-3.464590268738299e-06
0.82199999999999995,0.03863525390625,0.038641398746322164,-6.1448400721642038e-06
0.82212499999999999,0.03570556640625,0.035690983125867069,1.4583280382930719e-05
0.82225000000000004,0.027313232421875,0.027309786712933968,3.4457089410321051e-06
0.82237499999999997,0.0147705078125,0.014776166968686682,-5.659156186681516e-06
0.82250000000000001,0,-1.4660272724051765e-07,1.4660272724051765e-07
0.82262500000000005,-0.0147705078125,-0.014769034512042102,-1.4733004578982439e-06
0.82274999999999998,-0.02728271484375,-0.027282632247454367,-8.2596295632869632e-08
0.82287500000000002,-0.03564453125,-0.035637460744351049,-7.0705056489511753e-06
0.82299999999999995,-0.03857421875,-0.038563969355016409,-1.0249394983591342e-05
0.823125,-0.035614013671875,-0.035619448312717954,5.4346408429536974e-06
0.82325000000000004,-0.027252197265625,-0.027254997147722487,2.7998820974865779e-06
0.82337499999999997,-0.014739990234375,-0.014746419221237641,6.4289868626412477e-06
0.82350000000000001,0,3.7154817887055089e-07,-3.7154817887055089e-07
0.82362500000000005,0.014739990234375,0.014739751368646713,2.3886572828729635e-07
0.82374999999999998,0.0272216796875,0.027228346938918888,-6.6672514188875764e-06
0.82387500000000002,0.035552978515625,0.035566482345170944,-1.3503829545943868e-05
0.82399999999999995,0.038482666015625,0.038487143523804494,-4.4775081794942717e-06
0.824125,0.035552978515625,0.035548505282992568,4.4732326324320448e-06
0.82425000000000004,0.027191162109375,0.027200765909712689,-9.6038003376888725e-06
0.82437499999999997,0.01470947265625,0.014717179768150436,-7.7071119004359923e-06
0.82450000000000001,0,-1.4718533369500059e-07,1.4718533369500059e-07
0.82462500000000005,-0.01470947265625,-0.014710077873750673,6.0521750067273061e-07
0.82474999999999998,-0.02716064453125,-0.027173721233210026,1.3076701960025583e-05
0.82487500000000002,-0.035491943359375,-0.035495196901936941,3.2535425619414915e-06
0.82499999999999996,-0.038421630859375,-0.038410022332229614,-1.1608527145386127e-05
0.825125,-0.035491943359375,-0.035477255139775975,-1.4688219599025276e-05
0.82525000000000004,-0.02716064453125,-0.027146194168795421,-1.4450362454579424e-05
0.82537499999999997,-0.014678955078125,-0.01468754987927256,8.5948011475604075e-06
0.82550000000000001,0,3.7212638888524463e-07,-3.7212638888524463e-07
0.82562500000000005,0.014678955078125,0.014680912521890604,-1.9574437656044719e-06
0.82574999999999998,0.027130126953125,0.02711965352504048,1.0473428084519648e-05
0.82587500000000003,0.035430908203125,0.035424502742645525,6.4054604794749892e-06
0.82599999999999996,0.038330078125,0.038333504084969917,-3.4259599699174026e-06
0.826125,0.035400390625,0.035406596211214218,-6.2055862142182394e-06
0.82625000000000004,0.027099609375,0.027092180319865392,7.4290551346084532e-06
0.82637499999999997,0.0146484375,0.014658428049270748,-9.9905492707483279e-06
0.82650000000000001,0,-1.4775915366533167e-07,1.4775915366533167e-07
0.82662500000000005,-0.0146484375,-0.014651356583190169,2.919083190168828e-06
0.82674999999999998,-0.027069091796875,-0.027065244984939785,-3.8468119352152996e-06
0.82687500000000003,-0.03533935546875,-0.035353500971395391,1.4145502645390717e-05
0.82699999999999996,-0.03826904296875,-0.038256689862798926,-1.2353105951073973e-05
0.827125,-0.03533935546875,-0.035335629601532019,-3.7258672179810159e-06
0.82725000000000004,-0.02703857421875,-0.02703782553368312,-7.4868506688002823e-07
0.82737499999999997,-0.014617919921875,-0.01462891554846313,1.0995626588130095e-05
0.82750000000000001,0,3.7269585156462807e-07,-3.7269585156462807e-07
0.82762500000000006,0.014617919921875,0.014622308552655922,-4.3886307809215541e-06
0.82774999999999999,0.027008056640625,0.027011394008482945,-3.3373678579445842e-06
0.82787500000000003,0.0352783203125,0.035283089917317788,-4.7696048177878203e-06
0.82799999999999996,0.038177490234375,0.038180477971622627,-2.9877372476269648e-06
0.828125,0.0352783203125,0.035265253639999633,1.3066672500366971e-05
0.82825000000000004,0.0269775390625,0.026984028206011021,-6.4891435110209228e-06
0.82837499999999997,0.01458740234375,0.014599910871993893,-1.2508528243892689e-05
0.82850000000000001,0,-1.4832426539790739e-07,1.4832426539790739e-07
0.82862499999999994,-0.01458740234375,-0.014592869700881052,5.4673571310524804e-06
0.82874999999999999,-0.026947021484375,-0.026957201767085021,1.0180282710020583e-05
0.82887500000000003,-0.03521728515625,-0.035212370685643694,-4.9144706063056209e-06
0.82899999999999996,-0.038116455078125,-0.03810396949343995,-1.2485584685049955e-05
0.829125,-0.035186767578125,-0.035194569431983534,7.8018538585342134e-06
0.82925000000000004,-0.02691650390625,-0.026929889508475805,1.3385602225805121e-05
0.82937499999999997,-0.014556884765625,-0.014570515290625877,1.3630525000876692e-05
0.82950000000000002,0,3.7325662753277016e-07,-3.7325662753277016e-07
0.82962499999999995,0.014556884765625,0.014563938523316187,-7.05375769118749e-06
0.82974999999999999,0.02691650390625,0.026903566657167553,1.29372490824467e-05
0.82987500000000003,0.03515625,0.035142241606634608,1.4008393365391725e-05
0.82999999999999996,0.03802490234375,0.038028062735379842,-3.160391629841719e-06
0.830125,0.035125732421875,0.035124475307880342,1.2571139946584986e-06
0.83025000000000004,0.026885986328125,0.026876307837704148,9.6784904208523093e-06
0.83037499999999997,0.014556884765625,0.014541627299994858,1.5257465630141506e-05
0.83050000000000002,0,-1.4888072060206971e-07,1.4888072060206971e-07
0.83062499999999995,-0.0145263671875,-0.01453461629109409,8.249103594090007e-06
0.83074999999999999,-0.02685546875,-0.02684958985101531,-5.8788989846896011e-06
0.83087500000000003,-0.035064697265625,-0.035071803786649272,7.1065210242721166e-06
0.83099999999999996,-0.0379638671875,-0.037951858780661755,-1.2008406838244501e-05
0.831125,-0.035064697265625,-0.035054072374183808,-1.0624891441192441e-05
0.83125000000000004,-0.026824951171875,-0.026822384366185493,-2.5668056895071512e-06
0.83137499999999998,-0.0145263671875,-0.014512348171322645,-1.4019016177355126e-05
0.83150000000000002,0,3.7380877706911682e-07,-3.7380877706911682e-07
0.83162499999999995,0.014495849609375,0.014505801500051785,-9.9518906767851606e-06
0.83174999999999999,0.02679443359375,0.026796169745911466,-1.7361521614661646e-06
0.83187500000000003,0.035003662109375,0.035001955557074901,1.7065523000986405e-06
0.83199999999999996,0.037872314453125,0.037876255937632719,-3.9414845077190286e-06
0.832125,0.03497314453125,0.034984258962415693,-1.1114431165692995e-05
0.83225000000000005,0.026763916015625,0.026769017491413413,-5.1014757884125517e-06
0.83237499999999998,0.014495849609375,0.014483576400710577,1.2273208664422691e-05
0.83250000000000002,0,-1.4942857938562193e-07,1.4942857938562193e-07
0.83262499999999995,-0.01446533203125,-0.014476595421835371,1.1263390585370542e-05
0.83274999999999999,-0.0267333984375,-0.02674240751500085,9.0090775008502821e-06
0.83287500000000003,-0.034942626953125,-0.034931798025393514,-1.0828927731486304e-05
0.83299999999999996,-0.037811279296875,-0.037800355290727804,-1.0924006147196297e-05
0.833125,-0.034912109375,-0.034914136180192498,2.0268051924982045e-06
0.83325000000000005,-0.026702880859375,-0.026715308386718376,1.2427527343376182e-05
0.83337499999999998,-0.01446533203125,-0.01445441325984562,-1.0918771404379995e-05
0.83350000000000002,0,3.7435236011027564e-07,-3.7435236011027564e-07
0.83362499999999995,0.014434814453125,0.014447896552722739,-1.3082099597739108e-05
0.83374999999999999,0.026702880859375,0.026689201556424819,1.3679302950181382e-05
0.83387500000000003,0.03485107421875,0.03486222952411356,-1.1155305363559631e-05
0.83399999999999996,0.0377197265625,0.037725055149507254,-5.328587007254193e-06
0.83412500000000001,0.03485107421875,0.034844602360156726,6.471858593273816e-06
0.83425000000000005,0.02667236328125,0.026662155450469575,1.0207830780425281e-05
0.83437499999999998,0.014434814453125,0.014425757245292829,9.0572078321714267e-06
0.83450000000000002,0,-1.4996790151441891e-07,1.4996790151441891e-07
0.83462499999999995,-0.014404296875,-0.014418806164831382,1.4509289831382208e-05
0.83474999999999999,-0.026641845703125,-0.02663565304418487,-6.1926589401302412e-06
0.83487500000000003,-0.0347900390625,-0.03479235116183256,2.31209933256038e-06
0.83499999999999996,-0.03765869140625,-0.03764945659961693,-9.2348066330696921e-06
0.83512500000000001,-0.0347900390625,-0.034774758611043094,-1.5280451456906041e-05
0.83525000000000005,-0.026611328125,-0.026608659856847305,-2.6682681526953023e-06
0.83537499999999998,-0.014404296875,-0.014396709629202458,-7.5872457975419139e-06
0.83550000000000002,0,3.7488742769982775e-07,-3.7488742769982775e-07
0.83562499999999995,0.014404296875,0.014390222754902175,1.4074120097825119e-05
0.83574999999999999,0.026580810546875,0.026582660377277072,-1.849830402071706e-06
0.83587500000000003,0.03472900390625,0.034723061272185524,5.9426340644763709e-06
0.83599999999999997,0.037567138671875,0.03757445795182545,-7.3192799504503969e-06
0.83612500000000001,0.034698486328125,0.034705503266613619,-7.0169384886187292e-06
0.83625000000000005,0.02655029296875,0.026555720005074626,-5.4270363246261555e-06
0.83637499999999998,0.014373779296875,0.014368168908601424,5.6103882735761279e-06
0.83650000000000002,0,-1.5049874641413906e-07,1.5049874641413906e-07
0.83662499999999995,-0.014373779296875,-0.014361247595514168,-1.2531701360831912e-05
0.83674999999999999,-0.026519775390625,-0.026529324730550134,9.549339925134237e-06
0.83687500000000004,-0.03466796875,-0.03465346096487449,-1.4507785125510153e-05
0.83699999999999997,-0.037506103515625,-0.037499160292984654,-6.9432226403459696e-06
0.83712500000000001,-0.034637451171875,-0.034635937436706989,-1.5137351680113986e-06
0.83725000000000005,-0.0264892578125,-0.026502437070184376,1.3179257684375889e-05
0.83737499999999998,-0.01434326171875,-0.014339236356101437,-4.0253626485634714e-06
0.83750000000000002,0,3.7541405623209475e-07,-3.7541405623209475e-07
0.83762499999999995,0.01434326171875,0.014332779183869366,1.0482534880633734e-05
0.83774999999999999,0.0264892578125,0.026476544503869569,1.2713308630431241e-05
0.83787500000000004,0.034576416015625,0.034584448574650012,-8.0325590250118761e-06
0.83799999999999997,0.03741455078125,0.037424461935066676,-9.9111538166760105e-06
0.83812500000000001,0.034576416015625,0.034566959456206796,9.456559418204169e-06
0.83825000000000005,0.026458740234375,0.026449709452250041,9.0307821249586973e-06
0.83837499999999998,0.014312744140625,0.014310810469189424,1.9336714355763784e-06
0.83850000000000002,0,-1.510211731720478e-07,1.510211731720478e-07
0.83862499999999995,-0.014312744140625,-0.014303918793006531,-8.8253476184692314e-06
0.83875,-0.02642822265625,-0.02642342087291584,-4.8017833341601479e-06
0.83887500000000004,-0.034515380859375,-0.034515125212324048,-2.5564705095210138e-07
0.83899999999999997,-0.037353515625,-0.037349463966124499,-4.051658875500741e-06
0.83912500000000001,-0.03448486328125,-0.034497670436057865,1.280715480786454e-05
0.83925000000000005,-0.026397705078125,-0.02639663832715361,-1.0667509713901957e-06
0.83937499999999998,-0.0142822265625,-0.014281992520944533,-2.3404155546739858e-07
0.83950000000000002,0,3.7593229603955434e-07,-3.7593229603955434e-07
0.83962499999999995,0.0142822265625,0.014275564920586969,6.6616419130312299e-06
0.83975,0.0263671875,0.026370852238408352,-3.6647384083522694e-06
0.83987500000000004,0.034454345703125,0.034446389213754938,7.95648937006177e-06
0.83999999999999997,0.037261962890625,0.037275064699329015,-1.310180870401495e-05
0.84012500000000001,0.034423828125,0.034428968712251033,-5.140587251033224e-06
0.84025000000000005,0.026336669921875,0.02634412209581561,-7.4521739406099852e-06
0.84037499999999998,0.014251708984375,0.014253681009288362,-1.9720249133624301e-06
0.84050000000000002,0,-1.5153524053875248e-07,1.5153524053875248e-07
0.84062499999999996,-0.014251708984375,-0.014246818840099493,-4.8901442755069219e-06
0.84075,-0.02630615234375,-0.026317939776874088,1.1787433124087893e-05
0.84087500000000004,-0.03436279296875,-0.034377341690860146,1.4548722110145629e-05
0.84099999999999997,-0.037200927734375,-0.037200365223929527,-5.6251044547317441e-07
0.84112500000000001,-0.03436279296875,-0.03435995539683611,-2.8375719138898359e-06
0.84125000000000005,-0.02630615234375,-0.026291261934963769,-1.4890408786230602e-05
0.84137499999999998,-0.01422119140625,-0.014224977207781309,3.7858015313092797e-06
0.84150000000000003,0,3.7644220570514128e-07,-3.7644220570514128e-07
0.84162499999999996,0.01422119140625,0.01421857904968633,2.6123565636700097e-06
0.84175,0.026275634765625,0.026265581889876911,1.0052875748088608e-05
0.84187500000000004,0.0343017578125,0.034308880980601385,-7.123168101384747e-06
0.84199999999999997,0.037139892578125,0.037126263854290902,1.3628723834098466e-05
0.84212500000000001,0.0343017578125,0.034291528826906822,1.0228985593177531e-05
0.84225000000000005,0.0262451171875,0.026238956246362296,6.1609411377040735e-06
0.84237499999999998,0.014190673828125,0.014196779614793584,-6.1057866685837459e-06
0.84250000000000003,0,-1.5204100692994876e-07,1.5204100692994876e-07
0.84262499999999996,-0.014190673828125,-0.014189946823268912,-7.2700485608846732e-07
0.84275,-0.026214599609375,-0.026212879754786964,-1.7198545880364735e-06
0.84287500000000004,-0.03424072265625,-0.034240108195997189,-6.1446025281103323e-07
0.84299999999999997,-0.03704833984375,-0.037051861680854031,3.5218371040313112e-06
0.84312500000000001,-0.034210205078125,-0.034222790115613473,1.2585037488473116e-05
0.84325000000000006,-0.02618408203125,-0.026186306207587232,2.2241763372315981e-06
0.84337499999999999,-0.01416015625,-0.014168189504341401,8.0332543414014107e-06
0.84350000000000003,0,3.7694384347774882e-07,-3.7694384347774882e-07
0.84362499999999996,0.01416015625,0.014161820659452833,-1.6644094528329295e-06
0.84375,0.026153564453125,0.026160731774009197,-7.1673208841965819e-06
0.84387500000000004,0.0341796875,0.034171921675105063,7.7658248949369346e-06
0.84399999999999997,0.0369873046875,0.036978057019172936,9.2476683270642512e-06
0.84412500000000001,0.034149169921875,0.034154637601148299,-5.4676792732993862e-06
0.84424999999999994,0.026123046875,0.026134210221225234,-1.1163346225234044e-05
0.84437499999999999,0.014129638671875,0.014140105375249616,-1.0466703374616138e-05
0.84450000000000003,0,-1.5253852202875068e-07,1.5253852202875068e-07
0.84462499999999996,-0.014129638671875,-0.014133301832613876,3.663160738876306e-06
0.84475,-0.026123046875,-0.026108239125753524,-1.4807749246475987e-05
0.84487500000000004,-0.034088134765625,-0.034103422532049836,1.5287766424836036e-05
0.84499999999999997,-0.036895751953125,-0.036903950960875322,8.1990077503216185e-06
0.84512500000000002,-0.034088134765625,-0.034086172397760982,-1.9623678640182107e-06
0.84524999999999995,-0.026092529296875,-0.026081769465726982,-1.075983114801754e-05
0.84537499999999999,-0.01409912109375,-0.014111628501988452,1.2507408238451867e-05
0.84550000000000003,0,3.7743726727396143e-07,-3.7743726727396143e-07
0.84562499999999996,0.01409912109375,0.014105288841811317,-6.1677480613173824e-06
0.84575,0.02606201171875,0.026056300213262627,5.7115054873727034e-06
0.84587500000000004,0.034027099609375,0.034035509105973964,-8.4094965989642279e-06
0.84599999999999997,0.036834716796875,0.036830441822699671,4.2749741753292381e-06
0.84612500000000002,0.034027099609375,0.034018292844728168,8.8067646468320548e-06
0.84624999999999995,0.026031494140625,0.026029882344456794,1.6117961682063364e-06
0.84637499999999999,0.014068603515625,0.014083657383835598,-1.5053868210598148e-05
0.84650000000000003,0,-1.5302786041858013e-07,1.5302786041858013e-07
0.84662499999999996,-0.014068603515625,-0.014076882961873488,8.2794462484877401e-06
0.84675,-0.0260009765625,-0.026004016215582858,3.0396530828584456e-06
0.84687500000000004,-0.033966064453125,-0.033967282512097775,1.2180589727753266e-06
0.84699999999999998,-0.0367431640625,-0.036756630697455758,1.3466634955758283e-05
0.84712500000000002,-0.033935546875,-0.03395010005740097,1.4553182400969811e-05
0.84724999999999995,-0.025970458984375,-0.025977650036754247,7.191052379246915e-06
0.84737499999999999,-0.014068603515625,-0.014055293295713461,-1.3310219911539384e-05
0.84750000000000003,0,3.7792253467978012e-07,-3.7792253467978012e-07
0.84762499999999996,0.0140380859375,0.014048982692311553,-1.0896754811553361e-05
0.84775,0.02593994140625,0.025952285536785372,-1.2344130535371645e-05
0.84787500000000005,0.033905029296875,0.03389964109065402,5.3882062209797965e-06
0.84799999999999998,0.03668212890625,0.036683415903061782,-1.2869968117820707e-06
0.84812500000000002,0.03387451171875,0.033882492376142555,-7.9806573925547686e-06
0.84824999999999995,0.02593994140625,0.025925970946799763,1.3970459450236838e-05
0.84837499999999999,0.0140380859375,0.01402743473735847,1.0651200141530495e-05
0.84850000000000003,0,-1.5350907108771812e-07,1.5350907108771812e-07
0.84862499999999996,-0.014007568359375,-0.014020689308404562,1.3120949029561679e-05
0.84875,-0.025909423828125,-0.025900209356767324,-9.2144713576755577e-06
0.84887500000000005,-0.033843994140625,-0.033831685957950879,-1.2308182674121426e-05
0.84899999999999998,-0.03662109375,-0.036609898533504874,-1.1195216495125948e-05
0.84912500000000002,-0.0338134765625,-0.033814570917391429,1.0943548914288392e-06
0.84924999999999995,-0.02587890625,-0.025873946254764864,-4.9599952351361831e-06
0.84937499999999999,-0.014007568359375,-0.0139991829841203,-8.3853752547002197e-06
0.84950000000000003,0,3.7839970295233871e-07,-3.7839970295233871e-07
0.84962499999999996,0.014007568359375,0.013992901310106071,1.4667049268928672e-05
0.84975000000000001,0.025848388671875,0.025848686080413245,-2.9740853824469782e-07
0.84987500000000005,0.03375244140625,0.033764315455307017,-1.1874049057017388e-05
0.84999999999999998,0.036529541015625,0.036536976907878244,-7.4358922532435923e-06
0.85012500000000002,0.03375244140625,0.033747234022596162,5.2073836538379936e-06
0.85024999999999995,0.02581787109375,0.025822474365660632,-4.6032719106317566e-06
0.85037499999999999,0.01397705078125,0.013971436536207686,5.6142450423138368e-06
0.85050000000000003,0,-1.5398221112950496e-07,1.5398221112950496e-07
0.85062499999999996,-0.01397705078125,-0.01396471997316712,-1.2330808082879757e-05
0.85075000000000001,-0.025787353515625,-0.025796816888455872,9.4633728308715637e-06
0.85087500000000005,-0.03369140625,-0.033696630700114194,5.2244501141940347e-06
0.85099999999999998,-0.036468505859375,-0.036463752121341668,-4.7537380333320667e-06
0.85112500000000002,-0.03369140625,-0.033679582809278283,-1.1823440721717149e-05
0.85124999999999995,-0.0257568359375,-0.025770656460487217,1.3820522987217226e-05
0.85137499999999999,-0.013946533203125,-0.013943296669411279,-3.2365337137209987e-06
0.85150000000000003,0,3.7886882902161177e-07,-3.7886882902161177e-07
0.85162499999999997,0.013946533203125,0.013937043797966533,9.4894051584672179e-06
0.85175000000000001,0.0257568359375,0.025745500186607574,1.1335750892425833e-05
0.85187500000000005,0.03363037109375,0.033629530034772655,8.4105897734526591e-07
0.85199999999999998,0.036376953125,0.03639112249415867,-1.4169369158670286e-05
0.85212500000000002,0.033599853515625,0.033612515619967469,-1.2662104342468783e-05
0.85224999999999995,0.025726318359375,0.025719390945088863,6.9274142861369681e-06
0.85237499999999999,0.013916015625,0.013915661884379489,3.5374062051091171e-07
0.85250000000000004,0,-1.5444734557706074e-07,1.5444734557706074e-07
0.85262499999999997,-0.013916015625,-0.01390897406071007,-7.0415642899300523e-06
0.85275000000000001,-0.02569580078125,-0.025693837156421619,-1.9636248283806668e-06
0.85287500000000005,-0.0335693359375,-0.033562114577750199,-7.2213597498010929e-06
0.85299999999999998,-0.03631591796875,-0.036318189122657024,2.2711539070241482e-06
0.85312500000000002,-0.033538818359375,-0.033545133573263948,6.3152138889480125e-06
0.85324999999999995,-0.025665283203125,-0.025667779001279343,2.4957981543428931e-06
0.85337499999999999,-0.013885498046875,-0.01388763345738042,2.1354105054199185e-06
0.85350000000000004,0,3.7932996949211438e-07,-3.7932996949211438e-07
0.85362499999999997,0.013885498046875,0.013881409262223175,4.0887846518254667e-06
0.85375000000000001,0.025634765625,0.025642726204452414,-7.9605794524144347e-06
0.85387500000000005,0.03350830078125,0.033495282672530685,1.3018108719314858e-05
0.85399999999999998,0.0362548828125,0.036245850328265876,9.0324842341241163e-06
0.85412500000000002,0.033477783203125,0.033478335012774141,-5.5180964914081088e-07
0.85424999999999995,0.025604248046875,0.025616719035726949,-1.2470988851948778e-05
0.854375,0.01385498046875,0.013860109889462248,-5.129420712247576e-06
0.85450000000000004,0,-1.5490449784145259e-07,1.5490449784145259e-07
0.85462499999999997,-0.01385498046875,-0.013853450679156838,-1.5297895931618011e-06
0.85475000000000001,-0.025604248046875,-0.02559126851305879,-1.2979533816209754e-05
0.85487500000000005,-0.033416748046875,-0.033428135438656824,1.1387391781823852e-05
0.85499999999999998,-0.036163330078125,-0.036173207208476298,9.8771303512976139e-06
0.85512500000000002,-0.033416748046875,-0.033411221058172687,-5.526988702313218e-06
0.85524999999999995,-0.02557373046875,-0.025565312231079169,-8.4182376708305529e-06
0.855375,-0.013824462890625,-0.013832192457368603,7.7295667436031584e-06
0.85550000000000004,0,3.7978318064459321e-07,-3.7978318064459321e-07
0.85562499999999997,0.013824462890625,0.013825996812781335,-1.53392215633541e-06
0.85575000000000001,0.025543212890625,0.025540362489622145,2.8504010028546078e-06
0.85587500000000005,0.033355712890625,0.033361571220679113,-5.8583300541134586e-06
0.85599999999999998,0.036102294921875,0.036101158085878451,1.1368359965485686e-06
0.85612500000000002,0.033355712890625,0.033344690054138489,1.1022836486511423e-05
0.85624999999999996,0.0255126953125,0.025514456994819197,-1.7616823191970998e-06
0.856375,0.0137939453125,0.013804779662599157,-1.0834350099157494e-05
0.85650000000000004,0,-1.5535376533948231e-07,1.5535376533948231e-07
0.85662499999999997,-0.0137939453125,-0.013798148940191119,4.2036276911190662e-06
0.85675000000000001,-0.025482177734375,-0.025489109317321203,6.9315829462034129e-06
0.85687500000000005,-0.033294677734375,-0.03329469113921403,1.3404839030450866e-08
0.85699999999999998,-0.036041259765625,-0.036028804059122087,-1.2455706502913222e-05
0.85712500000000003,-0.03326416015625,-0.033277843121416295,1.368296516629508e-05
0.85724999999999996,-0.02545166015625,-0.025463254510413254,1.1594354163254467e-05
0.857375,-0.013763427734375,-0.013776972782295178,1.3545047920178466e-05
0.85750000000000004,0,3.8022851843770939e-07,-3.8022851843770939e-07
0.85762499999999997,0.013763427734375,0.013770805563099512,-7.3778287245120089e-06
0.85775000000000001,0.02545166015625,0.025438407404355212,1.3252751894787806e-05
0.85787500000000005,0.033233642578125,0.03322839353988076,5.2490382442399453e-06
0.85799999999999998,0.03594970703125,0.035957043451953684,-7.3364207036838436e-06
0.85812500000000003,0.033203125,0.033211578605753175,-8.4536057531753306e-06
0.85824999999999996,0.025421142578125,0.025412603186161998,8.539391963002102e-06
0.858375,0.013763427734375,0.013749670318443969,1.3757415931030595e-05
0.85850000000000004,0,-1.5579518733722157e-07,1.5579518733722157e-07
0.85862499999999997,-0.01373291015625,-0.013743067959042655,1.015780279265549e-05
0.85875000000000001,-0.025390625,-0.025387357934719485,-3.2670652805148748e-06
0.85887500000000006,-0.033172607421875,-0.033161779544362169,-1.0827877512831208e-05
0.85899999999999999,-0.035888671875,-0.035884977364177048,-3.694510822951913e-06
0.85912500000000003,-0.03314208984375,-0.033144997628959748,2.9077852097478263e-06
0.85924999999999996,-0.025360107421875,-0.025361604206347119,1.4967844721193446e-06
0.859375,-0.01373291015625,-0.01372197354861316,-1.0936607636839735e-05
0.85950000000000004,0,3.8066603850971347e-07,-3.8066603850971347e-07
0.85962499999999997,0.013702392578125,0.013715834630175158,-1.3442052050158249e-05
0.85975000000000001,0.02532958984375,0.025336859317427886,-7.2694736778858293e-06
0.85987499999999994,0.0330810546875,0.03309574749934182,-1.4692811841819642e-05
0.85999999999999999,0.03582763671875,0.035813504120690426,1.413259805957412e-05
0.86012500000000003,0.0330810546875,0.033078998537846988,2.0561496530124845e-06
0.86024999999999996,0.025299072265625,0.025311155980083488,-1.2083714458488437e-05
0.860375,0.013702392578125,0.013694780975230272,7.6116028947283143e-06
0.86050000000000004,0,-1.5622881931334085e-07,1.5622881931334085e-07
0.86062499999999997,-0.013702392578125,-0.013688206854473084,-1.418572365191606e-05
0.86075000000000002,-0.025299072265625,-0.025286012737289039,-1.3059528335961079e-05
0.86087499999999995,-0.03302001953125,-0.033029398527552253,9.3789963022533618e-06
0.86099999999999999,-0.035736083984375,-0.035741724822447037,5.6408380720365803e-06
0.86112500000000003,-0.03302001953125,-0.033012682455287094,-7.3370759629057258e-06
0.86124999999999996,-0.0252685546875,-0.025260359692464998,-8.194995035001873e-06
0.861375,-0.013671875,-0.013667193876302755,-4.6811236972445908e-06
0.86150000000000004,0,3.8109579618011112e-07,-3.8109579618011112e-07
0.86162499999999997,0.013671875,0.013661083134530568,1.0791865469431811e-05
0.86175000000000002,0.025238037109375,0.02523571660412818,2.3205052468201759e-06
0.86187499999999995,0.032958984375,0.032963630976774488,-4.6466017744883903e-06
0.86199999999999999,0.035675048828125,0.035670537795492278,4.5110326327216232e-06
0.86212500000000003,0.032958984375,0.03294694772915073,1.2036645849269889e-05
0.86224999999999996,0.02520751953125,0.025210113753417494,-2.5942221674943311e-06
0.862375,0.013641357421875,0.01364011075469659,1.2466671784096273e-06
0.86250000000000004,0,-1.5665471642859605e-07,1.5665471642859605e-07
0.86262499999999998,-0.013641357421875,-0.013633564748761836,-7.7926731131636867e-06
0.86275000000000002,-0.025177001953125,-0.025185072103564007,8.0701504390073842e-06
0.86287499999999995,-0.03289794921875,-0.032897545970761687,-4.0324798831342656e-07
0.86299999999999999,-0.035614013671875,-0.035599044141924205,-1.4969529950795146e-05
0.86312500000000003,-0.032867431640625,-0.03288089548336745,1.3463842742450494e-05
0.86324999999999996,-0.025146484375,-0.025159519348843824,1.30349738438236e-05
0.863375,-0.01361083984375,-0.013612632888857282,1.7930451072824261e-06
0.86350000000000005,0,3.8151783027888042e-07,-3.8151783027888042e-07
0.86362499999999998,0.01361083984375,0.013606550200198804,4.2896435511960429e-06
0.86375000000000002,0.025146484375,0.025134977646229864,1.1506728770135921e-05
0.86387499999999995,0.0328369140625,0.032832041858363081,4.8722041369186897e-06
0.86399999999999999,0.0355224609375,0.035528142188930766,-5.6812514307655326e-06
0.86412500000000003,0.032806396484375,0.03281542406686952,-9.0275824945196259e-06
0.86424999999999996,0.025115966796875,0.025109474889477557,6.4919073974427366e-06
0.864375,0.013580322265625,0.013585658782087527,-5.3365164625271411e-06
0.86450000000000005,0,-1.5707293352748317e-07,1.5707293352748317e-07
0.86462499999999998,-0.013580322265625,-0.013579140767692111,-1.1814979328887698e-06
0.86475000000000002,-0.02508544921875,-0.025084534418551324,-9.1480019867584694e-07
0.86487499999999995,-0.03277587890625,-0.032766219764385658,-9.6591418643418581e-06
0.86499999999999999,-0.03546142578125,-0.035456933039750324,-4.4927414996759341e-06
0.86512500000000003,-0.032745361328125,-0.032749634604621075,4.2732764960751179e-06
0.86524999999999996,-0.025054931640625,-0.025059081562027276,4.1499214022758246e-06
0.86537500000000001,-0.0135498046875,-0.013558289713269145,8.4850257691445469e-06
0.86550000000000005,0,3.8193222790244834e-07,-3.8193222790244834e-07
0.86562499999999998,0.0135498046875,0.013552234954709688,-2.4302672096878503e-06
0.86575000000000002,0.0250244140625,0.025034640831966579,-1.0226769466579327e-05
0.86587499999999995,0.03271484375,0.032700978038730184,1.3865711269815673e-05
0.86599999999999999,0.035400390625,0.035386315022708816,1.4075602291184486e-05
0.86612500000000003,0.032684326171875,0.032684425446624157,-9.9274749157385322e-08
0.86624999999999996,0.0250244140625,0.025009237778031049,1.5176284468950557e-05
0.86637500000000001,0.013519287109375,0.013531424186139788,-1.2137076764787841e-05
0.86650000000000005,0,-1.5748352513988355e-07,1.5748352513988355e-07
0.86662499999999998,-0.013519287109375,-0.013524934040536852,5.6469311618522616e-06
0.86675000000000002,-0.024993896484375,-0.024984398073704853,-9.4984106701473392e-06
0.86687499999999995,-0.032623291015625,-0.03263541780725325,1.2126791628250255e-05
0.86699999999999999,-0.035308837890625,-0.035315389242180334,6.5513515553339285e-06
0.86712500000000003,-0.032623291015625,-0.032618897718885716,-4.3932967392842914e-06
0.86724999999999997,-0.02496337890625,-0.024959044724999997,-4.3341812500027888e-06
0.86737500000000001,-0.013519287109375,-0.013504163480015857,-1.5123629359143492e-05
0.86750000000000005,0,3.8233902718674449e-07,-3.8233902718674449e-07
0.86762499999999998,0.01348876953125,0.013498136529075826,-9.3669978258256736e-06
0.86775000000000002,0.024932861328125,0.024934704556006021,-1.8432278810209812e-06
0.86787499999999995,0.032562255859375,0.032570437420902945,-8.1815615279451359e-06
0.86799999999999999,0.035247802734375,0.035245054027624262,2.748706750738128e-06
0.86812500000000004,0.032562255859375,0.032553949772454689,8.3060869203108179e-06
0.86824999999999997,0.02490234375,0.024909400815273462,-7.0570652734615325e-06
0.86837500000000001,0.01348876953125,0.01347740609906823,1.1363432181769884e-05
0.86850000000000005,0,-1.5788654548270264e-07,1.5788654548270264e-07
0.86862499999999998,-0.013458251953125,-0.013470943700030069,1.2691746905069481e-05
0.86875000000000002,-0.024871826171875,-0.024884661466899712,1.2835295024712229e-05
0.86887499999999995,-0.032501220703125,-0.032505138006581315,3.9173034563147469e-06
0.86899999999999999,-0.035186767578125,-0.035174410484545879,-1.2357093579121181e-05
0.86912500000000004,-0.032501220703125,-0.032488682734382907,-1.2537968742093453e-05
0.86924999999999997,-0.024871826171875,-0.02485940723716187,-1.2418934713129964e-05
0.86937500000000001,-0.013458251953125,-0.013450253323046146,-7.9986300788540549e-06
0.86950000000000005,0,3.8273828219279869e-07,-3.8273828219279869e-07
0.86962499999999998,0.013458251953125,0.013444254057778727,1.3997895346272785e-05
0.86975000000000002,0.02484130859375,0.024835167219424265,6.1413743257347775e-06
0.86987499999999995,0.032440185546875,0.032440417916279572,-2.3236940457221911e-07
0.87,0.03509521484375,0.035104356943533525,-9.1420997835253703e-06
0.87012500000000004,0.03240966796875,0.032423994956762042,-1.4326988012042241e-05
0.87024999999999997,0.024810791015625,0.02480996240380267,8.2861182233023856e-07
0.87037500000000001,0.013427734375,0.013423603656551982,4.1307184480178505e-06
0.87050000000000005,0,-1.5828204846149915e-07,1.5828204846149915e-07
0.87062499999999998,-0.013427734375,-0.013417168882412159,-1.0565492587840883e-05
0.87075000000000002,-0.0247802734375,-0.024785323002406549,5.0495649065486481e-06
0.87087499999999995,-0.032379150390625,-0.032375378277941028,-3.7721126839723729e-06
0.871,-0.0350341796875,-0.035033994511219142,-1.8517628085773508e-07
0.87112500000000004,-0.0323486328125,-0.032358987567684599,1.0354755184599496e-05
0.87124999999999997,-0.024749755859375,-0.024760167504302412,1.0411644927411923e-05
0.87137500000000001,-0.013397216796875,-0.013396558379766081,-6.5841710891918759e-07
0.87150000000000005,0,3.8313004667110619e-07,-3.8313004667110619e-07
0.87162499999999998,0.013397216796875,0.013390586678754934,6.6301181200663362e-06
0.87175000000000002,0.024749755859375,0.024736027229680196,1.372862969480429e-05
0.87187499999999996,0.032318115234375,0.032310917444595889,7.1977897791106193e-06
0.872,0.03497314453125,0.034964221519315497,8.9230119345029557e-06
0.87212500000000004,0.03228759765625,0.032294558920280853,-6.9612640308525098e-06
0.87224999999999997,0.02471923828125,0.024710920952593432,8.3173286565679794e-06
0.87237500000000001,0.01336669921875,0.013370015997720603,-3.3167789706030348e-06
0.87250000000000005,0,-1.5867008767210664e-07,1.5867008767210664e-07
0.87262499999999998,-0.01336669921875,-0.013363608727327156,-3.0904914228441216e-06
0.87275000000000003,-0.024688720703125,-0.024686381090866124,-2.3396122588760504e-06
0.87287499999999996,-0.032257080078125,-0.032246136545224548,-1.0943532900452302e-05
0.873,-0.034881591796875,-0.034894139075576709,1.2547278701709186e-05
0.87312500000000004,-0.0322265625,-0.032229810143685846,3.2476436858455693e-06
0.87324999999999997,-0.024658203125,-0.024661323938575258,3.1208135752580635e-06
0.87337500000000001,-0.013336181640625,-0.013343077791025278,6.896150400278328e-06
0.87350000000000005,0,3.8351437406324494e-07,-3.8351437406324494e-07
0.87362499999999998,0.013336181640625,0.013337133533382251,-9.5189275725084121e-07
0.87375000000000003,0.024627685546875,0.024637283000590045,-9.5974537150447792e-06
0.87387499999999996,0.032196044921875,0.032181933933892057,1.4110987982943191e-05
0.874,0.034820556640625,0.034824645512835484,-4.0888722104837072e-06
0.87412500000000004,0.03216552734375,0.032165639592046116,-1.1224829611633513e-07
0.87424999999999997,0.02459716796875,0.024612274876971926,-1.5106908221925591e-05
0.87437500000000001,0.0133056640625,0.013316642265140321,-1.0978202640321219e-05
0.87450000000000006,0,-1.5905071640224847e-07,1.5905071640224847e-07
0.87462499999999999,-0.0133056640625,-0.013310262377868334,4.5983153683336331e-06
0.87475000000000003,-0.02459716796875,-0.024587834149263771,-9.3338194862291335e-06
0.87487499999999996,-0.0321044921875,-0.032117410740611751,1.2918553111751496e-05
0.875,-0.034759521484375,-0.034754841939963657,-4.6795444113428841e-06
0.87512500000000004,-0.0321044921875,-0.032101148395547292,-3.3437919527076754e-06
0.87524999999999997,-0.024566650390625,-0.024562874958472741,-3.7754321522594225e-06
0.87537500000000001,-0.013275146484375,-0.013289810701103143,1.4664216728143414e-05
0.87549999999999994,0,3.8389131750348617e-07,-3.8389131750348617e-07
0.87562499999999999,0.013275146484375,0.013283893766465996,-8.7472820909963167e-06
0.87575000000000003,0.0245361328125,0.024538932952290805,-2.800139790804651e-06
0.87587499999999996,0.03204345703125,0.032053465320479403,-1.0008289229403167e-05
0.876,0.034698486328125,0.034685626690909376,1.2859637215624498e-05
0.87612500000000004,0.03204345703125,0.032037234909360196,6.2221218898039776e-06
0.87624999999999997,0.024505615234375,0.02451402259859034,-8.4073642153403849e-06
0.87637500000000002,0.013275146484375,0.013263481604800308,1.1664879574692366e-05
0.87649999999999995,0,-1.5942395611838099e-07,1.5942395611838099e-07
0.87662499999999999,-0.01324462890625,-0.013257128980549641,1.250007429964145e-05
0.87675000000000003,-0.02447509765625,-0.024489680600904149,1.4582944654149138e-05
0.87687499999999996,-0.031982421875,-0.031989198804537183,6.7769295371833405e-06
0.877,-0.03460693359375,-0.034616100875657717,9.1672819077168177e-06
0.87712500000000004,-0.031982421875,-0.031973000264698605,-9.4216103013952668e-06
0.87724999999999997,-0.02447509765625,-0.024464818988800634,-1.0278667449365592e-05
0.87737500000000002,-0.01324462890625,-0.013236756257695196,-7.8726485548043929e-06
0.87749999999999995,0,3.8426092982039599e-07,-3.8426092982039599e-07
0.87762499999999999,0.01324462890625,0.013230866526210789,1.3762380039210667e-05
0.87775000000000003,0.024444580078125,0.024440975511259667,3.604566865333253e-06
0.87787499999999996,0.03192138671875,0.031925509548907459,-4.122830157458901e-06
0.878,0.0345458984375,0.034547162829267848,-1.2643917678481498e-06
0.87812500000000004,0.03192138671875,0.031909342817759673,1.2043900990327261e-05
0.87824999999999998,0.0244140625,0.024416162545401687,-2.1000454016872894e-06
0.87837500000000002,0.013214111328125,0.013210533166099018,3.578162025981782e-06
0.87849999999999995,0,-1.5978992265214354e-07,1.5978992265214354e-07
0.87862499999999999,-0.013214111328125,-0.013204207685292025,-9.9036428329746934e-06
0.87875000000000003,-0.024383544921875,-0.024391918875385978,8.3739535109775276e-06
0.87887499999999996,-0.0318603515625,-0.031861498685657103,1.1471231571025253e-06
0.879,-0.03448486328125,-0.034477913662833634,-6.949618416365877e-06
0.87912500000000005,-0.0318603515625,-0.031845363700781205,-1.4987861718794571e-05
0.87924999999999998,-0.02435302734375,-0.024367154460652914,1.4127116902913628e-05
0.87937500000000002,-0.01318359375,-0.013183913611899419,3.198618994185165e-07
0.87949999999999995,0,3.8462326353842892e-07,-3.8462326353842892e-07
0.87962499999999999,0.01318359375,0.013178050964265097,5.54278573490323e-06
0.87975000000000003,0.02435302734375,0.024343409110221755,9.6182335282447851e-06
0.87987499999999996,0.03179931640625,0.031798064571930983,1.2518343190173753e-06
0.88,0.034423828125,0.034409251712520829,1.457641247917113e-05
0.88012500000000005,0.031768798828125,0.031781961270982553,-1.3162442857553303e-05
0.88024999999999998,0.024322509765625,0.024318693151645698,3.816613979301664e-06
0.88037500000000002,0.013153076171875,0.013157796101830569,-4.7199299555693991e-06
0.88049999999999995,0,-1.6014863673545996e-07,1.6014863673545996e-07
0.88062499999999999,-0.013153076171875,-0.01315149764540985,-1.5785264651495962e-06
0.88075000000000003,-0.0242919921875,-0.024294547408576908,2.5552210769080874e-06
0.88087499999999996,-0.03173828125,-0.031734308340816628,-3.9729091833723418e-06
0.88100000000000001,-0.034332275390625,-0.034340278090527671,8.0026999026705514e-06
0.88112500000000005,-0.031707763671875,-0.031718236661621518,1.0472989746518335e-05
0.88124999999999998,-0.024261474609375,-0.024269879811386653,8.4052020116534565e-06
0.88137500000000002,-0.01312255859375,-0.013131281918202689,8.7233244526890852e-06
0.88149999999999995,0,3.8497837087951503e-07,-3.8497837087951503e-07
0.88162499999999999,0.01312255859375,0.013125446235620323,-2.8876418703225465e-06
0.88175000000000003,0.02423095703125,0.024246232188169816,-1.5275156919816041e-05
0.88187499999999996,0.03167724609375,0.031671128350477307,6.1177432726933212e-06
0.88200000000000001,0.034271240234375,0.034271891134122059,-6.5089974705945242e-07
0.88212500000000005,0.031646728515625,0.031655088230935553,-8.3597153105532951e-06
0.88224999999999998,0.02423095703125,0.024221612857779452,9.3441734705483614e-06
0.88237500000000002,0.013092041015625,0.013105269568171206,-1.3228552546205516e-05
0.88249999999999995,0,-1.6050015043959078e-07,1.6050015043959078e-07
0.88262499999999999,-0.013092041015625,-0.013098998017597344,6.9570019723443066e-06
0.88275000000000003,-0.024200439453125,-0.024197564642577517,-2.8748105474832308e-06
0.88287499999999997,-0.0316162109375,-0.031607625735017117,-8.5852024828830809e-06
0.88300000000000001,-0.034210205078125,-0.03420319195660218,-7.013121522819743e-06
0.88312500000000005,-0.031585693359375,-0.031591617113198335,5.9237538233350429e-06
0.88324999999999998,-0.024169921875,-0.024172993484597036,3.0716095970363677e-06
0.88337500000000002,-0.013092041015625,-0.013078860334467226,-1.3180681157774071e-05
0.88349999999999995,0,3.8532630376463708e-07,-3.8532630376463708e-07
0.88362499999999999,0.0130615234375,0.013073051498655565,-1.152806115556522e-05
0.88375000000000004,0.024139404296875,0.024149443190328027,-1.0038893453027248e-05
0.88387499999999997,0.03155517578125,0.031544698853613655,1.0476927636345057e-05
0.88400000000000001,0.034149169921875,0.034135078896333729,1.4091025541271285e-05
0.88412500000000005,0.031524658203125,0.031528721667661394,-4.0634645363940569e-06
0.88424999999999998,0.024139404296875,0.024124920110518946,1.4484186356054224e-05
0.88437500000000002,0.0130615234375,0.01305295272466577,8.5707128342302902e-06
0.88449999999999995,0,-1.6084451553563618e-07,1.6084451553563618e-07
0.88462499999999999,-0.0130615234375,-0.013046707961915113,-1.4815475584887064e-05
0.88475000000000004,-0.02410888671875,-0.024100969025740451,-7.9176930095486986e-06
0.88487499999999997,-0.031494140625,-0.031481448841383528,-1.2691783616472496e-05
0.88500000000000001,-0.0340576171875,-0.034066653067710451,9.035880210450653e-06
0.88512500000000005,-0.031463623046875,-0.031465503029610258,1.8799827352575238e-06
0.88524999999999998,-0.024078369140625,-0.024076493930092445,-1.8752105325550716e-06
0.88537500000000002,-0.013031005859375,-0.013026648021931446,-4.3578374435537109e-06
0.88549999999999995,0,3.8566711381540203e-07,-3.8566711381540203e-07
0.885625,0.013031005859375,0.013020865915109573,1.0139944265427289e-05
0.88575000000000004,0.0240478515625,0.024053040568127151,-5.1890056271507168e-06
0.88587499999999997,0.03143310546875,0.031418774058514634,1.4331410235365882e-05
0.88600000000000001,0.03399658203125,0.033998812810191389,-2.2307789413894552e-06
0.88612500000000005,0.031402587890625,0.03140285955930644,-2.7166868143968514e-07
0.88624999999999998,0.024017333984375,0.024028613362769846,-1.1279378394846162e-05
0.88637500000000002,0.01300048828125,0.013000844734214277,-3.5645296427716522e-07
0.88649999999999995,0,-1.6118178349610225e-07,1.6118178349610225e-07
0.886625,-0.01300048828125,-0.012994626641776702,-5.8616394732983329e-06
0.88675000000000004,-0.024017333984375,-0.024004759012579379,-1.2574971795620976e-05
0.88687499999999997,-0.031341552734375,-0.031355775641132046,1.4222906757045684e-05
0.88700000000000001,-0.033935546875,-0.033930659239261515,-4.8876357384847191e-06
0.88712500000000005,-0.031341552734375,-0.031339892393043266,-1.6603413317342608e-06
0.88724999999999998,-0.02398681640625,-0.023980379603880563,-6.4368023694368059e-06
0.88737500000000002,-0.012969970703125,-0.012974644145139254,4.673442014253501e-06
0.88749999999999996,0,3.8600085235560334e-07,-3.8600085235560334e-07
0.887625,0.012969970703125,0.012968888650067336,1.0820530576636372e-06
0.88775000000000004,0.023956298828125,0.023957022779179736,-7.2395105473604948e-07
0.88787499999999997,0.031280517578125,0.031293351950429912,-1.2834372304912356e-05
0.88800000000000001,0.03387451171875,0.033863090695468882,1.1421023281117659e-05
0.88812500000000005,0.031280517578125,0.031277499892088216,3.0176860367839287e-06
0.88824999999999998,0.02392578125,0.023932691073613874,-6.9098236138744051e-06
0.88837500000000003,0.012939453125,0.012948944763058507,-9.4916380585074317e-06
0.88849999999999996,0,-1.6151200549646066e-07,1.6151200549646066e-07
0.888625,-0.012939453125,-0.0129427532239352,3.3000989351997939e-06
0.88875000000000004,-0.023895263671875,-0.023908933063788503,1.3669391913502527e-05
0.88887499999999997,-0.031219482421875,-0.031230604123537762,1.1121701662761968e-05
0.88900000000000001,-0.033782958984375,-0.033795208295385272,1.224931101027199e-05
0.88912500000000005,-0.031219482421875,-0.031214783193738427,-4.699228136572503e-06
0.88924999999999998,-0.023895263671875,-0.023884648968100011,-1.0614703774988743e-05
0.88937500000000003,-0.012908935546875,-0.012922847872012673,1.3912325137673334e-05
0.88949999999999996,0,3.8632757041277617e-07,-3.8632757041277617e-07
0.889625,0.012908935546875,0.012917118871946714,-8.1833250717144868e-06
0.88975000000000004,0.02386474609375,0.023861388287255446,3.3578064945541386e-06
0.88987499999999997,0.031158447265625,0.031168430522646104,-9.9832570211039195e-06
0.89000000000000001,0.033721923828125,0.033727910380643433,-5.9865525184332746e-06
0.89012500000000006,0.031158447265625,0.031152640660263332,5.806605361667605e-06
0.89024999999999999,0.023834228515625,0.023837151708284106,-2.9231926591058444e-06
0.89037500000000003,0.012908935546875,0.012897251980768683,1.1683566106316517e-05
0.89049999999999996,0,-1.6183523241669912e-07,1.6183523241669912e-07
0.890625,-0.01287841796875,-0.012891086878469916,1.2668909719916119e-05
0.89075000000000004,-0.0238037109375,-0.02381348964620681,9.7787087068104683e-06
0.89087499999999997,-0.031097412109375,-0.031105932285902495,8.5201765274954544e-06
0.89100000000000001,-0.033660888671875,-0.033660298068897643,-5.9060297735724632e-07
0.89112499999999994,-0.031097412109375,-0.03109017342995981,-7.2386794151904632e-06
0.89124999999999999,-0.0238037109375,-0.023789300491061306,-1.4410446438694463e-05
0.89137500000000003,-0.01287841796875,-0.012871258373781148,-7.1595949688516014e-06
0.89149999999999996,0,3.8664731871974491e-07,-3.8664731871974491e-07
0.891625,0.01287841796875,0.012865555752485155,1.2862216264845211e-05
0.89175000000000004,0.023773193359375,0.023766135562256464,7.0577971185356581e-06
0.89187499999999997,0.031036376953125,0.031044007776478123,-7.6308233531233172e-06
0.89200000000000002,0.033599853515625,0.03359326970286098,6.5838127640202582e-06
0.89212499999999995,0.031036376953125,0.031028279866106973,8.0970870180267773e-06
0.89224999999999999,0.02374267578125,0.023741993738140465,6.8204310953515201e-07
0.89237500000000003,0.012847900390625,0.012845765560230156,2.1348303948440228e-06
0.89249999999999996,0,-1.6215151484286533e-07,1.6215151484286533e-07
0.892625,-0.012847900390625,-0.012839626778773114,-8.2736118518864782e-06
0.89275000000000004,-0.023712158203125,-0.023718427232793576,6.2690296685763425e-06
0.89287499999999997,-0.030975341796875,-0.030981758133522781,6.41633664778124e-06
0.89300000000000002,-0.033538818359375,-0.033525926401265921,-1.2891958109079171e-05
0.89312499999999995,-0.030975341796875,-0.030966061107962375,-9.2806889126252623e-06
0.89324999999999999,-0.023681640625,-0.023694332647178584,1.2692022178583534e-05
0.89337500000000003,-0.0128173828125,-0.012819874824982636,2.4920124826362244e-06
0.89349999999999996,0,3.8696014771616283e-07,-3.8696014771616283e-07
0.893625,0.0128173828125,0.012814198466726413,3.184345773586672e-06
0.89375000000000004,0.023681640625,0.023671263080193052,1.0377544806948469e-05
0.89387499999999998,0.030914306640625,0.030920081721201986,-5.7750805769855862e-06
0.89400000000000002,0.033447265625,0.033459166507901546,-1.1900882901545728e-05
0.89412499999999995,0.030914306640625,0.030904415519834149,9.891120790850999e-06
0.89424999999999999,0.023651123046875,0.023647215640645213,3.9074062297868306e-06
0.89437500000000003,0.012786865234375,0.012794484677644238,-7.6194432692376635e-06
0.89449999999999996,0,-1.6246090306860308e-07,1.6246090306860308e-07
0.894625,-0.012786865234375,-0.012788372101536754,1.5068671617539386e-06
0.89475000000000005,-0.02362060546875,-0.023623744302603937,3.1388338539370397e-06
0.89487499999999998,-0.030853271484375,-0.03085807967965791,4.8081952829098773e-06
0.89500000000000002,-0.03338623046875,-0.033392091142574201,5.8606738242011902e-06
0.89512499999999995,-0.030853271484375,-0.030842444241960105,-1.0827242414895161e-05
0.89524999999999999,-0.023590087890625,-0.02359974391695617,9.6560263311701311e-06
0.89537500000000003,-0.01275634765625,-0.012768696403450418,1.2348747200418425e-05
0.89549999999999996,0,3.8726610755004426e-07,-3.8726610755004426e-07
0.895625,0.01275634765625,0.012763046193007384,-6.6985367573844934e-06
0.89575000000000005,0.023590087890625,0.023576769323159136,1.3318567465864239e-05
0.89587499999999998,0.030792236328125,0.030796650374046459,-4.4140459214588035e-06
0.89600000000000002,0.0333251953125,0.033325598650144707,-4.0333764470684708e-07
0.89612499999999995,0.030792236328125,0.030781045639638197,1.1190688486803491e-05
0.89624999999999999,0.0235595703125,0.023552815899338643,6.754413161356998e-06
0.89637500000000003,0.01275634765625,0.012743408512458768,1.2939143791232399e-05
0.89649999999999996,0,-1.6276344709668052e-07,1.6276344709668052e-07
0.89662500000000001,-0.012725830078125,-0.012737322026739358,1.149194861435783e-05
0.89675000000000005,-0.023529052734375,-0.023529439340764534,3.8660638953386117e-07
0.89687499999999998,-0.030731201171875,-0.030734894945498189,3.6937736231888729e-06
0.89700000000000002,-0.03326416015625,-0.033258790151488991,-5.3700047610086288e-06
0.89712499999999995,-0.030731201171875,-0.030719320854094255,-1.1880317780744998e-05
0.89724999999999999,-0.02349853515625,-0.023505532786964232,6.9976307142324834e-06
0.89737500000000003,-0.012725830078125,-0.012717722290299915,-8.1077878250849361e-06
0.89749999999999996,0,3.8756524807928931e-07,-3.8756524807928931e-07
0.89762500000000001,0.012725830078125,0.012712098112944933,1.3731965180067279e-05
0.89775000000000005,0.023468017578125,0.023482652779308028,-1.4635201183027524e-05
0.89787499999999998,0.030670166015625,0.030673711760155448,-3.5457445304483415e-06
0.89800000000000002,0.033203125,0.03319256399253534,1.0561007464660044e-05
0.89812499999999995,0.030670166015625,0.030658168251612106,1.1997764012894319e-05
0.89824999999999999,0.023468017578125,0.02345879300381476,9.2245743102403743e-06
0.89837500000000003,0.0126953125,0.012692536247439441,2.7762525605587451e-06
0.89849999999999997,0,-1.6305919664051099e-07,1.6305919664051099e-07
0.89862500000000001,-0.0126953125,-0.012686475737632876,-8.836762367124204e-06
0.89875000000000005,-0.0234375,-0.023435510838449299,-1.9891615507007521e-06
0.89887499999999998,-0.030609130859375,-0.030612201960127483,3.0711007524830691e-06
0.89900000000000002,-0.033111572265625,-0.033126021295224989,1.4449029599988839e-05
0.89912499999999995,-0.030609130859375,-0.030596688974401657,-1.2441884973343059e-05
0.89924999999999999,-0.023406982421875,-0.023411697749814595,4.7153279395945047e-06
0.89937500000000004,-0.012664794921875,-0.012666951669915608,2.1567480406083084e-06
0.89949999999999997,0,3.8785760382423592e-07,-3.8785760382423592e-07
0.89962500000000001,0.012664794921875,0.012661353411422806,3.441510452194263e-06
0.89975000000000005,0.02337646484375,0.023388911942828224,-1.2447099078223556e-05
0.89987499999999998,0.030548095703125,0.030551263912556425,-3.168209431424901e-06
0.90000000000000002,0.033050537109375,0.033060060406549401,-9.5232971744005357e-06
0.90012499999999995,0.030548095703125,0.030535781389728688,1.2314313396311755e-05
0.90024999999999999,0.02337646484375,0.023365145449697158,1.1319394052841658e-05
0.90037500000000004,0.01263427734375,0.012641867068600371,-7.5897248503712517e-06
0.90049999999999997,0,-1.6334820112566647e-07,1.6334820112566647e-07
0.90062500000000001,-0.01263427734375,-0.012635832420729604,1.5550769796035535e-06
0.90075000000000005,-0.023345947265625,-0.023341957292855299,-3.9899727697009779e-06
0.90087499999999998,-0.030487060546875,-0.030489998760514777,2.9382136397769487e-06
0.90100000000000002,-0.032989501953125,-0.032993782449510886,4.2804963858861234e-06
0.90112499999999995,-0.030487060546875,-0.030474546640783255,-1.2513906091745491e-05
0.90125,-0.0233154296875,-0.023318237304136593,2.8076166365929855e-06
0.90137500000000004,-0.012603759765625,-0.012616383729937989,1.2623964312988636e-05
0.90149999999999997,0,3.8814325422510497e-07,-3.8814325422510497e-07
0.90162500000000001,0.012603759765625,0.012610811276578612,-7.0515109536119919e-06
0.90175000000000005,0.023284912109375,0.023295545313919357,-1.0633204544356623e-05
0.90187499999999998,0.030426025390625,0.030429304872128922,-3.2794815039219327e-06
0.90200000000000002,0.032928466796875,0.032928085772159853,3.8102471514728231e-07
0.90212499999999995,0.030426025390625,0.030413883095809145,1.2142294815855464e-05
0.90225,0.023284912109375,0.023271871738614933,1.3040370760067366e-05
0.90237500000000004,0.012603759765625,0.012591400165205161,1.2359600419838829e-05
0.90249999999999997,0,-1.6363050969138337e-07,1.6363050969138337e-07
0.90262500000000001,-0.0125732421875,-0.012585391265789194,1.2149078289194065e-05
0.90275000000000005,-0.02325439453125,-0.023248777207178693,-5.6173240713074113e-06
0.90287499999999998,-0.030364990234375,-0.030368283391448089,3.2931570730886095e-06
0.90300000000000002,-0.032867431640625,-0.032862071498555447,-5.3601420695534308e-06
0.90312499999999996,-0.030364990234375,-0.030352891898972671,-1.2098335402329491e-05
0.90325,-0.023223876953125,-0.023225149954553083,1.2730014280828983e-06
0.90337500000000004,-0.0125732421875,-0.012566017661250539,-7.2245262494607942e-06
0.90349999999999997,0,3.8842223316924637e-07,-3.8842223316924637e-07
0.90362500000000001,0.0125732421875,0.012560470899790805,1.2771287709194973e-05
0.90375000000000005,0.023193359375,0.023202551398768125,-9.1920237681245021e-06
0.90387499999999998,0.030303955078125,0.030307832687573231,-3.8776094482308177e-06
0.90400000000000003,0.032806396484375,0.032796637977802794,9.7585065722063935e-06
0.90412499999999996,0.030303955078125,0.030292471419491721,1.1483658633279492e-05
0.90425,0.023193359375,0.023178970378178704,1.438899682129624e-05
0.90437500000000004,0.012542724609375,0.012541134729753951,1.5898796210493671e-06
0.90449999999999997,0,-1.639061711920613e-07,1.639061711920613e-07
0.90462500000000001,-0.012542724609375,-0.01253515146580567,-7.5731435693303373e-06
0.90475000000000005,-0.023162841796875,-0.023155969090590787,-6.872706284213187e-06
0.90487499999999998,-0.030242919921875,-0.030247053905526362,4.1339836513616668e-06
0.90500000000000003,-0.032745361328125,-0.032730886335013636,-1.4474993111364409e-05
0.90512499999999996,-0.030242919921875,-0.030231722802504954,-1.1197119370046082e-05
0.90525,-0.02313232421875,-0.023132434211656488,1.0999290648780469e-07
0.90537500000000004,-0.01251220703125,-0.01251585265796681,3.6456267168104295e-06
0.90549999999999997,0,3.8869458936920069e-07,-3.8869458936920069e-07
0.90562500000000001,0.01251220703125,0.012510331475665751,1.8755555842488864e-06
0.90575000000000006,0.023101806640625,0.023109928709524479,-8.1220688994791679e-06
0.90587499999999999,0.030181884765625,0.030186845415379134,-4.9606497541342109e-06
0.90600000000000003,0.03265380859375,0.032665714920343612,-1.1906326593612293e-05
0.90612499999999996,0.030181884765625,0.030171544418200497,1.0340347424503404e-05
0.90625,0.0230712890625,0.023086439881956741,-1.5150819456740544e-05
0.90637500000000004,0.012481689453125,0.012491069957970474,-9.3805048454742579e-06
0.90649999999999997,0,-1.6417523419875321e-07,1.6417523419875321e-07
0.90662500000000001,-0.012481689453125,-0.012485112216980822,3.4227638558217977e-06
0.90674999999999994,-0.0230712890625,-0.023063531458214191,-7.7576042858094885e-06
0.90687499999999999,-0.030120849609375,-0.030126308363122481,5.4587537474809489e-06
0.90700000000000003,-0.0325927734375,-0.032600224859952884,7.4514224528837714e-06
0.90712499999999996,-0.030120849609375,-0.030111037412685449,-9.8121966895514667e-06
0.90725,-0.023040771484375,-0.023040088591984979,-6.8289239002136681e-07
0.90737500000000004,-0.012451171875,-0.012465887917417514,1.4716042417513633e-05
0.90749999999999997,0,3.8896037125490507e-07,-3.8896037125490507e-07
0.90762500000000002,0.012451171875,0.012460392202024859,-9.2203270248593372e-06
0.90774999999999995,0.02301025390625,0.023017675764256833,-7.42185800683276e-06
0.90787499999999999,0.030059814453125,0.030066341119794844,-6.5266666698440834e-06
0.90800000000000003,0.03253173828125,0.032535314505043392,-3.5762237933917307e-06
0.90812499999999996,0.030059814453125,0.030051100157114305,8.7142960106950662e-06
0.90825,0.022979736328125,0.022994278769451187,-1.4542441326186734e-05
0.90837500000000004,0.012451171875,0.012441205048789204,9.9668262107961009e-06
0.90849999999999997,0,-1.644377322201412e-07,1.644377322201412e-07
0.90862500000000002,-0.012420654296875,-0.012435272718766231,1.4618421891231248e-05
0.90874999999999995,-0.022979736328125,-0.022971462831099045,-8.2734970259547291e-06
0.90887499999999999,-0.029998779296875,-0.030006044832352238,7.2655354772382941e-06
0.90900000000000003,-0.032470703125,-0.032470084982819523,-6.1814218047656633e-07
0.90912499999999996,-0.029998779296875,-0.029990833798558755,-7.9454983162446924e-06
0.90925,-0.02294921875,-0.022948111617998746,-1.1071320012538688e-06
0.90937500000000004,-0.012420654296875,-0.012416122640137677,-4.5316567373228367e-06
0.90949999999999998,0,3.8921962697517342e-07,-3.8921962697517342e-07
0.90962500000000002,0.012420654296875,0.012410652279891741,1.0002016983258824e-05
0.90974999999999995,0.022918701171875,0.022925791087012141,-7.089915137141467e-06
0.90987499999999999,0.029937744140625,0.029946317872796033,-8.573732171033438e-06
0.91000000000000003,0.03240966796875,0.032405434645525352,4.2333232246477559e-06
0.91012499999999996,0.029937744140625,0.029931136709135771,6.6074314892285158e-06
0.91025,0.02288818359375,0.022902485566074358,-1.4301972324357731e-05
0.91037500000000005,0.01239013671875,0.012391539204342529,-1.4024855925290347e-06
0.91049999999999998,0,-1.6469374288505228e-07,1.6469374288505228e-07
0.91062500000000002,-0.01239013671875,-0.012385632173768037,-4.5045449819629962e-06
0.91074999999999995,-0.02288818359375,-0.022879761736199374,-8.421857550625772e-06
0.91087499999999999,-0.029876708984375,-0.029886261389043448,9.5524046684475339e-06
0.91100000000000003,-0.0323486328125,-0.032340464621405322,-8.1681910946776459e-06
0.91112499999999996,-0.029876708984375,-0.029871110036883447,-5.5989474915529858e-06
0.91125,-0.022857666015625,-0.022856501818056332,-1.164197568667702e-06
0.91137500000000005,-0.012359619140625,-0.012366556029853865,6.9368892288649425e-06
0.91149999999999998,0,3.894724043991693e-07,-3.894724043991693e-07
0.91162500000000002,0.012359619140625,0.012361110913479412,-1.4917728544117104e-06
0.91174999999999995,0.0228271484375,0.022834273207666518,-7.1247701665180796e-06
0.91187499999999999,0.029815673828125,0.029826773754054958,-1.1099925929958232e-05
0.91200000000000003,0.03228759765625,0.032276073263741489,1.1524392508510672e-05
0.91212499999999996,0.029815673828125,0.029811652154860511,4.0216732644891839e-06
0.91225000000000001,0.022796630859375,0.022811058803125159,-1.4427943750158767e-05
0.91237500000000005,0.0123291015625,0.012342071629948,-1.2970067447999611e-05
0.91249999999999998,0,-1.6494329908362618e-07,1.6494329908362618e-07
0.91262500000000002,-0.0123291015625,-0.012336189787789194,7.0882252891941305e-06
0.91274999999999995,-0.022796630859375,-0.022788426706349497,-8.2041530255032302e-06
0.91287499999999999,-0.029754638671875,-0.029766956116705139,1.2317444830139274e-05
0.91300000000000003,-0.032196044921875,-0.032211361701814198,1.5316779939197889e-05
0.91312499999999996,-0.029754638671875,-0.029751864212078823,-2.7744597961773532e-06
0.91325000000000001,-0.02276611328125,-0.022765257726391125,-8.5555485887511828e-07
0.91337500000000005,-0.0123291015625,-0.012317187293471421,-1.191426902857895e-05
0.91349999999999998,0,3.8971875111787093e-07,-3.8971875111787093e-07
0.91362500000000002,0.012298583984375,0.012311767310177585,-1.3183325802584508e-05
0.91374999999999995,0.022735595703125,0.022743120661985625,-7.5249588606246531e-06
0.91387499999999999,0.029693603515625,0.029707706850909746,-1.4103335284745833e-05
0.91400000000000003,0.032135009765625,0.032147228289939329,-1.2218524314329404e-05
0.91412499999999997,0.029693603515625,0.029692644582546369,9.5893307863054167e-07
0.91425000000000001,0.022705078125,0.022719997017765572,-1.4918892765572456e-05
0.91437500000000005,0.012298583984375,0.012292801534095595,5.7824502794050908e-06
0.91449999999999998,0,-1.6518644826829694e-07,1.6518644826829694e-07
0.91462500000000002,-0.012298583984375,-0.012286944769803005,-1.1639214571994641e-05
0.91474999999999995,-0.022705078125,-0.022697456280240568,-7.6218447594318672e-06
0.91487499999999999,-0.0296630859375,-0.029648127106496891,-1.4958831003109019e-05
0.91500000000000004,-0.032073974609375,-0.032082774158429,8.7995490540004884e-06
0.91512499999999997,-0.029632568359375,-0.02963309441622803,5.2605685302992145e-07
0.91525000000000001,-0.022674560546875,-0.022674377883087869,-1.826637871307768e-07
0.91537500000000005,-0.01226806640625,-0.012268015641061791,-5.0765188209372925e-08
0.91549999999999998,0,3.8995871444552972e-07,-3.8995871444552972e-07
0.91562500000000002,0.01226806640625,0.012262620680526505,5.445725723494943e-06
0.91574999999999995,0.02264404296875,0.022652331991580267,-8.2890228302670566e-06
0.91587499999999999,0.02960205078125,0.029589115258333805,1.2935522916195097e-05
0.91600000000000004,0.032012939453125,0.032018897662628804,-5.9582095038035465e-06
0.91612499999999997,0.029571533203125,0.029574112088082888,-2.5788849578878281e-06
0.91625000000000001,0.02264404296875,0.022629298753007582,1.4744215742417549e-05
0.91637500000000005,0.012237548828125,0.012243728128435062,-6.1793003100617944e-06
0.91649999999999998,0,-1.6542323761549797e-07,1.6542323761549797e-07
0.91662500000000002,-0.012237548828125,-0.01223789633194043,3.4750381542984765e-07
0.91674999999999995,-0.022613525390625,-0.022606849002397216,-6.6763882277838527e-06
0.916875,-0.029541015625,-0.029529772457198331,-1.1243167801669451e-05
0.91700000000000004,-0.031951904296875,-0.031954699933878498,2.7956370034984412e-06
0.91712499999999997,-0.029510498046875,-0.02951479874902501,4.3007021500104936e-06
0.91725000000000001,-0.0225830078125,-0.02258386083405934,8.5302155933969503e-07
0.91737500000000005,-0.01220703125,-0.012219040285849884,1.200903584988415e-05
0.91749999999999998,0,3.9019234142112096e-07,-3.9019234142112096e-07
0.91762500000000002,0.01220703125,0.012213670238258237,-6.6389882582371801e-06
0.91774999999999995,0.022552490234375,0.022561905743883049,-9.4155095080490636e-06
0.917875,0.02947998046875,0.029470997078905346,8.9833898446536886e-06
0.91800000000000004,0.031890869140625,0.031891079328549274,-2.1018792427385247e-07
0.91812499999999997,0.029449462890625,0.029456052774960783,-6.5898843357829751e-06
0.91825000000000001,0.022552490234375,0.022538962557648579,1.3527676726420718e-05
0.91837500000000005,0.01220703125,0.012194850627763308,1.2180622236691516e-05
0.91849999999999998,0,-1.6565371402710953e-07,1.6565371402710953e-07
0.91862500000000002,-0.012176513671875,-0.012189043689477527,1.2530017602527255e-05
0.91874999999999996,-0.02252197265625,-0.022516603423154206,-5.3692330957942624e-06
0.918875,-0.0294189453125,-0.029411890275178657,-7.0550373213427997e-06
0.91900000000000004,-0.031829833984375,-0.031827136979004432,-2.6970053705679953e-06
0.91912499999999997,-0.029388427734375,-0.029396975317749697,8.5475833746968821e-06
0.91925000000000001,-0.022491455078125,-0.022493705131023028,2.2500528980284873e-06
0.91937500000000005,-0.012176513671875,-0.012170260444201468,-6.2532276735322717e-06
0.91949999999999998,0,3.9041967880978798e-07,-3.9041967880978798e-07
0.91962500000000003,0.012176513671875,0.012164915200203144,1.1598471671855903e-05
0.91974999999999996,0.0224609375,0.022471840472125134,-1.0902972125133997e-05
0.919875,0.02935791015625,0.029353350422777015,4.5597334729849393e-06
0.92000000000000004,0.031768798828125,0.031763771242636685,5.0275854883152782e-06
0.92012499999999997,0.029327392578125,0.02933846475424718,-1.10721761221802e-05
0.92025000000000001,0.0224609375,0.022448986986310093,1.1950513689906739e-05
0.92037500000000005,0.01214599609375,0.012146168250011843,-1.721562618434147e-07
0.92049999999999998,0,-1.6587792413189879e-07,1.6587792413189879e-07
0.92062500000000003,-0.01214599609375,-0.012140386060822865,-5.61003292713462e-06
0.92074999999999996,-0.022430419921875,-0.022426718098623101,-3.7018232518989946e-06
0.920875,-0.029296875,-0.029294478674366391,-2.3963256336086147e-06
0.92100000000000004,-0.031707763671875,-0.031700083252828762,-7.6804190462381738e-06
0.92112499999999997,-0.029266357421875,-0.029279622237237773,1.3264815362772769e-05
0.92125000000000001,-0.02239990234375,-0.022403909331478029,4.0069877280286825e-06
0.92137500000000006,-0.012115478515625,-0.012121675335610651,6.1968199856505396e-06
0.92149999999999999,0,3.906407731042785e-07,-3.906407731042785e-07
0.92162500000000003,0.012115478515625,0.012116354786331367,-8.7627070636739357e-07
0.92174999999999996,0.022369384765625,0.022382134735313079,-1.2749969688079232e-05
0.921875,0.02923583984375,0.029236173407645644,-3.3356389564365152e-07
0.92200000000000004,0.031646728515625,0.031636971367990804,9.757147634195662e-06
0.92212499999999997,0.02923583984375,0.029221346144533228,1.4493699216772127e-05
0.92225000000000001,0.022369384765625,0.022359370599373339,1.0014166251660905e-05
0.92237499999999994,0.0120849609375,0.012097680216234245,-1.2719278734245332e-05
0.92249999999999999,0,-1.660959142869532e-07,1.660959142869532e-07
0.92262500000000003,-0.0120849609375,-0.012091922667505044,6.9617300050440339e-06
0.92274999999999996,-0.0223388671875,-0.022337191590709963,-1.6755967900371205e-06
0.922875,-0.0291748046875,-0.029177535776219159,2.7310887191593636e-06
0.92300000000000004,-0.031585693359375,-0.031573536722520945,-1.2156636854054881e-05
0.92312499999999997,-0.0291748046875,-0.029162737629850478,-1.2067057649521595e-05
0.92325000000000002,-0.022308349609375,-0.022314471998681924,6.1223893069242696e-06
0.92337499999999995,-0.0120849609375,-0.012073284182713891,-1.1676754786109009e-05
0.92349999999999999,0,3.9085567052637434e-07,-3.9085567052637434e-07
0.92362500000000003,0.012054443359375,0.012067988219726836,-1.3544860351835664e-05
0.92374999999999996,0.02227783203125,0.022292787098205837,-1.4955066955837232e-05
0.923875,0.02911376953125,0.029119464158722155,-5.6946274721546286e-06
0.92400000000000004,0.031524658203125,0.031510677675842688,1.3980527282311805e-05
0.92412499999999997,0.02911376953125,0.029104695071937216,9.0744593127835282e-06
0.92425000000000002,0.02227783203125,0.022270111962966504,7.7200682834961676e-06
0.92437499999999995,0.012054443359375,0.012049385750593718,5.057608781281614e-06
0.92449999999999999,0,-1.6630773057910646e-07,1.6630773057910646e-07
0.92462500000000003,-0.012054443359375,-0.012043652734160214,-1.0790625214786298e-05
0.92474999999999996,-0.022247314453125,-0.022248022467031042,7.0801390604155467e-07
0.924875,-0.029052734375,-0.029061059709693672,8.3253346936720818e-06
0.92500000000000004,-0.03143310546875,-0.031447495363365503,1.4389894615503274e-05
0.92512499999999998,-0.029052734375,-0.0290463196254446,-6.4147495554001122e-06
0.92525000000000002,-0.022216796875,-0.022225391701637894,8.5948266378942095e-06
0.92537499999999995,-0.01202392578125,-0.012025086211171404,1.1604299214040825e-06
0.92549999999999999,0,3.9106441702831376e-07,-3.9106441702831376e-07
0.92562500000000003,0.01202392578125,0.012019814726574832,4.1110546751682575e-06
0.92574999999999996,0.022216796875,0.022203796131291701,1.3000743708298929e-05
0.925875,0.02899169921875,0.029003220808701553,-1.1521589951553335e-05
0.92600000000000005,0.0313720703125,0.031384888145522198,-1.2817833022198133e-05
0.92612499999999998,0.02899169921875,0.028988509670052478,3.1895486975221099e-06
0.92625000000000002,0.022186279296875,0.022181209648941849,5.0696479331514832e-06
0.92637499999999995,0.011993408203125,0.012001284080350665,-7.8758772256645737e-06
0.92649999999999999,0,-1.6651341882635718e-07,1.6651341882635718e-07
0.92662500000000003,-0.011993408203125,-0.011995575488519683,2.1672853946826803e-06
0.92674999999999996,-0.02215576171875,-0.022159209300930762,3.4475821807621043e-06
0.926875,-0.0289306640625,-0.028945048611215766,1.4384548715766499e-05
0.92700000000000005,-0.03131103515625,-0.031321957158729562,1.092200247956171e-05
0.92712499999999998,-0.0289306640625,-0.028930366361342507,-2.9770115749297443e-07
0.92725000000000002,-0.022125244140625,-0.022136667015031395,1.1422874406395028e-05
0.92737499999999995,-0.011962890625,-0.011977080649814181,1.4190024814180954e-05
0.92749999999999999,0,3.9126705829420695e-07,-3.9126705829420695e-07
0.92762500000000003,0.011962890625,0.011971833536149607,-8.9429111496067831e-06
0.92774999999999996,0.022125244140625,0.022115160410765524,1.0083729859475948e-05
0.92787500000000001,0.028900146484375,0.028887441497727623,1.2704986647377181e-05
0.92800000000000005,0.03125,0.031259600764425667,-9.6007644256670965e-06
0.92812499999999998,0.02886962890625,0.028872788079922995,-3.1591736729952302e-06
0.92825000000000002,0.0220947265625,0.02209266223485282,2.0643276471797589e-06
0.92837499999999995,0.011962890625,0.011953374435850327,9.5161891496726991e-06
0.92849999999999999,0,-1.6671302457928096e-07,1.6671302457928096e-07
0.92862500000000003,-0.011932373046875,-0.011947690161397576,1.5317114522576253e-05
0.92874999999999996,-0.022064208984375,-0.022070750671448688,6.541687073688407e-06
0.92887500000000001,-0.028839111328125,-0.02882950062465061,-9.6107034743900255e-06
0.92900000000000005,-0.03118896484375,-0.031196920100030591,7.955256280590961e-06
0.92912499999999998,-0.02880859375,-0.028814875982302385,6.2822323023854765e-06
0.92925000000000002,-0.02203369140625,-0.022048296519268075,1.4605113018074933e-05
0.92937499999999995,-0.011932373046875,-0.011929266730525256,-3.1063163497442592e-06
0.92949999999999999,0,3.9146363974144452e-07,-3.9146363974144452e-07
0.92962500000000003,0.011932373046875,0.011924043880802062,8.3291660729380157e-06
0.92974999999999997,0.02203369140625,0.022026878518495871,6.8128877541290267e-06
0.92987500000000001,0.028778076171875,0.028772124373384934,5.9517984900663012e-06
0.93000000000000005,0.0311279296875,0.031134813527983685,-6.8838404836853162e-06
0.93012499999999998,0.02874755859375,0.028757528450013739,-9.9698562637390298e-06
0.93025000000000002,0.022003173828125,0.022004468303931286,-1.2944758062856387e-06
0.93037499999999995,0.01190185546875,0.011905656050523541,-3.8005817735407843e-06
0.93049999999999999,0,-1.6690659312243568e-07,1.6690659312243568e-07
0.93062500000000004,-0.01190185546875,-0.011899995986678498,-1.8594820715023969e-06
0.93074999999999997,-0.02197265625,-0.021982645163296753,9.9889132967531657e-06
0.93087500000000001,-0.028717041015625,-0.028714413901272978,-2.6271143520224804e-06
0.93100000000000005,-0.03106689453125,-0.031072382186704307,5.4876554543073497e-06
0.93112499999999998,-0.0286865234375,-0.028699846640488552,1.3323202988552163e-05
0.93125000000000002,-0.02197265625,-0.021960278800410512,-1.2377449589488082e-05
0.93137499999999995,-0.011871337890625,-0.011881643688254057,1.0305797629056937e-05
0.93149999999999999,0,3.9165420652209893e-07,-3.9165420652209893e-07
0.93162500000000004,0.011871337890625,0.01187644499594746,-5.1071053224598095e-06
0.93174999999999997,0.021942138671875,0.021938949042042452,3.1896298325478911e-06
0.93187500000000001,0.028656005859375,0.028657267590636519,-1.2617312615190168e-06
0.93200000000000005,0.031005859375,0.031010524439629074,-4.6650646290738451e-06
0.93212499999999998,0.028656005859375,0.028642728936180948,1.327692319405202e-05
0.93225000000000002,0.02191162109375,0.021916626445064896,-5.0053513148962114e-06
0.93237499999999995,0.011871337890625,0.011858128160822136,1.3209729802864112e-05
0.9325,0,-1.6709416947575911e-07,1.6709416947575911e-07
0.93262500000000004,-0.0118408203125,-0.011852492201305305,1.1671888805304953e-05
0.93274999999999997,-0.021881103515625,-0.021894891366836641,1.3787851211640584e-05
0.93287500000000001,-0.028594970703125,-0.028599786599737696,4.8158966126955749e-06
0.93300000000000005,-0.03094482421875,-0.030948341426172619,3.5172074226187677e-06
0.93312499999999998,-0.028594970703125,-0.02858527649544184,-9.6942076831599278e-06
0.93325000000000002,-0.021881103515625,-0.021872612450165776,-8.4910654592242063e-06
0.93337499999999995,-0.0118408203125,-0.011834210761004153,-6.6095514958466883e-06
0.9335,0,3.9183880352431916e-07,-3.9183880352431916e-07
0.93362500000000004,0.0118408203125,0.011829036120053191,1.1784192446809283e-05
0.93374999999999997,0.0218505859375,0.021851370574573304,-7.846370733040342e-07
0.93387500000000001,0.028533935546875,0.028542869311816172,-8.9337649411720677e-06
0.93400000000000005,0.0308837890625,0.030886731510764869,-2.9424482648685024e-06
0.93412499999999998,0.028533935546875,0.028528387701642722,5.5478452322781091e-06
0.93425000000000002,0.021820068359375,0.021829135252774492,-9.066893399491821e-06
0.93437499999999996,0.011810302734375,0.011810790006285302,-4.8727191030197015e-07
0.9345,0,-1.672757983959598e-07,1.672757983959598e-07
0.93462500000000004,-0.011810302734375,-0.01180517804526688,-5.124689108119973e-06
0.93474999999999997,-0.021820068359375,-0.021807487878057228,-1.258048131777198e-05
0.93487500000000001,-0.028472900390625,-0.028485616886044784,1.2716495419784479e-05
0.93500000000000005,-0.03082275390625,-0.030824795833811768,2.0419275617682142e-06
0.93512499999999998,-0.028472900390625,-0.028471163714050226,-1.736676574774082e-06
0.93525000000000003,-0.02178955078125,-0.021785296065862866,-4.254715387133623e-06
0.93537499999999996,-0.01177978515625,-0.011786967189821062,7.1820335710622712e-06
0.9355,0,3.9201747537371796e-07,-3.9201747537371796e-07
0.93562500000000004,0.01177978515625,0.011781816494626594,-2.0313383765936666e-06
0.93574999999999997,0.021759033203125,0.021764141714882449,-5.1085117574491135e-06
0.93587500000000001,0.0284423828125,0.028428927706593547,1.3455105906452769e-05
0.93600000000000005,0.03076171875,0.030763432760732574,-1.7140107325744336e-06
0.93612499999999998,0.028411865234375,0.028414502916949576,-2.6376825745764998e-06
0.93625000000000003,0.021728515625,0.021741993327191622,-1.3477702191622143e-05
0.93637499999999996,0.011749267578125,0.011763640829474975,-1.4373251349975372e-05
0.9365,0,-1.6745152437790169e-07,1.6745152437790169e-07
0.93662500000000004,-0.011749267578125,-0.011758052761585976,8.7851834609763146e-06
0.93674999999999997,-0.021728515625,-0.021720433298552097,-8.0823264479029655e-06
0.93687500000000001,-0.02838134765625,-0.028371902933531642,-9.444722718358195e-06
0.93700000000000006,-0.03070068359375,-0.030701743432920581,1.059839170581417e-06
0.93712499999999999,-0.028350830078125,-0.028357506470519461,6.6763923944612724e-06
0.93725000000000003,-0.021697998046875,-0.021698328250430266,3.3020355526616751e-07
0.93737499999999996,-0.011749267578125,-0.011739912218780112,-9.3553593448880007e-06
0.9375,0,3.9219025248711989e-07,-3.9219025248711989e-07
0.93762500000000004,0.011749267578125,0.011734785364202808,1.448221392219215e-05
0.93774999999999997,0.02166748046875,0.021677261067357453,-9.7805986074527007e-06
0.93787500000000001,0.0283203125,0.028315440951944958,4.8715480550423629e-06
0.93799999999999994,0.0306396484375,0.030640626216780431,-9.777792804310792e-07
0.93812499999999999,0.028289794921875,0.028301072759955172,-1.1277838080171743e-05
0.93825000000000003,0.02166748046875,0.021655199274036127,1.2281194713872901e-05
0.93837499999999996,0.01171875,0.011716679875976852,2.0701240231475043e-06
0.9385,0,-1.6762139165598131e-07,1.6762139165598131e-07
0.93862500000000004,-0.01171875,-0.011711115596307111,-7.6344036928892994e-06
0.93874999999999997,-0.021636962890625,-0.021633726235497194,-3.2366551278063815e-06
0.93887500000000002,-0.02825927734375,-0.028258642922811533,-6.3442093846746705e-07
0.93899999999999995,-0.03057861328125,-0.030579182254688843,5.6897343884282359e-07
0.93912499999999999,-0.02825927734375,-0.028244302946343836,-1.4974397406164464e-05
0.93925000000000003,-0.0216064453125,-0.021611707612373611,5.2622998736109872e-06
0.93937499999999996,-0.011688232421875,-0.011693045094987184,4.8126731121839184e-06
0.9395,0,3.923572069201459e-07,-3.923572069201459e-07
0.93962500000000004,0.011688232421875,0.011687941976332704,2.9044554229577801e-07
0.93974999999999997,0.021575927734375,0.021590727241957073,-1.4799507582072963e-05
0.93987500000000002,0.0281982421875,0.028202407232124121,-4.1650446241207895e-06
0.93999999999999995,0.030517578125,0.030518309914031868,-7.3178903186796318e-07
0.94012499999999999,0.0281982421875,0.028188095415787182,1.014677171281772e-05
0.94025000000000003,0.021575927734375,0.02156875170459386,7.1760297811404583e-06
0.94037499999999996,0.01165771484375,0.011669906394388302,-1.2191550638302254e-05
0.9405,0,-1.6778544420549817e-07,1.6778544420549817e-07
0.94062500000000004,-0.01165771484375,-0.011664365798484497,6.6509547344967279e-06
0.94074999999999998,-0.02154541015625,-0.021547365301628534,1.9551453785335293e-06
0.94087500000000002,-0.02813720703125,-0.028145835041765994,8.6280105159944331e-06
0.94099999999999995,-0.03045654296875,-0.030457110338165751,5.6736941575138977e-07
0.94112499999999999,-0.02813720703125,-0.028131551330277144,-5.6557009728563923e-06
0.94125000000000003,-0.021514892578125,-0.021525432765753395,1.0540187628395314e-05
0.94137499999999996,-0.01165771484375,-0.011646365068515251,-1.1349775234748699e-05
0.9415,0,3.9251836851552392e-07,-3.9251836851552392e-07
0.94162500000000005,0.011627197265625,0.011641285581570843,-1.4088315945843047e-05
0.94174999999999998,0.021514892578125,0.021504538854189029,1.0353723935971337e-05
0.94187500000000002,0.028076171875,0.028089824738633157,-1.3652863633157458e-05
0.94199999999999995,0.0303955078125,0.030396481895454072,-9.7408295407150347e-07
0.94212499999999999,0.028076171875,0.028075569076818251,6.0279818174871491e-07
0.94225000000000003,0.021484375,0.021482649235694425,1.7257643055747229e-06
0.94237499999999996,0.011627197265625,0.011623319636306365,3.877629318634751e-06
0.9425,0,-1.6794372574401846e-07,1.6794372574401846e-07
0.94262500000000005,-0.011627197265625,-0.011617802620157278,-9.3946454677220487e-06
0.94274999999999998,-0.021453857421875,-0.021461349115219998,7.4916933449978296e-06
0.94287500000000002,-0.028045654296875,-0.028033477485510494,-1.2176811364505991e-05
0.94299999999999995,-0.03033447265625,-0.030335525730228626,1.0530739786261678e-06
0.94312499999999999,-0.02801513671875,-0.028019249818303629,4.1130995536292625e-06
0.94325000000000003,-0.021453857421875,-0.021439502330162827,-1.4355091712173196e-05
0.94337499999999996,-0.0115966796875,-0.01159987139246957,3.1917049695701777e-06
0.94350000000000001,0,3.9267378086246291e-07,-3.9267378086246291e-07
0.94362500000000005,0.0115966796875,0.011594815433463473,1.8642540365269161e-06
0.94374999999999998,0.02142333984375,0.021418694525087836,4.6453186621636666e-06
0.94387500000000002,0.027984619140625,0.02797769167019366,6.9274704313400381e-06
0.94399999999999995,0.0302734375,0.030275140211826632,-1.7027118266316199e-06
0.94412499999999999,0.0279541015625,0.027963491942637045,-9.3903801370448514e-06
0.94425000000000003,0.021392822265625,0.021396890489689097,-4.0682240640965706e-06
0.94437499999999996,0.011566162109375,0.011576918856315756,-1.0756746940756429e-05
0.94450000000000001,0,-1.6809627973273202e-07,1.6809627973273202e-07
0.94462500000000005,-0.011566162109375,-0.011571425316388639,5.2632070136390124e-06
0.94474999999999998,-0.0213623046875,-0.021375676300061239,1.3371612561239449e-05
0.94487500000000002,-0.027923583984375,-0.027921568456365526,-2.0155280094739936e-06
0.94499999999999995,-0.03021240234375,-0.030214426485551584,2.0241418015841395e-06
0.94512499999999999,-0.02789306640625,-0.027907396613609192,1.4330207359192215e-05
0.94525000000000003,-0.0213623046875,-0.021353914930705722,-8.3897567942775586e-06
0.94537499999999997,-0.011566162109375,-0.011553563322924235,-1.2598786450764704e-05
0.94550000000000001,0,3.9282348729447126e-07,-3.9282348729447126e-07
0.94562500000000005,0.01153564453125,0.011548530788536598,-1.2886257286598424e-05
0.94574999999999998,0.021331787109375,0.021333192881192776,-1.4057718177758194e-06
0.94587500000000002,0.027862548828125,0.027866006232717812,-3.4574045928124908e-06
0.94599999999999995,0.0301513671875,0.030154282921710414,-2.9157342104138562e-06
0.94612499999999999,0.027862548828125,0.02785186222001948,1.0686608105520135e-05
0.94625000000000004,0.02130126953125,0.021311474094428743,-1.0204563178742992e-05
0.94637499999999997,0.01153564453125,0.011530703311976953,4.9412192730472621e-06
0.94650000000000001,0,-1.6824313567897925e-07,1.6824313567897925e-07
0.94662500000000005,-0.01153564453125,-0.011525233145177182,-1.0411386072817913e-05
0.94674999999999998,-0.02130126953125,-0.021290345485435645,-1.0924045814354744e-05
0.94687500000000002,-0.027801513671875,-0.027810106163827831,8.5924919528308774e-06
0.94699999999999995,-0.03009033203125,-0.030093810666574437,3.4786353244366242e-06
0.94712499999999999,-0.027801513671875,-0.027795989926557841,-5.5237453171590178e-06
0.94725000000000004,-0.021270751953125,-0.021268669197974512,-2.0827551504877528e-06
0.94737499999999997,-0.011505126953125,-0.011507440118923139,2.3131657981394216e-06
0.94750000000000001,0,3.9296753089070405e-07,-3.9296753089070405e-07
0.94762500000000005,0.011505126953125,0.01150243090628408,2.69604684091998e-06
0.94774999999999998,0.021240234375,0.02124803255452587,-7.7981795258696973e-06
0.94787500000000002,0.027740478515625,0.027754766639279772,-1.4288123654771639e-05
0.94799999999999995,0.030029296875,0.030033908091416463,-4.6112164164627267e-06
0.948125,0.027740478515625,0.027740678122900014,-1.9960727501433517e-07
0.94825000000000004,0.021240234375,0.021226398683241884,1.3835691758116303e-05
0.94837499999999997,0.011474609375,0.011484672263814317,-1.0062888814317203e-05
0.94850000000000001,0,-1.68384363987574e-07,1.68384363987574e-07
0.94862500000000005,-0.011474609375,-0.011479225367496253,4.6159924962530657e-06
0.94874999999999998,-0.021209716796875,-0.021205355306098423,-4.361490776576965e-06
0.94887500000000002,-0.0277099609375,-0.027699088824541803,-1.0872112958196928e-05
0.94899999999999995,-0.02996826171875,-0.029973676343471731,5.4146247217314036e-06
0.949125,-0.027679443359375,-0.02768502797464208,5.5846152670797899e-06
0.94925000000000004,-0.02117919921875,-0.02118376376802833,4.5645492783297215e-06
0.94937499999999997,-0.011474609375,-0.011461501042468144,-1.310833253185574e-05
0.94950000000000001,0,3.931059544773029e-07,-3.931059544773029e-07
0.94962500000000005,0.011444091796875,0.011456515049155788,-1.2423252280787528e-05
0.94974999999999998,0.021148681640625,0.021163212182570047,-1.4530541945046577e-05
0.94987500000000002,0.02764892578125,0.027643971110087012,4.954671162987756e-06
0.94999999999999996,0.0299072265625,0.029914013794975068,-6.7872324750681279e-06
0.950125,0.027618408203125,0.027629937872343083,-1.1529669218083433e-05
0.95025000000000004,0.021148681640625,0.021141662894912816,7.0187457121839714e-06
0.95037499999999997,0.011444091796875,0.011438824975304247,5.2668215707527e-06
0.95050000000000001,0,-1.6851999360492425e-07,1.6851999360492425e-07
0.95062500000000005,-0.011444091796875,-0.0114334012472693,-1.0690549605700192e-05
0.95074999999999998,-0.0211181640625,-0.021120704402254761,2.5403397547613116e-06
0.95087500000000003,-0.027587890625,-0.027588514662270889,6.2403727088891636e-07
0.95099999999999996,-0.02984619140625,-0.029854021594121805,7.8301878718052553e-06
0.951125,-0.027587890625,-0.027574508982485899,-1.3381642514100761e-05
0.95125000000000004,-0.021087646484375,-0.02109919728237121,1.1550797996209838e-05
0.95137499999999997,-0.01141357421875,-0.011415745358507246,2.171139757246171e-06
0.95150000000000001,0,3.9323880062872972e-07,-3.9323880062872972e-07
0.95162500000000005,0.01141357421875,0.011410782482533277,2.7917362167232534e-06
0.95174999999999998,0.021087646484375,0.021078730408247308,8.9160761276921296e-06
0.95187500000000003,0.02752685546875,0.027533617872451888,-6.7624037018883254e-06
0.95199999999999996,0.02978515625,0.029794598114104946,-9.4418641049462404e-06
0.952125,0.02752685546875,0.027519639696514622,7.2157722353777265e-06
0.95225000000000004,0.02105712890625,0.021057265373659831,-1.3646740983086492e-07
0.95237499999999997,0.011383056640625,0.011393160712863405,-1.0104072238404857e-05
0.95250000000000001,0,-1.6865006698015105e-07,1.6865006698015105e-07
0.95262500000000006,-0.011383056640625,-0.011387760051358104,4.7034107331037772e-06
0.95274999999999999,-0.021026611328125,-0.021036391419538045,9.7800914130447003e-06
0.95287500000000003,-0.0274658203125,-0.027478381907869245,1.2561595369244699e-05
0.95299999999999996,-0.02972412109375,-0.029734844504076093,1.0723410326093225e-05
0.953125,-0.0274658203125,-0.027464431181795358,-1.3891307046424994e-06
0.95325000000000004,-0.021026611328125,-0.021014968387930291,-1.1642940194709489e-05
0.95337499999999997,-0.011383056640625,-0.011370172334922837,-1.2884305702162702e-05
0.95350000000000001,0,3.9336611166909367e-07,-3.9336611166909367e-07
0.95362499999999994,0.0113525390625,0.011365232474768193,-1.2693412268192927e-05
0.95374999999999999,0.02099609375,0.020994585879897023,1.5078701029770658e-06
0.95387500000000003,0.027435302734375,0.027423705160763246,1.1597573611753925e-05
0.95399999999999996,0.0296630859375,0.02967565913818257,-1.2573200682569619e-05
0.954125,0.02740478515625,0.027409781830653703,-4.9966744037031885e-06
0.95425000000000004,0.020965576171875,0.020973204769123097,-7.6285972480973074e-06
0.95437499999999997,0.0113525390625,0.011347678745836979,4.8603166630210859e-06
0.95450000000000002,0,-1.6877462631268358e-07,1.6877462631268358e-07
0.95462499999999995,-0.0113525390625,-0.011342301049538591,-1.0238012961408943e-05
0.95474999999999999,-0.020965576171875,-0.020952415008988232,-1.3161162886767691e-05
0.95487500000000003,-0.027374267578125,-0.027368688799253364,-5.5787788716364639e-06
0.95499999999999996,-0.02960205078125,-0.029616143166528424,1.4092385278424019e-05
0.955125,-0.02734375,-0.027354792811335515,1.1042811335515434e-05
0.95525000000000004,-0.02093505859375,-0.020931075737034243,-3.9828567157569605e-06
0.95537499999999997,-0.011322021484375,-0.011324781242519979,2.7597581449788355e-06
0.95550000000000002,0,3.9348792967347125e-07,-3.9348792967347125e-07
0.95562499999999995,0.011322021484375,0.011319864297095248,2.1571872797516295e-06
0.95574999999999999,0.020904541015625,0.020910777251254321,-6.2362356293213517e-06
0.95587500000000003,0.027313232421875,0.027314231216458189,-9.9879458318949399e-07
0.95599999999999996,0.029571533203125,0.029557194964211549,1.4338238913450679e-05
0.956125,0.027313232421875,0.027300362517049488,1.2869904825511813e-05
0.95625000000000004,0.020904541015625,0.02088947973630479,1.5061279320209564e-05
0.95637499999999998,0.01129150390625,0.011302378346486987,-1.0874440236986749e-05
0.95650000000000002,0,-1.6889371355357573e-07,1.6889371355357573e-07
0.95662499999999995,-0.01129150390625,-0.011297023514538996,5.5196082889962667e-06
0.95674999999999999,-0.0208740234375,-0.020868773827030226,-5.2496104697742629e-06
0.95687500000000003,-0.027252197265625,-0.02725943358137391,7.2363157489103991e-06
0.95699999999999996,-0.029510498046875,-0.029497915682284617,-1.2582364590382755e-05
0.957125,-0.027252197265625,-0.027245592116902282,-6.6051487227179739e-06
0.95725000000000005,-0.020843505859375,-0.020847517987391654,4.0121280166539874e-06
0.95737499999999998,-0.01129150390625,-0.01127957135501474,-1.1932551235259783e-05
0.95750000000000002,0,3.9360429646922025e-07,-3.9360429646922025e-07
0.95762499999999995,0.011260986328125,0.01127467722367083,-1.3690895545830431e-05
0.95774999999999999,0.02081298828125,0.020827303181428513,-1.4314900178512974e-05
0.95787500000000003,0.027191162109375,0.027205194287993922,-1.4032178618922364e-05
0.95799999999999996,0.029449462890625,0.029439203696792253,1.0259193832747038e-05
0.958125,0.027191162109375,0.027191380004992476,-2.1789561747628805e-07
0.95825000000000005,0.02081298828125,0.02080608893560501,6.8993456449895074e-06
0.95837499999999998,0.011260986328125,0.011257258789980644,3.7275381443557104e-06
0.95850000000000002,0,-1.69007370406818e-07,1.69007370406818e-07
0.95862499999999995,-0.011260986328125,-0.011251926721953399,-9.0596061716012588e-06
0.95874999999999999,-0.020782470703125,-0.020785466535442946,2.9958323179458957e-06
0.95887500000000003,-0.02716064453125,-0.02715061450618764,-1.0030025062359588e-05
0.95899999999999996,-0.029388427734375,-0.029380160159731994,-8.2675746430060926e-06
0.95912500000000001,-0.027130126953125,-0.02713682735129436,6.7003981693604386e-06
0.95925000000000005,-0.020751953125,-0.020764293802069567,1.2340677069566652e-05
0.95937499999999998,-0.01123046875,-0.011234541949022576,4.073199022576468e-06
0.95950000000000002,0,3.9371525363728731e-07,-3.9371525363728731e-07
0.95962499999999995,0.01123046875,0.011229670531548793,7.9821845120654766e-07
0.95974999999999999,0.020751953125,0.020744162334881678,7.7907901183220385e-06
0.95987500000000003,0.027099609375,0.027096592630819771,3.0167441802293748e-06
0.95999999999999996,0.029327392578125,0.029321683448091426,5.7091300335737616e-06
0.96012500000000001,0.027069091796875,0.027082832550777414,-1.3740753902414388e-05
0.96025000000000005,0.020721435546875,0.020723031032761983,-1.5954858869834943e-06
0.96037499999999998,0.011199951171875,0.011212319354378749,-1.2368182503748673e-05
0.96050000000000002,0,-1.6911563833063971e-07,1.6911563833063971e-07
0.96062499999999995,-0.011199951171875,-0.011207009950267747,7.0587783927468506e-06
0.96074999999999999,-0.02069091796875,-0.020702491801375764,1.1573832625764308e-05
0.96087500000000003,-0.02703857421875,-0.027042229832629446,3.6556138794455184e-06
0.96099999999999997,-0.029266357421875,-0.029262874714809164,-3.482707065835533e-06
0.96112500000000001,-0.02703857421875,-0.02702849677428526,-1.0077444464740015e-05
0.96125000000000005,-0.02069091796875,-0.020681401849472102,-9.5161192778976667e-06
0.96137499999999998,-0.011199951171875,-0.011189692304046739,-1.0258867828261478e-05
0.96150000000000002,0,3.9382084251350795e-07,-3.9382084251350795e-07
0.96162499999999995,0.01116943359375,0.011184843500668919,-1.5409906918919386e-05
0.96174999999999999,0.020660400390625,0.020661353381407271,-9.5299078227070733e-07
0.96187500000000004,0.0269775390625,0.026988424507349208,-1.0885444849208226e-05
0.96199999999999997,0.029205322265625,0.029204632337812005,6.8992781299473394e-07
0.96212500000000001,0.0269775390625,0.026974718417654787,2.8206448452125499e-06
0.96225000000000005,0.0206298828125,0.020640304698840376,-1.0421886340376135e-05
0.96237499999999998,0.01116943359375,0.011167559320624135,1.8742731258646061e-06
0.96250000000000002,0,-1.6921855853880823e-07,1.6921855853880823e-07
0.96262499999999995,-0.01116943359375,-0.011162272480885116,-7.1611128648844252e-06
0.96274999999999999,-0.0206298828125,-0.020619848297270361,-1.0034515229639246e-05
0.96287500000000004,-0.026947021484375,-0.026934277826584467,-1.2743657790532936e-05
0.96299999999999997,-0.029144287109375,-0.029146057470975886,1.7703616008862832e-06
0.96312500000000001,-0.02691650390625,-0.026920598652595478,4.0947463454781008e-06
0.96325000000000005,-0.020599365234375,-0.020598840803328491,-5.2443104650926053e-07
0.96337499999999998,-0.011138916015625,-0.011145021702466775,6.1056868417754678e-06
0.96350000000000002,0,3.9392110418990177e-07,-3.9392110418990177e-07
0.96362499999999995,0.011138916015625,0.011140195413845373,-1.2793982203732068e-06
0.96375,0.02056884765625,0.020578874996108866,-1.0027339858866002e-05
0.96387500000000004,0.026885986328125,0.026880688186927057,5.2981411979430293e-06
0.96399999999999997,0.029083251953125,0.029088048493163054,-4.7965400380538259e-06
0.96412500000000001,0.02685546875,0.02686703587580818,-1.1567125808180367e-05
0.96425000000000005,0.02056884765625,0.020557908610209962,1.0939046040037842e-05
0.96437499999999998,0.0111083984375,0.011122977972530179,-1.4579535030178822e-05
0.96450000000000002,0,-1.6931617200191881e-07,1.6931617200191881e-07
0.96462499999999995,-0.0111083984375,-0.011117713598040205,9.3151605402054527e-06
0.96475,-0.020538330078125,-0.020537534700877397,-7.9537724760256334e-07
0.96487500000000004,-0.026824951171875,-0.026826756760860375,1.8055889853749174e-06
0.96499999999999997,-0.029022216796875,-0.029029706559183011,7.4897623080112663e-06
0.96512500000000001,-0.026824951171875,-0.026813131259864748,-1.181991201025176e-05
0.96525000000000005,-0.0205078125,-0.02051660934263437,8.7968426343704165e-06
0.96537499999999998,-0.0111083984375,-0.011100529429527023,-7.8690079729770712e-06
0.96550000000000002,0,3.9401607951595979e-07,-3.9401607951595979e-07
0.96562499999999996,0.0111083984375,0.011095725556755245,1.2672880744754936e-05
0.96575,0.0205078125,0.020496725859378923,1.1086640621077448e-05
0.96587500000000004,0.026763916015625,0.02677338194582202,-9.4659301970202725e-06
0.96599999999999997,0.028961181640625,0.028971930048829735,-1.0748408204735299e-05
0.96612500000000001,0.026763916015625,0.026759783202326561,4.1328132984394528e-06
0.96625000000000005,0.020477294921875,0.020475841448524493,1.4534733505065789e-06
0.96637499999999998,0.011077880859375,0.011078574596769331,-6.9373739433088721e-07
0.96650000000000003,0,-1.6940851944868014e-07,1.6940851944868014e-07
0.96662499999999996,-0.011077880859375,-0.011073332588837278,-4.5482705377224847e-06
0.96675,-0.02044677734375,-0.02045554969522587,8.7723514758698828e-06
0.96687500000000004,-0.0267333984375,-0.026719664915159733,-1.3733522340266674e-05
0.96699999999999997,-0.028900146484375,-0.0289138201178426,1.367363346760006e-05
0.96712500000000001,-0.026702880859375,-0.026706092876624437,3.2120172494369548e-06
0.96725000000000005,-0.02044677734375,-0.020434706151686955,-1.2071192063044939e-05
0.96737499999999998,-0.01104736328125,-0.011056214773325185,8.8514920751851106e-06
0.96750000000000003,0,3.9410580909992592e-07,-3.9410580909992592e-07
0.96762499999999996,0.01104736328125,0.011051433217927112,-4.0699366771115159e-06
0.96775,0.020416259765625,0.020414904656868418,1.3551087565816244e-06
0.96787500000000004,0.02667236328125,0.026666504067168677,5.8592140813225335e-06
0.96799999999999997,0.02886962890625,0.028856275146943566,1.3353759306434371e-05
0.96812500000000001,0.026641845703125,0.026652958681176807,-1.1112978051806832e-05
0.96825000000000006,0.0203857421875,0.020394101900700578,-8.3597132005779062e-06
0.96837499999999999,0.01104736328125,0.011034348482873813,1.301479837618677e-05
0.96850000000000003,0,-1.6949564136719243e-07,1.6949564136719243e-07
0.96862499999999996,-0.011016845703125,-0.011029128743226384,1.2283040101384105e-05
0.96875,-0.0203857421875,-0.020373891968602027,-1.1850218897973414e-05
0.96887500000000004,-0.026611328125,-0.02661300057605245,1.6724510524500358e-06
0.96899999999999997,-0.02880859375,-0.028798396292798144,-1.0197457201856219e-05
0.96912500000000001,-0.026611328125,-0.026599481790270017,-1.1846334729982699e-05
0.96924999999999994,-0.020355224609375,-0.020353129920026417,-2.0946893485827844e-06
0.96937499999999999,-0.011016845703125,-0.011012077024800936,-4.7686783240640657e-06
0.96950000000000003,0,3.9419033331007266e-07,-3.9419033331007266e-07
0.96962499999999996,0.011016845703125,0.011007317688729656,9.5280143953442586e-06
0.96975,0.02032470703125,0.020333410079502959,-8.7030482529594499e-06
0.96987500000000004,0.02655029296875,0.026560052840960344,-9.7598722103436897e-06
0.96999999999999997,0.02874755859375,0.02874108193705259,6.4766566974100437e-06
0.97012500000000002,0.02655029296875,0.026546560603176162,3.7323655738379091e-06
0.97024999999999995,0.02032470703125,0.020312688658915182,1.2018372334818284e-05
0.97037499999999999,0.010986328125,0.01099029892317575,-3.970798175750162e-06
0.97050000000000003,0,-1.6957757800621888e-07,1.6957757800621888e-07
0.97062499999999996,-0.010986328125,-0.010985101353992006,-1.2267710079935656e-06
0.97075,-0.020294189453125,-0.02029256021452842,-1.6292385965795131e-06
0.97087500000000004,-0.026519775390625,-0.026506762036948388,-1.3013353676611522e-05
0.97099999999999997,-0.0286865234375,-0.028683433237294879,-3.0902002051205746e-06
0.97112500000000002,-0.0264892578125,-0.026493296295033688,4.0384825336879648e-06
0.97124999999999995,-0.020263671875,-0.020271879342424293,8.2074674242933743e-06
0.97137499999999999,-0.010955810546875,-0.010968115477724579,1.2304930849579149e-05
0.97150000000000003,0,3.942696922759691e-07,-3.942696922759691e-07
0.97162499999999996,0.010955810546875,0.010963378263360336,-7.5677164853363288e-06
0.97175,0.020263671875,0.020252240823406074,1.1431051593926295e-05
0.97187500000000004,0.026458740234375,0.026454026564016613,4.7136703583867956e-06
0.97199999999999998,0.02862548828125,0.028626348576091858,-8.6029484185762284e-07
0.97212500000000002,0.02642822265625,0.026440587265964929,-1.236460971492867e-05
0.97224999999999995,0.020233154296875,0.020231600420510656,1.5538763643435649e-06
0.97237499999999999,0.010955810546875,0.010946425212868678,9.3853340063215079e-06
0.97250000000000003,0,-1.6965436937645189e-07,1.6965436937645189e-07
0.97262499999999996,-0.010955810546875,-0.010941249716741746,-1.4560830133254071e-05
0.97275,-0.02020263671875,-0.020211553131742954,8.9164129929535096e-06
0.97287500000000005,-0.026397705078125,-0.026400947598065095,3.2425199400949734e-06
0.97299999999999998,-0.028564453125,-0.028568929111950254,4.4759869502544736e-06
0.97312500000000002,-0.026397705078125,-0.026387534691957044,-1.017038616795557e-05
0.97324999999999995,-0.02020263671875,-0.020190953118862636,-1.1683599887363921e-05
0.97337499999999999,-0.01092529296875,-0.010924329428685734,-9.6354006426553618e-07
0.97350000000000003,0,3.9434392588974407e-07,-3.9434392588974407e-07
0.97362499999999996,0.01092529296875,0.010919614238834082,5.6787299159179183e-06
0.97375,0.020172119140625,0.020171395589915549,7.2355070945134825e-07
0.97387500000000005,0.026336669921875,0.026348423539956107,-1.1753618081106892e-05
0.97399999999999998,0.02850341796875,0.028512073228353856,-8.6552596038555474e-06
0.97412500000000002,0.026336669921875,0.026335036973979233,1.632947895766762e-06
0.97424999999999995,0.0201416015625,0.020150835888085052,-9.2343255850522998e-06
0.97437499999999999,0.010894775390625,0.01090272664994766,-7.9512593226596651e-06
0.97450000000000003,0,-1.6972605525177224e-07,1.6972605525177224e-07
0.97462499999999996,-0.010894775390625,-0.010897573129895057,2.7977392700571924e-06
0.97475000000000001,-0.0201416015625,-0.020130869424178115,-1.0732138321884604e-05
0.97487500000000005,-0.02630615234375,-0.026295555566420482,-1.0596777329518331e-05
0.97499999999999998,-0.0284423828125,-0.028454882084724489,1.2499272224488628e-05
0.97512500000000002,-0.026275634765625,-0.026282195288863951,6.5605232389513712e-06
0.97524999999999995,-0.020111083984375,-0.02011034995451319,-7.3402986180970409e-07
0.97537499999999999,-0.010894775390625,-0.0108807181770821,-1.4057213542899988e-05
0.97550000000000003,0,3.9441306088044192e-07,-3.9441306088044192e-07
0.97562499999999996,0.0108642578125,0.010876024914972056,-1.1767102472056215e-05
0.97575000000000001,0.02008056640625,0.020090873085553362,-1.0306679303361682e-05
0.97587500000000005,0.0262451171875,0.026243242079169352,1.8751083306484118e-06
0.97599999999999998,0.028411865234375,0.028398254065459202,1.3611168915798194e-05
0.97612500000000002,0.026214599609375,0.026229908038423861,-1.5308429048861011e-05
0.97624999999999995,0.02008056640625,0.020070393769397191,1.0172636852809336e-05
0.97637499999999999,0.0108642578125,0.010859202535210225,5.0552772897748122e-06
0.97650000000000003,0,-1.6979267517050234e-07,1.6979267517050234e-07
0.97662499999999997,-0.0108642578125,-0.010854070894672016,-1.0186917827984324e-05
0.97675000000000001,-0.020050048828125,-0.020050507800940191,4.5897281519130528e-07
0.97687500000000005,-0.02618408203125,-0.026190584255775886,6.5022245258859745e-06
0.97699999999999998,-0.028350830078125,-0.028341290330891274,-9.539747233725665e-06
0.97712500000000002,-0.02618408203125,-0.026177276400333394,-6.8056309166057705e-06
0.97724999999999995,-0.02001953125,-0.020030068559716684,1.053730971668429e-05
0.97737499999999999,-0.010833740234375,-0.010837281025120134,3.5407907451340953e-06
0.97750000000000004,0,3.9447716257447675e-07,-3.9447716257447675e-07
0.97762499999999997,0.010833740234375,0.010832609594390455,1.130639984544754e-06
0.97775000000000001,0.02001953125,0.020010672022004964,8.8592279950359953e-06
0.97787500000000005,0.026123046875,0.026138480498791711,-1.5433623791711454e-05
0.97799999999999998,0.028289794921875,0.02828488926632737,4.9056555476295616e-06
0.97812500000000002,0.026123046875,0.026125198777245302,-2.1519022453016234e-06
0.97824999999999995,0.019989013671875,0.019990272777364551,-1.2591054895511045e-06
0.97837499999999999,0.01080322265625,0.010815852172245165,-1.2629515995165111e-05
0.97850000000000004,0,-1.6985426843665271e-07,1.6985426843665271e-07
0.97862499999999997,-0.01080322265625,-0.010810742315082141,7.5196588321408547e-06
0.97875000000000001,-0.01995849609375,-0.019970466976288646,1.1970882538646366e-05
0.97887500000000005,-0.026092529296875,-0.026086031986628986,-6.4973102460140486e-06
0.97899999999999998,-0.028228759765625,-0.028228152033008568,-6.077326164324881e-07
0.97912500000000002,-0.02606201171875,-0.026072776347672584,1.0764628922584063e-05
0.97924999999999995,-0.01995849609375,-0.019950107649962186,-8.3884437878135876e-06
0.979375,-0.01080322265625,-0.010794017277756241,-9.2053784937588812e-06
0.97950000000000004,0,3.9453625718045821e-07,-3.9453625718045821e-07
0.97962499999999997,0.01080322265625,0.010789367582489341,1.3855073760659156e-05
0.97975000000000001,0.019927978515625,0.019930791116098679,-2.8126004736790666e-06
0.97987500000000005,0.026031494140625,0.026034137122676486,-2.6429820514858871e-06
0.97999999999999998,0.028167724609375,0.028171977017147531,-4.2524077725307474e-06
0.98012500000000002,0.026031494140625,0.02602090751510476,1.0586625520239701e-05
0.98024999999999995,0.0198974609375,0.019910471630042666,-1.3010692542666374e-05
0.980375,0.010772705078125,0.010772674867421414,3.02107035863447e-08
0.98050000000000004,0,-1.6991087412116305e-07,1.6991087412116305e-07
0.98062499999999997,-0.010772705078125,-0.010767586697913259,-5.1183802117407001e-06
0.98075000000000001,-0.0198974609375,-0.019890745669615531,-6.7152678844689673e-06
0.98087500000000005,-0.025970458984375,-0.025981897086181996,1.1438101806995893e-05
0.98099999999999998,-0.028106689453125,-0.028115465380889517,8.7759277645170497e-06
0.98112500000000002,-0.025970458984375,-0.025968693458890062,-1.7655254849376079e-06
0.98124999999999996,-0.019866943359375,-0.019870465945866573,3.5225864915729155e-06
0.981375,-0.0107421875,-0.010750926242757195,8.7387427571954807e-06
0.98150000000000004,0,3.9459038365325367e-07,-3.9459038365325367e-07
0.98162499999999997,0.0107421875,0.010746298187441534,-4.1106874415341305e-06
0.98175000000000001,0.01983642578125,0.01985122908978517,-1.4803308535170367e-05
0.98187500000000005,0.02593994140625,0.025930210281368108,9.731124881891956e-06
0.98199999999999998,0.028045654296875,0.028059515511349567,-1.3861214474567007e-05
0.98212500000000003,0.025909423828125,0.025917032583351412,-7.6087552264118841e-06
0.98224999999999996,0.01983642578125,0.019830989050604621,5.4367306453785569e-06
0.982375,0.0107421875,0.01072966992987693,1.2517570123070365e-05
0.98250000000000004,0,-1.6996251831595012e-07,1.6996251831595012e-07
0.98262499999999997,-0.010711669921875,-0.01072460335272042,1.2933430845419799e-05
0.98275000000000001,-0.019805908203125,-0.019811342605425018,5.4344023000182928e-06
0.98287500000000005,-0.02587890625,-0.025878177888314875,-7.2836168512474542e-07
0.98299999999999998,-0.02801513671875,-0.028003228571573509,-1.1908147176491191e-05
0.98312500000000003,-0.02587890625,-0.025865026068668948,-1.3880181331051705e-05
0.98324999999999996,-0.019805908203125,-0.019791142173154044,-1.4766029970955663e-05
0.983375,-0.010711669921875,-0.010708007230641329,-3.662691233670759e-06
0.98350000000000004,0,3.9463958071650867e-07,-3.9463958071650867e-07
0.98362499999999997,0.010711669921875,0.010703400720181548,8.2692016934518553e-06
0.98375000000000001,0.019775390625,0.01977198467011701,3.4059548829901143e-06
0.98387500000000006,0.02581787109375,0.025826698312075378,-8.8272183253780556e-06
0.98399999999999999,0.0279541015625,0.027947502949575147,6.5986129248532532e-06
0.98412500000000003,0.02581787109375,0.025813572319995676,4.2987737543243032e-06
0.98424999999999996,0.019744873046875,0.019751823767320632,-6.9507204456323302e-06
0.984375,0.01068115234375,0.010686836671507641,-5.6843277576410639e-06
0.98450000000000004,0,-1.700092651747671e-07,1.700092651747671e-07
0.98462499999999997,-0.01068115234375,-0.010681791591814845,6.3924806484490226e-07
0.98475000000000001,-0.019744873046875,-0.019732256513312969,-1.2616533562031379e-05
0.98487499999999994,-0.025787353515625,-0.025774872733558659,-1.2480782066340984e-05
0.98499999999999999,-0.02789306640625,-0.027891439809297293,-1.6265969527071156e-06
0.98512500000000003,-0.0257568359375,-0.025761772518345164,4.9365808451641568e-06
0.98524999999999996,-0.01971435546875,-0.019712135062635725,-2.2204061142748477e-06
0.985375,-0.010650634765625,-0.010665259554679427,1.462478905442724e-05
0.98550000000000004,0,3.9468388686387276e-07,-3.9468388686387276e-07
0.98562499999999997,0.010650634765625,0.01066067449439456,-1.0039728769560205e-05
0.98575000000000002,0.019683837890625,0.019693056589228267,-9.2186986032673224e-06
0.98587499999999995,0.025726318359375,0.025723599558635263,2.7188007397371816e-06
0.98599999999999999,0.02783203125,0.027835937539648949,-3.9062896489486243e-06
0.98612500000000003,0.02569580078125,0.025710525069682626,-1.4724288432625687e-05
0.98624999999999996,0.019683837890625,0.019672974513537667,1.0863377087333426e-05
0.986375,0.010650634765625,0.010644174406956459,6.4603586685408471e-06
0.98650000000000004,0,-1.7005114027844739e-07,1.7005114027844739e-07
0.98662499999999997,-0.010650634765625,-0.010639150730252926,-1.1484035372074167e-05
0.98675000000000002,-0.0196533203125,-0.01965348612794662,1.6581544661983805e-07
0.98687499999999995,-0.025665283203125,-0.02567197996906893,6.6967659439302885e-06
0.98699999999999999,-0.02777099609375,-0.027780097305466302,9.1012117163016826e-06
0.98712500000000003,-0.025665283203125,-0.025658931155861445,-6.352047263555316e-06
0.98724999999999996,-0.019622802734375,-0.019633443350189371,1.0640615814370979e-05
0.987375,-0.0106201171875,-0.010622682530883764,2.5653433837636436e-06
0.98750000000000004,0,3.9472334036021831e-07,-3.9472334036021831e-07
0.98762499999999998,0.0106201171875,0.010618118826505435,1.9983609945654207e-06
0.98775000000000002,0.019622802734375,0.01961444358431429,8.3591500607098357e-06
0.98787499999999995,0.025634765625,0.02562091237152507,1.3853253474929716e-05
0.98799999999999999,0.0277099609375,0.027724817496549963,-1.4856559049963164e-05
0.98812500000000003,0.025604248046875,0.025607889183665505,-3.6411367905046788e-06
0.98824999999999996,0.01959228515625,0.019594440027659213,-2.1548714092128884e-06
0.988375,0.010589599609375,0.01060168245360228,-1.2082844227280162e-05
0.98850000000000005,0,-1.700881817779306e-07,1.700881817779306e-07
0.98862499999999998,-0.010589599609375,-0.010596680085825261,7.0804764502607753e-06
0.98875000000000002,-0.019561767578125,-0.019575030189044346,1.3262610919346357e-05
0.98887499999999995,-0.02557373046875,-0.025569497948599355,-4.2325201506446253e-06
0.98899999999999999,-0.027679443359375,-0.027669199278625954,-1.024408074904587e-05
0.98912500000000003,-0.025543212890625,-0.025556500335770092,1.3287445145091642e-05
0.98924999999999996,-0.019561767578125,-0.019555065776739152,-6.7018013858478886e-06
0.989375,-0.010589599609375,-0.010580275477997145,-9.3241313778545665e-06
0.98950000000000005,0,3.9475797924285329e-07,-3.9475797924285329e-07
0.98962499999999998,0.010589599609375,0.010575733035656173,1.3866573718827185e-05
0.98975000000000002,0.01953125,0.019536144397611428,-4.8943976114282362e-06
0.98987499999999995,0.0255126953125,0.025518635107777913,-5.9397952779129126e-06
0.98999999999999999,0.027618408203125,0.027614141042382943,4.2671607420573243e-06
0.99012500000000003,0.0255126953125,0.025505663019779346,7.0322927206538377e-06
0.99024999999999996,0.01953125,0.019516219053125079,1.503094687492143e-05
0.99037500000000001,0.01055908203125,0.010559360131549091,-2.7810029909133838e-07
0.99050000000000005,0,-1.7012042759719704e-07,1.7012042759719704e-07
0.99062499999999998,-0.01055908203125,-0.010554378979045756,-4.7030522042443984e-06
0.99075000000000002,-0.019500732421875,-0.019496887441355467,-3.8449805195329978e-06
0.99087499999999995,-0.025482177734375,-0.025467425032475354,-1.4752701899645865e-05
0.99099999999999999,-0.027557373046875,-0.027558743954433234,1.3709075582339636e-06
0.99112500000000003,-0.02545166015625,-0.025454478419187174,2.8182629371736878e-06
0.99124999999999996,-0.01947021484375,-0.019477001088235489,6.7862444854890902e-06
0.99137500000000001,-0.010528564453125,-0.010538037717482008,9.4732643570079322e-06
0.99150000000000005,0,3.9478784132272935e-07,-3.9478784132272935e-07
0.99162499999999998,0.010528564453125,0.01053351644374151,-4.9519906165102628e-06
0.99175000000000002,0.01947021484375,0.019458157776376973,1.2057067373026642e-05
0.99187499999999995,0.025421142578125,0.025416766130995246,4.3764471297537411e-06
0.99199999999999999,0.027496337890625,0.02750390640634999,-7.5685157249899548e-06
0.99212500000000003,0.025390625,0.025403844942414711,-1.3219942414710584e-05
0.99224999999999997,0.019439697265625,0.019438310338391284,1.3869272337159455e-06
0.99237500000000001,0.010528564453125,0.010517206763615072,1.1357689509928354e-05
0.99250000000000005,0,-1.7014791543447108e-07,1.7014791543447108e-07
0.99262499999999998,-0.010498046875,-0.010512246733140723,1.4199858140722874e-05
0.99275000000000002,-0.0194091796875,-0.019419056634640209,9.8769471402089526e-06
0.99287499999999995,-0.025360107421875,-0.025365759587567871,5.6521656928709696e-06
0.99299999999999999,-0.027435302734375,-0.027448729565628254,1.342683125325414e-05
0.99312500000000004,-0.025360107421875,-0.0253528637737712,-7.2436481038003209e-06
0.99324999999999997,-0.0194091796875,-0.019399248035634996,-9.9316518650041652e-06
0.99337500000000001,-0.010498046875,-0.010495968573509571,-2.0783014904289521e-06
0.99350000000000005,0,3.948129641856416e-07,-3.948129641856416e-07
0.99362499999999998,0.010498046875,0.010491468375328262,6.5784996717381528e-06
0.99375000000000002,0.019378662109375,0.019380482472869068,-1.8203634940677782e-06
0.99387499999999995,0.02532958984375,0.025315303811310971,1.42860324390294e-05
0.99399999999999999,0.02740478515625,0.027394111824722171,1.0673331527828733e-05
0.99412500000000004,0.025299072265625,0.025302433322496262,-3.3610568712615085e-06
0.99424999999999997,0.01934814453125,0.019360712636910041,-1.256810566004074e-05
0.99437500000000001,0.010467529296875,0.010475221675321769,-7.69237844676883e-06
0.99450000000000005,0,-1.7017068276341939e-07,1.7017068276341939e-07
0.99462499999999998,-0.010467529296875,-0.010470282674038094,2.7533771630935955e-06
0.99475000000000002,-0.01934814453125,-0.019341536523640866,-6.6080076091337703e-06
0.99487499999999995,-0.0252685546875,-0.025264499987267236,-4.0547002327639969e-06
0.995,-0.02734375,-0.027339154352005995,-4.5956479940052752e-06
0.99512500000000004,-0.025238037109375,-0.025251654773696956,1.3617664321955575e-05
0.99524999999999997,-0.019317626953125,-0.019321805374880492,4.1784217554921566e-06
0.99537500000000001,-0.010467529296875,-0.010454067372949004,-1.3461923925995808e-05
0.99550000000000005,0,3.9483338519342484e-07,-3.9483338519342484e-07
0.99562499999999998,0.01043701171875,0.010449588157691106,-1.2576438941105939e-05
0.99575000000000002,0.019317626953125,0.019303117244326776,1.450970879822433e-05
0.99587499999999995,0.02520751953125,0.025214246525365348,-6.7269941153476343e-06
0.996,0.02728271484375,0.027284755540811334,-2.0406970613340292e-06
0.99612500000000004,0.02520751953125,0.025201426537437645,6.0929938123545357e-06
0.99624999999999997,0.019287109375,0.019283424707109795,3.6846678902052732e-06
0.99637500000000001,0.01043701171875,0.010433404194883297,3.607523866702711e-06
0.99650000000000005,0,-1.7018876683434332e-07,1.7018876683434332e-07
0.99662499999999998,-0.01043701171875,-0.010428486130356606,-8.5255883933935822e-06
0.99675000000000002,-0.019256591796875,-0.019264325868097117,7.7340712221173058e-06
0.99687499999999996,-0.025177001953125,-0.025163644611457144,-1.3357341667855765e-05
0.997,-0.0272216796875,-0.027230016560388155,8.3368728881552667e-06
0.99712500000000004,-0.025146484375,-0.025150849799629532,4.3654246295321553e-06
0.99724999999999997,-0.019256591796875,-0.019244671866881106,-1.1919929993893519e-05
0.99737500000000001,-0.010406494140625,-0.010412333445356683,5.8393047316831342e-06
0.99750000000000005,0,3.9484914148514185e-07,-3.9484914148514185e-07
0.99762499999999998,0.010406494140625,0.010407875120790153,-1.3809801651526454e-06
0.99775000000000003,0.01922607421875,0.019226060852950175,1.3365799824555102e-08
0.99787499999999996,0.025115966796875,0.025113592656279018,2.3741405959822048e-06
0.998,0.02716064453125,0.02717583580494199,-1.5191273691990415e-05
0.99812500000000004,0.02508544921875,0.025100822971144143,-1.5373752394142598e-05
0.99824999999999997,0.019195556640625,0.019206445312375399,-1.0888671750398926e-05
0.99837500000000001,0.010406494140625,0.010391753653195597,1.4740487429403329e-05
0.99850000000000005,0,-1.7020220467536507e-07,1.7020220467536507e-07
0.99862499999999998,-0.0103759765625,-0.01038685643338366,1.0879870883660422e-05
0.99875000000000003,-0.019195556640625,-0.019187423432673295,-8.1332079517049127e-06
0.99887499999999996,-0.025054931640625,-0.025063191846488746,8.2602058637457065e-06
0.999,-0.027130126953125,-0.027121314444595038,-8.8125085299615991e-06
0.99912500000000004,-0.025054931640625,-0.025050447238698384,-4.4844019266160329e-06
0.99924999999999997,-0.0191650390625,-0.019167846277501142,2.8072150011423935e-06
0.99937500000000001,-0.0103759765625,-0.010370766122965445,-5.2104395345548699e-06
0.99950000000000006,0,3.9486026997826736e-07,-3.9486026997826736e-07
0.99962499999999999,0.0103759765625,0.010366328597260237,9.6479652397628984e-06
0.99975000000000003,0.019134521484375,0.019149312065880573,-1.4790581505573497e-05
0.99987499999999996,0.0250244140625,0.025013340593627174,1.1073468872826314e-05
1,0.027069091796875,0.027067350874423312,1.7409224516880262e-06
1.0001249999999999,0.024993896484375,0.025000621013967723,-6.7245295927234605e-06
1.0002500000000001,0.019134521484375,0.019129773221019563,4.7482633554370157e-06
1.000375,0.010345458984375,0.010350269383825732,-4.8103994507320974e-06
1.0004999999999999,0,-1.7021103309360728e-07,1.7021103309360728e-07
1.0006250000000001,-0.010345458984375,-0.010345392917133007,-6.6067241993178483e-08
1.00075,-0.01910400390625,-0.01911082798697392,6.8240807239196288e-06
1.000875,-0.02496337890625,-0.024963140085154788,-2.3882109521228267e-07
1.0009999999999999,-0.027008056640625,-0.027013046265417711,4.989624792711006e-06
1.001125,-0.02496337890625,-0.024950445484471555,-1.2933421778445198e-05
1.00125,-0.01910400390625,-0.019091327377505487,-1.267652874451311e-05
1.0013749999999999,-0.01031494140625,-0.010329364740673905,1.4423334423904755e-05
1.0015000000000001,0,3.9486680736986456e-07,-3.9486680736986456e-07
1.001625,0.01031494140625,0.010324947922400225,-1.0006516150224895e-05
1.0017499999999999,0.019073486328125,0.01907286965518076,6.1667294424042063e-07
1.0018750000000001,0.02490234375,0.0249134887334184,-1.1144983418399923e-05
1.002,0.026947021484375,0.026959299013521256,-1.22775291462561e-05
1.0021249999999999,0.02490234375,0.024900819062686069,1.5246873139307393e-06
1.0022500000000001,0.01904296875,0.019053407206298056,-1.0438456298056398e-05
1.002375,0.01031494140625,0.010308950723001208,5.9906832487917339e-06
1.0024999999999999,0,-1.7021528867636841e-07,1.7021528867636841e-07
1.0026250000000001,-0.01031494140625,-0.010304094918174586,-1.0846488075413538e-05
1.00275,-0.01904296875,-0.019034538305515148,-8.4304444848519455e-06
1.002875,-0.024871826171875,-0.024863487726663955,-8.338445211045209e-06
1.0029999999999999,-0.02691650390625,-0.026905210290590103,-1.1293615659897088e-05
1.003125,-0.02484130859375,-0.024850842936929955,9.5343431799552181e-06
1.00325,-0.019012451171875,-0.019015113942592265,2.6627707172648118e-06
1.0033749999999999,-0.010284423828125,-0.010288128636035815,3.7048079108148446e-06
1.0035000000000001,0,3.948687901377573e-07,-3.948687901377573e-07
1.003625,0.010284423828125,0.010283732434162397,6.9139396260270436e-07
1.0037499999999999,0.01898193359375,0.018996732397806755,-1.4798804056755099e-05
1.0038750000000001,0.024810791015625,0.024814035478050347,-3.244462425347483e-06
1.004,0.02685546875,0.026851678493430804,3.7902565691964873e-06
1.0041249999999999,0.024810791015625,0.024801415520476929,9.3754951480708171e-06
1.0042500000000001,0.01898193359375,0.018977346046337714,4.5875474122859805e-06
1.004375,0.01025390625,0.010267797009599382,-1.3890759599382435e-05
1.0044999999999999,0,-1.7021500779229031e-07,1.7021500779229031e-07
1.0046250000000001,-0.01025390625,-0.0102629617758062,9.0555258061997962e-06
1.00475,-0.018951416015625,-0.018958553167705214,7.1371520802138155e-06
1.004875,-0.024749755859375,-0.024764233176615216,1.4477317240215587e-05
1.0049999999999999,-0.02679443359375,-0.026797804794761317,3.371201011317243e-06
1.005125,-0.024749755859375,-0.024751638002441761,1.882143066761488e-06
1.00525,-0.018951416015625,-0.018939204753338365,-1.2211262286634939e-05
1.0053749999999999,-0.01025390625,-0.010247057149249473,-6.8491007505274565e-06
1.0055000000000001,0,3.9486625454169483e-07,-3.9486625454169483e-07
1.005625,0.01025390625,0.010242681473141845,1.1224776858154845e-05
1.0057499999999999,0.0189208984375,0.01892089907562278,-6.3812278031094571e-10
1.0058750000000001,0.02471923828125,0.024714979236312256,4.2590449377440109e-06
1.006,0.0267333984375,0.026744487592248279,-1.1089154748279012e-05
1.0061249999999999,0.024688720703125,0.024702408796892537,-1.3688093767536685e-05
1.0062500000000001,0.018890380859375,0.01890158852415183,-1.1207664776829995e-05
1.006375,0.010223388671875,0.010226807585148072,-3.4189132730715749e-06
1.0065,0,-1.7021022659252164e-07,1.7021022659252164e-07
1.0066250000000001,-0.010223388671875,-0.010221992831940391,-1.3958399346092332e-06
1.00675,-0.018890380859375,-0.018882871357824866,-7.5095015501340512e-06
1.006875,-0.024658203125,-0.024665374846972329,7.1717219723294034e-06
1.0069999999999999,-0.026702880859375,-0.026690828059468024,-1.2052799906975969e-05
1.007125,-0.024658203125,-0.024652829093736939,-5.3740312630605469e-06
1.00725,-0.01885986328125,-0.018863598595188606,3.7353139386055167e-06
1.0073749999999999,-0.01019287109375,-0.010206149623147146,1.327852939714616e-05
1.0075000000000001,0,3.9485923662451248e-07,-3.9485923662451248e-07
1.007625,0.01019287109375,0.010201794382565922,-8.9232888159217899e-06
1.0077499999999999,0.01885986328125,0.018845368475329895,1.4494805920105269e-05
1.0078750000000001,0.024627685546875,0.02461631842334076,1.1367123534240103e-05
1.008,0.026641845703125,0.026637724594943835,4.1211081811647066e-06
1.0081249999999999,0.02459716796875,0.024603797307834217,-6.6293390842166178e-06
1.0082500000000001,0.018829345703125,0.018826133427611916,3.2122755130835345e-06
1.008375,0.01019287109375,0.0101859817937701,6.8892999798998017e-06
1.0085,0,-1.7020098101187407e-07,1.7020098101187407e-07
1.0086250000000001,-0.01019287109375,-0.010181187431116706,-1.1683662633293901e-05
1.00875,-0.018798828125,-0.018807491665007944,8.6635400079436431e-06
1.008875,-0.024566650390625,-0.024566911156038446,2.6076541344635662e-07
1.0089999999999999,-0.026580810546875,-0.026584278373106979,3.4678262319787212e-06
1.009125,-0.024566650390625,-0.024554414629881803,-1.2235760743196933e-05
1.00925,-0.018798828125,-0.01878829425843636,-1.0533866563640359e-05
1.0093749999999999,-0.010162353515625,-0.010165405403184578,3.051887559578359e-06
1.0095000000000001,0,3.9484777221328516e-07,-3.9484777221328516e-07
1.009625,0.010162353515625,0.010161070508283741,1.2830073412590376e-06
1.0097499999999999,0.018768310546875,0.018770139388481193,-1.8288416061933155e-06
1.0098750000000001,0.024505615234375,0.024518051460599186,-1.2436226224186303e-05
1.01,0.026519775390625,0.026531387793333961,-1.161240270896105e-05
1.0101249999999999,0.024505615234375,0.024505579475526985,3.5758848014599831e-08
1.0102500000000001,0.01873779296875,0.018750979549428334,-1.3186580678333643e-05
1.010375,0.0101318359375,0.010145318982240286,-1.3483044740286027e-05
1.0105,0,-1.7018730676997443e-07,1.7018730676997443e-07
1.0106250000000001,-0.0101318359375,-0.010140544920491204,8.7089829912036926e-06
1.01075,-0.01873779296875,-0.018732412883221986,-5.3800855280144999e-06
1.010875,-0.02447509765625,-0.02446884052842617,-6.2571278238304773e-06
1.0109999999999999,-0.0264892578125,-0.026478154030907582,-1.1103781592417677e-05
1.0111250000000001,-0.024444580078125,-0.024456393036253778,1.181295812877764e-05
1.01125,-0.018707275390625,-0.018713290538204155,6.0151475791553333e-06
1.0113749999999999,-0.0101318359375,-0.010124823837430505,-7.0121000694950419e-06
1.0115000000000001,0,3.94831884891589e-07,-3.94831884891589e-07
1.011625,0.0101318359375,0.010120509198755703,1.1326738744297377e-05
1.0117499999999999,0.018707275390625,0.018695210611453815,1.2064779171185036e-05
1.0118750000000001,0.0244140625,0.024420176775852325,-6.1142758523251295e-06
1.012,0.02642822265625,0.026425475486054176,2.7471701958235728e-06
1.0121249999999999,0.0244140625,0.024407753728494342,6.3087715056579785e-06
1.0122500000000001,0.0186767578125,0.018676125687130986,6.3212536901419147e-07
1.012375,0.010101318359375,0.010104818499929943,-3.5001405549427156e-06
1.0125,0,-1.7016923937240877e-07,1.7016923937240877e-07
1.0126250000000001,-0.010101318359375,-0.010100064649826027,-1.2537095489730671e-06
1.01275,-0.018646240234375,-0.018657633811248908,1.1393576873908184e-05
1.012875,-0.024383544921875,-0.024371161395050807,-1.2383526824193136e-05
1.0129999999999999,-0.0263671875,-0.026372453334904677,5.2658349046774688e-06
1.0131250000000001,-0.02435302734375,-0.02435876274451616,5.7354007661596096e-06
1.01325,-0.018646240234375,-0.018638586234424433,-7.6539999505666201e-06
1.0133749999999999,-0.01007080078125,-0.010084404276556226,1.3603495306225774e-05
1.0135000000000001,0,3.9481163416420954e-07,-3.9481163416420954e-07
1.013625,0.01007080078125,0.010080109805043085,-9.3090237930845698e-06
1.0137499999999999,0.01861572265625,0.018620580945429687,-4.8582891796870864e-06
1.0138750000000001,0.024322509765625,0.024322692803141283,-1.8303751628256926e-07
1.014,0.02630615234375,0.026319985978531846,-1.3833634781846432e-05
1.0141249999999999,0.024322509765625,0.024310318501533125,1.2191264091875043e-05
1.0142500000000001,0.01861572265625,0.018601570643050035,1.4152013199965341e-05
1.014375,0.01007080078125,0.010064479698807751,6.3210824422493123e-06
1.0145,0,-1.7014681411186326e-07,1.7014681411186326e-07
1.0146250000000001,-0.01007080078125,-0.010059745971478976,-1.1054809771024465e-05
1.01475,-0.018585205078125,-0.018583153252665841,-2.0518254591588014e-06
1.014875,-0.024261474609375,-0.024273872193077587,1.2397583702587062e-05
1.0149999999999999,-0.026275634765625,-0.026267174593911351,-8.4601717136485732e-06
1.0151250000000001,-0.024261474609375,-0.024261522192593046,4.758321804632093e-08
1.01525,-0.0185546875,-0.018564180151820316,9.4926518203163057e-06
1.0153749999999999,-0.010040283203125,-0.010044146073836234,3.8628707112343258e-06
1.0155000000000001,0,3.9478704314070998e-07,-3.9478704314070998e-07
1.015625,0.010040283203125,0.010039871680797631,4.1152232736936523e-07
1.0157499999999999,0.0185546875,0.018546249196376347,8.4383036236534981e-06
1.0158750000000001,0.02423095703125,0.024225597982758397,5.3590484916030134e-06
1.016,0.026214599609375,0.026214917582959001,-3.1797358400129094e-07
1.0161249999999999,0.024200439453125,0.024213272235688445,-1.2832782563445416e-05
1.0162500000000001,0.018524169921875,0.018527313224296803,-3.1433024218034677e-06
1.016375,0.010009765625,0.010024301933429387,-1.4536308429386954e-05
1.0165,0,-1.7012006606925708e-07,1.7012006606925708e-07
1.0166249999999999,-0.010009765625,-0.010019588240371174,9.8226153711737652e-06
1.01675,-0.01849365234375,-0.018508970015825969,1.5317672075968597e-05
1.016875,-0.024169921875,-0.024176971365915123,7.04949091512308e-06
1.0169999999999999,-0.026153564453125,-0.026162316123491847,8.7516703668466533e-06
1.0171250000000001,-0.024169921875,-0.024164669824644335,-5.2520503556648113e-06
1.01725,-0.01849365234375,-0.018490071099886519,-3.581243863480521e-06
1.0173749999999999,-0.010009765625,-0.010004048585093721,-5.7170399062785038e-06
1.0175000000000001,0,3.9475814679654991e-07,-3.9475814679654991e-07
1.017625,0.010009765625,0.0099997941822512464,9.9714427487535701e-06
1.0177499999999999,0.018463134765625,0.01847221417502784,-9.0794094028401329e-06
1.0178750000000001,0.024139404296875,0.024128890761222318,1.0513535652682121e-05
1.018,0.026123046875,0.026110268618265389,1.2778256734610749e-05
1.0181249999999999,0.02410888671875,0.02411661337822877,-7.7266594787697707e-06
1.0182500000000001,0.018463134765625,0.018453352242744608,9.7825228803916087e-06
1.018375,0.009979248046875,0.009984284560927181,-5.0365140521809598e-06
1.0185,0,-1.7008903011487163e-07,1.7008903011487163e-07
1.0186249999999999,-0.009979248046875,-0.0099795908140648051,3.4276718980513765e-07
1.01875,-0.0184326171875,-0.01843508291383943,2.4657263394296802e-06
1.018875,-0.024078369140625,-0.02408045736318587,2.0882225608698235e-06
1.0189999999999999,-0.02606201171875,-0.026057876245934676,-4.1354728153239484e-06
1.0191250000000001,-0.024078369140625,-0.024068204091040844,-1.0165049584155705e-05
1.01925,-0.018402099609375,-0.018416257892870252,1.4158283495251806e-05
1.0193749999999999,-0.009979248046875,-0.0099641111687565759,-1.5136878118424124e-05
1.0195000000000001,0,3.9472497989711307e-07,-3.9472497989711307e-07
1.019625,0.00994873046875,0.0099598766682056691,-1.1146199455669067e-05
1.0197499999999999,0.018402099609375,0.018398474696865671,3.6249125093291978e-06
1.0198750000000001,0.024017333984375,0.02403256959125312,-1.5235606878119534e-05
1.02,0.0260009765625,0.02600603741009154,-5.0608475915397966e-06
1.0201249999999999,0.024017333984375,0.024020340382621033,-3.006398246033215e-06
1.0202500000000001,0.01837158203125,0.018379686515009815,-8.1044837598152897e-06
1.020375,0.00994873046875,0.0099444269409998537,4.3035277501463076e-06
1.0205,0,-1.7005372909516721e-07,1.7005372909516721e-07
1.0206249999999999,-0.00994873046875,-0.0099397530526205979,-8.9774161294020605e-06
1.02075,-0.01837158203125,-0.018361490764554369,-1.0091266695631124e-05
1.020875,-0.02398681640625,-0.023984328640701338,-2.4877655486615913e-06
1.0209999999999999,-0.02593994140625,-0.025953853290225707,1.3911883975707001e-05
1.0211250000000001,-0.02398681640625,-0.023972123448339482,-1.4692957910518445e-05
1.02125,-0.018341064453125,-0.018342739349752286,1.6748966272864263e-06
1.0213749999999999,-0.009918212890625,-0.0099243331858028545,6.1202951778544651e-06
1.0215000000000001,0,3.9468757699882654e-07,-3.9468757699882654e-07
1.021625,0.009918212890625,0.0099201185000222288,-1.9056093972288218e-06
1.0217499999999999,0.018310546875,0.018325029582099892,-1.4482707099892217e-05
1.0218750000000001,0.02392578125,0.023936632931747564,-1.0851681747563874e-05
1.022,0.025909423828125,0.025902222290762004,7.2015373629961965e-06
1.022125,0.02392578125,0.023924451708505972,1.3295414940280026e-06
1.0222500000000001,0.018310546875,0.018306314862432897,4.2320125671034547e-06
1.022375,0.009918212890625,0.0099047284359022585,1.3484454722741471e-05
1.0225,0,-1.7001422113828473e-07,1.7001422113828473e-07
1.0226249999999999,-0.0098876953125,-0.0099000743186758427,1.2379006175842686e-05
1.02275,-0.018280029296875,-0.018288192390538013,8.1630936630133766e-06
1.022875,-0.023895263671875,-0.023888583660437373,-6.6800114376271147e-06
1.0229999999999999,-0.025848388671875,-0.025850245592021481,1.8569201464813112e-06
1.0231250000000001,-0.02386474609375,-0.023876426359263087,1.1680265513087235e-05
1.02325,-0.018280029296875,-0.018269514294228052,-1.0515002646947769e-05
1.0233749999999999,-0.0098876953125,-0.00988471399976165,-2.9813127383499644e-06
1.0235000000000001,0,3.9464597245027594e-07,-3.9464597245027594e-07
1.023625,0.0098876953125,0.0098805190416116195,7.1762708883805343e-06
1.0237499999999999,0.01824951171875,0.018251877655650173,-2.3659369001727271e-06
1.0238750000000001,0.023834228515625,0.023841079247754433,-6.8507321294326851e-06
1.024,0.025787353515625,0.025798821599258646,-1.1468083633645737e-05
1.024125,0.023834228515625,0.0238289458216734,5.2826939515998594e-06
1.0242500000000001,0.018218994140625,0.018233236111059533,-1.4241970434532986e-05
1.024375,0.009857177734375,0.0098651884104351759,-8.0106760601758586e-06
1.0245,0,-1.6997052862764854e-07,1.6997052862764854e-07
1.0246249999999999,-0.009857177734375,-0.009860553977412095,3.3762430370950364e-06
1.02475,-0.018218994140625,-0.018215186619057803,-3.8075215671971863e-06
1.024875,-0.0238037109375,-0.023793220890509566,-1.0490046990434265e-05
1.0249999999999999,-0.0257568359375,-0.025747051493622559,-9.7844438774405407e-06
1.0251250000000001,-0.023773193359375,-0.023781111292657829,7.9179332828291371e-06
1.02525,-0.0181884765625,-0.018196581554688819,8.104992188819049e-06
1.0253749999999999,-0.009857177734375,-0.0098452529767028944,-1.1924757672105574e-05
1.0255000000000001,0,3.9460020039331338e-07,-3.9460020039331338e-07
1.025625,0.00982666015625,0.009841077659412922,-1.4417503162921994e-05
1.0257499999999999,0.0181884765625,0.01817901774712706,9.4588153729396884e-06
1.0258750000000001,0.02374267578125,0.023745907010449992,-3.231229199991692e-06
1.026,0.02569580078125,0.025695833681194089,-3.2899944088504718e-08
1.026125,0.02374267578125,0.023733821194037701,8.8545872122987312e-06
1.0262500000000001,0.018157958984375,0.018160449091621872,-2.490107246871931e-06
1.026375,0.00982666015625,0.0098258062319351563,8.5392431484372644e-07
1.0265,0,-1.6992268560215871e-07,1.6992268560215871e-07
1.0266249999999999,-0.00982666015625,-0.0098211913965450363,-5.4687597049636605e-06
1.0267500000000001,-0.01812744140625,-0.018142472282062672,1.5030875812671596e-05
1.026875,-0.023712158203125,-0.023698238805148715,-1.3919397976284997e-05
1.0269999999999999,-0.025634765625,-0.025644269343947004,9.5037189470036088e-06
1.0271250000000001,-0.023681640625,-0.023686176723495694,4.536098495693669e-06
1.02725,-0.01812744140625,-0.018123939964202931,-3.5014420470685925e-06
1.0273749999999999,-0.009796142578125,-0.0098059494852272243,9.8069071022242882e-06
1.0275000000000001,0,3.9455029476416068e-07,-3.9455029476416068e-07
1.027625,0.009796142578125,0.0098017937224267326,-5.6511443017326357e-06
1.0277499999999999,0.018096923828125,0.018106448690813202,-9.5248626882024623e-06
1.0278750000000001,0.023651123046875,0.023651114697113493,8.3497615072092302e-09
1.028,0.025604248046875,0.025593256888785242,1.0991158089758424e-05
1.028125,0.023651123046875,0.023639076303613372,1.2046743261627524e-05
1.0282500000000001,0.018096923828125,0.018087952639528022,8.9711885969782912e-06
1.028375,0.009796142578125,0.0097865812702643828,9.561307860617152e-06
1.0285,0,-1.6987072589563512e-07,1.6987072589563512e-07
1.0286249999999999,-0.009796142578125,-0.0097819859463143428,-1.4156631810657155e-05
1.0287500000000001,-0.01806640625,-0.018070048216164342,3.6419661643416479e-06
1.028875,-0.023590087890625,-0.023603635884676451,1.3547994051451434e-05
1.0289999999999999,-0.025543212890625,-0.025541897498503975,-1.3153921210248831e-06
1.0291250000000001,-0.023590087890625,-0.02359162113283212,1.5332422071204221e-06
1.02925,-0.01806640625,-0.018051588360497136,-1.4817889502864029e-05
1.0293749999999999,-0.009765625,-0.0097668028964558659,1.1778964558659122e-06
1.0295000000000001,0,3.9449628929450772e-07,-3.9449628929450772e-07
1.029625,0.009765625,0.0097626666021400962,2.9583978599038302e-06
1.0297499999999999,0.018035888671875,0.018034169325644726,1.7193462302743379e-06
1.0298750000000001,0.0235595703125,0.023556700791102839,2.8695213971606515e-06
1.03,0.025482177734375,0.025491089580826919,-8.9118464519193086e-06
1.030125,0.0235595703125,0.02354470963449511,1.4860678004890299e-05
1.0302500000000001,0.01800537109375,0.018015745594810485,-1.0374501060485264e-05
1.030375,0.009735107421875,0.0097475128978006167,-1.240547592561668e-05
1.0305,0,-1.6981468313791195e-07,1.6981468313791195e-07
1.0306249999999999,-0.009735107421875,-0.009742936999473626,7.8295775986260419e-06
1.0307500000000001,-0.01800537109375,-0.017997913262618705,-7.4578311312946399e-06
1.030875,-0.02349853515625,-0.023509410615480897,1.0875459230896833e-05
1.0309999999999999,-0.02545166015625,-0.025439934319367384,-1.1725836882615914e-05
1.0311250000000001,-0.02349853515625,-0.023497443007786119,-1.0921484638812262e-06
1.03125,-0.017974853515625,-0.017979525585938034,4.672070313033877e-06
1.0313749999999999,-0.009735107421875,-0.0097278125840205808,-7.2948378544192283e-06
1.0315000000000001,0,3.9443821751260382e-07,-3.9443821751260382e-07
1.031625,0.009735107421875,0.0097236956725598265,1.1411749315173511e-05
1.0317499999999999,0.017974853515625,0.01796217849519266,1.2675020432340034e-05
1.0318750000000001,0.023468017578125,0.023462663781830331,5.3537962946687001e-06
1.032,0.025390625,0.025389330122665598,1.2948773344019504e-06
1.032125,0.0234375,0.023450719676815786,-1.3219676815785786e-05
1.0322499999999999,0.0179443359375,0.017943826802165243,5.0913533475652195e-07
1.032375,0.00970458984375,0.0097086004894271268,-4.0106456771268201e-06
1.0325,0,-1.6975459075592695e-07,1.6975459075592695e-07
1.0326249999999999,-0.00970458984375,-0.0097040439312803834,-5.4591246961659123e-07
1.0327500000000001,-0.017913818359375,-0.017926066267299139,1.2247907924138601e-05
1.032875,-0.023406982421875,-0.023415561489992461,8.5790681174612027e-06
1.0329999999999999,-0.02532958984375,-0.02533837817514973,8.7883313997297319e-06
1.0331250000000001,-0.023406982421875,-0.023403640841516159,-3.3415803588413007e-06
1.03325,-0.017913818359375,-0.017907750487513498,-6.0678718615016225e-06
1.0333749999999999,-0.009674072265625,-0.0096889779240536492,1.4905658428649229e-05
1.0335000000000001,0,3.9437611274434497e-07,-3.9437611274434497e-07
1.033625,0.009674072265625,0.0096848803101916136,-1.0808044566613592e-05
1.0337499999999999,0.01788330078125,0.017890475047644416,-7.1742663944156237e-06
1.0338750000000001,0.02337646484375,0.023369002164738438,7.4626790115620012e-06
1.034,0.025299072265625,0.025287976886173246,1.1095379451753901e-05
1.034125,0.023345947265625,0.023357104926748973,-1.1157661123972762e-05
1.0342499999999999,0.01788330078125,0.017872195110867517,1.1105670382483002e-05
1.034375,0.009674072265625,0.0096698434225227017,4.2288431022982631e-06
1.0345,0,-1.6969048197480599e-07,1.6969048197480599e-07
1.0346249999999999,-0.009674072265625,-0.0096653061194754003,-8.7661461495996962e-06
1.0347500000000001,-0.017852783203125,-0.01785450608071066,1.7228775856595324e-06
1.034875,-0.0233154296875,-0.023322087006659685,6.6573191596849823e-06
1.0349999999999999,-0.025238037109375,-0.025237227440975958,-8.0966839904189625e-07
1.0351250000000001,-0.0233154296875,-0.023310213133196003,-5.2165543039973949e-06
1.03525,-0.017822265625,-0.017836261916814259,1.3996291814259015e-05
1.0353749999999999,-0.0096435546875,-0.0096502982951778803,6.7436076778802645e-06
1.0355000000000001,0,3.9431000811435502e-07,-3.9431000811435502e-07
1.035625,0.0096435546875,0.009646219894030068,-2.6652065300680067e-06
1.0357499999999999,0.017822265625,0.017819057835785364,3.2077892146362141e-06
1.0358750000000001,0.023284912109375,0.023275714441275793,9.1976680992068849e-06
1.036,0.025177001953125,0.02518702824972131,-1.0026296596309797e-05
1.036125,0.02325439453125,0.023263863886467069,-9.4693552170690976e-06
1.0362499999999999,0.017791748046875,0.01780084937481078,-9.101327935780168e-06
1.036375,0.0096435546875,0.0096312410769516781,1.2313610548321877e-05
1.0365,0,-1.696223898189412e-07,1.696223898189412e-07
1.0366249999999999,-0.009613037109375,-0.0096267229443152691,1.3685834940269093e-05
1.0367500000000001,-0.017791748046875,-0.017783231557922562,-8.5164889524376453e-06
1.036875,-0.023223876953125,-0.023228985669925286,5.1087168002859895e-06
1.0369999999999999,-0.025146484375,-0.0251364804984575,-1.000387654249979e-05
1.0371250000000001,-0.023223876953125,-0.0232171583879907,-6.7185651342997754e-06
1.03725,-0.01776123046875,-0.017765058730023594,3.828261273593897e-06
1.0373749999999999,-0.009613037109375,-0.0096117730784966698,-1.2640308783302273e-06
1.0375000000000001,0,3.9423993654706094e-07,-3.9423993654706094e-07
1.037625,0.009613037109375,0.0096077138055487669,5.3233038262330556e-06
1.03775,0.01776123046875,0.017747925716980494,1.3304751769506462e-05
1.0378750000000001,0.023193359375,0.023182799118868832,1.0560256131168094e-05
1.038,0.02508544921875,0.025086482598154731,-1.0333794047308331e-06
1.038125,0.023162841796875,0.023170995064121808,-8.1532672468083434e-06
1.0382499999999999,0.017730712890625,0.017729788452455608,9.2443816939249968e-07
1.038375,0.00958251953125,0.0095927928350540339,-1.0273303804033893e-05
1.0385,0,-1.6955034711306399e-07,1.6955034711306399e-07
1.0386249999999999,-0.00958251953125,-0.0095882937884987016,5.7742572487015642e-06
1.0387500000000001,-0.0177001953125,-0.017712241558582781,1.204624608278082e-05
1.038875,-0.02313232421875,-0.023136255990202161,3.9317714521612535e-06
1.0389999999999999,-0.0250244140625,-0.025036135735666348,1.1721673166348312e-05
1.0391250000000001,-0.02313232421875,-0.023124475117032677,-7.8491017173228095e-06
1.03925,-0.0177001953125,-0.01769413978786671,-6.0555246332895385e-06
1.0393749999999999,-0.00958251953125,-0.0095734016575840936,-9.1178736659064397e-06
1.0395000000000001,0,3.941659307677641e-07,-3.941659307677641e-07
1.039625,0.00958251953125,0.0095693614286903803,1.3158102559619744e-05
1.03975,0.017669677734375,0.017677077553156121,-7.3998187811209759e-06
1.0398750000000001,0.023101806640625,0.023090254710915355,1.1551929709644609e-05
1.04,0.024993896484375,0.024986338322766106,7.5581616088941928e-06
1.040125,0.0230712890625,0.023078496973820372,-7.2079113203719902e-06
1.0402499999999999,0.017669677734375,0.017659011206819612,1.0666527555387717e-05
1.040375,0.009552001953125,0.0095544980816354881,-2.4961285104881104e-06
1.0405,0,-1.6947438648331332e-07,1.6947438648331332e-07
1.0406249999999999,-0.009552001953125,-0.0095500180371992094,-1.9839159257906136e-06
1.0407500000000001,-0.01763916015625,-0.017641534946891461,2.374790641461455e-06
1.040875,-0.023040771484375,-0.023043896483849597,3.1249994745970178e-06
1.0409999999999999,-0.024932861328125,-0.024936191547109288,3.3302189842883412e-06
1.0411250000000001,-0.023040771484375,-0.023032161837397935,-8.6096469770653716e-06
1.04125,-0.017608642578125,-0.017623503955641013,1.4861377516012936e-05
1.0413749999999999,-0.009521484375,-0.0095351834184750541,1.3699043475054115e-05
1.0415000000000001,0,3.9408802330370555e-07,-3.9408802330370555e-07
1.041625,0.009521484375,0.0095311621498568033,-9.6777748568033228e-06
1.04175,0.017608642578125,0.017606512210773674,2.1303673513259347e-06
1.0418750000000001,0.02301025390625,0.022998079736734556,1.2174169515443561e-05
1.042,0.024871826171875,0.024886593821269985,-1.4767649394984567e-05
1.042125,0.022979736328125,0.022986368135601603,-6.6318074766029411e-06
1.0422499999999999,0.017578125,0.017588516505459277,-1.0391505459277084e-05
1.0423750000000001,0.009521484375,0.0095163562039681168,5.1281710318831775e-06
1.0425,0,-1.6939454035829829e-07,1.6939454035829829e-07
1.0426249999999999,-0.009521484375,-0.0095118950780446083,-9.5892969553916518e-06
1.0427500000000001,-0.017578125,-0.017571110591582784,-7.0144084172163446e-06
1.042875,-0.02294921875,-0.022951905673149524,2.6869231495238455e-06
1.0429999999999999,-0.02484130859375,-0.024836646333702198,-4.662260047801764e-06
1.0431250000000001,-0.02294921875,-0.022940217072082266,-9.0016779177339024e-06
1.04325,-0.017547607421875,-0.017553150103165625,5.5426812906253509e-06
1.0433749999999999,-0.009490966796875,-0.0094971177496554534,6.1509527804533976e-06
1.0435000000000001,0,3.9400624648512484e-07,-3.9400624648512484e-07
1.043625,0.009490966796875,0.0094931153578993368,-2.1485610243367897e-06
1.04375,0.017547607421875,0.017536228560843616,1.1378861031384468e-05
1.0438750000000001,0.022918701171875,0.022906272721560796,1.242845031420442e-05
1.044,0.0247802734375,0.024787247497777172,-6.9740602771720117e-06
1.044125,0.02288818359375,0.022894607075412372,-6.4234816623716384e-06
1.0442499999999999,0.01751708984375,0.017518303220451822,-1.2133767018224217e-06
1.0443750000000001,0.009490966796875,0.0094783665917387069,1.2600205136293133e-05
1.0445,0,-1.6931084097015432e-07,1.6931084097015432e-07
1.0446249999999999,-0.00946044921875,-0.0094739243011072432,1.3475082357243193e-05
1.0447500000000001,-0.017486572265625,-0.017500967365906891,1.439510028189081e-05
1.044875,-0.022857666015625,-0.022860282086282841,2.616070657841113e-06
1.0449999999999999,-0.024749755859375,-0.024737498502744464,-1.225735663053576e-05
1.0451250000000001,-0.022857666015625,-0.02284863934997769,-9.0266656473103613e-06
1.04525,-0.017486572265625,-0.017483077104771365,-3.4951608536351597e-06
1.0453749999999999,-0.00946044921875,-0.0094592040420524055,-1.2451766975944689e-06
1.0455000000000001,0,3.939206324463153e-07,-3.939206324463153e-07
1.045625,0.00946044921875,0.0094552204441089149,5.2287746410851349e-06
1.04575,0.0174560546875,0.017466225478859235,-1.0170791359235404e-05
1.0458750000000001,0.0228271484375,0.022814832196515644,1.2316240984355797e-05
1.046,0.024688720703125,0.024688297762769259,4.2294035574111377e-07
1.046125,0.022796630859375,0.022803212325083946,-6.5814657089456607e-06
1.0462499999999999,0.0174560546875,0.017448370228385097,7.6844591149032027e-06
1.0463750000000001,0.009429931640625,0.0094405286371018159,-1.0596996476815862e-05
1.0465,0,-1.6922332035559624e-07,1.6922332035559624e-07
1.0466249999999999,-0.009429931640625,-0.0094361050988942055,6.1734582692055118e-06
1.0467500000000001,-0.017425537109375,-0.017431104147611811,5.5670382368110116e-06
1.046875,-0.02276611328125,-0.022769024257301623,2.9109760516232708e-06
1.0469999999999999,-0.024627685546875,-0.024638746467893498,1.1060921018497816e-05
1.0471250000000001,-0.02276611328125,-0.022757427205848873,-8.6860754011271191e-06
1.04725,-0.017425537109375,-0.017413283839282739,-1.225327009226132e-05
1.0473749999999999,-0.009429931640625,-0.0094214416890244911,-8.4899516005088743e-06
1.0475000000000001,0,3.938312131266728e-07,-3.938312131266728e-07
1.047625,0.009429931640625,0.0094174768022063614,1.245483841863862e-05
1.04775,0.01739501953125,0.017396501844810803,-1.4823135608028892e-06
1.0478749999999999,0.022735595703125,0.022723756698580122,1.1839004544877962e-05
1.048,0.02459716796875,0.024589743033073149,7.4249356768509023e-06
1.048125,0.022705078125,0.022712182422308536,-7.1042973085362615e-06
1.0482499999999999,0.017364501953125,0.017378716410307821,-1.4214457182821355e-05
1.0483750000000001,0.0093994140625,0.0094028417346281173,-3.4276721281173428e-06
1.0485,0,-1.6913201035696384e-07,1.6913201035696384e-07
1.0486249999999999,-0.0093994140625,-0.0093984368663376245,-9.7719616237550155e-07
1.0487500000000001,-0.017364501953125,-0.017361519818925562,-2.9821341994383521e-06
1.048875,-0.022674560546875,-0.022678130726122819,3.5701792478193273e-06
1.0489999999999999,-0.0245361328125,-0.02454038864913936,4.2558366393601055e-06
1.0491250000000001,-0.022674560546875,-0.022666579180309697,-7.9813665653030719e-06
1.04925,-0.017333984375,-0.017343769190000028,9.7848150000280631e-06
1.0493749999999999,-0.009368896484375,-0.009383830086352055,1.4933601977054969e-05
1.0495000000000001,0,3.9373800912316659e-07,-3.9373800912316659e-07
1.049625,0.009368896484375,0.0093798838283326944,-1.098734395769442e-05
1.04975,0.017333984375,0.017327056543159598,6.9278318404024375e-06
1.0498749999999999,0.02264404296875,0.022633044770588369,1.0998198161631112e-05
1.05,0.024505615234375,0.024491581731835747,1.4033502539253367e-05
1.050125,0.022613525390625,0.022621515910615862,-7.9905199908622548e-06
1.0502499999999999,0.017303466796875,0.017309340651759417,-5.8738548844167182e-06
1.0503750000000001,0.009368896484375,0.0093653052813052039,3.591203069796059e-06
1.0505,0,-1.6903694262326395e-07,1.6903694262326395e-07
1.0506249999999999,-0.009368896484375,-0.0093609190007849941,-7.977483590005871e-06
1.0507500000000001,-0.017303466796875,-0.017292213266538219,-1.1253530336780698e-05
1.050875,-0.0225830078125,-0.022587600038479115,4.5922259791150721e-06
1.0509999999999999,-0.024444580078125,-0.024442423472779497,-2.1566053455025769e-06
1.0511250000000001,-0.0225830078125,-0.02257609381979991,-6.9139927000895496e-06
1.05125,-0.01727294921875,-0.017274532044681372,1.5828259313718784e-06
1.0513749999999999,-0.00933837890625,-0.0093463686322377924,7.9897259877923649e-06
1.0515000000000001,0,3.9364107433017715e-07,-3.9364107433017715e-07
1.051625,0.00933837890625,0.0093424409210394674,-4.062014789467383e-06
1.05175,0.017242431640625,0.017257888462820049,-1.5456822195048653e-05
1.0518749999999999,0.022552490234375,0.02254269496117866,9.7952731963404926e-06
1.052,0.024383544921875,0.024393812288498719,-1.0267366623718799e-05
1.052125,0.02252197265625,0.022531211339349877,-9.2386830998769653e-06
1.0522499999999999,0.017242431640625,0.017240241842720296,2.1897979047037774e-06
1.0523750000000001,0.00933837890625,0.0093279186765279441,1.0460229722055944e-05
1.0525,0,-1.6893814861120599e-07,1.6893814861120599e-07
1.0526249999999999,-0.00933837890625,-0.0093235509019895177,-1.4828004260482308e-05
1.0527500000000001,-0.0172119140625,-0.017223183381584132,1.1269319084131896e-05
1.052875,-0.022491455078125,-0.022497430745912841,5.9756677878407272e-06
1.0529999999999999,-0.02435302734375,-0.024344849371393518,-8.1779723564816276e-06
1.0531250000000001,-0.022491455078125,-0.022485969676561864,-5.4854015631364272e-06
1.05325,-0.0172119140625,-0.017205571295525031,-6.3427669749691051e-06
1.053375,-0.009307861328125,-0.0093090567272560414,1.1953991310414275e-06
1.0535000000000001,0,3.9354042891539563e-07,-3.9354042891539563e-07
1.053625,0.009307861328125,0.0093051474812791361,2.7138468458639403e-06
1.05375,0.017181396484375,0.017188996497141971,-7.6000127669714757e-06
1.0538749999999999,0.0224609375,0.022452705824787329,8.2316752126714021e-06
1.054,0.0242919921875,0.024296433138773357,-4.4409512733566137e-06
1.054125,0.022430419921875,0.022441267263645544,-1.084734177054375e-05
1.0542499999999999,0.017181396484375,0.01717141887760211,9.9776067728901685e-06
1.0543750000000001,0.00927734375,0.0092906813220888767,-1.333757208887669e-05
1.0545,0,-1.6883565958623362e-07,1.6883565958623362e-07
1.0546249999999999,-0.00927734375,-0.0092863319721005096,8.9882221005095631e-06
1.0547500000000001,-0.01715087890625,-0.017154429059624166,3.5501533741655322e-06
1.054875,-0.02239990234375,-0.022407621405748552,7.7190619985519071e-06
1.0549999999999999,-0.024261474609375,-0.024247664783818148,-1.380982555685209e-05
1.0551250000000001,-0.02239990234375,-0.02239620530861736,-3.6970351326402751e-06
1.05525,-0.01715087890625,-0.017136885839151631,-1.3993067098368867e-05
1.055375,-0.00927734375,-0.0092718937744048838,-5.4499755951162299e-06
1.0555000000000001,0,3.9343610404901707e-07,-3.9343610404901707e-07
1.055625,0.00927734375,0.0092680029123954882,9.3408376045118341e-06
1.05575,0.017120361328125,0.017120379543892877,-1.8215767876722522e-08
1.0558749999999999,0.022369384765625,0.022363075921617123,6.3088440078774843e-06
1.056,0.024200439453125,0.024199442724615581,9.9672850941909252e-07
1.056125,0.0223388671875,0.022351682244405736,-1.2815056905736422e-05
1.0562499999999999,0.01708984375,0.017102870655230033,-1.3026905230032609e-05
1.0563750000000001,0.009246826171875,0.0092535926221686271,-6.766450293627102e-06
1.0565,0,-1.6872950662354951e-07,1.6872950662354951e-07
1.0566249999999999,-0.009246826171875,-0.0092492616156538438,2.4354437788438182e-06
1.0567500000000001,-0.01708984375,-0.017085949200628035,-3.8945493719654001e-06
1.056875,-0.022308349609375,-0.022318170581069868,9.8209716948675918e-06
1.0569999999999999,-0.024139404296875,-0.024150868155122251,1.1463858247250797e-05
1.0571250000000001,-0.022308349609375,-0.022306799279744563,-1.5503296304369973e-06
1.05725,-0.017059326171875,-0.017068474576586491,9.1484047114905043e-06
1.057375,-0.009246826171875,-0.0092348791790554056,-1.1946992819594424e-05
1.0575000000000001,0,3.9332813071150755e-07,-3.9332813071150755e-07
1.057625,0.00921630859375,0.0092310066201140867,-1.469802636408675e-05
1.05775,0.017059326171875,0.017052036505240297,7.2896666347029015e-06
1.0578749999999999,0.02227783203125,0.022273803817631058,4.0282136189416506e-06
1.0580000000000001,0.02410888671875,0.02410283949420098,6.0472245490203469e-06
1.058125,0.022247314453125,0.022262454848278174,-1.5140395153174363e-05
1.0582499999999999,0.01702880859375,0.017034596078825168,-5.7874850751676865e-06
1.0583750000000001,0.00921630859375,0.009216651983326378,-3.4338957637797263e-07
1.0585,0,-1.6861970965944092e-07,1.6861970965944092e-07
1.0586249999999999,-0.00921630859375,-0.0092123392395623942,-3.969354187605828e-06
1.0587500000000001,-0.01702880859375,-0.017017742708956715,-1.1065884793284853e-05
1.058875,-0.022216796875,-0.022229076840696551,1.227996569655096e-05
1.0589999999999999,-0.0240478515625,-0.024054457936581942,6.6063740819417849e-06
1.0591250000000001,-0.022216796875,-0.022217750159459232,9.5328445923192895e-07
1.05925,-0.016998291015625,-0.017000336413242091,2.0453976170911603e-06
1.059375,-0.009185791015625,-0.0091980123489525164,1.222133332751639e-05
1.0595000000000001,0,3.9321653969462135e-07,-3.9321653969462135e-07
1.059625,0.009185791015625,0.0091941580125327622,-8.3669969077621725e-06
1.05975,0.016998291015625,0.016983966287734246,1.4324727890754202e-05
1.0598749999999999,0.022186279296875,0.022184888084504122,1.3912123708777202e-06
1.0600000000000001,0.024017333984375,0.024006621901899998,1.0712082475002049e-05
1.060125,0.022186279296875,0.022173583647632542,1.2695649242458473e-05
1.0602499999999999,0.0169677734375,0.01696659405598696,1.1793815130403673e-06
1.0603750000000001,0.009185791015625,0.0091798588144903857,5.9322011346143316e-06
1.0605,0,-1.685063213347901e-07,1.685063213347901e-07
1.0606249999999999,-0.009185791015625,-0.0091755642531065815,-1.0226762518418531e-05
1.0607500000000001,-0.016937255859375,-0.016949808493344896,1.2552633969896421e-05
1.060875,-0.022125244140625,-0.022140338759161573,1.5094618536572874e-05
1.0609999999999999,-0.023956298828125,-0.02395843258565581,2.1337575308102985e-06
1.0611250000000001,-0.022125244140625,-0.022129056522975046,3.8123823500463283e-06
1.06125,-0.016937255859375,-0.0169324702589005,-4.7856004745001901e-06
1.061375,-0.0091552734375,-0.0091612926942054463,6.0192567054462992e-06
1.0615000000000001,0,3.931013616024145e-07,-3.931013616024145e-07
1.061625,0.0091552734375,0.0091574565001121527,-2.1830626121526614e-06
1.06175,0.01690673828125,0.016916167802289741,-9.4295210397409013e-06
1.0618749999999999,0.0220947265625,0.02209632729961734,-1.6007371173402951e-06
1.0620000000000001,0.023895263671875,0.023910788408253197,-1.5524736378197401e-05
1.062125,0.0220947265625,0.022085067220537605,9.6593419623945687e-06
1.0622499999999999,0.01690673828125,0.016898863498675757,7.8747825742429833e-06
1.0623750000000001,0.0091552734375,0.0091432125269484965,1.206091055150349e-05
1.0625,0,-1.6838936116660037e-07,1.6838936116660037e-07
1.0626249999999999,-0.009124755859375,-0.0091389360679249038,1.4180208549903831e-05
1.0627500000000001,-0.016876220703125,-0.01688214546688355,5.924763758550361e-06
1.062875,-0.022064208984375,-0.022051954916688325,-1.2254067686675446e-05
1.0629999999999999,-0.02386474609375,-0.023862790565960239,-1.9555277897612133e-06
1.0631250000000001,-0.02203369140625,-0.022040716951205987,7.0255449559873673e-06
1.06325,-0.016876220703125,-0.016864875027695975,-1.1345675429024621e-05
1.063375,-0.009124755859375,-0.0091247196272783177,-3.6232096682284332e-08
1.0634999999999999,0,3.9298261601150676e-07,-3.9298261601150676e-07
1.063625,0.009124755859375,0.0091209014956562546,3.85436371874541e-06
1.06375,0.016845703125,0.016848639964169337,-2.936839169336708e-06
1.0638749999999999,0.022003173828125,0.022008120046030782,-4.946217905782424e-06
1.0640000000000001,0.0238037109375,0.023815337479946633,-1.1626542446633442e-05
1.064125,0.022003173828125,0.021996904150738471,6.2696773865285327e-06
1.0642499999999999,0.016845703125,0.016831403323195382,1.4299801804618095e-05
1.0643750000000001,0.00909423828125,0.009106712534338755,-1.247425308875498e-05
1.0645,0,-1.6826885947926908e-07,1.6826885947926908e-07
1.0646249999999999,-0.00909423828125,-0.0091024540980045275,8.2158167545275107e-06
1.0647500000000001,-0.016815185546875,-0.016814752547002494,-4.3299987250583483e-07
1.064875,-0.02197265625,-0.021963923899167879,-8.7323508321211774e-06
1.0649999999999999,-0.023773193359375,-0.023767530347244811,-5.663012130188716e-06
1.0651250000000001,-0.021942138671875,-0.021952730030726831,1.0591358851830962e-05
1.06525,-0.01678466796875,-0.016797549638097566,1.2881669347566266e-05
1.065375,-0.00909423828125,-0.0090882925629807432,-5.9457182692568278e-06
1.0654999999999999,0,3.9286034408087366e-07,-3.9286034408087366e-07
1.065625,0.00909423828125,0.0090844924143431063,9.7458669068937326e-06
1.06575,0.01678466796875,0.016781381692965808,3.2862757841922718e-06
1.0658749999999999,0.02191162109375,0.021920264912460873,-8.6438187108725528e-06
1.0660000000000001,0.023712158203125,0.023720267589787309,-8.1093866623090094e-06
1.066125,0.02191162109375,0.021909093027633934,2.5280661160656526e-06
1.0662499999999999,0.016754150390625,0.01676421245017579,-1.0062059550789565e-05
1.0663750000000001,0.009063720703125,0.0090703582526400102,-6.6375495150101937e-06
1.0665,0,-1.6814484641200516e-07,1.6814484641200516e-07
1.0666249999999999,-0.009063720703125,-0.0090661177596719073,2.3970565469072502e-06
1.0667500000000001,-0.016754150390625,-0.016747628655453116,-6.521735171884091e-06
1.066875,-0.021881103515625,-0.021876244298136383,-4.8592174886168127e-06
1.0669999999999999,-0.023681640625,-0.023672650405367857,-8.9902196321427208e-06
1.0671250000000001,-0.0218505859375,-0.021865094353754749,1.4508416254749301e-05
1.06725,-0.0167236328125,-0.016730493012891826,6.860200391825555e-06
1.067375,-0.009063720703125,-0.0090520109184584648,-1.1709784666535245e-05
1.0674999999999999,0,3.9273458661135112e-07,-3.9273458661135112e-07
1.067625,0.009033203125,0.0090482286736552637,-1.502554865526369e-05
1.06775,0.0167236328125,0.016714391912584829,9.2408999151707971e-06
1.0678749999999999,0.021820068359375,0.02183276049325784,-1.2692133882840489e-05
1.0680000000000001,0.02362060546875,0.023625577216678764,-4.9717479287635091e-06
1.068125,0.021820068359375,0.021821632446258031,-1.5640868830310573e-06
1.0682499999999999,0.016693115234375,0.016697289804555804,-4.1745701808044988e-06
1.0683750000000001,0.009033203125,0.0090341491001625605,-9.4597516256053615e-07
1.0685,0,-1.6801735191982491e-07,1.6801735191982491e-07
1.0686249999999999,-0.009033203125,-0.0090299264715834552,-3.276653416544803e-06
1.0687500000000001,-0.016693115234375,-0.016680772718291097,-1.2342516083903299e-05
1.068875,-0.02178955078125,-0.021788914710752512,-6.3607049748809485e-07
1.069,-0.023590087890625,-0.023578149222272037,-1.1938668352962784e-05
1.0691250000000001,-0.02178955078125,-0.021777808518126787,-1.1742263123212804e-05
1.06925,-0.01666259765625,-0.016663704079165557,1.106422915557459e-06
1.069375,-0.009002685546875,-0.0090158741131840248,1.3188566309024763e-05
1.0694999999999999,0,3.9260536262548558e-07,-3.9260536262548558e-07
1.069625,0.009002685546875,0.0090121096934106144,-9.424146535614436e-06
1.06975,0.016632080078125,0.016647669551227796,-1.5589473102796403e-05
1.0698749999999999,0.021759033203125,0.021745605388383212,1.3427814741787808e-05
1.0700000000000001,0.023529052734375,0.023531264845596724,-2.2121112217242389e-06
1.070125,0.021728515625,0.021734521007241062,-6.0053822410616187e-06
1.0702499999999999,0.016632080078125,0.016630634315565929,1.445762559070668e-06
1.0703750000000001,0.009002685546875,0.0089980844975388729,4.6010493361271082e-06
1.0705,0,-1.6788640577454179e-07,1.6788640577454179e-07
1.0706249999999999,-0.009002685546875,-0.0089938796547162376,-8.8058921587624156e-06
1.0707500000000001,-0.0166015625,-0.016614183665851684,1.2621165851683935e-05
1.070875,-0.021697998046875,-0.021701933739775043,3.9356929000429475e-06
1.071,-0.02349853515625,-0.023484025285960074,-1.4509870289926285e-05
1.0711250000000001,-0.021697998046875,-0.021690871127277401,-7.1269195975991184e-06
1.07125,-0.0166015625,-0.016597181768288661,-4.3807317113390976e-06
1.071375,-0.00897216796875,-0.0089798815689474832,7.7136001974831975e-06
1.0714999999999999,0,3.924727018038596e-07,-3.924727018038596e-07
1.071625,0.00897216796875,0.0089761348957430789,-3.9669269930788648e-06
1.07175,0.016571044921875,0.016581213541374647,-1.0168619499647397e-05
1.0718749999999999,0.02166748046875,0.021658798203387414,8.6822653625855117e-06
1.0720000000000001,0.0234375,0.023437328967564851,1.7103243514851596e-07
1.072125,0.021636962890625,0.021647757316811959,-1.0794426186958722e-05
1.0722499999999999,0.016571044921875,0.016564244916711195,6.8000051638046621e-06
1.0723750000000001,0.00897216796875,0.0089621638677142759,1.0004101035724147e-05
1.0725,0,-1.6775203756575187e-07,1.6775203756575187e-07
1.0726249999999999,-0.00897216796875,-0.008957976732348865,-1.4191236401134982e-05
1.0727500000000001,-0.01654052734375,-0.016547860432762834,7.3330890128335546e-06
1.072875,-0.0216064453125,-0.021615299993540487,8.8546810404870058e-06
1.073,-0.02337646484375,-0.023390277090470538,1.3812246720538296e-05
1.0731250000000001,-0.0216064453125,-0.021604280790216146,-2.1645222838539979e-06
1.07325,-0.01654052734375,-0.01653092501590455,-9.6023278454496208e-06
1.073375,-0.008941650390625,-0.0089440327098471474,2.3823192221474054e-06
1.0734999999999999,0,3.9233663364532936e-07,-3.9233663364532936e-07
1.0736250000000001,0.008941650390625,0.008940303705093338,1.3466855316619786e-06
1.07375,0.016510009765625,0.016515022819766793,-5.0130541417933716e-06
1.0738749999999999,0.021575927734375,0.021572337549387463,3.5901849875369374e-06
1.0740000000000001,0.023345947265625,0.023343768079630626,2.1791859943741387e-06
1.074125,0.021575927734375,0.021561339986759461,1.4587747615538854e-05
1.0742499999999999,0.016510009765625,0.016498120545754089,1.1889219870910711e-05
1.0743750000000001,0.008941650390625,0.0089263866359377605,1.526375468723952e-05
1.0745,0,-1.676142767018146e-07,1.676142767018146e-07
1.0746249999999999,-0.0089111328125,-0.0089222171300916645,1.1084317591664519e-05
1.0747500000000001,-0.0164794921875,-0.016481801957882715,2.3097703827149041e-06
1.074875,-0.021514892578125,-0.021529012085940807,1.4119507815806703e-05
1.075,-0.023284912109375,-0.023296903135853787,1.1991026478787303e-05
1.0751250000000001,-0.021514892578125,-0.021518036121505397,3.1435433803968238e-06
1.07525,-0.0164794921875,-0.01646493276188301,-1.4559425616990362e-05
1.075375,-0.0089111328125,-0.0089083269622803798,-2.8058502196202234e-06
1.0754999999999999,0,3.9219718746800269e-07,-3.9219718746800269e-07
1.0756250000000001,0.0089111328125,0.0089046155481996413,6.5172643003586633e-06
1.07575,0.016448974609375,0.016449096327390115,-1.2171801511487446e-07
1.0758749999999999,0.021484375,0.021486222043044751,-1.8470430447510566e-06
1.0760000000000001,0.02325439453125,0.023250580684841256,3.8138464087435209e-06
1.076125,0.021484375,0.021475267634414038,9.1073655859620628e-06
1.0762499999999999,0.01641845703125,0.016432260144697591,-1.3803113447591331e-05
1.0763750000000001,0.008880615234375,0.0088907522297527707,-1.0136995377770658e-05
1.0765,0,-1.6747315241082787e-07,1.6747315241082787e-07
1.0766249999999999,-0.008880615234375,-0.008886600275818354,5.985041443353975e-06
1.0767500000000001,-0.01641845703125,-0.016416007184313092,-2.4498469369076126e-06
1.076875,-0.021453857421875,-0.021443068636401275,-1.0788785473725415e-05
1.077,-0.023193359375,-0.023203901928147933,1.054255314793251e-05
1.0771250000000001,-0.02142333984375,-0.021432135741238204,8.795897488204224e-06
1.07725,-0.016387939453125,-0.01639920395034845,1.1264497223450326e-05
1.077375,-0.008880615234375,-0.0088727637549344124,-7.8514794405876165e-06
1.0774999999999999,0,3.9205439241021146e-07,-3.9205439241021146e-07
1.0776250000000001,0.008880615234375,0.0088690698540886282,1.1545380286371795e-05
1.07775,0.016387939453125,0.016383433009450558,4.5064436744422787e-06
1.0778749999999999,0.021392822265625,0.021400450306542886,-7.6280409178862418e-06
1.0780000000000001,0.023162841796875,0.023157765292219776,5.0765046552235515e-06
1.078125,0.021392822265625,0.021389538882625788,3.2833829992119645e-06
1.0782499999999999,0.016357421875,0.016366662659768227,-9.2407847682267341e-06
1.0783750000000001,0.00885009765625,0.0088552600789880351,-5.1624227380350773e-06
1.0785,0,-1.6732869374159855e-07,1.6732869374159855e-07
1.0786249999999999,-0.00885009765625,-0.0088511255996963373,1.0279434463373455e-06
1.0787500000000001,-0.016357421875,-0.016350475059374769,-6.9468156252312785e-06
1.078875,-0.0213623046875,-0.021357468269858345,-4.8364176416550164e-06
1.079,-0.023101806640625,-0.023111271979354947,9.4653387299470371e-06
1.0791249999999999,-0.021331787109375,-0.021346578275024241,1.4791165649240962e-05
1.07925,-0.016326904296875,-0.016333737529632842,6.833232757842006e-06
1.079375,-0.00885009765625,-0.0088373425187771998,-1.2755137472800215e-05
1.0794999999999999,0,3.9190827743148035e-07,-3.9190827743148035e-07
1.0796250000000001,0.008819580078125,0.0088336660540661981,-1.4085975941198134e-05
1.07975,0.016326904296875,0.016318031815387078,8.8724814879224956e-06
1.0798749999999999,0.02130126953125,0.021315020967565684,-1.3751436315684318e-05
1.0800000000000001,0.0230712890625,0.023065320416741166,5.9686457588338515e-06
1.080125,0.02130126953125,0.021304152359742371,-2.88282849237112e-06
1.0802499999999999,0.01629638671875,0.016301327041399201,-4.9403226492009122e-06
1.0803750000000001,0.008819580078125,0.0088199096157581414,-3.2953763314143292e-07
1.0805,0,-1.6718092956460837e-07,1.6718092956460837e-07
1.0806249999999999,-0.008819580078125,-0.0088157925341677199,-3.7875439572801484e-06
1.0807500000000001,-0.01629638671875,-0.0162852045345908,-1.1182184159200248e-05
1.080875,-0.021270751953125,-0.021272209616737696,1.457663612695892e-06
1.081,-0.02301025390625,-0.023019011807416875,8.7579011668753592e-06
1.0811249999999999,-0.021270751953125,-0.021261362353935592,-9.3895991894084319e-06
1.08125,-0.016265869140625,-0.016268532452266431,2.6633116414313818e-06
1.081375,-0.0087890625,-0.0088020626870483187,1.3000187048318665e-05
1.0814999999999999,0,3.9175887131348948e-07,-3.9175887131348948e-07
1.0816250000000001,0.0087890625,0.0087984035817083965,-9.3410817083965092e-06
1.08175,0.016265869140625,0.016252891698810074,1.2977441814925744e-05
1.0818749999999999,0.021240234375,0.021229932659275197,1.0301715724803095e-05
1.0820000000000001,0.022979736328125,0.022973244579308594,6.4917488164055459e-06
1.082125,0.021209716796875,0.021219106699587095,-9.3899027120945833e-06
1.0822499999999999,0.0162353515625,0.016236252244220997,-9.0068172099722066e-07
1.0823750000000001,0.0087890625,0.0087847002744156719,4.3622255843280694e-06
1.0825,0,-1.6702988857297432e-07,1.6702988857297432e-07
1.0826249999999999,-0.0087890625,-0.0087806005139402388,-8.461986059761159e-06
1.0827500000000001,-0.016204833984375,-0.016220194565669702,1.536058129470233e-05
1.082875,-0.02117919921875,-0.021187291312932278,8.0920941822777703e-06
1.083,-0.022918701171875,-0.022927119936192099,8.4187643170988147e-06
1.0831249999999999,-0.02117919921875,-0.021176486614533259,-2.7126042167410769e-06
1.08325,-0.016204833984375,-0.016203587674960995,-1.2463094140047204e-06
1.083375,-0.008758544921875,-0.0087669236952499039,8.3787733749039056e-06
1.0834999999999999,0,3.916062026610336e-07,-3.916062026610336e-07
1.0836250000000001,0.008758544921875,0.0087632818728523749,-4.7369509773749485e-06
1.08375,0.01617431640625,0.016188011617514507,-1.3695211264506957e-05
1.0838749999999999,0.021148681640625,0.02114518402028983,3.4976203351702595e-06
1.0840000000000001,0.02288818359375,0.022881536306729757,6.6472870202428924e-06
1.084125,0.021148681640625,0.021134400541437032,1.4281099187968271e-05
1.0842499999999999,0.01617431640625,0.016171437227015088,2.8791792349124046e-06
1.0843750000000001,0.008758544921875,0.0087496314916003619,8.9134302746381178e-06
1.0845,0,-1.6687559928340536e-07,1.6687559928340536e-07
1.084625,-0.008758544921875,-0.0087455489759781999,-1.2995945896800143e-05
1.0847500000000001,-0.016143798828125,-0.016155444112488711,1.1645284363710762e-05
1.084875,-0.021087646484375,-0.021102711999776536,1.5065515401535556e-05
1.085,-0.0228271484375,-0.022835594895431736,8.4464579317364286e-06
1.0851249999999999,-0.021087646484375,-0.02109194969881303,4.3032144380304727e-06
1.08525,-0.016143798828125,-0.016138902158593121,-4.8966695318786169e-06
1.085375,-0.00872802734375,-0.008731924981137602,3.8976373876020015e-06
1.0854999999999999,0,3.9145029990297476e-07,-3.9145029990297476e-07
1.0856250000000001,0.00872802734375,0.0087283003655873499,-2.730218373499238e-07
1.08575,0.01611328125,0.016123390533455753,-1.0109283455753126e-05
1.0858749999999999,0.02105712890625,0.021060773694662572,-3.6447884125719032e-06
1.0860000000000001,0.022796630859375,0.022790194131693305,6.4367276816947039e-06
1.086125,0.02105712890625,0.021050032530001244,7.0963762487559479e-06
1.0862499999999999,0.01611328125,0.016106880952741657,6.4002972583430962e-06
1.0863750000000001,0.00872802734375,0.0087147027061912508,1.3324637558749172e-05
1.0865,0,-1.6671809003715315e-07,1.6671809003715315e-07
1.086625,-0.008697509765625,-0.0087106373594934821,1.3127593868482099e-05
1.0867500000000001,-0.016082763671875,-0.016090952139077193,8.1884672021928506e-06
1.086875,-0.021026611328125,-0.02101847032404059,-8.1410040844095977e-06
1.087,-0.022735595703125,-0.02274443522075608,8.8395176310804291e-06
1.0871249999999999,-0.02099609375,-0.021007750254191843,1.1656504191843303e-05
1.08725,-0.016082763671875,-0.016074474868187624,-8.2888036873757232e-06
1.087375,-0.008697509765625,-0.0086970659847115887,-4.4378091341133741e-07
1.0874999999999999,0,3.9129119129319197e-07,-3.9129119129319197e-07
1.0876250000000001,0.008697509765625,0.0086934585002456238,4.0512653793761677e-06
1.08775,0.01605224609375,0.016059027412733008,-6.7813189830075171e-06
1.0878749999999999,0.020965576171875,0.020976700331859322,-1.1124159984322174e-05
1.0880000000000001,0.022705078125,0.022699216592745347,5.8615322546529125e-06
1.088125,0.020965576171875,0.020966001315399132,-4.2514352413189349e-07
1.0882499999999999,0.01605224609375,0.016042582388493397,9.6637052566031501e-06
1.0883750000000001,0.0086669921875,0.0086799133593074146,-1.2921171807414589e-05
1.0885,0,-1.6655738900095829e-07,1.6655738900095829e-07
1.088625,-0.0086669921875,-0.0086758651059365664,8.8729184365664293e-06
1.0887500000000001,-0.016021728515625,-0.016026717613600035,4.9890979750347175e-06
1.088875,-0.02093505859375,-0.020934564937884655,-4.9365586534538819e-07
1.089,-0.02264404296875,-0.022653639453631233,9.5964848812329917e-06
1.0891249999999999,-0.02093505859375,-0.020923886933486135,-1.1171660263865207e-05
1.0892500000000001,-0.016021728515625,-0.016010304772900941,-1.1423742724059327e-05
1.089375,-0.0086669921875,-0.0086623461482171187,-4.6460392828812785e-06
1.0894999999999999,0,3.9112890491152448e-07,-3.9112890491152448e-07
1.0896250000000001,0.0086669921875,0.0086587557193936147,8.2364681063852585e-06
1.08975,0.0159912109375,0.015994921225572722,-3.7102880727224452e-06
1.0898749999999999,0.020904541015625,0.020892962586737226,1.1578428887774189e-05
1.0900000000000001,0.022613525390625,0.022608602234266108,4.9231563588915395e-06
1.090125,0.0208740234375,0.020882305553138802,-8.2821156388024342e-06
1.0902499999999999,0.0159912109375,0.015978540505486385,1.2670432013615202e-05
1.0903750000000001,0.008636474609375,0.0086452628942990262,-8.7882849240262378e-06
1.0905,0,-1.6639352416799249e-07,1.6639352416799249e-07
1.090625,-0.008636474609375,-0.0086412316589875894,4.7570496125894091e-06
1.0907500000000001,-0.015960693359375,-0.01596273950834113,2.0461489661297017e-06
1.090875,-0.020843505859375,-0.020850994498853467,7.4886394784666466e-06
1.091,-0.022552490234375,-0.022563206141345715,1.0715906970715228e-05
1.0911249999999999,-0.020843505859375,-0.020840358394890311,-3.1474644846887778e-06
1.0912500000000001,-0.015960693359375,-0.015946390846004667,-1.4302513370333114e-05
1.091375,-0.008636474609375,-0.0086277649160975151,-8.7096932774848729e-06
1.0914999999999999,0,3.9096346866471158e-07,-3.9096346866471158e-07
1.0916250000000001,0.008636474609375,0.0086241914678229555,1.2283141552044477e-05
1.09175,0.01593017578125,0.015931070946312149,-8.9516506214873393e-07
1.0918749999999999,0.02081298828125,0.020809559119523223,3.4291617267770413e-06
1.0920000000000001,0.02252197265625,0.022518349606446608,3.6230498033917868e-06
1.092125,0.02081298828125,0.020798943904095566,1.4044377154433935e-05
1.0922499999999999,0.015899658203125,0.015914754279043628,-1.5096075918628188e-05
1.0923750000000001,0.00860595703125,0.0086107507567384518,-4.7937254884517638e-06
1.0925,0,-1.6622652335879491e-07,1.6622652335879491e-07
1.092625,-0.00860595703125,-0.0086067364645474476,7.7943329744763201e-07
1.0927500000000001,-0.015899658203125,-0.015899016799686982,-6.414034380182454e-07
1.092875,-0.020782470703125,-0.020767757669850787,-1.4713033274212778e-05
1.093,-0.0224609375,-0.022473133836987253,1.2196336987253115e-05
1.0931249999999999,-0.020751953125,-0.020757163301955248,5.210176955247614e-06
1.0932500000000001,-0.015869140625,-0.015882732064869124,1.3591439869124061e-05
1.093375,-0.00860595703125,-0.0085933217350424567,-1.2635296207543292e-05
1.0934999999999999,0,3.9079491028732696e-07,-3.9079491028732696e-07
1.0936250000000001,0.008575439453125,0.0085897651925415965,-1.4325739416596456e-05
1.09375,0.015869140625,0.015867475553382908,1.6650716170921176e-06
1.0938749999999999,0.020721435546875,0.020726488595788649,-5.0530489136488277e-06
1.0940000000000001,0.022430419921875,0.022428457265265472,1.9626566095283515e-06
1.094125,0.020721435546875,0.020715915034490537,5.5205123844631609e-06
1.0942499999999999,0.015838623046875,0.015851222688578664,-1.2599641703664455e-05
1.0943750000000001,0.008575439453125,0.008576376394411377,-9.369412863769605e-07
1.0945,0,-1.6605640403316825e-07,1.6605640403316825e-07
1.094625,-0.008575439453125,-0.008572378970728942,-3.0604823960580368e-06
1.0947499999999999,-0.015838623046875,-0.015835548468095876,-3.0745787791240653e-06
1.094875,-0.02069091796875,-0.020684853119118014,-6.0648496319863632e-06
1.095,-0.022369384765625,-0.022383421099419595,1.4036333794594652e-05
1.0951249999999999,-0.020660400390625,-0.020674300323566933,1.3899932941933285e-05
1.0952500000000001,-0.01580810546875,-0.015819327410946986,1.1221942196985857e-05
1.095375,-0.008544921875,-0.0085590160539409706,1.4094178940970634e-05
1.0954999999999999,0,3.9062325734270841e-07,-3.9062325734270841e-07
1.0956250000000001,0.008544921875,0.008555476342764972,-1.0554467764972014e-05
1.09575,0.01580810546875,0.015804134029294679,3.971439455321274e-06
1.0958749999999999,0.0206298828125,0.020643749686443544,-1.38668739435438e-05
1.0960000000000001,0.0223388671875,0.022338923772465841,-5.6584965841405266e-08
1.096125,0.0206298828125,0.020633217615869247,-3.3348033692467971e-06
1.0962499999999999,0.015777587890625,0.01578794471757923,-1.0356826954230347e-05
1.0963750000000001,0.008544921875,0.008542139257307969,2.7826176920309892e-06
1.0965,0,-1.6588321408792627e-07,1.6588321408792627e-07
1.096625,-0.008544921875,-0.0085381586278479339,-6.763247152066082e-06
1.0967499999999999,-0.015777587890625,-0.015772333498139238,-5.2543924857623159e-06
1.096875,-0.020599365234375,-0.02060227952021287,2.9142858378704284e-06
1.097,-0.022308349609375,-0.0222940664932595,-1.4283116115499511e-05
1.0971249999999999,-0.020599365234375,-0.020591768133925152,-7.5971004498479044e-06
1.0972500000000001,-0.0157470703125,-0.015756175869756982,9.1055572569824494e-06
1.097375,-0.008514404296875,-0.0085248473238821645,1.0443027007164471e-05
1.0974999999999999,0,3.9044853722388314e-07,-3.9044853722388314e-07
1.0976250000000001,0.008514404296875,0.0085213243699071763,-6.9200730321763299e-06
1.09775,0.0157470703125,0.015741045360618881,6.0249518811193725e-06
1.0978749999999999,0.02056884765625,0.020561341067691929,7.5065885580712088e-06
1.0980000000000001,0.022247314453125,0.022249747695532333,-2.4332424073333914e-06
1.098125,0.020538330078125,0.02055085032508042,-1.2520246955419895e-05
1.0982499999999999,0.015716552734375,0.015724919353591004,-8.3666192160040953e-06
1.0983750000000001,0.008514404296875,0.0085080387976140814,6.3654992609185612e-06
1.0985,0,-1.6570697060141286e-07,1.6570697060141286e-07
1.098625,-0.008514404296875,-0.0085040748884145628,-1.0329408460437242e-05
1.0987499999999999,-0.015716552734375,-0.015709370878398833,-7.1818559761668843e-06
1.098875,-0.0205078125,-0.020520035551988197,1.2223051988197176e-05
1.099,-0.022216796875,-0.022205068588853738,-1.1728286146261979e-05
1.0991249999999999,-0.0205078125,-0.020509565412522263,1.7529125222633113e-06
1.0992500000000001,-0.01568603515625,-0.015693276430867695,7.2412746176947484e-06
1.099375,-0.00848388671875,-0.0084908149981464467,6.928279396446746e-06
1.0994999999999999,0,3.9027077715448857e-07,-3.9027077715448857e-07
1.0996250000000001,0.00848388671875,0.0084873087275721976,-3.4220088221976336e-06
1.09975,0.01568603515625,0.015678208537972489,7.8266182775114934e-06
1.0998749999999999,0.020477294921875,0.020479261421026254,-1.9664991512541308e-06
1.1000000000000001,0.02215576171875,0.022160927607668152,-5.1658889181523115e-06
1.100125,0.020477294921875,0.020468811844254794,8.4830776202055036e-06
1.10025,0.015655517578125,0.01566214558820141,-6.6280100764100347e-06
1.1003750000000001,0.00848388671875,0.0084740744697024833,9.8122490475166524e-06
1.1005,0,-1.6552770071291359e-07,1.6552770071291359e-07
1.100625,-0.00848388671875,-0.008470127207124473,-1.3759511625527007e-05
1.1007499999999999,-0.015655517578125,-0.015646659601508343,-8.8579766166566043e-06
1.100875,-0.02044677734375,-0.020438119898570788,-8.6574451792116591e-06
1.101,-0.022125244140625,-0.022116425962256221,-8.8181783687787951e-06
1.1011249999999999,-0.020416259765625,-0.020427690844122118,1.1431078497117775e-05
1.1012500000000001,-0.015625,-0.015630628087881356,5.6280878813555479e-06
1.101375,-0.008453369140625,-0.0084569185321967718,3.5493915717717955e-06
1.1014999999999999,0,3.900900041896874e-07,-3.900900041896874e-07
1.1016250000000001,0.008453369140625,0.0084534288715358841,-5.9730910884070454e-08
1.10175,0.015625,0.015615622556001851,9.3774439981486601e-06
1.1018749999999999,0.0203857421875,0.020397509433202406,-1.1767245702405671e-05
1.1020000000000001,0.022064208984375,0.022072462087772225,-8.2531033972245427e-06
1.102125,0.0203857421875,0.020387100860784046,-1.3586732840464855e-06
1.10225,0.015594482421875,0.015599622417023465,-5.1399951484648598e-06
1.1023750000000001,0.008453369140625,0.0084402457301241355,1.3123410500864505e-05
1.1025,0,-1.6534543139369655e-07,1.6534543139369655e-07
1.102625,-0.0084228515625,-0.0084363150408501009,1.3463478350100866e-05
1.1027499999999999,-0.015594482421875,-0.015584198664122794,-1.0283757752206288e-05
1.102875,-0.020355224609375,-0.020356531249340372,1.3066399653718919e-06
1.103,-0.02203369140625,-0.022028137195205223,-5.554211044776769e-06
1.1031249999999999,-0.020355224609375,-0.020346143118738967,-9.0814906360328629e-06
1.1032500000000001,-0.01556396484375,-0.015568229838417756,4.264994667756497e-06
1.103375,-0.0084228515625,-0.0084231573836699245,3.0582116992451669e-07
1.1034999999999999,0,3.89906235209804e-07,-3.89906235209804e-07
1.1036250000000001,0.0084228515625,0.008419684259774407,3.1673027255929576e-06
1.10375,0.01556396484375,0.015553286413366655,1.0678430383345358e-05
1.1038749999999999,0.02032470703125,0.020316083796218694,8.6232350313061867e-06
1.1040000000000001,0.02197265625,0.021984349720416504,-1.1693470416504481e-05
1.104125,0.020294189453125,0.020305716067299782,-1.1526614174781763e-05
1.10425,0.015533447265625,0.015537348839679731,-3.9015740547314326e-06
1.1043750000000001,0.008392333984375,0.0084065520375994872,-1.4218053224487187e-05
1.1045,0,-1.6516018944792037e-07,1.6516018944792037e-07
1.104625,-0.008392333984375,-0.0084026378486319817,1.0303864256981654e-05
1.1047499999999999,-0.015533447265625,-0.015521987066902498,-1.1460198722501591e-05
1.1048750000000001,-0.020263671875,-0.020275268298908616,1.1596423908615677e-05
1.105,-0.021942138671875,-0.021940200875100707,-1.9377967742928437e-06
1.1051249999999999,-0.020263671875,-0.020264920931616533,1.2490566165326844e-06
1.1052500000000001,-0.0155029296875,-0.015506080684098216,3.1509965982157856e-06
1.105375,-0.008392333984375,-0.0083895310123678572,-2.8029720071428427e-06
1.1054999999999999,0,3.8971951699028243e-07,-3.8971951699028243e-07
1.1056250000000001,0.008392333984375,0.0083860743523997781,6.2596319752219326e-06
1.10575,0.0155029296875,0.015491199112723855,1.1730574776144809e-05
1.1058749999999999,0.020233154296875,0.020234983207294922,-1.8289104199223361e-06
1.1060000000000001,0.021881103515625,0.021896589095823295,-1.5485580198294768e-05
1.106125,0.020233154296875,0.020224656161656418,8.4981352185820036e-06
1.10625,0.015472412109375,0.015475323859786295,-2.9117504112951414e-06
1.1063750000000001,0.00836181640625,0.0083729928530098217,-1.117644675982174e-05
1.1065,0,-1.6497200151353917e-07,1.6497200151353917e-07
1.106625,-0.00836181640625,-0.0083690950916700969,7.278685420096867e-06
1.1067499999999999,-0.015472412109375,-0.015460023814497069,-1.238829487793143e-05
1.1068750000000001,-0.02020263671875,-0.020194329747098234,-8.3069716517655823e-06
1.107,-0.0218505859375,-0.021852615594981695,2.0296574816947022e-06
1.1071249999999999,-0.020172119140625,-0.020184022983207105,1.1903842582105389e-05
1.1072500000000001,-0.01544189453125,-0.015444179630529598,2.2850992795978714e-06
1.107375,-0.00836181640625,-0.0083560388802490261,-5.7775260009738927e-06
1.1074999999999999,0,3.8952986603892832e-07,-3.8952986603892832e-07
1.1076250000000001,0.00836181640625,0.0083525986116884752,9.2177945615248141e-06
1.10775,0.01544189453125,0.015429359660711741,1.2534870538259343e-05
1.1078749999999999,0.0201416015625,0.020154206368851544,-1.2604806351543957e-05
1.1080000000000001,0.021820068359375,0.021809178809842719,1.0889549532280829e-05
1.108125,0.0201416015625,0.020143919846895099,-2.3182843950989018e-06
1.10825,0.015411376953125,0.015413546484936815,-2.1695318118148538e-06
1.1083750000000001,0.008331298828125,0.0083395676393886262,-8.2688112636262329e-06
1.1085,0,-1.6478089406320241e-07,1.6478089406320241e-07
1.108625,-0.008331298828125,-0.0083356862333152561,4.3874051902561412e-06
1.1087499999999999,-0.015411376953125,-0.015398307915529505,-1.3069037595495395e-05
1.1088750000000001,-0.020111083984375,-0.020113714298922232,2.6303145472320044e-06
1.109,-0.021759033203125,-0.021765379953503756,6.3467503787564827e-06
1.1091249999999999,-0.020111083984375,-0.020103447979150767,-7.636005224232606e-06
1.1092500000000001,-0.015380859375,-0.015382525687288413,1.6663122884130049e-06
1.109375,-0.008331298828125,-0.0083226804514197998,-8.6183767052001869e-06
1.1094999999999999,0,3.8933730874607487e-07,-3.8933730874607487e-07
1.1096250000000001,0.008331298828125,0.0083192565020634868,1.2042326061513162e-05
1.10975,0.015380859375,0.015367767067934045,1.3092307065955266e-05
1.1098749999999999,0.02008056640625,0.020073751988488896,6.8144177611043077e-06
1.1100000000000001,0.021728515625,0.021722117463930206,6.3981610697941282e-06
1.110125,0.020050048828125,0.020063505831245859,-1.3457003120859179e-05
1.11025,0.015350341796875,0.015352015726686683,-1.6739298116831558e-06
1.1103749999999999,0.00830078125,0.0083062758619312435,-5.4946119312435093e-06
1.1105,0,-1.6458689340514975e-07,1.6458689340514975e-07
1.110625,-0.00830078125,-0.0083024107390513805,1.6294890513805088e-06
1.1107499999999999,-0.015350341796875,-0.015336838382580317,-1.3503414294683408e-05
1.1108750000000001,-0.02001953125,-0.020033420664563123,1.3889414563122982e-05
1.111,-0.02166748046875,-0.02167849255491662,1.1012086166620194e-05
1.1111249999999999,-0.02001953125,-0.020023194630254693,3.6633802546932881e-06
1.1112500000000001,-0.01531982421875,-0.015321117867911923,1.293649161923302e-06
1.111375,-0.00830078125,-0.0082894551921258771,-1.13260578741229e-05
1.1114999999999999,0,3.8914187133809205e-07,-3.8914187133809205e-07
1.1116250000000001,0.00830078125,0.0082860474900857718,1.4733759914228178e-05
1.11175,0.01531982421875,0.015306420348944102,1.340386980589782e-05
1.1118749999999999,0.019989013671875,0.019993618778966531,-4.605107091531363e-06
1.1120000000000001,0.021636962890625,0.021635403665124169,1.5592255008314848e-06
1.112125,0.019989013671875,0.019983412828091678,5.6008437833224289e-06
1.11225,0.015289306640625,0.015290730600537164,-1.4239599121640412e-06
1.1123749999999999,0.008270263671875,0.0082731169879132743,-2.8533160382742534e-06
1.1125,0,-1.6439002568410197e-07,1.6439002568410197e-07
1.112625,-0.008270263671875,-0.0082692680765234713,-9.955953515286553e-07
1.1127499999999999,-0.015289306640625,-0.015275614232171716,-1.369240845328426e-05
1.1128750000000001,-0.01995849609375,-0.019953447559352334,-5.0485343976655606e-06
1.113,-0.0216064453125,-0.021591952009041803,-1.449330345819691e-05
1.1131249999999999,-0.01995849609375,-0.019943261652476271,-1.5234441273728749e-05
1.1132500000000001,-0.0152587890625,-0.015259955189854471,1.1661273544710804e-06
1.113375,-0.008270263671875,-0.0082563625707437419,-1.3901101131258073e-05
1.1134999999999999,0,3.8894357987827486e-07,-3.8894357987827486e-07
1.1136250000000001,0.00823974609375,0.0082529710444457002,-1.3224950695700163e-05
1.11375,0.0152587890625,0.015245318522229091,1.3470540270909409e-05
1.1138749999999999,0.019927978515625,0.019913805458182613,1.4173057442386922e-05
1.1140000000000001,0.02154541015625,0.021549036026023694,-3.6258697736941958e-06
1.114125,0.0198974609375,0.019903639555951692,-6.1786184516916809e-06
1.11425,0.015228271484375,0.015229690125919671,-1.418641544671112e-06
1.1143749999999999,0.00823974609375,0.0082400904867917287,-3.443930417287161e-07
1.1145,0,-1.6419031688214773e-07,1.6419031688214773e-07
1.114625,-0.00823974609375,-0.0082362577154742704,-3.4883782757295922e-06
1.1147499999999999,-0.015228271484375,-0.01521463448475192,-1.3636999623079654e-05
1.1148750000000001,-0.019866943359375,-0.019873793703749643,6.8503443746426029e-06
1.115,-0.021514892578125,-0.021505756931250404,-9.1356468745959485e-06
1.1151249999999999,-0.019866943359375,-0.019863647766887486,-3.2955924875142928e-06
1.1152500000000001,-0.01519775390625,-0.015199036674513649,1.282768263648898e-06
1.115375,-0.008209228515625,-0.0082234020577721684,1.4173542147168441e-05
1.1154999999999999,0,3.8874246026772679e-07,-3.8874246026772679e-07
1.1156250000000001,0.008209228515625,0.0082200266359545773,-1.0798120329577263e-05
1.11575,0.01519775390625,0.015184460610187427,1.3293296062573054e-05
1.115875,0.01983642578125,0.019834310749153414,2.1150320965862557e-06
1.1160000000000001,0.021453857421875,0.021463013164766336,-9.1557428913355277e-06
1.116125,0.01983642578125,0.0198241847384607,1.2241042789299522e-05
1.11625,0.015167236328125,0.015168893326180065,-1.6569980550648622e-06
1.1163749999999999,0.008209228515625,0.0082071958301233316,2.032685501668352e-06
1.1165,0,-1.6398779281962456e-07,1.6398779281962456e-07
1.116625,-0.008209228515625,-0.0082033791277723676,-5.8493878526324344e-06
1.1167499999999999,-0.015167236328125,-0.015153898164679443,-1.3338163445557327e-05
1.1168750000000001,-0.019805908203125,-0.019794457823322703,-1.1450379802296906e-05
1.117,-0.02142333984375,-0.02141990594244092,-3.4339013090800563e-06
1.1171249999999999,-0.019775390625,-0.019784351699677103,8.9610746771030814e-06
1.1172500000000001,-0.01513671875,-0.01513836134718667,1.6425971866695227e-06
1.117375,-0.0081787109375,-0.0081905731258237347,1.1862188323734715e-05
1.1174999999999999,0,3.8853853824624015e-07,-3.8853853824624015e-07
1.1176250000000001,0.0081787109375,0.0081872137375361611,-8.5028000361610928e-06
1.11775,0.01513671875,0.015123845639140753,1.287311085924718e-05
1.117875,0.019744873046875,0.019755133379992865,-1.0260333117864673e-05
1.1180000000000001,0.0213623046875,0.021377333705006031,-1.5029017506031084e-05
1.118125,0.019744873046875,0.019745047104348774,-1.7405747377435832e-07
1.11825,0.015106201171875,0.015108339228563026,-2.138056688026288e-06
1.1183749999999999,0.0081787109375,0.0081744324915744085,4.2784459255915119e-06
1.1185,0,-1.6378247915599683e-07,1.6378247915599683e-07
1.118625,-0.0081787109375,-0.0081706317873945829,-8.0791501054170572e-06
1.1187499999999999,-0.015106201171875,-0.015093404300207506,-1.2796871667494075e-05
1.1188750000000001,-0.01971435546875,-0.019715438648726651,1.0831799766505834e-06
1.119,-0.021331787109375,-0.021334397669017197,2.6105596421972799e-06
1.1191249999999999,-0.01971435546875,-0.019705372182115148,-8.9832866348518725e-06
1.1192500000000001,-0.01507568359375,-0.015077928237061798,2.2446433117981335e-06
1.119375,-0.008148193359375,-0.0081578752496164007,9.6818902414006619e-06
1.1194999999999999,0,3.8833183939317113e-07,-3.8833183939317113e-07
1.1196250000000001,0.008148193359375,0.008154531824218228,-6.3384648432279755e-06
1.11975,0.01507568359375,0.015063472639276879,1.2210954473120678e-05
1.119875,0.019683837890625,0.019676272083892239,7.5658067327614986e-06
1.1200000000000001,0.02130126953125,0.021291996275891033,9.2732553589672251e-06
1.120125,0.0196533203125,0.019666225387420855,-1.2905074920854798e-05
1.12025,0.015045166015625,0.015048026864203347,-2.8608485783468418e-06
1.1203749999999999,0.008148193359375,0.0081417999469124511,6.3934124625488614e-06
1.1205000000000001,0,-1.6357440139072863e-07,1.6357440139072863e-07
1.120625,-0.008148193359375,-0.0081380151704175587,-1.0178188957441284e-05
1.1207499999999999,-0.015045166015625,-0.015033151923468475,-1.2014092156524894e-05
1.1208750000000001,-0.019622802734375,-0.019636734915680108,1.3932181305107566e-05
1.121,-0.021240234375,-0.021249230742866439,8.9963678664393976e-06
1.1211249999999999,-0.019622802734375,-0.019626707950536445,3.9052161614448744e-06
1.1212500000000001,-0.0150146484375,-0.015017736377202788,3.0879397027883809e-06
1.121375,-0.00811767578125,-0.008125307905965086,7.6321247150859528e-06
1.1214999999999999,0,3.8812238912830982e-07,-3.8812238912830982e-07
1.1216250000000001,0.00811767578125,0.0081219803731241887,-4.3045918741886624e-06
1.12175,0.0150146484375,0.015003340644661941,1.1307792838059424e-05
1.121875,0.01959228515625,0.019597725599099832,-5.4404428498321111e-06
1.1220000000000001,0.021209716796875,0.021206999512042031,2.7172848329690136e-06
1.122125,0.01959228515625,0.019587718326536548,4.5668297134517088e-06
1.12225,0.014984130859375,0.014987955268083017,-3.8244087080165773e-06
1.1223749999999999,0.00811767578125,0.0081092976739977219,8.3781072522780969e-06
1.1225000000000001,0,-1.6336358486415199e-07,1.6336358486415199e-07
1.122625,-0.00811767578125,-0.0081055287550093752,-1.2147026240624803e-05
1.1227499999999999,-0.014984130859375,-0.014973140070458383,-1.0990788916616714e-05
1.1228750000000001,-0.019561767578125,-0.019558345364959737,-3.4222131652626719e-06
1.123,-0.02117919921875,-0.021164403801337342,-1.4795417412657996e-05
1.1231249999999999,-0.019561767578125,-0.019548357746320345,-1.3409831804655353e-05
1.1232500000000001,-0.01495361328125,-0.014957784804533435,4.1715232834346749e-06
1.123375,-0.008087158203125,-0.0080928705737733173,5.7123706483173248e-06
1.1234999999999999,0,3.8791021271274764e-07,-3.8791021271274764e-07
1.1236250000000001,0.008087158203125,0.0080895588634647114,-2.4006603397113552e-06
1.12375,0.01495361328125,0.014943448693218007,1.0164588031992897e-05
1.123875,0.01953125,0.019519492668900826,1.1757331099173512e-05
1.1240000000000001,0.0211181640625,0.021122342053530273,-4.1779910302727763e-06
1.124125,0.019500732421875,0.019509524665589938,-8.792243714937642e-06
1.12425,0.014923095703125,0.014928123479056926,-5.0277759319258125e-06
1.1243749999999999,0.008087158203125,0.0080769251527749164,1.0233050350083595e-05
1.1245000000000001,0,-1.6315005475833151e-07,1.6315005475833151e-07
1.124625,-0.008087158203125,-0.0080731720214212033,-1.398618170379666e-05
1.1247499999999999,-0.014923095703125,-0.014913367781014729,-9.7279221102711255e-06
1.1248750000000001,-0.01947021484375,-0.019480268742357892,1.0053898607892409e-05
1.125,-0.021087646484375,-0.021079915487218274,-7.730997156726177e-06
1.1251249999999999,-0.01947021484375,-0.01947032031587061,1.0547212061021161e-07
1.1252500000000001,-0.014892578125,-0.014898072559822142,5.4944348221418193e-06
1.125375,-0.008056640625,-0.0080605627340337212,3.9221090337212411e-06
1.1254999999999999,0,3.8769533524973811e-07,-3.8769533524973811e-07
1.1256250000000001,0.008056640625,0.0080572667765293864,-6.2615152938635954e-07
1.12575,0.014892578125,0.014883795826707727,8.7822982922734077e-06
1.125875,0.019439697265625,0.01944157204159716,-1.8747759721604584e-06
1.1259999999999999,0.021026611328125,0.021038022545855826,-1.141121773082579e-05
1.126125,0.019439697265625,0.019431643153489456,8.0541121355443002e-06
1.12625,0.014862060546875,0.014868530539810037,-6.469992935036542e-06
1.1263749999999999,0.008056640625,0.008044681865264823,1.195875973517696e-05
1.1265000000000001,0,-1.6293383609792329e-07,1.6293383609792329e-07
1.126625,-0.008026123046875,-0.0080409444519789815,1.4821405103981541e-05
1.1267499999999999,-0.014862060546875,-0.014853834098828268,-8.2264480467317269e-06
1.1268750000000001,-0.0194091796875,-0.019402503798677383,-6.6758888226173263e-06
1.127,-0.02099609375,-0.020995764448715565,-3.2930128443520168e-07
1.1271249999999999,-0.019378662109375,-0.019392594410595366,1.3932301220365845e-05
1.1272500000000001,-0.01483154296875,-0.014838598687666597,7.0557189165969952e-06
1.127375,-0.008026123046875,-0.008028383869784295,2.2608229092949822e-06
1.1274999999999999,0,3.8747778168555551e-07,-3.8747778168555551e-07
1.1276250000000001,0.008026123046875,0.008025103595678441,1.0194511965589542e-06
1.12775,0.01483154296875,0.014824381090718954,7.1618780310457597e-06
1.127875,0.019378662109375,0.019363962470487495,1.4699638887505362e-05
1.1279999999999999,0.020965576171875,0.020954039639925866,1.1536531949133538e-05
1.128125,0.01934814453125,0.019354072544137915,-5.9280128879152238e-06
1.12825,0.014801025390625,0.014809175496848927,-8.1501062239273947e-06
1.1283749999999999,0.008026123046875,0.0080125672955560483,1.3555751318951662e-05
1.1285000000000001,0,-1.6271495375103142e-07,1.6271495375103142e-07
1.128625,-0.00799560546875,-0.0080088455310751532,1.3240062325153151e-05
1.1287499999999999,-0.014801025390625,-0.014794538071386932,-6.4873192380677375e-06
1.1288750000000001,-0.019317626953125,-0.019325049289707741,7.4223365827408294e-06
1.129,-0.020904541015625,-0.020911949339431874,7.4083238068740898e-06
1.1291249999999999,-0.019317626953125,-0.01931517878688711,-2.4481662378901536e-06
1.1292500000000001,-0.0147705078125,-0.014779362236478457,8.854423978457357e-06
1.129375,-0.00799560546875,-0.0079963334661533447,7.2799740334465735e-07
1.1294999999999999,0,3.8725757681034777e-07,-3.8725757681034777e-07
1.1296250000000001,0.00799560546875,0.0079930688063344548,2.5366624155451906e-06
1.12975,0.0147705078125,0.014765203534649511,5.304277850488523e-06
1.129875,0.019287109375,0.019286662713843654,4.4666115634611758e-07
1.1299999999999999,0.0208740234375,0.020870391992033138,3.6314454668617824e-06
1.130125,0.019287109375,0.019276811596412514,1.029777858748554e-05
1.13025,0.014739990234375,0.014750057400486551,-1.0067166111550618e-05
1.1303749999999999,0.00799560546875,0.0079805809297967632,1.5024538953236841e-05
1.1305000000000001,0,-1.6249343243005862e-07,1.6249343243005862e-07
1.130625,-0.007965087890625,-0.0079768747451603901,1.1786854535390107e-05
1.1307499999999999,-0.014739990234375,-0.014735478749987808,-4.5114843871922605e-06
1.1308750000000001,-0.019256591796875,-0.01924790397620537,-8.6878206696297533e-06
1.131,-0.020843505859375,-0.020828468818344648,-1.5037041030351722e-05
1.1311249999999999,-0.01922607421875,-0.019238072206102796,1.1997987352796446e-05
1.1312500000000001,-0.01470947265625,-0.014720362258468159,1.0889602218159058e-05
1.131375,-0.007965087890625,-0.0079644110103157303,-6.7688030926972564e-07
1.1315,0,3.8703474525898493e-07,-3.8703474525898493e-07
1.1316250000000001,0.007965087890625,0.0079611618959741521,3.9259946508479054e-06
1.13175,0.01470947265625,0.014706262211691953,3.2104445580466434e-06
1.131875,0.019195556640625,0.019209671534905291,-1.4114894280291279e-05
1.1319999999999999,0.020782470703125,0.020787078263834437,-4.607560709437436e-06
1.132125,0.019195556640625,0.019199859074145037,-4.3024335200370079e-06
1.13225,0.014678955078125,0.01469117530482702,-1.222022670202029e-05
1.1323749999999999,0.0079345703125,0.0079487222561864732,-1.4151943686473156e-05
1.1325000000000001,0,-1.6226928724918306e-07,1.6226928724918306e-07
1.132625,-0.0079345703125,-0.007945031582735405,1.0461270235405037e-05
1.1327499999999999,-0.014678955078125,-0.014676655189715145,-2.2998884098551081e-06
1.1328750000000001,-0.0191650390625,-0.019171066623873662,6.0275613736615608e-06
1.133,-0.020751953125,-0.02074532154978467,-6.6315752153302265e-06
1.1331249999999999,-0.0191650390625,-0.019161273434544063,-3.7656279559365735e-06
1.1332500000000001,-0.0146484375,-0.014661597809629728,1.3160309629728015e-05
1.133375,-0.0079345703125,-0.0079326159914935544,-1.9543210064455752e-06
1.1335,0,3.8680931151190468e-07,-3.8680931151190468e-07
1.1336250000000001,0.0079345703125,0.0079293823541201781,5.1879583798219303e-06
1.13375,0.0146484375,0.014647556178818435,8.8132118156517003e-07
1.133875,0.019134521484375,0.019132987701838241,1.5337825367590929e-06
1.1339999999999999,0.02069091796875,0.0207040971223292,-1.317915357920002e-05
1.134125,0.019134521484375,0.019123213746102027,1.1307738272972601e-05
1.13425,0.014617919921875,0.014632528267750499,-1.4608345875499404e-05
1.1343749999999999,0.007904052734375,0.0079169907649765253,-1.2938030601525319e-05
1.1345000000000001,0,-1.620425615363778e-07,1.620425615363778e-07
1.134625,-0.007904052734375,-0.0079133155343427426,9.2627999677425549e-06
1.1347499999999999,-0.014617919921875,-0.014618066449425223,1.4652755022347141e-07
1.1348750000000001,-0.01910400390625,-0.019094536003343279,-9.4679029067207265e-06
1.135,-0.020660400390625,-0.020662506203414695,2.1058127896954326e-06
1.1351249999999999,-0.019073486328125,-0.019084781243437463,1.1294915312463211e-05
1.1352500000000001,-0.014617919921875,-0.014603067949725681,-1.4851972149319131e-05
1.135375,-0.007904052734375,-0.0079009479009479883,-3.1048334270117328e-06
1.1355,0,3.8658129989595213e-07,-3.8658129989595213e-07
1.1356250000000001,0.007904052734375,0.0078977296723329402,6.3230620420597766e-06
1.13575,0.01458740234375,0.014589084496765619,-1.6821530156186509e-06
1.135875,0.01904296875,0.019056609987729428,-1.3641237729428157e-05
1.1359999999999999,0.0206298828125,0.020621447239838175,8.4355726618252913e-06
1.1361250000000001,0.01904296875,0.019046874385965119,-3.9056359651193362e-06
1.13625,0.01458740234375,0.014574115350898099,1.3286992851900895e-05
1.1363749999999999,0.00787353515625,0.0078853859484271475,-1.1850792177147546e-05
1.1365000000000001,0,-1.6181327006078716e-07,1.6181327006078716e-07
1.136625,-0.00787353515625,-0.0078817260925586382,8.1909363086381942e-06
1.1367499999999999,-0.014556884765625,-0.014559711591731335,2.8268261063352923e-06
1.1368750000000001,-0.019012451171875,-0.019018310890152493,5.8597182774934586e-06
1.137,-0.02056884765625,-0.020580021454208147,1.1173797958147214e-05
1.1371249999999999,-0.019012451171875,-0.019008594408914798,-3.8567629602019593e-06
1.1372500000000001,-0.014556884765625,-0.01454477174227199,-1.2113023353009858e-05
1.137375,-0.00787353515625,-0.0078694062319711218,-4.1289242788782043e-06
1.1375,0,3.8635073458521621e-07,-3.8635073458521621e-07
1.1376250000000001,0.00787353515625,0.0078662033441938475,7.3318120561525341e-06
1.13775,0.0145263671875,0.014530846230019649,-4.4790425196492012e-06
1.137875,0.01898193359375,0.018980537170563569,1.3964231864310728e-06
1.1379999999999999,0.020538330078125,0.020539127293982169,-7.9721585716924226e-07
1.1381250000000001,0.01898193359375,0.018970839772311406,1.1093821438594442e-05
1.13825,0.0145263671875,0.014515935619656896,1.0431567843104117e-05
1.1383749999999999,0.007843017578125,0.00785390730085158,-1.0889722726580009e-05
1.1385000000000001,0,-1.615814369204343e-07,1.615814369204343e-07
1.138625,-0.007843017578125,-0.0078502627519849121,7.2451738599120519e-06
1.1387499999999999,-0.014495849609375,-0.014501589682988741,5.7400736137407093e-06
1.1388750000000001,-0.018951416015625,-0.01894239006472757,-9.0259508974295521e-06
1.139,-0.0205078125,-0.020497865982427938,-9.9465175720618582e-06
1.1391249999999999,-0.0189208984375,-0.018932711711993563,1.1813274493562703e-05
1.1392500000000001,-0.014495849609375,-0.014486708254523072,-9.1413548519280602e-06
1.139375,-0.007843017578125,-0.0078379904798778714,-5.0270982471286446e-06
1.1395,0,3.8611763960186178e-07,-3.8611763960186178e-07
1.1396250000000001,0.007843017578125,0.0078348028653317681,8.2147127932318681e-06
1.13975,0.01446533203125,0.014472840446801191,-7.5084155511905004e-06
1.139875,0.018890380859375,0.018904768033203598,-1.4387173828598471e-05
1.1399999999999999,0.02044677734375,0.020457135967660908,-1.0358623910907555e-05
1.1401250000000001,0.018890380859375,0.018895108688593898,-4.7278292188979165e-06
1.14025,0.01446533203125,0.014457988143144942,7.3438881050581772e-06
1.1403749999999999,0.0078125,0.0078225543185731165,-1.0054318573116464e-05
1.1405000000000001,0,-1.6134708606183236e-07,1.6134708606183236e-07
1.140625,-0.0078125,-0.0078189250092408642,6.4250092408641574e-06
1.1407499999999999,-0.014434814453125,-0.014443699793279766,8.8853401547656086e-06
1.1408750000000001,-0.01885986328125,-0.018866772312363264,6.9090311132641302e-06
1.141,-0.020416259765625,-0.02041603847360534,-2.2129201966009093e-07
1.1411249999999999,-0.01885986328125,-0.018857131938557412,-2.7313426925884565e-06
1.1412500000000001,-0.014434814453125,-0.014428876557456905,-5.9378956680945089e-06
1.141375,-0.0078125,-0.0078067001419978924,-5.7998580021076385e-06
1.1415,0,3.8588202954204583e-07,-3.8588202954204583e-07
1.1416249999999999,0.0078125,0.007803527733354498,8.9722666455020056e-06
1.14175,0.014404296875,0.014415066219050497,-1.0769344050497176e-05
1.141875,0.018829345703125,0.018829301363371246,4.433975375403576e-08
1.1419999999999999,0.0203857421875,0.020375471949031942,1.0270238468057524e-05
1.1421250000000001,0.018829345703125,0.018819679923125585,9.6657799994147309e-06
1.14225,0.014404296875,0.014400271994196403,4.024880803596767e-06
1.1423749999999999,0.007781982421875,0.007791326499925766,-9.3440780507660429e-06
1.1425000000000001,0,-1.6111024128081039e-07,1.6111024128081039e-07
1.142625,-0.007781982421875,-0.0077877123629552314,5.729941080231428e-06
1.1427499999999999,-0.014373779296875,-0.014386040996398902,1.2261699523901867e-05
1.1428750000000001,-0.018798828125,-0.018791456423203397,-7.3717017966025422e-06
1.143,-0.02032470703125,-0.020334537618518944,9.8305872689441465e-06
1.1431249999999999,-0.018768310546875,-0.018781853879336761,1.3543332461760788e-05
1.1432500000000001,-0.014373779296875,-0.014371275725760134,-2.5035711148663903e-06
1.143375,-0.007781982421875,-0.0077755347176675423,-6.4477042074576746e-06
1.1435,0,3.8564394671341088e-07,-3.8564394671341088e-07
1.1436249999999999,0.007781982421875,0.0077723774479096369,9.6049739653630839e-06
1.14375,0.01434326171875,0.014357522622412598,-1.426090366259819e-05
1.143875,0.018768310546875,0.018754135953627578,1.4174593247422151e-05
1.1439999999999999,0.020294189453125,0.020294133931489697,5.5521635303201755e-08
1.1441250000000001,0.01873779296875,0.018744552269045901,-6.7593002959012716e-06
1.14425,0.01434326171875,0.014342786249346704,4.7546940329552811e-07
1.1443749999999999,0.00775146484375,0.0077602233452462345,-8.7585014962344998e-06
1.1445000000000001,0,-1.6087092622333454e-07,1.6087092622333454e-07
1.144625,-0.00775146484375,-0.0077566243137581646,5.1594700081645725e-06
1.1447499999999999,-0.01434326171875,-0.014328612369837991,-1.4649348912008919e-05
1.1448750000000001,-0.018707275390625,-0.018716441192221486,9.1658015964855843e-06
1.145,-0.020263671875,-0.020253362113173752,-1.0309761826247932e-05
1.1451249999999999,-0.018707275390625,-0.018706876329889412,-3.9906073558831912e-07
1.1452500000000001,-0.014312744140625,-0.014313904837813272,1.1606971882724415e-06
1.145375,-0.00775146484375,-0.007744493708221869,-6.9711355281309659e-06
1.1455,0,3.8540340537521427e-07,-3.8540340537521427e-07
1.1456249999999999,0.00775146484375,0.0077413515106164489,1.0113333133551089e-05
1.14575,0.014312744140625,0.014300208736222468,1.2535404402531578e-05
1.145875,0.0186767578125,0.018679270601353732,-2.5127888537319898e-06
1.1459999999999999,0.02020263671875,0.020213120613644504,-1.0483894894504353e-05
1.1461250000000001,0.0186767578125,0.018669724524322674,7.0332881773257916e-06
1.14625,0.0142822265625,0.014285529988817772,-3.3034263177723899e-06
1.1463749999999999,0.007720947265625,0.0077292443568659141,-8.2970912409141215e-06
1.1465000000000001,0,-1.6062916438632544e-07,1.6062916438632544e-07
1.146625,-0.007720947265625,-0.0077256603642647543,4.7130986397542901e-06
1.1467499999999999,-0.0142822265625,-0.014271412994771481,-1.0813567728518853e-05
1.1468750000000001,-0.018646240234375,-0.018641725419201463,-4.5148151735369124e-06
1.147,-0.020172119140625,-0.020172510658780264,3.9151815526411449e-07
1.147125,-0.018646240234375,-0.018632198090581312,-1.4042143793687595e-05
1.1472500000000001,-0.014251708984375,-0.01425676297567597,5.0539913009697846e-06
1.147375,-0.007720947265625,-0.0077135766169866317,-7.3706486383683101e-06
1.1475,0,3.8516042895015959e-07,-3.8516042895015959e-07
1.1476249999999999,0.007720947265625,0.0077104494250922343,1.0497840532765722e-05
1.14775,0.014251708984375,0.014243123643490341,8.5853408846592316e-06
1.147875,0.01861572265625,0.018604704108731655,1.101854751834469e-05
1.1479999999999999,0.0201416015625,0.020132430699301852,9.170863198147694e-06
1.1481250000000001,0.018585205078125,0.018595195491718716,-9.9904135937162186e-06
1.14825,0.01422119140625,0.014228502296503295,-7.3108902532946496e-06
1.1483749999999999,0.0076904296875,0.0076983890391029422,-7.9593516029421649e-06
1.1485000000000001,0,-1.6038497911847113e-07,1.6038497911847113e-07
1.148625,-0.0076904296875,-0.0076948200191010382,4.3903316010382443e-06
1.1487499999999999,-0.01422119140625,-0.014214441956041707,-6.7494502082928592e-06
1.1488750000000001,-0.0185546875,-0.018567307908718488,1.2620408718487519e-05
1.149,-0.02008056640625,-0.020091981961733736,1.1415555483736128e-05
1.149125,-0.0185546875,-0.01855781796656733,3.1304665673304033e-06
1.1492500000000001,-0.014190673828125,-0.014199849225078758,9.1753969537582136e-06
1.149375,-0.0076904296875,-0.0076827829492703455,-7.6467382296545316e-06
1.1495,0,3.8491504071312327e-07,-3.8491504071312327e-07
1.1496249999999999,0.0076904296875,0.0076796706969357873,1.0758990564212721e-05
1.14975,0.014190673828125,0.014186266430886997,4.4073972380025833e-06
1.149875,0.018524169921875,0.018530435282724918,-6.2653608499177449e-06
1.1499999999999999,0.020050048828125,0.020052062897441592,-2.0140693165922319e-06
1.1501250000000001,0.018524169921875,0.01852096397877619,3.2059430988100324e-06
1.15025,0.01416015625,0.01417170225995408,-1.1546009954080394e-05
1.1503749999999999,0.007659912109375,0.0076676568982542445,-7.7447888792445477e-06
1.1505000000000001,0,-1.6013839362103677e-07,1.6013839362103677e-07
1.150625,-0.007659912109375,-0.007664102784845082,4.1906754700820475e-06
1.1507499999999999,-0.01416015625,-0.014157698342144257,-2.4579078557428191e-06
1.1508750000000001,-0.01849365234375,-0.018493187470119805,-4.6487363019459549e-07
1.151,-0.02001953125,-0.020011774733593456,-7.7565164065436509e-06
1.151125,-0.01849365234375,-0.018483734767775657,-9.9175759743427849e-06
1.1512500000000001,-0.014129638671875,-0.014143162675382581,1.3524003507580512e-05
1.151375,-0.007659912109375,-0.0076521122123563859,-7.7998970186140756e-06
1.1515,0,3.8466726379196113e-07,-3.8466726379196113e-07
1.1516249999999999,0.007659912109375,0.0076490148337194988,1.0897275655501193e-05
1.1517500000000001,0.014129638671875,0.014129636188729183,2.4831458174390253e-09
1.151875,0.018463134765625,0.018456462935059679,6.6718305653211407e-06
1.1519999999999999,0.01995849609375,0.019972015922197304,-1.3519828447303844e-05
1.1521250000000001,0.0184326171875,0.018447028797797554,-1.4411610297554445e-05
1.15225,0.014129638671875,0.014115128970363449,1.4509701511551329e-05
1.1523749999999999,0.00762939453125,0.0076370474425876602,-7.6529113376602037e-06
1.1525000000000001,0,-1.5988943094866878e-07,1.5988943094866878e-07
1.152625,-0.00762939453125,-0.0076335081700531103,4.1136388031102686e-06
1.1527499999999999,-0.01409912109375,-0.014101181245213397,2.0601514633972889e-06
1.1528750000000001,-0.0184326171875,-0.018419362917505702,-1.325426999429849e-05
1.153,-0.019927978515625,-0.019931887691062154,3.9091754371542442e-06
1.153125,-0.018402099609375,-0.018409947308874762,7.8476994997619953e-06
1.1532500000000001,-0.01409912109375,-0.014086702419603048,-1.2418674146951955e-05
1.153375,-0.00762939453125,-0.0076215639154950856,-7.8306157549144079e-06
1.1535,0,3.8441712116831178e-07,-3.8441712116831178e-07
1.1536249999999999,0.00762939453125,0.0076184813449814686,1.0913186268531397e-05
1.1537500000000001,0.014068603515625,0.014073232010958645,-4.628495333645205e-06
1.153875,0.01837158203125,0.018382785882205616,-1.1203850955616296e-05
1.1539999999999999,0.0198974609375,0.019892288492835707,5.1724446642927024e-06
1.1541250000000001,0.01837158203125,0.018373388765826552,-1.8067345765523934e-06
1.15425,0.014068603515625,0.014058781522552705,9.8219930722946713e-06
1.1543749999999999,0.007598876953125,0.0076065601823340585,-7.6832292090584994e-06
1.1545000000000001,0,-1.5963811401019622e-07,1.5963811401019622e-07
1.154625,-0.007598876953125,-0.0076030356852431341,4.1587321181341119e-06
1.1547499999999999,-0.0140380859375,-0.014044889761007522,6.8038235075222608e-06
1.1548750000000001,-0.018341064453125,-0.018345833069710521,4.7686165855209683e-06
1.155,-0.019866943359375,-0.019852319555965437,-1.4623803409562902e-05
1.155125,-0.018341064453125,-0.018336454409275435,-4.610043849564982e-06
1.1552500000000001,-0.0140380859375,-0.014030467554370018,-7.6183831299817678e-06
1.155375,-0.007598876953125,-0.0075911375698958861,-7.7393832291139039e-06
1.1555,0,3.8416463567839499e-07,-3.8416463567839499e-07
1.1556249999999999,0.007598876953125,0.0075880697422093307,1.0807210915669309e-05
1.1557500000000001,0.014007568359375,0.014017052995153252,-9.4846357782518015e-06
1.155875,0.018310546875,0.018309402945357028,1.1439296429723023e-06
1.1559999999999999,0.019805908203125,0.019812879333736207,-6.9711306112073268e-06
1.1561250000000001,0.018310546875,0.018300042704629274,1.0504170370725929e-05
1.15625,0.014007568359375,0.014002659014956642,4.9093444183575391e-06
1.1563749999999999,0.007568359375,0.0075761946296795061,-7.8352546795060901e-06
1.1565000000000001,0,-1.5938446556942731e-07,1.5938446556942731e-07
1.156625,-0.007568359375,-0.00757268484288712,4.3254678871200089e-06
1.1567499999999999,-0.01397705078125,-0.013988822988894704,1.1772207644703686e-05
1.1568750000000001,-0.018280029296875,-0.018272596750283792,-7.4325465912079836e-06
1.157,-0.019775390625,-0.019773069055231383,-2.3215697686172765e-06
1.157125,-0.01824951171875,-0.018263254893097873,1.3743174347873033e-05
1.1572499999999999,-0.01397705078125,-0.013974457179925974,-2.5936013240256822e-06
1.157375,-0.007568359375,-0.0075608326887195319,-7.5266862804681048e-06
1.1575,0,3.8390983001380676e-07,-3.8390983001380676e-07
1.1576249999999999,0.007568359375,0.0075577795388657902,1.0579836134209757e-05
1.1577500000000001,0.013946533203125,0.013961098242474079,-1.456503934907892e-05
1.157875,0.01824951171875,0.018236312950413947,1.319876833605349e-05
1.1579999999999999,0.019744873046875,0.019733787174370448,1.1085872504552202e-05
1.1581250000000001,0.018218994140625,0.018226989440675332,-7.9953000503320271e-06
1.15825,0.013946533203125,0.013946760549615467,-2.2734649046673994e-07
1.1583749999999999,0.007537841796875,0.0075459502987574641,-8.1085018824641336e-06
1.1585000000000001,0,-1.5912850824594222e-07,1.5912850824594222e-07
1.158625,-0.007537841796875,-0.0075424551574031773,4.6133605281772905e-06
1.1587499999999999,-0.013946533203125,-0.013932980031838295,-1.3553171286704788e-05
1.1588750000000001,-0.0181884765625,-0.018199652787467949,1.1176224967948678e-05
1.159,-0.019683837890625,-0.019694134920870125,1.0297030245125238e-05
1.159125,-0.0181884765625,-0.0181903475891564,1.8710266563998212e-06
1.1592499999999999,-0.013916015625,-0.013918670400086179,2.6547750861787706e-06
1.159375,-0.007537841796875,-0.0075306487870702597,-7.1930098047403093e-06
1.1595,0,3.8365272672231011e-07,-3.8365272672231011e-07
1.1596249999999999,0.007537841796875,0.0075276102503307593,1.0231546544240723e-05
1.1597500000000001,0.013916015625,0.013905366857676722,1.0648767323278088e-05
1.159875,0.018157958984375,0.018163514727963383,-5.5557435883826778e-06
1.1599999999999999,0.0196533203125,0.019655010749281991,-1.6904367819911559e-06
1.1601250000000001,0.018157958984375,0.01815422780511906,3.731179255939826e-06
1.16025,0.013885498046875,0.013891085232135026,-5.5871852600256761e-06
1.1603749999999999,0.00750732421875,0.0075158267056410089,-8.502486891008923e-06
1.1605000000000001,0,-1.5887026451588224e-07,1.5887026451588224e-07
1.160625,-0.00750732421875,-0.00751234614514781,5.0219263978100448e-06
1.1607499999999999,-0.013885498046875,-0.013877359996376244,-8.1380504987557667e-06
1.1608750000000001,-0.01812744140625,-0.018127000014193335,-4.4139205666524073e-07
1.161,-0.019622802734375,-0.0196155158899536,-7.2868444213995687e-06
1.161125,-0.01812744140625,-0.01811773133094069,-9.7100753093104508e-06
1.1612499999999999,-0.01385498046875,-0.013863106322262552,8.1258535125517534e-06
1.161375,-0.00750732421875,-0.0075005853819880477,-6.7388367619523187e-06
1.1615,0,3.8339334820862148e-07,-3.8339334820862148e-07
1.1616249999999999,0.00750732421875,0.0074975613939270271,9.7628248229729084e-06
1.1617500000000001,0.01385498046875,0.013849857949090535,5.1225196594645306e-06
1.161875,0.018096923828125,0.018091007113260598,5.9167148644019563e-06
1.1619999999999999,0.019561767578125,0.019576548798066088,-1.4781219941088081e-05
1.1621250000000001,0.01806640625,0.018081756633780827,-1.5350383780827342e-05
1.16225,0.013824462890625,0.013835632171710632,-1.116928108563231e-05
1.1623749999999999,0.007476806640625,0.0074858233683350942,-9.0167277100941523e-06
1.1625000000000001,0,-1.5860975671273379e-07,1.5860975671273379e-07
1.162625,-0.007476806640625,-0.0074823573244081612,5.5506837831611686e-06
1.16275,-0.013824462890625,-0.013821961992632069,-2.5008979929307812e-06
1.1628750000000001,-0.01806640625,-0.018054637268038885,-1.1768981961115393e-05
1.163,-0.01953125,-0.019537210704595322,5.9607045953223581e-06
1.163125,-0.018035888671875,-0.018045404956597129,9.5162847221288982e-06
1.1632499999999999,-0.0137939453125,-0.01380776405742389,1.3818744923890444e-05
1.163375,-0.007476806640625,-0.0074706419924490996,-6.1646481759004487e-06
1.1635,0,3.8313171673519399e-07,-3.8313171673519399e-07
1.1636249999999999,0.007476806640625,0.0074676324889041707,9.1741517208292905e-06
1.1637500000000001,0.0137939453125,0.013794570628604359,-6.2531610435859197e-07
1.163875,0.01800537109375,0.018018788946210468,-1.3417852460468477e-05
1.1639999999999999,0.019500732421875,0.019498400065349489,2.3323565255112255e-06
1.1641250000000001,0.01800537109375,0.018009574767128386,-4.2036733783855362e-06
1.16425,0.0137939453125,0.013780400481087383,1.3544831412616587e-05
1.1643749999999999,0.0074462890625,0.0074559398067688392,-9.6507442688392037e-06
1.1645000000000001,0,-1.5834700702811004e-07,1.5834700702811004e-07
1.164625,-0.0074462890625,-0.0074524882153943189,6.1991528943188684e-06
1.16475,-0.013763427734375,-0.0137667851342627,3.3573998877000494e-06
1.1648750000000001,-0.017974853515625,-0.017982563391227335,7.7098756023352699e-06
1.165,-0.01947021484375,-0.019459218111930257,-1.0996731819742922e-05
1.165125,-0.017974853515625,-0.017973367308910224,-1.4862067147757008e-06
1.1652499999999999,-0.013763427734375,-0.013752642720094282,-1.0785014280718236e-05
1.165375,-0.0074462890625,-0.007440818139325291,-5.4709231747090276e-06
1.1655,0,3.8286785442299569e-07,-3.8286785442299569e-07
1.1656249999999999,0.0074462890625,0.0074378230564308614,8.4660060691386235e-06
1.1657500000000001,0.01373291015625,0.013739504011652331,-6.5938554023314833e-06
1.165875,0.0179443359375,0.017946859071348908,-2.5231338489084543e-06
1.1659999999999999,0.0194091796875,0.019420563300770365,-1.1383613270365273e-05
1.1661250000000001,0.0179443359375,0.017937681050258353,6.6548872416465066e-06
1.16625,0.01373291015625,0.013725389276552301,7.5208796976988096e-06
1.1663749999999999,0.007415771484375,0.0074261755427878391,-1.0404058412839118e-05
1.1665000000000001,0,-1.5808203751252675e-07,1.5808203751252675e-07
1.166625,-0.007415771484375,-0.0074227383402316284,6.9668558566283664e-06
1.16675,-0.013702392578125,-0.013711828538469594,9.4359603445941242e-06
1.1668750000000001,-0.017913818359375,-0.017910777230603189,-3.0411287718114244e-06
1.167,-0.019378662109375,-0.019381536864094787,2.8747547197865986e-06
1.167125,-0.017913818359375,-0.017901617235284079,-1.2201124090921445e-05
1.1672499999999999,-0.013702392578125,-0.01369774142831388,-4.6511498111197203e-06
1.1673750000000001,-0.007415771484375,-0.0074111133454258255,-4.6581389491744812e-06
1.1675,0,3.8260178325228506e-07,-3.8260178325228506e-07
1.1676249999999999,0.007415771484375,0.0074081326195872153,7.6388647877847007e-06
1.1677500000000001,0.013671875,0.0136846572171997,-1.278221719970031e-05
1.167875,0.01788330078125,0.017875216337821059,8.0844434289413514e-06
1.1679999999999999,0.01934814453125,0.019343037258958327,5.107272291672571e-06
1.1681250000000001,0.017852783203125,0.017866074332877721,-1.3291129752721065e-05
1.16825,0.013671875,0.013670597677920216,1.2773220797838991e-06
1.1683749999999999,0.00738525390625,0.0073965301001465249,-1.1276193896524872e-05
1.1685000000000001,0,-1.5781486128882411e-07,1.5781486128882411e-07
1.168625,-0.00738525390625,-0.0073931072229530548,7.8533167030547801e-06
1.16875,-0.013671875,-0.013657091325978287,-1.4783674021712559e-05
1.1688750000000001,-0.017852783203125,-0.01783927763761432,-1.3505565510680412e-05
1.169,-0.019317626953125,-0.019304165718206749,-1.3461234918250853e-05
1.169125,-0.017822265625,-0.017830153587723947,7.8879627239472616e-06
1.1692499999999999,-0.013641357421875,-0.013643059303662415,1.7018817874154407e-06
1.1693750000000001,-0.00738525390625,-0.0073815271354566916,-3.7267707933084232e-06
1.1695,0,3.8233352506338118e-07,-3.8233352506338118e-07
1.1696249999999999,0.00738525390625,0.0073785607033571418,6.6932028928582202e-06
1.1697500000000001,0.013641357421875,0.013630029367728769,1.1328054146230587e-05
1.169875,0.017791748046875,0.017803859599376325,-1.2111552501324618e-05
1.1699999999999999,0.019256591796875,0.019265820699514449,-9.2289026394493101e-06
1.1701250000000001,0.017791748046875,0.017794753469285426,-3.0054224104264504e-06
1.17025,0.01361083984375,0.013616024808519674,-5.1849647696739637e-06
1.1703749999999999,0.007354736328125,0.0073670030045005367,-1.2266676375536668e-05
1.1705000000000001,0,-1.5754551773742209e-07,1.5754551773742209e-07
1.170625,-0.007354736328125,-0.007363594389491566,8.8580613665659516e-06
1.17075,-0.01361083984375,-0.013602572621024326,-8.2672227256740116e-06
1.1708750000000001,-0.01776123046875,-0.017768063468293589,6.8329995435885416e-06
1.171,-0.01922607421875,-0.019227103436345528,1.0292175955280147e-06
1.171125,-0.01776123046875,-0.017758975222817896,-2.2552459321041607e-06
1.1712499999999999,-0.013580322265625,-0.013588595471220028,8.2732055950284628e-06
1.1713750000000001,-0.007354736328125,-0.0073520590360212816,-2.6772921037183581e-06
1.1715,0,3.8206310155743105e-07,-3.8206310155743105e-07
1.1716249999999999,0.007354736328125,0.0073491068346207659,5.6294935042340566e-06
1.1717500000000001,0.013580322265625,0.013575619589224833,4.7026764001673049e-06
1.171875,0.017730712890625,0.017732787714329786,-2.0748237047861495e-06
1.1719999999999999,0.019195556640625,0.019188912386991473,6.6442536335274693e-06
1.1721250000000001,0.017730712890625,0.017723717318354069,6.9955722709312551e-06
1.17225,0.0135498046875,0.013561669795178911,-1.1865107678910719e-05
1.1723749999999999,0.00732421875,0.0073375937834071897,-1.3375033407189707e-05
1.1725000000000001,0,-1.5727401966759659e-07,1.5727401966759659e-07
1.172625,-0.00732421875,-0.0073341993676725474,9.9806176725473691e-06
1.17275,-0.0135498046875,-0.013548271551339254,-1.5331361607456157e-06
1.1728749999999999,-0.0177001953125,-0.017697133583237185,-3.0617292628154491e-06
1.173,-0.0191650390625,-0.019150348785532269,-1.4690276967731231e-05
1.173125,-0.0177001953125,-0.017688081001718477,-1.2114310781522614e-05
1.1732499999999999,-0.013519287109375,-0.013534349059559551,1.5061950184551073e-05
1.1733750000000001,-0.00732421875,-0.007322708575612835,-1.5101743871650045e-06
1.1735,0,3.8179053429717289e-07,-3.8179053429717289e-07
1.1736249999999999,0.00732421875,0.0073197705421468489,4.4482078531511357e-06
1.1737500000000001,0.013519287109375,0.013521427011162193,-2.1399017871934906e-06
1.173875,0.017669677734375,0.017661999545557472,7.678188817528131e-06
1.1739999999999999,0.01910400390625,0.019112311090874027,-8.3071846240269365e-06
1.1741250000000001,0.01763916015625,0.0176529647435116,-1.3804587261599666e-05
1.17425,0.013519287109375,0.01350753176821189,1.1755341163110361e-05
1.1743749999999999,0.007293701171875,0.0073083019662856623,-1.4600794410662282e-05
1.1745000000000001,0,-1.5700038857316609e-07,1.5700038857316609e-07
1.174625,-0.007293701171875,-0.00730492168720625,1.1220515331250049e-05
1.17475,-0.01348876953125,-0.01349418724813666,5.4177168866600262e-06
1.1748749999999999,-0.01763916015625,-0.017626486847599751,-1.267330865024896e-05
1.175,-0.019073486328125,-0.019073900537710138,4.1420958513810335e-07
1.175125,-0.017608642578125,-0.017617469790124504,8.8272119995042031e-06
1.1752499999999999,-0.01348876953125,-0.01348031920073259,-8.4503305174104398e-06
1.1753750000000001,-0.007293701171875,-0.0072934752846068743,-2.2588726812568932e-07
1.1755,0,3.8151584470769524e-07,-3.8151584470769524e-07
1.1756249999999999,0.007293701171875,0.0072905513565852485,3.1498152897515425e-06
1.1757500000000001,0.013458251953125,0.013467450766490247,-9.1988133652468745e-06
1.175875,0.017578125,0.017591493960474758,-1.3368960474758468e-05
1.1759999999999999,0.01904296875,0.019036015585558903,6.9531644410966709e-06
1.1761250000000001,0.017578125,0.017582494612723175,-4.369612723174876e-06
1.17625,0.013458251953125,0.013453609861404373,4.6420917206267676e-06
1.1763749999999999,0.007293701171875,0.0072791270844578997,1.4574087417100305e-05
1.1765000000000001,0,-1.5672464581067793e-07,1.5672464581067793e-07
1.176625,-0.00726318359375,-0.0072757608796802592,1.2577285930259231e-05
1.17675,-0.013427734375,-0.013440318846098266,1.2584471098265812e-05
1.1768749999999999,-0.017547607421875,-0.017556122131052877,8.5147091778772777e-06
1.177,-0.019012451171875,-0.018997757469724676,-1.4693702150323645e-05
1.177125,-0.017547607421875,-0.017547140458262944,-4.6696361205578185e-07
1.1772499999999999,-0.013427734375,-0.013426505030255611,-1.2293447443894462e-06
1.1773750000000001,-0.00726318359375,-0.0072643586952537073,1.1751015037073098e-06
1.1775,0,3.8123904544659587e-07,-3.8123904544659587e-07
1.1776249999999999,0.00726318359375,0.0072614488104594116,1.7347832905884042e-06
1.1777500000000001,0.013427734375,0.013413689991619581,1.404438338041894e-05
1.177875,0.01751708984375,0.017521269831018246,-4.1799872682463102e-06
1.1779999999999999,0.018951416015625,0.018960024650335503,-8.6086347105031324e-06
1.1781250000000001,0.01751708984375,0.01751230579847303,4.7840452769704056e-06
1.17825,0.013397216796875,0.013399903212000066,-2.6864151250662743e-06
1.178375,0.00726318359375,0.0072500686711087833,1.3114922641216734e-05
1.1785000000000001,0,-1.5644681260016083e-07,1.5644681260016083e-07
1.178625,-0.007232666015625,-0.007246716478552016,1.4050462927015991e-05
1.17875,-0.013397216796875,-0.013386665483360094,-1.0551313514906013e-05
1.1788749999999999,-0.017486572265625,-0.017486038307793658,-5.3395783134249641e-07
1.179,-0.0189208984375,-0.018921918363304247,1.0199258042471737e-06
1.179125,-0.017486572265625,-0.01747709188087079,-9.4803847542103414e-06
1.1792499999999999,-0.01336669921875,-0.013372905687096107,6.2064683461066084e-06
1.1793750000000001,-0.007232666015625,-0.0072353583416709362,2.6923260459362289e-06
1.1795,0,3.8096017496157148e-07,-3.8096017496157148e-07
1.1796249999999999,0.007232666015625,0.0072324624381588905,2.0357746610948774e-07
1.1797500000000001,0.01336669921875,0.013360143826408198,6.5553923418015109e-06
1.179875,0.0174560546875,0.017451326033627736,4.7286538722643434e-06
1.1799999999999999,0.018890380859375,0.018884337069366267,6.0437900087327578e-06
1.1801250000000001,0.0174560546875,0.017442397177749723,1.3657509750276964e-05
1.18025,0.013336181640625,0.013346410960686825,-1.0229320061824754e-05
1.180375,0.007232666015625,0.0072211262612867705,1.1539754338229548e-05
1.1805000000000001,0,-1.5616691002587518e-07,1.5616691002587518e-07
1.180625,-0.007232666015625,-0.0072177880191413276,-1.4877996483672433e-05
1.18075,-0.013336181640625,-0.013333226301498673,-2.9553391263266449e-06
1.1808749999999999,-0.017425537109375,-0.017416234256503415,-9.3028528715850822e-06
1.181,-0.01885986328125,-0.018846382005040515,-1.3481276209485055e-05
1.181125,-0.01739501953125,-0.017407322937177092,1.2303405927092254e-05
1.1812499999999999,-0.0133056640625,-0.013319520313658854,1.3856251158853722e-05
1.1813750000000001,-0.0072021484375,-0.007206473759836002,4.3253223360019757e-06
1.1815,0,3.8067924560409125e-07,-3.8067924560409125e-07
1.1816249999999999,0.0072021484375,0.0072035917759319052,-1.4433384319051737e-06
1.1817500000000001,0.0133056640625,0.013306811414147728,-1.1473516477282508e-06
1.181875,0.01739501953125,0.017381661449228231,1.3358082021769357e-05
1.1819999999999999,0.018798828125,0.018808951631667237,-1.0123506667236715e-05
1.1821250000000001,0.017364501953125,0.017372767632015011,-8.265678890010536e-06
1.18225,0.0133056640625,0.013293132251582887,1.2531810917112626e-05
1.182375,0.0072021484375,0.0071922993918964312,9.8490456035688068e-06
1.1825000000000001,0,-1.5588495903705878e-07,1.5588495903705878e-07
1.182625,-0.0072021484375,-0.0071889750386229592,-1.3173398877040776e-05
1.18275,-0.013275146484375,-0.013280000445517309,4.8539611423089463e-06
1.1828749999999999,-0.017333984375,-0.017346708860343042,1.2724485343042213e-05
1.1830000000000001,-0.018768310546875,-0.018771147186369054,2.8366394940540496e-06
1.183125,-0.017333984375,-0.01733783251088503,3.8481358850296632e-06
1.1832499999999999,-0.013275146484375,-0.013266348055772139,-8.7984286028606334e-06
1.1833750000000001,-0.007171630859375,-0.0071777044875787595,6.0736282037595138e-06
1.1835,0,3.803962782561607e-07,-3.803962782561607e-07
1.1836249999999999,0.007171630859375,0.0071748363618779109,-3.2055025029108578e-06
1.1837500000000001,0.01324462890625,0.01325369190154973,-9.0629952997304392e-06
1.183875,0.017303466796875,0.017312274963212051,-8.8081663370508101e-06
1.1839999999999999,0.01873779296875,0.018733867131088679,3.9258376613206247e-06
1.1841250000000001,0.017303466796875,0.017303416047205724,5.0749669276012321e-08
1.18425,0.01324462890625,0.013240066232223202,4.5626740267975391e-06
1.184375,0.007171630859375,0.0071635876016910537,8.0432576839463421e-06
1.1845000000000001,0,-1.5560098044866859e-07,1.5560098044866859e-07
1.184625,-0.007171630859375,-0.0071602770760113565,-1.1353783363643455e-05
1.18475,-0.013214111328125,-0.013226987063832395,1.2875735707395045e-05
1.1848749999999999,-0.01727294921875,-0.017277461006931807,4.5117881818067251e-06
1.1850000000000001,-0.018707275390625,-0.018696212703550003,-1.1062687074996774e-05
1.185125,-0.01727294921875,-0.017268619490154003,-4.3297285959968679e-06
1.1852499999999999,-0.013214111328125,-0.013213388062674141,-7.2326545085855953e-07
1.1853750000000001,-0.00714111328125,-0.0071490500645740845,7.9367833240844704e-06
1.1855,0,3.80111293665874e-07,-3.80111293665874e-07
1.1856249999999999,0.00714111328125,0.0071461957359402134,-5.0824546902134352e-06
1.1857500000000001,0.013214111328125,0.01320078443873203,1.3326889392969998e-05
1.185875,0.017242431640625,0.017243165465420984,-7.3382479598427253e-07
1.1859999999999999,0.018646240234375,0.018659082366295782,-1.2842131920782346e-05
1.1861250000000001,0.017242431640625,0.01723434131370271,8.0903269222901142e-06
1.18625,0.01318359375,0.013187212053545764,-3.6183035457635487e-06
1.186375,0.00714111328125,0.0071349904312652647,6.1228499847352721e-06
1.1865000000000001,0,-1.5531499494211932e-07,1.5531499494211932e-07
1.186625,-0.00714111328125,-0.0071316936721847399,-9.4196090652601261e-06
1.18675,-0.01318359375,-0.013174185308259796,-9.4084417402041237e-06
1.1868749999999999,-0.0172119140625,-0.01720848958832957,-3.424474170430486e-06
1.1870000000000001,-0.01861572265625,-0.018621577357648789,5.8547013987893248e-06
1.187125,-0.0172119140625,-0.017199682767581902,-1.2231294918098323e-05
1.1872499999999999,-0.013153076171875,-0.013160639486999292,7.5633151242916058e-06
1.1873750000000001,-0.007110595703125,-0.0071205100323345084,9.9143292095083685e-06
1.1875,0,3.7982431244815073e-07,-3.7982431244815073e-07
1.1876249999999999,0.007110595703125,0.007117669439898615,-7.0737367736150095e-06
1.1877500000000001,0.013153076171875,0.013148088179205136,4.9879926698644106e-06
1.187875,0.017181396484375,0.017174331850128503,7.0646342464966705e-06
1.1879999999999999,0.018585205078125,0.018584596140749442,6.0893737555828276e-07
1.1881250000000001,0.01715087890625,0.017165542326316448,-1.4663420066448468e-05
1.18825,0.01312255859375,0.013134568869878046,-1.2010276128045574e-05
1.188375,0.007110595703125,0.0071065074230476687,4.0882800773313008e-06
1.1884999999999999,0,-1.5502700618042201e-07,1.5502700618042201e-07
1.188625,-0.007110595703125,-0.0071032243698305134,-7.3713332944865678e-06
1.18875,-0.01312255859375,-0.013121594334001273,-9.6425974872686726e-07
1.1888749999999999,-0.01715087890625,-0.017139793501019032,-1.1085405230967793e-05
1.1890000000000001,-0.0185546875,-0.018547239954516979,-7.4475454830205678e-06
1.189125,-0.017120361328125,-0.017131021240190576,1.0659912065575511e-05
1.1892499999999999,-0.01312255859375,-0.013108101484764722,-1.4457108985278105e-05
1.1893750000000001,-0.007080078125,-0.0070920839342028851,1.2005809202885083e-05
1.1895,0,3.7953535508546881e-07,-3.7953535508546881e-07
1.1896249999999999,0.007080078125,0.0070892570173620743,-9.1788923620743021e-06
1.1897500000000001,0.013092041015625,0.013095602279852731,-3.5612642277308565e-06
1.189875,0.017120361328125,0.017105773016022129,1.4588312102870732e-05
1.1899999999999999,0.018524169921875,0.018510407262687111,1.3762659187888798e-05
1.1901250000000001,0.01708984375,0.017097017984269311,-7.174234269310964e-06
1.19025,0.013092041015625,0.013082135838923467,9.9051767015329029e-06
1.190375,0.007080078125,0.0070781381212935346,1.9400037064654443e-06
1.1904999999999999,0,-1.5473706841870424e-07,1.5473706841870424e-07
1.190625,-0.007080078125,-0.0070748687134694708,-5.2094115305292149e-06
1.19075,-0.0130615234375,-0.013069213299630974,7.6898621309742093e-06
1.1908749999999999,-0.017059326171875,-0.017071371645888105,1.2045474013105267e-05
1.1910000000000001,-0.018463134765625,-0.018473199304773157,1.0064539148157275e-05
1.191125,-0.017059326171875,-0.017062633809395284,3.3076375202840957e-06
1.1912499999999999,-0.0130615234375,-0.013055773215356767,-5.7502221432331746e-06
1.1913750000000001,-0.007049560546875,-0.0070637713153450746,1.4210768470074644e-05
1.1915,0,3.7924444192859197e-07,-3.7924444192859197e-07
1.1916249999999999,0.007049560546875,0.0070609580137613991,-1.139746688639913e-05
1.1917500000000001,0.013031005859375,0.013043325900942031,-1.2320041567030759e-05
1.191875,0.01702880859375,0.017037487866185773,-8.6792724357728779e-06
1.1919999999999999,0.0184326171875,0.018436514545103738,-3.8973576037375224e-06
1.1921250000000001,0.01702880859375,0.01702876719117798,4.1402572020093897e-08
1.19225,0.013031005859375,0.013029912121747913,1.0937376270867688e-06
1.192375,0.007049560546875,0.0070498820720774989,-3.2152520249885408e-07
1.1924999999999999,0,-1.5444518498887371e-07,1.5444518498887371e-07
1.192625,-0.007049560546875,-0.0070466262494406264,-2.9342974343735811e-06
1.19275,-0.013031005859375,-0.013017041367081959,-1.3964492293041392e-05
1.1928749999999999,-0.016998291015625,-0.017003222928212311,4.9319125873109604e-06
1.1930000000000001,-0.018402099609375,-0.018399454223783886,-2.6453855911136304e-06
1.193125,-0.016998291015625,-0.016994519381006518,-3.7716346184824001e-06
1.1932499999999999,-0.01300048828125,-0.013003653841517505,3.1655602675054184e-06
1.1933750000000001,-0.007049560546875,-0.0070355717227426739,-1.3988824132326119e-05
1.1935,0,3.7895159319729673e-07,-3.7895159319729673e-07
1.1936249999999999,0.00701904296875,0.0070327719763342723,-1.3729007584272271e-05
1.1937500000000001,0.01300048828125,0.012991258206074554,9.2300751754464255e-06
1.193875,0.0169677734375,0.016969475308082193,-1.701870582192927e-06
1.194,0.01837158203125,0.018362916805732762,8.6652255172382786e-06
1.1941250000000001,0.0169677734375,0.016960788855035897,6.9845824641028009e-06
1.19425,0.012969970703125,0.012977896882772207,-7.9261796472069462e-06
1.194375,0.00701904296875,0.0070217388232863042,-2.6958545363041722e-06
1.1944999999999999,0,-1.5415137604548392e-07,1.5415137604548392e-07
1.194625,-0.00701904296875,-0.0070184965258939585,-5.4644285604147497e-07
1.19475,-0.012969970703125,-0.012965077701632804,-4.8930014921958614e-06
1.1948749999999999,-0.016937255859375,-0.016935346257637266,-1.9096017377338848e-06
1.1950000000000001,-0.018341064453125,-0.018326003531644756,-1.5060921480243572e-05
1.195125,-0.016937255859375,-0.016926676865199542,-1.0578994175457906e-05
1.1952499999999999,-0.012939453125,-0.012951742529331357,1.2289404331356987e-05
1.1953750000000001,-0.00701904296875,-0.0070074847051857644,-1.1558263564235595e-05
1.1955,0,3.7865682898109281e-07,-3.7865682898109281e-07
1.1956249999999999,0.00701904296875,0.0070046984541489088,1.4344514601091242e-05
1.1957500000000001,0.012939453125,0.012939398362196613,5.4762803387495285e-08
1.195875,0.01690673828125,0.01690173425353551,5.0040277144898504e-06
1.196,0.018280029296875,0.018289612867027211,-9.5835701522106742e-06
1.1961250000000001,0.01690673828125,0.016893081888195775,1.3656393054225363e-05
1.19625,0.012939453125,0.012926089289735116,1.3363835264883911e-05
1.196375,0.006988525390625,0.0069937079246115714,-5.1825339865713832e-06
1.1964999999999999,0,-1.538556616131814e-07,1.538556616131814e-07
1.196625,-0.006988525390625,-0.0069904790927831674,1.9537021581673975e-06
1.19675,-0.012908935546875,-0.012913321471894243,4.3859250192426064e-06
1.1968749999999999,-0.016876220703125,-0.016867740548161262,-8.4801549637379681e-06
1.1970000000000001,-0.01824951171875,-0.018252846053161523,3.3343344115234486e-06
1.197125,-0.016845703125,-0.016859105176500175,1.3402051500174816e-05
1.1972499999999999,-0.012908935546875,-0.012900038448211776,-8.89709866322419e-06
1.1973750000000001,-0.006988525390625,-0.0069795098132656996,-9.0155773593003641e-06
1.1975,0,3.7836016923994139e-07,-3.7836016923994139e-07
1.1976249999999999,0.006988525390625,0.0069767369980504243,1.1788392574575701e-05
1.1977500000000001,0.01287841796875,0.012887745539580032,-9.3275708300324944e-06
1.197875,0.016845703125,0.016834263618713805,1.14395062861955e-05
1.198,0.018218994140625,0.018216601556140865,2.3925844841350685e-06
1.1981250000000001,0.016815185546875,0.016825645207352226,-1.0459660477225852e-05
1.19825,0.01287841796875,0.01287448851371553,3.9294550344699114e-06
1.198375,0.0069580078125,0.0069657889275425815,-7.7811150425814712e-06
1.1984999999999999,0,-1.5355806158742144e-07,1.5355806158742144e-07
1.1986250000000001,-0.0069580078125,-0.0069625735018584911,4.5656893584910749e-06
1.19875,-0.012847900390625,-0.012861771849790008,1.3871459165008468e-05
1.1988749999999999,-0.016815185546875,-0.016800404718117824,-1.4780828757176429e-05
1.1990000000000001,-0.0181884765625,-0.018179980617831295,-8.4959446687050966e-06
1.199125,-0.01678466796875,-0.016791803233767482,7.1352650174820453e-06
1.1992499999999999,-0.012847900390625,-0.012848540770887904,6.4038026290416661e-07
1.1993750000000001,-0.0069580078125,-0.006951646599367904,-6.3612131320960399e-06
1.1995,0,3.7806163380496879e-07,-3.7806163380496879e-07
1.1996249999999999,0.0069580078125,0.0069488871606846279,9.1206518153721244e-06
1.1997500000000001,0.012847900390625,0.01283629891180885,1.1601478816149896e-05
1.199875,0.016754150390625,0.016767062324111768,-1.2911933486767918e-05
